,datetime,instrument,score,exp_name,rid,weight,real_label,error,abs_error
0,2026-08-28,SH600000,0.0008919707218778684,EXP_CatBoostModel_Alpha158_csi300_custom_step0_s_20260830_19,9096a3a8a34346fb8e4f5f588bf26af6,0.008,,,
1,2026-08-28,SZ000617,-0.018221383914351463,EXP_LinearModel_Alpha158_csi300_custom_step0_s_20260830_16,2d7725e4747643ac97b43472eee0f43a,0.072,,,
2,2026-08-28,SZ000596,-0.03101247549057007,EXP_LinearModel_Alpha158_csi300_custom_step0_s_20260830_16,2d7725e4747643ac97b43472eee0f43a,0.072,,,
3,2026-08-28,SZ000568,-0.044891249388456345,EXP_LinearModel_Alpha158_csi300_custom_step0_s_20260830_16,2d7725e4747643ac97b43472eee0f43a,0.072,,,
4,2026-08-28,SZ000538,-0.015050789341330528,EXP_LinearModel_Alpha158_csi300_custom_step0_s_20260830_16,2d7725e4747643ac97b43472eee0f43a,0.072,,,
5,2026-08-28,SZ000425,-0.012006159871816635,EXP_LinearModel_Alpha158_csi300_custom_step0_s_20260830_16,2d7725e4747643ac97b43472eee0f43a,0.072,,,
6,2026-08-28,SZ000408,-0.027774538844823837,EXP_LinearModel_Alpha158_csi300_custom_step0_s_20260830_16,2d7725e4747643ac97b43472eee0f43a,0.072,,,
7,2026-08-28,SZ000625,-0.02634156122803688,EXP_LinearModel_Alpha158_csi300_custom_step0_s_20260830_16,2d7725e4747643ac97b43472eee0f43a,0.072,,,
8,2026-08-28,SZ000338,-0.040199488401412964,EXP_LinearModel_Alpha158_csi300_custom_step0_s_20260830_16,2d7725e4747643ac97b43472eee0f43a,0.072,,,
9,2026-08-28,SZ000301,-0.05985470488667488,EXP_LinearModel_Alpha158_csi300_custom_step0_s_20260830_16,2d7725e4747643ac97b43472eee0f43a,0.072,,,
10,2026-08-28,SZ000166,0.031709618866443634,EXP_LinearModel_Alpha158_csi300_custom_step0_s_20260830_16,2d7725e4747643ac97b43472eee0f43a,0.072,,,
11,2026-08-28,SZ000157,0.014836139976978302,EXP_LinearModel_Alpha158_csi300_custom_step0_s_20260830_16,2d7725e4747643ac97b43472eee0f43a,0.072,,,
12,2026-08-28,SZ000100,0.0037983711808919907,EXP_LinearModel_Alpha158_csi300_custom_step0_s_20260830_16,2d7725e4747643ac97b43472eee0f43a,0.072,,,
13,2026-08-28,SZ000063,-0.03267321735620499,EXP_LinearModel_Alpha158_csi300_custom_step0_s_20260830_16,2d7725e4747643ac97b43472eee0f43a,0.072,,,
14,2026-08-28,SZ000002,-0.0037586181424558163,EXP_LinearModel_Alpha158_csi300_custom_step0_s_20260830_16,2d7725e4747643ac97b43472eee0f43a,0.072,,,
15,2026-08-28,SZ000333,-0.04357936233282089,EXP_LinearModel_Alpha158_csi300_custom_step0_s_20260830_16,2d7725e4747643ac97b43472eee0f43a,0.072,,,
16,2026-08-28,SZ000630,-0.0434526763856411,EXP_LinearModel_Alpha158_csi300_custom_step0_s_20260830_16,2d7725e4747643ac97b43472eee0f43a,0.072,,,
17,2026-08-28,SZ000651,0.02535327896475792,EXP_LinearModel_Alpha158_csi300_custom_step0_s_20260830_16,2d7725e4747643ac97b43472eee0f43a,0.072,,,
18,2026-08-28,SZ000657,-0.05889781937003136,EXP_LinearModel_Alpha158_csi300_custom_step0_s_20260830_16,2d7725e4747643ac97b43472eee0f43a,0.072,,,
19,2026-08-28,SZ001280,0.011248375289142132,EXP_LinearModel_Alpha158_csi300_custom_step0_s_20260830_16,2d7725e4747643ac97b43472eee0f43a,0.072,,,
20,2026-08-28,SZ000999,0.027915077283978462,EXP_LinearModel_Alpha158_csi300_custom_step0_s_20260830_16,2d7725e4747643ac97b43472eee0f43a,0.072,,,
21,2026-08-28,SZ000988,0.05105627700686455,EXP_LinearModel_Alpha158_csi300_custom_step0_s_20260830_16,2d7725e4747643ac97b43472eee0f43a,0.072,,,
22,2026-08-28,SZ000977,-0.06230224668979645,EXP_LinearModel_Alpha158_csi300_custom_step0_s_20260830_16,2d7725e4747643ac97b43472eee0f43a,0.072,,,
23,2026-08-28,SZ000975,-0.09273726493120193,EXP_LinearModel_Alpha158_csi300_custom_step0_s_20260830_16,2d7725e4747643ac97b43472eee0f43a,0.072,,,
24,2026-08-28,SZ000963,-0.032806310802698135,EXP_LinearModel_Alpha158_csi300_custom_step0_s_20260830_16,2d7725e4747643ac97b43472eee0f43a,0.072,,,
25,2026-08-28,SZ000938,-0.09053163230419159,EXP_LinearModel_Alpha158_csi300_custom_step0_s_20260830_16,2d7725e4747643ac97b43472eee0f43a,0.072,,,
26,2026-08-28,SZ000895,0.013201040215790272,EXP_LinearModel_Alpha158_csi300_custom_step0_s_20260830_16,2d7725e4747643ac97b43472eee0f43a,0.072,,,
27,2026-08-28,SZ000858,-0.06000630557537079,EXP_LinearModel_Alpha158_csi300_custom_step0_s_20260830_16,2d7725e4747643ac97b43472eee0f43a,0.072,,,
28,2026-08-28,SZ000807,-0.07697853446006775,EXP_LinearModel_Alpha158_csi300_custom_step0_s_20260830_16,2d7725e4747643ac97b43472eee0f43a,0.072,,,
29,2026-08-28,SZ000792,-0.038660548627376556,EXP_LinearModel_Alpha158_csi300_custom_step0_s_20260830_16,2d7725e4747643ac97b43472eee0f43a,0.072,,,
30,2026-08-28,SZ000776,0.015760675072669983,EXP_LinearModel_Alpha158_csi300_custom_step0_s_20260830_16,2d7725e4747643ac97b43472eee0f43a,0.072,,,
31,2026-08-28,SZ000768,0.00875676516443491,EXP_LinearModel_Alpha158_csi300_custom_step0_s_20260830_16,2d7725e4747643ac97b43472eee0f43a,0.072,,,
32,2026-08-28,SZ000725,-0.05223720520734787,EXP_LinearModel_Alpha158_csi300_custom_step0_s_20260830_16,2d7725e4747643ac97b43472eee0f43a,0.072,,,
33,2026-08-28,SZ000708,-0.036522142589092255,EXP_LinearModel_Alpha158_csi300_custom_step0_s_20260830_16,2d7725e4747643ac97b43472eee0f43a,0.072,,,
34,2026-08-28,SZ000001,0.03421799838542938,EXP_LinearModel_Alpha158_csi300_custom_step0_s_20260830_16,2d7725e4747643ac97b43472eee0f43a,0.072,,,
35,2026-08-28,SH688981,-0.026518065482378006,EXP_LinearModel_Alpha158_csi300_custom_step0_s_20260830_16,2d7725e4747643ac97b43472eee0f43a,0.072,,,
36,2026-08-28,SH688521,-0.01756863482296467,EXP_LinearModel_Alpha158_csi300_custom_step0_s_20260830_16,2d7725e4747643ac97b43472eee0f43a,0.072,,,
37,2026-08-28,SH688506,-0.029325120151042938,EXP_LinearModel_Alpha158_csi300_custom_step0_s_20260830_16,2d7725e4747643ac97b43472eee0f43a,0.072,,,
38,2026-08-28,SH603993,-0.06119188293814659,EXP_LinearModel_Alpha158_csi300_custom_step0_s_20260830_16,2d7725e4747643ac97b43472eee0f43a,0.072,,,
39,2026-08-28,SH603986,-0.019552109763026237,EXP_LinearModel_Alpha158_csi300_custom_step0_s_20260830_16,2d7725e4747643ac97b43472eee0f43a,0.072,,,
40,2026-08-28,SH603893,-0.009655037894845009,EXP_LinearModel_Alpha158_csi300_custom_step0_s_20260830_16,2d7725e4747643ac97b43472eee0f43a,0.072,,,
41,2026-08-28,SH603799,-0.05525783449411392,EXP_LinearModel_Alpha158_csi300_custom_step0_s_20260830_16,2d7725e4747643ac97b43472eee0f43a,0.072,,,
42,2026-08-28,SH603501,-0.012667039409279823,EXP_LinearModel_Alpha158_csi300_custom_step0_s_20260830_16,2d7725e4747643ac97b43472eee0f43a,0.072,,,
43,2026-08-28,SH603392,-0.01006010826677084,EXP_LinearModel_Alpha158_csi300_custom_step0_s_20260830_16,2d7725e4747643ac97b43472eee0f43a,0.072,,,
44,2026-08-28,SH603369,-0.0660746693611145,EXP_LinearModel_Alpha158_csi300_custom_step0_s_20260830_16,2d7725e4747643ac97b43472eee0f43a,0.072,,,
45,2026-08-28,SH603296,-0.03247611224651337,EXP_LinearModel_Alpha158_csi300_custom_step0_s_20260830_16,2d7725e4747643ac97b43472eee0f43a,0.072,,,
46,2026-08-28,SH603288,0.011047895066440105,EXP_LinearModel_Alpha158_csi300_custom_step0_s_20260830_16,2d7725e4747643ac97b43472eee0f43a,0.072,,,
47,2026-08-28,SH603260,0.027035776525735855,EXP_LinearModel_Alpha158_csi300_custom_step0_s_20260830_16,2d7725e4747643ac97b43472eee0f43a,0.072,,,
48,2026-08-28,SH603259,-0.08027751743793488,EXP_LinearModel_Alpha158_csi300_custom_step0_s_20260830_16,2d7725e4747643ac97b43472eee0f43a,0.072,,,
49,2026-08-28,SH603019,-0.008753886446356773,EXP_LinearModel_Alpha158_csi300_custom_step0_s_20260830_16,2d7725e4747643ac97b43472eee0f43a,0.072,,,
50,2026-08-28,SH601998,0.0407663993537426,EXP_LinearModel_Alpha158_csi300_custom_step0_s_20260830_16,2d7725e4747643ac97b43472eee0f43a,0.072,,,
51,2026-08-28,SH601995,-0.008552038110792637,EXP_LinearModel_Alpha158_csi300_custom_step0_s_20260830_16,2d7725e4747643ac97b43472eee0f43a,0.072,,,
52,2026-08-28,SH601988,0.05815216898918152,EXP_LinearModel_Alpha158_csi300_custom_step0_s_20260830_16,2d7725e4747643ac97b43472eee0f43a,0.072,,,
53,2026-08-28,SH605117,-0.048999104648828506,EXP_LinearModel_Alpha158_csi300_custom_step0_s_20260830_16,2d7725e4747643ac97b43472eee0f43a,0.072,,,
54,2026-08-28,SZ001391,-0.015232105739414692,EXP_LinearModel_Alpha158_csi300_custom_step0_s_20260830_16,2d7725e4747643ac97b43472eee0f43a,0.072,,,
55,2026-08-28,SH605499,-0.08713734149932861,EXP_LinearModel_Alpha158_csi300_custom_step0_s_20260830_16,2d7725e4747643ac97b43472eee0f43a,0.072,,,
56,2026-08-28,SH688009,-0.007902180776000023,EXP_LinearModel_Alpha158_csi300_custom_step0_s_20260830_16,2d7725e4747643ac97b43472eee0f43a,0.072,,,
57,2026-08-28,SH688472,-0.026881221681833267,EXP_LinearModel_Alpha158_csi300_custom_step0_s_20260830_16,2d7725e4747643ac97b43472eee0f43a,0.072,,,
58,2026-08-28,SH688396,-0.026812715455889702,EXP_LinearModel_Alpha158_csi300_custom_step0_s_20260830_16,2d7725e4747643ac97b43472eee0f43a,0.072,,,
59,2026-08-28,SH688303,-0.05156644433736801,EXP_LinearModel_Alpha158_csi300_custom_step0_s_20260830_16,2d7725e4747643ac97b43472eee0f43a,0.072,,,
60,2026-08-28,SH688271,-0.059680379927158356,EXP_LinearModel_Alpha158_csi300_custom_step0_s_20260830_16,2d7725e4747643ac97b43472eee0f43a,0.072,,,
61,2026-08-28,SH688256,-0.02364666573703289,EXP_LinearModel_Alpha158_csi300_custom_step0_s_20260830_16,2d7725e4747643ac97b43472eee0f43a,0.072,,,
62,2026-08-28,SH688223,-0.019217221066355705,EXP_LinearModel_Alpha158_csi300_custom_step0_s_20260830_16,2d7725e4747643ac97b43472eee0f43a,0.072,,,
63,2026-08-28,SH688183,-0.21026653051376343,EXP_LinearModel_Alpha158_csi300_custom_step0_s_20260830_16,2d7725e4747643ac97b43472eee0f43a,0.072,,,
64,2026-08-28,SH688126,-0.049059249460697174,EXP_LinearModel_Alpha158_csi300_custom_step0_s_20260830_16,2d7725e4747643ac97b43472eee0f43a,0.072,,,
65,2026-08-28,SH688111,-0.07144609093666077,EXP_LinearModel_Alpha158_csi300_custom_step0_s_20260830_16,2d7725e4747643ac97b43472eee0f43a,0.072,,,
66,2026-08-28,SH688082,-0.03638157993555069,EXP_LinearModel_Alpha158_csi300_custom_step0_s_20260830_16,2d7725e4747643ac97b43472eee0f43a,0.072,,,
67,2026-08-28,SH688072,0.007762407884001732,EXP_LinearModel_Alpha158_csi300_custom_step0_s_20260830_16,2d7725e4747643ac97b43472eee0f43a,0.072,,,
68,2026-08-28,SH688047,0.03074760176241398,EXP_LinearModel_Alpha158_csi300_custom_step0_s_20260830_16,2d7725e4747643ac97b43472eee0f43a,0.072,,,
69,2026-08-28,SH688041,0.0076480163261294365,EXP_LinearModel_Alpha158_csi300_custom_step0_s_20260830_16,2d7725e4747643ac97b43472eee0f43a,0.072,,,
70,2026-08-28,SH688036,-0.034555137157440186,EXP_LinearModel_Alpha158_csi300_custom_step0_s_20260830_16,2d7725e4747643ac97b43472eee0f43a,0.072,,,
71,2026-08-28,SH688012,-0.021765191107988358,EXP_LinearModel_Alpha158_csi300_custom_step0_s_20260830_16,2d7725e4747643ac97b43472eee0f43a,0.072,,,
72,2026-08-28,SH688008,-0.09952688962221146,EXP_LinearModel_Alpha158_csi300_custom_step0_s_20260830_16,2d7725e4747643ac97b43472eee0f43a,0.072,,,
73,2026-08-28,SH601985,0.0017012245953083038,EXP_LinearModel_Alpha158_csi300_custom_step0_s_20260830_16,2d7725e4747643ac97b43472eee0f43a,0.072,,,
74,2026-08-28,SZ001965,0.03073875606060028,EXP_LinearModel_Alpha158_csi300_custom_step0_s_20260830_16,2d7725e4747643ac97b43472eee0f43a,0.072,,,
75,2026-08-28,SZ002001,-0.023361098021268845,EXP_LinearModel_Alpha158_csi300_custom_step0_s_20260830_16,2d7725e4747643ac97b43472eee0f43a,0.072,,,
76,2026-08-28,SZ300413,-0.023100651800632477,EXP_LinearModel_Alpha158_csi300_custom_step0_s_20260830_16,2d7725e4747643ac97b43472eee0f43a,0.072,,,
77,2026-08-28,SZ300408,-0.07873903959989548,EXP_LinearModel_Alpha158_csi300_custom_step0_s_20260830_16,2d7725e4747643ac97b43472eee0f43a,0.072,,,
78,2026-08-28,SZ300394,-0.1683221459388733,EXP_LinearModel_Alpha158_csi300_custom_step0_s_20260830_16,2d7725e4747643ac97b43472eee0f43a,0.072,,,
79,2026-08-28,SZ300316,-0.05780922248959541,EXP_LinearModel_Alpha158_csi300_custom_step0_s_20260830_16,2d7725e4747643ac97b43472eee0f43a,0.072,,,
80,2026-08-28,SZ300308,-0.006360284052789211,EXP_LinearModel_Alpha158_csi300_custom_step0_s_20260830_16,2d7725e4747643ac97b43472eee0f43a,0.072,,,
81,2026-08-28,SZ300274,0.04766295477747917,EXP_LinearModel_Alpha158_csi300_custom_step0_s_20260830_16,2d7725e4747643ac97b43472eee0f43a,0.072,,,
82,2026-08-28,SZ300418,-0.032205358147621155,EXP_LinearModel_Alpha158_csi300_custom_step0_s_20260830_16,2d7725e4747643ac97b43472eee0f43a,0.072,,,
83,2026-08-28,SZ300251,-0.0037151009310036898,EXP_LinearModel_Alpha158_csi300_custom_step0_s_20260830_16,2d7725e4747643ac97b43472eee0f43a,0.072,,,
84,2026-08-28,SZ300122,-0.05208703875541687,EXP_LinearModel_Alpha158_csi300_custom_step0_s_20260830_16,2d7725e4747643ac97b43472eee0f43a,0.072,,,
85,2026-08-28,SZ300059,0.004843156784772873,EXP_LinearModel_Alpha158_csi300_custom_step0_s_20260830_16,2d7725e4747643ac97b43472eee0f43a,0.072,,,
86,2026-08-28,SZ300033,-0.027046071365475655,EXP_LinearModel_Alpha158_csi300_custom_step0_s_20260830_16,2d7725e4747643ac97b43472eee0f43a,0.072,,,
87,2026-08-28,SZ300015,-0.017820237204432487,EXP_LinearModel_Alpha158_csi300_custom_step0_s_20260830_16,2d7725e4747643ac97b43472eee0f43a,0.072,,,
88,2026-08-28,SZ300014,-0.005889418069273233,EXP_LinearModel_Alpha158_csi300_custom_step0_s_20260830_16,2d7725e4747643ac97b43472eee0f43a,0.072,,,
89,2026-08-28,SZ003816,-0.017978284507989883,EXP_LinearModel_Alpha158_csi300_custom_step0_s_20260830_16,2d7725e4747643ac97b43472eee0f43a,0.072,,,
90,2026-08-28,SZ300124,-0.011863191612064838,EXP_LinearModel_Alpha158_csi300_custom_step0_s_20260830_16,2d7725e4747643ac97b43472eee0f43a,0.072,,,
91,2026-08-28,SZ300433,-0.06181986629962921,EXP_LinearModel_Alpha158_csi300_custom_step0_s_20260830_16,2d7725e4747643ac97b43472eee0f43a,0.072,,,
92,2026-08-28,SZ300442,-0.07629763334989548,EXP_LinearModel_Alpha158_csi300_custom_step0_s_20260830_16,2d7725e4747643ac97b43472eee0f43a,0.072,,,
93,2026-08-28,SZ300450,-0.017017971724271774,EXP_LinearModel_Alpha158_csi300_custom_step0_s_20260830_16,2d7725e4747643ac97b43472eee0f43a,0.072,,,
94,2026-08-28,SZ301269,-0.06468948721885681,EXP_LinearModel_Alpha158_csi300_custom_step0_s_20260830_16,2d7725e4747643ac97b43472eee0f43a,0.072,,,
95,2026-08-28,SZ301236,-0.042849455028772354,EXP_LinearModel_Alpha158_csi300_custom_step0_s_20260830_16,2d7725e4747643ac97b43472eee0f43a,0.072,,,
96,2026-08-28,SZ301165,-0.14967702329158783,EXP_LinearModel_Alpha158_csi300_custom_step0_s_20260830_16,2d7725e4747643ac97b43472eee0f43a,0.072,,,
97,2026-08-28,SZ300999,-0.026460498571395874,EXP_LinearModel_Alpha158_csi300_custom_step0_s_20260830_16,2d7725e4747643ac97b43472eee0f43a,0.072,,,
98,2026-08-28,SZ300896,-0.04108403995633125,EXP_LinearModel_Alpha158_csi300_custom_step0_s_20260830_16,2d7725e4747643ac97b43472eee0f43a,0.072,,,
99,2026-08-28,SZ300866,-0.06248718127608299,EXP_LinearModel_Alpha158_csi300_custom_step0_s_20260830_16,2d7725e4747643ac97b43472eee0f43a,0.072,,,
100,2026-08-28,SZ300832,-0.06237590312957764,EXP_LinearModel_Alpha158_csi300_custom_step0_s_20260830_16,2d7725e4747643ac97b43472eee0f43a,0.072,,,
101,2026-08-28,SZ300803,-0.034736040979623795,EXP_LinearModel_Alpha158_csi300_custom_step0_s_20260830_16,2d7725e4747643ac97b43472eee0f43a,0.072,,,
102,2026-08-28,SZ300760,-0.03493265062570572,EXP_LinearModel_Alpha158_csi300_custom_step0_s_20260830_16,2d7725e4747643ac97b43472eee0f43a,0.072,,,
103,2026-08-28,SZ300750,-0.05472736805677414,EXP_LinearModel_Alpha158_csi300_custom_step0_s_20260830_16,2d7725e4747643ac97b43472eee0f43a,0.072,,,
104,2026-08-28,SZ300661,-0.07389558106660843,EXP_LinearModel_Alpha158_csi300_custom_step0_s_20260830_16,2d7725e4747643ac97b43472eee0f43a,0.072,,,
105,2026-08-28,SZ300628,-0.0690474882721901,EXP_LinearModel_Alpha158_csi300_custom_step0_s_20260830_16,2d7725e4747643ac97b43472eee0f43a,0.072,,,
106,2026-08-28,SZ300502,0.03786813095211983,EXP_LinearModel_Alpha158_csi300_custom_step0_s_20260830_16,2d7725e4747643ac97b43472eee0f43a,0.072,,,
107,2026-08-28,SZ300498,-0.01454868819564581,EXP_LinearModel_Alpha158_csi300_custom_step0_s_20260830_16,2d7725e4747643ac97b43472eee0f43a,0.072,,,
108,2026-08-28,SZ300476,-0.005651111248880625,EXP_LinearModel_Alpha158_csi300_custom_step0_s_20260830_16,2d7725e4747643ac97b43472eee0f43a,0.072,,,
109,2026-08-28,SZ002938,-0.05716995894908905,EXP_LinearModel_Alpha158_csi300_custom_step0_s_20260830_16,2d7725e4747643ac97b43472eee0f43a,0.072,,,
110,2026-08-28,SZ002920,-0.041169069707393646,EXP_LinearModel_Alpha158_csi300_custom_step0_s_20260830_16,2d7725e4747643ac97b43472eee0f43a,0.072,,,
111,2026-08-28,SZ002916,-0.07630014419555664,EXP_LinearModel_Alpha158_csi300_custom_step0_s_20260830_16,2d7725e4747643ac97b43472eee0f43a,0.072,,,
112,2026-08-28,SZ002837,-0.17379063367843628,EXP_LinearModel_Alpha158_csi300_custom_step0_s_20260830_16,2d7725e4747643ac97b43472eee0f43a,0.072,,,
113,2026-08-28,SZ002353,0.0001761161256581545,EXP_LinearModel_Alpha158_csi300_custom_step0_s_20260830_16,2d7725e4747643ac97b43472eee0f43a,0.072,,,
114,2026-08-28,SZ002352,-0.05982806161046028,EXP_LinearModel_Alpha158_csi300_custom_step0_s_20260830_16,2d7725e4747643ac97b43472eee0f43a,0.072,,,
115,2026-08-28,SZ002311,0.02416754886507988,EXP_LinearModel_Alpha158_csi300_custom_step0_s_20260830_16,2d7725e4747643ac97b43472eee0f43a,0.072,,,
116,2026-08-28,SZ002304,-0.028854742646217346,EXP_LinearModel_Alpha158_csi300_custom_step0_s_20260830_16,2d7725e4747643ac97b43472eee0f43a,0.072,,,
117,2026-08-28,SZ002241,-0.054555442184209824,EXP_LinearModel_Alpha158_csi300_custom_step0_s_20260830_16,2d7725e4747643ac97b43472eee0f43a,0.072,,,
118,2026-08-28,SZ002236,0.029346896335482597,EXP_LinearModel_Alpha158_csi300_custom_step0_s_20260830_16,2d7725e4747643ac97b43472eee0f43a,0.072,,,
119,2026-08-28,SZ002230,-0.04346182942390442,EXP_LinearModel_Alpha158_csi300_custom_step0_s_20260830_16,2d7725e4747643ac97b43472eee0f43a,0.072,,,
120,2026-08-28,SZ002202,-0.09346868842840195,EXP_LinearModel_Alpha158_csi300_custom_step0_s_20260830_16,2d7725e4747643ac97b43472eee0f43a,0.072,,,
121,2026-08-28,SZ002179,0.0008794032037258148,EXP_LinearModel_Alpha158_csi300_custom_step0_s_20260830_16,2d7725e4747643ac97b43472eee0f43a,0.072,,,
122,2026-08-28,SZ002142,0.03666510060429573,EXP_LinearModel_Alpha158_csi300_custom_step0_s_20260830_16,2d7725e4747643ac97b43472eee0f43a,0.072,,,
123,2026-08-28,SZ002074,-0.03902702406048775,EXP_LinearModel_Alpha158_csi300_custom_step0_s_20260830_16,2d7725e4747643ac97b43472eee0f43a,0.072,,,
124,2026-08-28,SZ002050,-0.010805627331137657,EXP_LinearModel_Alpha158_csi300_custom_step0_s_20260830_16,2d7725e4747643ac97b43472eee0f43a,0.072,,,
125,2026-08-28,SZ002049,-0.002216140739619732,EXP_LinearModel_Alpha158_csi300_custom_step0_s_20260830_16,2d7725e4747643ac97b43472eee0f43a,0.072,,,
126,2026-08-28,SZ002028,0.013613839633762836,EXP_LinearModel_Alpha158_csi300_custom_step0_s_20260830_16,2d7725e4747643ac97b43472eee0f43a,0.072,,,
127,2026-08-28,SZ002027,-0.014425531961023808,EXP_LinearModel_Alpha158_csi300_custom_step0_s_20260830_16,2d7725e4747643ac97b43472eee0f43a,0.072,,,
128,2026-08-28,SZ002371,-0.02226988971233368,EXP_LinearModel_Alpha158_csi300_custom_step0_s_20260830_16,2d7725e4747643ac97b43472eee0f43a,0.072,,,
129,2026-08-28,SZ001979,-0.07899045199155807,EXP_LinearModel_Alpha158_csi300_custom_step0_s_20260830_16,2d7725e4747643ac97b43472eee0f43a,0.072,,,
130,2026-08-28,SZ002384,-0.04286295175552368,EXP_LinearModel_Alpha158_csi300_custom_step0_s_20260830_16,2d7725e4747643ac97b43472eee0f43a,0.072,,,
131,2026-08-28,SZ002422,0.043527644127607346,EXP_LinearModel_Alpha158_csi300_custom_step0_s_20260830_16,2d7725e4747643ac97b43472eee0f43a,0.072,,,
132,2026-08-28,SZ002736,0.04303210228681564,EXP_LinearModel_Alpha158_csi300_custom_step0_s_20260830_16,2d7725e4747643ac97b43472eee0f43a,0.072,,,
133,2026-08-28,SZ002714,-0.01220646407455206,EXP_LinearModel_Alpha158_csi300_custom_step0_s_20260830_16,2d7725e4747643ac97b43472eee0f43a,0.072,,,
134,2026-08-28,SZ002709,0.0037981122732162476,EXP_LinearModel_Alpha158_csi300_custom_step0_s_20260830_16,2d7725e4747643ac97b43472eee0f43a,0.072,,,
135,2026-08-28,SZ002648,0.014876902103424072,EXP_LinearModel_Alpha158_csi300_custom_step0_s_20260830_16,2d7725e4747643ac97b43472eee0f43a,0.072,,,
136,2026-08-28,SZ002625,-0.05352350324392319,EXP_LinearModel_Alpha158_csi300_custom_step0_s_20260830_16,2d7725e4747643ac97b43472eee0f43a,0.072,,,
137,2026-08-28,SZ002602,-0.04111145809292793,EXP_LinearModel_Alpha158_csi300_custom_step0_s_20260830_16,2d7725e4747643ac97b43472eee0f43a,0.072,,,
138,2026-08-28,SZ002600,0.019391164183616638,EXP_LinearModel_Alpha158_csi300_custom_step0_s_20260830_16,2d7725e4747643ac97b43472eee0f43a,0.072,,,
139,2026-08-28,SZ002594,-0.05540047585964203,EXP_LinearModel_Alpha158_csi300_custom_step0_s_20260830_16,2d7725e4747643ac97b43472eee0f43a,0.072,,,
140,2026-08-28,SZ002558,0.03399389237165451,EXP_LinearModel_Alpha158_csi300_custom_step0_s_20260830_16,2d7725e4747643ac97b43472eee0f43a,0.072,,,
141,2026-08-28,SZ002532,-0.08653014898300171,EXP_LinearModel_Alpha158_csi300_custom_step0_s_20260830_16,2d7725e4747643ac97b43472eee0f43a,0.072,,,
142,2026-08-28,SZ002493,-0.08821135759353638,EXP_LinearModel_Alpha158_csi300_custom_step0_s_20260830_16,2d7725e4747643ac97b43472eee0f43a,0.072,,,
143,2026-08-28,SZ002475,-0.0011863085674121976,EXP_LinearModel_Alpha158_csi300_custom_step0_s_20260830_16,2d7725e4747643ac97b43472eee0f43a,0.072,,,
144,2026-08-28,SZ002466,-0.04563874006271362,EXP_LinearModel_Alpha158_csi300_custom_step0_s_20260830_16,2d7725e4747643ac97b43472eee0f43a,0.072,,,
145,2026-08-28,SZ002463,-0.07969849556684494,EXP_LinearModel_Alpha158_csi300_custom_step0_s_20260830_16,2d7725e4747643ac97b43472eee0f43a,0.072,,,
146,2026-08-28,SZ002460,-0.04079143702983856,EXP_LinearModel_Alpha158_csi300_custom_step0_s_20260830_16,2d7725e4747643ac97b43472eee0f43a,0.072,,,
147,2026-08-28,SZ002415,-0.013816720806062222,EXP_LinearModel_Alpha158_csi300_custom_step0_s_20260830_16,2d7725e4747643ac97b43472eee0f43a,0.072,,,
148,2026-08-28,SZ301308,-0.05362287163734436,EXP_LinearModel_Alpha158_csi300_custom_step0_s_20260830_16,2d7725e4747643ac97b43472eee0f43a,0.072,,,
149,2026-08-28,SH601939,0.03182658553123474,EXP_LinearModel_Alpha158_csi300_custom_step0_s_20260830_16,2d7725e4747643ac97b43472eee0f43a,0.072,,,
150,2026-08-28,SH601916,0.01811775006353855,EXP_LinearModel_Alpha158_csi300_custom_step0_s_20260830_16,2d7725e4747643ac97b43472eee0f43a,0.072,,,
151,2026-08-28,SH600547,-0.019431862980127335,EXP_LinearModel_Alpha158_csi300_custom_step0_s_20260830_16,2d7725e4747643ac97b43472eee0f43a,0.072,,,
152,2026-08-28,SH600522,-0.05457449331879616,EXP_LinearModel_Alpha158_csi300_custom_step0_s_20260830_16,2d7725e4747643ac97b43472eee0f43a,0.072,,,
153,2026-08-28,SH600519,-0.006879163905978203,EXP_LinearModel_Alpha158_csi300_custom_step0_s_20260830_16,2d7725e4747643ac97b43472eee0f43a,0.072,,,
154,2026-08-28,SH600515,-0.03072795830667019,EXP_LinearModel_Alpha158_csi300_custom_step0_s_20260830_16,2d7725e4747643ac97b43472eee0f43a,0.072,,,
155,2026-08-28,SH600489,-0.03775258734822273,EXP_LinearModel_Alpha158_csi300_custom_step0_s_20260830_16,2d7725e4747643ac97b43472eee0f43a,0.072,,,
156,2026-08-28,SH600482,-0.0744250938296318,EXP_LinearModel_Alpha158_csi300_custom_step0_s_20260830_16,2d7725e4747643ac97b43472eee0f43a,0.072,,,
157,2026-08-28,SH600549,-0.035430289804935455,EXP_LinearModel_Alpha158_csi300_custom_step0_s_20260830_16,2d7725e4747643ac97b43472eee0f43a,0.072,,,
158,2026-08-28,SH600460,-0.039046768099069595,EXP_LinearModel_Alpha158_csi300_custom_step0_s_20260830_16,2d7725e4747643ac97b43472eee0f43a,0.072,,,
159,2026-08-28,SH600436,-0.0208243690431118,EXP_LinearModel_Alpha158_csi300_custom_step0_s_20260830_16,2d7725e4747643ac97b43472eee0f43a,0.072,,,
160,2026-08-28,SH600426,-0.006622176617383957,EXP_LinearModel_Alpha158_csi300_custom_step0_s_20260830_16,2d7725e4747643ac97b43472eee0f43a,0.072,,,
161,2026-08-28,SH600415,-0.049408528953790665,EXP_LinearModel_Alpha158_csi300_custom_step0_s_20260830_16,2d7725e4747643ac97b43472eee0f43a,0.072,,,
162,2026-08-28,SH600406,-0.0075994571670889854,EXP_LinearModel_Alpha158_csi300_custom_step0_s_20260830_16,2d7725e4747643ac97b43472eee0f43a,0.072,,,
163,2026-08-28,SH600372,0.03077305108308792,EXP_LinearModel_Alpha158_csi300_custom_step0_s_20260830_16,2d7725e4747643ac97b43472eee0f43a,0.072,,,
164,2026-08-28,SH600362,-0.09312315285205841,EXP_LinearModel_Alpha158_csi300_custom_step0_s_20260830_16,2d7725e4747643ac97b43472eee0f43a,0.072,,,
165,2026-08-28,SH600438,-0.07971783727407455,EXP_LinearModel_Alpha158_csi300_custom_step0_s_20260830_16,2d7725e4747643ac97b43472eee0f43a,0.072,,,
166,2026-08-28,SH600570,-0.03613346070051193,EXP_LinearModel_Alpha158_csi300_custom_step0_s_20260830_16,2d7725e4747643ac97b43472eee0f43a,0.072,,,
167,2026-08-28,SH600584,-0.014267360791563988,EXP_LinearModel_Alpha158_csi300_custom_step0_s_20260830_16,2d7725e4747643ac97b43472eee0f43a,0.072,,,
168,2026-08-28,SH600585,-0.020542867481708527,EXP_LinearModel_Alpha158_csi300_custom_step0_s_20260830_16,2d7725e4747643ac97b43472eee0f43a,0.072,,,
169,2026-08-28,SH600893,-0.0734599307179451,EXP_LinearModel_Alpha158_csi300_custom_step0_s_20260830_16,2d7725e4747643ac97b43472eee0f43a,0.072,,,
170,2026-08-28,SH600887,0.01974651589989662,EXP_LinearModel_Alpha158_csi300_custom_step0_s_20260830_16,2d7725e4747643ac97b43472eee0f43a,0.072,,,
171,2026-08-28,SH600886,-0.0012623023940250278,EXP_LinearModel_Alpha158_csi300_custom_step0_s_20260830_16,2d7725e4747643ac97b43472eee0f43a,0.072,,,
172,2026-08-28,SH600875,-0.07392743974924088,EXP_LinearModel_Alpha158_csi300_custom_step0_s_20260830_16,2d7725e4747643ac97b43472eee0f43a,0.072,,,
173,2026-08-28,SH600845,-0.028797458857297897,EXP_LinearModel_Alpha158_csi300_custom_step0_s_20260830_16,2d7725e4747643ac97b43472eee0f43a,0.072,,,
174,2026-08-28,SH600809,-0.07196413725614548,EXP_LinearModel_Alpha158_csi300_custom_step0_s_20260830_16,2d7725e4747643ac97b43472eee0f43a,0.072,,,
175,2026-08-28,SH600803,-0.046396318823099136,EXP_LinearModel_Alpha158_csi300_custom_step0_s_20260830_16,2d7725e4747643ac97b43472eee0f43a,0.072,,,
176,2026-08-28,SH600795,-0.019824009388685226,EXP_LinearModel_Alpha158_csi300_custom_step0_s_20260830_16,2d7725e4747643ac97b43472eee0f43a,0.072,,,
177,2026-08-28,SH600760,-0.013251131400465965,EXP_LinearModel_Alpha158_csi300_custom_step0_s_20260830_16,2d7725e4747643ac97b43472eee0f43a,0.072,,,
178,2026-08-28,SH600741,0.005716654006391764,EXP_LinearModel_Alpha158_csi300_custom_step0_s_20260830_16,2d7725e4747643ac97b43472eee0f43a,0.072,,,
179,2026-08-28,SH600690,-0.03283826634287834,EXP_LinearModel_Alpha158_csi300_custom_step0_s_20260830_16,2d7725e4747643ac97b43472eee0f43a,0.072,,,
180,2026-08-28,SH600674,0.010068900883197784,EXP_LinearModel_Alpha158_csi300_custom_step0_s_20260830_16,2d7725e4747643ac97b43472eee0f43a,0.072,,,
181,2026-08-28,SH600660,-0.0696733221411705,EXP_LinearModel_Alpha158_csi300_custom_step0_s_20260830_16,2d7725e4747643ac97b43472eee0f43a,0.072,,,
182,2026-08-28,SH600600,-0.045202940702438354,EXP_LinearModel_Alpha158_csi300_custom_step0_s_20260830_16,2d7725e4747643ac97b43472eee0f43a,0.072,,,
183,2026-08-28,SH600588,-0.033638082444667816,EXP_LinearModel_Alpha158_csi300_custom_step0_s_20260830_16,2d7725e4747643ac97b43472eee0f43a,0.072,,,
184,2026-08-28,SH600346,-0.03902888670563698,EXP_LinearModel_Alpha158_csi300_custom_step0_s_20260830_16,2d7725e4747643ac97b43472eee0f43a,0.072,,,
185,2026-08-28,SH600309,-0.027984661981463432,EXP_LinearModel_Alpha158_csi300_custom_step0_s_20260830_16,2d7725e4747643ac97b43472eee0f43a,0.072,,,
186,2026-08-28,SH600276,-0.030230069532990456,EXP_LinearModel_Alpha158_csi300_custom_step0_s_20260830_16,2d7725e4747643ac97b43472eee0f43a,0.072,,,
187,2026-08-28,SH600233,-0.016864078119397163,EXP_LinearModel_Alpha158_csi300_custom_step0_s_20260830_16,2d7725e4747643ac97b43472eee0f43a,0.072,,,
188,2026-08-28,SH600036,-0.010615434497594833,EXP_LinearModel_Alpha158_csi300_custom_step0_s_20260830_16,2d7725e4747643ac97b43472eee0f43a,0.072,,,
189,2026-08-28,SH600031,-0.02317168563604355,EXP_LinearModel_Alpha158_csi300_custom_step0_s_20260830_16,2d7725e4747643ac97b43472eee0f43a,0.072,,,
190,2026-08-28,SH600030,0.01982193998992443,EXP_LinearModel_Alpha158_csi300_custom_step0_s_20260830_16,2d7725e4747643ac97b43472eee0f43a,0.072,,,
191,2026-08-28,SH600029,-0.030239079147577286,EXP_LinearModel_Alpha158_csi300_custom_step0_s_20260830_16,2d7725e4747643ac97b43472eee0f43a,0.072,,,
192,2026-08-28,SH600028,0.0031622061505913734,EXP_LinearModel_Alpha158_csi300_custom_step0_s_20260830_16,2d7725e4747643ac97b43472eee0f43a,0.072,,,
193,2026-08-28,SH600027,-0.022706493735313416,EXP_LinearModel_Alpha158_csi300_custom_step0_s_20260830_16,2d7725e4747643ac97b43472eee0f43a,0.072,,,
194,2026-08-28,SH600026,0.05343581736087799,EXP_LinearModel_Alpha158_csi300_custom_step0_s_20260830_16,2d7725e4747643ac97b43472eee0f43a,0.072,,,
195,2026-08-28,SH600025,0.011834757402539253,EXP_LinearModel_Alpha158_csi300_custom_step0_s_20260830_16,2d7725e4747643ac97b43472eee0f43a,0.072,,,
196,2026-08-28,SH600023,-0.01271230261772871,EXP_LinearModel_Alpha158_csi300_custom_step0_s_20260830_16,2d7725e4747643ac97b43472eee0f43a,0.072,,,
197,2026-08-28,SH600019,-0.0005408999277278781,EXP_LinearModel_Alpha158_csi300_custom_step0_s_20260830_16,2d7725e4747643ac97b43472eee0f43a,0.072,,,
198,2026-08-28,SH600018,0.021294280886650085,EXP_LinearModel_Alpha158_csi300_custom_step0_s_20260830_16,2d7725e4747643ac97b43472eee0f43a,0.072,,,
199,2026-08-28,SH600016,0.013506571762263775,EXP_LinearModel_Alpha158_csi300_custom_step0_s_20260830_16,2d7725e4747643ac97b43472eee0f43a,0.072,,,
200,2026-08-28,SH600015,0.050910431891679764,EXP_LinearModel_Alpha158_csi300_custom_step0_s_20260830_16,2d7725e4747643ac97b43472eee0f43a,0.072,,,
201,2026-08-28,SH600011,0.0020425552502274513,EXP_LinearModel_Alpha158_csi300_custom_step0_s_20260830_16,2d7725e4747643ac97b43472eee0f43a,0.072,,,
202,2026-08-28,SH600010,-0.005665322300046682,EXP_LinearModel_Alpha158_csi300_custom_step0_s_20260830_16,2d7725e4747643ac97b43472eee0f43a,0.072,,,
203,2026-08-28,SH600039,-0.025044752284884453,EXP_LinearModel_Alpha158_csi300_custom_step0_s_20260830_16,2d7725e4747643ac97b43472eee0f43a,0.072,,,
204,2026-08-28,SH600900,0.01636524125933647,EXP_LinearModel_Alpha158_csi300_custom_step0_s_20260830_16,2d7725e4747643ac97b43472eee0f43a,0.072,,,
205,2026-08-28,SH600048,-0.02997392602264881,EXP_LinearModel_Alpha158_csi300_custom_step0_s_20260830_16,2d7725e4747643ac97b43472eee0f43a,0.072,,,
206,2026-08-28,SH600061,0.043023090809583664,EXP_LinearModel_Alpha158_csi300_custom_step0_s_20260830_16,2d7725e4747643ac97b43472eee0f43a,0.072,,,
207,2026-08-28,SH600221,0.0837947428226471,EXP_LinearModel_Alpha158_csi300_custom_step0_s_20260830_16,2d7725e4747643ac97b43472eee0f43a,0.072,,,
208,2026-08-28,SH600219,-0.027114929631352425,EXP_LinearModel_Alpha158_csi300_custom_step0_s_20260830_16,2d7725e4747643ac97b43472eee0f43a,0.072,,,
209,2026-08-28,SH600196,-0.05329602584242821,EXP_LinearModel_Alpha158_csi300_custom_step0_s_20260830_16,2d7725e4747643ac97b43472eee0f43a,0.072,,,
210,2026-08-28,SH600188,-0.11423651874065399,EXP_LinearModel_Alpha158_csi300_custom_step0_s_20260830_16,2d7725e4747643ac97b43472eee0f43a,0.072,,,
211,2026-08-28,SH600183,-0.11863793432712555,EXP_LinearModel_Alpha158_csi300_custom_step0_s_20260830_16,2d7725e4747643ac97b43472eee0f43a,0.072,,,
212,2026-08-28,SH600176,-0.05150198936462402,EXP_LinearModel_Alpha158_csi300_custom_step0_s_20260830_16,2d7725e4747643ac97b43472eee0f43a,0.072,,,
213,2026-08-28,SH600160,0.02243700996041298,EXP_LinearModel_Alpha158_csi300_custom_step0_s_20260830_16,2d7725e4747643ac97b43472eee0f43a,0.072,,,
214,2026-08-28,SH600150,0.02114272676408291,EXP_LinearModel_Alpha158_csi300_custom_step0_s_20260830_16,2d7725e4747643ac97b43472eee0f43a,0.072,,,
215,2026-08-28,SH600118,-0.09452183544635773,EXP_LinearModel_Alpha158_csi300_custom_step0_s_20260830_16,2d7725e4747643ac97b43472eee0f43a,0.072,,,
216,2026-08-28,SH600115,-0.014669804833829403,EXP_LinearModel_Alpha158_csi300_custom_step0_s_20260830_16,2d7725e4747643ac97b43472eee0f43a,0.072,,,
217,2026-08-28,SH600111,-0.016229141503572464,EXP_LinearModel_Alpha158_csi300_custom_step0_s_20260830_16,2d7725e4747643ac97b43472eee0f43a,0.072,,,
218,2026-08-28,SH600104,-0.06377741694450378,EXP_LinearModel_Alpha158_csi300_custom_step0_s_20260830_16,2d7725e4747643ac97b43472eee0f43a,0.072,,,
219,2026-08-28,SH600089,-0.016351662576198578,EXP_LinearModel_Alpha158_csi300_custom_step0_s_20260830_16,2d7725e4747643ac97b43472eee0f43a,0.072,,,
220,2026-08-28,SH600085,-0.03380393236875534,EXP_LinearModel_Alpha158_csi300_custom_step0_s_20260830_16,2d7725e4747643ac97b43472eee0f43a,0.072,,,
221,2026-08-28,SH600066,-0.02874881960451603,EXP_LinearModel_Alpha158_csi300_custom_step0_s_20260830_16,2d7725e4747643ac97b43472eee0f43a,0.072,,,
222,2026-08-28,SH600050,0.05321888625621796,EXP_LinearModel_Alpha158_csi300_custom_step0_s_20260830_16,2d7725e4747643ac97b43472eee0f43a,0.072,,,
223,2026-08-28,SH601919,0.044881973415613174,EXP_LinearModel_Alpha158_csi300_custom_step0_s_20260830_16,2d7725e4747643ac97b43472eee0f43a,0.072,,,
224,2026-08-28,SH600905,0.035152554512023926,EXP_LinearModel_Alpha158_csi300_custom_step0_s_20260830_16,2d7725e4747643ac97b43472eee0f43a,0.072,,,
225,2026-08-28,SH600919,0.021374370902776718,EXP_LinearModel_Alpha158_csi300_custom_step0_s_20260830_16,2d7725e4747643ac97b43472eee0f43a,0.072,,,
226,2026-08-28,SH601698,-0.0017548324540257454,EXP_LinearModel_Alpha158_csi300_custom_step0_s_20260830_16,2d7725e4747643ac97b43472eee0f43a,0.072,,,
227,2026-08-28,SH601689,-0.011216169223189354,EXP_LinearModel_Alpha158_csi300_custom_step0_s_20260830_16,2d7725e4747643ac97b43472eee0f43a,0.072,,,
228,2026-08-28,SH601688,0.013863441534340382,EXP_LinearModel_Alpha158_csi300_custom_step0_s_20260830_16,2d7725e4747643ac97b43472eee0f43a,0.072,,,
229,2026-08-28,SH601669,-0.039579931646585464,EXP_LinearModel_Alpha158_csi300_custom_step0_s_20260830_16,2d7725e4747643ac97b43472eee0f43a,0.072,,,
230,2026-08-28,SH601668,0.024475591257214546,EXP_LinearModel_Alpha158_csi300_custom_step0_s_20260830_16,2d7725e4747643ac97b43472eee0f43a,0.072,,,
231,2026-08-28,SH601658,0.023241901770234108,EXP_LinearModel_Alpha158_csi300_custom_step0_s_20260830_16,2d7725e4747643ac97b43472eee0f43a,0.072,,,
232,2026-08-28,SH601727,-0.020433615893125534,EXP_LinearModel_Alpha158_csi300_custom_step0_s_20260830_16,2d7725e4747643ac97b43472eee0f43a,0.072,,,
233,2026-08-28,SH601633,0.005313210189342499,EXP_LinearModel_Alpha158_csi300_custom_step0_s_20260830_16,2d7725e4747643ac97b43472eee0f43a,0.072,,,
234,2026-08-28,SH601618,-0.04117593541741371,EXP_LinearModel_Alpha158_csi300_custom_step0_s_20260830_16,2d7725e4747643ac97b43472eee0f43a,0.072,,,
235,2026-08-28,SH601607,0.07151881605386734,EXP_LinearModel_Alpha158_csi300_custom_step0_s_20260830_16,2d7725e4747643ac97b43472eee0f43a,0.072,,,
236,2026-08-28,SH601601,-1.724445610307157e-05,EXP_LinearModel_Alpha158_csi300_custom_step0_s_20260830_16,2d7725e4747643ac97b43472eee0f43a,0.072,,,
237,2026-08-28,SH601600,-0.11117144674062729,EXP_LinearModel_Alpha158_csi300_custom_step0_s_20260830_16,2d7725e4747643ac97b43472eee0f43a,0.072,,,
238,2026-08-28,SH601456,0.08167308568954468,EXP_LinearModel_Alpha158_csi300_custom_step0_s_20260830_16,2d7725e4747643ac97b43472eee0f43a,0.072,,,
239,2026-08-28,SH601398,0.04279832914471626,EXP_LinearModel_Alpha158_csi300_custom_step0_s_20260830_16,2d7725e4747643ac97b43472eee0f43a,0.072,,,
240,2026-08-28,SH601628,-0.023968936875462532,EXP_LinearModel_Alpha158_csi300_custom_step0_s_20260830_16,2d7725e4747643ac97b43472eee0f43a,0.072,,,
241,2026-08-28,SH601728,-0.014537185430526733,EXP_LinearModel_Alpha158_csi300_custom_step0_s_20260830_16,2d7725e4747643ac97b43472eee0f43a,0.072,,,
242,2026-08-28,SH601766,0.008230646140873432,EXP_LinearModel_Alpha158_csi300_custom_step0_s_20260830_16,2d7725e4747643ac97b43472eee0f43a,0.072,,,
243,2026-08-28,SH601788,0.006025850772857666,EXP_LinearModel_Alpha158_csi300_custom_step0_s_20260830_16,2d7725e4747643ac97b43472eee0f43a,0.072,,,
244,2026-08-28,SH601901,0.03325162082910538,EXP_LinearModel_Alpha158_csi300_custom_step0_s_20260830_16,2d7725e4747643ac97b43472eee0f43a,0.072,,,
245,2026-08-28,SH601899,-0.055352650582790375,EXP_LinearModel_Alpha158_csi300_custom_step0_s_20260830_16,2d7725e4747643ac97b43472eee0f43a,0.072,,,
246,2026-08-28,SH601898,-0.09916144609451294,EXP_LinearModel_Alpha158_csi300_custom_step0_s_20260830_16,2d7725e4747643ac97b43472eee0f43a,0.072,,,
247,2026-08-28,SH601888,-0.032964956015348434,EXP_LinearModel_Alpha158_csi300_custom_step0_s_20260830_16,2d7725e4747643ac97b43472eee0f43a,0.072,,,
248,2026-08-28,SH601881,0.023840289562940598,EXP_LinearModel_Alpha158_csi300_custom_step0_s_20260830_16,2d7725e4747643ac97b43472eee0f43a,0.072,,,
249,2026-08-28,SH601878,0.014623528346419334,EXP_LinearModel_Alpha158_csi300_custom_step0_s_20260830_16,2d7725e4747643ac97b43472eee0f43a,0.072,,,
250,2026-08-28,SH601877,0.023636039346456528,EXP_LinearModel_Alpha158_csi300_custom_step0_s_20260830_16,2d7725e4747643ac97b43472eee0f43a,0.072,,,
251,2026-08-28,SH601872,0.00043778488179668784,EXP_LinearModel_Alpha158_csi300_custom_step0_s_20260830_16,2d7725e4747643ac97b43472eee0f43a,0.072,,,
252,2026-08-28,SH601868,0.004915605764836073,EXP_LinearModel_Alpha158_csi300_custom_step0_s_20260830_16,2d7725e4747643ac97b43472eee0f43a,0.072,,,
253,2026-08-28,SH601857,-0.04680387303233147,EXP_LinearModel_Alpha158_csi300_custom_step0_s_20260830_16,2d7725e4747643ac97b43472eee0f43a,0.072,,,
254,2026-08-28,SH601838,0.05960490554571152,EXP_LinearModel_Alpha158_csi300_custom_step0_s_20260830_16,2d7725e4747643ac97b43472eee0f43a,0.072,,,
255,2026-08-28,SH601825,-0.013289617374539375,EXP_LinearModel_Alpha158_csi300_custom_step0_s_20260830_16,2d7725e4747643ac97b43472eee0f43a,0.072,,,
256,2026-08-28,SH601818,0.030818022787570953,EXP_LinearModel_Alpha158_csi300_custom_step0_s_20260830_16,2d7725e4747643ac97b43472eee0f43a,0.072,,,
257,2026-08-28,SH601816,0.0024397210218012333,EXP_LinearModel_Alpha158_csi300_custom_step0_s_20260830_16,2d7725e4747643ac97b43472eee0f43a,0.072,,,
258,2026-08-28,SH601800,-0.03838649392127991,EXP_LinearModel_Alpha158_csi300_custom_step0_s_20260830_16,2d7725e4747643ac97b43472eee0f43a,0.072,,,
259,2026-08-28,SH601390,-0.0020857651252299547,EXP_LinearModel_Alpha158_csi300_custom_step0_s_20260830_16,2d7725e4747643ac97b43472eee0f43a,0.072,,,
260,2026-08-28,SH601377,0.00519767077639699,EXP_LinearModel_Alpha158_csi300_custom_step0_s_20260830_16,2d7725e4747643ac97b43472eee0f43a,0.072,,,
261,2026-08-28,SH601360,-0.035585079342126846,EXP_LinearModel_Alpha158_csi300_custom_step0_s_20260830_16,2d7725e4747643ac97b43472eee0f43a,0.072,,,
262,2026-08-28,SH601336,0.006936939433217049,EXP_LinearModel_Alpha158_csi300_custom_step0_s_20260830_16,2d7725e4747643ac97b43472eee0f43a,0.072,,,
263,2026-08-28,SH601066,0.04773377254605293,EXP_LinearModel_Alpha158_csi300_custom_step0_s_20260830_16,2d7725e4747643ac97b43472eee0f43a,0.072,,,
264,2026-08-28,SH601059,-0.015050801448523998,EXP_LinearModel_Alpha158_csi300_custom_step0_s_20260830_16,2d7725e4747643ac97b43472eee0f43a,0.072,,,
265,2026-08-28,SH601058,-0.020953921601176262,EXP_LinearModel_Alpha158_csi300_custom_step0_s_20260830_16,2d7725e4747643ac97b43472eee0f43a,0.072,,,
266,2026-08-28,SH601021,-0.0022989665158092976,EXP_LinearModel_Alpha158_csi300_custom_step0_s_20260830_16,2d7725e4747643ac97b43472eee0f43a,0.072,,,
267,2026-08-28,SH601018,0.04179264232516289,EXP_LinearModel_Alpha158_csi300_custom_step0_s_20260830_16,2d7725e4747643ac97b43472eee0f43a,0.072,,,
268,2026-08-28,SH601012,-0.03843230754137039,EXP_LinearModel_Alpha158_csi300_custom_step0_s_20260830_16,2d7725e4747643ac97b43472eee0f43a,0.072,,,
269,2026-08-28,SH601009,0.07438082993030548,EXP_LinearModel_Alpha158_csi300_custom_step0_s_20260830_16,2d7725e4747643ac97b43472eee0f43a,0.072,,,
270,2026-08-28,SH601006,0.014802849851548672,EXP_LinearModel_Alpha158_csi300_custom_step0_s_20260830_16,2d7725e4747643ac97b43472eee0f43a,0.072,,,
271,2026-08-28,SH600999,0.03563998267054558,EXP_LinearModel_Alpha158_csi300_custom_step0_s_20260830_16,2d7725e4747643ac97b43472eee0f43a,0.072,,,
272,2026-08-28,SH600989,-0.027326034381985664,EXP_LinearModel_Alpha158_csi300_custom_step0_s_20260830_16,2d7725e4747643ac97b43472eee0f43a,0.072,,,
273,2026-08-28,SH600958,0.03941207006573677,EXP_LinearModel_Alpha158_csi300_custom_step0_s_20260830_16,2d7725e4747643ac97b43472eee0f43a,0.072,,,
274,2026-08-28,SH600941,-0.018223818391561508,EXP_LinearModel_Alpha158_csi300_custom_step0_s_20260830_16,2d7725e4747643ac97b43472eee0f43a,0.072,,,
275,2026-08-28,SH600938,-0.04919523000717163,EXP_LinearModel_Alpha158_csi300_custom_step0_s_20260830_16,2d7725e4747643ac97b43472eee0f43a,0.072,,,
276,2026-08-28,SH600930,0.0009112555999308825,EXP_LinearModel_Alpha158_csi300_custom_step0_s_20260830_16,2d7725e4747643ac97b43472eee0f43a,0.072,,,
277,2026-08-28,SH600926,0.054503537714481354,EXP_LinearModel_Alpha158_csi300_custom_step0_s_20260830_16,2d7725e4747643ac97b43472eee0f43a,0.072,,,
278,2026-08-28,SH601077,0.04503072053194046,EXP_LinearModel_Alpha158_csi300_custom_step0_s_20260830_16,2d7725e4747643ac97b43472eee0f43a,0.072,,,
279,2026-08-28,SH600918,-0.023373475298285484,EXP_LinearModel_Alpha158_csi300_custom_step0_s_20260830_16,2d7725e4747643ac97b43472eee0f43a,0.072,,,
280,2026-08-28,SH601088,-0.021256394684314728,EXP_LinearModel_Alpha158_csi300_custom_step0_s_20260830_16,2d7725e4747643ac97b43472eee0f43a,0.072,,,
281,2026-08-28,SH601111,-0.037243857979774475,EXP_LinearModel_Alpha158_csi300_custom_step0_s_20260830_16,2d7725e4747643ac97b43472eee0f43a,0.072,,,
282,2026-08-28,SH601328,0.01598518155515194,EXP_LinearModel_Alpha158_csi300_custom_step0_s_20260830_16,2d7725e4747643ac97b43472eee0f43a,0.072,,,
283,2026-08-28,SH601319,0.021790292114019394,EXP_LinearModel_Alpha158_csi300_custom_step0_s_20260830_16,2d7725e4747643ac97b43472eee0f43a,0.072,,,
284,2026-08-28,SH601318,0.020566046237945557,EXP_LinearModel_Alpha158_csi300_custom_step0_s_20260830_16,2d7725e4747643ac97b43472eee0f43a,0.072,,,
285,2026-08-28,SH601288,0.06952592730522156,EXP_LinearModel_Alpha158_csi300_custom_step0_s_20260830_16,2d7725e4747643ac97b43472eee0f43a,0.072,,,
286,2026-08-28,SH601238,-0.06261208653450012,EXP_LinearModel_Alpha158_csi300_custom_step0_s_20260830_16,2d7725e4747643ac97b43472eee0f43a,0.072,,,
287,2026-08-28,SH601229,0.0685863196849823,EXP_LinearModel_Alpha158_csi300_custom_step0_s_20260830_16,2d7725e4747643ac97b43472eee0f43a,0.072,,,
288,2026-08-28,SH601225,-0.06305880844593048,EXP_LinearModel_Alpha158_csi300_custom_step0_s_20260830_16,2d7725e4747643ac97b43472eee0f43a,0.072,,,
289,2026-08-28,SH601211,-0.011126196943223476,EXP_LinearModel_Alpha158_csi300_custom_step0_s_20260830_16,2d7725e4747643ac97b43472eee0f43a,0.072,,,
290,2026-08-28,SH601186,-0.014063195325434208,EXP_LinearModel_Alpha158_csi300_custom_step0_s_20260830_16,2d7725e4747643ac97b43472eee0f43a,0.072,,,
291,2026-08-28,SH601169,0.05309692397713661,EXP_LinearModel_Alpha158_csi300_custom_step0_s_20260830_16,2d7725e4747643ac97b43472eee0f43a,0.072,,,
292,2026-08-28,SH601166,0.007063716650009155,EXP_LinearModel_Alpha158_csi300_custom_step0_s_20260830_16,2d7725e4747643ac97b43472eee0f43a,0.072,,,
293,2026-08-28,SH601138,-0.08641018718481064,EXP_LinearModel_Alpha158_csi300_custom_step0_s_20260830_16,2d7725e4747643ac97b43472eee0f43a,0.072,,,
294,2026-08-28,SH601136,-0.0082890959456563,EXP_LinearModel_Alpha158_csi300_custom_step0_s_20260830_16,2d7725e4747643ac97b43472eee0f43a,0.072,,,
295,2026-08-28,SH601127,-0.03610629588365555,EXP_LinearModel_Alpha158_csi300_custom_step0_s_20260830_16,2d7725e4747643ac97b43472eee0f43a,0.072,,,
296,2026-08-28,SH601117,0.02555634267628193,EXP_LinearModel_Alpha158_csi300_custom_step0_s_20260830_16,2d7725e4747643ac97b43472eee0f43a,0.072,,,
297,2026-08-28,SH601100,0.02192043513059616,EXP_LinearModel_Alpha158_csi300_custom_step0_s_20260830_16,2d7725e4747643ac97b43472eee0f43a,0.072,,,
298,2026-08-28,SH600009,-0.058235086500644684,EXP_LinearModel_Alpha158_csi300_custom_step0_s_20260830_16,2d7725e4747643ac97b43472eee0f43a,0.072,,,
299,2026-08-28,SZ302132,-0.04724102094769478,EXP_LinearModel_Alpha158_csi300_custom_step0_s_20260830_16,2d7725e4747643ac97b43472eee0f43a,0.072,,,
300,2026-08-28,SH600009,-0.08882269263267517,EXP_LinearModel_Alpha158_csi300_custom_step0_s_20260830_16,bf5c9b209a4d473ea85752cc9895256d,0.098,,,
301,2026-08-28,SZ000617,-0.03246331587433815,EXP_LinearModel_Alpha158_csi300_custom_step0_s_20260830_16,bf5c9b209a4d473ea85752cc9895256d,0.098,,,
302,2026-08-28,SZ000596,-0.012020829133689404,EXP_LinearModel_Alpha158_csi300_custom_step0_s_20260830_16,bf5c9b209a4d473ea85752cc9895256d,0.098,,,
303,2026-08-28,SZ000568,-0.02462484873831272,EXP_LinearModel_Alpha158_csi300_custom_step0_s_20260830_16,bf5c9b209a4d473ea85752cc9895256d,0.098,,,
304,2026-08-28,SZ000538,-0.037886641919612885,EXP_LinearModel_Alpha158_csi300_custom_step0_s_20260830_16,bf5c9b209a4d473ea85752cc9895256d,0.098,,,
305,2026-08-28,SZ000425,-0.004296291619539261,EXP_LinearModel_Alpha158_csi300_custom_step0_s_20260830_16,bf5c9b209a4d473ea85752cc9895256d,0.098,,,
306,2026-08-28,SZ000408,-0.04097926616668701,EXP_LinearModel_Alpha158_csi300_custom_step0_s_20260830_16,bf5c9b209a4d473ea85752cc9895256d,0.098,,,
307,2026-08-28,SZ000625,-0.03413623198866844,EXP_LinearModel_Alpha158_csi300_custom_step0_s_20260830_16,bf5c9b209a4d473ea85752cc9895256d,0.098,,,
308,2026-08-28,SZ000338,-0.05045458674430847,EXP_LinearModel_Alpha158_csi300_custom_step0_s_20260830_16,bf5c9b209a4d473ea85752cc9895256d,0.098,,,
309,2026-08-28,SZ000301,-0.02175181917846203,EXP_LinearModel_Alpha158_csi300_custom_step0_s_20260830_16,bf5c9b209a4d473ea85752cc9895256d,0.098,,,
310,2026-08-28,SZ000166,0.03773025795817375,EXP_LinearModel_Alpha158_csi300_custom_step0_s_20260830_16,bf5c9b209a4d473ea85752cc9895256d,0.098,,,
311,2026-08-28,SZ000157,0.012225163169205189,EXP_LinearModel_Alpha158_csi300_custom_step0_s_20260830_16,bf5c9b209a4d473ea85752cc9895256d,0.098,,,
312,2026-08-28,SZ000100,0.01509587001055479,EXP_LinearModel_Alpha158_csi300_custom_step0_s_20260830_16,bf5c9b209a4d473ea85752cc9895256d,0.098,,,
313,2026-08-28,SZ000063,-0.04005361348390579,EXP_LinearModel_Alpha158_csi300_custom_step0_s_20260830_16,bf5c9b209a4d473ea85752cc9895256d,0.098,,,
314,2026-08-28,SZ000002,-0.008621764369308949,EXP_LinearModel_Alpha158_csi300_custom_step0_s_20260830_16,bf5c9b209a4d473ea85752cc9895256d,0.098,,,
315,2026-08-28,SZ000333,-0.04370564967393875,EXP_LinearModel_Alpha158_csi300_custom_step0_s_20260830_16,bf5c9b209a4d473ea85752cc9895256d,0.098,,,
316,2026-08-28,SZ000630,-0.057553306221961975,EXP_LinearModel_Alpha158_csi300_custom_step0_s_20260830_16,bf5c9b209a4d473ea85752cc9895256d,0.098,,,
317,2026-08-28,SZ000651,0.0014260939788073301,EXP_LinearModel_Alpha158_csi300_custom_step0_s_20260830_16,bf5c9b209a4d473ea85752cc9895256d,0.098,,,
318,2026-08-28,SZ000657,-0.15971872210502625,EXP_LinearModel_Alpha158_csi300_custom_step0_s_20260830_16,bf5c9b209a4d473ea85752cc9895256d,0.098,,,
319,2026-08-28,SZ001280,0.03216267749667168,EXP_LinearModel_Alpha158_csi300_custom_step0_s_20260830_16,bf5c9b209a4d473ea85752cc9895256d,0.098,,,
320,2026-08-28,SZ000999,0.02740195393562317,EXP_LinearModel_Alpha158_csi300_custom_step0_s_20260830_16,bf5c9b209a4d473ea85752cc9895256d,0.098,,,
321,2026-08-28,SZ000988,-0.06528089195489883,EXP_LinearModel_Alpha158_csi300_custom_step0_s_20260830_16,bf5c9b209a4d473ea85752cc9895256d,0.098,,,
322,2026-08-28,SZ000977,-0.028811415657401085,EXP_LinearModel_Alpha158_csi300_custom_step0_s_20260830_16,bf5c9b209a4d473ea85752cc9895256d,0.098,,,
323,2026-08-28,SZ000975,-0.06546751409769058,EXP_LinearModel_Alpha158_csi300_custom_step0_s_20260830_16,bf5c9b209a4d473ea85752cc9895256d,0.098,,,
324,2026-08-28,SZ000963,-0.03812446445226669,EXP_LinearModel_Alpha158_csi300_custom_step0_s_20260830_16,bf5c9b209a4d473ea85752cc9895256d,0.098,,,
325,2026-08-28,SZ000938,-0.006887595169246197,EXP_LinearModel_Alpha158_csi300_custom_step0_s_20260830_16,bf5c9b209a4d473ea85752cc9895256d,0.098,,,
326,2026-08-28,SZ000895,-0.008682581596076488,EXP_LinearModel_Alpha158_csi300_custom_step0_s_20260830_16,bf5c9b209a4d473ea85752cc9895256d,0.098,,,
327,2026-08-28,SZ000858,-0.02778957597911358,EXP_LinearModel_Alpha158_csi300_custom_step0_s_20260830_16,bf5c9b209a4d473ea85752cc9895256d,0.098,,,
328,2026-08-28,SZ000807,-0.08280271291732788,EXP_LinearModel_Alpha158_csi300_custom_step0_s_20260830_16,bf5c9b209a4d473ea85752cc9895256d,0.098,,,
329,2026-08-28,SZ000792,-0.04341565817594528,EXP_LinearModel_Alpha158_csi300_custom_step0_s_20260830_16,bf5c9b209a4d473ea85752cc9895256d,0.098,,,
330,2026-08-28,SZ000776,0.03063029795885086,EXP_LinearModel_Alpha158_csi300_custom_step0_s_20260830_16,bf5c9b209a4d473ea85752cc9895256d,0.098,,,
331,2026-08-28,SZ000768,0.02454899065196514,EXP_LinearModel_Alpha158_csi300_custom_step0_s_20260830_16,bf5c9b209a4d473ea85752cc9895256d,0.098,,,
332,2026-08-28,SZ000725,-0.09209604561328888,EXP_LinearModel_Alpha158_csi300_custom_step0_s_20260830_16,bf5c9b209a4d473ea85752cc9895256d,0.098,,,
333,2026-08-28,SZ000708,-0.035317424684762955,EXP_LinearModel_Alpha158_csi300_custom_step0_s_20260830_16,bf5c9b209a4d473ea85752cc9895256d,0.098,,,
334,2026-08-28,SZ000001,0.01328214444220066,EXP_LinearModel_Alpha158_csi300_custom_step0_s_20260830_16,bf5c9b209a4d473ea85752cc9895256d,0.098,,,
335,2026-08-28,SH688981,-0.006937447935342789,EXP_LinearModel_Alpha158_csi300_custom_step0_s_20260830_16,bf5c9b209a4d473ea85752cc9895256d,0.098,,,
336,2026-08-28,SH688521,-0.10952602326869965,EXP_LinearModel_Alpha158_csi300_custom_step0_s_20260830_16,bf5c9b209a4d473ea85752cc9895256d,0.098,,,
337,2026-08-28,SH688506,-0.03164030611515045,EXP_LinearModel_Alpha158_csi300_custom_step0_s_20260830_16,bf5c9b209a4d473ea85752cc9895256d,0.098,,,
338,2026-08-28,SH603993,-0.04568815231323242,EXP_LinearModel_Alpha158_csi300_custom_step0_s_20260830_16,bf5c9b209a4d473ea85752cc9895256d,0.098,,,
339,2026-08-28,SH603986,-0.15300865471363068,EXP_LinearModel_Alpha158_csi300_custom_step0_s_20260830_16,bf5c9b209a4d473ea85752cc9895256d,0.098,,,
340,2026-08-28,SH603893,0.02763930894434452,EXP_LinearModel_Alpha158_csi300_custom_step0_s_20260830_16,bf5c9b209a4d473ea85752cc9895256d,0.098,,,
341,2026-08-28,SH603799,-0.10773992538452148,EXP_LinearModel_Alpha158_csi300_custom_step0_s_20260830_16,bf5c9b209a4d473ea85752cc9895256d,0.098,,,
342,2026-08-28,SH603501,-0.03896861895918846,EXP_LinearModel_Alpha158_csi300_custom_step0_s_20260830_16,bf5c9b209a4d473ea85752cc9895256d,0.098,,,
343,2026-08-28,SH603392,-0.0264314953237772,EXP_LinearModel_Alpha158_csi300_custom_step0_s_20260830_16,bf5c9b209a4d473ea85752cc9895256d,0.098,,,
344,2026-08-28,SH603369,-0.03281319513916969,EXP_LinearModel_Alpha158_csi300_custom_step0_s_20260830_16,bf5c9b209a4d473ea85752cc9895256d,0.098,,,
345,2026-08-28,SH603296,-0.004777924623340368,EXP_LinearModel_Alpha158_csi300_custom_step0_s_20260830_16,bf5c9b209a4d473ea85752cc9895256d,0.098,,,
346,2026-08-28,SH603288,-0.010202350094914436,EXP_LinearModel_Alpha158_csi300_custom_step0_s_20260830_16,bf5c9b209a4d473ea85752cc9895256d,0.098,,,
347,2026-08-28,SH603260,0.03640284761786461,EXP_LinearModel_Alpha158_csi300_custom_step0_s_20260830_16,bf5c9b209a4d473ea85752cc9895256d,0.098,,,
348,2026-08-28,SH603259,-0.012346724048256874,EXP_LinearModel_Alpha158_csi300_custom_step0_s_20260830_16,bf5c9b209a4d473ea85752cc9895256d,0.098,,,
349,2026-08-28,SH603019,0.03101092204451561,EXP_LinearModel_Alpha158_csi300_custom_step0_s_20260830_16,bf5c9b209a4d473ea85752cc9895256d,0.098,,,
350,2026-08-28,SH601998,0.07949969172477722,EXP_LinearModel_Alpha158_csi300_custom_step0_s_20260830_16,bf5c9b209a4d473ea85752cc9895256d,0.098,,,
351,2026-08-28,SH601995,-0.011713020503520966,EXP_LinearModel_Alpha158_csi300_custom_step0_s_20260830_16,bf5c9b209a4d473ea85752cc9895256d,0.098,,,
352,2026-08-28,SH601988,0.0514061413705349,EXP_LinearModel_Alpha158_csi300_custom_step0_s_20260830_16,bf5c9b209a4d473ea85752cc9895256d,0.098,,,
353,2026-08-28,SH605117,-0.06518641859292984,EXP_LinearModel_Alpha158_csi300_custom_step0_s_20260830_16,bf5c9b209a4d473ea85752cc9895256d,0.098,,,
354,2026-08-28,SZ001391,-0.022347433492541313,EXP_LinearModel_Alpha158_csi300_custom_step0_s_20260830_16,bf5c9b209a4d473ea85752cc9895256d,0.098,,,
355,2026-08-28,SH605499,-0.0870586559176445,EXP_LinearModel_Alpha158_csi300_custom_step0_s_20260830_16,bf5c9b209a4d473ea85752cc9895256d,0.098,,,
356,2026-08-28,SH688009,-0.017314214259386063,EXP_LinearModel_Alpha158_csi300_custom_step0_s_20260830_16,bf5c9b209a4d473ea85752cc9895256d,0.098,,,
357,2026-08-28,SH688472,-0.05955328419804573,EXP_LinearModel_Alpha158_csi300_custom_step0_s_20260830_16,bf5c9b209a4d473ea85752cc9895256d,0.098,,,
358,2026-08-28,SH688396,-0.10351556539535522,EXP_LinearModel_Alpha158_csi300_custom_step0_s_20260830_16,bf5c9b209a4d473ea85752cc9895256d,0.098,,,
359,2026-08-28,SH688303,-0.06753505021333694,EXP_LinearModel_Alpha158_csi300_custom_step0_s_20260830_16,bf5c9b209a4d473ea85752cc9895256d,0.098,,,
360,2026-08-28,SH688271,-0.058675482869148254,EXP_LinearModel_Alpha158_csi300_custom_step0_s_20260830_16,bf5c9b209a4d473ea85752cc9895256d,0.098,,,
361,2026-08-28,SH688256,-0.025911793112754822,EXP_LinearModel_Alpha158_csi300_custom_step0_s_20260830_16,bf5c9b209a4d473ea85752cc9895256d,0.098,,,
362,2026-08-28,SH688223,-0.0205584317445755,EXP_LinearModel_Alpha158_csi300_custom_step0_s_20260830_16,bf5c9b209a4d473ea85752cc9895256d,0.098,,,
363,2026-08-28,SH688183,-0.18145132064819336,EXP_LinearModel_Alpha158_csi300_custom_step0_s_20260830_16,bf5c9b209a4d473ea85752cc9895256d,0.098,,,
364,2026-08-28,SH688126,-0.1064675822854042,EXP_LinearModel_Alpha158_csi300_custom_step0_s_20260830_16,bf5c9b209a4d473ea85752cc9895256d,0.098,,,
365,2026-08-28,SH688111,-0.014171842485666275,EXP_LinearModel_Alpha158_csi300_custom_step0_s_20260830_16,bf5c9b209a4d473ea85752cc9895256d,0.098,,,
366,2026-08-28,SH688082,-0.08178398758172989,EXP_LinearModel_Alpha158_csi300_custom_step0_s_20260830_16,bf5c9b209a4d473ea85752cc9895256d,0.098,,,
367,2026-08-28,SH688072,-0.01368480920791626,EXP_LinearModel_Alpha158_csi300_custom_step0_s_20260830_16,bf5c9b209a4d473ea85752cc9895256d,0.098,,,
368,2026-08-28,SH688047,0.0010732733644545078,EXP_LinearModel_Alpha158_csi300_custom_step0_s_20260830_16,bf5c9b209a4d473ea85752cc9895256d,0.098,,,
369,2026-08-28,SH688041,0.029677510261535645,EXP_LinearModel_Alpha158_csi300_custom_step0_s_20260830_16,bf5c9b209a4d473ea85752cc9895256d,0.098,,,
370,2026-08-28,SH688036,-0.028134915977716446,EXP_LinearModel_Alpha158_csi300_custom_step0_s_20260830_16,bf5c9b209a4d473ea85752cc9895256d,0.098,,,
371,2026-08-28,SH688012,-0.026463715359568596,EXP_LinearModel_Alpha158_csi300_custom_step0_s_20260830_16,bf5c9b209a4d473ea85752cc9895256d,0.098,,,
372,2026-08-28,SH688008,-0.14479753375053406,EXP_LinearModel_Alpha158_csi300_custom_step0_s_20260830_16,bf5c9b209a4d473ea85752cc9895256d,0.098,,,
373,2026-08-28,SH601985,-0.00227606063708663,EXP_LinearModel_Alpha158_csi300_custom_step0_s_20260830_16,bf5c9b209a4d473ea85752cc9895256d,0.098,,,
374,2026-08-28,SZ001965,0.016400152817368507,EXP_LinearModel_Alpha158_csi300_custom_step0_s_20260830_16,bf5c9b209a4d473ea85752cc9895256d,0.098,,,
375,2026-08-28,SZ002001,-0.04620471969246864,EXP_LinearModel_Alpha158_csi300_custom_step0_s_20260830_16,bf5c9b209a4d473ea85752cc9895256d,0.098,,,
376,2026-08-28,SZ300413,-0.032195743173360825,EXP_LinearModel_Alpha158_csi300_custom_step0_s_20260830_16,bf5c9b209a4d473ea85752cc9895256d,0.098,,,
377,2026-08-28,SZ300408,-0.08139418065547943,EXP_LinearModel_Alpha158_csi300_custom_step0_s_20260830_16,bf5c9b209a4d473ea85752cc9895256d,0.098,,,
378,2026-08-28,SZ300394,-0.18224196135997772,EXP_LinearModel_Alpha158_csi300_custom_step0_s_20260830_16,bf5c9b209a4d473ea85752cc9895256d,0.098,,,
379,2026-08-28,SZ300316,-0.05670325458049774,EXP_LinearModel_Alpha158_csi300_custom_step0_s_20260830_16,bf5c9b209a4d473ea85752cc9895256d,0.098,,,
380,2026-08-28,SZ300308,-0.01833357661962509,EXP_LinearModel_Alpha158_csi300_custom_step0_s_20260830_16,bf5c9b209a4d473ea85752cc9895256d,0.098,,,
381,2026-08-28,SZ300274,-0.08421751111745834,EXP_LinearModel_Alpha158_csi300_custom_step0_s_20260830_16,bf5c9b209a4d473ea85752cc9895256d,0.098,,,
382,2026-08-28,SZ300418,-0.00979143101722002,EXP_LinearModel_Alpha158_csi300_custom_step0_s_20260830_16,bf5c9b209a4d473ea85752cc9895256d,0.098,,,
383,2026-08-28,SZ300251,0.02895105443894863,EXP_LinearModel_Alpha158_csi300_custom_step0_s_20260830_16,bf5c9b209a4d473ea85752cc9895256d,0.098,,,
384,2026-08-28,SZ300122,-0.04221004992723465,EXP_LinearModel_Alpha158_csi300_custom_step0_s_20260830_16,bf5c9b209a4d473ea85752cc9895256d,0.098,,,
385,2026-08-28,SZ300059,-0.008136017248034477,EXP_LinearModel_Alpha158_csi300_custom_step0_s_20260830_16,bf5c9b209a4d473ea85752cc9895256d,0.098,,,
386,2026-08-28,SZ300033,-0.05203327536582947,EXP_LinearModel_Alpha158_csi300_custom_step0_s_20260830_16,bf5c9b209a4d473ea85752cc9895256d,0.098,,,
387,2026-08-28,SZ300015,-0.03948523849248886,EXP_LinearModel_Alpha158_csi300_custom_step0_s_20260830_16,bf5c9b209a4d473ea85752cc9895256d,0.098,,,
388,2026-08-28,SZ300014,-0.008761358447372913,EXP_LinearModel_Alpha158_csi300_custom_step0_s_20260830_16,bf5c9b209a4d473ea85752cc9895256d,0.098,,,
389,2026-08-28,SZ003816,-0.013875908218324184,EXP_LinearModel_Alpha158_csi300_custom_step0_s_20260830_16,bf5c9b209a4d473ea85752cc9895256d,0.098,,,
390,2026-08-28,SZ300124,-0.010804971680045128,EXP_LinearModel_Alpha158_csi300_custom_step0_s_20260830_16,bf5c9b209a4d473ea85752cc9895256d,0.098,,,
391,2026-08-28,SZ300433,-0.07391835004091263,EXP_LinearModel_Alpha158_csi300_custom_step0_s_20260830_16,bf5c9b209a4d473ea85752cc9895256d,0.098,,,
392,2026-08-28,SZ300442,-0.06734096258878708,EXP_LinearModel_Alpha158_csi300_custom_step0_s_20260830_16,bf5c9b209a4d473ea85752cc9895256d,0.098,,,
393,2026-08-28,SZ300450,-0.06427499651908875,EXP_LinearModel_Alpha158_csi300_custom_step0_s_20260830_16,bf5c9b209a4d473ea85752cc9895256d,0.098,,,
394,2026-08-28,SZ301269,-0.07903750985860825,EXP_LinearModel_Alpha158_csi300_custom_step0_s_20260830_16,bf5c9b209a4d473ea85752cc9895256d,0.098,,,
395,2026-08-28,SZ301236,-0.027862954884767532,EXP_LinearModel_Alpha158_csi300_custom_step0_s_20260830_16,bf5c9b209a4d473ea85752cc9895256d,0.098,,,
396,2026-08-28,SZ301165,-0.05675307288765907,EXP_LinearModel_Alpha158_csi300_custom_step0_s_20260830_16,bf5c9b209a4d473ea85752cc9895256d,0.098,,,
397,2026-08-28,SZ300999,-0.03625912964344025,EXP_LinearModel_Alpha158_csi300_custom_step0_s_20260830_16,bf5c9b209a4d473ea85752cc9895256d,0.098,,,
398,2026-08-28,SZ300896,-0.011953046545386314,EXP_LinearModel_Alpha158_csi300_custom_step0_s_20260830_16,bf5c9b209a4d473ea85752cc9895256d,0.098,,,
399,2026-08-28,SZ300866,-0.07267621159553528,EXP_LinearModel_Alpha158_csi300_custom_step0_s_20260830_16,bf5c9b209a4d473ea85752cc9895256d,0.098,,,
400,2026-08-28,SZ300832,-0.01883651874959469,EXP_LinearModel_Alpha158_csi300_custom_step0_s_20260830_16,bf5c9b209a4d473ea85752cc9895256d,0.098,,,
401,2026-08-28,SZ300803,-0.05197194218635559,EXP_LinearModel_Alpha158_csi300_custom_step0_s_20260830_16,bf5c9b209a4d473ea85752cc9895256d,0.098,,,
402,2026-08-28,SZ300760,-0.018818173557519913,EXP_LinearModel_Alpha158_csi300_custom_step0_s_20260830_16,bf5c9b209a4d473ea85752cc9895256d,0.098,,,
403,2026-08-28,SZ300750,-0.07187186926603317,EXP_LinearModel_Alpha158_csi300_custom_step0_s_20260830_16,bf5c9b209a4d473ea85752cc9895256d,0.098,,,
404,2026-08-28,SZ300661,-0.0329723134636879,EXP_LinearModel_Alpha158_csi300_custom_step0_s_20260830_16,bf5c9b209a4d473ea85752cc9895256d,0.098,,,
405,2026-08-28,SZ300628,-0.02198287472128868,EXP_LinearModel_Alpha158_csi300_custom_step0_s_20260830_16,bf5c9b209a4d473ea85752cc9895256d,0.098,,,
406,2026-08-28,SZ300502,0.001703160349279642,EXP_LinearModel_Alpha158_csi300_custom_step0_s_20260830_16,bf5c9b209a4d473ea85752cc9895256d,0.098,,,
407,2026-08-28,SZ300498,-0.019960656762123108,EXP_LinearModel_Alpha158_csi300_custom_step0_s_20260830_16,bf5c9b209a4d473ea85752cc9895256d,0.098,,,
408,2026-08-28,SZ300476,-0.13096994161605835,EXP_LinearModel_Alpha158_csi300_custom_step0_s_20260830_16,bf5c9b209a4d473ea85752cc9895256d,0.098,,,
409,2026-08-28,SZ002938,-0.11306372284889221,EXP_LinearModel_Alpha158_csi300_custom_step0_s_20260830_16,bf5c9b209a4d473ea85752cc9895256d,0.098,,,
410,2026-08-28,SZ002920,-0.0010836779838427901,EXP_LinearModel_Alpha158_csi300_custom_step0_s_20260830_16,bf5c9b209a4d473ea85752cc9895256d,0.098,,,
411,2026-08-28,SZ002916,-0.10151577740907669,EXP_LinearModel_Alpha158_csi300_custom_step0_s_20260830_16,bf5c9b209a4d473ea85752cc9895256d,0.098,,,
412,2026-08-28,SZ002837,-0.2184516191482544,EXP_LinearModel_Alpha158_csi300_custom_step0_s_20260830_16,bf5c9b209a4d473ea85752cc9895256d,0.098,,,
413,2026-08-28,SZ002353,-0.06278061121702194,EXP_LinearModel_Alpha158_csi300_custom_step0_s_20260830_16,bf5c9b209a4d473ea85752cc9895256d,0.098,,,
414,2026-08-28,SZ002352,-0.08159198611974716,EXP_LinearModel_Alpha158_csi300_custom_step0_s_20260830_16,bf5c9b209a4d473ea85752cc9895256d,0.098,,,
415,2026-08-28,SZ002311,0.007131380029022694,EXP_LinearModel_Alpha158_csi300_custom_step0_s_20260830_16,bf5c9b209a4d473ea85752cc9895256d,0.098,,,
416,2026-08-28,SZ002304,-0.02251393161714077,EXP_LinearModel_Alpha158_csi300_custom_step0_s_20260830_16,bf5c9b209a4d473ea85752cc9895256d,0.098,,,
417,2026-08-28,SZ002241,-0.06467276066541672,EXP_LinearModel_Alpha158_csi300_custom_step0_s_20260830_16,bf5c9b209a4d473ea85752cc9895256d,0.098,,,
418,2026-08-28,SZ002236,0.063333660364151,EXP_LinearModel_Alpha158_csi300_custom_step0_s_20260830_16,bf5c9b209a4d473ea85752cc9895256d,0.098,,,
419,2026-08-28,SZ002230,-0.022940045222640038,EXP_LinearModel_Alpha158_csi300_custom_step0_s_20260830_16,bf5c9b209a4d473ea85752cc9895256d,0.098,,,
420,2026-08-28,SZ002202,-0.07824237644672394,EXP_LinearModel_Alpha158_csi300_custom_step0_s_20260830_16,bf5c9b209a4d473ea85752cc9895256d,0.098,,,
421,2026-08-28,SZ002179,-0.004087524022907019,EXP_LinearModel_Alpha158_csi300_custom_step0_s_20260830_16,bf5c9b209a4d473ea85752cc9895256d,0.098,,,
422,2026-08-28,SZ002142,0.02229914627969265,EXP_LinearModel_Alpha158_csi300_custom_step0_s_20260830_16,bf5c9b209a4d473ea85752cc9895256d,0.098,,,
423,2026-08-28,SZ002074,-0.05143390968441963,EXP_LinearModel_Alpha158_csi300_custom_step0_s_20260830_16,bf5c9b209a4d473ea85752cc9895256d,0.098,,,
424,2026-08-28,SZ002050,-0.015995584428310394,EXP_LinearModel_Alpha158_csi300_custom_step0_s_20260830_16,bf5c9b209a4d473ea85752cc9895256d,0.098,,,
425,2026-08-28,SZ002049,-0.001471016788855195,EXP_LinearModel_Alpha158_csi300_custom_step0_s_20260830_16,bf5c9b209a4d473ea85752cc9895256d,0.098,,,
426,2026-08-28,SZ002028,-0.06722058355808258,EXP_LinearModel_Alpha158_csi300_custom_step0_s_20260830_16,bf5c9b209a4d473ea85752cc9895256d,0.098,,,
427,2026-08-28,SZ002027,-0.004457331728190184,EXP_LinearModel_Alpha158_csi300_custom_step0_s_20260830_16,bf5c9b209a4d473ea85752cc9895256d,0.098,,,
428,2026-08-28,SZ002371,-0.013687420636415482,EXP_LinearModel_Alpha158_csi300_custom_step0_s_20260830_16,bf5c9b209a4d473ea85752cc9895256d,0.098,,,
429,2026-08-28,SZ001979,-0.06618259102106094,EXP_LinearModel_Alpha158_csi300_custom_step0_s_20260830_16,bf5c9b209a4d473ea85752cc9895256d,0.098,,,
430,2026-08-28,SZ002384,-0.08482889831066132,EXP_LinearModel_Alpha158_csi300_custom_step0_s_20260830_16,bf5c9b209a4d473ea85752cc9895256d,0.098,,,
431,2026-08-28,SZ002422,0.05408058315515518,EXP_LinearModel_Alpha158_csi300_custom_step0_s_20260830_16,bf5c9b209a4d473ea85752cc9895256d,0.098,,,
432,2026-08-28,SZ002736,0.04038078337907791,EXP_LinearModel_Alpha158_csi300_custom_step0_s_20260830_16,bf5c9b209a4d473ea85752cc9895256d,0.098,,,
433,2026-08-28,SZ002714,-0.012021023780107498,EXP_LinearModel_Alpha158_csi300_custom_step0_s_20260830_16,bf5c9b209a4d473ea85752cc9895256d,0.098,,,
434,2026-08-28,SZ002709,-0.06357740610837936,EXP_LinearModel_Alpha158_csi300_custom_step0_s_20260830_16,bf5c9b209a4d473ea85752cc9895256d,0.098,,,
435,2026-08-28,SZ002648,0.023736663162708282,EXP_LinearModel_Alpha158_csi300_custom_step0_s_20260830_16,bf5c9b209a4d473ea85752cc9895256d,0.098,,,
436,2026-08-28,SZ002625,-0.06180071085691452,EXP_LinearModel_Alpha158_csi300_custom_step0_s_20260830_16,bf5c9b209a4d473ea85752cc9895256d,0.098,,,
437,2026-08-28,SZ002602,-0.0028491062112152576,EXP_LinearModel_Alpha158_csi300_custom_step0_s_20260830_16,bf5c9b209a4d473ea85752cc9895256d,0.098,,,
438,2026-08-28,SZ002600,-0.002345202025026083,EXP_LinearModel_Alpha158_csi300_custom_step0_s_20260830_16,bf5c9b209a4d473ea85752cc9895256d,0.098,,,
439,2026-08-28,SZ002594,-0.07022152841091156,EXP_LinearModel_Alpha158_csi300_custom_step0_s_20260830_16,bf5c9b209a4d473ea85752cc9895256d,0.098,,,
440,2026-08-28,SZ002558,0.08186853677034378,EXP_LinearModel_Alpha158_csi300_custom_step0_s_20260830_16,bf5c9b209a4d473ea85752cc9895256d,0.098,,,
441,2026-08-28,SZ002532,-0.08362604677677155,EXP_LinearModel_Alpha158_csi300_custom_step0_s_20260830_16,bf5c9b209a4d473ea85752cc9895256d,0.098,,,
442,2026-08-28,SZ002493,-0.050107333809137344,EXP_LinearModel_Alpha158_csi300_custom_step0_s_20260830_16,bf5c9b209a4d473ea85752cc9895256d,0.098,,,
443,2026-08-28,SZ002475,-0.02284310571849346,EXP_LinearModel_Alpha158_csi300_custom_step0_s_20260830_16,bf5c9b209a4d473ea85752cc9895256d,0.098,,,
444,2026-08-28,SZ002466,-0.051968399435281754,EXP_LinearModel_Alpha158_csi300_custom_step0_s_20260830_16,bf5c9b209a4d473ea85752cc9895256d,0.098,,,
445,2026-08-28,SZ002463,-0.11792705208063126,EXP_LinearModel_Alpha158_csi300_custom_step0_s_20260830_16,bf5c9b209a4d473ea85752cc9895256d,0.098,,,
446,2026-08-28,SZ002460,-0.04498683288693428,EXP_LinearModel_Alpha158_csi300_custom_step0_s_20260830_16,bf5c9b209a4d473ea85752cc9895256d,0.098,,,
447,2026-08-28,SZ002415,0.008503658697009087,EXP_LinearModel_Alpha158_csi300_custom_step0_s_20260830_16,bf5c9b209a4d473ea85752cc9895256d,0.098,,,
448,2026-08-28,SH600000,0.01944880001246929,EXP_LinearModel_Alpha158_csi300_custom_step0_s_20260830_16,bf5c9b209a4d473ea85752cc9895256d,0.098,,,
449,2026-08-28,SH601939,0.033540029078722,EXP_LinearModel_Alpha158_csi300_custom_step0_s_20260830_16,bf5c9b209a4d473ea85752cc9895256d,0.098,,,
450,2026-08-28,SH601916,0.025692811235785484,EXP_LinearModel_Alpha158_csi300_custom_step0_s_20260830_16,bf5c9b209a4d473ea85752cc9895256d,0.098,,,
451,2026-08-28,SH600547,-0.013897932134568691,EXP_LinearModel_Alpha158_csi300_custom_step0_s_20260830_16,bf5c9b209a4d473ea85752cc9895256d,0.098,,,
452,2026-08-28,SH600522,-0.17505235970020294,EXP_LinearModel_Alpha158_csi300_custom_step0_s_20260830_16,bf5c9b209a4d473ea85752cc9895256d,0.098,,,
453,2026-08-28,SH600519,0.005972817540168762,EXP_LinearModel_Alpha158_csi300_custom_step0_s_20260830_16,bf5c9b209a4d473ea85752cc9895256d,0.098,,,
454,2026-08-28,SH600515,-0.011186699382960796,EXP_LinearModel_Alpha158_csi300_custom_step0_s_20260830_16,bf5c9b209a4d473ea85752cc9895256d,0.098,,,
455,2026-08-28,SH600489,-0.020310642197728157,EXP_LinearModel_Alpha158_csi300_custom_step0_s_20260830_16,bf5c9b209a4d473ea85752cc9895256d,0.098,,,
456,2026-08-28,SH600482,-0.0723467469215393,EXP_LinearModel_Alpha158_csi300_custom_step0_s_20260830_16,bf5c9b209a4d473ea85752cc9895256d,0.098,,,
457,2026-08-28,SH600549,-0.12742169201374054,EXP_LinearModel_Alpha158_csi300_custom_step0_s_20260830_16,bf5c9b209a4d473ea85752cc9895256d,0.098,,,
458,2026-08-28,SH600460,-0.08475330471992493,EXP_LinearModel_Alpha158_csi300_custom_step0_s_20260830_16,bf5c9b209a4d473ea85752cc9895256d,0.098,,,
459,2026-08-28,SH600436,-0.04523030295968056,EXP_LinearModel_Alpha158_csi300_custom_step0_s_20260830_16,bf5c9b209a4d473ea85752cc9895256d,0.098,,,
460,2026-08-28,SH600426,-0.01796218752861023,EXP_LinearModel_Alpha158_csi300_custom_step0_s_20260830_16,bf5c9b209a4d473ea85752cc9895256d,0.098,,,
461,2026-08-28,SH600415,-0.03858829289674759,EXP_LinearModel_Alpha158_csi300_custom_step0_s_20260830_16,bf5c9b209a4d473ea85752cc9895256d,0.098,,,
462,2026-08-28,SH600406,-0.017623644322156906,EXP_LinearModel_Alpha158_csi300_custom_step0_s_20260830_16,bf5c9b209a4d473ea85752cc9895256d,0.098,,,
463,2026-08-28,SH600372,0.03317847475409508,EXP_LinearModel_Alpha158_csi300_custom_step0_s_20260830_16,bf5c9b209a4d473ea85752cc9895256d,0.098,,,
464,2026-08-28,SH600362,-0.1171157956123352,EXP_LinearModel_Alpha158_csi300_custom_step0_s_20260830_16,bf5c9b209a4d473ea85752cc9895256d,0.098,,,
465,2026-08-28,SH600438,-0.08995208889245987,EXP_LinearModel_Alpha158_csi300_custom_step0_s_20260830_16,bf5c9b209a4d473ea85752cc9895256d,0.098,,,
466,2026-08-28,SH600570,-0.03069455362856388,EXP_LinearModel_Alpha158_csi300_custom_step0_s_20260830_16,bf5c9b209a4d473ea85752cc9895256d,0.098,,,
467,2026-08-28,SH600584,-0.09924361854791641,EXP_LinearModel_Alpha158_csi300_custom_step0_s_20260830_16,bf5c9b209a4d473ea85752cc9895256d,0.098,,,
468,2026-08-28,SH600585,-0.030533626675605774,EXP_LinearModel_Alpha158_csi300_custom_step0_s_20260830_16,bf5c9b209a4d473ea85752cc9895256d,0.098,,,
469,2026-08-28,SH600893,-0.030106930062174797,EXP_LinearModel_Alpha158_csi300_custom_step0_s_20260830_16,bf5c9b209a4d473ea85752cc9895256d,0.098,,,
470,2026-08-28,SH600887,0.017683519050478935,EXP_LinearModel_Alpha158_csi300_custom_step0_s_20260830_16,bf5c9b209a4d473ea85752cc9895256d,0.098,,,
471,2026-08-28,SH600886,-0.01462983712553978,EXP_LinearModel_Alpha158_csi300_custom_step0_s_20260830_16,bf5c9b209a4d473ea85752cc9895256d,0.098,,,
472,2026-08-28,SH600875,-0.10235019028186798,EXP_LinearModel_Alpha158_csi300_custom_step0_s_20260830_16,bf5c9b209a4d473ea85752cc9895256d,0.098,,,
473,2026-08-28,SH600845,-0.0100172758102417,EXP_LinearModel_Alpha158_csi300_custom_step0_s_20260830_16,bf5c9b209a4d473ea85752cc9895256d,0.098,,,
474,2026-08-28,SH600809,-0.030425220727920532,EXP_LinearModel_Alpha158_csi300_custom_step0_s_20260830_16,bf5c9b209a4d473ea85752cc9895256d,0.098,,,
475,2026-08-28,SH600803,-0.04521840065717697,EXP_LinearModel_Alpha158_csi300_custom_step0_s_20260830_16,bf5c9b209a4d473ea85752cc9895256d,0.098,,,
476,2026-08-28,SH600795,0.01805589348077774,EXP_LinearModel_Alpha158_csi300_custom_step0_s_20260830_16,bf5c9b209a4d473ea85752cc9895256d,0.098,,,
477,2026-08-28,SH600760,-0.017517270520329475,EXP_LinearModel_Alpha158_csi300_custom_step0_s_20260830_16,bf5c9b209a4d473ea85752cc9895256d,0.098,,,
478,2026-08-28,SH600741,-0.014518742449581623,EXP_LinearModel_Alpha158_csi300_custom_step0_s_20260830_16,bf5c9b209a4d473ea85752cc9895256d,0.098,,,
479,2026-08-28,SH600690,-0.05093781650066376,EXP_LinearModel_Alpha158_csi300_custom_step0_s_20260830_16,bf5c9b209a4d473ea85752cc9895256d,0.098,,,
480,2026-08-28,SH600674,0.015777816995978355,EXP_LinearModel_Alpha158_csi300_custom_step0_s_20260830_16,bf5c9b209a4d473ea85752cc9895256d,0.098,,,
481,2026-08-28,SH600660,-0.05502735450863838,EXP_LinearModel_Alpha158_csi300_custom_step0_s_20260830_16,bf5c9b209a4d473ea85752cc9895256d,0.098,,,
482,2026-08-28,SH600600,-0.014813746325671673,EXP_LinearModel_Alpha158_csi300_custom_step0_s_20260830_16,bf5c9b209a4d473ea85752cc9895256d,0.098,,,
483,2026-08-28,SH600588,0.03867499530315399,EXP_LinearModel_Alpha158_csi300_custom_step0_s_20260830_16,bf5c9b209a4d473ea85752cc9895256d,0.098,,,
484,2026-08-28,SH600346,-0.019203461706638336,EXP_LinearModel_Alpha158_csi300_custom_step0_s_20260830_16,bf5c9b209a4d473ea85752cc9895256d,0.098,,,
485,2026-08-28,SH600309,-0.03801592439413071,EXP_LinearModel_Alpha158_csi300_custom_step0_s_20260830_16,bf5c9b209a4d473ea85752cc9895256d,0.098,,,
486,2026-08-28,SH600276,-0.03065982274711132,EXP_LinearModel_Alpha158_csi300_custom_step0_s_20260830_16,bf5c9b209a4d473ea85752cc9895256d,0.098,,,
487,2026-08-28,SH600233,-0.03092930093407631,EXP_LinearModel_Alpha158_csi300_custom_step0_s_20260830_16,bf5c9b209a4d473ea85752cc9895256d,0.098,,,
488,2026-08-28,SH600036,-0.02101980336010456,EXP_LinearModel_Alpha158_csi300_custom_step0_s_20260830_16,bf5c9b209a4d473ea85752cc9895256d,0.098,,,
489,2026-08-28,SH600031,-0.004052505362778902,EXP_LinearModel_Alpha158_csi300_custom_step0_s_20260830_16,bf5c9b209a4d473ea85752cc9895256d,0.098,,,
490,2026-08-28,SH600030,0.017919199541211128,EXP_LinearModel_Alpha158_csi300_custom_step0_s_20260830_16,bf5c9b209a4d473ea85752cc9895256d,0.098,,,
491,2026-08-28,SH600029,-0.03148619830608368,EXP_LinearModel_Alpha158_csi300_custom_step0_s_20260830_16,bf5c9b209a4d473ea85752cc9895256d,0.098,,,
492,2026-08-28,SH600028,0.00029843254014849663,EXP_LinearModel_Alpha158_csi300_custom_step0_s_20260830_16,bf5c9b209a4d473ea85752cc9895256d,0.098,,,
493,2026-08-28,SH600027,-0.019943274557590485,EXP_LinearModel_Alpha158_csi300_custom_step0_s_20260830_16,bf5c9b209a4d473ea85752cc9895256d,0.098,,,
494,2026-08-28,SH600026,0.047697268426418304,EXP_LinearModel_Alpha158_csi300_custom_step0_s_20260830_16,bf5c9b209a4d473ea85752cc9895256d,0.098,,,
495,2026-08-28,SH600025,0.022231929004192352,EXP_LinearModel_Alpha158_csi300_custom_step0_s_20260830_16,bf5c9b209a4d473ea85752cc9895256d,0.098,,,
496,2026-08-28,SH600023,-0.0011751889251172543,EXP_LinearModel_Alpha158_csi300_custom_step0_s_20260830_16,bf5c9b209a4d473ea85752cc9895256d,0.098,,,
497,2026-08-28,SH600019,0.006613220553845167,EXP_LinearModel_Alpha158_csi300_custom_step0_s_20260830_16,bf5c9b209a4d473ea85752cc9895256d,0.098,,,
498,2026-08-28,SH600018,0.006260952912271023,EXP_LinearModel_Alpha158_csi300_custom_step0_s_20260830_16,bf5c9b209a4d473ea85752cc9895256d,0.098,,,
499,2026-08-28,SH600016,0.006998442113399506,EXP_LinearModel_Alpha158_csi300_custom_step0_s_20260830_16,bf5c9b209a4d473ea85752cc9895256d,0.098,,,
500,2026-08-28,SH600015,0.039548806846141815,EXP_LinearModel_Alpha158_csi300_custom_step0_s_20260830_16,bf5c9b209a4d473ea85752cc9895256d,0.098,,,
501,2026-08-28,SH600011,0.002507472410798073,EXP_LinearModel_Alpha158_csi300_custom_step0_s_20260830_16,bf5c9b209a4d473ea85752cc9895256d,0.098,,,
502,2026-08-28,SH600010,0.01642761565744877,EXP_LinearModel_Alpha158_csi300_custom_step0_s_20260830_16,bf5c9b209a4d473ea85752cc9895256d,0.098,,,
503,2026-08-28,SH600039,-0.04596896097064018,EXP_LinearModel_Alpha158_csi300_custom_step0_s_20260830_16,bf5c9b209a4d473ea85752cc9895256d,0.098,,,
504,2026-08-28,SH600900,0.01603648252785206,EXP_LinearModel_Alpha158_csi300_custom_step0_s_20260830_16,bf5c9b209a4d473ea85752cc9895256d,0.098,,,
505,2026-08-28,SH600048,-0.03835345059633255,EXP_LinearModel_Alpha158_csi300_custom_step0_s_20260830_16,bf5c9b209a4d473ea85752cc9895256d,0.098,,,
506,2026-08-28,SH600061,0.042548324912786484,EXP_LinearModel_Alpha158_csi300_custom_step0_s_20260830_16,bf5c9b209a4d473ea85752cc9895256d,0.098,,,
507,2026-08-28,SH600221,0.09194177389144897,EXP_LinearModel_Alpha158_csi300_custom_step0_s_20260830_16,bf5c9b209a4d473ea85752cc9895256d,0.098,,,
508,2026-08-28,SH600219,-0.006841256283223629,EXP_LinearModel_Alpha158_csi300_custom_step0_s_20260830_16,bf5c9b209a4d473ea85752cc9895256d,0.098,,,
509,2026-08-28,SH600196,-0.056353289633989334,EXP_LinearModel_Alpha158_csi300_custom_step0_s_20260830_16,bf5c9b209a4d473ea85752cc9895256d,0.098,,,
510,2026-08-28,SH600188,-0.120362289249897,EXP_LinearModel_Alpha158_csi300_custom_step0_s_20260830_16,bf5c9b209a4d473ea85752cc9895256d,0.098,,,
511,2026-08-28,SH600183,-0.15134869515895844,EXP_LinearModel_Alpha158_csi300_custom_step0_s_20260830_16,bf5c9b209a4d473ea85752cc9895256d,0.098,,,
512,2026-08-28,SH600176,-0.13032983243465424,EXP_LinearModel_Alpha158_csi300_custom_step0_s_20260830_16,bf5c9b209a4d473ea85752cc9895256d,0.098,,,
513,2026-08-28,SH600160,0.017053555697202682,EXP_LinearModel_Alpha158_csi300_custom_step0_s_20260830_16,bf5c9b209a4d473ea85752cc9895256d,0.098,,,
514,2026-08-28,SH600150,0.026742197573184967,EXP_LinearModel_Alpha158_csi300_custom_step0_s_20260830_16,bf5c9b209a4d473ea85752cc9895256d,0.098,,,
515,2026-08-28,SH600118,-0.12219897657632828,EXP_LinearModel_Alpha158_csi300_custom_step0_s_20260830_16,bf5c9b209a4d473ea85752cc9895256d,0.098,,,
516,2026-08-28,SH600115,-0.007110782898962498,EXP_LinearModel_Alpha158_csi300_custom_step0_s_20260830_16,bf5c9b209a4d473ea85752cc9895256d,0.098,,,
517,2026-08-28,SH600111,-0.0032168845646083355,EXP_LinearModel_Alpha158_csi300_custom_step0_s_20260830_16,bf5c9b209a4d473ea85752cc9895256d,0.098,,,
518,2026-08-28,SH600104,-0.0713556706905365,EXP_LinearModel_Alpha158_csi300_custom_step0_s_20260830_16,bf5c9b209a4d473ea85752cc9895256d,0.098,,,
519,2026-08-28,SH600089,0.0002311354037374258,EXP_LinearModel_Alpha158_csi300_custom_step0_s_20260830_16,bf5c9b209a4d473ea85752cc9895256d,0.098,,,
520,2026-08-28,SH600085,-0.06265083700418472,EXP_LinearModel_Alpha158_csi300_custom_step0_s_20260830_16,bf5c9b209a4d473ea85752cc9895256d,0.098,,,
521,2026-08-28,SH600066,-0.04125552996993065,EXP_LinearModel_Alpha158_csi300_custom_step0_s_20260830_16,bf5c9b209a4d473ea85752cc9895256d,0.098,,,
522,2026-08-28,SH600050,0.02807537466287613,EXP_LinearModel_Alpha158_csi300_custom_step0_s_20260830_16,bf5c9b209a4d473ea85752cc9895256d,0.098,,,
523,2026-08-28,SH601919,0.025266384705901146,EXP_LinearModel_Alpha158_csi300_custom_step0_s_20260830_16,bf5c9b209a4d473ea85752cc9895256d,0.098,,,
524,2026-08-28,SH600905,0.06683798879384995,EXP_LinearModel_Alpha158_csi300_custom_step0_s_20260830_16,bf5c9b209a4d473ea85752cc9895256d,0.098,,,
525,2026-08-28,SH600919,0.0097677456215024,EXP_LinearModel_Alpha158_csi300_custom_step0_s_20260830_16,bf5c9b209a4d473ea85752cc9895256d,0.098,,,
526,2026-08-28,SH601698,0.0016597842331975698,EXP_LinearModel_Alpha158_csi300_custom_step0_s_20260830_16,bf5c9b209a4d473ea85752cc9895256d,0.098,,,
527,2026-08-28,SH601689,-0.04983258992433548,EXP_LinearModel_Alpha158_csi300_custom_step0_s_20260830_16,bf5c9b209a4d473ea85752cc9895256d,0.098,,,
528,2026-08-28,SH601688,0.023389283567667007,EXP_LinearModel_Alpha158_csi300_custom_step0_s_20260830_16,bf5c9b209a4d473ea85752cc9895256d,0.098,,,
529,2026-08-28,SH601669,-0.03570658713579178,EXP_LinearModel_Alpha158_csi300_custom_step0_s_20260830_16,bf5c9b209a4d473ea85752cc9895256d,0.098,,,
530,2026-08-28,SH601668,0.011977176181972027,EXP_LinearModel_Alpha158_csi300_custom_step0_s_20260830_16,bf5c9b209a4d473ea85752cc9895256d,0.098,,,
531,2026-08-28,SH601658,0.01161538902670145,EXP_LinearModel_Alpha158_csi300_custom_step0_s_20260830_16,bf5c9b209a4d473ea85752cc9895256d,0.098,,,
532,2026-08-28,SH601727,-0.01322871819138527,EXP_LinearModel_Alpha158_csi300_custom_step0_s_20260830_16,bf5c9b209a4d473ea85752cc9895256d,0.098,,,
533,2026-08-28,SH601633,0.00026916759088635445,EXP_LinearModel_Alpha158_csi300_custom_step0_s_20260830_16,bf5c9b209a4d473ea85752cc9895256d,0.098,,,
534,2026-08-28,SH601618,-0.03355713561177254,EXP_LinearModel_Alpha158_csi300_custom_step0_s_20260830_16,bf5c9b209a4d473ea85752cc9895256d,0.098,,,
535,2026-08-28,SH601607,0.04758309945464134,EXP_LinearModel_Alpha158_csi300_custom_step0_s_20260830_16,bf5c9b209a4d473ea85752cc9895256d,0.098,,,
536,2026-08-28,SH601601,-0.0009486009366810322,EXP_LinearModel_Alpha158_csi300_custom_step0_s_20260830_16,bf5c9b209a4d473ea85752cc9895256d,0.098,,,
537,2026-08-28,SH601600,-0.11257632076740265,EXP_LinearModel_Alpha158_csi300_custom_step0_s_20260830_16,bf5c9b209a4d473ea85752cc9895256d,0.098,,,
538,2026-08-28,SH601456,0.08798081427812576,EXP_LinearModel_Alpha158_csi300_custom_step0_s_20260830_16,bf5c9b209a4d473ea85752cc9895256d,0.098,,,
539,2026-08-28,SH601398,0.040725741535425186,EXP_LinearModel_Alpha158_csi300_custom_step0_s_20260830_16,bf5c9b209a4d473ea85752cc9895256d,0.098,,,
540,2026-08-28,SH601628,-0.010458983480930328,EXP_LinearModel_Alpha158_csi300_custom_step0_s_20260830_16,bf5c9b209a4d473ea85752cc9895256d,0.098,,,
541,2026-08-28,SH601728,-0.01580744795501232,EXP_LinearModel_Alpha158_csi300_custom_step0_s_20260830_16,bf5c9b209a4d473ea85752cc9895256d,0.098,,,
542,2026-08-28,SH601766,0.028780804947018623,EXP_LinearModel_Alpha158_csi300_custom_step0_s_20260830_16,bf5c9b209a4d473ea85752cc9895256d,0.098,,,
543,2026-08-28,SH601788,0.01441435981541872,EXP_LinearModel_Alpha158_csi300_custom_step0_s_20260830_16,bf5c9b209a4d473ea85752cc9895256d,0.098,,,
544,2026-08-28,SH601901,0.03530029207468033,EXP_LinearModel_Alpha158_csi300_custom_step0_s_20260830_16,bf5c9b209a4d473ea85752cc9895256d,0.098,,,
545,2026-08-28,SH601899,-0.05762770026922226,EXP_LinearModel_Alpha158_csi300_custom_step0_s_20260830_16,bf5c9b209a4d473ea85752cc9895256d,0.098,,,
546,2026-08-28,SH601898,-0.11324400454759598,EXP_LinearModel_Alpha158_csi300_custom_step0_s_20260830_16,bf5c9b209a4d473ea85752cc9895256d,0.098,,,
547,2026-08-28,SH601888,-0.005364936776459217,EXP_LinearModel_Alpha158_csi300_custom_step0_s_20260830_16,bf5c9b209a4d473ea85752cc9895256d,0.098,,,
548,2026-08-28,SH601881,0.009339652955532074,EXP_LinearModel_Alpha158_csi300_custom_step0_s_20260830_16,bf5c9b209a4d473ea85752cc9895256d,0.098,,,
549,2026-08-28,SH601878,-0.000649433524813503,EXP_LinearModel_Alpha158_csi300_custom_step0_s_20260830_16,bf5c9b209a4d473ea85752cc9895256d,0.098,,,
550,2026-08-28,SH601877,0.004753950517624617,EXP_LinearModel_Alpha158_csi300_custom_step0_s_20260830_16,bf5c9b209a4d473ea85752cc9895256d,0.098,,,
551,2026-08-28,SH601872,0.026418257504701614,EXP_LinearModel_Alpha158_csi300_custom_step0_s_20260830_16,bf5c9b209a4d473ea85752cc9895256d,0.098,,,
552,2026-08-28,SH601868,0.025803234428167343,EXP_LinearModel_Alpha158_csi300_custom_step0_s_20260830_16,bf5c9b209a4d473ea85752cc9895256d,0.098,,,
553,2026-08-28,SH601857,-0.022887658327817917,EXP_LinearModel_Alpha158_csi300_custom_step0_s_20260830_16,bf5c9b209a4d473ea85752cc9895256d,0.098,,,
554,2026-08-28,SH601838,0.04927373677492142,EXP_LinearModel_Alpha158_csi300_custom_step0_s_20260830_16,bf5c9b209a4d473ea85752cc9895256d,0.098,,,
555,2026-08-28,SH601825,0.024683674797415733,EXP_LinearModel_Alpha158_csi300_custom_step0_s_20260830_16,bf5c9b209a4d473ea85752cc9895256d,0.098,,,
556,2026-08-28,SH601818,0.010126685723662376,EXP_LinearModel_Alpha158_csi300_custom_step0_s_20260830_16,bf5c9b209a4d473ea85752cc9895256d,0.098,,,
557,2026-08-28,SH601816,0.0010613893391564488,EXP_LinearModel_Alpha158_csi300_custom_step0_s_20260830_16,bf5c9b209a4d473ea85752cc9895256d,0.098,,,
558,2026-08-28,SH601800,-0.03518415242433548,EXP_LinearModel_Alpha158_csi300_custom_step0_s_20260830_16,bf5c9b209a4d473ea85752cc9895256d,0.098,,,
559,2026-08-28,SH601390,-0.029770798981189728,EXP_LinearModel_Alpha158_csi300_custom_step0_s_20260830_16,bf5c9b209a4d473ea85752cc9895256d,0.098,,,
560,2026-08-28,SH601377,-0.01673518680036068,EXP_LinearModel_Alpha158_csi300_custom_step0_s_20260830_16,bf5c9b209a4d473ea85752cc9895256d,0.098,,,
561,2026-08-28,SH601360,0.02383829839527607,EXP_LinearModel_Alpha158_csi300_custom_step0_s_20260830_16,bf5c9b209a4d473ea85752cc9895256d,0.098,,,
562,2026-08-28,SH601336,-0.021634073927998543,EXP_LinearModel_Alpha158_csi300_custom_step0_s_20260830_16,bf5c9b209a4d473ea85752cc9895256d,0.098,,,
563,2026-08-28,SH601066,0.04176310449838638,EXP_LinearModel_Alpha158_csi300_custom_step0_s_20260830_16,bf5c9b209a4d473ea85752cc9895256d,0.098,,,
564,2026-08-28,SH601059,0.013825099915266037,EXP_LinearModel_Alpha158_csi300_custom_step0_s_20260830_16,bf5c9b209a4d473ea85752cc9895256d,0.098,,,
565,2026-08-28,SH601058,0.0028909642715007067,EXP_LinearModel_Alpha158_csi300_custom_step0_s_20260830_16,bf5c9b209a4d473ea85752cc9895256d,0.098,,,
566,2026-08-28,SH601021,-0.010300634428858757,EXP_LinearModel_Alpha158_csi300_custom_step0_s_20260830_16,bf5c9b209a4d473ea85752cc9895256d,0.098,,,
567,2026-08-28,SH601018,0.03670159727334976,EXP_LinearModel_Alpha158_csi300_custom_step0_s_20260830_16,bf5c9b209a4d473ea85752cc9895256d,0.098,,,
568,2026-08-28,SH601012,-0.035941045731306076,EXP_LinearModel_Alpha158_csi300_custom_step0_s_20260830_16,bf5c9b209a4d473ea85752cc9895256d,0.098,,,
569,2026-08-28,SH601009,0.023466354236006737,EXP_LinearModel_Alpha158_csi300_custom_step0_s_20260830_16,bf5c9b209a4d473ea85752cc9895256d,0.098,,,
570,2026-08-28,SH601006,-0.002868457231670618,EXP_LinearModel_Alpha158_csi300_custom_step0_s_20260830_16,bf5c9b209a4d473ea85752cc9895256d,0.098,,,
571,2026-08-28,SH600999,0.05313650518655777,EXP_LinearModel_Alpha158_csi300_custom_step0_s_20260830_16,bf5c9b209a4d473ea85752cc9895256d,0.098,,,
572,2026-08-28,SH600989,-0.03929472342133522,EXP_LinearModel_Alpha158_csi300_custom_step0_s_20260830_16,bf5c9b209a4d473ea85752cc9895256d,0.098,,,
573,2026-08-28,SH600958,0.05435875058174133,EXP_LinearModel_Alpha158_csi300_custom_step0_s_20260830_16,bf5c9b209a4d473ea85752cc9895256d,0.098,,,
574,2026-08-28,SH600941,-0.013291364535689354,EXP_LinearModel_Alpha158_csi300_custom_step0_s_20260830_16,bf5c9b209a4d473ea85752cc9895256d,0.098,,,
575,2026-08-28,SH600938,-0.05270436778664589,EXP_LinearModel_Alpha158_csi300_custom_step0_s_20260830_16,bf5c9b209a4d473ea85752cc9895256d,0.098,,,
576,2026-08-28,SH600930,-0.04596670717000961,EXP_LinearModel_Alpha158_csi300_custom_step0_s_20260830_16,bf5c9b209a4d473ea85752cc9895256d,0.098,,,
577,2026-08-28,SH600926,0.04726447910070419,EXP_LinearModel_Alpha158_csi300_custom_step0_s_20260830_16,bf5c9b209a4d473ea85752cc9895256d,0.098,,,
578,2026-08-28,SH601077,0.0626140609383583,EXP_LinearModel_Alpha158_csi300_custom_step0_s_20260830_16,bf5c9b209a4d473ea85752cc9895256d,0.098,,,
579,2026-08-28,SH600918,-0.0010895157465711236,EXP_LinearModel_Alpha158_csi300_custom_step0_s_20260830_16,bf5c9b209a4d473ea85752cc9895256d,0.098,,,
580,2026-08-28,SH601088,0.009536854922771454,EXP_LinearModel_Alpha158_csi300_custom_step0_s_20260830_16,bf5c9b209a4d473ea85752cc9895256d,0.098,,,
581,2026-08-28,SH601111,-0.05484533682465553,EXP_LinearModel_Alpha158_csi300_custom_step0_s_20260830_16,bf5c9b209a4d473ea85752cc9895256d,0.098,,,
582,2026-08-28,SH601328,0.02471812069416046,EXP_LinearModel_Alpha158_csi300_custom_step0_s_20260830_16,bf5c9b209a4d473ea85752cc9895256d,0.098,,,
583,2026-08-28,SH601319,0.011366239748895168,EXP_LinearModel_Alpha158_csi300_custom_step0_s_20260830_16,bf5c9b209a4d473ea85752cc9895256d,0.098,,,
584,2026-08-28,SH601318,0.019548548385500908,EXP_LinearModel_Alpha158_csi300_custom_step0_s_20260830_16,bf5c9b209a4d473ea85752cc9895256d,0.098,,,
585,2026-08-28,SH601288,0.06445489823818207,EXP_LinearModel_Alpha158_csi300_custom_step0_s_20260830_16,bf5c9b209a4d473ea85752cc9895256d,0.098,,,
586,2026-08-28,SH601238,-0.05022602528333664,EXP_LinearModel_Alpha158_csi300_custom_step0_s_20260830_16,bf5c9b209a4d473ea85752cc9895256d,0.098,,,
587,2026-08-28,SH601229,0.06988225877285004,EXP_LinearModel_Alpha158_csi300_custom_step0_s_20260830_16,bf5c9b209a4d473ea85752cc9895256d,0.098,,,
588,2026-08-28,SH601225,-0.03699328005313873,EXP_LinearModel_Alpha158_csi300_custom_step0_s_20260830_16,bf5c9b209a4d473ea85752cc9895256d,0.098,,,
589,2026-08-28,SH601211,-0.006489007268100977,EXP_LinearModel_Alpha158_csi300_custom_step0_s_20260830_16,bf5c9b209a4d473ea85752cc9895256d,0.098,,,
590,2026-08-28,SH601186,-0.03448748216032982,EXP_LinearModel_Alpha158_csi300_custom_step0_s_20260830_16,bf5c9b209a4d473ea85752cc9895256d,0.098,,,
591,2026-08-28,SH601169,0.028268979862332344,EXP_LinearModel_Alpha158_csi300_custom_step0_s_20260830_16,bf5c9b209a4d473ea85752cc9895256d,0.098,,,
592,2026-08-28,SH601166,-0.0004243394359946251,EXP_LinearModel_Alpha158_csi300_custom_step0_s_20260830_16,bf5c9b209a4d473ea85752cc9895256d,0.098,,,
593,2026-08-28,SH601138,-0.1046471893787384,EXP_LinearModel_Alpha158_csi300_custom_step0_s_20260830_16,bf5c9b209a4d473ea85752cc9895256d,0.098,,,
594,2026-08-28,SH601136,-0.013538913801312447,EXP_LinearModel_Alpha158_csi300_custom_step0_s_20260830_16,bf5c9b209a4d473ea85752cc9895256d,0.098,,,
595,2026-08-28,SH601127,-0.026623504236340523,EXP_LinearModel_Alpha158_csi300_custom_step0_s_20260830_16,bf5c9b209a4d473ea85752cc9895256d,0.098,,,
596,2026-08-28,SH601117,0.01987113244831562,EXP_LinearModel_Alpha158_csi300_custom_step0_s_20260830_16,bf5c9b209a4d473ea85752cc9895256d,0.098,,,
597,2026-08-28,SH601100,0.007180136628448963,EXP_LinearModel_Alpha158_csi300_custom_step0_s_20260830_16,bf5c9b209a4d473ea85752cc9895256d,0.098,,,
598,2026-08-28,SZ301308,-0.1848948746919632,EXP_LinearModel_Alpha158_csi300_custom_step0_s_20260830_16,bf5c9b209a4d473ea85752cc9895256d,0.098,,,
599,2026-08-28,SH600000,0.012652138248085976,EXP_LinearModel_Alpha158_csi300_custom_step0_s_20260830_16,2d7725e4747643ac97b43472eee0f43a,0.072,,,
600,2026-08-28,SZ301308,0.2797208628701991,EXP_DEnsembleModel_Alpha158_csi300_custom_step0_s_20260830_16,0372e978af624ebaafd24cfa1027ea3a,0.026,,,
601,2026-08-28,SZ000617,-0.08124874678813375,EXP_DEnsembleModel_Alpha158_csi300_custom_step0_s_20260830_16,dc5c8d08bcab4d719d74d0142657a06d,0.026,,,
602,2026-08-28,SZ000596,-0.08017848771167509,EXP_DEnsembleModel_Alpha158_csi300_custom_step0_s_20260830_16,dc5c8d08bcab4d719d74d0142657a06d,0.026,,,
603,2026-08-28,SZ000568,0.03506566004860186,EXP_DEnsembleModel_Alpha158_csi300_custom_step0_s_20260830_16,dc5c8d08bcab4d719d74d0142657a06d,0.026,,,
604,2026-08-28,SZ000538,0.08336994225401115,EXP_DEnsembleModel_Alpha158_csi300_custom_step0_s_20260830_16,dc5c8d08bcab4d719d74d0142657a06d,0.026,,,
605,2026-08-28,SZ000425,0.026913504392821013,EXP_DEnsembleModel_Alpha158_csi300_custom_step0_s_20260830_16,dc5c8d08bcab4d719d74d0142657a06d,0.026,,,
606,2026-08-28,SZ000408,0.009150033593096197,EXP_DEnsembleModel_Alpha158_csi300_custom_step0_s_20260830_16,dc5c8d08bcab4d719d74d0142657a06d,0.026,,,
607,2026-08-28,SZ000625,0.05185831355616085,EXP_DEnsembleModel_Alpha158_csi300_custom_step0_s_20260830_16,dc5c8d08bcab4d719d74d0142657a06d,0.026,,,
608,2026-08-28,SZ000338,0.0388718914756433,EXP_DEnsembleModel_Alpha158_csi300_custom_step0_s_20260830_16,dc5c8d08bcab4d719d74d0142657a06d,0.026,,,
609,2026-08-28,SZ000301,0.07729371445025417,EXP_DEnsembleModel_Alpha158_csi300_custom_step0_s_20260830_16,dc5c8d08bcab4d719d74d0142657a06d,0.026,,,
610,2026-08-28,SZ000166,0.093202004413931,EXP_DEnsembleModel_Alpha158_csi300_custom_step0_s_20260830_16,dc5c8d08bcab4d719d74d0142657a06d,0.026,,,
611,2026-08-28,SZ000157,-0.07383676561436024,EXP_DEnsembleModel_Alpha158_csi300_custom_step0_s_20260830_16,dc5c8d08bcab4d719d74d0142657a06d,0.026,,,
612,2026-08-28,SZ000100,-0.04129574842200549,EXP_DEnsembleModel_Alpha158_csi300_custom_step0_s_20260830_16,dc5c8d08bcab4d719d74d0142657a06d,0.026,,,
613,2026-08-28,SZ000063,-0.030980468708924253,EXP_DEnsembleModel_Alpha158_csi300_custom_step0_s_20260830_16,dc5c8d08bcab4d719d74d0142657a06d,0.026,,,
614,2026-08-28,SZ000002,0.06034307715407777,EXP_DEnsembleModel_Alpha158_csi300_custom_step0_s_20260830_16,dc5c8d08bcab4d719d74d0142657a06d,0.026,,,
615,2026-08-28,SZ000333,0.05624788689103703,EXP_DEnsembleModel_Alpha158_csi300_custom_step0_s_20260830_16,dc5c8d08bcab4d719d74d0142657a06d,0.026,,,
616,2026-08-28,SZ000630,-0.09167612801778255,EXP_DEnsembleModel_Alpha158_csi300_custom_step0_s_20260830_16,dc5c8d08bcab4d719d74d0142657a06d,0.026,,,
617,2026-08-28,SZ000651,0.09443743366795142,EXP_DEnsembleModel_Alpha158_csi300_custom_step0_s_20260830_16,dc5c8d08bcab4d719d74d0142657a06d,0.026,,,
618,2026-08-28,SZ000657,0.03279123701259508,EXP_DEnsembleModel_Alpha158_csi300_custom_step0_s_20260830_16,dc5c8d08bcab4d719d74d0142657a06d,0.026,,,
619,2026-08-28,SZ001280,-0.11028379609473507,EXP_DEnsembleModel_Alpha158_csi300_custom_step0_s_20260830_16,dc5c8d08bcab4d719d74d0142657a06d,0.026,,,
620,2026-08-28,SZ000999,0.07539874408300447,EXP_DEnsembleModel_Alpha158_csi300_custom_step0_s_20260830_16,dc5c8d08bcab4d719d74d0142657a06d,0.026,,,
621,2026-08-28,SZ000988,0.02051552859817391,EXP_DEnsembleModel_Alpha158_csi300_custom_step0_s_20260830_16,dc5c8d08bcab4d719d74d0142657a06d,0.026,,,
622,2026-08-28,SZ000977,-0.04795377622480875,EXP_DEnsembleModel_Alpha158_csi300_custom_step0_s_20260830_16,dc5c8d08bcab4d719d74d0142657a06d,0.026,,,
623,2026-08-28,SZ000975,0.07619552152324367,EXP_DEnsembleModel_Alpha158_csi300_custom_step0_s_20260830_16,dc5c8d08bcab4d719d74d0142657a06d,0.026,,,
624,2026-08-28,SZ000963,-0.032821600945516734,EXP_DEnsembleModel_Alpha158_csi300_custom_step0_s_20260830_16,dc5c8d08bcab4d719d74d0142657a06d,0.026,,,
625,2026-08-28,SZ000938,-0.013302910494156025,EXP_DEnsembleModel_Alpha158_csi300_custom_step0_s_20260830_16,dc5c8d08bcab4d719d74d0142657a06d,0.026,,,
626,2026-08-28,SZ000895,0.1306289591007593,EXP_DEnsembleModel_Alpha158_csi300_custom_step0_s_20260830_16,dc5c8d08bcab4d719d74d0142657a06d,0.026,,,
627,2026-08-28,SZ000858,0.017011065528678114,EXP_DEnsembleModel_Alpha158_csi300_custom_step0_s_20260830_16,dc5c8d08bcab4d719d74d0142657a06d,0.026,,,
628,2026-08-28,SZ000807,-0.019942819546050497,EXP_DEnsembleModel_Alpha158_csi300_custom_step0_s_20260830_16,dc5c8d08bcab4d719d74d0142657a06d,0.026,,,
629,2026-08-28,SZ000792,-0.0502684733537179,EXP_DEnsembleModel_Alpha158_csi300_custom_step0_s_20260830_16,dc5c8d08bcab4d719d74d0142657a06d,0.026,,,
630,2026-08-28,SZ000776,-0.02330459460864876,EXP_DEnsembleModel_Alpha158_csi300_custom_step0_s_20260830_16,dc5c8d08bcab4d719d74d0142657a06d,0.026,,,
631,2026-08-28,SZ000768,0.0680044852374027,EXP_DEnsembleModel_Alpha158_csi300_custom_step0_s_20260830_16,dc5c8d08bcab4d719d74d0142657a06d,0.026,,,
632,2026-08-28,SZ000725,-0.11857167946271215,EXP_DEnsembleModel_Alpha158_csi300_custom_step0_s_20260830_16,dc5c8d08bcab4d719d74d0142657a06d,0.026,,,
633,2026-08-28,SZ000708,0.10663677709225546,EXP_DEnsembleModel_Alpha158_csi300_custom_step0_s_20260830_16,dc5c8d08bcab4d719d74d0142657a06d,0.026,,,
634,2026-08-28,SZ000001,0.09689627452400568,EXP_DEnsembleModel_Alpha158_csi300_custom_step0_s_20260830_16,dc5c8d08bcab4d719d74d0142657a06d,0.026,,,
635,2026-08-28,SH688981,-0.06091974917989393,EXP_DEnsembleModel_Alpha158_csi300_custom_step0_s_20260830_16,dc5c8d08bcab4d719d74d0142657a06d,0.026,,,
636,2026-08-28,SH688521,-0.022443812911509268,EXP_DEnsembleModel_Alpha158_csi300_custom_step0_s_20260830_16,dc5c8d08bcab4d719d74d0142657a06d,0.026,,,
637,2026-08-28,SH688506,-0.05517384704315321,EXP_DEnsembleModel_Alpha158_csi300_custom_step0_s_20260830_16,dc5c8d08bcab4d719d74d0142657a06d,0.026,,,
638,2026-08-28,SH603993,-0.16105562857330188,EXP_DEnsembleModel_Alpha158_csi300_custom_step0_s_20260830_16,dc5c8d08bcab4d719d74d0142657a06d,0.026,,,
639,2026-08-28,SH603986,0.07687029869317674,EXP_DEnsembleModel_Alpha158_csi300_custom_step0_s_20260830_16,dc5c8d08bcab4d719d74d0142657a06d,0.026,,,
640,2026-08-28,SH603893,0.027609598060156414,EXP_DEnsembleModel_Alpha158_csi300_custom_step0_s_20260830_16,dc5c8d08bcab4d719d74d0142657a06d,0.026,,,
641,2026-08-28,SH603799,-0.04248702270156923,EXP_DEnsembleModel_Alpha158_csi300_custom_step0_s_20260830_16,dc5c8d08bcab4d719d74d0142657a06d,0.026,,,
642,2026-08-28,SH603501,-0.003663153573617658,EXP_DEnsembleModel_Alpha158_csi300_custom_step0_s_20260830_16,dc5c8d08bcab4d719d74d0142657a06d,0.026,,,
643,2026-08-28,SH603392,-0.061646776621536385,EXP_DEnsembleModel_Alpha158_csi300_custom_step0_s_20260830_16,dc5c8d08bcab4d719d74d0142657a06d,0.026,,,
644,2026-08-28,SH603369,-0.017172266100336824,EXP_DEnsembleModel_Alpha158_csi300_custom_step0_s_20260830_16,dc5c8d08bcab4d719d74d0142657a06d,0.026,,,
645,2026-08-28,SH603296,-0.005258176697714183,EXP_DEnsembleModel_Alpha158_csi300_custom_step0_s_20260830_16,dc5c8d08bcab4d719d74d0142657a06d,0.026,,,
646,2026-08-28,SH603288,0.002452659672116111,EXP_DEnsembleModel_Alpha158_csi300_custom_step0_s_20260830_16,dc5c8d08bcab4d719d74d0142657a06d,0.026,,,
647,2026-08-28,SH603260,-0.10018176962776858,EXP_DEnsembleModel_Alpha158_csi300_custom_step0_s_20260830_16,dc5c8d08bcab4d719d74d0142657a06d,0.026,,,
648,2026-08-28,SH603259,0.12574592811525984,EXP_DEnsembleModel_Alpha158_csi300_custom_step0_s_20260830_16,dc5c8d08bcab4d719d74d0142657a06d,0.026,,,
649,2026-08-28,SH603019,-0.008792781292759696,EXP_DEnsembleModel_Alpha158_csi300_custom_step0_s_20260830_16,dc5c8d08bcab4d719d74d0142657a06d,0.026,,,
650,2026-08-28,SH601998,-0.022196625576251038,EXP_DEnsembleModel_Alpha158_csi300_custom_step0_s_20260830_16,dc5c8d08bcab4d719d74d0142657a06d,0.026,,,
651,2026-08-28,SH601995,0.03251825271943157,EXP_DEnsembleModel_Alpha158_csi300_custom_step0_s_20260830_16,dc5c8d08bcab4d719d74d0142657a06d,0.026,,,
652,2026-08-28,SH601988,0.08973776062380175,EXP_DEnsembleModel_Alpha158_csi300_custom_step0_s_20260830_16,dc5c8d08bcab4d719d74d0142657a06d,0.026,,,
653,2026-08-28,SH605117,-0.1731283119870042,EXP_DEnsembleModel_Alpha158_csi300_custom_step0_s_20260830_16,dc5c8d08bcab4d719d74d0142657a06d,0.026,,,
654,2026-08-28,SZ001391,0.05921119179225075,EXP_DEnsembleModel_Alpha158_csi300_custom_step0_s_20260830_16,dc5c8d08bcab4d719d74d0142657a06d,0.026,,,
655,2026-08-28,SH605499,-0.008240700048738727,EXP_DEnsembleModel_Alpha158_csi300_custom_step0_s_20260830_16,dc5c8d08bcab4d719d74d0142657a06d,0.026,,,
656,2026-08-28,SH688009,0.07702492351285525,EXP_DEnsembleModel_Alpha158_csi300_custom_step0_s_20260830_16,dc5c8d08bcab4d719d74d0142657a06d,0.026,,,
657,2026-08-28,SH688472,-0.01874107064173634,EXP_DEnsembleModel_Alpha158_csi300_custom_step0_s_20260830_16,dc5c8d08bcab4d719d74d0142657a06d,0.026,,,
658,2026-08-28,SH688396,0.026067917089796454,EXP_DEnsembleModel_Alpha158_csi300_custom_step0_s_20260830_16,dc5c8d08bcab4d719d74d0142657a06d,0.026,,,
659,2026-08-28,SH688303,-0.06671543006998311,EXP_DEnsembleModel_Alpha158_csi300_custom_step0_s_20260830_16,dc5c8d08bcab4d719d74d0142657a06d,0.026,,,
660,2026-08-28,SH688271,0.0022533693217178003,EXP_DEnsembleModel_Alpha158_csi300_custom_step0_s_20260830_16,dc5c8d08bcab4d719d74d0142657a06d,0.026,,,
661,2026-08-28,SH688256,-0.026961648688285603,EXP_DEnsembleModel_Alpha158_csi300_custom_step0_s_20260830_16,dc5c8d08bcab4d719d74d0142657a06d,0.026,,,
662,2026-08-28,SH688223,-0.06859944983418421,EXP_DEnsembleModel_Alpha158_csi300_custom_step0_s_20260830_16,dc5c8d08bcab4d719d74d0142657a06d,0.026,,,
663,2026-08-28,SH688183,0.22721963084119595,EXP_DEnsembleModel_Alpha158_csi300_custom_step0_s_20260830_16,dc5c8d08bcab4d719d74d0142657a06d,0.026,,,
664,2026-08-28,SH688126,-0.03448750892938914,EXP_DEnsembleModel_Alpha158_csi300_custom_step0_s_20260830_16,dc5c8d08bcab4d719d74d0142657a06d,0.026,,,
665,2026-08-28,SH688111,-0.056288789597069185,EXP_DEnsembleModel_Alpha158_csi300_custom_step0_s_20260830_16,dc5c8d08bcab4d719d74d0142657a06d,0.026,,,
666,2026-08-28,SH688082,-0.019516339137417123,EXP_DEnsembleModel_Alpha158_csi300_custom_step0_s_20260830_16,dc5c8d08bcab4d719d74d0142657a06d,0.026,,,
667,2026-08-28,SH688072,-0.06046229034020945,EXP_DEnsembleModel_Alpha158_csi300_custom_step0_s_20260830_16,dc5c8d08bcab4d719d74d0142657a06d,0.026,,,
668,2026-08-28,SH688047,-0.03873098364343987,EXP_DEnsembleModel_Alpha158_csi300_custom_step0_s_20260830_16,dc5c8d08bcab4d719d74d0142657a06d,0.026,,,
669,2026-08-28,SH688041,0.045649865072294876,EXP_DEnsembleModel_Alpha158_csi300_custom_step0_s_20260830_16,dc5c8d08bcab4d719d74d0142657a06d,0.026,,,
670,2026-08-28,SH688036,-0.006684686963010027,EXP_DEnsembleModel_Alpha158_csi300_custom_step0_s_20260830_16,dc5c8d08bcab4d719d74d0142657a06d,0.026,,,
671,2026-08-28,SH688012,-0.09434601645449998,EXP_DEnsembleModel_Alpha158_csi300_custom_step0_s_20260830_16,dc5c8d08bcab4d719d74d0142657a06d,0.026,,,
672,2026-08-28,SH688008,-0.06407529325459106,EXP_DEnsembleModel_Alpha158_csi300_custom_step0_s_20260830_16,dc5c8d08bcab4d719d74d0142657a06d,0.026,,,
673,2026-08-28,SH601985,0.12086126604159413,EXP_DEnsembleModel_Alpha158_csi300_custom_step0_s_20260830_16,dc5c8d08bcab4d719d74d0142657a06d,0.026,,,
674,2026-08-28,SZ001965,-0.065041266124632,EXP_DEnsembleModel_Alpha158_csi300_custom_step0_s_20260830_16,dc5c8d08bcab4d719d74d0142657a06d,0.026,,,
675,2026-08-28,SZ002001,-0.024323336540651757,EXP_DEnsembleModel_Alpha158_csi300_custom_step0_s_20260830_16,dc5c8d08bcab4d719d74d0142657a06d,0.026,,,
676,2026-08-28,SZ300413,0.033321797345330195,EXP_DEnsembleModel_Alpha158_csi300_custom_step0_s_20260830_16,dc5c8d08bcab4d719d74d0142657a06d,0.026,,,
677,2026-08-28,SZ300408,0.060431581831835945,EXP_DEnsembleModel_Alpha158_csi300_custom_step0_s_20260830_16,dc5c8d08bcab4d719d74d0142657a06d,0.026,,,
678,2026-08-28,SZ300394,0.17509993496002976,EXP_DEnsembleModel_Alpha158_csi300_custom_step0_s_20260830_16,dc5c8d08bcab4d719d74d0142657a06d,0.026,,,
679,2026-08-28,SZ300316,-0.06568027626553119,EXP_DEnsembleModel_Alpha158_csi300_custom_step0_s_20260830_16,dc5c8d08bcab4d719d74d0142657a06d,0.026,,,
680,2026-08-28,SZ300308,0.07921757135672945,EXP_DEnsembleModel_Alpha158_csi300_custom_step0_s_20260830_16,dc5c8d08bcab4d719d74d0142657a06d,0.026,,,
681,2026-08-28,SZ300274,-0.010818918660929175,EXP_DEnsembleModel_Alpha158_csi300_custom_step0_s_20260830_16,dc5c8d08bcab4d719d74d0142657a06d,0.026,,,
682,2026-08-28,SZ300418,-0.009135470905715922,EXP_DEnsembleModel_Alpha158_csi300_custom_step0_s_20260830_16,dc5c8d08bcab4d719d74d0142657a06d,0.026,,,
683,2026-08-28,SZ300251,-0.0182349613705608,EXP_DEnsembleModel_Alpha158_csi300_custom_step0_s_20260830_16,dc5c8d08bcab4d719d74d0142657a06d,0.026,,,
684,2026-08-28,SZ300122,0.019255945368703068,EXP_DEnsembleModel_Alpha158_csi300_custom_step0_s_20260830_16,dc5c8d08bcab4d719d74d0142657a06d,0.026,,,
685,2026-08-28,SZ300059,0.0182601959880025,EXP_DEnsembleModel_Alpha158_csi300_custom_step0_s_20260830_16,dc5c8d08bcab4d719d74d0142657a06d,0.026,,,
686,2026-08-28,SZ300033,-0.0239050194085438,EXP_DEnsembleModel_Alpha158_csi300_custom_step0_s_20260830_16,dc5c8d08bcab4d719d74d0142657a06d,0.026,,,
687,2026-08-28,SZ300015,-0.04614475130457581,EXP_DEnsembleModel_Alpha158_csi300_custom_step0_s_20260830_16,dc5c8d08bcab4d719d74d0142657a06d,0.026,,,
688,2026-08-28,SZ300014,0.01098319384734817,EXP_DEnsembleModel_Alpha158_csi300_custom_step0_s_20260830_16,dc5c8d08bcab4d719d74d0142657a06d,0.026,,,
689,2026-08-28,SZ003816,0.018698413950060364,EXP_DEnsembleModel_Alpha158_csi300_custom_step0_s_20260830_16,dc5c8d08bcab4d719d74d0142657a06d,0.026,,,
690,2026-08-28,SZ300124,-0.035000005049132095,EXP_DEnsembleModel_Alpha158_csi300_custom_step0_s_20260830_16,dc5c8d08bcab4d719d74d0142657a06d,0.026,,,
691,2026-08-28,SZ300433,-0.026865011109269796,EXP_DEnsembleModel_Alpha158_csi300_custom_step0_s_20260830_16,dc5c8d08bcab4d719d74d0142657a06d,0.026,,,
692,2026-08-28,SZ300442,-0.01976150909770949,EXP_DEnsembleModel_Alpha158_csi300_custom_step0_s_20260830_16,dc5c8d08bcab4d719d74d0142657a06d,0.026,,,
693,2026-08-28,SZ300450,-0.05501935193414991,EXP_DEnsembleModel_Alpha158_csi300_custom_step0_s_20260830_16,dc5c8d08bcab4d719d74d0142657a06d,0.026,,,
694,2026-08-28,SZ301269,-0.17087007852727137,EXP_DEnsembleModel_Alpha158_csi300_custom_step0_s_20260830_16,dc5c8d08bcab4d719d74d0142657a06d,0.026,,,
695,2026-08-28,SZ301236,-0.0616051277738013,EXP_DEnsembleModel_Alpha158_csi300_custom_step0_s_20260830_16,dc5c8d08bcab4d719d74d0142657a06d,0.026,,,
696,2026-08-28,SZ301165,0.14564445034329418,EXP_DEnsembleModel_Alpha158_csi300_custom_step0_s_20260830_16,dc5c8d08bcab4d719d74d0142657a06d,0.026,,,
697,2026-08-28,SZ300999,0.031810433407524416,EXP_DEnsembleModel_Alpha158_csi300_custom_step0_s_20260830_16,dc5c8d08bcab4d719d74d0142657a06d,0.026,,,
698,2026-08-28,SZ300896,-0.02261472906483123,EXP_DEnsembleModel_Alpha158_csi300_custom_step0_s_20260830_16,dc5c8d08bcab4d719d74d0142657a06d,0.026,,,
699,2026-08-28,SZ300866,-0.08399825064902715,EXP_DEnsembleModel_Alpha158_csi300_custom_step0_s_20260830_16,dc5c8d08bcab4d719d74d0142657a06d,0.026,,,
700,2026-08-28,SZ300832,-0.04542240491855377,EXP_DEnsembleModel_Alpha158_csi300_custom_step0_s_20260830_16,dc5c8d08bcab4d719d74d0142657a06d,0.026,,,
701,2026-08-28,SZ300803,-0.03287652068688779,EXP_DEnsembleModel_Alpha158_csi300_custom_step0_s_20260830_16,dc5c8d08bcab4d719d74d0142657a06d,0.026,,,
702,2026-08-28,SZ300760,-0.040108998801678834,EXP_DEnsembleModel_Alpha158_csi300_custom_step0_s_20260830_16,dc5c8d08bcab4d719d74d0142657a06d,0.026,,,
703,2026-08-28,SZ300750,0.012412500747722644,EXP_DEnsembleModel_Alpha158_csi300_custom_step0_s_20260830_16,dc5c8d08bcab4d719d74d0142657a06d,0.026,,,
704,2026-08-28,SZ300661,0.09248934156221347,EXP_DEnsembleModel_Alpha158_csi300_custom_step0_s_20260830_16,dc5c8d08bcab4d719d74d0142657a06d,0.026,,,
705,2026-08-28,SZ300628,-0.04307912907528706,EXP_DEnsembleModel_Alpha158_csi300_custom_step0_s_20260830_16,dc5c8d08bcab4d719d74d0142657a06d,0.026,,,
706,2026-08-28,SZ300502,0.2562393339304969,EXP_DEnsembleModel_Alpha158_csi300_custom_step0_s_20260830_16,dc5c8d08bcab4d719d74d0142657a06d,0.026,,,
707,2026-08-28,SZ300498,0.030621391241091485,EXP_DEnsembleModel_Alpha158_csi300_custom_step0_s_20260830_16,dc5c8d08bcab4d719d74d0142657a06d,0.026,,,
708,2026-08-28,SZ300476,0.13911177909593495,EXP_DEnsembleModel_Alpha158_csi300_custom_step0_s_20260830_16,dc5c8d08bcab4d719d74d0142657a06d,0.026,,,
709,2026-08-28,SZ002938,-0.031536700243578075,EXP_DEnsembleModel_Alpha158_csi300_custom_step0_s_20260830_16,dc5c8d08bcab4d719d74d0142657a06d,0.026,,,
710,2026-08-28,SZ002920,0.005012658862707574,EXP_DEnsembleModel_Alpha158_csi300_custom_step0_s_20260830_16,dc5c8d08bcab4d719d74d0142657a06d,0.026,,,
711,2026-08-28,SZ002916,-0.044436650394771064,EXP_DEnsembleModel_Alpha158_csi300_custom_step0_s_20260830_16,dc5c8d08bcab4d719d74d0142657a06d,0.026,,,
712,2026-08-28,SZ002837,0.08426310673400184,EXP_DEnsembleModel_Alpha158_csi300_custom_step0_s_20260830_16,dc5c8d08bcab4d719d74d0142657a06d,0.026,,,
713,2026-08-28,SZ002353,0.05777530667691771,EXP_DEnsembleModel_Alpha158_csi300_custom_step0_s_20260830_16,dc5c8d08bcab4d719d74d0142657a06d,0.026,,,
714,2026-08-28,SZ002352,0.07898790778315297,EXP_DEnsembleModel_Alpha158_csi300_custom_step0_s_20260830_16,dc5c8d08bcab4d719d74d0142657a06d,0.026,,,
715,2026-08-28,SZ002311,0.01953438822251061,EXP_DEnsembleModel_Alpha158_csi300_custom_step0_s_20260830_16,dc5c8d08bcab4d719d74d0142657a06d,0.026,,,
716,2026-08-28,SZ002304,0.07288400900945625,EXP_DEnsembleModel_Alpha158_csi300_custom_step0_s_20260830_16,dc5c8d08bcab4d719d74d0142657a06d,0.026,,,
717,2026-08-28,SZ002241,-0.06840646245340531,EXP_DEnsembleModel_Alpha158_csi300_custom_step0_s_20260830_16,dc5c8d08bcab4d719d74d0142657a06d,0.026,,,
718,2026-08-28,SZ002236,0.1392224356864489,EXP_DEnsembleModel_Alpha158_csi300_custom_step0_s_20260830_16,dc5c8d08bcab4d719d74d0142657a06d,0.026,,,
719,2026-08-28,SZ002230,0.0019328446273582235,EXP_DEnsembleModel_Alpha158_csi300_custom_step0_s_20260830_16,dc5c8d08bcab4d719d74d0142657a06d,0.026,,,
720,2026-08-28,SZ002202,-0.03646460237107684,EXP_DEnsembleModel_Alpha158_csi300_custom_step0_s_20260830_16,dc5c8d08bcab4d719d74d0142657a06d,0.026,,,
721,2026-08-28,SZ002179,-0.07703468081735275,EXP_DEnsembleModel_Alpha158_csi300_custom_step0_s_20260830_16,dc5c8d08bcab4d719d74d0142657a06d,0.026,,,
722,2026-08-28,SZ002142,-0.0025898131320070687,EXP_DEnsembleModel_Alpha158_csi300_custom_step0_s_20260830_16,dc5c8d08bcab4d719d74d0142657a06d,0.026,,,
723,2026-08-28,SZ002074,-0.009437965479835072,EXP_DEnsembleModel_Alpha158_csi300_custom_step0_s_20260830_16,dc5c8d08bcab4d719d74d0142657a06d,0.026,,,
724,2026-08-28,SZ002050,-0.04987105962907465,EXP_DEnsembleModel_Alpha158_csi300_custom_step0_s_20260830_16,dc5c8d08bcab4d719d74d0142657a06d,0.026,,,
725,2026-08-28,SZ002049,-0.04732688162535957,EXP_DEnsembleModel_Alpha158_csi300_custom_step0_s_20260830_16,dc5c8d08bcab4d719d74d0142657a06d,0.026,,,
726,2026-08-28,SZ002028,0.05743746901472137,EXP_DEnsembleModel_Alpha158_csi300_custom_step0_s_20260830_16,dc5c8d08bcab4d719d74d0142657a06d,0.026,,,
727,2026-08-28,SZ002027,0.13630111539732964,EXP_DEnsembleModel_Alpha158_csi300_custom_step0_s_20260830_16,dc5c8d08bcab4d719d74d0142657a06d,0.026,,,
728,2026-08-28,SZ002371,-0.007637240296138096,EXP_DEnsembleModel_Alpha158_csi300_custom_step0_s_20260830_16,dc5c8d08bcab4d719d74d0142657a06d,0.026,,,
729,2026-08-28,SZ001979,-0.0074229836154195185,EXP_DEnsembleModel_Alpha158_csi300_custom_step0_s_20260830_16,dc5c8d08bcab4d719d74d0142657a06d,0.026,,,
730,2026-08-28,SZ002384,0.07987278310541457,EXP_DEnsembleModel_Alpha158_csi300_custom_step0_s_20260830_16,dc5c8d08bcab4d719d74d0142657a06d,0.026,,,
731,2026-08-28,SZ002422,0.07275229952328952,EXP_DEnsembleModel_Alpha158_csi300_custom_step0_s_20260830_16,dc5c8d08bcab4d719d74d0142657a06d,0.026,,,
732,2026-08-28,SZ002736,0.07064763410407238,EXP_DEnsembleModel_Alpha158_csi300_custom_step0_s_20260830_16,dc5c8d08bcab4d719d74d0142657a06d,0.026,,,
733,2026-08-28,SZ002714,-0.03750462662345455,EXP_DEnsembleModel_Alpha158_csi300_custom_step0_s_20260830_16,dc5c8d08bcab4d719d74d0142657a06d,0.026,,,
734,2026-08-28,SZ002709,-0.043165207040411345,EXP_DEnsembleModel_Alpha158_csi300_custom_step0_s_20260830_16,dc5c8d08bcab4d719d74d0142657a06d,0.026,,,
735,2026-08-28,SZ002648,0.06667357909562063,EXP_DEnsembleModel_Alpha158_csi300_custom_step0_s_20260830_16,dc5c8d08bcab4d719d74d0142657a06d,0.026,,,
736,2026-08-28,SZ002625,-0.057961266445973596,EXP_DEnsembleModel_Alpha158_csi300_custom_step0_s_20260830_16,dc5c8d08bcab4d719d74d0142657a06d,0.026,,,
737,2026-08-28,SZ002602,0.058525578402012536,EXP_DEnsembleModel_Alpha158_csi300_custom_step0_s_20260830_16,dc5c8d08bcab4d719d74d0142657a06d,0.026,,,
738,2026-08-28,SZ002600,-0.04490859252501226,EXP_DEnsembleModel_Alpha158_csi300_custom_step0_s_20260830_16,dc5c8d08bcab4d719d74d0142657a06d,0.026,,,
739,2026-08-28,SZ002594,0.0734988019321102,EXP_DEnsembleModel_Alpha158_csi300_custom_step0_s_20260830_16,dc5c8d08bcab4d719d74d0142657a06d,0.026,,,
740,2026-08-28,SZ002558,0.031301592259138256,EXP_DEnsembleModel_Alpha158_csi300_custom_step0_s_20260830_16,dc5c8d08bcab4d719d74d0142657a06d,0.026,,,
741,2026-08-28,SZ002532,-0.0949330445571804,EXP_DEnsembleModel_Alpha158_csi300_custom_step0_s_20260830_16,dc5c8d08bcab4d719d74d0142657a06d,0.026,,,
742,2026-08-28,SZ002493,-0.23042291755823377,EXP_DEnsembleModel_Alpha158_csi300_custom_step0_s_20260830_16,dc5c8d08bcab4d719d74d0142657a06d,0.026,,,
743,2026-08-28,SZ002475,0.04881005577669901,EXP_DEnsembleModel_Alpha158_csi300_custom_step0_s_20260830_16,dc5c8d08bcab4d719d74d0142657a06d,0.026,,,
744,2026-08-28,SZ002466,-0.04978698277822018,EXP_DEnsembleModel_Alpha158_csi300_custom_step0_s_20260830_16,dc5c8d08bcab4d719d74d0142657a06d,0.026,,,
745,2026-08-28,SZ002463,-0.05885836204361989,EXP_DEnsembleModel_Alpha158_csi300_custom_step0_s_20260830_16,dc5c8d08bcab4d719d74d0142657a06d,0.026,,,
746,2026-08-28,SZ002460,-0.07380428758597656,EXP_DEnsembleModel_Alpha158_csi300_custom_step0_s_20260830_16,dc5c8d08bcab4d719d74d0142657a06d,0.026,,,
747,2026-08-28,SZ002415,0.02043511833617507,EXP_DEnsembleModel_Alpha158_csi300_custom_step0_s_20260830_16,dc5c8d08bcab4d719d74d0142657a06d,0.026,,,
748,2026-08-28,SZ301308,-0.05392512735532746,EXP_DEnsembleModel_Alpha158_csi300_custom_step0_s_20260830_16,dc5c8d08bcab4d719d74d0142657a06d,0.026,,,
749,2026-08-28,SH601939,0.06859241888550971,EXP_DEnsembleModel_Alpha158_csi300_custom_step0_s_20260830_16,dc5c8d08bcab4d719d74d0142657a06d,0.026,,,
750,2026-08-28,SH601916,0.12880944459269877,EXP_DEnsembleModel_Alpha158_csi300_custom_step0_s_20260830_16,dc5c8d08bcab4d719d74d0142657a06d,0.026,,,
751,2026-08-28,SH600547,-0.03512241003459903,EXP_DEnsembleModel_Alpha158_csi300_custom_step0_s_20260830_16,dc5c8d08bcab4d719d74d0142657a06d,0.026,,,
752,2026-08-28,SH600522,0.0034658561890305033,EXP_DEnsembleModel_Alpha158_csi300_custom_step0_s_20260830_16,dc5c8d08bcab4d719d74d0142657a06d,0.026,,,
753,2026-08-28,SH600519,0.09869666408036352,EXP_DEnsembleModel_Alpha158_csi300_custom_step0_s_20260830_16,dc5c8d08bcab4d719d74d0142657a06d,0.026,,,
754,2026-08-28,SH600515,0.08536527268532439,EXP_DEnsembleModel_Alpha158_csi300_custom_step0_s_20260830_16,dc5c8d08bcab4d719d74d0142657a06d,0.026,,,
755,2026-08-28,SH600489,-0.03568898433204938,EXP_DEnsembleModel_Alpha158_csi300_custom_step0_s_20260830_16,dc5c8d08bcab4d719d74d0142657a06d,0.026,,,
756,2026-08-28,SH600482,-0.034379235562732084,EXP_DEnsembleModel_Alpha158_csi300_custom_step0_s_20260830_16,dc5c8d08bcab4d719d74d0142657a06d,0.026,,,
757,2026-08-28,SH600549,-0.10723774828233905,EXP_DEnsembleModel_Alpha158_csi300_custom_step0_s_20260830_16,dc5c8d08bcab4d719d74d0142657a06d,0.026,,,
758,2026-08-28,SH600460,0.006719671333114728,EXP_DEnsembleModel_Alpha158_csi300_custom_step0_s_20260830_16,dc5c8d08bcab4d719d74d0142657a06d,0.026,,,
759,2026-08-28,SH600436,0.05109070775109171,EXP_DEnsembleModel_Alpha158_csi300_custom_step0_s_20260830_16,dc5c8d08bcab4d719d74d0142657a06d,0.026,,,
760,2026-08-28,SH600426,-0.03593353594741298,EXP_DEnsembleModel_Alpha158_csi300_custom_step0_s_20260830_16,dc5c8d08bcab4d719d74d0142657a06d,0.026,,,
761,2026-08-28,SH600415,-0.05422791773307869,EXP_DEnsembleModel_Alpha158_csi300_custom_step0_s_20260830_16,dc5c8d08bcab4d719d74d0142657a06d,0.026,,,
762,2026-08-28,SH600406,0.043966008699089835,EXP_DEnsembleModel_Alpha158_csi300_custom_step0_s_20260830_16,dc5c8d08bcab4d719d74d0142657a06d,0.026,,,
763,2026-08-28,SH600372,0.06377219920358881,EXP_DEnsembleModel_Alpha158_csi300_custom_step0_s_20260830_16,dc5c8d08bcab4d719d74d0142657a06d,0.026,,,
764,2026-08-28,SH600362,-0.11575305816328825,EXP_DEnsembleModel_Alpha158_csi300_custom_step0_s_20260830_16,dc5c8d08bcab4d719d74d0142657a06d,0.026,,,
765,2026-08-28,SH600438,-0.11455570066024552,EXP_DEnsembleModel_Alpha158_csi300_custom_step0_s_20260830_16,dc5c8d08bcab4d719d74d0142657a06d,0.026,,,
766,2026-08-28,SH600570,0.04556621897561276,EXP_DEnsembleModel_Alpha158_csi300_custom_step0_s_20260830_16,dc5c8d08bcab4d719d74d0142657a06d,0.026,,,
767,2026-08-28,SH600584,-0.007767039113464671,EXP_DEnsembleModel_Alpha158_csi300_custom_step0_s_20260830_16,dc5c8d08bcab4d719d74d0142657a06d,0.026,,,
768,2026-08-28,SH600585,0.09062047463384458,EXP_DEnsembleModel_Alpha158_csi300_custom_step0_s_20260830_16,dc5c8d08bcab4d719d74d0142657a06d,0.026,,,
769,2026-08-28,SH600893,0.020456746286598774,EXP_DEnsembleModel_Alpha158_csi300_custom_step0_s_20260830_16,dc5c8d08bcab4d719d74d0142657a06d,0.026,,,
770,2026-08-28,SH600887,0.028484745452869963,EXP_DEnsembleModel_Alpha158_csi300_custom_step0_s_20260830_16,dc5c8d08bcab4d719d74d0142657a06d,0.026,,,
771,2026-08-28,SH600886,0.040829995379726515,EXP_DEnsembleModel_Alpha158_csi300_custom_step0_s_20260830_16,dc5c8d08bcab4d719d74d0142657a06d,0.026,,,
772,2026-08-28,SH600875,-0.09137234474863822,EXP_DEnsembleModel_Alpha158_csi300_custom_step0_s_20260830_16,dc5c8d08bcab4d719d74d0142657a06d,0.026,,,
773,2026-08-28,SH600845,0.02089762774151602,EXP_DEnsembleModel_Alpha158_csi300_custom_step0_s_20260830_16,dc5c8d08bcab4d719d74d0142657a06d,0.026,,,
774,2026-08-28,SH600809,-0.0385245816514742,EXP_DEnsembleModel_Alpha158_csi300_custom_step0_s_20260830_16,dc5c8d08bcab4d719d74d0142657a06d,0.026,,,
775,2026-08-28,SH600803,0.10998505619375222,EXP_DEnsembleModel_Alpha158_csi300_custom_step0_s_20260830_16,dc5c8d08bcab4d719d74d0142657a06d,0.026,,,
776,2026-08-28,SH600795,-0.007255789174978122,EXP_DEnsembleModel_Alpha158_csi300_custom_step0_s_20260830_16,dc5c8d08bcab4d719d74d0142657a06d,0.026,,,
777,2026-08-28,SH600760,0.14870837574136186,EXP_DEnsembleModel_Alpha158_csi300_custom_step0_s_20260830_16,dc5c8d08bcab4d719d74d0142657a06d,0.026,,,
778,2026-08-28,SH600741,0.07011609924660839,EXP_DEnsembleModel_Alpha158_csi300_custom_step0_s_20260830_16,dc5c8d08bcab4d719d74d0142657a06d,0.026,,,
779,2026-08-28,SH600690,0.07942788326376385,EXP_DEnsembleModel_Alpha158_csi300_custom_step0_s_20260830_16,dc5c8d08bcab4d719d74d0142657a06d,0.026,,,
780,2026-08-28,SH600674,0.06201213993421891,EXP_DEnsembleModel_Alpha158_csi300_custom_step0_s_20260830_16,dc5c8d08bcab4d719d74d0142657a06d,0.026,,,
781,2026-08-28,SH600660,0.06980388996940262,EXP_DEnsembleModel_Alpha158_csi300_custom_step0_s_20260830_16,dc5c8d08bcab4d719d74d0142657a06d,0.026,,,
782,2026-08-28,SH600600,0.07007933287133923,EXP_DEnsembleModel_Alpha158_csi300_custom_step0_s_20260830_16,dc5c8d08bcab4d719d74d0142657a06d,0.026,,,
783,2026-08-28,SH600588,0.13199449019456264,EXP_DEnsembleModel_Alpha158_csi300_custom_step0_s_20260830_16,dc5c8d08bcab4d719d74d0142657a06d,0.026,,,
784,2026-08-28,SH600346,0.016943068712513585,EXP_DEnsembleModel_Alpha158_csi300_custom_step0_s_20260830_16,dc5c8d08bcab4d719d74d0142657a06d,0.026,,,
785,2026-08-28,SH600309,0.07711703545232726,EXP_DEnsembleModel_Alpha158_csi300_custom_step0_s_20260830_16,dc5c8d08bcab4d719d74d0142657a06d,0.026,,,
786,2026-08-28,SH600276,-0.035557494714193234,EXP_DEnsembleModel_Alpha158_csi300_custom_step0_s_20260830_16,dc5c8d08bcab4d719d74d0142657a06d,0.026,,,
787,2026-08-28,SH600233,0.015819030821356765,EXP_DEnsembleModel_Alpha158_csi300_custom_step0_s_20260830_16,dc5c8d08bcab4d719d74d0142657a06d,0.026,,,
788,2026-08-28,SH600036,0.06342020806328649,EXP_DEnsembleModel_Alpha158_csi300_custom_step0_s_20260830_16,dc5c8d08bcab4d719d74d0142657a06d,0.026,,,
789,2026-08-28,SH600031,0.05704903974924176,EXP_DEnsembleModel_Alpha158_csi300_custom_step0_s_20260830_16,dc5c8d08bcab4d719d74d0142657a06d,0.026,,,
790,2026-08-28,SH600030,0.10687423200733577,EXP_DEnsembleModel_Alpha158_csi300_custom_step0_s_20260830_16,dc5c8d08bcab4d719d74d0142657a06d,0.026,,,
791,2026-08-28,SH600029,0.0364141816461693,EXP_DEnsembleModel_Alpha158_csi300_custom_step0_s_20260830_16,dc5c8d08bcab4d719d74d0142657a06d,0.026,,,
792,2026-08-28,SH600028,0.05739539919124197,EXP_DEnsembleModel_Alpha158_csi300_custom_step0_s_20260830_16,dc5c8d08bcab4d719d74d0142657a06d,0.026,,,
793,2026-08-28,SH600027,0.00714778640716179,EXP_DEnsembleModel_Alpha158_csi300_custom_step0_s_20260830_16,dc5c8d08bcab4d719d74d0142657a06d,0.026,,,
794,2026-08-28,SH600026,-0.1525119511340445,EXP_DEnsembleModel_Alpha158_csi300_custom_step0_s_20260830_16,dc5c8d08bcab4d719d74d0142657a06d,0.026,,,
795,2026-08-28,SH600025,0.04230547566599873,EXP_DEnsembleModel_Alpha158_csi300_custom_step0_s_20260830_16,dc5c8d08bcab4d719d74d0142657a06d,0.026,,,
796,2026-08-28,SH600023,0.05426037149124429,EXP_DEnsembleModel_Alpha158_csi300_custom_step0_s_20260830_16,dc5c8d08bcab4d719d74d0142657a06d,0.026,,,
797,2026-08-28,SH600019,0.09308844672673867,EXP_DEnsembleModel_Alpha158_csi300_custom_step0_s_20260830_16,dc5c8d08bcab4d719d74d0142657a06d,0.026,,,
798,2026-08-28,SH600018,0.10195621615248075,EXP_DEnsembleModel_Alpha158_csi300_custom_step0_s_20260830_16,dc5c8d08bcab4d719d74d0142657a06d,0.026,,,
799,2026-08-28,SH600016,0.07727041162727967,EXP_DEnsembleModel_Alpha158_csi300_custom_step0_s_20260830_16,dc5c8d08bcab4d719d74d0142657a06d,0.026,,,
800,2026-08-28,SH600015,0.01601855586308028,EXP_DEnsembleModel_Alpha158_csi300_custom_step0_s_20260830_16,dc5c8d08bcab4d719d74d0142657a06d,0.026,,,
801,2026-08-28,SH600011,0.041401763658970706,EXP_DEnsembleModel_Alpha158_csi300_custom_step0_s_20260830_16,dc5c8d08bcab4d719d74d0142657a06d,0.026,,,
802,2026-08-28,SH600010,0.05291156840424213,EXP_DEnsembleModel_Alpha158_csi300_custom_step0_s_20260830_16,dc5c8d08bcab4d719d74d0142657a06d,0.026,,,
803,2026-08-28,SH600039,0.12239225953246438,EXP_DEnsembleModel_Alpha158_csi300_custom_step0_s_20260830_16,dc5c8d08bcab4d719d74d0142657a06d,0.026,,,
804,2026-08-28,SH600900,0.1018865701965945,EXP_DEnsembleModel_Alpha158_csi300_custom_step0_s_20260830_16,dc5c8d08bcab4d719d74d0142657a06d,0.026,,,
805,2026-08-28,SH600048,0.14523778311672397,EXP_DEnsembleModel_Alpha158_csi300_custom_step0_s_20260830_16,dc5c8d08bcab4d719d74d0142657a06d,0.026,,,
806,2026-08-28,SH600061,0.06558348206542103,EXP_DEnsembleModel_Alpha158_csi300_custom_step0_s_20260830_16,dc5c8d08bcab4d719d74d0142657a06d,0.026,,,
807,2026-08-28,SH600221,0.08012233008285467,EXP_DEnsembleModel_Alpha158_csi300_custom_step0_s_20260830_16,dc5c8d08bcab4d719d74d0142657a06d,0.026,,,
808,2026-08-28,SH600219,-0.05411359466795691,EXP_DEnsembleModel_Alpha158_csi300_custom_step0_s_20260830_16,dc5c8d08bcab4d719d74d0142657a06d,0.026,,,
809,2026-08-28,SH600196,-0.018344800455829337,EXP_DEnsembleModel_Alpha158_csi300_custom_step0_s_20260830_16,dc5c8d08bcab4d719d74d0142657a06d,0.026,,,
810,2026-08-28,SH600188,-0.08204051428713786,EXP_DEnsembleModel_Alpha158_csi300_custom_step0_s_20260830_16,dc5c8d08bcab4d719d74d0142657a06d,0.026,,,
811,2026-08-28,SH600183,0.05558422093430974,EXP_DEnsembleModel_Alpha158_csi300_custom_step0_s_20260830_16,dc5c8d08bcab4d719d74d0142657a06d,0.026,,,
812,2026-08-28,SH600176,-0.14114969688622261,EXP_DEnsembleModel_Alpha158_csi300_custom_step0_s_20260830_16,dc5c8d08bcab4d719d74d0142657a06d,0.026,,,
813,2026-08-28,SH600160,-0.1393635351560459,EXP_DEnsembleModel_Alpha158_csi300_custom_step0_s_20260830_16,dc5c8d08bcab4d719d74d0142657a06d,0.026,,,
814,2026-08-28,SH600150,0.08751874315733232,EXP_DEnsembleModel_Alpha158_csi300_custom_step0_s_20260830_16,dc5c8d08bcab4d719d74d0142657a06d,0.026,,,
815,2026-08-28,SH600118,-0.035679362254949935,EXP_DEnsembleModel_Alpha158_csi300_custom_step0_s_20260830_16,dc5c8d08bcab4d719d74d0142657a06d,0.026,,,
816,2026-08-28,SH600115,0.04817110706226911,EXP_DEnsembleModel_Alpha158_csi300_custom_step0_s_20260830_16,dc5c8d08bcab4d719d74d0142657a06d,0.026,,,
817,2026-08-28,SH600111,-0.039800741144439315,EXP_DEnsembleModel_Alpha158_csi300_custom_step0_s_20260830_16,dc5c8d08bcab4d719d74d0142657a06d,0.026,,,
818,2026-08-28,SH600104,-0.004441906878055411,EXP_DEnsembleModel_Alpha158_csi300_custom_step0_s_20260830_16,dc5c8d08bcab4d719d74d0142657a06d,0.026,,,
819,2026-08-28,SH600089,-0.04468033077987952,EXP_DEnsembleModel_Alpha158_csi300_custom_step0_s_20260830_16,dc5c8d08bcab4d719d74d0142657a06d,0.026,,,
820,2026-08-28,SH600085,0.061242837229469126,EXP_DEnsembleModel_Alpha158_csi300_custom_step0_s_20260830_16,dc5c8d08bcab4d719d74d0142657a06d,0.026,,,
821,2026-08-28,SH600066,0.02808978386684496,EXP_DEnsembleModel_Alpha158_csi300_custom_step0_s_20260830_16,dc5c8d08bcab4d719d74d0142657a06d,0.026,,,
822,2026-08-28,SH600050,0.13711065328150687,EXP_DEnsembleModel_Alpha158_csi300_custom_step0_s_20260830_16,dc5c8d08bcab4d719d74d0142657a06d,0.026,,,
823,2026-08-28,SH601919,0.042649212326578305,EXP_DEnsembleModel_Alpha158_csi300_custom_step0_s_20260830_16,dc5c8d08bcab4d719d74d0142657a06d,0.026,,,
824,2026-08-28,SH600905,0.04469177891362847,EXP_DEnsembleModel_Alpha158_csi300_custom_step0_s_20260830_16,dc5c8d08bcab4d719d74d0142657a06d,0.026,,,
825,2026-08-28,SH600919,0.05906959899606384,EXP_DEnsembleModel_Alpha158_csi300_custom_step0_s_20260830_16,dc5c8d08bcab4d719d74d0142657a06d,0.026,,,
826,2026-08-28,SH601698,-0.029883556994777183,EXP_DEnsembleModel_Alpha158_csi300_custom_step0_s_20260830_16,dc5c8d08bcab4d719d74d0142657a06d,0.026,,,
827,2026-08-28,SH601689,-0.08493089700362187,EXP_DEnsembleModel_Alpha158_csi300_custom_step0_s_20260830_16,dc5c8d08bcab4d719d74d0142657a06d,0.026,,,
828,2026-08-28,SH601688,0.030930695628453866,EXP_DEnsembleModel_Alpha158_csi300_custom_step0_s_20260830_16,dc5c8d08bcab4d719d74d0142657a06d,0.026,,,
829,2026-08-28,SH601669,0.06627461634853965,EXP_DEnsembleModel_Alpha158_csi300_custom_step0_s_20260830_16,dc5c8d08bcab4d719d74d0142657a06d,0.026,,,
830,2026-08-28,SH601668,0.0793738384447836,EXP_DEnsembleModel_Alpha158_csi300_custom_step0_s_20260830_16,dc5c8d08bcab4d719d74d0142657a06d,0.026,,,
831,2026-08-28,SH601658,0.07726995672541813,EXP_DEnsembleModel_Alpha158_csi300_custom_step0_s_20260830_16,dc5c8d08bcab4d719d74d0142657a06d,0.026,,,
832,2026-08-28,SH601727,0.025852645447773194,EXP_DEnsembleModel_Alpha158_csi300_custom_step0_s_20260830_16,dc5c8d08bcab4d719d74d0142657a06d,0.026,,,
833,2026-08-28,SH601633,0.04935478059524968,EXP_DEnsembleModel_Alpha158_csi300_custom_step0_s_20260830_16,dc5c8d08bcab4d719d74d0142657a06d,0.026,,,
834,2026-08-28,SH601618,0.09074527229405911,EXP_DEnsembleModel_Alpha158_csi300_custom_step0_s_20260830_16,dc5c8d08bcab4d719d74d0142657a06d,0.026,,,
835,2026-08-28,SH601607,0.13312213556812355,EXP_DEnsembleModel_Alpha158_csi300_custom_step0_s_20260830_16,dc5c8d08bcab4d719d74d0142657a06d,0.026,,,
836,2026-08-28,SH601601,0.01576816681237398,EXP_DEnsembleModel_Alpha158_csi300_custom_step0_s_20260830_16,dc5c8d08bcab4d719d74d0142657a06d,0.026,,,
837,2026-08-28,SH601600,-0.05060633549135055,EXP_DEnsembleModel_Alpha158_csi300_custom_step0_s_20260830_16,dc5c8d08bcab4d719d74d0142657a06d,0.026,,,
838,2026-08-28,SH601456,0.09374239474124188,EXP_DEnsembleModel_Alpha158_csi300_custom_step0_s_20260830_16,dc5c8d08bcab4d719d74d0142657a06d,0.026,,,
839,2026-08-28,SH601398,0.10294302235699264,EXP_DEnsembleModel_Alpha158_csi300_custom_step0_s_20260830_16,dc5c8d08bcab4d719d74d0142657a06d,0.026,,,
840,2026-08-28,SH601628,0.01441323192606369,EXP_DEnsembleModel_Alpha158_csi300_custom_step0_s_20260830_16,dc5c8d08bcab4d719d74d0142657a06d,0.026,,,
841,2026-08-28,SH601728,0.011594131821012687,EXP_DEnsembleModel_Alpha158_csi300_custom_step0_s_20260830_16,dc5c8d08bcab4d719d74d0142657a06d,0.026,,,
842,2026-08-28,SH601766,0.053517829348432286,EXP_DEnsembleModel_Alpha158_csi300_custom_step0_s_20260830_16,dc5c8d08bcab4d719d74d0142657a06d,0.026,,,
843,2026-08-28,SH601788,0.07845395924883507,EXP_DEnsembleModel_Alpha158_csi300_custom_step0_s_20260830_16,dc5c8d08bcab4d719d74d0142657a06d,0.026,,,
844,2026-08-28,SH601901,0.10650888771693774,EXP_DEnsembleModel_Alpha158_csi300_custom_step0_s_20260830_16,dc5c8d08bcab4d719d74d0142657a06d,0.026,,,
845,2026-08-28,SH601899,-0.10386411703834968,EXP_DEnsembleModel_Alpha158_csi300_custom_step0_s_20260830_16,dc5c8d08bcab4d719d74d0142657a06d,0.026,,,
846,2026-08-28,SH601898,-0.05187602026401964,EXP_DEnsembleModel_Alpha158_csi300_custom_step0_s_20260830_16,dc5c8d08bcab4d719d74d0142657a06d,0.026,,,
847,2026-08-28,SH601888,0.03551666449121798,EXP_DEnsembleModel_Alpha158_csi300_custom_step0_s_20260830_16,dc5c8d08bcab4d719d74d0142657a06d,0.026,,,
848,2026-08-28,SH601881,0.051785078984010385,EXP_DEnsembleModel_Alpha158_csi300_custom_step0_s_20260830_16,dc5c8d08bcab4d719d74d0142657a06d,0.026,,,
849,2026-08-28,SH601878,0.11185292250301879,EXP_DEnsembleModel_Alpha158_csi300_custom_step0_s_20260830_16,dc5c8d08bcab4d719d74d0142657a06d,0.026,,,
850,2026-08-28,SH601877,-0.016740107334872967,EXP_DEnsembleModel_Alpha158_csi300_custom_step0_s_20260830_16,dc5c8d08bcab4d719d74d0142657a06d,0.026,,,
851,2026-08-28,SH601872,-0.12520558232050344,EXP_DEnsembleModel_Alpha158_csi300_custom_step0_s_20260830_16,dc5c8d08bcab4d719d74d0142657a06d,0.026,,,
852,2026-08-28,SH601868,0.04186249836055336,EXP_DEnsembleModel_Alpha158_csi300_custom_step0_s_20260830_16,dc5c8d08bcab4d719d74d0142657a06d,0.026,,,
853,2026-08-28,SH601857,0.049324128108056926,EXP_DEnsembleModel_Alpha158_csi300_custom_step0_s_20260830_16,dc5c8d08bcab4d719d74d0142657a06d,0.026,,,
854,2026-08-28,SH601838,0.0537929907423996,EXP_DEnsembleModel_Alpha158_csi300_custom_step0_s_20260830_16,dc5c8d08bcab4d719d74d0142657a06d,0.026,,,
855,2026-08-28,SH601825,0.05513944607024086,EXP_DEnsembleModel_Alpha158_csi300_custom_step0_s_20260830_16,dc5c8d08bcab4d719d74d0142657a06d,0.026,,,
856,2026-08-28,SH601818,0.06343707391410468,EXP_DEnsembleModel_Alpha158_csi300_custom_step0_s_20260830_16,dc5c8d08bcab4d719d74d0142657a06d,0.026,,,
857,2026-08-28,SH601816,0.10118147642911164,EXP_DEnsembleModel_Alpha158_csi300_custom_step0_s_20260830_16,dc5c8d08bcab4d719d74d0142657a06d,0.026,,,
858,2026-08-28,SH601800,0.04370258843291156,EXP_DEnsembleModel_Alpha158_csi300_custom_step0_s_20260830_16,dc5c8d08bcab4d719d74d0142657a06d,0.026,,,
859,2026-08-28,SH601390,0.12148413165209669,EXP_DEnsembleModel_Alpha158_csi300_custom_step0_s_20260830_16,dc5c8d08bcab4d719d74d0142657a06d,0.026,,,
860,2026-08-28,SH601377,0.06986346832912682,EXP_DEnsembleModel_Alpha158_csi300_custom_step0_s_20260830_16,dc5c8d08bcab4d719d74d0142657a06d,0.026,,,
861,2026-08-28,SH601360,0.13178085923175215,EXP_DEnsembleModel_Alpha158_csi300_custom_step0_s_20260830_16,dc5c8d08bcab4d719d74d0142657a06d,0.026,,,
862,2026-08-28,SH601336,0.02742987554563753,EXP_DEnsembleModel_Alpha158_csi300_custom_step0_s_20260830_16,dc5c8d08bcab4d719d74d0142657a06d,0.026,,,
863,2026-08-28,SH601066,0.04310711172405218,EXP_DEnsembleModel_Alpha158_csi300_custom_step0_s_20260830_16,dc5c8d08bcab4d719d74d0142657a06d,0.026,,,
864,2026-08-28,SH601059,0.10643971910997883,EXP_DEnsembleModel_Alpha158_csi300_custom_step0_s_20260830_16,dc5c8d08bcab4d719d74d0142657a06d,0.026,,,
865,2026-08-28,SH601058,0.12068024196005796,EXP_DEnsembleModel_Alpha158_csi300_custom_step0_s_20260830_16,dc5c8d08bcab4d719d74d0142657a06d,0.026,,,
866,2026-08-28,SH601021,0.06810038496771659,EXP_DEnsembleModel_Alpha158_csi300_custom_step0_s_20260830_16,dc5c8d08bcab4d719d74d0142657a06d,0.026,,,
867,2026-08-28,SH601018,0.07612849719730348,EXP_DEnsembleModel_Alpha158_csi300_custom_step0_s_20260830_16,dc5c8d08bcab4d719d74d0142657a06d,0.026,,,
868,2026-08-28,SH601012,-0.08295696182610694,EXP_DEnsembleModel_Alpha158_csi300_custom_step0_s_20260830_16,dc5c8d08bcab4d719d74d0142657a06d,0.026,,,
869,2026-08-28,SH601009,0.08959776323557393,EXP_DEnsembleModel_Alpha158_csi300_custom_step0_s_20260830_16,dc5c8d08bcab4d719d74d0142657a06d,0.026,,,
870,2026-08-28,SH601006,0.09562149835403742,EXP_DEnsembleModel_Alpha158_csi300_custom_step0_s_20260830_16,dc5c8d08bcab4d719d74d0142657a06d,0.026,,,
871,2026-08-28,SH600999,0.018771016270331974,EXP_DEnsembleModel_Alpha158_csi300_custom_step0_s_20260830_16,dc5c8d08bcab4d719d74d0142657a06d,0.026,,,
872,2026-08-28,SH600989,-0.02161055007885071,EXP_DEnsembleModel_Alpha158_csi300_custom_step0_s_20260830_16,dc5c8d08bcab4d719d74d0142657a06d,0.026,,,
873,2026-08-28,SH600958,0.08960124939098114,EXP_DEnsembleModel_Alpha158_csi300_custom_step0_s_20260830_16,dc5c8d08bcab4d719d74d0142657a06d,0.026,,,
874,2026-08-28,SH600941,0.07686983568255211,EXP_DEnsembleModel_Alpha158_csi300_custom_step0_s_20260830_16,dc5c8d08bcab4d719d74d0142657a06d,0.026,,,
875,2026-08-28,SH600938,-0.006101587489639075,EXP_DEnsembleModel_Alpha158_csi300_custom_step0_s_20260830_16,dc5c8d08bcab4d719d74d0142657a06d,0.026,,,
876,2026-08-28,SH600930,0.03564212914231958,EXP_DEnsembleModel_Alpha158_csi300_custom_step0_s_20260830_16,dc5c8d08bcab4d719d74d0142657a06d,0.026,,,
877,2026-08-28,SH600926,0.11128053047885994,EXP_DEnsembleModel_Alpha158_csi300_custom_step0_s_20260830_16,dc5c8d08bcab4d719d74d0142657a06d,0.026,,,
878,2026-08-28,SH601077,0.03998576985999115,EXP_DEnsembleModel_Alpha158_csi300_custom_step0_s_20260830_16,dc5c8d08bcab4d719d74d0142657a06d,0.026,,,
879,2026-08-28,SH600918,0.07570892212864899,EXP_DEnsembleModel_Alpha158_csi300_custom_step0_s_20260830_16,dc5c8d08bcab4d719d74d0142657a06d,0.026,,,
880,2026-08-28,SH601088,0.003880013914796848,EXP_DEnsembleModel_Alpha158_csi300_custom_step0_s_20260830_16,dc5c8d08bcab4d719d74d0142657a06d,0.026,,,
881,2026-08-28,SH601111,0.03389205319489198,EXP_DEnsembleModel_Alpha158_csi300_custom_step0_s_20260830_16,dc5c8d08bcab4d719d74d0142657a06d,0.026,,,
882,2026-08-28,SH601328,0.08303108111499717,EXP_DEnsembleModel_Alpha158_csi300_custom_step0_s_20260830_16,dc5c8d08bcab4d719d74d0142657a06d,0.026,,,
883,2026-08-28,SH601319,0.02264143956187434,EXP_DEnsembleModel_Alpha158_csi300_custom_step0_s_20260830_16,dc5c8d08bcab4d719d74d0142657a06d,0.026,,,
884,2026-08-28,SH601318,0.0009632120795387237,EXP_DEnsembleModel_Alpha158_csi300_custom_step0_s_20260830_16,dc5c8d08bcab4d719d74d0142657a06d,0.026,,,
885,2026-08-28,SH601288,0.006351819640363087,EXP_DEnsembleModel_Alpha158_csi300_custom_step0_s_20260830_16,dc5c8d08bcab4d719d74d0142657a06d,0.026,,,
886,2026-08-28,SH601238,-0.05181586682844595,EXP_DEnsembleModel_Alpha158_csi300_custom_step0_s_20260830_16,dc5c8d08bcab4d719d74d0142657a06d,0.026,,,
887,2026-08-28,SH601229,0.0493698801150542,EXP_DEnsembleModel_Alpha158_csi300_custom_step0_s_20260830_16,dc5c8d08bcab4d719d74d0142657a06d,0.026,,,
888,2026-08-28,SH601225,-0.0777023963231664,EXP_DEnsembleModel_Alpha158_csi300_custom_step0_s_20260830_16,dc5c8d08bcab4d719d74d0142657a06d,0.026,,,
889,2026-08-28,SH601211,0.08806350864801221,EXP_DEnsembleModel_Alpha158_csi300_custom_step0_s_20260830_16,dc5c8d08bcab4d719d74d0142657a06d,0.026,,,
890,2026-08-28,SH601186,0.0751385434731759,EXP_DEnsembleModel_Alpha158_csi300_custom_step0_s_20260830_16,dc5c8d08bcab4d719d74d0142657a06d,0.026,,,
891,2026-08-28,SH601169,0.06810603746748106,EXP_DEnsembleModel_Alpha158_csi300_custom_step0_s_20260830_16,dc5c8d08bcab4d719d74d0142657a06d,0.026,,,
892,2026-08-28,SH601166,-0.038332190955229994,EXP_DEnsembleModel_Alpha158_csi300_custom_step0_s_20260830_16,dc5c8d08bcab4d719d74d0142657a06d,0.026,,,
893,2026-08-28,SH601138,-0.08842104357994189,EXP_DEnsembleModel_Alpha158_csi300_custom_step0_s_20260830_16,dc5c8d08bcab4d719d74d0142657a06d,0.026,,,
894,2026-08-28,SH601136,0.00025623799407138893,EXP_DEnsembleModel_Alpha158_csi300_custom_step0_s_20260830_16,dc5c8d08bcab4d719d74d0142657a06d,0.026,,,
895,2026-08-28,SH601127,-0.008741916511465463,EXP_DEnsembleModel_Alpha158_csi300_custom_step0_s_20260830_16,dc5c8d08bcab4d719d74d0142657a06d,0.026,,,
896,2026-08-28,SH601117,0.12945173276996005,EXP_DEnsembleModel_Alpha158_csi300_custom_step0_s_20260830_16,dc5c8d08bcab4d719d74d0142657a06d,0.026,,,
897,2026-08-28,SH601100,0.013685556971912429,EXP_DEnsembleModel_Alpha158_csi300_custom_step0_s_20260830_16,dc5c8d08bcab4d719d74d0142657a06d,0.026,,,
898,2026-08-28,SZ302132,0.039120420421197025,EXP_DEnsembleModel_Alpha158_csi300_custom_step0_s_20260830_16,0372e978af624ebaafd24cfa1027ea3a,0.026,,,
899,2026-08-28,SZ302132,0.0508926885542093,EXP_DEnsembleModel_Alpha158_csi300_custom_step0_s_20260830_16,dc5c8d08bcab4d719d74d0142657a06d,0.026,,,
900,2026-08-28,SH600009,-0.02992484306849261,EXP_DEnsembleModel_Alpha158_csi300_custom_step0_s_20260830_16,0372e978af624ebaafd24cfa1027ea3a,0.026,,,
901,2026-08-28,SZ000617,0.027545799832297758,EXP_DEnsembleModel_Alpha158_csi300_custom_step0_s_20260830_16,0372e978af624ebaafd24cfa1027ea3a,0.026,,,
902,2026-08-28,SZ000596,0.03350509318353268,EXP_DEnsembleModel_Alpha158_csi300_custom_step0_s_20260830_16,0372e978af624ebaafd24cfa1027ea3a,0.026,,,
903,2026-08-28,SZ000568,0.014630751677098158,EXP_DEnsembleModel_Alpha158_csi300_custom_step0_s_20260830_16,0372e978af624ebaafd24cfa1027ea3a,0.026,,,
904,2026-08-28,SZ000538,0.005506611946763673,EXP_DEnsembleModel_Alpha158_csi300_custom_step0_s_20260830_16,0372e978af624ebaafd24cfa1027ea3a,0.026,,,
905,2026-08-28,SZ000425,0.025356392835018185,EXP_DEnsembleModel_Alpha158_csi300_custom_step0_s_20260830_16,0372e978af624ebaafd24cfa1027ea3a,0.026,,,
906,2026-08-28,SZ000408,0.05034551061233987,EXP_DEnsembleModel_Alpha158_csi300_custom_step0_s_20260830_16,0372e978af624ebaafd24cfa1027ea3a,0.026,,,
907,2026-08-28,SZ000625,-0.05447476846250949,EXP_DEnsembleModel_Alpha158_csi300_custom_step0_s_20260830_16,0372e978af624ebaafd24cfa1027ea3a,0.026,,,
908,2026-08-28,SZ000338,-0.01107180657780514,EXP_DEnsembleModel_Alpha158_csi300_custom_step0_s_20260830_16,0372e978af624ebaafd24cfa1027ea3a,0.026,,,
909,2026-08-28,SZ000301,0.16918036426271468,EXP_DEnsembleModel_Alpha158_csi300_custom_step0_s_20260830_16,0372e978af624ebaafd24cfa1027ea3a,0.026,,,
910,2026-08-28,SZ000166,-0.029567281275376688,EXP_DEnsembleModel_Alpha158_csi300_custom_step0_s_20260830_16,0372e978af624ebaafd24cfa1027ea3a,0.026,,,
911,2026-08-28,SZ000157,-0.08531123460222095,EXP_DEnsembleModel_Alpha158_csi300_custom_step0_s_20260830_16,0372e978af624ebaafd24cfa1027ea3a,0.026,,,
912,2026-08-28,SZ000100,0.010662952266264554,EXP_DEnsembleModel_Alpha158_csi300_custom_step0_s_20260830_16,0372e978af624ebaafd24cfa1027ea3a,0.026,,,
913,2026-08-28,SZ000063,0.0006567727635358885,EXP_DEnsembleModel_Alpha158_csi300_custom_step0_s_20260830_16,0372e978af624ebaafd24cfa1027ea3a,0.026,,,
914,2026-08-28,SZ000002,-0.02137255916120793,EXP_DEnsembleModel_Alpha158_csi300_custom_step0_s_20260830_16,0372e978af624ebaafd24cfa1027ea3a,0.026,,,
915,2026-08-28,SZ000333,-0.022341023628456864,EXP_DEnsembleModel_Alpha158_csi300_custom_step0_s_20260830_16,0372e978af624ebaafd24cfa1027ea3a,0.026,,,
916,2026-08-28,SZ000630,0.10291244180651211,EXP_DEnsembleModel_Alpha158_csi300_custom_step0_s_20260830_16,0372e978af624ebaafd24cfa1027ea3a,0.026,,,
917,2026-08-28,SZ000651,-0.02147381595293314,EXP_DEnsembleModel_Alpha158_csi300_custom_step0_s_20260830_16,0372e978af624ebaafd24cfa1027ea3a,0.026,,,
918,2026-08-28,SZ000657,0.4036519822988311,EXP_DEnsembleModel_Alpha158_csi300_custom_step0_s_20260830_16,0372e978af624ebaafd24cfa1027ea3a,0.026,,,
919,2026-08-28,SZ001280,0.1028612847687908,EXP_DEnsembleModel_Alpha158_csi300_custom_step0_s_20260830_16,0372e978af624ebaafd24cfa1027ea3a,0.026,,,
920,2026-08-28,SZ000999,0.04555470812718686,EXP_DEnsembleModel_Alpha158_csi300_custom_step0_s_20260830_16,0372e978af624ebaafd24cfa1027ea3a,0.026,,,
921,2026-08-28,SZ000988,0.08259687354456284,EXP_DEnsembleModel_Alpha158_csi300_custom_step0_s_20260830_16,0372e978af624ebaafd24cfa1027ea3a,0.026,,,
922,2026-08-28,SZ000977,0.12650458282090868,EXP_DEnsembleModel_Alpha158_csi300_custom_step0_s_20260830_16,0372e978af624ebaafd24cfa1027ea3a,0.026,,,
923,2026-08-28,SZ000975,0.3405595017253625,EXP_DEnsembleModel_Alpha158_csi300_custom_step0_s_20260830_16,0372e978af624ebaafd24cfa1027ea3a,0.026,,,
924,2026-08-28,SZ000963,0.02128819213193392,EXP_DEnsembleModel_Alpha158_csi300_custom_step0_s_20260830_16,0372e978af624ebaafd24cfa1027ea3a,0.026,,,
925,2026-08-28,SZ000938,0.01790177206725806,EXP_DEnsembleModel_Alpha158_csi300_custom_step0_s_20260830_16,0372e978af624ebaafd24cfa1027ea3a,0.026,,,
926,2026-08-28,SZ000895,-0.08166235702107942,EXP_DEnsembleModel_Alpha158_csi300_custom_step0_s_20260830_16,0372e978af624ebaafd24cfa1027ea3a,0.026,,,
927,2026-08-28,SZ000858,-0.08612713912799869,EXP_DEnsembleModel_Alpha158_csi300_custom_step0_s_20260830_16,0372e978af624ebaafd24cfa1027ea3a,0.026,,,
928,2026-08-28,SZ000807,0.057227885612865875,EXP_DEnsembleModel_Alpha158_csi300_custom_step0_s_20260830_16,0372e978af624ebaafd24cfa1027ea3a,0.026,,,
929,2026-08-28,SZ000792,0.04493513460428856,EXP_DEnsembleModel_Alpha158_csi300_custom_step0_s_20260830_16,0372e978af624ebaafd24cfa1027ea3a,0.026,,,
930,2026-08-28,SZ000776,-0.05295716040354847,EXP_DEnsembleModel_Alpha158_csi300_custom_step0_s_20260830_16,0372e978af624ebaafd24cfa1027ea3a,0.026,,,
931,2026-08-28,SZ000768,0.06731184194920306,EXP_DEnsembleModel_Alpha158_csi300_custom_step0_s_20260830_16,0372e978af624ebaafd24cfa1027ea3a,0.026,,,
932,2026-08-28,SZ000725,0.0721984529377035,EXP_DEnsembleModel_Alpha158_csi300_custom_step0_s_20260830_16,0372e978af624ebaafd24cfa1027ea3a,0.026,,,
933,2026-08-28,SZ000708,-0.004329169636622247,EXP_DEnsembleModel_Alpha158_csi300_custom_step0_s_20260830_16,0372e978af624ebaafd24cfa1027ea3a,0.026,,,
934,2026-08-28,SZ000001,0.018031662463727907,EXP_DEnsembleModel_Alpha158_csi300_custom_step0_s_20260830_16,0372e978af624ebaafd24cfa1027ea3a,0.026,,,
935,2026-08-28,SH688981,0.2725677959577413,EXP_DEnsembleModel_Alpha158_csi300_custom_step0_s_20260830_16,0372e978af624ebaafd24cfa1027ea3a,0.026,,,
936,2026-08-28,SH688521,0.35926108692164505,EXP_DEnsembleModel_Alpha158_csi300_custom_step0_s_20260830_16,0372e978af624ebaafd24cfa1027ea3a,0.026,,,
937,2026-08-28,SH688506,0.19813264090445898,EXP_DEnsembleModel_Alpha158_csi300_custom_step0_s_20260830_16,0372e978af624ebaafd24cfa1027ea3a,0.026,,,
938,2026-08-28,SH603993,-0.01925758582633729,EXP_DEnsembleModel_Alpha158_csi300_custom_step0_s_20260830_16,0372e978af624ebaafd24cfa1027ea3a,0.026,,,
939,2026-08-28,SH603986,0.2670133788336399,EXP_DEnsembleModel_Alpha158_csi300_custom_step0_s_20260830_16,0372e978af624ebaafd24cfa1027ea3a,0.026,,,
940,2026-08-28,SH603893,0.1774366394756689,EXP_DEnsembleModel_Alpha158_csi300_custom_step0_s_20260830_16,0372e978af624ebaafd24cfa1027ea3a,0.026,,,
941,2026-08-28,SH603799,0.04285608974929541,EXP_DEnsembleModel_Alpha158_csi300_custom_step0_s_20260830_16,0372e978af624ebaafd24cfa1027ea3a,0.026,,,
942,2026-08-28,SH603501,0.10050286140721962,EXP_DEnsembleModel_Alpha158_csi300_custom_step0_s_20260830_16,0372e978af624ebaafd24cfa1027ea3a,0.026,,,
943,2026-08-28,SH603392,0.0021641693413757004,EXP_DEnsembleModel_Alpha158_csi300_custom_step0_s_20260830_16,0372e978af624ebaafd24cfa1027ea3a,0.026,,,
944,2026-08-28,SH603369,-0.0036225738849735164,EXP_DEnsembleModel_Alpha158_csi300_custom_step0_s_20260830_16,0372e978af624ebaafd24cfa1027ea3a,0.026,,,
945,2026-08-28,SH603296,-0.029394553349372594,EXP_DEnsembleModel_Alpha158_csi300_custom_step0_s_20260830_16,0372e978af624ebaafd24cfa1027ea3a,0.026,,,
946,2026-08-28,SH603288,0.029519455602516006,EXP_DEnsembleModel_Alpha158_csi300_custom_step0_s_20260830_16,0372e978af624ebaafd24cfa1027ea3a,0.026,,,
947,2026-08-28,SH603260,0.06336315946675397,EXP_DEnsembleModel_Alpha158_csi300_custom_step0_s_20260830_16,0372e978af624ebaafd24cfa1027ea3a,0.026,,,
948,2026-08-28,SH603259,0.15025117999622692,EXP_DEnsembleModel_Alpha158_csi300_custom_step0_s_20260830_16,0372e978af624ebaafd24cfa1027ea3a,0.026,,,
949,2026-08-28,SH603019,0.053266351726608784,EXP_DEnsembleModel_Alpha158_csi300_custom_step0_s_20260830_16,0372e978af624ebaafd24cfa1027ea3a,0.026,,,
950,2026-08-28,SH601998,0.02721041860323448,EXP_DEnsembleModel_Alpha158_csi300_custom_step0_s_20260830_16,0372e978af624ebaafd24cfa1027ea3a,0.026,,,
951,2026-08-28,SH601995,-0.05271156345248575,EXP_DEnsembleModel_Alpha158_csi300_custom_step0_s_20260830_16,0372e978af624ebaafd24cfa1027ea3a,0.026,,,
952,2026-08-28,SH601988,0.12950503349922313,EXP_DEnsembleModel_Alpha158_csi300_custom_step0_s_20260830_16,0372e978af624ebaafd24cfa1027ea3a,0.026,,,
953,2026-08-28,SH605117,0.04612563257360489,EXP_DEnsembleModel_Alpha158_csi300_custom_step0_s_20260830_16,0372e978af624ebaafd24cfa1027ea3a,0.026,,,
954,2026-08-28,SZ001391,-0.03259448693024098,EXP_DEnsembleModel_Alpha158_csi300_custom_step0_s_20260830_16,0372e978af624ebaafd24cfa1027ea3a,0.026,,,
955,2026-08-28,SH605499,-0.07381323883195598,EXP_DEnsembleModel_Alpha158_csi300_custom_step0_s_20260830_16,0372e978af624ebaafd24cfa1027ea3a,0.026,,,
956,2026-08-28,SH688009,-0.023688313680219963,EXP_DEnsembleModel_Alpha158_csi300_custom_step0_s_20260830_16,0372e978af624ebaafd24cfa1027ea3a,0.026,,,
957,2026-08-28,SH688472,0.07924654550109529,EXP_DEnsembleModel_Alpha158_csi300_custom_step0_s_20260830_16,0372e978af624ebaafd24cfa1027ea3a,0.026,,,
958,2026-08-28,SH688396,0.2583269090944343,EXP_DEnsembleModel_Alpha158_csi300_custom_step0_s_20260830_16,0372e978af624ebaafd24cfa1027ea3a,0.026,,,
959,2026-08-28,SH688303,-0.03192070035565537,EXP_DEnsembleModel_Alpha158_csi300_custom_step0_s_20260830_16,0372e978af624ebaafd24cfa1027ea3a,0.026,,,
960,2026-08-28,SH688271,-0.02223704051111464,EXP_DEnsembleModel_Alpha158_csi300_custom_step0_s_20260830_16,0372e978af624ebaafd24cfa1027ea3a,0.026,,,
961,2026-08-28,SH688256,0.2817717425792448,EXP_DEnsembleModel_Alpha158_csi300_custom_step0_s_20260830_16,0372e978af624ebaafd24cfa1027ea3a,0.026,,,
962,2026-08-28,SH688223,0.10970512887559813,EXP_DEnsembleModel_Alpha158_csi300_custom_step0_s_20260830_16,0372e978af624ebaafd24cfa1027ea3a,0.026,,,
963,2026-08-28,SH688183,0.0836908081974879,EXP_DEnsembleModel_Alpha158_csi300_custom_step0_s_20260830_16,0372e978af624ebaafd24cfa1027ea3a,0.026,,,
964,2026-08-28,SH688126,0.10577196901591097,EXP_DEnsembleModel_Alpha158_csi300_custom_step0_s_20260830_16,0372e978af624ebaafd24cfa1027ea3a,0.026,,,
965,2026-08-28,SH688111,-0.10814129190544225,EXP_DEnsembleModel_Alpha158_csi300_custom_step0_s_20260830_16,0372e978af624ebaafd24cfa1027ea3a,0.026,,,
966,2026-08-28,SH688082,0.21935315831804023,EXP_DEnsembleModel_Alpha158_csi300_custom_step0_s_20260830_16,0372e978af624ebaafd24cfa1027ea3a,0.026,,,
967,2026-08-28,SH688072,0.13877734483866314,EXP_DEnsembleModel_Alpha158_csi300_custom_step0_s_20260830_16,0372e978af624ebaafd24cfa1027ea3a,0.026,,,
968,2026-08-28,SH688047,0.11926967309193306,EXP_DEnsembleModel_Alpha158_csi300_custom_step0_s_20260830_16,0372e978af624ebaafd24cfa1027ea3a,0.026,,,
969,2026-08-28,SH688041,0.23512264353343054,EXP_DEnsembleModel_Alpha158_csi300_custom_step0_s_20260830_16,0372e978af624ebaafd24cfa1027ea3a,0.026,,,
970,2026-08-28,SH688036,-0.01624470671284899,EXP_DEnsembleModel_Alpha158_csi300_custom_step0_s_20260830_16,0372e978af624ebaafd24cfa1027ea3a,0.026,,,
971,2026-08-28,SH688012,-0.009255590406326343,EXP_DEnsembleModel_Alpha158_csi300_custom_step0_s_20260830_16,0372e978af624ebaafd24cfa1027ea3a,0.026,,,
972,2026-08-28,SH688008,0.025548456575327918,EXP_DEnsembleModel_Alpha158_csi300_custom_step0_s_20260830_16,0372e978af624ebaafd24cfa1027ea3a,0.026,,,
973,2026-08-28,SH601985,-0.0070225157436866305,EXP_DEnsembleModel_Alpha158_csi300_custom_step0_s_20260830_16,0372e978af624ebaafd24cfa1027ea3a,0.026,,,
974,2026-08-28,SZ001965,0.0036552091076477466,EXP_DEnsembleModel_Alpha158_csi300_custom_step0_s_20260830_16,0372e978af624ebaafd24cfa1027ea3a,0.026,,,
975,2026-08-28,SZ002001,0.015347205299039358,EXP_DEnsembleModel_Alpha158_csi300_custom_step0_s_20260830_16,0372e978af624ebaafd24cfa1027ea3a,0.026,,,
976,2026-08-28,SZ300413,0.04465647527821288,EXP_DEnsembleModel_Alpha158_csi300_custom_step0_s_20260830_16,0372e978af624ebaafd24cfa1027ea3a,0.026,,,
977,2026-08-28,SZ300408,0.27504390811163903,EXP_DEnsembleModel_Alpha158_csi300_custom_step0_s_20260830_16,0372e978af624ebaafd24cfa1027ea3a,0.026,,,
978,2026-08-28,SZ300394,0.4161093430493525,EXP_DEnsembleModel_Alpha158_csi300_custom_step0_s_20260830_16,0372e978af624ebaafd24cfa1027ea3a,0.026,,,
979,2026-08-28,SZ300316,0.05886405936229611,EXP_DEnsembleModel_Alpha158_csi300_custom_step0_s_20260830_16,0372e978af624ebaafd24cfa1027ea3a,0.026,,,
980,2026-08-28,SZ300308,0.16130585436715716,EXP_DEnsembleModel_Alpha158_csi300_custom_step0_s_20260830_16,0372e978af624ebaafd24cfa1027ea3a,0.026,,,
981,2026-08-28,SZ300274,0.037978225525851624,EXP_DEnsembleModel_Alpha158_csi300_custom_step0_s_20260830_16,0372e978af624ebaafd24cfa1027ea3a,0.026,,,
982,2026-08-28,SZ300418,0.020109118633059118,EXP_DEnsembleModel_Alpha158_csi300_custom_step0_s_20260830_16,0372e978af624ebaafd24cfa1027ea3a,0.026,,,
983,2026-08-28,SZ300251,0.004693215904208275,EXP_DEnsembleModel_Alpha158_csi300_custom_step0_s_20260830_16,0372e978af624ebaafd24cfa1027ea3a,0.026,,,
984,2026-08-28,SZ300122,0.03893585638745908,EXP_DEnsembleModel_Alpha158_csi300_custom_step0_s_20260830_16,0372e978af624ebaafd24cfa1027ea3a,0.026,,,
985,2026-08-28,SZ300059,-0.015112096456410271,EXP_DEnsembleModel_Alpha158_csi300_custom_step0_s_20260830_16,0372e978af624ebaafd24cfa1027ea3a,0.026,,,
986,2026-08-28,SZ300033,0.02308885633220769,EXP_DEnsembleModel_Alpha158_csi300_custom_step0_s_20260830_16,0372e978af624ebaafd24cfa1027ea3a,0.026,,,
987,2026-08-28,SZ300015,-0.09165872910004474,EXP_DEnsembleModel_Alpha158_csi300_custom_step0_s_20260830_16,0372e978af624ebaafd24cfa1027ea3a,0.026,,,
988,2026-08-28,SZ300014,0.027173058223055817,EXP_DEnsembleModel_Alpha158_csi300_custom_step0_s_20260830_16,0372e978af624ebaafd24cfa1027ea3a,0.026,,,
989,2026-08-28,SZ003816,0.09964220346373137,EXP_DEnsembleModel_Alpha158_csi300_custom_step0_s_20260830_16,0372e978af624ebaafd24cfa1027ea3a,0.026,,,
990,2026-08-28,SZ300124,0.01876463839765183,EXP_DEnsembleModel_Alpha158_csi300_custom_step0_s_20260830_16,0372e978af624ebaafd24cfa1027ea3a,0.026,,,
991,2026-08-28,SZ300433,0.14572172667415742,EXP_DEnsembleModel_Alpha158_csi300_custom_step0_s_20260830_16,0372e978af624ebaafd24cfa1027ea3a,0.026,,,
992,2026-08-28,SZ300442,0.043192041891790774,EXP_DEnsembleModel_Alpha158_csi300_custom_step0_s_20260830_16,0372e978af624ebaafd24cfa1027ea3a,0.026,,,
993,2026-08-28,SZ300450,0.06588608420069753,EXP_DEnsembleModel_Alpha158_csi300_custom_step0_s_20260830_16,0372e978af624ebaafd24cfa1027ea3a,0.026,,,
994,2026-08-28,SZ301269,0.07838653359526114,EXP_DEnsembleModel_Alpha158_csi300_custom_step0_s_20260830_16,0372e978af624ebaafd24cfa1027ea3a,0.026,,,
995,2026-08-28,SZ301236,-0.07289730371828423,EXP_DEnsembleModel_Alpha158_csi300_custom_step0_s_20260830_16,0372e978af624ebaafd24cfa1027ea3a,0.026,,,
996,2026-08-28,SZ301165,0.121684973587536,EXP_DEnsembleModel_Alpha158_csi300_custom_step0_s_20260830_16,0372e978af624ebaafd24cfa1027ea3a,0.026,,,
997,2026-08-28,SZ300999,0.005369362747938865,EXP_DEnsembleModel_Alpha158_csi300_custom_step0_s_20260830_16,0372e978af624ebaafd24cfa1027ea3a,0.026,,,
998,2026-08-28,SZ300896,0.045112227700631266,EXP_DEnsembleModel_Alpha158_csi300_custom_step0_s_20260830_16,0372e978af624ebaafd24cfa1027ea3a,0.026,,,
999,2026-08-28,SZ300866,0.16540215738427994,EXP_DEnsembleModel_Alpha158_csi300_custom_step0_s_20260830_16,0372e978af624ebaafd24cfa1027ea3a,0.026,,,
1000,2026-08-28,SZ300832,0.05461564524315913,EXP_DEnsembleModel_Alpha158_csi300_custom_step0_s_20260830_16,0372e978af624ebaafd24cfa1027ea3a,0.026,,,
1001,2026-08-28,SZ300803,0.10327259149953359,EXP_DEnsembleModel_Alpha158_csi300_custom_step0_s_20260830_16,0372e978af624ebaafd24cfa1027ea3a,0.026,,,
1002,2026-08-28,SZ300760,0.004189652920459576,EXP_DEnsembleModel_Alpha158_csi300_custom_step0_s_20260830_16,0372e978af624ebaafd24cfa1027ea3a,0.026,,,
1003,2026-08-28,SZ300750,-0.022888089134348647,EXP_DEnsembleModel_Alpha158_csi300_custom_step0_s_20260830_16,0372e978af624ebaafd24cfa1027ea3a,0.026,,,
1004,2026-08-28,SZ300661,0.2732139806841308,EXP_DEnsembleModel_Alpha158_csi300_custom_step0_s_20260830_16,0372e978af624ebaafd24cfa1027ea3a,0.026,,,
1005,2026-08-28,SZ300628,-0.04749148200946977,EXP_DEnsembleModel_Alpha158_csi300_custom_step0_s_20260830_16,0372e978af624ebaafd24cfa1027ea3a,0.026,,,
1006,2026-08-28,SZ300502,0.22905362374148378,EXP_DEnsembleModel_Alpha158_csi300_custom_step0_s_20260830_16,0372e978af624ebaafd24cfa1027ea3a,0.026,,,
1007,2026-08-28,SZ300498,-0.05631396783248229,EXP_DEnsembleModel_Alpha158_csi300_custom_step0_s_20260830_16,0372e978af624ebaafd24cfa1027ea3a,0.026,,,
1008,2026-08-28,SZ300476,0.3923607574412911,EXP_DEnsembleModel_Alpha158_csi300_custom_step0_s_20260830_16,0372e978af624ebaafd24cfa1027ea3a,0.026,,,
1009,2026-08-28,SZ002938,0.13741320558086464,EXP_DEnsembleModel_Alpha158_csi300_custom_step0_s_20260830_16,0372e978af624ebaafd24cfa1027ea3a,0.026,,,
1010,2026-08-28,SZ002920,0.011213432737747572,EXP_DEnsembleModel_Alpha158_csi300_custom_step0_s_20260830_16,0372e978af624ebaafd24cfa1027ea3a,0.026,,,
1011,2026-08-28,SZ002916,0.3100385617653209,EXP_DEnsembleModel_Alpha158_csi300_custom_step0_s_20260830_16,0372e978af624ebaafd24cfa1027ea3a,0.026,,,
1012,2026-08-28,SZ002837,0.38271569235041564,EXP_DEnsembleModel_Alpha158_csi300_custom_step0_s_20260830_16,0372e978af624ebaafd24cfa1027ea3a,0.026,,,
1013,2026-08-28,SZ002353,0.23748851252340544,EXP_DEnsembleModel_Alpha158_csi300_custom_step0_s_20260830_16,0372e978af624ebaafd24cfa1027ea3a,0.026,,,
1014,2026-08-28,SZ002352,0.02183546768734951,EXP_DEnsembleModel_Alpha158_csi300_custom_step0_s_20260830_16,0372e978af624ebaafd24cfa1027ea3a,0.026,,,
1015,2026-08-28,SZ002311,0.0064821712532349245,EXP_DEnsembleModel_Alpha158_csi300_custom_step0_s_20260830_16,0372e978af624ebaafd24cfa1027ea3a,0.026,,,
1016,2026-08-28,SZ002304,-0.08019111894285619,EXP_DEnsembleModel_Alpha158_csi300_custom_step0_s_20260830_16,0372e978af624ebaafd24cfa1027ea3a,0.026,,,
1017,2026-08-28,SZ002241,-0.03115216078144534,EXP_DEnsembleModel_Alpha158_csi300_custom_step0_s_20260830_16,0372e978af624ebaafd24cfa1027ea3a,0.026,,,
1018,2026-08-28,SZ002236,0.005978793933107163,EXP_DEnsembleModel_Alpha158_csi300_custom_step0_s_20260830_16,0372e978af624ebaafd24cfa1027ea3a,0.026,,,
1019,2026-08-28,SZ002230,0.0739401785353771,EXP_DEnsembleModel_Alpha158_csi300_custom_step0_s_20260830_16,0372e978af624ebaafd24cfa1027ea3a,0.026,,,
1020,2026-08-28,SZ002202,0.16403096570803138,EXP_DEnsembleModel_Alpha158_csi300_custom_step0_s_20260830_16,0372e978af624ebaafd24cfa1027ea3a,0.026,,,
1021,2026-08-28,SZ002179,0.10165937279368586,EXP_DEnsembleModel_Alpha158_csi300_custom_step0_s_20260830_16,0372e978af624ebaafd24cfa1027ea3a,0.026,,,
1022,2026-08-28,SZ002142,0.007180076188580921,EXP_DEnsembleModel_Alpha158_csi300_custom_step0_s_20260830_16,0372e978af624ebaafd24cfa1027ea3a,0.026,,,
1023,2026-08-28,SZ002074,-0.015820338733957287,EXP_DEnsembleModel_Alpha158_csi300_custom_step0_s_20260830_16,0372e978af624ebaafd24cfa1027ea3a,0.026,,,
1024,2026-08-28,SZ002050,0.07140984084438859,EXP_DEnsembleModel_Alpha158_csi300_custom_step0_s_20260830_16,0372e978af624ebaafd24cfa1027ea3a,0.026,,,
1025,2026-08-28,SZ002049,0.06467259976457645,EXP_DEnsembleModel_Alpha158_csi300_custom_step0_s_20260830_16,0372e978af624ebaafd24cfa1027ea3a,0.026,,,
1026,2026-08-28,SZ002028,-0.018013953636517695,EXP_DEnsembleModel_Alpha158_csi300_custom_step0_s_20260830_16,0372e978af624ebaafd24cfa1027ea3a,0.026,,,
1027,2026-08-28,SZ002027,-0.0010034117100404228,EXP_DEnsembleModel_Alpha158_csi300_custom_step0_s_20260830_16,0372e978af624ebaafd24cfa1027ea3a,0.026,,,
1028,2026-08-28,SZ002371,0.12734991760293557,EXP_DEnsembleModel_Alpha158_csi300_custom_step0_s_20260830_16,0372e978af624ebaafd24cfa1027ea3a,0.026,,,
1029,2026-08-28,SZ001979,0.04156950691583485,EXP_DEnsembleModel_Alpha158_csi300_custom_step0_s_20260830_16,0372e978af624ebaafd24cfa1027ea3a,0.026,,,
1030,2026-08-28,SZ002384,0.24639199205318946,EXP_DEnsembleModel_Alpha158_csi300_custom_step0_s_20260830_16,0372e978af624ebaafd24cfa1027ea3a,0.026,,,
1031,2026-08-28,SZ002422,0.1082218805276321,EXP_DEnsembleModel_Alpha158_csi300_custom_step0_s_20260830_16,0372e978af624ebaafd24cfa1027ea3a,0.026,,,
1032,2026-08-28,SZ002736,0.008353401340196773,EXP_DEnsembleModel_Alpha158_csi300_custom_step0_s_20260830_16,0372e978af624ebaafd24cfa1027ea3a,0.026,,,
1033,2026-08-28,SZ002714,0.04287641497308989,EXP_DEnsembleModel_Alpha158_csi300_custom_step0_s_20260830_16,0372e978af624ebaafd24cfa1027ea3a,0.026,,,
1034,2026-08-28,SZ002709,0.09162747954201449,EXP_DEnsembleModel_Alpha158_csi300_custom_step0_s_20260830_16,0372e978af624ebaafd24cfa1027ea3a,0.026,,,
1035,2026-08-28,SZ002648,0.18123422663578792,EXP_DEnsembleModel_Alpha158_csi300_custom_step0_s_20260830_16,0372e978af624ebaafd24cfa1027ea3a,0.026,,,
1036,2026-08-28,SZ002625,0.04964139161388321,EXP_DEnsembleModel_Alpha158_csi300_custom_step0_s_20260830_16,0372e978af624ebaafd24cfa1027ea3a,0.026,,,
1037,2026-08-28,SZ002602,0.06054689135725742,EXP_DEnsembleModel_Alpha158_csi300_custom_step0_s_20260830_16,0372e978af624ebaafd24cfa1027ea3a,0.026,,,
1038,2026-08-28,SZ002600,0.06479199276074206,EXP_DEnsembleModel_Alpha158_csi300_custom_step0_s_20260830_16,0372e978af624ebaafd24cfa1027ea3a,0.026,,,
1039,2026-08-28,SZ002594,-0.028205731090023816,EXP_DEnsembleModel_Alpha158_csi300_custom_step0_s_20260830_16,0372e978af624ebaafd24cfa1027ea3a,0.026,,,
1040,2026-08-28,SZ002558,0.03583506635792001,EXP_DEnsembleModel_Alpha158_csi300_custom_step0_s_20260830_16,0372e978af624ebaafd24cfa1027ea3a,0.026,,,
1041,2026-08-28,SZ002532,0.026587066313163363,EXP_DEnsembleModel_Alpha158_csi300_custom_step0_s_20260830_16,0372e978af624ebaafd24cfa1027ea3a,0.026,,,
1042,2026-08-28,SZ002493,0.12948462475832476,EXP_DEnsembleModel_Alpha158_csi300_custom_step0_s_20260830_16,0372e978af624ebaafd24cfa1027ea3a,0.026,,,
1043,2026-08-28,SZ002475,0.04301690339908797,EXP_DEnsembleModel_Alpha158_csi300_custom_step0_s_20260830_16,0372e978af624ebaafd24cfa1027ea3a,0.026,,,
1044,2026-08-28,SZ002466,0.056780800451796926,EXP_DEnsembleModel_Alpha158_csi300_custom_step0_s_20260830_16,0372e978af624ebaafd24cfa1027ea3a,0.026,,,
1045,2026-08-28,SZ002463,0.23718284063183648,EXP_DEnsembleModel_Alpha158_csi300_custom_step0_s_20260830_16,0372e978af624ebaafd24cfa1027ea3a,0.026,,,
1046,2026-08-28,SZ002460,0.035619462119447776,EXP_DEnsembleModel_Alpha158_csi300_custom_step0_s_20260830_16,0372e978af624ebaafd24cfa1027ea3a,0.026,,,
1047,2026-08-28,SZ002415,-0.05205223703294532,EXP_DEnsembleModel_Alpha158_csi300_custom_step0_s_20260830_16,0372e978af624ebaafd24cfa1027ea3a,0.026,,,
1048,2026-08-28,SH600000,-0.08915821436832304,EXP_DEnsembleModel_Alpha158_csi300_custom_step0_s_20260830_16,0372e978af624ebaafd24cfa1027ea3a,0.026,,,
1049,2026-08-28,SH601939,0.0191560341785363,EXP_DEnsembleModel_Alpha158_csi300_custom_step0_s_20260830_16,0372e978af624ebaafd24cfa1027ea3a,0.026,,,
1050,2026-08-28,SH601916,-0.0070536245295551815,EXP_DEnsembleModel_Alpha158_csi300_custom_step0_s_20260830_16,0372e978af624ebaafd24cfa1027ea3a,0.026,,,
1051,2026-08-28,SH600547,0.1289067270574496,EXP_DEnsembleModel_Alpha158_csi300_custom_step0_s_20260830_16,0372e978af624ebaafd24cfa1027ea3a,0.026,,,
1052,2026-08-28,SH600522,0.38503885984965575,EXP_DEnsembleModel_Alpha158_csi300_custom_step0_s_20260830_16,0372e978af624ebaafd24cfa1027ea3a,0.026,,,
1053,2026-08-28,SH600519,0.03238191991549637,EXP_DEnsembleModel_Alpha158_csi300_custom_step0_s_20260830_16,0372e978af624ebaafd24cfa1027ea3a,0.026,,,
1054,2026-08-28,SH600515,0.012576824217406175,EXP_DEnsembleModel_Alpha158_csi300_custom_step0_s_20260830_16,0372e978af624ebaafd24cfa1027ea3a,0.026,,,
1055,2026-08-28,SH600489,0.33242295126702176,EXP_DEnsembleModel_Alpha158_csi300_custom_step0_s_20260830_16,0372e978af624ebaafd24cfa1027ea3a,0.026,,,
1056,2026-08-28,SH600482,0.08020641866451193,EXP_DEnsembleModel_Alpha158_csi300_custom_step0_s_20260830_16,0372e978af624ebaafd24cfa1027ea3a,0.026,,,
1057,2026-08-28,SH600549,0.20372070767250952,EXP_DEnsembleModel_Alpha158_csi300_custom_step0_s_20260830_16,0372e978af624ebaafd24cfa1027ea3a,0.026,,,
1058,2026-08-28,SH600460,0.17889918336146027,EXP_DEnsembleModel_Alpha158_csi300_custom_step0_s_20260830_16,0372e978af624ebaafd24cfa1027ea3a,0.026,,,
1059,2026-08-28,SH600436,-0.014274641590646267,EXP_DEnsembleModel_Alpha158_csi300_custom_step0_s_20260830_16,0372e978af624ebaafd24cfa1027ea3a,0.026,,,
1060,2026-08-28,SH600426,0.08444432647974558,EXP_DEnsembleModel_Alpha158_csi300_custom_step0_s_20260830_16,0372e978af624ebaafd24cfa1027ea3a,0.026,,,
1061,2026-08-28,SH600415,-0.16855653638761708,EXP_DEnsembleModel_Alpha158_csi300_custom_step0_s_20260830_16,0372e978af624ebaafd24cfa1027ea3a,0.026,,,
1062,2026-08-28,SH600406,0.0017992240268695262,EXP_DEnsembleModel_Alpha158_csi300_custom_step0_s_20260830_16,0372e978af624ebaafd24cfa1027ea3a,0.026,,,
1063,2026-08-28,SH600372,0.02108745660118474,EXP_DEnsembleModel_Alpha158_csi300_custom_step0_s_20260830_16,0372e978af624ebaafd24cfa1027ea3a,0.026,,,
1064,2026-08-28,SH600362,0.31907299558869323,EXP_DEnsembleModel_Alpha158_csi300_custom_step0_s_20260830_16,0372e978af624ebaafd24cfa1027ea3a,0.026,,,
1065,2026-08-28,SH600438,-0.08697431318243748,EXP_DEnsembleModel_Alpha158_csi300_custom_step0_s_20260830_16,0372e978af624ebaafd24cfa1027ea3a,0.026,,,
1066,2026-08-28,SH600570,0.024401543445194077,EXP_DEnsembleModel_Alpha158_csi300_custom_step0_s_20260830_16,0372e978af624ebaafd24cfa1027ea3a,0.026,,,
1067,2026-08-28,SH600584,0.19712074995107523,EXP_DEnsembleModel_Alpha158_csi300_custom_step0_s_20260830_16,0372e978af624ebaafd24cfa1027ea3a,0.026,,,
1068,2026-08-28,SH600585,0.012346046677023199,EXP_DEnsembleModel_Alpha158_csi300_custom_step0_s_20260830_16,0372e978af624ebaafd24cfa1027ea3a,0.026,,,
1069,2026-08-28,SH600893,0.06987346022621611,EXP_DEnsembleModel_Alpha158_csi300_custom_step0_s_20260830_16,0372e978af624ebaafd24cfa1027ea3a,0.026,,,
1070,2026-08-28,SH600887,0.009331427158487138,EXP_DEnsembleModel_Alpha158_csi300_custom_step0_s_20260830_16,0372e978af624ebaafd24cfa1027ea3a,0.026,,,
1071,2026-08-28,SH600886,-0.0648699830824835,EXP_DEnsembleModel_Alpha158_csi300_custom_step0_s_20260830_16,0372e978af624ebaafd24cfa1027ea3a,0.026,,,
1072,2026-08-28,SH600875,-0.02116263703891492,EXP_DEnsembleModel_Alpha158_csi300_custom_step0_s_20260830_16,0372e978af624ebaafd24cfa1027ea3a,0.026,,,
1073,2026-08-28,SH600845,-0.01813944263415545,EXP_DEnsembleModel_Alpha158_csi300_custom_step0_s_20260830_16,0372e978af624ebaafd24cfa1027ea3a,0.026,,,
1074,2026-08-28,SH600809,-0.053387463439797896,EXP_DEnsembleModel_Alpha158_csi300_custom_step0_s_20260830_16,0372e978af624ebaafd24cfa1027ea3a,0.026,,,
1075,2026-08-28,SH600803,0.0784309396083469,EXP_DEnsembleModel_Alpha158_csi300_custom_step0_s_20260830_16,0372e978af624ebaafd24cfa1027ea3a,0.026,,,
1076,2026-08-28,SH600795,0.03803497184629933,EXP_DEnsembleModel_Alpha158_csi300_custom_step0_s_20260830_16,0372e978af624ebaafd24cfa1027ea3a,0.026,,,
1077,2026-08-28,SH600760,0.10670490172395022,EXP_DEnsembleModel_Alpha158_csi300_custom_step0_s_20260830_16,0372e978af624ebaafd24cfa1027ea3a,0.026,,,
1078,2026-08-28,SH600741,-0.0794807831996107,EXP_DEnsembleModel_Alpha158_csi300_custom_step0_s_20260830_16,0372e978af624ebaafd24cfa1027ea3a,0.026,,,
1079,2026-08-28,SH600690,-0.016323260385471928,EXP_DEnsembleModel_Alpha158_csi300_custom_step0_s_20260830_16,0372e978af624ebaafd24cfa1027ea3a,0.026,,,
1080,2026-08-28,SH600674,-0.07479123908101415,EXP_DEnsembleModel_Alpha158_csi300_custom_step0_s_20260830_16,0372e978af624ebaafd24cfa1027ea3a,0.026,,,
1081,2026-08-28,SH600660,-0.12027488981037626,EXP_DEnsembleModel_Alpha158_csi300_custom_step0_s_20260830_16,0372e978af624ebaafd24cfa1027ea3a,0.026,,,
1082,2026-08-28,SH600600,-0.0854262953406569,EXP_DEnsembleModel_Alpha158_csi300_custom_step0_s_20260830_16,0372e978af624ebaafd24cfa1027ea3a,0.026,,,
1083,2026-08-28,SH600588,0.06594804095589639,EXP_DEnsembleModel_Alpha158_csi300_custom_step0_s_20260830_16,0372e978af624ebaafd24cfa1027ea3a,0.026,,,
1084,2026-08-28,SH600346,0.10865990496524364,EXP_DEnsembleModel_Alpha158_csi300_custom_step0_s_20260830_16,0372e978af624ebaafd24cfa1027ea3a,0.026,,,
1085,2026-08-28,SH600309,0.10961799956636323,EXP_DEnsembleModel_Alpha158_csi300_custom_step0_s_20260830_16,0372e978af624ebaafd24cfa1027ea3a,0.026,,,
1086,2026-08-28,SH600276,0.045003141994626225,EXP_DEnsembleModel_Alpha158_csi300_custom_step0_s_20260830_16,0372e978af624ebaafd24cfa1027ea3a,0.026,,,
1087,2026-08-28,SH600233,-0.008083654208710557,EXP_DEnsembleModel_Alpha158_csi300_custom_step0_s_20260830_16,0372e978af624ebaafd24cfa1027ea3a,0.026,,,
1088,2026-08-28,SH600036,-0.055474212742316835,EXP_DEnsembleModel_Alpha158_csi300_custom_step0_s_20260830_16,0372e978af624ebaafd24cfa1027ea3a,0.026,,,
1089,2026-08-28,SH600031,-0.026965293451532424,EXP_DEnsembleModel_Alpha158_csi300_custom_step0_s_20260830_16,0372e978af624ebaafd24cfa1027ea3a,0.026,,,
1090,2026-08-28,SH600030,-0.07514244487158116,EXP_DEnsembleModel_Alpha158_csi300_custom_step0_s_20260830_16,0372e978af624ebaafd24cfa1027ea3a,0.026,,,
1091,2026-08-28,SH600029,-0.06140898022788339,EXP_DEnsembleModel_Alpha158_csi300_custom_step0_s_20260830_16,0372e978af624ebaafd24cfa1027ea3a,0.026,,,
1092,2026-08-28,SH600028,0.06945285483989773,EXP_DEnsembleModel_Alpha158_csi300_custom_step0_s_20260830_16,0372e978af624ebaafd24cfa1027ea3a,0.026,,,
1093,2026-08-28,SH600027,0.051849416064693864,EXP_DEnsembleModel_Alpha158_csi300_custom_step0_s_20260830_16,0372e978af624ebaafd24cfa1027ea3a,0.026,,,
1094,2026-08-28,SH600026,0.1175485204498087,EXP_DEnsembleModel_Alpha158_csi300_custom_step0_s_20260830_16,0372e978af624ebaafd24cfa1027ea3a,0.026,,,
1095,2026-08-28,SH600025,-0.0787756275566191,EXP_DEnsembleModel_Alpha158_csi300_custom_step0_s_20260830_16,0372e978af624ebaafd24cfa1027ea3a,0.026,,,
1096,2026-08-28,SH600023,-0.0065557091990693485,EXP_DEnsembleModel_Alpha158_csi300_custom_step0_s_20260830_16,0372e978af624ebaafd24cfa1027ea3a,0.026,,,
1097,2026-08-28,SH600019,-0.07286571063991827,EXP_DEnsembleModel_Alpha158_csi300_custom_step0_s_20260830_16,0372e978af624ebaafd24cfa1027ea3a,0.026,,,
1098,2026-08-28,SH600018,-0.07221664036379874,EXP_DEnsembleModel_Alpha158_csi300_custom_step0_s_20260830_16,0372e978af624ebaafd24cfa1027ea3a,0.026,,,
1099,2026-08-28,SH600016,-0.04209947623407815,EXP_DEnsembleModel_Alpha158_csi300_custom_step0_s_20260830_16,0372e978af624ebaafd24cfa1027ea3a,0.026,,,
1100,2026-08-28,SH600015,-0.07119788129483626,EXP_DEnsembleModel_Alpha158_csi300_custom_step0_s_20260830_16,0372e978af624ebaafd24cfa1027ea3a,0.026,,,
1101,2026-08-28,SH600011,0.011129156714888115,EXP_DEnsembleModel_Alpha158_csi300_custom_step0_s_20260830_16,0372e978af624ebaafd24cfa1027ea3a,0.026,,,
1102,2026-08-28,SH600010,0.018114251159077218,EXP_DEnsembleModel_Alpha158_csi300_custom_step0_s_20260830_16,0372e978af624ebaafd24cfa1027ea3a,0.026,,,
1103,2026-08-28,SH600039,0.05595067358576219,EXP_DEnsembleModel_Alpha158_csi300_custom_step0_s_20260830_16,0372e978af624ebaafd24cfa1027ea3a,0.026,,,
1104,2026-08-28,SH600900,-0.049680215119096864,EXP_DEnsembleModel_Alpha158_csi300_custom_step0_s_20260830_16,0372e978af624ebaafd24cfa1027ea3a,0.026,,,
1105,2026-08-28,SH600048,0.044852649120431506,EXP_DEnsembleModel_Alpha158_csi300_custom_step0_s_20260830_16,0372e978af624ebaafd24cfa1027ea3a,0.026,,,
1106,2026-08-28,SH600061,-0.04195393530463773,EXP_DEnsembleModel_Alpha158_csi300_custom_step0_s_20260830_16,0372e978af624ebaafd24cfa1027ea3a,0.026,,,
1107,2026-08-28,SH600221,-0.0042812089485083455,EXP_DEnsembleModel_Alpha158_csi300_custom_step0_s_20260830_16,0372e978af624ebaafd24cfa1027ea3a,0.026,,,
1108,2026-08-28,SH600219,-0.01648616675630985,EXP_DEnsembleModel_Alpha158_csi300_custom_step0_s_20260830_16,0372e978af624ebaafd24cfa1027ea3a,0.026,,,
1109,2026-08-28,SH600196,-0.0016677819521494885,EXP_DEnsembleModel_Alpha158_csi300_custom_step0_s_20260830_16,0372e978af624ebaafd24cfa1027ea3a,0.026,,,
1110,2026-08-28,SH600188,0.020728340794578987,EXP_DEnsembleModel_Alpha158_csi300_custom_step0_s_20260830_16,0372e978af624ebaafd24cfa1027ea3a,0.026,,,
1111,2026-08-28,SH600183,0.323599712644898,EXP_DEnsembleModel_Alpha158_csi300_custom_step0_s_20260830_16,0372e978af624ebaafd24cfa1027ea3a,0.026,,,
1112,2026-08-28,SH600176,0.4323507842381985,EXP_DEnsembleModel_Alpha158_csi300_custom_step0_s_20260830_16,0372e978af624ebaafd24cfa1027ea3a,0.026,,,
1113,2026-08-28,SH600160,0.04342998645716928,EXP_DEnsembleModel_Alpha158_csi300_custom_step0_s_20260830_16,0372e978af624ebaafd24cfa1027ea3a,0.026,,,
1114,2026-08-28,SH600150,0.01212142435773144,EXP_DEnsembleModel_Alpha158_csi300_custom_step0_s_20260830_16,0372e978af624ebaafd24cfa1027ea3a,0.026,,,
1115,2026-08-28,SH600118,0.20262277571004492,EXP_DEnsembleModel_Alpha158_csi300_custom_step0_s_20260830_16,0372e978af624ebaafd24cfa1027ea3a,0.026,,,
1116,2026-08-28,SH600115,0.03144961833498846,EXP_DEnsembleModel_Alpha158_csi300_custom_step0_s_20260830_16,0372e978af624ebaafd24cfa1027ea3a,0.026,,,
1117,2026-08-28,SH600111,0.050919202367525174,EXP_DEnsembleModel_Alpha158_csi300_custom_step0_s_20260830_16,0372e978af624ebaafd24cfa1027ea3a,0.026,,,
1118,2026-08-28,SH600104,0.005777837866047477,EXP_DEnsembleModel_Alpha158_csi300_custom_step0_s_20260830_16,0372e978af624ebaafd24cfa1027ea3a,0.026,,,
1119,2026-08-28,SH600089,0.037254000423768675,EXP_DEnsembleModel_Alpha158_csi300_custom_step0_s_20260830_16,0372e978af624ebaafd24cfa1027ea3a,0.026,,,
1120,2026-08-28,SH600085,-0.0014374761191194073,EXP_DEnsembleModel_Alpha158_csi300_custom_step0_s_20260830_16,0372e978af624ebaafd24cfa1027ea3a,0.026,,,
1121,2026-08-28,SH600066,-0.02404341392741514,EXP_DEnsembleModel_Alpha158_csi300_custom_step0_s_20260830_16,0372e978af624ebaafd24cfa1027ea3a,0.026,,,
1122,2026-08-28,SH600050,0.014724065914271873,EXP_DEnsembleModel_Alpha158_csi300_custom_step0_s_20260830_16,0372e978af624ebaafd24cfa1027ea3a,0.026,,,
1123,2026-08-28,SH601919,0.16758599034075147,EXP_DEnsembleModel_Alpha158_csi300_custom_step0_s_20260830_16,0372e978af624ebaafd24cfa1027ea3a,0.026,,,
1124,2026-08-28,SH600905,-0.05176587331666588,EXP_DEnsembleModel_Alpha158_csi300_custom_step0_s_20260830_16,0372e978af624ebaafd24cfa1027ea3a,0.026,,,
1125,2026-08-28,SH600919,-0.013297338500453072,EXP_DEnsembleModel_Alpha158_csi300_custom_step0_s_20260830_16,0372e978af624ebaafd24cfa1027ea3a,0.026,,,
1126,2026-08-28,SH601698,0.07415933505866948,EXP_DEnsembleModel_Alpha158_csi300_custom_step0_s_20260830_16,0372e978af624ebaafd24cfa1027ea3a,0.026,,,
1127,2026-08-28,SH601689,0.03733958432485913,EXP_DEnsembleModel_Alpha158_csi300_custom_step0_s_20260830_16,0372e978af624ebaafd24cfa1027ea3a,0.026,,,
1128,2026-08-28,SH601688,-0.027950090963741,EXP_DEnsembleModel_Alpha158_csi300_custom_step0_s_20260830_16,0372e978af624ebaafd24cfa1027ea3a,0.026,,,
1129,2026-08-28,SH601669,-0.06901693491482881,EXP_DEnsembleModel_Alpha158_csi300_custom_step0_s_20260830_16,0372e978af624ebaafd24cfa1027ea3a,0.026,,,
1130,2026-08-28,SH601668,-0.0006052659835278814,EXP_DEnsembleModel_Alpha158_csi300_custom_step0_s_20260830_16,0372e978af624ebaafd24cfa1027ea3a,0.026,,,
1131,2026-08-28,SH601658,-0.07691833957127263,EXP_DEnsembleModel_Alpha158_csi300_custom_step0_s_20260830_16,0372e978af624ebaafd24cfa1027ea3a,0.026,,,
1132,2026-08-28,SH601727,0.010410220862008534,EXP_DEnsembleModel_Alpha158_csi300_custom_step0_s_20260830_16,0372e978af624ebaafd24cfa1027ea3a,0.026,,,
1133,2026-08-28,SH601633,-0.07599918175448542,EXP_DEnsembleModel_Alpha158_csi300_custom_step0_s_20260830_16,0372e978af624ebaafd24cfa1027ea3a,0.026,,,
1134,2026-08-28,SH601618,0.004348034477340342,EXP_DEnsembleModel_Alpha158_csi300_custom_step0_s_20260830_16,0372e978af624ebaafd24cfa1027ea3a,0.026,,,
1135,2026-08-28,SH601607,0.003470131437203028,EXP_DEnsembleModel_Alpha158_csi300_custom_step0_s_20260830_16,0372e978af624ebaafd24cfa1027ea3a,0.026,,,
1136,2026-08-28,SH601601,0.02164721216070328,EXP_DEnsembleModel_Alpha158_csi300_custom_step0_s_20260830_16,0372e978af624ebaafd24cfa1027ea3a,0.026,,,
1137,2026-08-28,SH601600,0.03428101511794688,EXP_DEnsembleModel_Alpha158_csi300_custom_step0_s_20260830_16,0372e978af624ebaafd24cfa1027ea3a,0.026,,,
1138,2026-08-28,SH601456,-0.02673870851680147,EXP_DEnsembleModel_Alpha158_csi300_custom_step0_s_20260830_16,0372e978af624ebaafd24cfa1027ea3a,0.026,,,
1139,2026-08-28,SH601398,-0.0038773062419741678,EXP_DEnsembleModel_Alpha158_csi300_custom_step0_s_20260830_16,0372e978af624ebaafd24cfa1027ea3a,0.026,,,
1140,2026-08-28,SH601628,-0.09882945658710429,EXP_DEnsembleModel_Alpha158_csi300_custom_step0_s_20260830_16,0372e978af624ebaafd24cfa1027ea3a,0.026,,,
1141,2026-08-28,SH601728,-0.03242617033124236,EXP_DEnsembleModel_Alpha158_csi300_custom_step0_s_20260830_16,0372e978af624ebaafd24cfa1027ea3a,0.026,,,
1142,2026-08-28,SH601766,-0.013085878106154617,EXP_DEnsembleModel_Alpha158_csi300_custom_step0_s_20260830_16,0372e978af624ebaafd24cfa1027ea3a,0.026,,,
1143,2026-08-28,SH601788,-0.011417520511740142,EXP_DEnsembleModel_Alpha158_csi300_custom_step0_s_20260830_16,0372e978af624ebaafd24cfa1027ea3a,0.026,,,
1144,2026-08-28,SH601901,-0.04759560672965712,EXP_DEnsembleModel_Alpha158_csi300_custom_step0_s_20260830_16,0372e978af624ebaafd24cfa1027ea3a,0.026,,,
1145,2026-08-28,SH601899,-0.02184099939600274,EXP_DEnsembleModel_Alpha158_csi300_custom_step0_s_20260830_16,0372e978af624ebaafd24cfa1027ea3a,0.026,,,
1146,2026-08-28,SH601898,-0.00669988181435978,EXP_DEnsembleModel_Alpha158_csi300_custom_step0_s_20260830_16,0372e978af624ebaafd24cfa1027ea3a,0.026,,,
1147,2026-08-28,SH601888,-0.021578619292226462,EXP_DEnsembleModel_Alpha158_csi300_custom_step0_s_20260830_16,0372e978af624ebaafd24cfa1027ea3a,0.026,,,
1148,2026-08-28,SH601881,-0.011648530324383947,EXP_DEnsembleModel_Alpha158_csi300_custom_step0_s_20260830_16,0372e978af624ebaafd24cfa1027ea3a,0.026,,,
1149,2026-08-28,SH601878,-0.04825839615425098,EXP_DEnsembleModel_Alpha158_csi300_custom_step0_s_20260830_16,0372e978af624ebaafd24cfa1027ea3a,0.026,,,
1150,2026-08-28,SH601877,-0.010005158611212277,EXP_DEnsembleModel_Alpha158_csi300_custom_step0_s_20260830_16,0372e978af624ebaafd24cfa1027ea3a,0.026,,,
1151,2026-08-28,SH601872,0.16335275313873188,EXP_DEnsembleModel_Alpha158_csi300_custom_step0_s_20260830_16,0372e978af624ebaafd24cfa1027ea3a,0.026,,,
1152,2026-08-28,SH601868,-0.053623863948259666,EXP_DEnsembleModel_Alpha158_csi300_custom_step0_s_20260830_16,0372e978af624ebaafd24cfa1027ea3a,0.026,,,
1153,2026-08-28,SH601857,0.0336100447447855,EXP_DEnsembleModel_Alpha158_csi300_custom_step0_s_20260830_16,0372e978af624ebaafd24cfa1027ea3a,0.026,,,
1154,2026-08-28,SH601838,-0.015420274467162163,EXP_DEnsembleModel_Alpha158_csi300_custom_step0_s_20260830_16,0372e978af624ebaafd24cfa1027ea3a,0.026,,,
1155,2026-08-28,SH601825,0.09740581314979248,EXP_DEnsembleModel_Alpha158_csi300_custom_step0_s_20260830_16,0372e978af624ebaafd24cfa1027ea3a,0.026,,,
1156,2026-08-28,SH601818,-0.05115554410067362,EXP_DEnsembleModel_Alpha158_csi300_custom_step0_s_20260830_16,0372e978af624ebaafd24cfa1027ea3a,0.026,,,
1157,2026-08-28,SH601816,-0.015182009096980956,EXP_DEnsembleModel_Alpha158_csi300_custom_step0_s_20260830_16,0372e978af624ebaafd24cfa1027ea3a,0.026,,,
1158,2026-08-28,SH601800,-0.014080023360798567,EXP_DEnsembleModel_Alpha158_csi300_custom_step0_s_20260830_16,0372e978af624ebaafd24cfa1027ea3a,0.026,,,
1159,2026-08-28,SH601390,0.006899713150225512,EXP_DEnsembleModel_Alpha158_csi300_custom_step0_s_20260830_16,0372e978af624ebaafd24cfa1027ea3a,0.026,,,
1160,2026-08-28,SH601377,-0.03835442770608103,EXP_DEnsembleModel_Alpha158_csi300_custom_step0_s_20260830_16,0372e978af624ebaafd24cfa1027ea3a,0.026,,,
1161,2026-08-28,SH601360,-0.01588995719715211,EXP_DEnsembleModel_Alpha158_csi300_custom_step0_s_20260830_16,0372e978af624ebaafd24cfa1027ea3a,0.026,,,
1162,2026-08-28,SH601336,-0.0659353581088075,EXP_DEnsembleModel_Alpha158_csi300_custom_step0_s_20260830_16,0372e978af624ebaafd24cfa1027ea3a,0.026,,,
1163,2026-08-28,SH601066,-0.016794361603371524,EXP_DEnsembleModel_Alpha158_csi300_custom_step0_s_20260830_16,0372e978af624ebaafd24cfa1027ea3a,0.026,,,
1164,2026-08-28,SH601059,-0.02106023890920517,EXP_DEnsembleModel_Alpha158_csi300_custom_step0_s_20260830_16,0372e978af624ebaafd24cfa1027ea3a,0.026,,,
1165,2026-08-28,SH601058,0.09414876055277656,EXP_DEnsembleModel_Alpha158_csi300_custom_step0_s_20260830_16,0372e978af624ebaafd24cfa1027ea3a,0.026,,,
1166,2026-08-28,SH601021,0.011102418529172283,EXP_DEnsembleModel_Alpha158_csi300_custom_step0_s_20260830_16,0372e978af624ebaafd24cfa1027ea3a,0.026,,,
1167,2026-08-28,SH601018,-0.015446928386532933,EXP_DEnsembleModel_Alpha158_csi300_custom_step0_s_20260830_16,0372e978af624ebaafd24cfa1027ea3a,0.026,,,
1168,2026-08-28,SH601012,0.0018730788215974472,EXP_DEnsembleModel_Alpha158_csi300_custom_step0_s_20260830_16,0372e978af624ebaafd24cfa1027ea3a,0.026,,,
1169,2026-08-28,SH601009,0.05076622445032124,EXP_DEnsembleModel_Alpha158_csi300_custom_step0_s_20260830_16,0372e978af624ebaafd24cfa1027ea3a,0.026,,,
1170,2026-08-28,SH601006,-0.019418599171693893,EXP_DEnsembleModel_Alpha158_csi300_custom_step0_s_20260830_16,0372e978af624ebaafd24cfa1027ea3a,0.026,,,
1171,2026-08-28,SH600999,0.02226850039763318,EXP_DEnsembleModel_Alpha158_csi300_custom_step0_s_20260830_16,0372e978af624ebaafd24cfa1027ea3a,0.026,,,
1172,2026-08-28,SH600989,0.014431449741094626,EXP_DEnsembleModel_Alpha158_csi300_custom_step0_s_20260830_16,0372e978af624ebaafd24cfa1027ea3a,0.026,,,
1173,2026-08-28,SH600958,-0.009122538034967672,EXP_DEnsembleModel_Alpha158_csi300_custom_step0_s_20260830_16,0372e978af624ebaafd24cfa1027ea3a,0.026,,,
1174,2026-08-28,SH600941,-0.010301639470629289,EXP_DEnsembleModel_Alpha158_csi300_custom_step0_s_20260830_16,0372e978af624ebaafd24cfa1027ea3a,0.026,,,
1175,2026-08-28,SH600938,0.05208198589399505,EXP_DEnsembleModel_Alpha158_csi300_custom_step0_s_20260830_16,0372e978af624ebaafd24cfa1027ea3a,0.026,,,
1176,2026-08-28,SH600930,-0.016710964811639598,EXP_DEnsembleModel_Alpha158_csi300_custom_step0_s_20260830_16,0372e978af624ebaafd24cfa1027ea3a,0.026,,,
1177,2026-08-28,SH600926,0.020938726316914825,EXP_DEnsembleModel_Alpha158_csi300_custom_step0_s_20260830_16,0372e978af624ebaafd24cfa1027ea3a,0.026,,,
1178,2026-08-28,SH601077,0.044740614184149353,EXP_DEnsembleModel_Alpha158_csi300_custom_step0_s_20260830_16,0372e978af624ebaafd24cfa1027ea3a,0.026,,,
1179,2026-08-28,SH600918,0.005081939549581927,EXP_DEnsembleModel_Alpha158_csi300_custom_step0_s_20260830_16,0372e978af624ebaafd24cfa1027ea3a,0.026,,,
1180,2026-08-28,SH601088,0.019042035348271688,EXP_DEnsembleModel_Alpha158_csi300_custom_step0_s_20260830_16,0372e978af624ebaafd24cfa1027ea3a,0.026,,,
1181,2026-08-28,SH601111,0.01699672354689902,EXP_DEnsembleModel_Alpha158_csi300_custom_step0_s_20260830_16,0372e978af624ebaafd24cfa1027ea3a,0.026,,,
1182,2026-08-28,SH601328,-0.08834685443238384,EXP_DEnsembleModel_Alpha158_csi300_custom_step0_s_20260830_16,0372e978af624ebaafd24cfa1027ea3a,0.026,,,
1183,2026-08-28,SH601319,-0.08499489930194064,EXP_DEnsembleModel_Alpha158_csi300_custom_step0_s_20260830_16,0372e978af624ebaafd24cfa1027ea3a,0.026,,,
1184,2026-08-28,SH601318,0.055543803830333284,EXP_DEnsembleModel_Alpha158_csi300_custom_step0_s_20260830_16,0372e978af624ebaafd24cfa1027ea3a,0.026,,,
1185,2026-08-28,SH601288,-0.013432947817040226,EXP_DEnsembleModel_Alpha158_csi300_custom_step0_s_20260830_16,0372e978af624ebaafd24cfa1027ea3a,0.026,,,
1186,2026-08-28,SH601238,-0.06757074757697563,EXP_DEnsembleModel_Alpha158_csi300_custom_step0_s_20260830_16,0372e978af624ebaafd24cfa1027ea3a,0.026,,,
1187,2026-08-28,SH601229,-0.01871006127713549,EXP_DEnsembleModel_Alpha158_csi300_custom_step0_s_20260830_16,0372e978af624ebaafd24cfa1027ea3a,0.026,,,
1188,2026-08-28,SH601225,0.07851587397861501,EXP_DEnsembleModel_Alpha158_csi300_custom_step0_s_20260830_16,0372e978af624ebaafd24cfa1027ea3a,0.026,,,
1189,2026-08-28,SH601211,-0.01658349938108232,EXP_DEnsembleModel_Alpha158_csi300_custom_step0_s_20260830_16,0372e978af624ebaafd24cfa1027ea3a,0.026,,,
1190,2026-08-28,SH601186,-0.039325445615258005,EXP_DEnsembleModel_Alpha158_csi300_custom_step0_s_20260830_16,0372e978af624ebaafd24cfa1027ea3a,0.026,,,
1191,2026-08-28,SH601169,-0.05036740156800443,EXP_DEnsembleModel_Alpha158_csi300_custom_step0_s_20260830_16,0372e978af624ebaafd24cfa1027ea3a,0.026,,,
1192,2026-08-28,SH601166,-0.06414388097102572,EXP_DEnsembleModel_Alpha158_csi300_custom_step0_s_20260830_16,0372e978af624ebaafd24cfa1027ea3a,0.026,,,
1193,2026-08-28,SH601138,0.07766907317091946,EXP_DEnsembleModel_Alpha158_csi300_custom_step0_s_20260830_16,0372e978af624ebaafd24cfa1027ea3a,0.026,,,
1194,2026-08-28,SH601136,-0.03338019418954873,EXP_DEnsembleModel_Alpha158_csi300_custom_step0_s_20260830_16,0372e978af624ebaafd24cfa1027ea3a,0.026,,,
1195,2026-08-28,SH601127,0.08458041263565731,EXP_DEnsembleModel_Alpha158_csi300_custom_step0_s_20260830_16,0372e978af624ebaafd24cfa1027ea3a,0.026,,,
1196,2026-08-28,SH601117,-0.0014679822738214033,EXP_DEnsembleModel_Alpha158_csi300_custom_step0_s_20260830_16,0372e978af624ebaafd24cfa1027ea3a,0.026,,,
1197,2026-08-28,SH601100,-0.030114606840835268,EXP_DEnsembleModel_Alpha158_csi300_custom_step0_s_20260830_16,0372e978af624ebaafd24cfa1027ea3a,0.026,,,
1198,2026-08-28,SH600009,0.07552765709182759,EXP_DEnsembleModel_Alpha158_csi300_custom_step0_s_20260830_16,dc5c8d08bcab4d719d74d0142657a06d,0.026,,,
1199,2026-08-28,SZ302132,-0.0513460710644722,EXP_LinearModel_Alpha158_csi300_custom_step0_s_20260830_16,bf5c9b209a4d473ea85752cc9895256d,0.098,,,
1200,2026-08-28,SH600009,-0.05729781091213226,EXP_LinearModel_Alpha158_csi300_custom_step0_s_20260830_16,c3b867b667aa440aa1c7f96f7fe31cc7,0.006,,,
1201,2026-08-28,SZ000617,-0.022507168352603912,EXP_LinearModel_Alpha158_csi300_custom_step0_s_20260830_16,321f582631624f3fa10a74d88a1a3d93,0.157,,,
1202,2026-08-28,SZ000596,0.02396642416715622,EXP_LinearModel_Alpha158_csi300_custom_step0_s_20260830_16,321f582631624f3fa10a74d88a1a3d93,0.157,,,
1203,2026-08-28,SZ000568,0.037399884313344955,EXP_LinearModel_Alpha158_csi300_custom_step0_s_20260830_16,321f582631624f3fa10a74d88a1a3d93,0.157,,,
1204,2026-08-28,SZ000538,0.01813560537993908,EXP_LinearModel_Alpha158_csi300_custom_step0_s_20260830_16,321f582631624f3fa10a74d88a1a3d93,0.157,,,
1205,2026-08-28,SZ000425,-0.03729184716939926,EXP_LinearModel_Alpha158_csi300_custom_step0_s_20260830_16,321f582631624f3fa10a74d88a1a3d93,0.157,,,
1206,2026-08-28,SZ000408,-0.0626564472913742,EXP_LinearModel_Alpha158_csi300_custom_step0_s_20260830_16,321f582631624f3fa10a74d88a1a3d93,0.157,,,
1207,2026-08-28,SZ000625,-0.01573464646935463,EXP_LinearModel_Alpha158_csi300_custom_step0_s_20260830_16,321f582631624f3fa10a74d88a1a3d93,0.157,,,
1208,2026-08-28,SZ000338,-0.05926404893398285,EXP_LinearModel_Alpha158_csi300_custom_step0_s_20260830_16,321f582631624f3fa10a74d88a1a3d93,0.157,,,
1209,2026-08-28,SZ000301,0.13410677015781403,EXP_LinearModel_Alpha158_csi300_custom_step0_s_20260830_16,321f582631624f3fa10a74d88a1a3d93,0.157,,,
1210,2026-08-28,SZ000166,-0.017361268401145935,EXP_LinearModel_Alpha158_csi300_custom_step0_s_20260830_16,321f582631624f3fa10a74d88a1a3d93,0.157,,,
1211,2026-08-28,SZ000157,-0.025580180808901787,EXP_LinearModel_Alpha158_csi300_custom_step0_s_20260830_16,321f582631624f3fa10a74d88a1a3d93,0.157,,,
1212,2026-08-28,SZ000100,-0.11303391307592392,EXP_LinearModel_Alpha158_csi300_custom_step0_s_20260830_16,321f582631624f3fa10a74d88a1a3d93,0.157,,,
1213,2026-08-28,SZ000063,0.017590248957276344,EXP_LinearModel_Alpha158_csi300_custom_step0_s_20260830_16,321f582631624f3fa10a74d88a1a3d93,0.157,,,
1214,2026-08-28,SZ000002,-0.03792807459831238,EXP_LinearModel_Alpha158_csi300_custom_step0_s_20260830_16,321f582631624f3fa10a74d88a1a3d93,0.157,,,
1215,2026-08-28,SZ000333,-0.026777589693665504,EXP_LinearModel_Alpha158_csi300_custom_step0_s_20260830_16,321f582631624f3fa10a74d88a1a3d93,0.157,,,
1216,2026-08-28,SZ000630,0.00707174651324749,EXP_LinearModel_Alpha158_csi300_custom_step0_s_20260830_16,321f582631624f3fa10a74d88a1a3d93,0.157,,,
1217,2026-08-28,SZ000651,-0.08018013089895248,EXP_LinearModel_Alpha158_csi300_custom_step0_s_20260830_16,321f582631624f3fa10a74d88a1a3d93,0.157,,,
1218,2026-08-28,SZ000657,0.22545507550239563,EXP_LinearModel_Alpha158_csi300_custom_step0_s_20260830_16,321f582631624f3fa10a74d88a1a3d93,0.157,,,
1219,2026-08-28,SZ001280,0.02353319711983204,EXP_LinearModel_Alpha158_csi300_custom_step0_s_20260830_16,321f582631624f3fa10a74d88a1a3d93,0.157,,,
1220,2026-08-28,SZ000999,0.05681689828634262,EXP_LinearModel_Alpha158_csi300_custom_step0_s_20260830_16,321f582631624f3fa10a74d88a1a3d93,0.157,,,
1221,2026-08-28,SZ000988,0.11231052130460739,EXP_LinearModel_Alpha158_csi300_custom_step0_s_20260830_16,321f582631624f3fa10a74d88a1a3d93,0.157,,,
1222,2026-08-28,SZ000977,-0.06853621453046799,EXP_LinearModel_Alpha158_csi300_custom_step0_s_20260830_16,321f582631624f3fa10a74d88a1a3d93,0.157,,,
1223,2026-08-28,SZ000975,0.03954578936100006,EXP_LinearModel_Alpha158_csi300_custom_step0_s_20260830_16,321f582631624f3fa10a74d88a1a3d93,0.157,,,
1224,2026-08-28,SZ000963,0.008918141946196556,EXP_LinearModel_Alpha158_csi300_custom_step0_s_20260830_16,321f582631624f3fa10a74d88a1a3d93,0.157,,,
1225,2026-08-28,SZ000938,-0.09391142427921295,EXP_LinearModel_Alpha158_csi300_custom_step0_s_20260830_16,321f582631624f3fa10a74d88a1a3d93,0.157,,,
1226,2026-08-28,SZ000895,-0.04527134448289871,EXP_LinearModel_Alpha158_csi300_custom_step0_s_20260830_16,321f582631624f3fa10a74d88a1a3d93,0.157,,,
1227,2026-08-28,SZ000858,-0.0013164066476747394,EXP_LinearModel_Alpha158_csi300_custom_step0_s_20260830_16,321f582631624f3fa10a74d88a1a3d93,0.157,,,
1228,2026-08-28,SZ000807,-0.07501132041215897,EXP_LinearModel_Alpha158_csi300_custom_step0_s_20260830_16,321f582631624f3fa10a74d88a1a3d93,0.157,,,
1229,2026-08-28,SZ000792,0.017369497567415237,EXP_LinearModel_Alpha158_csi300_custom_step0_s_20260830_16,321f582631624f3fa10a74d88a1a3d93,0.157,,,
1230,2026-08-28,SZ000776,-0.14956486225128174,EXP_LinearModel_Alpha158_csi300_custom_step0_s_20260830_16,321f582631624f3fa10a74d88a1a3d93,0.157,,,
1231,2026-08-28,SZ000768,-0.014713425189256668,EXP_LinearModel_Alpha158_csi300_custom_step0_s_20260830_16,321f582631624f3fa10a74d88a1a3d93,0.157,,,
1232,2026-08-28,SZ000725,0.020470043644309044,EXP_LinearModel_Alpha158_csi300_custom_step0_s_20260830_16,321f582631624f3fa10a74d88a1a3d93,0.157,,,
1233,2026-08-28,SZ000708,-0.029830273240804672,EXP_LinearModel_Alpha158_csi300_custom_step0_s_20260830_16,321f582631624f3fa10a74d88a1a3d93,0.157,,,
1234,2026-08-28,SZ000001,0.03886013105511665,EXP_LinearModel_Alpha158_csi300_custom_step0_s_20260830_16,321f582631624f3fa10a74d88a1a3d93,0.157,,,
1235,2026-08-28,SH688981,-0.02002977952361107,EXP_LinearModel_Alpha158_csi300_custom_step0_s_20260830_16,321f582631624f3fa10a74d88a1a3d93,0.157,,,
1236,2026-08-28,SH688521,0.041270822286605835,EXP_LinearModel_Alpha158_csi300_custom_step0_s_20260830_16,321f582631624f3fa10a74d88a1a3d93,0.157,,,
1237,2026-08-28,SH688506,0.05902712047100067,EXP_LinearModel_Alpha158_csi300_custom_step0_s_20260830_16,321f582631624f3fa10a74d88a1a3d93,0.157,,,
1238,2026-08-28,SH603993,-0.18505872786045074,EXP_LinearModel_Alpha158_csi300_custom_step0_s_20260830_16,321f582631624f3fa10a74d88a1a3d93,0.157,,,
1239,2026-08-28,SH603986,0.024351267144083977,EXP_LinearModel_Alpha158_csi300_custom_step0_s_20260830_16,321f582631624f3fa10a74d88a1a3d93,0.157,,,
1240,2026-08-28,SH603893,-0.06155873090028763,EXP_LinearModel_Alpha158_csi300_custom_step0_s_20260830_16,321f582631624f3fa10a74d88a1a3d93,0.157,,,
1241,2026-08-28,SH603799,-0.043276652693748474,EXP_LinearModel_Alpha158_csi300_custom_step0_s_20260830_16,321f582631624f3fa10a74d88a1a3d93,0.157,,,
1242,2026-08-28,SH603501,-0.02604522369801998,EXP_LinearModel_Alpha158_csi300_custom_step0_s_20260830_16,321f582631624f3fa10a74d88a1a3d93,0.157,,,
1243,2026-08-28,SH603392,0.08632492274045944,EXP_LinearModel_Alpha158_csi300_custom_step0_s_20260830_16,321f582631624f3fa10a74d88a1a3d93,0.157,,,
1244,2026-08-28,SH603369,0.00803640577942133,EXP_LinearModel_Alpha158_csi300_custom_step0_s_20260830_16,321f582631624f3fa10a74d88a1a3d93,0.157,,,
1245,2026-08-28,SH603296,-0.021780990064144135,EXP_LinearModel_Alpha158_csi300_custom_step0_s_20260830_16,321f582631624f3fa10a74d88a1a3d93,0.157,,,
1246,2026-08-28,SH603288,-0.03268103674054146,EXP_LinearModel_Alpha158_csi300_custom_step0_s_20260830_16,321f582631624f3fa10a74d88a1a3d93,0.157,,,
1247,2026-08-28,SH603260,0.14230936765670776,EXP_LinearModel_Alpha158_csi300_custom_step0_s_20260830_16,321f582631624f3fa10a74d88a1a3d93,0.157,,,
1248,2026-08-28,SH603259,0.07957322895526886,EXP_LinearModel_Alpha158_csi300_custom_step0_s_20260830_16,321f582631624f3fa10a74d88a1a3d93,0.157,,,
1249,2026-08-28,SH603019,-0.07149922847747803,EXP_LinearModel_Alpha158_csi300_custom_step0_s_20260830_16,321f582631624f3fa10a74d88a1a3d93,0.157,,,
1250,2026-08-28,SH601998,0.14734745025634766,EXP_LinearModel_Alpha158_csi300_custom_step0_s_20260830_16,321f582631624f3fa10a74d88a1a3d93,0.157,,,
1251,2026-08-28,SH601995,-0.059106502681970596,EXP_LinearModel_Alpha158_csi300_custom_step0_s_20260830_16,321f582631624f3fa10a74d88a1a3d93,0.157,,,
1252,2026-08-28,SH601988,0.05292180925607681,EXP_LinearModel_Alpha158_csi300_custom_step0_s_20260830_16,321f582631624f3fa10a74d88a1a3d93,0.157,,,
1253,2026-08-28,SH605117,0.022734161466360092,EXP_LinearModel_Alpha158_csi300_custom_step0_s_20260830_16,321f582631624f3fa10a74d88a1a3d93,0.157,,,
1254,2026-08-28,SZ001391,0.02620987594127655,EXP_LinearModel_Alpha158_csi300_custom_step0_s_20260830_16,321f582631624f3fa10a74d88a1a3d93,0.157,,,
1255,2026-08-28,SH605499,-0.07579782605171204,EXP_LinearModel_Alpha158_csi300_custom_step0_s_20260830_16,321f582631624f3fa10a74d88a1a3d93,0.157,,,
1256,2026-08-28,SH688009,-0.05717504024505615,EXP_LinearModel_Alpha158_csi300_custom_step0_s_20260830_16,321f582631624f3fa10a74d88a1a3d93,0.157,,,
1257,2026-08-28,SH688472,0.040493182837963104,EXP_LinearModel_Alpha158_csi300_custom_step0_s_20260830_16,321f582631624f3fa10a74d88a1a3d93,0.157,,,
1258,2026-08-28,SH688396,-0.03399595990777016,EXP_LinearModel_Alpha158_csi300_custom_step0_s_20260830_16,321f582631624f3fa10a74d88a1a3d93,0.157,,,
1259,2026-08-28,SH688303,-0.01361095905303955,EXP_LinearModel_Alpha158_csi300_custom_step0_s_20260830_16,321f582631624f3fa10a74d88a1a3d93,0.157,,,
1260,2026-08-28,SH688271,0.02229566127061844,EXP_LinearModel_Alpha158_csi300_custom_step0_s_20260830_16,321f582631624f3fa10a74d88a1a3d93,0.157,,,
1261,2026-08-28,SH688256,0.028722871094942093,EXP_LinearModel_Alpha158_csi300_custom_step0_s_20260830_16,321f582631624f3fa10a74d88a1a3d93,0.157,,,
1262,2026-08-28,SH688223,0.029629915952682495,EXP_LinearModel_Alpha158_csi300_custom_step0_s_20260830_16,321f582631624f3fa10a74d88a1a3d93,0.157,,,
1263,2026-08-28,SH688183,0.16806741058826447,EXP_LinearModel_Alpha158_csi300_custom_step0_s_20260830_16,321f582631624f3fa10a74d88a1a3d93,0.157,,,
1264,2026-08-28,SH688126,0.11934173107147217,EXP_LinearModel_Alpha158_csi300_custom_step0_s_20260830_16,321f582631624f3fa10a74d88a1a3d93,0.157,,,
1265,2026-08-28,SH688111,-0.05516059324145317,EXP_LinearModel_Alpha158_csi300_custom_step0_s_20260830_16,321f582631624f3fa10a74d88a1a3d93,0.157,,,
1266,2026-08-28,SH688082,-0.011189509183168411,EXP_LinearModel_Alpha158_csi300_custom_step0_s_20260830_16,321f582631624f3fa10a74d88a1a3d93,0.157,,,
1267,2026-08-28,SH688072,-0.04987189173698425,EXP_LinearModel_Alpha158_csi300_custom_step0_s_20260830_16,321f582631624f3fa10a74d88a1a3d93,0.157,,,
1268,2026-08-28,SH688047,0.17108938097953796,EXP_LinearModel_Alpha158_csi300_custom_step0_s_20260830_16,321f582631624f3fa10a74d88a1a3d93,0.157,,,
1269,2026-08-28,SH688041,0.06559772044420242,EXP_LinearModel_Alpha158_csi300_custom_step0_s_20260830_16,321f582631624f3fa10a74d88a1a3d93,0.157,,,
1270,2026-08-28,SH688036,-0.11601224541664124,EXP_LinearModel_Alpha158_csi300_custom_step0_s_20260830_16,321f582631624f3fa10a74d88a1a3d93,0.157,,,
1271,2026-08-28,SH688012,-0.13147689402103424,EXP_LinearModel_Alpha158_csi300_custom_step0_s_20260830_16,321f582631624f3fa10a74d88a1a3d93,0.157,,,
1272,2026-08-28,SH688008,-0.11583937704563141,EXP_LinearModel_Alpha158_csi300_custom_step0_s_20260830_16,321f582631624f3fa10a74d88a1a3d93,0.157,,,
1273,2026-08-28,SH601985,-0.0350484624505043,EXP_LinearModel_Alpha158_csi300_custom_step0_s_20260830_16,321f582631624f3fa10a74d88a1a3d93,0.157,,,
1274,2026-08-28,SZ001965,-0.08945359289646149,EXP_LinearModel_Alpha158_csi300_custom_step0_s_20260830_16,321f582631624f3fa10a74d88a1a3d93,0.157,,,
1275,2026-08-28,SZ002001,0.05325111746788025,EXP_LinearModel_Alpha158_csi300_custom_step0_s_20260830_16,321f582631624f3fa10a74d88a1a3d93,0.157,,,
1276,2026-08-28,SZ300413,0.1996791511774063,EXP_LinearModel_Alpha158_csi300_custom_step0_s_20260830_16,321f582631624f3fa10a74d88a1a3d93,0.157,,,
1277,2026-08-28,SZ300408,0.31092146039009094,EXP_LinearModel_Alpha158_csi300_custom_step0_s_20260830_16,321f582631624f3fa10a74d88a1a3d93,0.157,,,
1278,2026-08-28,SZ300394,0.3280653953552246,EXP_LinearModel_Alpha158_csi300_custom_step0_s_20260830_16,321f582631624f3fa10a74d88a1a3d93,0.157,,,
1279,2026-08-28,SZ300316,0.038302645087242126,EXP_LinearModel_Alpha158_csi300_custom_step0_s_20260830_16,321f582631624f3fa10a74d88a1a3d93,0.157,,,
1280,2026-08-28,SZ300308,0.03141818195581436,EXP_LinearModel_Alpha158_csi300_custom_step0_s_20260830_16,321f582631624f3fa10a74d88a1a3d93,0.157,,,
1281,2026-08-28,SZ300274,-0.08164983242750168,EXP_LinearModel_Alpha158_csi300_custom_step0_s_20260830_16,321f582631624f3fa10a74d88a1a3d93,0.157,,,
1282,2026-08-28,SZ300418,0.1958945095539093,EXP_LinearModel_Alpha158_csi300_custom_step0_s_20260830_16,321f582631624f3fa10a74d88a1a3d93,0.157,,,
1283,2026-08-28,SZ300251,0.12008124589920044,EXP_LinearModel_Alpha158_csi300_custom_step0_s_20260830_16,321f582631624f3fa10a74d88a1a3d93,0.157,,,
1284,2026-08-28,SZ300122,0.018384499475359917,EXP_LinearModel_Alpha158_csi300_custom_step0_s_20260830_16,321f582631624f3fa10a74d88a1a3d93,0.157,,,
1285,2026-08-28,SZ300059,-0.01943279057741165,EXP_LinearModel_Alpha158_csi300_custom_step0_s_20260830_16,321f582631624f3fa10a74d88a1a3d93,0.157,,,
1286,2026-08-28,SZ300033,-0.0259723924100399,EXP_LinearModel_Alpha158_csi300_custom_step0_s_20260830_16,321f582631624f3fa10a74d88a1a3d93,0.157,,,
1287,2026-08-28,SZ300015,0.06209549307823181,EXP_LinearModel_Alpha158_csi300_custom_step0_s_20260830_16,321f582631624f3fa10a74d88a1a3d93,0.157,,,
1288,2026-08-28,SZ300014,-0.05640370398759842,EXP_LinearModel_Alpha158_csi300_custom_step0_s_20260830_16,321f582631624f3fa10a74d88a1a3d93,0.157,,,
1289,2026-08-28,SZ003816,0.0769980400800705,EXP_LinearModel_Alpha158_csi300_custom_step0_s_20260830_16,321f582631624f3fa10a74d88a1a3d93,0.157,,,
1290,2026-08-28,SZ300124,0.02773822471499443,EXP_LinearModel_Alpha158_csi300_custom_step0_s_20260830_16,321f582631624f3fa10a74d88a1a3d93,0.157,,,
1291,2026-08-28,SZ300433,0.10442259907722473,EXP_LinearModel_Alpha158_csi300_custom_step0_s_20260830_16,321f582631624f3fa10a74d88a1a3d93,0.157,,,
1292,2026-08-28,SZ300442,0.0805191695690155,EXP_LinearModel_Alpha158_csi300_custom_step0_s_20260830_16,321f582631624f3fa10a74d88a1a3d93,0.157,,,
1293,2026-08-28,SZ300450,-0.03944393992424011,EXP_LinearModel_Alpha158_csi300_custom_step0_s_20260830_16,321f582631624f3fa10a74d88a1a3d93,0.157,,,
1294,2026-08-28,SZ301269,0.033839717507362366,EXP_LinearModel_Alpha158_csi300_custom_step0_s_20260830_16,321f582631624f3fa10a74d88a1a3d93,0.157,,,
1295,2026-08-28,SZ301236,-0.04670204967260361,EXP_LinearModel_Alpha158_csi300_custom_step0_s_20260830_16,321f582631624f3fa10a74d88a1a3d93,0.157,,,
1296,2026-08-28,SZ301165,0.11134110391139984,EXP_LinearModel_Alpha158_csi300_custom_step0_s_20260830_16,321f582631624f3fa10a74d88a1a3d93,0.157,,,
1297,2026-08-28,SZ300999,-0.06671613454818726,EXP_LinearModel_Alpha158_csi300_custom_step0_s_20260830_16,321f582631624f3fa10a74d88a1a3d93,0.157,,,
1298,2026-08-28,SZ300896,0.07060079276561737,EXP_LinearModel_Alpha158_csi300_custom_step0_s_20260830_16,321f582631624f3fa10a74d88a1a3d93,0.157,,,
1299,2026-08-28,SZ300866,-0.058213185518980026,EXP_LinearModel_Alpha158_csi300_custom_step0_s_20260830_16,321f582631624f3fa10a74d88a1a3d93,0.157,,,
1300,2026-08-28,SZ300832,0.07478215545415878,EXP_LinearModel_Alpha158_csi300_custom_step0_s_20260830_16,321f582631624f3fa10a74d88a1a3d93,0.157,,,
1301,2026-08-28,SZ300803,0.011976472102105618,EXP_LinearModel_Alpha158_csi300_custom_step0_s_20260830_16,321f582631624f3fa10a74d88a1a3d93,0.157,,,
1302,2026-08-28,SZ300760,0.0827813670039177,EXP_LinearModel_Alpha158_csi300_custom_step0_s_20260830_16,321f582631624f3fa10a74d88a1a3d93,0.157,,,
1303,2026-08-28,SZ300750,-0.0892522782087326,EXP_LinearModel_Alpha158_csi300_custom_step0_s_20260830_16,321f582631624f3fa10a74d88a1a3d93,0.157,,,
1304,2026-08-28,SZ300661,0.17244510352611542,EXP_LinearModel_Alpha158_csi300_custom_step0_s_20260830_16,321f582631624f3fa10a74d88a1a3d93,0.157,,,
1305,2026-08-28,SZ300628,-0.08357428014278412,EXP_LinearModel_Alpha158_csi300_custom_step0_s_20260830_16,321f582631624f3fa10a74d88a1a3d93,0.157,,,
1306,2026-08-28,SZ300502,0.14779485762119293,EXP_LinearModel_Alpha158_csi300_custom_step0_s_20260830_16,321f582631624f3fa10a74d88a1a3d93,0.157,,,
1307,2026-08-28,SZ300498,-0.048795901238918304,EXP_LinearModel_Alpha158_csi300_custom_step0_s_20260830_16,321f582631624f3fa10a74d88a1a3d93,0.157,,,
1308,2026-08-28,SZ300476,0.2499752640724182,EXP_LinearModel_Alpha158_csi300_custom_step0_s_20260830_16,321f582631624f3fa10a74d88a1a3d93,0.157,,,
1309,2026-08-28,SZ002938,0.15513500571250916,EXP_LinearModel_Alpha158_csi300_custom_step0_s_20260830_16,321f582631624f3fa10a74d88a1a3d93,0.157,,,
1310,2026-08-28,SZ002920,0.18154855072498322,EXP_LinearModel_Alpha158_csi300_custom_step0_s_20260830_16,321f582631624f3fa10a74d88a1a3d93,0.157,,,
1311,2026-08-28,SZ002916,0.18237289786338806,EXP_LinearModel_Alpha158_csi300_custom_step0_s_20260830_16,321f582631624f3fa10a74d88a1a3d93,0.157,,,
1312,2026-08-28,SZ002837,0.08150570094585419,EXP_LinearModel_Alpha158_csi300_custom_step0_s_20260830_16,321f582631624f3fa10a74d88a1a3d93,0.157,,,
1313,2026-08-28,SZ002353,0.03115140087902546,EXP_LinearModel_Alpha158_csi300_custom_step0_s_20260830_16,321f582631624f3fa10a74d88a1a3d93,0.157,,,
1314,2026-08-28,SZ002352,-0.04684291034936905,EXP_LinearModel_Alpha158_csi300_custom_step0_s_20260830_16,321f582631624f3fa10a74d88a1a3d93,0.157,,,
1315,2026-08-28,SZ002311,-0.027745269238948822,EXP_LinearModel_Alpha158_csi300_custom_step0_s_20260830_16,321f582631624f3fa10a74d88a1a3d93,0.157,,,
1316,2026-08-28,SZ002304,0.04826664924621582,EXP_LinearModel_Alpha158_csi300_custom_step0_s_20260830_16,321f582631624f3fa10a74d88a1a3d93,0.157,,,
1317,2026-08-28,SZ002241,-0.015336748212575912,EXP_LinearModel_Alpha158_csi300_custom_step0_s_20260830_16,321f582631624f3fa10a74d88a1a3d93,0.157,,,
1318,2026-08-28,SZ002236,-0.058807313442230225,EXP_LinearModel_Alpha158_csi300_custom_step0_s_20260830_16,321f582631624f3fa10a74d88a1a3d93,0.157,,,
1319,2026-08-28,SZ002230,0.010107249021530151,EXP_LinearModel_Alpha158_csi300_custom_step0_s_20260830_16,321f582631624f3fa10a74d88a1a3d93,0.157,,,
1320,2026-08-28,SZ002202,0.14211472868919373,EXP_LinearModel_Alpha158_csi300_custom_step0_s_20260830_16,321f582631624f3fa10a74d88a1a3d93,0.157,,,
1321,2026-08-28,SZ002179,0.040615372359752655,EXP_LinearModel_Alpha158_csi300_custom_step0_s_20260830_16,321f582631624f3fa10a74d88a1a3d93,0.157,,,
1322,2026-08-28,SZ002142,0.013328967615962029,EXP_LinearModel_Alpha158_csi300_custom_step0_s_20260830_16,321f582631624f3fa10a74d88a1a3d93,0.157,,,
1323,2026-08-28,SZ002074,-0.06960682570934296,EXP_LinearModel_Alpha158_csi300_custom_step0_s_20260830_16,321f582631624f3fa10a74d88a1a3d93,0.157,,,
1324,2026-08-28,SZ002050,0.10510614514350891,EXP_LinearModel_Alpha158_csi300_custom_step0_s_20260830_16,321f582631624f3fa10a74d88a1a3d93,0.157,,,
1325,2026-08-28,SZ002049,0.09391909092664719,EXP_LinearModel_Alpha158_csi300_custom_step0_s_20260830_16,321f582631624f3fa10a74d88a1a3d93,0.157,,,
1326,2026-08-28,SZ002028,-0.21762362122535706,EXP_LinearModel_Alpha158_csi300_custom_step0_s_20260830_16,321f582631624f3fa10a74d88a1a3d93,0.157,,,
1327,2026-08-28,SZ002027,0.043608300387859344,EXP_LinearModel_Alpha158_csi300_custom_step0_s_20260830_16,321f582631624f3fa10a74d88a1a3d93,0.157,,,
1328,2026-08-28,SZ002371,-0.04911014065146446,EXP_LinearModel_Alpha158_csi300_custom_step0_s_20260830_16,321f582631624f3fa10a74d88a1a3d93,0.157,,,
1329,2026-08-28,SZ001979,0.0006326846778392792,EXP_LinearModel_Alpha158_csi300_custom_step0_s_20260830_16,321f582631624f3fa10a74d88a1a3d93,0.157,,,
1330,2026-08-28,SZ002384,0.09309671819210052,EXP_LinearModel_Alpha158_csi300_custom_step0_s_20260830_16,321f582631624f3fa10a74d88a1a3d93,0.157,,,
1331,2026-08-28,SZ002422,-0.007988239638507366,EXP_LinearModel_Alpha158_csi300_custom_step0_s_20260830_16,321f582631624f3fa10a74d88a1a3d93,0.157,,,
1332,2026-08-28,SZ002736,-0.02998986840248108,EXP_LinearModel_Alpha158_csi300_custom_step0_s_20260830_16,321f582631624f3fa10a74d88a1a3d93,0.157,,,
1333,2026-08-28,SZ002714,-0.003964402247220278,EXP_LinearModel_Alpha158_csi300_custom_step0_s_20260830_16,321f582631624f3fa10a74d88a1a3d93,0.157,,,
1334,2026-08-28,SZ002709,0.09936168044805527,EXP_LinearModel_Alpha158_csi300_custom_step0_s_20260830_16,321f582631624f3fa10a74d88a1a3d93,0.157,,,
1335,2026-08-28,SZ002648,0.057395510375499725,EXP_LinearModel_Alpha158_csi300_custom_step0_s_20260830_16,321f582631624f3fa10a74d88a1a3d93,0.157,,,
1336,2026-08-28,SZ002625,0.009316552430391312,EXP_LinearModel_Alpha158_csi300_custom_step0_s_20260830_16,321f582631624f3fa10a74d88a1a3d93,0.157,,,
1337,2026-08-28,SZ002602,0.02699638344347477,EXP_LinearModel_Alpha158_csi300_custom_step0_s_20260830_16,321f582631624f3fa10a74d88a1a3d93,0.157,,,
1338,2026-08-28,SZ002600,0.06678101420402527,EXP_LinearModel_Alpha158_csi300_custom_step0_s_20260830_16,321f582631624f3fa10a74d88a1a3d93,0.157,,,
1339,2026-08-28,SZ002594,-0.10439874231815338,EXP_LinearModel_Alpha158_csi300_custom_step0_s_20260830_16,321f582631624f3fa10a74d88a1a3d93,0.157,,,
1340,2026-08-28,SZ002558,0.17898352444171906,EXP_LinearModel_Alpha158_csi300_custom_step0_s_20260830_16,321f582631624f3fa10a74d88a1a3d93,0.157,,,
1341,2026-08-28,SZ002532,-0.10595567524433136,EXP_LinearModel_Alpha158_csi300_custom_step0_s_20260830_16,321f582631624f3fa10a74d88a1a3d93,0.157,,,
1342,2026-08-28,SZ002493,0.14487197995185852,EXP_LinearModel_Alpha158_csi300_custom_step0_s_20260830_16,321f582631624f3fa10a74d88a1a3d93,0.157,,,
1343,2026-08-28,SZ002475,-0.05643549934029579,EXP_LinearModel_Alpha158_csi300_custom_step0_s_20260830_16,321f582631624f3fa10a74d88a1a3d93,0.157,,,
1344,2026-08-28,SZ002466,0.07428528368473053,EXP_LinearModel_Alpha158_csi300_custom_step0_s_20260830_16,321f582631624f3fa10a74d88a1a3d93,0.157,,,
1345,2026-08-28,SZ002463,0.1099601686000824,EXP_LinearModel_Alpha158_csi300_custom_step0_s_20260830_16,321f582631624f3fa10a74d88a1a3d93,0.157,,,
1346,2026-08-28,SZ002460,0.008332623168826103,EXP_LinearModel_Alpha158_csi300_custom_step0_s_20260830_16,321f582631624f3fa10a74d88a1a3d93,0.157,,,
1347,2026-08-28,SZ002415,-0.08308787643909454,EXP_LinearModel_Alpha158_csi300_custom_step0_s_20260830_16,321f582631624f3fa10a74d88a1a3d93,0.157,,,
1348,2026-08-28,SZ301308,0.16853076219558716,EXP_LinearModel_Alpha158_csi300_custom_step0_s_20260830_16,321f582631624f3fa10a74d88a1a3d93,0.157,,,
1349,2026-08-28,SH601939,-0.03951006755232811,EXP_LinearModel_Alpha158_csi300_custom_step0_s_20260830_16,321f582631624f3fa10a74d88a1a3d93,0.157,,,
1350,2026-08-28,SH601916,-0.014926806092262268,EXP_LinearModel_Alpha158_csi300_custom_step0_s_20260830_16,321f582631624f3fa10a74d88a1a3d93,0.157,,,
1351,2026-08-28,SH600547,0.12235118448734283,EXP_LinearModel_Alpha158_csi300_custom_step0_s_20260830_16,321f582631624f3fa10a74d88a1a3d93,0.157,,,
1352,2026-08-28,SH600522,0.23887863755226135,EXP_LinearModel_Alpha158_csi300_custom_step0_s_20260830_16,321f582631624f3fa10a74d88a1a3d93,0.157,,,
1353,2026-08-28,SH600519,0.03530675917863846,EXP_LinearModel_Alpha158_csi300_custom_step0_s_20260830_16,321f582631624f3fa10a74d88a1a3d93,0.157,,,
1354,2026-08-28,SH600515,0.0012232670560479164,EXP_LinearModel_Alpha158_csi300_custom_step0_s_20260830_16,321f582631624f3fa10a74d88a1a3d93,0.157,,,
1355,2026-08-28,SH600489,0.08009558171033859,EXP_LinearModel_Alpha158_csi300_custom_step0_s_20260830_16,321f582631624f3fa10a74d88a1a3d93,0.157,,,
1356,2026-08-28,SH600482,-0.19604748487472534,EXP_LinearModel_Alpha158_csi300_custom_step0_s_20260830_16,321f582631624f3fa10a74d88a1a3d93,0.157,,,
1357,2026-08-28,SH600549,0.1681177020072937,EXP_LinearModel_Alpha158_csi300_custom_step0_s_20260830_16,321f582631624f3fa10a74d88a1a3d93,0.157,,,
1358,2026-08-28,SH600460,-0.009686926379799843,EXP_LinearModel_Alpha158_csi300_custom_step0_s_20260830_16,321f582631624f3fa10a74d88a1a3d93,0.157,,,
1359,2026-08-28,SH600436,0.13222657144069672,EXP_LinearModel_Alpha158_csi300_custom_step0_s_20260830_16,321f582631624f3fa10a74d88a1a3d93,0.157,,,
1360,2026-08-28,SH600426,-0.05595077574253082,EXP_LinearModel_Alpha158_csi300_custom_step0_s_20260830_16,321f582631624f3fa10a74d88a1a3d93,0.157,,,
1361,2026-08-28,SH600415,-0.048992447555065155,EXP_LinearModel_Alpha158_csi300_custom_step0_s_20260830_16,321f582631624f3fa10a74d88a1a3d93,0.157,,,
1362,2026-08-28,SH600406,-0.0024990681558847427,EXP_LinearModel_Alpha158_csi300_custom_step0_s_20260830_16,321f582631624f3fa10a74d88a1a3d93,0.157,,,
1363,2026-08-28,SH600372,0.03632994741201401,EXP_LinearModel_Alpha158_csi300_custom_step0_s_20260830_16,321f582631624f3fa10a74d88a1a3d93,0.157,,,
1364,2026-08-28,SH600362,0.0013567153364419937,EXP_LinearModel_Alpha158_csi300_custom_step0_s_20260830_16,321f582631624f3fa10a74d88a1a3d93,0.157,,,
1365,2026-08-28,SH600438,0.0926196351647377,EXP_LinearModel_Alpha158_csi300_custom_step0_s_20260830_16,321f582631624f3fa10a74d88a1a3d93,0.157,,,
1366,2026-08-28,SH600570,-0.023184530436992645,EXP_LinearModel_Alpha158_csi300_custom_step0_s_20260830_16,321f582631624f3fa10a74d88a1a3d93,0.157,,,
1367,2026-08-28,SH600584,0.056990813463926315,EXP_LinearModel_Alpha158_csi300_custom_step0_s_20260830_16,321f582631624f3fa10a74d88a1a3d93,0.157,,,
1368,2026-08-28,SH600585,-0.03850517049431801,EXP_LinearModel_Alpha158_csi300_custom_step0_s_20260830_16,321f582631624f3fa10a74d88a1a3d93,0.157,,,
1369,2026-08-28,SH600893,0.0365171954035759,EXP_LinearModel_Alpha158_csi300_custom_step0_s_20260830_16,321f582631624f3fa10a74d88a1a3d93,0.157,,,
1370,2026-08-28,SH600887,-0.07372217625379562,EXP_LinearModel_Alpha158_csi300_custom_step0_s_20260830_16,321f582631624f3fa10a74d88a1a3d93,0.157,,,
1371,2026-08-28,SH600886,0.03261442855000496,EXP_LinearModel_Alpha158_csi300_custom_step0_s_20260830_16,321f582631624f3fa10a74d88a1a3d93,0.157,,,
1372,2026-08-28,SH600875,-0.0381925031542778,EXP_LinearModel_Alpha158_csi300_custom_step0_s_20260830_16,321f582631624f3fa10a74d88a1a3d93,0.157,,,
1373,2026-08-28,SH600845,0.054324645549058914,EXP_LinearModel_Alpha158_csi300_custom_step0_s_20260830_16,321f582631624f3fa10a74d88a1a3d93,0.157,,,
1374,2026-08-28,SH600809,0.06863752007484436,EXP_LinearModel_Alpha158_csi300_custom_step0_s_20260830_16,321f582631624f3fa10a74d88a1a3d93,0.157,,,
1375,2026-08-28,SH600803,-0.05283701792359352,EXP_LinearModel_Alpha158_csi300_custom_step0_s_20260830_16,321f582631624f3fa10a74d88a1a3d93,0.157,,,
1376,2026-08-28,SH600795,0.002483908087015152,EXP_LinearModel_Alpha158_csi300_custom_step0_s_20260830_16,321f582631624f3fa10a74d88a1a3d93,0.157,,,
1377,2026-08-28,SH600760,0.014995180070400238,EXP_LinearModel_Alpha158_csi300_custom_step0_s_20260830_16,321f582631624f3fa10a74d88a1a3d93,0.157,,,
1378,2026-08-28,SH600741,0.04420214891433716,EXP_LinearModel_Alpha158_csi300_custom_step0_s_20260830_16,321f582631624f3fa10a74d88a1a3d93,0.157,,,
1379,2026-08-28,SH600690,-0.0006018903804942966,EXP_LinearModel_Alpha158_csi300_custom_step0_s_20260830_16,321f582631624f3fa10a74d88a1a3d93,0.157,,,
1380,2026-08-28,SH600674,-0.04343847185373306,EXP_LinearModel_Alpha158_csi300_custom_step0_s_20260830_16,321f582631624f3fa10a74d88a1a3d93,0.157,,,
1381,2026-08-28,SH600660,-0.04063887521624565,EXP_LinearModel_Alpha158_csi300_custom_step0_s_20260830_16,321f582631624f3fa10a74d88a1a3d93,0.157,,,
1382,2026-08-28,SH600600,-0.05687064677476883,EXP_LinearModel_Alpha158_csi300_custom_step0_s_20260830_16,321f582631624f3fa10a74d88a1a3d93,0.157,,,
1383,2026-08-28,SH600588,0.15819165110588074,EXP_LinearModel_Alpha158_csi300_custom_step0_s_20260830_16,321f582631624f3fa10a74d88a1a3d93,0.157,,,
1384,2026-08-28,SH600346,0.11391051858663559,EXP_LinearModel_Alpha158_csi300_custom_step0_s_20260830_16,321f582631624f3fa10a74d88a1a3d93,0.157,,,
1385,2026-08-28,SH600309,0.019294869154691696,EXP_LinearModel_Alpha158_csi300_custom_step0_s_20260830_16,321f582631624f3fa10a74d88a1a3d93,0.157,,,
1386,2026-08-28,SH600276,-0.020721014589071274,EXP_LinearModel_Alpha158_csi300_custom_step0_s_20260830_16,321f582631624f3fa10a74d88a1a3d93,0.157,,,
1387,2026-08-28,SH600233,-0.051268525421619415,EXP_LinearModel_Alpha158_csi300_custom_step0_s_20260830_16,321f582631624f3fa10a74d88a1a3d93,0.157,,,
1388,2026-08-28,SH600036,-0.061808474361896515,EXP_LinearModel_Alpha158_csi300_custom_step0_s_20260830_16,321f582631624f3fa10a74d88a1a3d93,0.157,,,
1389,2026-08-28,SH600031,-0.07956366240978241,EXP_LinearModel_Alpha158_csi300_custom_step0_s_20260830_16,321f582631624f3fa10a74d88a1a3d93,0.157,,,
1390,2026-08-28,SH600030,-0.04190607741475105,EXP_LinearModel_Alpha158_csi300_custom_step0_s_20260830_16,321f582631624f3fa10a74d88a1a3d93,0.157,,,
1391,2026-08-28,SH600029,-0.08928339928388596,EXP_LinearModel_Alpha158_csi300_custom_step0_s_20260830_16,321f582631624f3fa10a74d88a1a3d93,0.157,,,
1392,2026-08-28,SH600028,0.017502134665846825,EXP_LinearModel_Alpha158_csi300_custom_step0_s_20260830_16,321f582631624f3fa10a74d88a1a3d93,0.157,,,
1393,2026-08-28,SH600027,-0.019184239208698273,EXP_LinearModel_Alpha158_csi300_custom_step0_s_20260830_16,321f582631624f3fa10a74d88a1a3d93,0.157,,,
1394,2026-08-28,SH600026,0.03675362467765808,EXP_LinearModel_Alpha158_csi300_custom_step0_s_20260830_16,321f582631624f3fa10a74d88a1a3d93,0.157,,,
1395,2026-08-28,SH600025,0.011892914772033691,EXP_LinearModel_Alpha158_csi300_custom_step0_s_20260830_16,321f582631624f3fa10a74d88a1a3d93,0.157,,,
1396,2026-08-28,SH600023,-0.052498362958431244,EXP_LinearModel_Alpha158_csi300_custom_step0_s_20260830_16,321f582631624f3fa10a74d88a1a3d93,0.157,,,
1397,2026-08-28,SH600019,-0.07681886106729507,EXP_LinearModel_Alpha158_csi300_custom_step0_s_20260830_16,321f582631624f3fa10a74d88a1a3d93,0.157,,,
1398,2026-08-28,SH600018,-0.060974907130002975,EXP_LinearModel_Alpha158_csi300_custom_step0_s_20260830_16,321f582631624f3fa10a74d88a1a3d93,0.157,,,
1399,2026-08-28,SH600016,0.032623060047626495,EXP_LinearModel_Alpha158_csi300_custom_step0_s_20260830_16,321f582631624f3fa10a74d88a1a3d93,0.157,,,
1400,2026-08-28,SH600015,-0.08108213543891907,EXP_LinearModel_Alpha158_csi300_custom_step0_s_20260830_16,321f582631624f3fa10a74d88a1a3d93,0.157,,,
1401,2026-08-28,SH600011,0.03813540190458298,EXP_LinearModel_Alpha158_csi300_custom_step0_s_20260830_16,321f582631624f3fa10a74d88a1a3d93,0.157,,,
1402,2026-08-28,SH600010,-0.03980604559183121,EXP_LinearModel_Alpha158_csi300_custom_step0_s_20260830_16,321f582631624f3fa10a74d88a1a3d93,0.157,,,
1403,2026-08-28,SH600039,-0.07610084116458893,EXP_LinearModel_Alpha158_csi300_custom_step0_s_20260830_16,321f582631624f3fa10a74d88a1a3d93,0.157,,,
1404,2026-08-28,SH600900,0.05031106621026993,EXP_LinearModel_Alpha158_csi300_custom_step0_s_20260830_16,321f582631624f3fa10a74d88a1a3d93,0.157,,,
1405,2026-08-28,SH600048,0.026218123733997345,EXP_LinearModel_Alpha158_csi300_custom_step0_s_20260830_16,321f582631624f3fa10a74d88a1a3d93,0.157,,,
1406,2026-08-28,SH600061,-0.005500653758645058,EXP_LinearModel_Alpha158_csi300_custom_step0_s_20260830_16,321f582631624f3fa10a74d88a1a3d93,0.157,,,
1407,2026-08-28,SH600221,-0.019325479865074158,EXP_LinearModel_Alpha158_csi300_custom_step0_s_20260830_16,321f582631624f3fa10a74d88a1a3d93,0.157,,,
1408,2026-08-28,SH600219,-0.0017026141285896301,EXP_LinearModel_Alpha158_csi300_custom_step0_s_20260830_16,321f582631624f3fa10a74d88a1a3d93,0.157,,,
1409,2026-08-28,SH600196,0.003013224108144641,EXP_LinearModel_Alpha158_csi300_custom_step0_s_20260830_16,321f582631624f3fa10a74d88a1a3d93,0.157,,,
1410,2026-08-28,SH600188,-0.08664549142122269,EXP_LinearModel_Alpha158_csi300_custom_step0_s_20260830_16,321f582631624f3fa10a74d88a1a3d93,0.157,,,
1411,2026-08-28,SH600183,0.21274513006210327,EXP_LinearModel_Alpha158_csi300_custom_step0_s_20260830_16,321f582631624f3fa10a74d88a1a3d93,0.157,,,
1412,2026-08-28,SH600176,0.19252105057239532,EXP_LinearModel_Alpha158_csi300_custom_step0_s_20260830_16,321f582631624f3fa10a74d88a1a3d93,0.157,,,
1413,2026-08-28,SH600160,0.07530280947685242,EXP_LinearModel_Alpha158_csi300_custom_step0_s_20260830_16,321f582631624f3fa10a74d88a1a3d93,0.157,,,
1414,2026-08-28,SH600150,0.006261639297008514,EXP_LinearModel_Alpha158_csi300_custom_step0_s_20260830_16,321f582631624f3fa10a74d88a1a3d93,0.157,,,
1415,2026-08-28,SH600118,0.20601074397563934,EXP_LinearModel_Alpha158_csi300_custom_step0_s_20260830_16,321f582631624f3fa10a74d88a1a3d93,0.157,,,
1416,2026-08-28,SH600115,-0.0027401652187108994,EXP_LinearModel_Alpha158_csi300_custom_step0_s_20260830_16,321f582631624f3fa10a74d88a1a3d93,0.157,,,
1417,2026-08-28,SH600111,-0.00015150383114814758,EXP_LinearModel_Alpha158_csi300_custom_step0_s_20260830_16,321f582631624f3fa10a74d88a1a3d93,0.157,,,
1418,2026-08-28,SH600104,-0.0798046812415123,EXP_LinearModel_Alpha158_csi300_custom_step0_s_20260830_16,321f582631624f3fa10a74d88a1a3d93,0.157,,,
1419,2026-08-28,SH600089,0.0662953183054924,EXP_LinearModel_Alpha158_csi300_custom_step0_s_20260830_16,321f582631624f3fa10a74d88a1a3d93,0.157,,,
1420,2026-08-28,SH600085,0.032014936208724976,EXP_LinearModel_Alpha158_csi300_custom_step0_s_20260830_16,321f582631624f3fa10a74d88a1a3d93,0.157,,,
1421,2026-08-28,SH600066,-0.049509625881910324,EXP_LinearModel_Alpha158_csi300_custom_step0_s_20260830_16,321f582631624f3fa10a74d88a1a3d93,0.157,,,
1422,2026-08-28,SH600050,0.04124948009848595,EXP_LinearModel_Alpha158_csi300_custom_step0_s_20260830_16,321f582631624f3fa10a74d88a1a3d93,0.157,,,
1423,2026-08-28,SH601919,0.05326686426997185,EXP_LinearModel_Alpha158_csi300_custom_step0_s_20260830_16,321f582631624f3fa10a74d88a1a3d93,0.157,,,
1424,2026-08-28,SH600905,0.0398966521024704,EXP_LinearModel_Alpha158_csi300_custom_step0_s_20260830_16,321f582631624f3fa10a74d88a1a3d93,0.157,,,
1425,2026-08-28,SH600919,0.0242905430495739,EXP_LinearModel_Alpha158_csi300_custom_step0_s_20260830_16,321f582631624f3fa10a74d88a1a3d93,0.157,,,
1426,2026-08-28,SH601698,0.1423577517271042,EXP_LinearModel_Alpha158_csi300_custom_step0_s_20260830_16,321f582631624f3fa10a74d88a1a3d93,0.157,,,
1427,2026-08-28,SH601689,0.08503259718418121,EXP_LinearModel_Alpha158_csi300_custom_step0_s_20260830_16,321f582631624f3fa10a74d88a1a3d93,0.157,,,
1428,2026-08-28,SH601688,-0.02194669283926487,EXP_LinearModel_Alpha158_csi300_custom_step0_s_20260830_16,321f582631624f3fa10a74d88a1a3d93,0.157,,,
1429,2026-08-28,SH601669,-0.013540036976337433,EXP_LinearModel_Alpha158_csi300_custom_step0_s_20260830_16,321f582631624f3fa10a74d88a1a3d93,0.157,,,
1430,2026-08-28,SH601668,0.04183953255414963,EXP_LinearModel_Alpha158_csi300_custom_step0_s_20260830_16,321f582631624f3fa10a74d88a1a3d93,0.157,,,
1431,2026-08-28,SH601658,-0.09083642065525055,EXP_LinearModel_Alpha158_csi300_custom_step0_s_20260830_16,321f582631624f3fa10a74d88a1a3d93,0.157,,,
1432,2026-08-28,SH601727,0.0245521180331707,EXP_LinearModel_Alpha158_csi300_custom_step0_s_20260830_16,321f582631624f3fa10a74d88a1a3d93,0.157,,,
1433,2026-08-28,SH601633,-0.05169517546892166,EXP_LinearModel_Alpha158_csi300_custom_step0_s_20260830_16,321f582631624f3fa10a74d88a1a3d93,0.157,,,
1434,2026-08-28,SH601618,-0.07037486881017685,EXP_LinearModel_Alpha158_csi300_custom_step0_s_20260830_16,321f582631624f3fa10a74d88a1a3d93,0.157,,,
1435,2026-08-28,SH601607,0.0011930661275982857,EXP_LinearModel_Alpha158_csi300_custom_step0_s_20260830_16,321f582631624f3fa10a74d88a1a3d93,0.157,,,
1436,2026-08-28,SH601601,-0.011211142875254154,EXP_LinearModel_Alpha158_csi300_custom_step0_s_20260830_16,321f582631624f3fa10a74d88a1a3d93,0.157,,,
1437,2026-08-28,SH601600,-0.12866728007793427,EXP_LinearModel_Alpha158_csi300_custom_step0_s_20260830_16,321f582631624f3fa10a74d88a1a3d93,0.157,,,
1438,2026-08-28,SH601456,-0.04196704924106598,EXP_LinearModel_Alpha158_csi300_custom_step0_s_20260830_16,321f582631624f3fa10a74d88a1a3d93,0.157,,,
1439,2026-08-28,SH601398,-0.007077943533658981,EXP_LinearModel_Alpha158_csi300_custom_step0_s_20260830_16,321f582631624f3fa10a74d88a1a3d93,0.157,,,
1440,2026-08-28,SH601628,-0.047741953283548355,EXP_LinearModel_Alpha158_csi300_custom_step0_s_20260830_16,321f582631624f3fa10a74d88a1a3d93,0.157,,,
1441,2026-08-28,SH601728,-0.047429680824279785,EXP_LinearModel_Alpha158_csi300_custom_step0_s_20260830_16,321f582631624f3fa10a74d88a1a3d93,0.157,,,
1442,2026-08-28,SH601766,0.026220085099339485,EXP_LinearModel_Alpha158_csi300_custom_step0_s_20260830_16,321f582631624f3fa10a74d88a1a3d93,0.157,,,
1443,2026-08-28,SH601788,0.04534943401813507,EXP_LinearModel_Alpha158_csi300_custom_step0_s_20260830_16,321f582631624f3fa10a74d88a1a3d93,0.157,,,
1444,2026-08-28,SH601901,-0.04527797922492027,EXP_LinearModel_Alpha158_csi300_custom_step0_s_20260830_16,321f582631624f3fa10a74d88a1a3d93,0.157,,,
1445,2026-08-28,SH601899,0.027546148747205734,EXP_LinearModel_Alpha158_csi300_custom_step0_s_20260830_16,321f582631624f3fa10a74d88a1a3d93,0.157,,,
1446,2026-08-28,SH601898,-0.12481421232223511,EXP_LinearModel_Alpha158_csi300_custom_step0_s_20260830_16,321f582631624f3fa10a74d88a1a3d93,0.157,,,
1447,2026-08-28,SH601888,0.01405428722500801,EXP_LinearModel_Alpha158_csi300_custom_step0_s_20260830_16,321f582631624f3fa10a74d88a1a3d93,0.157,,,
1448,2026-08-28,SH601881,0.009691780433058739,EXP_LinearModel_Alpha158_csi300_custom_step0_s_20260830_16,321f582631624f3fa10a74d88a1a3d93,0.157,,,
1449,2026-08-28,SH601878,-0.021536337211728096,EXP_LinearModel_Alpha158_csi300_custom_step0_s_20260830_16,321f582631624f3fa10a74d88a1a3d93,0.157,,,
1450,2026-08-28,SH601877,-0.009959667921066284,EXP_LinearModel_Alpha158_csi300_custom_step0_s_20260830_16,321f582631624f3fa10a74d88a1a3d93,0.157,,,
1451,2026-08-28,SH601872,0.07537024468183517,EXP_LinearModel_Alpha158_csi300_custom_step0_s_20260830_16,321f582631624f3fa10a74d88a1a3d93,0.157,,,
1452,2026-08-28,SH601868,-0.06221377104520798,EXP_LinearModel_Alpha158_csi300_custom_step0_s_20260830_16,321f582631624f3fa10a74d88a1a3d93,0.157,,,
1453,2026-08-28,SH601857,0.019137771800160408,EXP_LinearModel_Alpha158_csi300_custom_step0_s_20260830_16,321f582631624f3fa10a74d88a1a3d93,0.157,,,
1454,2026-08-28,SH601838,-0.0029577873647212982,EXP_LinearModel_Alpha158_csi300_custom_step0_s_20260830_16,321f582631624f3fa10a74d88a1a3d93,0.157,,,
1455,2026-08-28,SH601825,0.04166972637176514,EXP_LinearModel_Alpha158_csi300_custom_step0_s_20260830_16,321f582631624f3fa10a74d88a1a3d93,0.157,,,
1456,2026-08-28,SH601818,0.0006669433787465096,EXP_LinearModel_Alpha158_csi300_custom_step0_s_20260830_16,321f582631624f3fa10a74d88a1a3d93,0.157,,,
1457,2026-08-28,SH601816,0.039944544434547424,EXP_LinearModel_Alpha158_csi300_custom_step0_s_20260830_16,321f582631624f3fa10a74d88a1a3d93,0.157,,,
1458,2026-08-28,SH601800,-0.03173338249325752,EXP_LinearModel_Alpha158_csi300_custom_step0_s_20260830_16,321f582631624f3fa10a74d88a1a3d93,0.157,,,
1459,2026-08-28,SH601390,-0.0006668518763035536,EXP_LinearModel_Alpha158_csi300_custom_step0_s_20260830_16,321f582631624f3fa10a74d88a1a3d93,0.157,,,
1460,2026-08-28,SH601377,0.009700274094939232,EXP_LinearModel_Alpha158_csi300_custom_step0_s_20260830_16,321f582631624f3fa10a74d88a1a3d93,0.157,,,
1461,2026-08-28,SH601360,0.015151157975196838,EXP_LinearModel_Alpha158_csi300_custom_step0_s_20260830_16,321f582631624f3fa10a74d88a1a3d93,0.157,,,
1462,2026-08-28,SH601336,-0.0667744055390358,EXP_LinearModel_Alpha158_csi300_custom_step0_s_20260830_16,321f582631624f3fa10a74d88a1a3d93,0.157,,,
1463,2026-08-28,SH601066,-0.09967722743749619,EXP_LinearModel_Alpha158_csi300_custom_step0_s_20260830_16,321f582631624f3fa10a74d88a1a3d93,0.157,,,
1464,2026-08-28,SH601059,-0.07373230904340744,EXP_LinearModel_Alpha158_csi300_custom_step0_s_20260830_16,321f582631624f3fa10a74d88a1a3d93,0.157,,,
1465,2026-08-28,SH601058,0.12734177708625793,EXP_LinearModel_Alpha158_csi300_custom_step0_s_20260830_16,321f582631624f3fa10a74d88a1a3d93,0.157,,,
1466,2026-08-28,SH601021,0.05418682098388672,EXP_LinearModel_Alpha158_csi300_custom_step0_s_20260830_16,321f582631624f3fa10a74d88a1a3d93,0.157,,,
1467,2026-08-28,SH601018,-0.06160610169172287,EXP_LinearModel_Alpha158_csi300_custom_step0_s_20260830_16,321f582631624f3fa10a74d88a1a3d93,0.157,,,
1468,2026-08-28,SH601012,0.05166640505194664,EXP_LinearModel_Alpha158_csi300_custom_step0_s_20260830_16,321f582631624f3fa10a74d88a1a3d93,0.157,,,
1469,2026-08-28,SH601009,0.062069013714790344,EXP_LinearModel_Alpha158_csi300_custom_step0_s_20260830_16,321f582631624f3fa10a74d88a1a3d93,0.157,,,
1470,2026-08-28,SH601006,0.004578846972435713,EXP_LinearModel_Alpha158_csi300_custom_step0_s_20260830_16,321f582631624f3fa10a74d88a1a3d93,0.157,,,
1471,2026-08-28,SH600999,-0.0740826204419136,EXP_LinearModel_Alpha158_csi300_custom_step0_s_20260830_16,321f582631624f3fa10a74d88a1a3d93,0.157,,,
1472,2026-08-28,SH600989,-0.011501278728246689,EXP_LinearModel_Alpha158_csi300_custom_step0_s_20260830_16,321f582631624f3fa10a74d88a1a3d93,0.157,,,
1473,2026-08-28,SH600958,-0.002394069917500019,EXP_LinearModel_Alpha158_csi300_custom_step0_s_20260830_16,321f582631624f3fa10a74d88a1a3d93,0.157,,,
1474,2026-08-28,SH600941,-0.11148425191640854,EXP_LinearModel_Alpha158_csi300_custom_step0_s_20260830_16,321f582631624f3fa10a74d88a1a3d93,0.157,,,
1475,2026-08-28,SH600938,-0.04348914697766304,EXP_LinearModel_Alpha158_csi300_custom_step0_s_20260830_16,321f582631624f3fa10a74d88a1a3d93,0.157,,,
1476,2026-08-28,SH600930,0.08851851522922516,EXP_LinearModel_Alpha158_csi300_custom_step0_s_20260830_16,321f582631624f3fa10a74d88a1a3d93,0.157,,,
1477,2026-08-28,SH600926,0.03542884811758995,EXP_LinearModel_Alpha158_csi300_custom_step0_s_20260830_16,321f582631624f3fa10a74d88a1a3d93,0.157,,,
1478,2026-08-28,SH601077,0.05212840437889099,EXP_LinearModel_Alpha158_csi300_custom_step0_s_20260830_16,321f582631624f3fa10a74d88a1a3d93,0.157,,,
1479,2026-08-28,SH600918,0.020546546205878258,EXP_LinearModel_Alpha158_csi300_custom_step0_s_20260830_16,321f582631624f3fa10a74d88a1a3d93,0.157,,,
1480,2026-08-28,SH601088,-0.006096412427723408,EXP_LinearModel_Alpha158_csi300_custom_step0_s_20260830_16,321f582631624f3fa10a74d88a1a3d93,0.157,,,
1481,2026-08-28,SH601111,-0.0788322165608406,EXP_LinearModel_Alpha158_csi300_custom_step0_s_20260830_16,321f582631624f3fa10a74d88a1a3d93,0.157,,,
1482,2026-08-28,SH601328,-0.007379043381661177,EXP_LinearModel_Alpha158_csi300_custom_step0_s_20260830_16,321f582631624f3fa10a74d88a1a3d93,0.157,,,
1483,2026-08-28,SH601319,-0.049559079110622406,EXP_LinearModel_Alpha158_csi300_custom_step0_s_20260830_16,321f582631624f3fa10a74d88a1a3d93,0.157,,,
1484,2026-08-28,SH601318,0.12730450928211212,EXP_LinearModel_Alpha158_csi300_custom_step0_s_20260830_16,321f582631624f3fa10a74d88a1a3d93,0.157,,,
1485,2026-08-28,SH601288,-0.030200649052858353,EXP_LinearModel_Alpha158_csi300_custom_step0_s_20260830_16,321f582631624f3fa10a74d88a1a3d93,0.157,,,
1486,2026-08-28,SH601238,-0.10479030013084412,EXP_LinearModel_Alpha158_csi300_custom_step0_s_20260830_16,321f582631624f3fa10a74d88a1a3d93,0.157,,,
1487,2026-08-28,SH601229,-0.022204983979463577,EXP_LinearModel_Alpha158_csi300_custom_step0_s_20260830_16,321f582631624f3fa10a74d88a1a3d93,0.157,,,
1488,2026-08-28,SH601225,-0.027214447036385536,EXP_LinearModel_Alpha158_csi300_custom_step0_s_20260830_16,321f582631624f3fa10a74d88a1a3d93,0.157,,,
1489,2026-08-28,SH601211,-0.07942130416631699,EXP_LinearModel_Alpha158_csi300_custom_step0_s_20260830_16,321f582631624f3fa10a74d88a1a3d93,0.157,,,
1490,2026-08-28,SH601186,-0.0334046445786953,EXP_LinearModel_Alpha158_csi300_custom_step0_s_20260830_16,321f582631624f3fa10a74d88a1a3d93,0.157,,,
1491,2026-08-28,SH601169,-0.06854961067438126,EXP_LinearModel_Alpha158_csi300_custom_step0_s_20260830_16,321f582631624f3fa10a74d88a1a3d93,0.157,,,
1492,2026-08-28,SH601166,-0.029399283230304718,EXP_LinearModel_Alpha158_csi300_custom_step0_s_20260830_16,321f582631624f3fa10a74d88a1a3d93,0.157,,,
1493,2026-08-28,SH601138,0.14749093353748322,EXP_LinearModel_Alpha158_csi300_custom_step0_s_20260830_16,321f582631624f3fa10a74d88a1a3d93,0.157,,,
1494,2026-08-28,SH601136,-0.011746274307370186,EXP_LinearModel_Alpha158_csi300_custom_step0_s_20260830_16,321f582631624f3fa10a74d88a1a3d93,0.157,,,
1495,2026-08-28,SH601127,0.008749300613999367,EXP_LinearModel_Alpha158_csi300_custom_step0_s_20260830_16,321f582631624f3fa10a74d88a1a3d93,0.157,,,
1496,2026-08-28,SH601117,-0.054011836647987366,EXP_LinearModel_Alpha158_csi300_custom_step0_s_20260830_16,321f582631624f3fa10a74d88a1a3d93,0.157,,,
1497,2026-08-28,SH601100,-0.0631573423743248,EXP_LinearModel_Alpha158_csi300_custom_step0_s_20260830_16,321f582631624f3fa10a74d88a1a3d93,0.157,,,
1498,2026-08-28,SH600009,-0.08688287436962128,EXP_LinearModel_Alpha158_csi300_custom_step0_s_20260830_16,321f582631624f3fa10a74d88a1a3d93,0.157,,,
1499,2026-08-28,SZ302132,0.01589844562113285,EXP_LinearModel_Alpha158_csi300_custom_step0_s_20260830_16,321f582631624f3fa10a74d88a1a3d93,0.157,,,
1500,2026-08-28,SH600009,-0.004147476516664028,EXP_XGBModel_Alpha158_csi300_custom_step0_s_20260830_16,e09cb8b525ea4492aa2ac3b9a54eb1bd,0.041,,,
1501,2026-08-28,SZ000617,0.015511729754507542,EXP_XGBModel_Alpha158_csi300_custom_step0_s_20260830_16,e09cb8b525ea4492aa2ac3b9a54eb1bd,0.041,,,
1502,2026-08-28,SZ000596,0.01342101488262415,EXP_XGBModel_Alpha158_csi300_custom_step0_s_20260830_16,e09cb8b525ea4492aa2ac3b9a54eb1bd,0.041,,,
1503,2026-08-28,SZ000568,-0.006709067616611719,EXP_XGBModel_Alpha158_csi300_custom_step0_s_20260830_16,e09cb8b525ea4492aa2ac3b9a54eb1bd,0.041,,,
1504,2026-08-28,SZ000538,-0.016629407182335854,EXP_XGBModel_Alpha158_csi300_custom_step0_s_20260830_16,e09cb8b525ea4492aa2ac3b9a54eb1bd,0.041,,,
1505,2026-08-28,SZ000425,-0.024424711242318153,EXP_XGBModel_Alpha158_csi300_custom_step0_s_20260830_16,e09cb8b525ea4492aa2ac3b9a54eb1bd,0.041,,,
1506,2026-08-28,SZ000408,0.0022857901640236378,EXP_XGBModel_Alpha158_csi300_custom_step0_s_20260830_16,e09cb8b525ea4492aa2ac3b9a54eb1bd,0.041,,,
1507,2026-08-28,SZ000625,-0.03581544756889343,EXP_XGBModel_Alpha158_csi300_custom_step0_s_20260830_16,e09cb8b525ea4492aa2ac3b9a54eb1bd,0.041,,,
1508,2026-08-28,SZ000338,-0.038629673421382904,EXP_XGBModel_Alpha158_csi300_custom_step0_s_20260830_16,e09cb8b525ea4492aa2ac3b9a54eb1bd,0.041,,,
1509,2026-08-28,SZ000301,-0.052050162106752396,EXP_XGBModel_Alpha158_csi300_custom_step0_s_20260830_16,e09cb8b525ea4492aa2ac3b9a54eb1bd,0.041,,,
1510,2026-08-28,SZ000166,0.003904879791662097,EXP_XGBModel_Alpha158_csi300_custom_step0_s_20260830_16,e09cb8b525ea4492aa2ac3b9a54eb1bd,0.041,,,
1511,2026-08-28,SZ000157,-0.05557873100042343,EXP_XGBModel_Alpha158_csi300_custom_step0_s_20260830_16,e09cb8b525ea4492aa2ac3b9a54eb1bd,0.041,,,
1512,2026-08-28,SZ000100,-0.006969689391553402,EXP_XGBModel_Alpha158_csi300_custom_step0_s_20260830_16,e09cb8b525ea4492aa2ac3b9a54eb1bd,0.041,,,
1513,2026-08-28,SZ000063,-0.011317801661789417,EXP_XGBModel_Alpha158_csi300_custom_step0_s_20260830_16,e09cb8b525ea4492aa2ac3b9a54eb1bd,0.041,,,
1514,2026-08-28,SZ000002,-0.00808475911617279,EXP_XGBModel_Alpha158_csi300_custom_step0_s_20260830_16,e09cb8b525ea4492aa2ac3b9a54eb1bd,0.041,,,
1515,2026-08-28,SZ000333,0.0032613049261271954,EXP_XGBModel_Alpha158_csi300_custom_step0_s_20260830_16,e09cb8b525ea4492aa2ac3b9a54eb1bd,0.041,,,
1516,2026-08-28,SZ000630,0.02512042038142681,EXP_XGBModel_Alpha158_csi300_custom_step0_s_20260830_16,e09cb8b525ea4492aa2ac3b9a54eb1bd,0.041,,,
1517,2026-08-28,SZ000651,-0.014322668313980103,EXP_XGBModel_Alpha158_csi300_custom_step0_s_20260830_16,e09cb8b525ea4492aa2ac3b9a54eb1bd,0.041,,,
1518,2026-08-28,SZ000657,0.3578090965747833,EXP_XGBModel_Alpha158_csi300_custom_step0_s_20260830_16,e09cb8b525ea4492aa2ac3b9a54eb1bd,0.041,,,
1519,2026-08-28,SZ001280,0.13637763261795044,EXP_XGBModel_Alpha158_csi300_custom_step0_s_20260830_16,e09cb8b525ea4492aa2ac3b9a54eb1bd,0.041,,,
1520,2026-08-28,SZ000999,-0.009934456087648869,EXP_XGBModel_Alpha158_csi300_custom_step0_s_20260830_16,e09cb8b525ea4492aa2ac3b9a54eb1bd,0.041,,,
1521,2026-08-28,SZ000988,0.17546027898788452,EXP_XGBModel_Alpha158_csi300_custom_step0_s_20260830_16,e09cb8b525ea4492aa2ac3b9a54eb1bd,0.041,,,
1522,2026-08-28,SZ000977,-0.013186512514948845,EXP_XGBModel_Alpha158_csi300_custom_step0_s_20260830_16,e09cb8b525ea4492aa2ac3b9a54eb1bd,0.041,,,
1523,2026-08-28,SZ000975,0.25512298941612244,EXP_XGBModel_Alpha158_csi300_custom_step0_s_20260830_16,e09cb8b525ea4492aa2ac3b9a54eb1bd,0.041,,,
1524,2026-08-28,SZ000963,-0.016888894140720367,EXP_XGBModel_Alpha158_csi300_custom_step0_s_20260830_16,e09cb8b525ea4492aa2ac3b9a54eb1bd,0.041,,,
1525,2026-08-28,SZ000938,-0.14822374284267426,EXP_XGBModel_Alpha158_csi300_custom_step0_s_20260830_16,e09cb8b525ea4492aa2ac3b9a54eb1bd,0.041,,,
1526,2026-08-28,SZ000895,-0.04327425733208656,EXP_XGBModel_Alpha158_csi300_custom_step0_s_20260830_16,e09cb8b525ea4492aa2ac3b9a54eb1bd,0.041,,,
1527,2026-08-28,SZ000858,-0.05669190362095833,EXP_XGBModel_Alpha158_csi300_custom_step0_s_20260830_16,e09cb8b525ea4492aa2ac3b9a54eb1bd,0.041,,,
1528,2026-08-28,SZ000807,0.05546361207962036,EXP_XGBModel_Alpha158_csi300_custom_step0_s_20260830_16,e09cb8b525ea4492aa2ac3b9a54eb1bd,0.041,,,
1529,2026-08-28,SZ000792,0.026166588068008423,EXP_XGBModel_Alpha158_csi300_custom_step0_s_20260830_16,e09cb8b525ea4492aa2ac3b9a54eb1bd,0.041,,,
1530,2026-08-28,SZ000776,-0.002849780023097992,EXP_XGBModel_Alpha158_csi300_custom_step0_s_20260830_16,e09cb8b525ea4492aa2ac3b9a54eb1bd,0.041,,,
1531,2026-08-28,SZ000768,0.025790052488446236,EXP_XGBModel_Alpha158_csi300_custom_step0_s_20260830_16,e09cb8b525ea4492aa2ac3b9a54eb1bd,0.041,,,
1532,2026-08-28,SZ000725,-0.025689978152513504,EXP_XGBModel_Alpha158_csi300_custom_step0_s_20260830_16,e09cb8b525ea4492aa2ac3b9a54eb1bd,0.041,,,
1533,2026-08-28,SZ000708,-0.017497846856713295,EXP_XGBModel_Alpha158_csi300_custom_step0_s_20260830_16,e09cb8b525ea4492aa2ac3b9a54eb1bd,0.041,,,
1534,2026-08-28,SZ000001,0.03034719079732895,EXP_XGBModel_Alpha158_csi300_custom_step0_s_20260830_16,e09cb8b525ea4492aa2ac3b9a54eb1bd,0.041,,,
1535,2026-08-28,SH688981,0.06872150301933289,EXP_XGBModel_Alpha158_csi300_custom_step0_s_20260830_16,e09cb8b525ea4492aa2ac3b9a54eb1bd,0.041,,,
1536,2026-08-28,SH688521,-0.052701279520988464,EXP_XGBModel_Alpha158_csi300_custom_step0_s_20260830_16,e09cb8b525ea4492aa2ac3b9a54eb1bd,0.041,,,
1537,2026-08-28,SH688506,0.00458506541326642,EXP_XGBModel_Alpha158_csi300_custom_step0_s_20260830_16,e09cb8b525ea4492aa2ac3b9a54eb1bd,0.041,,,
1538,2026-08-28,SH603993,-0.0446123443543911,EXP_XGBModel_Alpha158_csi300_custom_step0_s_20260830_16,e09cb8b525ea4492aa2ac3b9a54eb1bd,0.041,,,
1539,2026-08-28,SH603986,0.10541609674692154,EXP_XGBModel_Alpha158_csi300_custom_step0_s_20260830_16,e09cb8b525ea4492aa2ac3b9a54eb1bd,0.041,,,
1540,2026-08-28,SH603893,0.09472619742155075,EXP_XGBModel_Alpha158_csi300_custom_step0_s_20260830_16,e09cb8b525ea4492aa2ac3b9a54eb1bd,0.041,,,
1541,2026-08-28,SH603799,0.027596622705459595,EXP_XGBModel_Alpha158_csi300_custom_step0_s_20260830_16,e09cb8b525ea4492aa2ac3b9a54eb1bd,0.041,,,
1542,2026-08-28,SH603501,0.08270063251256943,EXP_XGBModel_Alpha158_csi300_custom_step0_s_20260830_16,e09cb8b525ea4492aa2ac3b9a54eb1bd,0.041,,,
1543,2026-08-28,SH603392,-0.019891608506441116,EXP_XGBModel_Alpha158_csi300_custom_step0_s_20260830_16,e09cb8b525ea4492aa2ac3b9a54eb1bd,0.041,,,
1544,2026-08-28,SH603369,0.009358127601444721,EXP_XGBModel_Alpha158_csi300_custom_step0_s_20260830_16,e09cb8b525ea4492aa2ac3b9a54eb1bd,0.041,,,
1545,2026-08-28,SH603296,-0.1122012734413147,EXP_XGBModel_Alpha158_csi300_custom_step0_s_20260830_16,e09cb8b525ea4492aa2ac3b9a54eb1bd,0.041,,,
1546,2026-08-28,SH603288,-0.028487566858530045,EXP_XGBModel_Alpha158_csi300_custom_step0_s_20260830_16,e09cb8b525ea4492aa2ac3b9a54eb1bd,0.041,,,
1547,2026-08-28,SH603260,0.1102142408490181,EXP_XGBModel_Alpha158_csi300_custom_step0_s_20260830_16,e09cb8b525ea4492aa2ac3b9a54eb1bd,0.041,,,
1548,2026-08-28,SH603259,0.1852499395608902,EXP_XGBModel_Alpha158_csi300_custom_step0_s_20260830_16,e09cb8b525ea4492aa2ac3b9a54eb1bd,0.041,,,
1549,2026-08-28,SH603019,0.05319624021649361,EXP_XGBModel_Alpha158_csi300_custom_step0_s_20260830_16,e09cb8b525ea4492aa2ac3b9a54eb1bd,0.041,,,
1550,2026-08-28,SH601998,-0.06375454366207123,EXP_XGBModel_Alpha158_csi300_custom_step0_s_20260830_16,e09cb8b525ea4492aa2ac3b9a54eb1bd,0.041,,,
1551,2026-08-28,SH601995,-0.01892920210957527,EXP_XGBModel_Alpha158_csi300_custom_step0_s_20260830_16,e09cb8b525ea4492aa2ac3b9a54eb1bd,0.041,,,
1552,2026-08-28,SH601988,0.03897394239902496,EXP_XGBModel_Alpha158_csi300_custom_step0_s_20260830_16,e09cb8b525ea4492aa2ac3b9a54eb1bd,0.041,,,
1553,2026-08-28,SH605117,0.03490230068564415,EXP_XGBModel_Alpha158_csi300_custom_step0_s_20260830_16,e09cb8b525ea4492aa2ac3b9a54eb1bd,0.041,,,
1554,2026-08-28,SZ001391,-0.035696350038051605,EXP_XGBModel_Alpha158_csi300_custom_step0_s_20260830_16,e09cb8b525ea4492aa2ac3b9a54eb1bd,0.041,,,
1555,2026-08-28,SH605499,-0.03939346596598625,EXP_XGBModel_Alpha158_csi300_custom_step0_s_20260830_16,e09cb8b525ea4492aa2ac3b9a54eb1bd,0.041,,,
1556,2026-08-28,SH688009,-0.012402049265801907,EXP_XGBModel_Alpha158_csi300_custom_step0_s_20260830_16,e09cb8b525ea4492aa2ac3b9a54eb1bd,0.041,,,
1557,2026-08-28,SH688472,0.026468541473150253,EXP_XGBModel_Alpha158_csi300_custom_step0_s_20260830_16,e09cb8b525ea4492aa2ac3b9a54eb1bd,0.041,,,
1558,2026-08-28,SH688396,0.07584211975336075,EXP_XGBModel_Alpha158_csi300_custom_step0_s_20260830_16,e09cb8b525ea4492aa2ac3b9a54eb1bd,0.041,,,
1559,2026-08-28,SH688303,-0.009810307063162327,EXP_XGBModel_Alpha158_csi300_custom_step0_s_20260830_16,e09cb8b525ea4492aa2ac3b9a54eb1bd,0.041,,,
1560,2026-08-28,SH688271,-0.036240678280591965,EXP_XGBModel_Alpha158_csi300_custom_step0_s_20260830_16,e09cb8b525ea4492aa2ac3b9a54eb1bd,0.041,,,
1561,2026-08-28,SH688256,-0.05329158529639244,EXP_XGBModel_Alpha158_csi300_custom_step0_s_20260830_16,e09cb8b525ea4492aa2ac3b9a54eb1bd,0.041,,,
1562,2026-08-28,SH688223,0.0651092529296875,EXP_XGBModel_Alpha158_csi300_custom_step0_s_20260830_16,e09cb8b525ea4492aa2ac3b9a54eb1bd,0.041,,,
1563,2026-08-28,SH688183,0.5940822958946228,EXP_XGBModel_Alpha158_csi300_custom_step0_s_20260830_16,e09cb8b525ea4492aa2ac3b9a54eb1bd,0.041,,,
1564,2026-08-28,SH688126,0.029979798942804337,EXP_XGBModel_Alpha158_csi300_custom_step0_s_20260830_16,e09cb8b525ea4492aa2ac3b9a54eb1bd,0.041,,,
1565,2026-08-28,SH688111,-0.0832802951335907,EXP_XGBModel_Alpha158_csi300_custom_step0_s_20260830_16,e09cb8b525ea4492aa2ac3b9a54eb1bd,0.041,,,
1566,2026-08-28,SH688082,-0.004994307179003954,EXP_XGBModel_Alpha158_csi300_custom_step0_s_20260830_16,e09cb8b525ea4492aa2ac3b9a54eb1bd,0.041,,,
1567,2026-08-28,SH688072,0.10699809342622757,EXP_XGBModel_Alpha158_csi300_custom_step0_s_20260830_16,e09cb8b525ea4492aa2ac3b9a54eb1bd,0.041,,,
1568,2026-08-28,SH688047,0.09186853468418121,EXP_XGBModel_Alpha158_csi300_custom_step0_s_20260830_16,e09cb8b525ea4492aa2ac3b9a54eb1bd,0.041,,,
1569,2026-08-28,SH688041,0.13070513308048248,EXP_XGBModel_Alpha158_csi300_custom_step0_s_20260830_16,e09cb8b525ea4492aa2ac3b9a54eb1bd,0.041,,,
1570,2026-08-28,SH688036,-0.028237827122211456,EXP_XGBModel_Alpha158_csi300_custom_step0_s_20260830_16,e09cb8b525ea4492aa2ac3b9a54eb1bd,0.041,,,
1571,2026-08-28,SH688012,-0.0034500646870583296,EXP_XGBModel_Alpha158_csi300_custom_step0_s_20260830_16,e09cb8b525ea4492aa2ac3b9a54eb1bd,0.041,,,
1572,2026-08-28,SH688008,0.10072844475507736,EXP_XGBModel_Alpha158_csi300_custom_step0_s_20260830_16,e09cb8b525ea4492aa2ac3b9a54eb1bd,0.041,,,
1573,2026-08-28,SH601985,-0.0006932512624189258,EXP_XGBModel_Alpha158_csi300_custom_step0_s_20260830_16,e09cb8b525ea4492aa2ac3b9a54eb1bd,0.041,,,
1574,2026-08-28,SZ001965,-0.009459169581532478,EXP_XGBModel_Alpha158_csi300_custom_step0_s_20260830_16,e09cb8b525ea4492aa2ac3b9a54eb1bd,0.041,,,
1575,2026-08-28,SZ002001,-0.015660574659705162,EXP_XGBModel_Alpha158_csi300_custom_step0_s_20260830_16,e09cb8b525ea4492aa2ac3b9a54eb1bd,0.041,,,
1576,2026-08-28,SZ300413,-0.015809960663318634,EXP_XGBModel_Alpha158_csi300_custom_step0_s_20260830_16,e09cb8b525ea4492aa2ac3b9a54eb1bd,0.041,,,
1577,2026-08-28,SZ300408,0.14560800790786743,EXP_XGBModel_Alpha158_csi300_custom_step0_s_20260830_16,e09cb8b525ea4492aa2ac3b9a54eb1bd,0.041,,,
1578,2026-08-28,SZ300394,0.6187659502029419,EXP_XGBModel_Alpha158_csi300_custom_step0_s_20260830_16,e09cb8b525ea4492aa2ac3b9a54eb1bd,0.041,,,
1579,2026-08-28,SZ300316,0.15681329369544983,EXP_XGBModel_Alpha158_csi300_custom_step0_s_20260830_16,e09cb8b525ea4492aa2ac3b9a54eb1bd,0.041,,,
1580,2026-08-28,SZ300308,0.05936490744352341,EXP_XGBModel_Alpha158_csi300_custom_step0_s_20260830_16,e09cb8b525ea4492aa2ac3b9a54eb1bd,0.041,,,
1581,2026-08-28,SZ300274,0.0773678869009018,EXP_XGBModel_Alpha158_csi300_custom_step0_s_20260830_16,e09cb8b525ea4492aa2ac3b9a54eb1bd,0.041,,,
1582,2026-08-28,SZ300418,-0.012752662412822247,EXP_XGBModel_Alpha158_csi300_custom_step0_s_20260830_16,e09cb8b525ea4492aa2ac3b9a54eb1bd,0.041,,,
1583,2026-08-28,SZ300251,0.004591159522533417,EXP_XGBModel_Alpha158_csi300_custom_step0_s_20260830_16,e09cb8b525ea4492aa2ac3b9a54eb1bd,0.041,,,
1584,2026-08-28,SZ300122,-0.0012698578648269176,EXP_XGBModel_Alpha158_csi300_custom_step0_s_20260830_16,e09cb8b525ea4492aa2ac3b9a54eb1bd,0.041,,,
1585,2026-08-28,SZ300059,-0.01932050846517086,EXP_XGBModel_Alpha158_csi300_custom_step0_s_20260830_16,e09cb8b525ea4492aa2ac3b9a54eb1bd,0.041,,,
1586,2026-08-28,SZ300033,-0.039405807852745056,EXP_XGBModel_Alpha158_csi300_custom_step0_s_20260830_16,e09cb8b525ea4492aa2ac3b9a54eb1bd,0.041,,,
1587,2026-08-28,SZ300015,-0.06880488246679306,EXP_XGBModel_Alpha158_csi300_custom_step0_s_20260830_16,e09cb8b525ea4492aa2ac3b9a54eb1bd,0.041,,,
1588,2026-08-28,SZ300014,0.025846578180789948,EXP_XGBModel_Alpha158_csi300_custom_step0_s_20260830_16,e09cb8b525ea4492aa2ac3b9a54eb1bd,0.041,,,
1589,2026-08-28,SZ003816,0.06800979375839233,EXP_XGBModel_Alpha158_csi300_custom_step0_s_20260830_16,e09cb8b525ea4492aa2ac3b9a54eb1bd,0.041,,,
1590,2026-08-28,SZ300124,0.03177531808614731,EXP_XGBModel_Alpha158_csi300_custom_step0_s_20260830_16,e09cb8b525ea4492aa2ac3b9a54eb1bd,0.041,,,
1591,2026-08-28,SZ300433,0.3596203327178955,EXP_XGBModel_Alpha158_csi300_custom_step0_s_20260830_16,e09cb8b525ea4492aa2ac3b9a54eb1bd,0.041,,,
1592,2026-08-28,SZ300442,-0.16394178569316864,EXP_XGBModel_Alpha158_csi300_custom_step0_s_20260830_16,e09cb8b525ea4492aa2ac3b9a54eb1bd,0.041,,,
1593,2026-08-28,SZ300450,0.16196133196353912,EXP_XGBModel_Alpha158_csi300_custom_step0_s_20260830_16,e09cb8b525ea4492aa2ac3b9a54eb1bd,0.041,,,
1594,2026-08-28,SZ301269,0.00013175865751691163,EXP_XGBModel_Alpha158_csi300_custom_step0_s_20260830_16,e09cb8b525ea4492aa2ac3b9a54eb1bd,0.041,,,
1595,2026-08-28,SZ301236,-0.011418968439102173,EXP_XGBModel_Alpha158_csi300_custom_step0_s_20260830_16,e09cb8b525ea4492aa2ac3b9a54eb1bd,0.041,,,
1596,2026-08-28,SZ301165,0.5291168689727783,EXP_XGBModel_Alpha158_csi300_custom_step0_s_20260830_16,e09cb8b525ea4492aa2ac3b9a54eb1bd,0.041,,,
1597,2026-08-28,SZ300999,0.0036457881797105074,EXP_XGBModel_Alpha158_csi300_custom_step0_s_20260830_16,e09cb8b525ea4492aa2ac3b9a54eb1bd,0.041,,,
1598,2026-08-28,SZ300896,-0.01121131144464016,EXP_XGBModel_Alpha158_csi300_custom_step0_s_20260830_16,e09cb8b525ea4492aa2ac3b9a54eb1bd,0.041,,,
1599,2026-08-28,SZ300866,0.03555384650826454,EXP_XGBModel_Alpha158_csi300_custom_step0_s_20260830_16,e09cb8b525ea4492aa2ac3b9a54eb1bd,0.041,,,
1600,2026-08-28,SZ300832,0.11516354233026505,EXP_XGBModel_Alpha158_csi300_custom_step0_s_20260830_16,e09cb8b525ea4492aa2ac3b9a54eb1bd,0.041,,,
1601,2026-08-28,SZ300803,0.044271353632211685,EXP_XGBModel_Alpha158_csi300_custom_step0_s_20260830_16,e09cb8b525ea4492aa2ac3b9a54eb1bd,0.041,,,
1602,2026-08-28,SZ300760,0.04149949550628662,EXP_XGBModel_Alpha158_csi300_custom_step0_s_20260830_16,e09cb8b525ea4492aa2ac3b9a54eb1bd,0.041,,,
1603,2026-08-28,SZ300750,-0.0378325916826725,EXP_XGBModel_Alpha158_csi300_custom_step0_s_20260830_16,e09cb8b525ea4492aa2ac3b9a54eb1bd,0.041,,,
1604,2026-08-28,SZ300661,0.3017646074295044,EXP_XGBModel_Alpha158_csi300_custom_step0_s_20260830_16,e09cb8b525ea4492aa2ac3b9a54eb1bd,0.041,,,
1605,2026-08-28,SZ300628,0.015415246598422527,EXP_XGBModel_Alpha158_csi300_custom_step0_s_20260830_16,e09cb8b525ea4492aa2ac3b9a54eb1bd,0.041,,,
1606,2026-08-28,SZ300502,0.0635518878698349,EXP_XGBModel_Alpha158_csi300_custom_step0_s_20260830_16,e09cb8b525ea4492aa2ac3b9a54eb1bd,0.041,,,
1607,2026-08-28,SZ300498,-0.018067872151732445,EXP_XGBModel_Alpha158_csi300_custom_step0_s_20260830_16,e09cb8b525ea4492aa2ac3b9a54eb1bd,0.041,,,
1608,2026-08-28,SZ300476,0.7107275724411011,EXP_XGBModel_Alpha158_csi300_custom_step0_s_20260830_16,e09cb8b525ea4492aa2ac3b9a54eb1bd,0.041,,,
1609,2026-08-28,SZ002938,-0.1813497543334961,EXP_XGBModel_Alpha158_csi300_custom_step0_s_20260830_16,e09cb8b525ea4492aa2ac3b9a54eb1bd,0.041,,,
1610,2026-08-28,SZ002920,0.016444582492113113,EXP_XGBModel_Alpha158_csi300_custom_step0_s_20260830_16,e09cb8b525ea4492aa2ac3b9a54eb1bd,0.041,,,
1611,2026-08-28,SZ002916,0.1726391315460205,EXP_XGBModel_Alpha158_csi300_custom_step0_s_20260830_16,e09cb8b525ea4492aa2ac3b9a54eb1bd,0.041,,,
1612,2026-08-28,SZ002837,0.2618412375450134,EXP_XGBModel_Alpha158_csi300_custom_step0_s_20260830_16,e09cb8b525ea4492aa2ac3b9a54eb1bd,0.041,,,
1613,2026-08-28,SZ002353,0.3704739212989807,EXP_XGBModel_Alpha158_csi300_custom_step0_s_20260830_16,e09cb8b525ea4492aa2ac3b9a54eb1bd,0.041,,,
1614,2026-08-28,SZ002352,-0.023478016257286072,EXP_XGBModel_Alpha158_csi300_custom_step0_s_20260830_16,e09cb8b525ea4492aa2ac3b9a54eb1bd,0.041,,,
1615,2026-08-28,SZ002311,-0.011495974846184254,EXP_XGBModel_Alpha158_csi300_custom_step0_s_20260830_16,e09cb8b525ea4492aa2ac3b9a54eb1bd,0.041,,,
1616,2026-08-28,SZ002304,-0.03806162253022194,EXP_XGBModel_Alpha158_csi300_custom_step0_s_20260830_16,e09cb8b525ea4492aa2ac3b9a54eb1bd,0.041,,,
1617,2026-08-28,SZ002241,-0.014362996444106102,EXP_XGBModel_Alpha158_csi300_custom_step0_s_20260830_16,e09cb8b525ea4492aa2ac3b9a54eb1bd,0.041,,,
1618,2026-08-28,SZ002236,-0.0072637395933270454,EXP_XGBModel_Alpha158_csi300_custom_step0_s_20260830_16,e09cb8b525ea4492aa2ac3b9a54eb1bd,0.041,,,
1619,2026-08-28,SZ002230,-0.006344154477119446,EXP_XGBModel_Alpha158_csi300_custom_step0_s_20260830_16,e09cb8b525ea4492aa2ac3b9a54eb1bd,0.041,,,
1620,2026-08-28,SZ002202,0.4483081102371216,EXP_XGBModel_Alpha158_csi300_custom_step0_s_20260830_16,e09cb8b525ea4492aa2ac3b9a54eb1bd,0.041,,,
1621,2026-08-28,SZ002179,0.02841789275407791,EXP_XGBModel_Alpha158_csi300_custom_step0_s_20260830_16,e09cb8b525ea4492aa2ac3b9a54eb1bd,0.041,,,
1622,2026-08-28,SZ002142,0.0036685329396277666,EXP_XGBModel_Alpha158_csi300_custom_step0_s_20260830_16,e09cb8b525ea4492aa2ac3b9a54eb1bd,0.041,,,
1623,2026-08-28,SZ002074,-0.026055390015244484,EXP_XGBModel_Alpha158_csi300_custom_step0_s_20260830_16,e09cb8b525ea4492aa2ac3b9a54eb1bd,0.041,,,
1624,2026-08-28,SZ002050,0.013302524574100971,EXP_XGBModel_Alpha158_csi300_custom_step0_s_20260830_16,e09cb8b525ea4492aa2ac3b9a54eb1bd,0.041,,,
1625,2026-08-28,SZ002049,0.03989313170313835,EXP_XGBModel_Alpha158_csi300_custom_step0_s_20260830_16,e09cb8b525ea4492aa2ac3b9a54eb1bd,0.041,,,
1626,2026-08-28,SZ002028,0.017643673345446587,EXP_XGBModel_Alpha158_csi300_custom_step0_s_20260830_16,e09cb8b525ea4492aa2ac3b9a54eb1bd,0.041,,,
1627,2026-08-28,SZ002027,-0.011107290163636208,EXP_XGBModel_Alpha158_csi300_custom_step0_s_20260830_16,e09cb8b525ea4492aa2ac3b9a54eb1bd,0.041,,,
1628,2026-08-28,SZ002371,0.10646038502454758,EXP_XGBModel_Alpha158_csi300_custom_step0_s_20260830_16,e09cb8b525ea4492aa2ac3b9a54eb1bd,0.041,,,
1629,2026-08-28,SZ001979,0.01930137164890766,EXP_XGBModel_Alpha158_csi300_custom_step0_s_20260830_16,e09cb8b525ea4492aa2ac3b9a54eb1bd,0.041,,,
1630,2026-08-28,SZ002384,0.024106260389089584,EXP_XGBModel_Alpha158_csi300_custom_step0_s_20260830_16,e09cb8b525ea4492aa2ac3b9a54eb1bd,0.041,,,
1631,2026-08-28,SZ002422,-0.02045855112373829,EXP_XGBModel_Alpha158_csi300_custom_step0_s_20260830_16,e09cb8b525ea4492aa2ac3b9a54eb1bd,0.041,,,
1632,2026-08-28,SZ002736,0.003217207733541727,EXP_XGBModel_Alpha158_csi300_custom_step0_s_20260830_16,e09cb8b525ea4492aa2ac3b9a54eb1bd,0.041,,,
1633,2026-08-28,SZ002714,0.06110159680247307,EXP_XGBModel_Alpha158_csi300_custom_step0_s_20260830_16,e09cb8b525ea4492aa2ac3b9a54eb1bd,0.041,,,
1634,2026-08-28,SZ002709,0.07001808285713196,EXP_XGBModel_Alpha158_csi300_custom_step0_s_20260830_16,e09cb8b525ea4492aa2ac3b9a54eb1bd,0.041,,,
1635,2026-08-28,SZ002648,0.19426877796649933,EXP_XGBModel_Alpha158_csi300_custom_step0_s_20260830_16,e09cb8b525ea4492aa2ac3b9a54eb1bd,0.041,,,
1636,2026-08-28,SZ002625,0.05348346382379532,EXP_XGBModel_Alpha158_csi300_custom_step0_s_20260830_16,e09cb8b525ea4492aa2ac3b9a54eb1bd,0.041,,,
1637,2026-08-28,SZ002602,0.03872419893741608,EXP_XGBModel_Alpha158_csi300_custom_step0_s_20260830_16,e09cb8b525ea4492aa2ac3b9a54eb1bd,0.041,,,
1638,2026-08-28,SZ002600,0.02244170382618904,EXP_XGBModel_Alpha158_csi300_custom_step0_s_20260830_16,e09cb8b525ea4492aa2ac3b9a54eb1bd,0.041,,,
1639,2026-08-28,SZ002594,-0.015580118633806705,EXP_XGBModel_Alpha158_csi300_custom_step0_s_20260830_16,e09cb8b525ea4492aa2ac3b9a54eb1bd,0.041,,,
1640,2026-08-28,SZ002558,-0.03717689588665962,EXP_XGBModel_Alpha158_csi300_custom_step0_s_20260830_16,e09cb8b525ea4492aa2ac3b9a54eb1bd,0.041,,,
1641,2026-08-28,SZ002532,0.011515544727444649,EXP_XGBModel_Alpha158_csi300_custom_step0_s_20260830_16,e09cb8b525ea4492aa2ac3b9a54eb1bd,0.041,,,
1642,2026-08-28,SZ002493,0.027537159621715546,EXP_XGBModel_Alpha158_csi300_custom_step0_s_20260830_16,e09cb8b525ea4492aa2ac3b9a54eb1bd,0.041,,,
1643,2026-08-28,SZ002475,-0.044034603983163834,EXP_XGBModel_Alpha158_csi300_custom_step0_s_20260830_16,e09cb8b525ea4492aa2ac3b9a54eb1bd,0.041,,,
1644,2026-08-28,SZ002466,-0.027887241914868355,EXP_XGBModel_Alpha158_csi300_custom_step0_s_20260830_16,e09cb8b525ea4492aa2ac3b9a54eb1bd,0.041,,,
1645,2026-08-28,SZ002463,0.2090592384338379,EXP_XGBModel_Alpha158_csi300_custom_step0_s_20260830_16,e09cb8b525ea4492aa2ac3b9a54eb1bd,0.041,,,
1646,2026-08-28,SZ002460,0.05109040439128876,EXP_XGBModel_Alpha158_csi300_custom_step0_s_20260830_16,e09cb8b525ea4492aa2ac3b9a54eb1bd,0.041,,,
1647,2026-08-28,SZ002415,-0.028185008093714714,EXP_XGBModel_Alpha158_csi300_custom_step0_s_20260830_16,e09cb8b525ea4492aa2ac3b9a54eb1bd,0.041,,,
1648,2026-08-28,SH600000,-0.04571123793721199,EXP_XGBModel_Alpha158_csi300_custom_step0_s_20260830_16,e09cb8b525ea4492aa2ac3b9a54eb1bd,0.041,,,
1649,2026-08-28,SH601939,0.016224712133407593,EXP_XGBModel_Alpha158_csi300_custom_step0_s_20260830_16,e09cb8b525ea4492aa2ac3b9a54eb1bd,0.041,,,
1650,2026-08-28,SH601916,-0.03846538066864014,EXP_XGBModel_Alpha158_csi300_custom_step0_s_20260830_16,e09cb8b525ea4492aa2ac3b9a54eb1bd,0.041,,,
1651,2026-08-28,SH600547,0.30154862999916077,EXP_XGBModel_Alpha158_csi300_custom_step0_s_20260830_16,e09cb8b525ea4492aa2ac3b9a54eb1bd,0.041,,,
1652,2026-08-28,SH600522,0.5945868492126465,EXP_XGBModel_Alpha158_csi300_custom_step0_s_20260830_16,e09cb8b525ea4492aa2ac3b9a54eb1bd,0.041,,,
1653,2026-08-28,SH600519,-0.012569182552397251,EXP_XGBModel_Alpha158_csi300_custom_step0_s_20260830_16,e09cb8b525ea4492aa2ac3b9a54eb1bd,0.041,,,
1654,2026-08-28,SH600515,0.018388422206044197,EXP_XGBModel_Alpha158_csi300_custom_step0_s_20260830_16,e09cb8b525ea4492aa2ac3b9a54eb1bd,0.041,,,
1655,2026-08-28,SH600489,0.25253745913505554,EXP_XGBModel_Alpha158_csi300_custom_step0_s_20260830_16,e09cb8b525ea4492aa2ac3b9a54eb1bd,0.041,,,
1656,2026-08-28,SH600482,0.07423780858516693,EXP_XGBModel_Alpha158_csi300_custom_step0_s_20260830_16,e09cb8b525ea4492aa2ac3b9a54eb1bd,0.041,,,
1657,2026-08-28,SH600549,0.1755848377943039,EXP_XGBModel_Alpha158_csi300_custom_step0_s_20260830_16,e09cb8b525ea4492aa2ac3b9a54eb1bd,0.041,,,
1658,2026-08-28,SH600460,0.2343982309103012,EXP_XGBModel_Alpha158_csi300_custom_step0_s_20260830_16,e09cb8b525ea4492aa2ac3b9a54eb1bd,0.041,,,
1659,2026-08-28,SH600436,-0.01665014959871769,EXP_XGBModel_Alpha158_csi300_custom_step0_s_20260830_16,e09cb8b525ea4492aa2ac3b9a54eb1bd,0.041,,,
1660,2026-08-28,SH600426,0.28377974033355713,EXP_XGBModel_Alpha158_csi300_custom_step0_s_20260830_16,e09cb8b525ea4492aa2ac3b9a54eb1bd,0.041,,,
1661,2026-08-28,SH600415,-0.03739634156227112,EXP_XGBModel_Alpha158_csi300_custom_step0_s_20260830_16,e09cb8b525ea4492aa2ac3b9a54eb1bd,0.041,,,
1662,2026-08-28,SH600406,-0.033597204834222794,EXP_XGBModel_Alpha158_csi300_custom_step0_s_20260830_16,e09cb8b525ea4492aa2ac3b9a54eb1bd,0.041,,,
1663,2026-08-28,SH600372,0.009031222201883793,EXP_XGBModel_Alpha158_csi300_custom_step0_s_20260830_16,e09cb8b525ea4492aa2ac3b9a54eb1bd,0.041,,,
1664,2026-08-28,SH600362,0.33940020203590393,EXP_XGBModel_Alpha158_csi300_custom_step0_s_20260830_16,e09cb8b525ea4492aa2ac3b9a54eb1bd,0.041,,,
1665,2026-08-28,SH600438,-0.030274435877799988,EXP_XGBModel_Alpha158_csi300_custom_step0_s_20260830_16,e09cb8b525ea4492aa2ac3b9a54eb1bd,0.041,,,
1666,2026-08-28,SH600570,-0.0007234392687678337,EXP_XGBModel_Alpha158_csi300_custom_step0_s_20260830_16,e09cb8b525ea4492aa2ac3b9a54eb1bd,0.041,,,
1667,2026-08-28,SH600584,0.01922498270869255,EXP_XGBModel_Alpha158_csi300_custom_step0_s_20260830_16,e09cb8b525ea4492aa2ac3b9a54eb1bd,0.041,,,
1668,2026-08-28,SH600585,0.013196547515690327,EXP_XGBModel_Alpha158_csi300_custom_step0_s_20260830_16,e09cb8b525ea4492aa2ac3b9a54eb1bd,0.041,,,
1669,2026-08-28,SH600893,0.03320935368537903,EXP_XGBModel_Alpha158_csi300_custom_step0_s_20260830_16,e09cb8b525ea4492aa2ac3b9a54eb1bd,0.041,,,
1670,2026-08-28,SH600887,0.02499477006494999,EXP_XGBModel_Alpha158_csi300_custom_step0_s_20260830_16,e09cb8b525ea4492aa2ac3b9a54eb1bd,0.041,,,
1671,2026-08-28,SH600886,-0.04959419369697571,EXP_XGBModel_Alpha158_csi300_custom_step0_s_20260830_16,e09cb8b525ea4492aa2ac3b9a54eb1bd,0.041,,,
1672,2026-08-28,SH600875,-0.023303989320993423,EXP_XGBModel_Alpha158_csi300_custom_step0_s_20260830_16,e09cb8b525ea4492aa2ac3b9a54eb1bd,0.041,,,
1673,2026-08-28,SH600845,-0.017121370881795883,EXP_XGBModel_Alpha158_csi300_custom_step0_s_20260830_16,e09cb8b525ea4492aa2ac3b9a54eb1bd,0.041,,,
1674,2026-08-28,SH600809,-0.0032653133384883404,EXP_XGBModel_Alpha158_csi300_custom_step0_s_20260830_16,e09cb8b525ea4492aa2ac3b9a54eb1bd,0.041,,,
1675,2026-08-28,SH600803,0.016323259100317955,EXP_XGBModel_Alpha158_csi300_custom_step0_s_20260830_16,e09cb8b525ea4492aa2ac3b9a54eb1bd,0.041,,,
1676,2026-08-28,SH600795,0.020854642614722252,EXP_XGBModel_Alpha158_csi300_custom_step0_s_20260830_16,e09cb8b525ea4492aa2ac3b9a54eb1bd,0.041,,,
1677,2026-08-28,SH600760,0.044565215706825256,EXP_XGBModel_Alpha158_csi300_custom_step0_s_20260830_16,e09cb8b525ea4492aa2ac3b9a54eb1bd,0.041,,,
1678,2026-08-28,SH600741,-0.048149656504392624,EXP_XGBModel_Alpha158_csi300_custom_step0_s_20260830_16,e09cb8b525ea4492aa2ac3b9a54eb1bd,0.041,,,
1679,2026-08-28,SH600690,-0.017310580238699913,EXP_XGBModel_Alpha158_csi300_custom_step0_s_20260830_16,e09cb8b525ea4492aa2ac3b9a54eb1bd,0.041,,,
1680,2026-08-28,SH600674,-0.055037327110767365,EXP_XGBModel_Alpha158_csi300_custom_step0_s_20260830_16,e09cb8b525ea4492aa2ac3b9a54eb1bd,0.041,,,
1681,2026-08-28,SH600660,-0.02406473644077778,EXP_XGBModel_Alpha158_csi300_custom_step0_s_20260830_16,e09cb8b525ea4492aa2ac3b9a54eb1bd,0.041,,,
1682,2026-08-28,SH600600,-0.047358207404613495,EXP_XGBModel_Alpha158_csi300_custom_step0_s_20260830_16,e09cb8b525ea4492aa2ac3b9a54eb1bd,0.041,,,
1683,2026-08-28,SH600588,-0.18930985033512115,EXP_XGBModel_Alpha158_csi300_custom_step0_s_20260830_16,e09cb8b525ea4492aa2ac3b9a54eb1bd,0.041,,,
1684,2026-08-28,SH600346,-0.02346630208194256,EXP_XGBModel_Alpha158_csi300_custom_step0_s_20260830_16,e09cb8b525ea4492aa2ac3b9a54eb1bd,0.041,,,
1685,2026-08-28,SH600309,0.11387400329113007,EXP_XGBModel_Alpha158_csi300_custom_step0_s_20260830_16,e09cb8b525ea4492aa2ac3b9a54eb1bd,0.041,,,
1686,2026-08-28,SH600276,-0.023612715303897858,EXP_XGBModel_Alpha158_csi300_custom_step0_s_20260830_16,e09cb8b525ea4492aa2ac3b9a54eb1bd,0.041,,,
1687,2026-08-28,SH600233,-0.014850877225399017,EXP_XGBModel_Alpha158_csi300_custom_step0_s_20260830_16,e09cb8b525ea4492aa2ac3b9a54eb1bd,0.041,,,
1688,2026-08-28,SH600036,-0.04754090681672096,EXP_XGBModel_Alpha158_csi300_custom_step0_s_20260830_16,e09cb8b525ea4492aa2ac3b9a54eb1bd,0.041,,,
1689,2026-08-28,SH600031,-0.005769642069935799,EXP_XGBModel_Alpha158_csi300_custom_step0_s_20260830_16,e09cb8b525ea4492aa2ac3b9a54eb1bd,0.041,,,
1690,2026-08-28,SH600030,-0.018923647701740265,EXP_XGBModel_Alpha158_csi300_custom_step0_s_20260830_16,e09cb8b525ea4492aa2ac3b9a54eb1bd,0.041,,,
1691,2026-08-28,SH600029,-0.04826124757528305,EXP_XGBModel_Alpha158_csi300_custom_step0_s_20260830_16,e09cb8b525ea4492aa2ac3b9a54eb1bd,0.041,,,
1692,2026-08-28,SH600028,0.04602909833192825,EXP_XGBModel_Alpha158_csi300_custom_step0_s_20260830_16,e09cb8b525ea4492aa2ac3b9a54eb1bd,0.041,,,
1693,2026-08-28,SH600027,0.006154275499284267,EXP_XGBModel_Alpha158_csi300_custom_step0_s_20260830_16,e09cb8b525ea4492aa2ac3b9a54eb1bd,0.041,,,
1694,2026-08-28,SH600026,0.04648827388882637,EXP_XGBModel_Alpha158_csi300_custom_step0_s_20260830_16,e09cb8b525ea4492aa2ac3b9a54eb1bd,0.041,,,
1695,2026-08-28,SH600025,-0.04580308124423027,EXP_XGBModel_Alpha158_csi300_custom_step0_s_20260830_16,e09cb8b525ea4492aa2ac3b9a54eb1bd,0.041,,,
1696,2026-08-28,SH600023,-0.020037390291690826,EXP_XGBModel_Alpha158_csi300_custom_step0_s_20260830_16,e09cb8b525ea4492aa2ac3b9a54eb1bd,0.041,,,
1697,2026-08-28,SH600019,-0.05205484852194786,EXP_XGBModel_Alpha158_csi300_custom_step0_s_20260830_16,e09cb8b525ea4492aa2ac3b9a54eb1bd,0.041,,,
1698,2026-08-28,SH600018,-0.05376175045967102,EXP_XGBModel_Alpha158_csi300_custom_step0_s_20260830_16,e09cb8b525ea4492aa2ac3b9a54eb1bd,0.041,,,
1699,2026-08-28,SH600016,-0.04329964146018028,EXP_XGBModel_Alpha158_csi300_custom_step0_s_20260830_16,e09cb8b525ea4492aa2ac3b9a54eb1bd,0.041,,,
1700,2026-08-28,SH600015,-0.05328848958015442,EXP_XGBModel_Alpha158_csi300_custom_step0_s_20260830_16,e09cb8b525ea4492aa2ac3b9a54eb1bd,0.041,,,
1701,2026-08-28,SH600011,-0.0010892528807744384,EXP_XGBModel_Alpha158_csi300_custom_step0_s_20260830_16,e09cb8b525ea4492aa2ac3b9a54eb1bd,0.041,,,
1702,2026-08-28,SH600010,0.024305015802383423,EXP_XGBModel_Alpha158_csi300_custom_step0_s_20260830_16,e09cb8b525ea4492aa2ac3b9a54eb1bd,0.041,,,
1703,2026-08-28,SH600039,0.007241648156195879,EXP_XGBModel_Alpha158_csi300_custom_step0_s_20260830_16,e09cb8b525ea4492aa2ac3b9a54eb1bd,0.041,,,
1704,2026-08-28,SH600900,-0.040557969361543655,EXP_XGBModel_Alpha158_csi300_custom_step0_s_20260830_16,e09cb8b525ea4492aa2ac3b9a54eb1bd,0.041,,,
1705,2026-08-28,SH600048,0.012421163730323315,EXP_XGBModel_Alpha158_csi300_custom_step0_s_20260830_16,e09cb8b525ea4492aa2ac3b9a54eb1bd,0.041,,,
1706,2026-08-28,SH600061,-0.006945706903934479,EXP_XGBModel_Alpha158_csi300_custom_step0_s_20260830_16,e09cb8b525ea4492aa2ac3b9a54eb1bd,0.041,,,
1707,2026-08-28,SH600221,-0.015755612403154373,EXP_XGBModel_Alpha158_csi300_custom_step0_s_20260830_16,e09cb8b525ea4492aa2ac3b9a54eb1bd,0.041,,,
1708,2026-08-28,SH600219,0.07720545679330826,EXP_XGBModel_Alpha158_csi300_custom_step0_s_20260830_16,e09cb8b525ea4492aa2ac3b9a54eb1bd,0.041,,,
1709,2026-08-28,SH600196,-0.00446051312610507,EXP_XGBModel_Alpha158_csi300_custom_step0_s_20260830_16,e09cb8b525ea4492aa2ac3b9a54eb1bd,0.041,,,
1710,2026-08-28,SH600188,0.02106284350156784,EXP_XGBModel_Alpha158_csi300_custom_step0_s_20260830_16,e09cb8b525ea4492aa2ac3b9a54eb1bd,0.041,,,
1711,2026-08-28,SH600183,0.3036397099494934,EXP_XGBModel_Alpha158_csi300_custom_step0_s_20260830_16,e09cb8b525ea4492aa2ac3b9a54eb1bd,0.041,,,
1712,2026-08-28,SH600176,0.22165267169475555,EXP_XGBModel_Alpha158_csi300_custom_step0_s_20260830_16,e09cb8b525ea4492aa2ac3b9a54eb1bd,0.041,,,
1713,2026-08-28,SH600160,-0.05708228051662445,EXP_XGBModel_Alpha158_csi300_custom_step0_s_20260830_16,e09cb8b525ea4492aa2ac3b9a54eb1bd,0.041,,,
1714,2026-08-28,SH600150,0.0157411377876997,EXP_XGBModel_Alpha158_csi300_custom_step0_s_20260830_16,e09cb8b525ea4492aa2ac3b9a54eb1bd,0.041,,,
1715,2026-08-28,SH600118,0.2642342150211334,EXP_XGBModel_Alpha158_csi300_custom_step0_s_20260830_16,e09cb8b525ea4492aa2ac3b9a54eb1bd,0.041,,,
1716,2026-08-28,SH600115,-0.01290732529014349,EXP_XGBModel_Alpha158_csi300_custom_step0_s_20260830_16,e09cb8b525ea4492aa2ac3b9a54eb1bd,0.041,,,
1717,2026-08-28,SH600111,0.008525572717189789,EXP_XGBModel_Alpha158_csi300_custom_step0_s_20260830_16,e09cb8b525ea4492aa2ac3b9a54eb1bd,0.041,,,
1718,2026-08-28,SH600104,-0.003932286985218525,EXP_XGBModel_Alpha158_csi300_custom_step0_s_20260830_16,e09cb8b525ea4492aa2ac3b9a54eb1bd,0.041,,,
1719,2026-08-28,SH600089,0.12556028366088867,EXP_XGBModel_Alpha158_csi300_custom_step0_s_20260830_16,e09cb8b525ea4492aa2ac3b9a54eb1bd,0.041,,,
1720,2026-08-28,SH600085,-0.0035240426659584045,EXP_XGBModel_Alpha158_csi300_custom_step0_s_20260830_16,e09cb8b525ea4492aa2ac3b9a54eb1bd,0.041,,,
1721,2026-08-28,SH600066,-0.03433724865317345,EXP_XGBModel_Alpha158_csi300_custom_step0_s_20260830_16,e09cb8b525ea4492aa2ac3b9a54eb1bd,0.041,,,
1722,2026-08-28,SH600050,-0.014994479715824127,EXP_XGBModel_Alpha158_csi300_custom_step0_s_20260830_16,e09cb8b525ea4492aa2ac3b9a54eb1bd,0.041,,,
1723,2026-08-28,SH601919,0.03327145799994469,EXP_XGBModel_Alpha158_csi300_custom_step0_s_20260830_16,e09cb8b525ea4492aa2ac3b9a54eb1bd,0.041,,,
1724,2026-08-28,SH600905,-0.03479259833693504,EXP_XGBModel_Alpha158_csi300_custom_step0_s_20260830_16,e09cb8b525ea4492aa2ac3b9a54eb1bd,0.041,,,
1725,2026-08-28,SH600919,-0.00598150584846735,EXP_XGBModel_Alpha158_csi300_custom_step0_s_20260830_16,e09cb8b525ea4492aa2ac3b9a54eb1bd,0.041,,,
1726,2026-08-28,SH601698,0.14797979593276978,EXP_XGBModel_Alpha158_csi300_custom_step0_s_20260830_16,e09cb8b525ea4492aa2ac3b9a54eb1bd,0.041,,,
1727,2026-08-28,SH601689,-0.007130566518753767,EXP_XGBModel_Alpha158_csi300_custom_step0_s_20260830_16,e09cb8b525ea4492aa2ac3b9a54eb1bd,0.041,,,
1728,2026-08-28,SH601688,-0.004421070218086243,EXP_XGBModel_Alpha158_csi300_custom_step0_s_20260830_16,e09cb8b525ea4492aa2ac3b9a54eb1bd,0.041,,,
1729,2026-08-28,SH601669,-0.037154074758291245,EXP_XGBModel_Alpha158_csi300_custom_step0_s_20260830_16,e09cb8b525ea4492aa2ac3b9a54eb1bd,0.041,,,
1730,2026-08-28,SH601668,-0.01721770316362381,EXP_XGBModel_Alpha158_csi300_custom_step0_s_20260830_16,e09cb8b525ea4492aa2ac3b9a54eb1bd,0.041,,,
1731,2026-08-28,SH601658,-0.03888489678502083,EXP_XGBModel_Alpha158_csi300_custom_step0_s_20260830_16,e09cb8b525ea4492aa2ac3b9a54eb1bd,0.041,,,
1732,2026-08-28,SH601727,-0.011667792685329914,EXP_XGBModel_Alpha158_csi300_custom_step0_s_20260830_16,e09cb8b525ea4492aa2ac3b9a54eb1bd,0.041,,,
1733,2026-08-28,SH601633,-0.038939885795116425,EXP_XGBModel_Alpha158_csi300_custom_step0_s_20260830_16,e09cb8b525ea4492aa2ac3b9a54eb1bd,0.041,,,
1734,2026-08-28,SH601618,0.0059412759728729725,EXP_XGBModel_Alpha158_csi300_custom_step0_s_20260830_16,e09cb8b525ea4492aa2ac3b9a54eb1bd,0.041,,,
1735,2026-08-28,SH601607,-0.018953004851937294,EXP_XGBModel_Alpha158_csi300_custom_step0_s_20260830_16,e09cb8b525ea4492aa2ac3b9a54eb1bd,0.041,,,
1736,2026-08-28,SH601601,0.016265258193016052,EXP_XGBModel_Alpha158_csi300_custom_step0_s_20260830_16,e09cb8b525ea4492aa2ac3b9a54eb1bd,0.041,,,
1737,2026-08-28,SH601600,0.03908829763531685,EXP_XGBModel_Alpha158_csi300_custom_step0_s_20260830_16,e09cb8b525ea4492aa2ac3b9a54eb1bd,0.041,,,
1738,2026-08-28,SH601456,-0.00940465647727251,EXP_XGBModel_Alpha158_csi300_custom_step0_s_20260830_16,e09cb8b525ea4492aa2ac3b9a54eb1bd,0.041,,,
1739,2026-08-28,SH601398,0.0006313822232186794,EXP_XGBModel_Alpha158_csi300_custom_step0_s_20260830_16,e09cb8b525ea4492aa2ac3b9a54eb1bd,0.041,,,
1740,2026-08-28,SH601628,-0.013459238223731518,EXP_XGBModel_Alpha158_csi300_custom_step0_s_20260830_16,e09cb8b525ea4492aa2ac3b9a54eb1bd,0.041,,,
1741,2026-08-28,SH601728,-0.022445043548941612,EXP_XGBModel_Alpha158_csi300_custom_step0_s_20260830_16,e09cb8b525ea4492aa2ac3b9a54eb1bd,0.041,,,
1742,2026-08-28,SH601766,0.00905612949281931,EXP_XGBModel_Alpha158_csi300_custom_step0_s_20260830_16,e09cb8b525ea4492aa2ac3b9a54eb1bd,0.041,,,
1743,2026-08-28,SH601788,-0.009643719531595707,EXP_XGBModel_Alpha158_csi300_custom_step0_s_20260830_16,e09cb8b525ea4492aa2ac3b9a54eb1bd,0.041,,,
1744,2026-08-28,SH601901,-0.008116557262837887,EXP_XGBModel_Alpha158_csi300_custom_step0_s_20260830_16,e09cb8b525ea4492aa2ac3b9a54eb1bd,0.041,,,
1745,2026-08-28,SH601899,0.012943482957780361,EXP_XGBModel_Alpha158_csi300_custom_step0_s_20260830_16,e09cb8b525ea4492aa2ac3b9a54eb1bd,0.041,,,
1746,2026-08-28,SH601898,-0.03473939374089241,EXP_XGBModel_Alpha158_csi300_custom_step0_s_20260830_16,e09cb8b525ea4492aa2ac3b9a54eb1bd,0.041,,,
1747,2026-08-28,SH601888,-0.022870514541864395,EXP_XGBModel_Alpha158_csi300_custom_step0_s_20260830_16,e09cb8b525ea4492aa2ac3b9a54eb1bd,0.041,,,
1748,2026-08-28,SH601881,-0.017063133418560028,EXP_XGBModel_Alpha158_csi300_custom_step0_s_20260830_16,e09cb8b525ea4492aa2ac3b9a54eb1bd,0.041,,,
1749,2026-08-28,SH601878,-0.006564894691109657,EXP_XGBModel_Alpha158_csi300_custom_step0_s_20260830_16,e09cb8b525ea4492aa2ac3b9a54eb1bd,0.041,,,
1750,2026-08-28,SH601877,0.005641749128699303,EXP_XGBModel_Alpha158_csi300_custom_step0_s_20260830_16,e09cb8b525ea4492aa2ac3b9a54eb1bd,0.041,,,
1751,2026-08-28,SH601872,0.09110900014638901,EXP_XGBModel_Alpha158_csi300_custom_step0_s_20260830_16,e09cb8b525ea4492aa2ac3b9a54eb1bd,0.041,,,
1752,2026-08-28,SH601868,-0.03474656492471695,EXP_XGBModel_Alpha158_csi300_custom_step0_s_20260830_16,e09cb8b525ea4492aa2ac3b9a54eb1bd,0.041,,,
1753,2026-08-28,SH601857,0.024557510390877724,EXP_XGBModel_Alpha158_csi300_custom_step0_s_20260830_16,e09cb8b525ea4492aa2ac3b9a54eb1bd,0.041,,,
1754,2026-08-28,SH601838,-0.027618128806352615,EXP_XGBModel_Alpha158_csi300_custom_step0_s_20260830_16,e09cb8b525ea4492aa2ac3b9a54eb1bd,0.041,,,
1755,2026-08-28,SH601825,0.03414006531238556,EXP_XGBModel_Alpha158_csi300_custom_step0_s_20260830_16,e09cb8b525ea4492aa2ac3b9a54eb1bd,0.041,,,
1756,2026-08-28,SH601818,-0.03849712386727333,EXP_XGBModel_Alpha158_csi300_custom_step0_s_20260830_16,e09cb8b525ea4492aa2ac3b9a54eb1bd,0.041,,,
1757,2026-08-28,SH601816,-0.04241163283586502,EXP_XGBModel_Alpha158_csi300_custom_step0_s_20260830_16,e09cb8b525ea4492aa2ac3b9a54eb1bd,0.041,,,
1758,2026-08-28,SH601800,-0.01781482622027397,EXP_XGBModel_Alpha158_csi300_custom_step0_s_20260830_16,e09cb8b525ea4492aa2ac3b9a54eb1bd,0.041,,,
1759,2026-08-28,SH601390,-0.006867427844554186,EXP_XGBModel_Alpha158_csi300_custom_step0_s_20260830_16,e09cb8b525ea4492aa2ac3b9a54eb1bd,0.041,,,
1760,2026-08-28,SH601377,-0.008728979155421257,EXP_XGBModel_Alpha158_csi300_custom_step0_s_20260830_16,e09cb8b525ea4492aa2ac3b9a54eb1bd,0.041,,,
1761,2026-08-28,SH601360,-0.0068836878053843975,EXP_XGBModel_Alpha158_csi300_custom_step0_s_20260830_16,e09cb8b525ea4492aa2ac3b9a54eb1bd,0.041,,,
1762,2026-08-28,SH601336,-0.017037739977240562,EXP_XGBModel_Alpha158_csi300_custom_step0_s_20260830_16,e09cb8b525ea4492aa2ac3b9a54eb1bd,0.041,,,
1763,2026-08-28,SH601066,-0.007951594889163971,EXP_XGBModel_Alpha158_csi300_custom_step0_s_20260830_16,e09cb8b525ea4492aa2ac3b9a54eb1bd,0.041,,,
1764,2026-08-28,SH601059,0.0037226432468742132,EXP_XGBModel_Alpha158_csi300_custom_step0_s_20260830_16,e09cb8b525ea4492aa2ac3b9a54eb1bd,0.041,,,
1765,2026-08-28,SH601058,0.044810228049755096,EXP_XGBModel_Alpha158_csi300_custom_step0_s_20260830_16,e09cb8b525ea4492aa2ac3b9a54eb1bd,0.041,,,
1766,2026-08-28,SH601021,-0.015534109435975552,EXP_XGBModel_Alpha158_csi300_custom_step0_s_20260830_16,e09cb8b525ea4492aa2ac3b9a54eb1bd,0.041,,,
1767,2026-08-28,SH601018,0.09149673581123352,EXP_XGBModel_Alpha158_csi300_custom_step0_s_20260830_16,e09cb8b525ea4492aa2ac3b9a54eb1bd,0.041,,,
1768,2026-08-28,SH601012,-0.05305815860629082,EXP_XGBModel_Alpha158_csi300_custom_step0_s_20260830_16,e09cb8b525ea4492aa2ac3b9a54eb1bd,0.041,,,
1769,2026-08-28,SH601009,-0.018518418073654175,EXP_XGBModel_Alpha158_csi300_custom_step0_s_20260830_16,e09cb8b525ea4492aa2ac3b9a54eb1bd,0.041,,,
1770,2026-08-28,SH601006,-0.015092512592673302,EXP_XGBModel_Alpha158_csi300_custom_step0_s_20260830_16,e09cb8b525ea4492aa2ac3b9a54eb1bd,0.041,,,
1771,2026-08-28,SH600999,0.011353558860719204,EXP_XGBModel_Alpha158_csi300_custom_step0_s_20260830_16,e09cb8b525ea4492aa2ac3b9a54eb1bd,0.041,,,
1772,2026-08-28,SH600989,0.026968669146299362,EXP_XGBModel_Alpha158_csi300_custom_step0_s_20260830_16,e09cb8b525ea4492aa2ac3b9a54eb1bd,0.041,,,
1773,2026-08-28,SH600958,-0.000852594617754221,EXP_XGBModel_Alpha158_csi300_custom_step0_s_20260830_16,e09cb8b525ea4492aa2ac3b9a54eb1bd,0.041,,,
1774,2026-08-28,SH600941,0.05466736480593681,EXP_XGBModel_Alpha158_csi300_custom_step0_s_20260830_16,e09cb8b525ea4492aa2ac3b9a54eb1bd,0.041,,,
1775,2026-08-28,SH600938,0.016305038705468178,EXP_XGBModel_Alpha158_csi300_custom_step0_s_20260830_16,e09cb8b525ea4492aa2ac3b9a54eb1bd,0.041,,,
1776,2026-08-28,SH600930,-0.018543411046266556,EXP_XGBModel_Alpha158_csi300_custom_step0_s_20260830_16,e09cb8b525ea4492aa2ac3b9a54eb1bd,0.041,,,
1777,2026-08-28,SH600926,-0.016513362526893616,EXP_XGBModel_Alpha158_csi300_custom_step0_s_20260830_16,e09cb8b525ea4492aa2ac3b9a54eb1bd,0.041,,,
1778,2026-08-28,SH601077,-0.02942119725048542,EXP_XGBModel_Alpha158_csi300_custom_step0_s_20260830_16,e09cb8b525ea4492aa2ac3b9a54eb1bd,0.041,,,
1779,2026-08-28,SH600918,0.005846142303198576,EXP_XGBModel_Alpha158_csi300_custom_step0_s_20260830_16,e09cb8b525ea4492aa2ac3b9a54eb1bd,0.041,,,
1780,2026-08-28,SH601088,0.0196821466088295,EXP_XGBModel_Alpha158_csi300_custom_step0_s_20260830_16,e09cb8b525ea4492aa2ac3b9a54eb1bd,0.041,,,
1781,2026-08-28,SH601111,-0.007956047542393208,EXP_XGBModel_Alpha158_csi300_custom_step0_s_20260830_16,e09cb8b525ea4492aa2ac3b9a54eb1bd,0.041,,,
1782,2026-08-28,SH601328,-0.04520434886217117,EXP_XGBModel_Alpha158_csi300_custom_step0_s_20260830_16,e09cb8b525ea4492aa2ac3b9a54eb1bd,0.041,,,
1783,2026-08-28,SH601319,-0.022187991067767143,EXP_XGBModel_Alpha158_csi300_custom_step0_s_20260830_16,e09cb8b525ea4492aa2ac3b9a54eb1bd,0.041,,,
1784,2026-08-28,SH601318,0.028931761160492897,EXP_XGBModel_Alpha158_csi300_custom_step0_s_20260830_16,e09cb8b525ea4492aa2ac3b9a54eb1bd,0.041,,,
1785,2026-08-28,SH601288,-0.015971578657627106,EXP_XGBModel_Alpha158_csi300_custom_step0_s_20260830_16,e09cb8b525ea4492aa2ac3b9a54eb1bd,0.041,,,
1786,2026-08-28,SH601238,-0.021948540583252907,EXP_XGBModel_Alpha158_csi300_custom_step0_s_20260830_16,e09cb8b525ea4492aa2ac3b9a54eb1bd,0.041,,,
1787,2026-08-28,SH601229,-0.02517007105052471,EXP_XGBModel_Alpha158_csi300_custom_step0_s_20260830_16,e09cb8b525ea4492aa2ac3b9a54eb1bd,0.041,,,
1788,2026-08-28,SH601225,0.026716342195868492,EXP_XGBModel_Alpha158_csi300_custom_step0_s_20260830_16,e09cb8b525ea4492aa2ac3b9a54eb1bd,0.041,,,
1789,2026-08-28,SH601211,-0.012321342714130878,EXP_XGBModel_Alpha158_csi300_custom_step0_s_20260830_16,e09cb8b525ea4492aa2ac3b9a54eb1bd,0.041,,,
1790,2026-08-28,SH601186,-0.016259701922535896,EXP_XGBModel_Alpha158_csi300_custom_step0_s_20260830_16,e09cb8b525ea4492aa2ac3b9a54eb1bd,0.041,,,
1791,2026-08-28,SH601169,-0.06567300856113434,EXP_XGBModel_Alpha158_csi300_custom_step0_s_20260830_16,e09cb8b525ea4492aa2ac3b9a54eb1bd,0.041,,,
1792,2026-08-28,SH601166,-0.05108880624175072,EXP_XGBModel_Alpha158_csi300_custom_step0_s_20260830_16,e09cb8b525ea4492aa2ac3b9a54eb1bd,0.041,,,
1793,2026-08-28,SH601138,-0.001383985741995275,EXP_XGBModel_Alpha158_csi300_custom_step0_s_20260830_16,e09cb8b525ea4492aa2ac3b9a54eb1bd,0.041,,,
1794,2026-08-28,SH601136,-0.0013858111342415214,EXP_XGBModel_Alpha158_csi300_custom_step0_s_20260830_16,e09cb8b525ea4492aa2ac3b9a54eb1bd,0.041,,,
1795,2026-08-28,SH601127,0.03932694345712662,EXP_XGBModel_Alpha158_csi300_custom_step0_s_20260830_16,e09cb8b525ea4492aa2ac3b9a54eb1bd,0.041,,,
1796,2026-08-28,SH601117,-0.009249737486243248,EXP_XGBModel_Alpha158_csi300_custom_step0_s_20260830_16,e09cb8b525ea4492aa2ac3b9a54eb1bd,0.041,,,
1797,2026-08-28,SH601100,-0.010220766998827457,EXP_XGBModel_Alpha158_csi300_custom_step0_s_20260830_16,e09cb8b525ea4492aa2ac3b9a54eb1bd,0.041,,,
1798,2026-08-28,SH600000,0.028009971603751183,EXP_LinearModel_Alpha158_csi300_custom_step0_s_20260830_16,c3b867b667aa440aa1c7f96f7fe31cc7,0.006,,,
1799,2026-08-28,SH600000,-0.06579935550689697,EXP_LinearModel_Alpha158_csi300_custom_step0_s_20260830_16,321f582631624f3fa10a74d88a1a3d93,0.157,,,
1800,2026-08-28,SZ301308,-0.0016137282364070415,EXP_LinearModel_Alpha158_csi300_custom_step0_s_20260830_16,cf5a40cebfd74f9aa8ddb45ab1db8cfc,0.033,,,
1801,2026-08-28,SZ000617,-0.061707668006420135,EXP_LinearModel_Alpha158_csi300_custom_step0_s_20260830_16,c3b867b667aa440aa1c7f96f7fe31cc7,0.006,,,
1802,2026-08-28,SZ000596,0.004734520334750414,EXP_LinearModel_Alpha158_csi300_custom_step0_s_20260830_16,c3b867b667aa440aa1c7f96f7fe31cc7,0.006,,,
1803,2026-08-28,SZ000568,0.01789625734090805,EXP_LinearModel_Alpha158_csi300_custom_step0_s_20260830_16,c3b867b667aa440aa1c7f96f7fe31cc7,0.006,,,
1804,2026-08-28,SZ000538,-0.014287984929978848,EXP_LinearModel_Alpha158_csi300_custom_step0_s_20260830_16,c3b867b667aa440aa1c7f96f7fe31cc7,0.006,,,
1805,2026-08-28,SZ000425,0.01515139825642109,EXP_LinearModel_Alpha158_csi300_custom_step0_s_20260830_16,c3b867b667aa440aa1c7f96f7fe31cc7,0.006,,,
1806,2026-08-28,SZ000408,-0.0518927238881588,EXP_LinearModel_Alpha158_csi300_custom_step0_s_20260830_16,c3b867b667aa440aa1c7f96f7fe31cc7,0.006,,,
1807,2026-08-28,SZ000625,0.023715296760201454,EXP_LinearModel_Alpha158_csi300_custom_step0_s_20260830_16,c3b867b667aa440aa1c7f96f7fe31cc7,0.006,,,
1808,2026-08-28,SZ000338,0.010450241155922413,EXP_LinearModel_Alpha158_csi300_custom_step0_s_20260830_16,c3b867b667aa440aa1c7f96f7fe31cc7,0.006,,,
1809,2026-08-28,SZ000301,-0.02171124331653118,EXP_LinearModel_Alpha158_csi300_custom_step0_s_20260830_16,c3b867b667aa440aa1c7f96f7fe31cc7,0.006,,,
1810,2026-08-28,SZ000166,0.050753623247146606,EXP_LinearModel_Alpha158_csi300_custom_step0_s_20260830_16,c3b867b667aa440aa1c7f96f7fe31cc7,0.006,,,
1811,2026-08-28,SZ000157,-0.008197766728699207,EXP_LinearModel_Alpha158_csi300_custom_step0_s_20260830_16,c3b867b667aa440aa1c7f96f7fe31cc7,0.006,,,
1812,2026-08-28,SZ000100,0.05848202481865883,EXP_LinearModel_Alpha158_csi300_custom_step0_s_20260830_16,c3b867b667aa440aa1c7f96f7fe31cc7,0.006,,,
1813,2026-08-28,SZ000063,0.011807339265942574,EXP_LinearModel_Alpha158_csi300_custom_step0_s_20260830_16,c3b867b667aa440aa1c7f96f7fe31cc7,0.006,,,
1814,2026-08-28,SZ000002,0.019268952310085297,EXP_LinearModel_Alpha158_csi300_custom_step0_s_20260830_16,c3b867b667aa440aa1c7f96f7fe31cc7,0.006,,,
1815,2026-08-28,SZ000333,0.011742714792490005,EXP_LinearModel_Alpha158_csi300_custom_step0_s_20260830_16,c3b867b667aa440aa1c7f96f7fe31cc7,0.006,,,
1816,2026-08-28,SZ000630,-0.06713160872459412,EXP_LinearModel_Alpha158_csi300_custom_step0_s_20260830_16,c3b867b667aa440aa1c7f96f7fe31cc7,0.006,,,
1817,2026-08-28,SZ000651,0.024943608790636063,EXP_LinearModel_Alpha158_csi300_custom_step0_s_20260830_16,c3b867b667aa440aa1c7f96f7fe31cc7,0.006,,,
1818,2026-08-28,SZ000657,-0.12189263850450516,EXP_LinearModel_Alpha158_csi300_custom_step0_s_20260830_16,c3b867b667aa440aa1c7f96f7fe31cc7,0.006,,,
1819,2026-08-28,SZ001280,0.005202537402510643,EXP_LinearModel_Alpha158_csi300_custom_step0_s_20260830_16,c3b867b667aa440aa1c7f96f7fe31cc7,0.006,,,
1820,2026-08-28,SZ000999,0.024601472541689873,EXP_LinearModel_Alpha158_csi300_custom_step0_s_20260830_16,c3b867b667aa440aa1c7f96f7fe31cc7,0.006,,,
1821,2026-08-28,SZ000988,-0.035801682621240616,EXP_LinearModel_Alpha158_csi300_custom_step0_s_20260830_16,c3b867b667aa440aa1c7f96f7fe31cc7,0.006,,,
1822,2026-08-28,SZ000977,0.032187383621931076,EXP_LinearModel_Alpha158_csi300_custom_step0_s_20260830_16,c3b867b667aa440aa1c7f96f7fe31cc7,0.006,,,
1823,2026-08-28,SZ000975,-0.010472439229488373,EXP_LinearModel_Alpha158_csi300_custom_step0_s_20260830_16,c3b867b667aa440aa1c7f96f7fe31cc7,0.006,,,
1824,2026-08-28,SZ000963,-0.055150244385004044,EXP_LinearModel_Alpha158_csi300_custom_step0_s_20260830_16,c3b867b667aa440aa1c7f96f7fe31cc7,0.006,,,
1825,2026-08-28,SZ000938,0.12449005991220474,EXP_LinearModel_Alpha158_csi300_custom_step0_s_20260830_16,c3b867b667aa440aa1c7f96f7fe31cc7,0.006,,,
1826,2026-08-28,SZ000895,-0.0008592769736424088,EXP_LinearModel_Alpha158_csi300_custom_step0_s_20260830_16,c3b867b667aa440aa1c7f96f7fe31cc7,0.006,,,
1827,2026-08-28,SZ000858,0.002713371068239212,EXP_LinearModel_Alpha158_csi300_custom_step0_s_20260830_16,c3b867b667aa440aa1c7f96f7fe31cc7,0.006,,,
1828,2026-08-28,SZ000807,-0.09948573261499405,EXP_LinearModel_Alpha158_csi300_custom_step0_s_20260830_16,c3b867b667aa440aa1c7f96f7fe31cc7,0.006,,,
1829,2026-08-28,SZ000792,-0.04374051094055176,EXP_LinearModel_Alpha158_csi300_custom_step0_s_20260830_16,c3b867b667aa440aa1c7f96f7fe31cc7,0.006,,,
1830,2026-08-28,SZ000776,-0.017606182023882866,EXP_LinearModel_Alpha158_csi300_custom_step0_s_20260830_16,c3b867b667aa440aa1c7f96f7fe31cc7,0.006,,,
1831,2026-08-28,SZ000768,0.019742853939533234,EXP_LinearModel_Alpha158_csi300_custom_step0_s_20260830_16,c3b867b667aa440aa1c7f96f7fe31cc7,0.006,,,
1832,2026-08-28,SZ000725,-0.08108873665332794,EXP_LinearModel_Alpha158_csi300_custom_step0_s_20260830_16,c3b867b667aa440aa1c7f96f7fe31cc7,0.006,,,
1833,2026-08-28,SZ000708,0.015073653310537338,EXP_LinearModel_Alpha158_csi300_custom_step0_s_20260830_16,c3b867b667aa440aa1c7f96f7fe31cc7,0.006,,,
1834,2026-08-28,SZ000001,0.03325018286705017,EXP_LinearModel_Alpha158_csi300_custom_step0_s_20260830_16,c3b867b667aa440aa1c7f96f7fe31cc7,0.006,,,
1835,2026-08-28,SH688981,0.08463415503501892,EXP_LinearModel_Alpha158_csi300_custom_step0_s_20260830_16,c3b867b667aa440aa1c7f96f7fe31cc7,0.006,,,
1836,2026-08-28,SH688521,-0.044211246073246,EXP_LinearModel_Alpha158_csi300_custom_step0_s_20260830_16,c3b867b667aa440aa1c7f96f7fe31cc7,0.006,,,
1837,2026-08-28,SH688506,-0.035901106894016266,EXP_LinearModel_Alpha158_csi300_custom_step0_s_20260830_16,c3b867b667aa440aa1c7f96f7fe31cc7,0.006,,,
1838,2026-08-28,SH603993,-0.08742932975292206,EXP_LinearModel_Alpha158_csi300_custom_step0_s_20260830_16,c3b867b667aa440aa1c7f96f7fe31cc7,0.006,,,
1839,2026-08-28,SH603986,-0.12672288715839386,EXP_LinearModel_Alpha158_csi300_custom_step0_s_20260830_16,c3b867b667aa440aa1c7f96f7fe31cc7,0.006,,,
1840,2026-08-28,SH603893,0.0962904542684555,EXP_LinearModel_Alpha158_csi300_custom_step0_s_20260830_16,c3b867b667aa440aa1c7f96f7fe31cc7,0.006,,,
1841,2026-08-28,SH603799,-0.10122181475162506,EXP_LinearModel_Alpha158_csi300_custom_step0_s_20260830_16,c3b867b667aa440aa1c7f96f7fe31cc7,0.006,,,
1842,2026-08-28,SH603501,0.00863351859152317,EXP_LinearModel_Alpha158_csi300_custom_step0_s_20260830_16,c3b867b667aa440aa1c7f96f7fe31cc7,0.006,,,
1843,2026-08-28,SH603392,0.01714930310845375,EXP_LinearModel_Alpha158_csi300_custom_step0_s_20260830_16,c3b867b667aa440aa1c7f96f7fe31cc7,0.006,,,
1844,2026-08-28,SH603369,-0.029647158458828926,EXP_LinearModel_Alpha158_csi300_custom_step0_s_20260830_16,c3b867b667aa440aa1c7f96f7fe31cc7,0.006,,,
1845,2026-08-28,SH603296,0.1071660965681076,EXP_LinearModel_Alpha158_csi300_custom_step0_s_20260830_16,c3b867b667aa440aa1c7f96f7fe31cc7,0.006,,,
1846,2026-08-28,SH603288,-0.0024821206461638212,EXP_LinearModel_Alpha158_csi300_custom_step0_s_20260830_16,c3b867b667aa440aa1c7f96f7fe31cc7,0.006,,,
1847,2026-08-28,SH603260,0.004234715830534697,EXP_LinearModel_Alpha158_csi300_custom_step0_s_20260830_16,c3b867b667aa440aa1c7f96f7fe31cc7,0.006,,,
1848,2026-08-28,SH603259,0.06863807886838913,EXP_LinearModel_Alpha158_csi300_custom_step0_s_20260830_16,c3b867b667aa440aa1c7f96f7fe31cc7,0.006,,,
1849,2026-08-28,SH603019,0.04799778014421463,EXP_LinearModel_Alpha158_csi300_custom_step0_s_20260830_16,c3b867b667aa440aa1c7f96f7fe31cc7,0.006,,,
1850,2026-08-28,SH601998,0.05544426664710045,EXP_LinearModel_Alpha158_csi300_custom_step0_s_20260830_16,c3b867b667aa440aa1c7f96f7fe31cc7,0.006,,,
1851,2026-08-28,SH601995,-0.0458163358271122,EXP_LinearModel_Alpha158_csi300_custom_step0_s_20260830_16,c3b867b667aa440aa1c7f96f7fe31cc7,0.006,,,
1852,2026-08-28,SH601988,0.0777808204293251,EXP_LinearModel_Alpha158_csi300_custom_step0_s_20260830_16,c3b867b667aa440aa1c7f96f7fe31cc7,0.006,,,
1853,2026-08-28,SH605117,-0.031383369117975235,EXP_LinearModel_Alpha158_csi300_custom_step0_s_20260830_16,c3b867b667aa440aa1c7f96f7fe31cc7,0.006,,,
1854,2026-08-28,SZ001391,0.012629397213459015,EXP_LinearModel_Alpha158_csi300_custom_step0_s_20260830_16,c3b867b667aa440aa1c7f96f7fe31cc7,0.006,,,
1855,2026-08-28,SH605499,-0.09329017996788025,EXP_LinearModel_Alpha158_csi300_custom_step0_s_20260830_16,c3b867b667aa440aa1c7f96f7fe31cc7,0.006,,,
1856,2026-08-28,SH688009,0.01374044455587864,EXP_LinearModel_Alpha158_csi300_custom_step0_s_20260830_16,c3b867b667aa440aa1c7f96f7fe31cc7,0.006,,,
1857,2026-08-28,SH688472,0.0691903680562973,EXP_LinearModel_Alpha158_csi300_custom_step0_s_20260830_16,c3b867b667aa440aa1c7f96f7fe31cc7,0.006,,,
1858,2026-08-28,SH688396,-0.10187946259975433,EXP_LinearModel_Alpha158_csi300_custom_step0_s_20260830_16,c3b867b667aa440aa1c7f96f7fe31cc7,0.006,,,
1859,2026-08-28,SH688303,-0.026885811239480972,EXP_LinearModel_Alpha158_csi300_custom_step0_s_20260830_16,c3b867b667aa440aa1c7f96f7fe31cc7,0.006,,,
1860,2026-08-28,SH688271,-0.011672177352011204,EXP_LinearModel_Alpha158_csi300_custom_step0_s_20260830_16,c3b867b667aa440aa1c7f96f7fe31cc7,0.006,,,
1861,2026-08-28,SH688256,0.05157161504030228,EXP_LinearModel_Alpha158_csi300_custom_step0_s_20260830_16,c3b867b667aa440aa1c7f96f7fe31cc7,0.006,,,
1862,2026-08-28,SH688223,0.0390554741024971,EXP_LinearModel_Alpha158_csi300_custom_step0_s_20260830_16,c3b867b667aa440aa1c7f96f7fe31cc7,0.006,,,
1863,2026-08-28,SH688183,-0.09123459458351135,EXP_LinearModel_Alpha158_csi300_custom_step0_s_20260830_16,c3b867b667aa440aa1c7f96f7fe31cc7,0.006,,,
1864,2026-08-28,SH688126,-0.08289282768964767,EXP_LinearModel_Alpha158_csi300_custom_step0_s_20260830_16,c3b867b667aa440aa1c7f96f7fe31cc7,0.006,,,
1865,2026-08-28,SH688111,0.03398231789469719,EXP_LinearModel_Alpha158_csi300_custom_step0_s_20260830_16,c3b867b667aa440aa1c7f96f7fe31cc7,0.006,,,
1866,2026-08-28,SH688082,-0.05469765514135361,EXP_LinearModel_Alpha158_csi300_custom_step0_s_20260830_16,c3b867b667aa440aa1c7f96f7fe31cc7,0.006,,,
1867,2026-08-28,SH688072,0.05510542541742325,EXP_LinearModel_Alpha158_csi300_custom_step0_s_20260830_16,c3b867b667aa440aa1c7f96f7fe31cc7,0.006,,,
1868,2026-08-28,SH688047,0.045647211372852325,EXP_LinearModel_Alpha158_csi300_custom_step0_s_20260830_16,c3b867b667aa440aa1c7f96f7fe31cc7,0.006,,,
1869,2026-08-28,SH688041,0.11600649356842041,EXP_LinearModel_Alpha158_csi300_custom_step0_s_20260830_16,c3b867b667aa440aa1c7f96f7fe31cc7,0.006,,,
1870,2026-08-28,SH688036,-0.033855684101581573,EXP_LinearModel_Alpha158_csi300_custom_step0_s_20260830_16,c3b867b667aa440aa1c7f96f7fe31cc7,0.006,,,
1871,2026-08-28,SH688012,0.00155131914652884,EXP_LinearModel_Alpha158_csi300_custom_step0_s_20260830_16,c3b867b667aa440aa1c7f96f7fe31cc7,0.006,,,
1872,2026-08-28,SH688008,-0.12254995852708817,EXP_LinearModel_Alpha158_csi300_custom_step0_s_20260830_16,c3b867b667aa440aa1c7f96f7fe31cc7,0.006,,,
1873,2026-08-28,SH601985,0.037068553268909454,EXP_LinearModel_Alpha158_csi300_custom_step0_s_20260830_16,c3b867b667aa440aa1c7f96f7fe31cc7,0.006,,,
1874,2026-08-28,SZ001965,0.0037577899638563395,EXP_LinearModel_Alpha158_csi300_custom_step0_s_20260830_16,c3b867b667aa440aa1c7f96f7fe31cc7,0.006,,,
1875,2026-08-28,SZ002001,-0.06649912148714066,EXP_LinearModel_Alpha158_csi300_custom_step0_s_20260830_16,c3b867b667aa440aa1c7f96f7fe31cc7,0.006,,,
1876,2026-08-28,SZ300413,-0.003166062291711569,EXP_LinearModel_Alpha158_csi300_custom_step0_s_20260830_16,c3b867b667aa440aa1c7f96f7fe31cc7,0.006,,,
1877,2026-08-28,SZ300408,0.029984958469867706,EXP_LinearModel_Alpha158_csi300_custom_step0_s_20260830_16,c3b867b667aa440aa1c7f96f7fe31cc7,0.006,,,
1878,2026-08-28,SZ300394,-0.07079397141933441,EXP_LinearModel_Alpha158_csi300_custom_step0_s_20260830_16,c3b867b667aa440aa1c7f96f7fe31cc7,0.006,,,
1879,2026-08-28,SZ300316,-0.02139115147292614,EXP_LinearModel_Alpha158_csi300_custom_step0_s_20260830_16,c3b867b667aa440aa1c7f96f7fe31cc7,0.006,,,
1880,2026-08-28,SZ300308,0.08359748870134354,EXP_LinearModel_Alpha158_csi300_custom_step0_s_20260830_16,c3b867b667aa440aa1c7f96f7fe31cc7,0.006,,,
1881,2026-08-28,SZ300274,0.0015798427630215883,EXP_LinearModel_Alpha158_csi300_custom_step0_s_20260830_16,c3b867b667aa440aa1c7f96f7fe31cc7,0.006,,,
1882,2026-08-28,SZ300418,0.12606963515281677,EXP_LinearModel_Alpha158_csi300_custom_step0_s_20260830_16,c3b867b667aa440aa1c7f96f7fe31cc7,0.006,,,
1883,2026-08-28,SZ300251,0.07570023834705353,EXP_LinearModel_Alpha158_csi300_custom_step0_s_20260830_16,c3b867b667aa440aa1c7f96f7fe31cc7,0.006,,,
1884,2026-08-28,SZ300122,-0.02579071745276451,EXP_LinearModel_Alpha158_csi300_custom_step0_s_20260830_16,c3b867b667aa440aa1c7f96f7fe31cc7,0.006,,,
1885,2026-08-28,SZ300059,-0.027010546997189522,EXP_LinearModel_Alpha158_csi300_custom_step0_s_20260830_16,c3b867b667aa440aa1c7f96f7fe31cc7,0.006,,,
1886,2026-08-28,SZ300033,-0.03482227027416229,EXP_LinearModel_Alpha158_csi300_custom_step0_s_20260830_16,c3b867b667aa440aa1c7f96f7fe31cc7,0.006,,,
1887,2026-08-28,SZ300015,-0.04008666053414345,EXP_LinearModel_Alpha158_csi300_custom_step0_s_20260830_16,c3b867b667aa440aa1c7f96f7fe31cc7,0.006,,,
1888,2026-08-28,SZ300014,-0.0023232107050716877,EXP_LinearModel_Alpha158_csi300_custom_step0_s_20260830_16,c3b867b667aa440aa1c7f96f7fe31cc7,0.006,,,
1889,2026-08-28,SZ003816,0.023966342210769653,EXP_LinearModel_Alpha158_csi300_custom_step0_s_20260830_16,c3b867b667aa440aa1c7f96f7fe31cc7,0.006,,,
1890,2026-08-28,SZ300124,0.034986015409231186,EXP_LinearModel_Alpha158_csi300_custom_step0_s_20260830_16,c3b867b667aa440aa1c7f96f7fe31cc7,0.006,,,
1891,2026-08-28,SZ300433,-0.06412410736083984,EXP_LinearModel_Alpha158_csi300_custom_step0_s_20260830_16,c3b867b667aa440aa1c7f96f7fe31cc7,0.006,,,
1892,2026-08-28,SZ300442,0.04685800150036812,EXP_LinearModel_Alpha158_csi300_custom_step0_s_20260830_16,c3b867b667aa440aa1c7f96f7fe31cc7,0.006,,,
1893,2026-08-28,SZ300450,-0.020054642111063004,EXP_LinearModel_Alpha158_csi300_custom_step0_s_20260830_16,c3b867b667aa440aa1c7f96f7fe31cc7,0.006,,,
1894,2026-08-28,SZ301269,-0.0028980940114706755,EXP_LinearModel_Alpha158_csi300_custom_step0_s_20260830_16,c3b867b667aa440aa1c7f96f7fe31cc7,0.006,,,
1895,2026-08-28,SZ301236,0.0277378149330616,EXP_LinearModel_Alpha158_csi300_custom_step0_s_20260830_16,c3b867b667aa440aa1c7f96f7fe31cc7,0.006,,,
1896,2026-08-28,SZ301165,0.1529381275177002,EXP_LinearModel_Alpha158_csi300_custom_step0_s_20260830_16,c3b867b667aa440aa1c7f96f7fe31cc7,0.006,,,
1897,2026-08-28,SZ300999,-0.028926897794008255,EXP_LinearModel_Alpha158_csi300_custom_step0_s_20260830_16,c3b867b667aa440aa1c7f96f7fe31cc7,0.006,,,
1898,2026-08-28,SZ300896,0.021109245717525482,EXP_LinearModel_Alpha158_csi300_custom_step0_s_20260830_16,c3b867b667aa440aa1c7f96f7fe31cc7,0.006,,,
1899,2026-08-28,SZ300866,-0.05316552892327309,EXP_LinearModel_Alpha158_csi300_custom_step0_s_20260830_16,c3b867b667aa440aa1c7f96f7fe31cc7,0.006,,,
1900,2026-08-28,SZ300832,-0.01750440150499344,EXP_LinearModel_Alpha158_csi300_custom_step0_s_20260830_16,c3b867b667aa440aa1c7f96f7fe31cc7,0.006,,,
1901,2026-08-28,SZ300803,-0.04152095690369606,EXP_LinearModel_Alpha158_csi300_custom_step0_s_20260830_16,c3b867b667aa440aa1c7f96f7fe31cc7,0.006,,,
1902,2026-08-28,SZ300760,-0.004263911861926317,EXP_LinearModel_Alpha158_csi300_custom_step0_s_20260830_16,c3b867b667aa440aa1c7f96f7fe31cc7,0.006,,,
1903,2026-08-28,SZ300750,-0.018432801589369774,EXP_LinearModel_Alpha158_csi300_custom_step0_s_20260830_16,c3b867b667aa440aa1c7f96f7fe31cc7,0.006,,,
1904,2026-08-28,SZ300661,0.07562544196844101,EXP_LinearModel_Alpha158_csi300_custom_step0_s_20260830_16,c3b867b667aa440aa1c7f96f7fe31cc7,0.006,,,
1905,2026-08-28,SZ300628,0.0009771024342626333,EXP_LinearModel_Alpha158_csi300_custom_step0_s_20260830_16,c3b867b667aa440aa1c7f96f7fe31cc7,0.006,,,
1906,2026-08-28,SZ300502,0.15753380954265594,EXP_LinearModel_Alpha158_csi300_custom_step0_s_20260830_16,c3b867b667aa440aa1c7f96f7fe31cc7,0.006,,,
1907,2026-08-28,SZ300498,-0.020107600837945938,EXP_LinearModel_Alpha158_csi300_custom_step0_s_20260830_16,c3b867b667aa440aa1c7f96f7fe31cc7,0.006,,,
1908,2026-08-28,SZ300476,-0.009483261033892632,EXP_LinearModel_Alpha158_csi300_custom_step0_s_20260830_16,c3b867b667aa440aa1c7f96f7fe31cc7,0.006,,,
1909,2026-08-28,SZ002938,-0.0029685981571674347,EXP_LinearModel_Alpha158_csi300_custom_step0_s_20260830_16,c3b867b667aa440aa1c7f96f7fe31cc7,0.006,,,
1910,2026-08-28,SZ002920,0.076136015355587,EXP_LinearModel_Alpha158_csi300_custom_step0_s_20260830_16,c3b867b667aa440aa1c7f96f7fe31cc7,0.006,,,
1911,2026-08-28,SZ002916,-0.020399222150444984,EXP_LinearModel_Alpha158_csi300_custom_step0_s_20260830_16,c3b867b667aa440aa1c7f96f7fe31cc7,0.006,,,
1912,2026-08-28,SZ002837,-0.20506440103054047,EXP_LinearModel_Alpha158_csi300_custom_step0_s_20260830_16,c3b867b667aa440aa1c7f96f7fe31cc7,0.006,,,
1913,2026-08-28,SZ002353,0.022310331463813782,EXP_LinearModel_Alpha158_csi300_custom_step0_s_20260830_16,c3b867b667aa440aa1c7f96f7fe31cc7,0.006,,,
1914,2026-08-28,SZ002352,-0.0685347244143486,EXP_LinearModel_Alpha158_csi300_custom_step0_s_20260830_16,c3b867b667aa440aa1c7f96f7fe31cc7,0.006,,,
1915,2026-08-28,SZ002311,-0.01301407441496849,EXP_LinearModel_Alpha158_csi300_custom_step0_s_20260830_16,c3b867b667aa440aa1c7f96f7fe31cc7,0.006,,,
1916,2026-08-28,SZ002304,0.011101515963673592,EXP_LinearModel_Alpha158_csi300_custom_step0_s_20260830_16,c3b867b667aa440aa1c7f96f7fe31cc7,0.006,,,
1917,2026-08-28,SZ002241,-0.0836549773812294,EXP_LinearModel_Alpha158_csi300_custom_step0_s_20260830_16,c3b867b667aa440aa1c7f96f7fe31cc7,0.006,,,
1918,2026-08-28,SZ002236,0.09252408146858215,EXP_LinearModel_Alpha158_csi300_custom_step0_s_20260830_16,c3b867b667aa440aa1c7f96f7fe31cc7,0.006,,,
1919,2026-08-28,SZ002230,0.05239727720618248,EXP_LinearModel_Alpha158_csi300_custom_step0_s_20260830_16,c3b867b667aa440aa1c7f96f7fe31cc7,0.006,,,
1920,2026-08-28,SZ002202,-0.03908054903149605,EXP_LinearModel_Alpha158_csi300_custom_step0_s_20260830_16,c3b867b667aa440aa1c7f96f7fe31cc7,0.006,,,
1921,2026-08-28,SZ002179,-0.00869528017938137,EXP_LinearModel_Alpha158_csi300_custom_step0_s_20260830_16,c3b867b667aa440aa1c7f96f7fe31cc7,0.006,,,
1922,2026-08-28,SZ002142,0.008390817791223526,EXP_LinearModel_Alpha158_csi300_custom_step0_s_20260830_16,c3b867b667aa440aa1c7f96f7fe31cc7,0.006,,,
1923,2026-08-28,SZ002074,-0.04750128462910652,EXP_LinearModel_Alpha158_csi300_custom_step0_s_20260830_16,c3b867b667aa440aa1c7f96f7fe31cc7,0.006,,,
1924,2026-08-28,SZ002050,0.018544543534517288,EXP_LinearModel_Alpha158_csi300_custom_step0_s_20260830_16,c3b867b667aa440aa1c7f96f7fe31cc7,0.006,,,
1925,2026-08-28,SZ002049,0.03783005103468895,EXP_LinearModel_Alpha158_csi300_custom_step0_s_20260830_16,c3b867b667aa440aa1c7f96f7fe31cc7,0.006,,,
1926,2026-08-28,SZ002028,0.031254157423973083,EXP_LinearModel_Alpha158_csi300_custom_step0_s_20260830_16,c3b867b667aa440aa1c7f96f7fe31cc7,0.006,,,
1927,2026-08-28,SZ002027,0.02221705950796604,EXP_LinearModel_Alpha158_csi300_custom_step0_s_20260830_16,c3b867b667aa440aa1c7f96f7fe31cc7,0.006,,,
1928,2026-08-28,SZ002371,0.017010051757097244,EXP_LinearModel_Alpha158_csi300_custom_step0_s_20260830_16,c3b867b667aa440aa1c7f96f7fe31cc7,0.006,,,
1929,2026-08-28,SZ001979,-0.026725294068455696,EXP_LinearModel_Alpha158_csi300_custom_step0_s_20260830_16,c3b867b667aa440aa1c7f96f7fe31cc7,0.006,,,
1930,2026-08-28,SZ002384,0.02754606492817402,EXP_LinearModel_Alpha158_csi300_custom_step0_s_20260830_16,c3b867b667aa440aa1c7f96f7fe31cc7,0.006,,,
1931,2026-08-28,SZ002422,0.1039290726184845,EXP_LinearModel_Alpha158_csi300_custom_step0_s_20260830_16,c3b867b667aa440aa1c7f96f7fe31cc7,0.006,,,
1932,2026-08-28,SZ002736,0.021587111055850983,EXP_LinearModel_Alpha158_csi300_custom_step0_s_20260830_16,c3b867b667aa440aa1c7f96f7fe31cc7,0.006,,,
1933,2026-08-28,SZ002714,0.025102561339735985,EXP_LinearModel_Alpha158_csi300_custom_step0_s_20260830_16,c3b867b667aa440aa1c7f96f7fe31cc7,0.006,,,
1934,2026-08-28,SZ002709,-0.03219318017363548,EXP_LinearModel_Alpha158_csi300_custom_step0_s_20260830_16,c3b867b667aa440aa1c7f96f7fe31cc7,0.006,,,
1935,2026-08-28,SZ002648,-0.001634618965908885,EXP_LinearModel_Alpha158_csi300_custom_step0_s_20260830_16,c3b867b667aa440aa1c7f96f7fe31cc7,0.006,,,
1936,2026-08-28,SZ002625,0.040815114974975586,EXP_LinearModel_Alpha158_csi300_custom_step0_s_20260830_16,c3b867b667aa440aa1c7f96f7fe31cc7,0.006,,,
1937,2026-08-28,SZ002602,0.050617486238479614,EXP_LinearModel_Alpha158_csi300_custom_step0_s_20260830_16,c3b867b667aa440aa1c7f96f7fe31cc7,0.006,,,
1938,2026-08-28,SZ002600,0.015714699402451515,EXP_LinearModel_Alpha158_csi300_custom_step0_s_20260830_16,c3b867b667aa440aa1c7f96f7fe31cc7,0.006,,,
1939,2026-08-28,SZ002594,-0.048044394701719284,EXP_LinearModel_Alpha158_csi300_custom_step0_s_20260830_16,c3b867b667aa440aa1c7f96f7fe31cc7,0.006,,,
1940,2026-08-28,SZ002558,0.1363464593887329,EXP_LinearModel_Alpha158_csi300_custom_step0_s_20260830_16,c3b867b667aa440aa1c7f96f7fe31cc7,0.006,,,
1941,2026-08-28,SZ002532,-0.09787263721227646,EXP_LinearModel_Alpha158_csi300_custom_step0_s_20260830_16,c3b867b667aa440aa1c7f96f7fe31cc7,0.006,,,
1942,2026-08-28,SZ002493,-0.05412433296442032,EXP_LinearModel_Alpha158_csi300_custom_step0_s_20260830_16,c3b867b667aa440aa1c7f96f7fe31cc7,0.006,,,
1943,2026-08-28,SZ002475,-0.002715455833822489,EXP_LinearModel_Alpha158_csi300_custom_step0_s_20260830_16,c3b867b667aa440aa1c7f96f7fe31cc7,0.006,,,
1944,2026-08-28,SZ002466,-0.11533980816602707,EXP_LinearModel_Alpha158_csi300_custom_step0_s_20260830_16,c3b867b667aa440aa1c7f96f7fe31cc7,0.006,,,
1945,2026-08-28,SZ002463,-0.06969074159860611,EXP_LinearModel_Alpha158_csi300_custom_step0_s_20260830_16,c3b867b667aa440aa1c7f96f7fe31cc7,0.006,,,
1946,2026-08-28,SZ002460,-0.0869312509894371,EXP_LinearModel_Alpha158_csi300_custom_step0_s_20260830_16,c3b867b667aa440aa1c7f96f7fe31cc7,0.006,,,
1947,2026-08-28,SZ002415,0.024166768416762352,EXP_LinearModel_Alpha158_csi300_custom_step0_s_20260830_16,c3b867b667aa440aa1c7f96f7fe31cc7,0.006,,,
1948,2026-08-28,SZ301308,-0.13392241299152374,EXP_LinearModel_Alpha158_csi300_custom_step0_s_20260830_16,c3b867b667aa440aa1c7f96f7fe31cc7,0.006,,,
1949,2026-08-28,SH601939,0.05995076894760132,EXP_LinearModel_Alpha158_csi300_custom_step0_s_20260830_16,c3b867b667aa440aa1c7f96f7fe31cc7,0.006,,,
1950,2026-08-28,SH601916,0.034656912088394165,EXP_LinearModel_Alpha158_csi300_custom_step0_s_20260830_16,c3b867b667aa440aa1c7f96f7fe31cc7,0.006,,,
1951,2026-08-28,SH600547,-0.002401243429630995,EXP_LinearModel_Alpha158_csi300_custom_step0_s_20260830_16,c3b867b667aa440aa1c7f96f7fe31cc7,0.006,,,
1952,2026-08-28,SH600522,-0.17307689785957336,EXP_LinearModel_Alpha158_csi300_custom_step0_s_20260830_16,c3b867b667aa440aa1c7f96f7fe31cc7,0.006,,,
1953,2026-08-28,SH600519,0.06431218236684799,EXP_LinearModel_Alpha158_csi300_custom_step0_s_20260830_16,c3b867b667aa440aa1c7f96f7fe31cc7,0.006,,,
1954,2026-08-28,SH600515,0.021388228982686996,EXP_LinearModel_Alpha158_csi300_custom_step0_s_20260830_16,c3b867b667aa440aa1c7f96f7fe31cc7,0.006,,,
1955,2026-08-28,SH600489,0.009703580290079117,EXP_LinearModel_Alpha158_csi300_custom_step0_s_20260830_16,c3b867b667aa440aa1c7f96f7fe31cc7,0.006,,,
1956,2026-08-28,SH600482,-0.02089591696858406,EXP_LinearModel_Alpha158_csi300_custom_step0_s_20260830_16,c3b867b667aa440aa1c7f96f7fe31cc7,0.006,,,
1957,2026-08-28,SH600549,-0.14178775250911713,EXP_LinearModel_Alpha158_csi300_custom_step0_s_20260830_16,c3b867b667aa440aa1c7f96f7fe31cc7,0.006,,,
1958,2026-08-28,SH600460,-0.0805169865489006,EXP_LinearModel_Alpha158_csi300_custom_step0_s_20260830_16,c3b867b667aa440aa1c7f96f7fe31cc7,0.006,,,
1959,2026-08-28,SH600436,-0.01530897244811058,EXP_LinearModel_Alpha158_csi300_custom_step0_s_20260830_16,c3b867b667aa440aa1c7f96f7fe31cc7,0.006,,,
1960,2026-08-28,SH600426,0.012519380077719688,EXP_LinearModel_Alpha158_csi300_custom_step0_s_20260830_16,c3b867b667aa440aa1c7f96f7fe31cc7,0.006,,,
1961,2026-08-28,SH600415,-0.00499014463275671,EXP_LinearModel_Alpha158_csi300_custom_step0_s_20260830_16,c3b867b667aa440aa1c7f96f7fe31cc7,0.006,,,
1962,2026-08-28,SH600406,-0.0018727739807218313,EXP_LinearModel_Alpha158_csi300_custom_step0_s_20260830_16,c3b867b667aa440aa1c7f96f7fe31cc7,0.006,,,
1963,2026-08-28,SH600372,0.05335422605276108,EXP_LinearModel_Alpha158_csi300_custom_step0_s_20260830_16,c3b867b667aa440aa1c7f96f7fe31cc7,0.006,,,
1964,2026-08-28,SH600362,-0.149539053440094,EXP_LinearModel_Alpha158_csi300_custom_step0_s_20260830_16,c3b867b667aa440aa1c7f96f7fe31cc7,0.006,,,
1965,2026-08-28,SH600438,-0.04403768107295036,EXP_LinearModel_Alpha158_csi300_custom_step0_s_20260830_16,c3b867b667aa440aa1c7f96f7fe31cc7,0.006,,,
1966,2026-08-28,SH600570,-0.01679624617099762,EXP_LinearModel_Alpha158_csi300_custom_step0_s_20260830_16,c3b867b667aa440aa1c7f96f7fe31cc7,0.006,,,
1967,2026-08-28,SH600584,-0.039600323885679245,EXP_LinearModel_Alpha158_csi300_custom_step0_s_20260830_16,c3b867b667aa440aa1c7f96f7fe31cc7,0.006,,,
1968,2026-08-28,SH600585,-0.00622903648763895,EXP_LinearModel_Alpha158_csi300_custom_step0_s_20260830_16,c3b867b667aa440aa1c7f96f7fe31cc7,0.006,,,
1969,2026-08-28,SH600893,-0.005804957821965218,EXP_LinearModel_Alpha158_csi300_custom_step0_s_20260830_16,c3b867b667aa440aa1c7f96f7fe31cc7,0.006,,,
1970,2026-08-28,SH600887,0.030652284622192383,EXP_LinearModel_Alpha158_csi300_custom_step0_s_20260830_16,c3b867b667aa440aa1c7f96f7fe31cc7,0.006,,,
1971,2026-08-28,SH600886,-0.006443221587687731,EXP_LinearModel_Alpha158_csi300_custom_step0_s_20260830_16,c3b867b667aa440aa1c7f96f7fe31cc7,0.006,,,
1972,2026-08-28,SH600875,-0.016711261123418808,EXP_LinearModel_Alpha158_csi300_custom_step0_s_20260830_16,c3b867b667aa440aa1c7f96f7fe31cc7,0.006,,,
1973,2026-08-28,SH600845,0.02678072638809681,EXP_LinearModel_Alpha158_csi300_custom_step0_s_20260830_16,c3b867b667aa440aa1c7f96f7fe31cc7,0.006,,,
1974,2026-08-28,SH600809,-0.0002952568465843797,EXP_LinearModel_Alpha158_csi300_custom_step0_s_20260830_16,c3b867b667aa440aa1c7f96f7fe31cc7,0.006,,,
1975,2026-08-28,SH600803,-0.03872770071029663,EXP_LinearModel_Alpha158_csi300_custom_step0_s_20260830_16,c3b867b667aa440aa1c7f96f7fe31cc7,0.006,,,
1976,2026-08-28,SH600795,-0.00672295643016696,EXP_LinearModel_Alpha158_csi300_custom_step0_s_20260830_16,c3b867b667aa440aa1c7f96f7fe31cc7,0.006,,,
1977,2026-08-28,SH600760,0.003914420492947102,EXP_LinearModel_Alpha158_csi300_custom_step0_s_20260830_16,c3b867b667aa440aa1c7f96f7fe31cc7,0.006,,,
1978,2026-08-28,SH600741,0.03404565155506134,EXP_LinearModel_Alpha158_csi300_custom_step0_s_20260830_16,c3b867b667aa440aa1c7f96f7fe31cc7,0.006,,,
1979,2026-08-28,SH600690,-0.0015108243096619844,EXP_LinearModel_Alpha158_csi300_custom_step0_s_20260830_16,c3b867b667aa440aa1c7f96f7fe31cc7,0.006,,,
1980,2026-08-28,SH600674,0.06630150228738785,EXP_LinearModel_Alpha158_csi300_custom_step0_s_20260830_16,c3b867b667aa440aa1c7f96f7fe31cc7,0.006,,,
1981,2026-08-28,SH600660,-0.015721408650279045,EXP_LinearModel_Alpha158_csi300_custom_step0_s_20260830_16,c3b867b667aa440aa1c7f96f7fe31cc7,0.006,,,
1982,2026-08-28,SH600600,-0.009321937337517738,EXP_LinearModel_Alpha158_csi300_custom_step0_s_20260830_16,c3b867b667aa440aa1c7f96f7fe31cc7,0.006,,,
1983,2026-08-28,SH600588,0.14895249903202057,EXP_LinearModel_Alpha158_csi300_custom_step0_s_20260830_16,c3b867b667aa440aa1c7f96f7fe31cc7,0.006,,,
1984,2026-08-28,SH600346,-0.05668432265520096,EXP_LinearModel_Alpha158_csi300_custom_step0_s_20260830_16,c3b867b667aa440aa1c7f96f7fe31cc7,0.006,,,
1985,2026-08-28,SH600309,-0.03053959086537361,EXP_LinearModel_Alpha158_csi300_custom_step0_s_20260830_16,c3b867b667aa440aa1c7f96f7fe31cc7,0.006,,,
1986,2026-08-28,SH600276,-0.07064653187990189,EXP_LinearModel_Alpha158_csi300_custom_step0_s_20260830_16,c3b867b667aa440aa1c7f96f7fe31cc7,0.006,,,
1987,2026-08-28,SH600233,-0.01425151713192463,EXP_LinearModel_Alpha158_csi300_custom_step0_s_20260830_16,c3b867b667aa440aa1c7f96f7fe31cc7,0.006,,,
1988,2026-08-28,SH600036,-0.018764127045869827,EXP_LinearModel_Alpha158_csi300_custom_step0_s_20260830_16,c3b867b667aa440aa1c7f96f7fe31cc7,0.006,,,
1989,2026-08-28,SH600031,0.010994929820299149,EXP_LinearModel_Alpha158_csi300_custom_step0_s_20260830_16,c3b867b667aa440aa1c7f96f7fe31cc7,0.006,,,
1990,2026-08-28,SH600030,0.024127870798110962,EXP_LinearModel_Alpha158_csi300_custom_step0_s_20260830_16,c3b867b667aa440aa1c7f96f7fe31cc7,0.006,,,
1991,2026-08-28,SH600029,0.005813166499137878,EXP_LinearModel_Alpha158_csi300_custom_step0_s_20260830_16,c3b867b667aa440aa1c7f96f7fe31cc7,0.006,,,
1992,2026-08-28,SH600028,0.02608403004705906,EXP_LinearModel_Alpha158_csi300_custom_step0_s_20260830_16,c3b867b667aa440aa1c7f96f7fe31cc7,0.006,,,
1993,2026-08-28,SH600027,0.027413668110966682,EXP_LinearModel_Alpha158_csi300_custom_step0_s_20260830_16,c3b867b667aa440aa1c7f96f7fe31cc7,0.006,,,
1994,2026-08-28,SH600026,-0.01231209933757782,EXP_LinearModel_Alpha158_csi300_custom_step0_s_20260830_16,c3b867b667aa440aa1c7f96f7fe31cc7,0.006,,,
1995,2026-08-28,SH600025,0.0313231498003006,EXP_LinearModel_Alpha158_csi300_custom_step0_s_20260830_16,c3b867b667aa440aa1c7f96f7fe31cc7,0.006,,,
1996,2026-08-28,SH600023,-0.00037422310560941696,EXP_LinearModel_Alpha158_csi300_custom_step0_s_20260830_16,c3b867b667aa440aa1c7f96f7fe31cc7,0.006,,,
1997,2026-08-28,SH600019,0.013699052855372429,EXP_LinearModel_Alpha158_csi300_custom_step0_s_20260830_16,c3b867b667aa440aa1c7f96f7fe31cc7,0.006,,,
1998,2026-08-28,SH600018,-0.01163986325263977,EXP_LinearModel_Alpha158_csi300_custom_step0_s_20260830_16,c3b867b667aa440aa1c7f96f7fe31cc7,0.006,,,
1999,2026-08-28,SH600016,0.00973588041961193,EXP_LinearModel_Alpha158_csi300_custom_step0_s_20260830_16,c3b867b667aa440aa1c7f96f7fe31cc7,0.006,,,
2000,2026-08-28,SH600015,0.013884022831916809,EXP_LinearModel_Alpha158_csi300_custom_step0_s_20260830_16,c3b867b667aa440aa1c7f96f7fe31cc7,0.006,,,
2001,2026-08-28,SH600011,0.065822072327137,EXP_LinearModel_Alpha158_csi300_custom_step0_s_20260830_16,c3b867b667aa440aa1c7f96f7fe31cc7,0.006,,,
2002,2026-08-28,SH600010,-0.013764020055532455,EXP_LinearModel_Alpha158_csi300_custom_step0_s_20260830_16,c3b867b667aa440aa1c7f96f7fe31cc7,0.006,,,
2003,2026-08-28,SH600039,0.0008458943339064717,EXP_LinearModel_Alpha158_csi300_custom_step0_s_20260830_16,c3b867b667aa440aa1c7f96f7fe31cc7,0.006,,,
2004,2026-08-28,SH600900,0.09086664021015167,EXP_LinearModel_Alpha158_csi300_custom_step0_s_20260830_16,c3b867b667aa440aa1c7f96f7fe31cc7,0.006,,,
2005,2026-08-28,SH600048,0.024628790095448494,EXP_LinearModel_Alpha158_csi300_custom_step0_s_20260830_16,c3b867b667aa440aa1c7f96f7fe31cc7,0.006,,,
2006,2026-08-28,SH600061,0.03690177574753761,EXP_LinearModel_Alpha158_csi300_custom_step0_s_20260830_16,c3b867b667aa440aa1c7f96f7fe31cc7,0.006,,,
2007,2026-08-28,SH600221,0.11930140852928162,EXP_LinearModel_Alpha158_csi300_custom_step0_s_20260830_16,c3b867b667aa440aa1c7f96f7fe31cc7,0.006,,,
2008,2026-08-28,SH600219,-0.020242443308234215,EXP_LinearModel_Alpha158_csi300_custom_step0_s_20260830_16,c3b867b667aa440aa1c7f96f7fe31cc7,0.006,,,
2009,2026-08-28,SH600196,-0.020949892699718475,EXP_LinearModel_Alpha158_csi300_custom_step0_s_20260830_16,c3b867b667aa440aa1c7f96f7fe31cc7,0.006,,,
2010,2026-08-28,SH600188,-0.03397955745458603,EXP_LinearModel_Alpha158_csi300_custom_step0_s_20260830_16,c3b867b667aa440aa1c7f96f7fe31cc7,0.006,,,
2011,2026-08-28,SH600183,-0.05650664120912552,EXP_LinearModel_Alpha158_csi300_custom_step0_s_20260830_16,c3b867b667aa440aa1c7f96f7fe31cc7,0.006,,,
2012,2026-08-28,SH600176,-0.13566797971725464,EXP_LinearModel_Alpha158_csi300_custom_step0_s_20260830_16,c3b867b667aa440aa1c7f96f7fe31cc7,0.006,,,
2013,2026-08-28,SH600160,-0.02741175889968872,EXP_LinearModel_Alpha158_csi300_custom_step0_s_20260830_16,c3b867b667aa440aa1c7f96f7fe31cc7,0.006,,,
2014,2026-08-28,SH600150,0.06620711833238602,EXP_LinearModel_Alpha158_csi300_custom_step0_s_20260830_16,c3b867b667aa440aa1c7f96f7fe31cc7,0.006,,,
2015,2026-08-28,SH600118,-0.07524248212575912,EXP_LinearModel_Alpha158_csi300_custom_step0_s_20260830_16,c3b867b667aa440aa1c7f96f7fe31cc7,0.006,,,
2016,2026-08-28,SH600115,0.024117769673466682,EXP_LinearModel_Alpha158_csi300_custom_step0_s_20260830_16,c3b867b667aa440aa1c7f96f7fe31cc7,0.006,,,
2017,2026-08-28,SH600111,-0.02929898351430893,EXP_LinearModel_Alpha158_csi300_custom_step0_s_20260830_16,c3b867b667aa440aa1c7f96f7fe31cc7,0.006,,,
2018,2026-08-28,SH600104,-0.03451110050082207,EXP_LinearModel_Alpha158_csi300_custom_step0_s_20260830_16,c3b867b667aa440aa1c7f96f7fe31cc7,0.006,,,
2019,2026-08-28,SH600089,0.06970536708831787,EXP_LinearModel_Alpha158_csi300_custom_step0_s_20260830_16,c3b867b667aa440aa1c7f96f7fe31cc7,0.006,,,
2020,2026-08-28,SH600085,-0.04441079497337341,EXP_LinearModel_Alpha158_csi300_custom_step0_s_20260830_16,c3b867b667aa440aa1c7f96f7fe31cc7,0.006,,,
2021,2026-08-28,SH600066,-0.028773756697773933,EXP_LinearModel_Alpha158_csi300_custom_step0_s_20260830_16,c3b867b667aa440aa1c7f96f7fe31cc7,0.006,,,
2022,2026-08-28,SH600050,0.053647417575120926,EXP_LinearModel_Alpha158_csi300_custom_step0_s_20260830_16,c3b867b667aa440aa1c7f96f7fe31cc7,0.006,,,
2023,2026-08-28,SH601919,0.020215393975377083,EXP_LinearModel_Alpha158_csi300_custom_step0_s_20260830_16,c3b867b667aa440aa1c7f96f7fe31cc7,0.006,,,
2024,2026-08-28,SH600905,0.11881790310144424,EXP_LinearModel_Alpha158_csi300_custom_step0_s_20260830_16,c3b867b667aa440aa1c7f96f7fe31cc7,0.006,,,
2025,2026-08-28,SH600919,0.015230492688715458,EXP_LinearModel_Alpha158_csi300_custom_step0_s_20260830_16,c3b867b667aa440aa1c7f96f7fe31cc7,0.006,,,
2026,2026-08-28,SH601698,0.022176222875714302,EXP_LinearModel_Alpha158_csi300_custom_step0_s_20260830_16,c3b867b667aa440aa1c7f96f7fe31cc7,0.006,,,
2027,2026-08-28,SH601689,0.032263245433568954,EXP_LinearModel_Alpha158_csi300_custom_step0_s_20260830_16,c3b867b667aa440aa1c7f96f7fe31cc7,0.006,,,
2028,2026-08-28,SH601688,-0.000999136595055461,EXP_LinearModel_Alpha158_csi300_custom_step0_s_20260830_16,c3b867b667aa440aa1c7f96f7fe31cc7,0.006,,,
2029,2026-08-28,SH601669,0.010984083637595177,EXP_LinearModel_Alpha158_csi300_custom_step0_s_20260830_16,c3b867b667aa440aa1c7f96f7fe31cc7,0.006,,,
2030,2026-08-28,SH601668,0.021282430738210678,EXP_LinearModel_Alpha158_csi300_custom_step0_s_20260830_16,c3b867b667aa440aa1c7f96f7fe31cc7,0.006,,,
2031,2026-08-28,SH601658,0.03597065433859825,EXP_LinearModel_Alpha158_csi300_custom_step0_s_20260830_16,c3b867b667aa440aa1c7f96f7fe31cc7,0.006,,,
2032,2026-08-28,SH601727,0.03706137463450432,EXP_LinearModel_Alpha158_csi300_custom_step0_s_20260830_16,c3b867b667aa440aa1c7f96f7fe31cc7,0.006,,,
2033,2026-08-28,SH601633,0.03056243620812893,EXP_LinearModel_Alpha158_csi300_custom_step0_s_20260830_16,c3b867b667aa440aa1c7f96f7fe31cc7,0.006,,,
2034,2026-08-28,SH601618,-0.025626473128795624,EXP_LinearModel_Alpha158_csi300_custom_step0_s_20260830_16,c3b867b667aa440aa1c7f96f7fe31cc7,0.006,,,
2035,2026-08-28,SH601607,0.0704231858253479,EXP_LinearModel_Alpha158_csi300_custom_step0_s_20260830_16,c3b867b667aa440aa1c7f96f7fe31cc7,0.006,,,
2036,2026-08-28,SH601601,0.0050504328683018684,EXP_LinearModel_Alpha158_csi300_custom_step0_s_20260830_16,c3b867b667aa440aa1c7f96f7fe31cc7,0.006,,,
2037,2026-08-28,SH601600,-0.0927068367600441,EXP_LinearModel_Alpha158_csi300_custom_step0_s_20260830_16,c3b867b667aa440aa1c7f96f7fe31cc7,0.006,,,
2038,2026-08-28,SH601456,0.07857096940279007,EXP_LinearModel_Alpha158_csi300_custom_step0_s_20260830_16,c3b867b667aa440aa1c7f96f7fe31cc7,0.006,,,
2039,2026-08-28,SH601398,0.08857350796461105,EXP_LinearModel_Alpha158_csi300_custom_step0_s_20260830_16,c3b867b667aa440aa1c7f96f7fe31cc7,0.006,,,
2040,2026-08-28,SH601628,-0.021500403061509132,EXP_LinearModel_Alpha158_csi300_custom_step0_s_20260830_16,c3b867b667aa440aa1c7f96f7fe31cc7,0.006,,,
2041,2026-08-28,SH601728,-0.009023427963256836,EXP_LinearModel_Alpha158_csi300_custom_step0_s_20260830_16,c3b867b667aa440aa1c7f96f7fe31cc7,0.006,,,
2042,2026-08-28,SH601766,0.06323067098855972,EXP_LinearModel_Alpha158_csi300_custom_step0_s_20260830_16,c3b867b667aa440aa1c7f96f7fe31cc7,0.006,,,
2043,2026-08-28,SH601788,0.038305386900901794,EXP_LinearModel_Alpha158_csi300_custom_step0_s_20260830_16,c3b867b667aa440aa1c7f96f7fe31cc7,0.006,,,
2044,2026-08-28,SH601901,0.03295627981424332,EXP_LinearModel_Alpha158_csi300_custom_step0_s_20260830_16,c3b867b667aa440aa1c7f96f7fe31cc7,0.006,,,
2045,2026-08-28,SH601899,-0.06704451888799667,EXP_LinearModel_Alpha158_csi300_custom_step0_s_20260830_16,c3b867b667aa440aa1c7f96f7fe31cc7,0.006,,,
2046,2026-08-28,SH601898,-0.09435124695301056,EXP_LinearModel_Alpha158_csi300_custom_step0_s_20260830_16,c3b867b667aa440aa1c7f96f7fe31cc7,0.006,,,
2047,2026-08-28,SH601888,0.03997519612312317,EXP_LinearModel_Alpha158_csi300_custom_step0_s_20260830_16,c3b867b667aa440aa1c7f96f7fe31cc7,0.006,,,
2048,2026-08-28,SH601881,0.012823575176298618,EXP_LinearModel_Alpha158_csi300_custom_step0_s_20260830_16,c3b867b667aa440aa1c7f96f7fe31cc7,0.006,,,
2049,2026-08-28,SH601878,0.005301031284034252,EXP_LinearModel_Alpha158_csi300_custom_step0_s_20260830_16,c3b867b667aa440aa1c7f96f7fe31cc7,0.006,,,
2050,2026-08-28,SH601877,-0.010774265974760056,EXP_LinearModel_Alpha158_csi300_custom_step0_s_20260830_16,c3b867b667aa440aa1c7f96f7fe31cc7,0.006,,,
2051,2026-08-28,SH601872,-0.0007620869437232614,EXP_LinearModel_Alpha158_csi300_custom_step0_s_20260830_16,c3b867b667aa440aa1c7f96f7fe31cc7,0.006,,,
2052,2026-08-28,SH601868,0.06161235645413399,EXP_LinearModel_Alpha158_csi300_custom_step0_s_20260830_16,c3b867b667aa440aa1c7f96f7fe31cc7,0.006,,,
2053,2026-08-28,SH601857,0.018964525312185287,EXP_LinearModel_Alpha158_csi300_custom_step0_s_20260830_16,c3b867b667aa440aa1c7f96f7fe31cc7,0.006,,,
2054,2026-08-28,SH601838,0.05888637155294418,EXP_LinearModel_Alpha158_csi300_custom_step0_s_20260830_16,c3b867b667aa440aa1c7f96f7fe31cc7,0.006,,,
2055,2026-08-28,SH601825,0.037802085280418396,EXP_LinearModel_Alpha158_csi300_custom_step0_s_20260830_16,c3b867b667aa440aa1c7f96f7fe31cc7,0.006,,,
2056,2026-08-28,SH601818,0.0150824636220932,EXP_LinearModel_Alpha158_csi300_custom_step0_s_20260830_16,c3b867b667aa440aa1c7f96f7fe31cc7,0.006,,,
2057,2026-08-28,SH601816,0.022016115486621857,EXP_LinearModel_Alpha158_csi300_custom_step0_s_20260830_16,c3b867b667aa440aa1c7f96f7fe31cc7,0.006,,,
2058,2026-08-28,SH601800,-0.004470449406653643,EXP_LinearModel_Alpha158_csi300_custom_step0_s_20260830_16,c3b867b667aa440aa1c7f96f7fe31cc7,0.006,,,
2059,2026-08-28,SH601390,-0.013018937781453133,EXP_LinearModel_Alpha158_csi300_custom_step0_s_20260830_16,c3b867b667aa440aa1c7f96f7fe31cc7,0.006,,,
2060,2026-08-28,SH601377,-0.01973685622215271,EXP_LinearModel_Alpha158_csi300_custom_step0_s_20260830_16,c3b867b667aa440aa1c7f96f7fe31cc7,0.006,,,
2061,2026-08-28,SH601360,0.08075116574764252,EXP_LinearModel_Alpha158_csi300_custom_step0_s_20260830_16,c3b867b667aa440aa1c7f96f7fe31cc7,0.006,,,
2062,2026-08-28,SH601336,-0.05448196828365326,EXP_LinearModel_Alpha158_csi300_custom_step0_s_20260830_16,c3b867b667aa440aa1c7f96f7fe31cc7,0.006,,,
2063,2026-08-28,SH601066,-0.017307912930846214,EXP_LinearModel_Alpha158_csi300_custom_step0_s_20260830_16,c3b867b667aa440aa1c7f96f7fe31cc7,0.006,,,
2064,2026-08-28,SH601059,-0.002416156232357025,EXP_LinearModel_Alpha158_csi300_custom_step0_s_20260830_16,c3b867b667aa440aa1c7f96f7fe31cc7,0.006,,,
2065,2026-08-28,SH601058,0.025157108902931213,EXP_LinearModel_Alpha158_csi300_custom_step0_s_20260830_16,c3b867b667aa440aa1c7f96f7fe31cc7,0.006,,,
2066,2026-08-28,SH601021,0.034198734909296036,EXP_LinearModel_Alpha158_csi300_custom_step0_s_20260830_16,c3b867b667aa440aa1c7f96f7fe31cc7,0.006,,,
2067,2026-08-28,SH601018,0.03692119941115379,EXP_LinearModel_Alpha158_csi300_custom_step0_s_20260830_16,c3b867b667aa440aa1c7f96f7fe31cc7,0.006,,,
2068,2026-08-28,SH601012,0.0022093825973570347,EXP_LinearModel_Alpha158_csi300_custom_step0_s_20260830_16,c3b867b667aa440aa1c7f96f7fe31cc7,0.006,,,
2069,2026-08-28,SH601009,0.015273882076144218,EXP_LinearModel_Alpha158_csi300_custom_step0_s_20260830_16,c3b867b667aa440aa1c7f96f7fe31cc7,0.006,,,
2070,2026-08-28,SH601006,0.015469351783394814,EXP_LinearModel_Alpha158_csi300_custom_step0_s_20260830_16,c3b867b667aa440aa1c7f96f7fe31cc7,0.006,,,
2071,2026-08-28,SH600999,0.01536383107304573,EXP_LinearModel_Alpha158_csi300_custom_step0_s_20260830_16,c3b867b667aa440aa1c7f96f7fe31cc7,0.006,,,
2072,2026-08-28,SH600989,-0.033601123839616776,EXP_LinearModel_Alpha158_csi300_custom_step0_s_20260830_16,c3b867b667aa440aa1c7f96f7fe31cc7,0.006,,,
2073,2026-08-28,SH600958,0.06741609424352646,EXP_LinearModel_Alpha158_csi300_custom_step0_s_20260830_16,c3b867b667aa440aa1c7f96f7fe31cc7,0.006,,,
2074,2026-08-28,SH600941,-0.006223730742931366,EXP_LinearModel_Alpha158_csi300_custom_step0_s_20260830_16,c3b867b667aa440aa1c7f96f7fe31cc7,0.006,,,
2075,2026-08-28,SH600938,-0.013047032058238983,EXP_LinearModel_Alpha158_csi300_custom_step0_s_20260830_16,c3b867b667aa440aa1c7f96f7fe31cc7,0.006,,,
2076,2026-08-28,SH600930,-0.04520153999328613,EXP_LinearModel_Alpha158_csi300_custom_step0_s_20260830_16,c3b867b667aa440aa1c7f96f7fe31cc7,0.006,,,
2077,2026-08-28,SH600926,0.02764170616865158,EXP_LinearModel_Alpha158_csi300_custom_step0_s_20260830_16,c3b867b667aa440aa1c7f96f7fe31cc7,0.006,,,
2078,2026-08-28,SH601077,0.08647862821817398,EXP_LinearModel_Alpha158_csi300_custom_step0_s_20260830_16,c3b867b667aa440aa1c7f96f7fe31cc7,0.006,,,
2079,2026-08-28,SH600918,0.003365929704159498,EXP_LinearModel_Alpha158_csi300_custom_step0_s_20260830_16,c3b867b667aa440aa1c7f96f7fe31cc7,0.006,,,
2080,2026-08-28,SH601088,0.05844822898507118,EXP_LinearModel_Alpha158_csi300_custom_step0_s_20260830_16,c3b867b667aa440aa1c7f96f7fe31cc7,0.006,,,
2081,2026-08-28,SH601111,-0.022452227771282196,EXP_LinearModel_Alpha158_csi300_custom_step0_s_20260830_16,c3b867b667aa440aa1c7f96f7fe31cc7,0.006,,,
2082,2026-08-28,SH601328,0.039717260748147964,EXP_LinearModel_Alpha158_csi300_custom_step0_s_20260830_16,c3b867b667aa440aa1c7f96f7fe31cc7,0.006,,,
2083,2026-08-28,SH601319,0.024473903700709343,EXP_LinearModel_Alpha158_csi300_custom_step0_s_20260830_16,c3b867b667aa440aa1c7f96f7fe31cc7,0.006,,,
2084,2026-08-28,SH601318,0.033123403787612915,EXP_LinearModel_Alpha158_csi300_custom_step0_s_20260830_16,c3b867b667aa440aa1c7f96f7fe31cc7,0.006,,,
2085,2026-08-28,SH601288,0.08774087578058243,EXP_LinearModel_Alpha158_csi300_custom_step0_s_20260830_16,c3b867b667aa440aa1c7f96f7fe31cc7,0.006,,,
2086,2026-08-28,SH601238,-0.010113333351910114,EXP_LinearModel_Alpha158_csi300_custom_step0_s_20260830_16,c3b867b667aa440aa1c7f96f7fe31cc7,0.006,,,
2087,2026-08-28,SH601229,0.05489220470190048,EXP_LinearModel_Alpha158_csi300_custom_step0_s_20260830_16,c3b867b667aa440aa1c7f96f7fe31cc7,0.006,,,
2088,2026-08-28,SH601225,-0.02503078430891037,EXP_LinearModel_Alpha158_csi300_custom_step0_s_20260830_16,c3b867b667aa440aa1c7f96f7fe31cc7,0.006,,,
2089,2026-08-28,SH601211,-0.007356780581176281,EXP_LinearModel_Alpha158_csi300_custom_step0_s_20260830_16,c3b867b667aa440aa1c7f96f7fe31cc7,0.006,,,
2090,2026-08-28,SH601186,-0.001987854717299342,EXP_LinearModel_Alpha158_csi300_custom_step0_s_20260830_16,c3b867b667aa440aa1c7f96f7fe31cc7,0.006,,,
2091,2026-08-28,SH601169,0.018948927521705627,EXP_LinearModel_Alpha158_csi300_custom_step0_s_20260830_16,c3b867b667aa440aa1c7f96f7fe31cc7,0.006,,,
2092,2026-08-28,SH601166,-0.009828873910009861,EXP_LinearModel_Alpha158_csi300_custom_step0_s_20260830_16,c3b867b667aa440aa1c7f96f7fe31cc7,0.006,,,
2093,2026-08-28,SH601138,-0.05159526690840721,EXP_LinearModel_Alpha158_csi300_custom_step0_s_20260830_16,c3b867b667aa440aa1c7f96f7fe31cc7,0.006,,,
2094,2026-08-28,SH601136,-0.021425331011414528,EXP_LinearModel_Alpha158_csi300_custom_step0_s_20260830_16,c3b867b667aa440aa1c7f96f7fe31cc7,0.006,,,
2095,2026-08-28,SH601127,-0.0054994733072817326,EXP_LinearModel_Alpha158_csi300_custom_step0_s_20260830_16,c3b867b667aa440aa1c7f96f7fe31cc7,0.006,,,
2096,2026-08-28,SH601117,0.03282422572374344,EXP_LinearModel_Alpha158_csi300_custom_step0_s_20260830_16,c3b867b667aa440aa1c7f96f7fe31cc7,0.006,,,
2097,2026-08-28,SH601100,-0.0020967714954167604,EXP_LinearModel_Alpha158_csi300_custom_step0_s_20260830_16,c3b867b667aa440aa1c7f96f7fe31cc7,0.006,,,
2098,2026-08-28,SZ302132,-0.08148355782032013,EXP_LinearModel_Alpha158_csi300_custom_step0_s_20260830_16,cf5a40cebfd74f9aa8ddb45ab1db8cfc,0.033,,,
2099,2026-08-28,SZ302132,-0.05428983271121979,EXP_LinearModel_Alpha158_csi300_custom_step0_s_20260830_16,c3b867b667aa440aa1c7f96f7fe31cc7,0.006,,,
2100,2026-08-28,SH600009,-0.05219118297100067,EXP_LinearModel_Alpha158_csi300_custom_step0_s_20260830_16,cf5a40cebfd74f9aa8ddb45ab1db8cfc,0.033,,,
2101,2026-08-28,SZ000617,-0.06878990679979324,EXP_LinearModel_Alpha158_csi300_custom_step0_s_20260830_16,cf5a40cebfd74f9aa8ddb45ab1db8cfc,0.033,,,
2102,2026-08-28,SZ000596,-0.031201109290122986,EXP_LinearModel_Alpha158_csi300_custom_step0_s_20260830_16,cf5a40cebfd74f9aa8ddb45ab1db8cfc,0.033,,,
2103,2026-08-28,SZ000568,0.05769920349121094,EXP_LinearModel_Alpha158_csi300_custom_step0_s_20260830_16,cf5a40cebfd74f9aa8ddb45ab1db8cfc,0.033,,,
2104,2026-08-28,SZ000538,0.009023511782288551,EXP_LinearModel_Alpha158_csi300_custom_step0_s_20260830_16,cf5a40cebfd74f9aa8ddb45ab1db8cfc,0.033,,,
2105,2026-08-28,SZ000425,0.035496313124895096,EXP_LinearModel_Alpha158_csi300_custom_step0_s_20260830_16,cf5a40cebfd74f9aa8ddb45ab1db8cfc,0.033,,,
2106,2026-08-28,SZ000408,-0.0986042246222496,EXP_LinearModel_Alpha158_csi300_custom_step0_s_20260830_16,cf5a40cebfd74f9aa8ddb45ab1db8cfc,0.033,,,
2107,2026-08-28,SZ000625,0.002083555795252323,EXP_LinearModel_Alpha158_csi300_custom_step0_s_20260830_16,cf5a40cebfd74f9aa8ddb45ab1db8cfc,0.033,,,
2108,2026-08-28,SZ000338,-0.005252080969512463,EXP_LinearModel_Alpha158_csi300_custom_step0_s_20260830_16,cf5a40cebfd74f9aa8ddb45ab1db8cfc,0.033,,,
2109,2026-08-28,SZ000301,-0.05064242705702782,EXP_LinearModel_Alpha158_csi300_custom_step0_s_20260830_16,cf5a40cebfd74f9aa8ddb45ab1db8cfc,0.033,,,
2110,2026-08-28,SZ000166,-0.023042580112814903,EXP_LinearModel_Alpha158_csi300_custom_step0_s_20260830_16,cf5a40cebfd74f9aa8ddb45ab1db8cfc,0.033,,,
2111,2026-08-28,SZ000157,-0.00840399507433176,EXP_LinearModel_Alpha158_csi300_custom_step0_s_20260830_16,cf5a40cebfd74f9aa8ddb45ab1db8cfc,0.033,,,
2112,2026-08-28,SZ000100,0.007937842048704624,EXP_LinearModel_Alpha158_csi300_custom_step0_s_20260830_16,cf5a40cebfd74f9aa8ddb45ab1db8cfc,0.033,,,
2113,2026-08-28,SZ000063,-0.053605444729328156,EXP_LinearModel_Alpha158_csi300_custom_step0_s_20260830_16,cf5a40cebfd74f9aa8ddb45ab1db8cfc,0.033,,,
2114,2026-08-28,SZ000002,-0.03255214914679527,EXP_LinearModel_Alpha158_csi300_custom_step0_s_20260830_16,cf5a40cebfd74f9aa8ddb45ab1db8cfc,0.033,,,
2115,2026-08-28,SZ000333,0.037277620285749435,EXP_LinearModel_Alpha158_csi300_custom_step0_s_20260830_16,cf5a40cebfd74f9aa8ddb45ab1db8cfc,0.033,,,
2116,2026-08-28,SZ000630,-0.0358489528298378,EXP_LinearModel_Alpha158_csi300_custom_step0_s_20260830_16,cf5a40cebfd74f9aa8ddb45ab1db8cfc,0.033,,,
2117,2026-08-28,SZ000651,0.0139465956017375,EXP_LinearModel_Alpha158_csi300_custom_step0_s_20260830_16,cf5a40cebfd74f9aa8ddb45ab1db8cfc,0.033,,,
2118,2026-08-28,SZ000657,0.03554879501461983,EXP_LinearModel_Alpha158_csi300_custom_step0_s_20260830_16,cf5a40cebfd74f9aa8ddb45ab1db8cfc,0.033,,,
2119,2026-08-28,SZ001280,0.03104431740939617,EXP_LinearModel_Alpha158_csi300_custom_step0_s_20260830_16,cf5a40cebfd74f9aa8ddb45ab1db8cfc,0.033,,,
2120,2026-08-28,SZ000999,-0.004852233454585075,EXP_LinearModel_Alpha158_csi300_custom_step0_s_20260830_16,cf5a40cebfd74f9aa8ddb45ab1db8cfc,0.033,,,
2121,2026-08-28,SZ000988,0.0764869898557663,EXP_LinearModel_Alpha158_csi300_custom_step0_s_20260830_16,cf5a40cebfd74f9aa8ddb45ab1db8cfc,0.033,,,
2122,2026-08-28,SZ000977,-0.04860842600464821,EXP_LinearModel_Alpha158_csi300_custom_step0_s_20260830_16,cf5a40cebfd74f9aa8ddb45ab1db8cfc,0.033,,,
2123,2026-08-28,SZ000975,0.03796222805976868,EXP_LinearModel_Alpha158_csi300_custom_step0_s_20260830_16,cf5a40cebfd74f9aa8ddb45ab1db8cfc,0.033,,,
2124,2026-08-28,SZ000963,-0.07261960208415985,EXP_LinearModel_Alpha158_csi300_custom_step0_s_20260830_16,cf5a40cebfd74f9aa8ddb45ab1db8cfc,0.033,,,
2125,2026-08-28,SZ000938,0.06389179825782776,EXP_LinearModel_Alpha158_csi300_custom_step0_s_20260830_16,cf5a40cebfd74f9aa8ddb45ab1db8cfc,0.033,,,
2126,2026-08-28,SZ000895,-0.03181113302707672,EXP_LinearModel_Alpha158_csi300_custom_step0_s_20260830_16,cf5a40cebfd74f9aa8ddb45ab1db8cfc,0.033,,,
2127,2026-08-28,SZ000858,0.008794247172772884,EXP_LinearModel_Alpha158_csi300_custom_step0_s_20260830_16,cf5a40cebfd74f9aa8ddb45ab1db8cfc,0.033,,,
2128,2026-08-28,SZ000807,-0.13622793555259705,EXP_LinearModel_Alpha158_csi300_custom_step0_s_20260830_16,cf5a40cebfd74f9aa8ddb45ab1db8cfc,0.033,,,
2129,2026-08-28,SZ000792,0.03544916585087776,EXP_LinearModel_Alpha158_csi300_custom_step0_s_20260830_16,cf5a40cebfd74f9aa8ddb45ab1db8cfc,0.033,,,
2130,2026-08-28,SZ000776,-0.043895043432712555,EXP_LinearModel_Alpha158_csi300_custom_step0_s_20260830_16,cf5a40cebfd74f9aa8ddb45ab1db8cfc,0.033,,,
2131,2026-08-28,SZ000768,-0.007649680133908987,EXP_LinearModel_Alpha158_csi300_custom_step0_s_20260830_16,cf5a40cebfd74f9aa8ddb45ab1db8cfc,0.033,,,
2132,2026-08-28,SZ000725,-0.04493094980716705,EXP_LinearModel_Alpha158_csi300_custom_step0_s_20260830_16,cf5a40cebfd74f9aa8ddb45ab1db8cfc,0.033,,,
2133,2026-08-28,SZ000708,0.0015822795685380697,EXP_LinearModel_Alpha158_csi300_custom_step0_s_20260830_16,cf5a40cebfd74f9aa8ddb45ab1db8cfc,0.033,,,
2134,2026-08-28,SZ000001,0.057006265968084335,EXP_LinearModel_Alpha158_csi300_custom_step0_s_20260830_16,cf5a40cebfd74f9aa8ddb45ab1db8cfc,0.033,,,
2135,2026-08-28,SH688981,0.04777408018708229,EXP_LinearModel_Alpha158_csi300_custom_step0_s_20260830_16,cf5a40cebfd74f9aa8ddb45ab1db8cfc,0.033,,,
2136,2026-08-28,SH688521,0.07597526907920837,EXP_LinearModel_Alpha158_csi300_custom_step0_s_20260830_16,cf5a40cebfd74f9aa8ddb45ab1db8cfc,0.033,,,
2137,2026-08-28,SH688506,-0.06602704524993896,EXP_LinearModel_Alpha158_csi300_custom_step0_s_20260830_16,cf5a40cebfd74f9aa8ddb45ab1db8cfc,0.033,,,
2138,2026-08-28,SH603993,-0.12091276049613953,EXP_LinearModel_Alpha158_csi300_custom_step0_s_20260830_16,cf5a40cebfd74f9aa8ddb45ab1db8cfc,0.033,,,
2139,2026-08-28,SH603986,-0.04093077778816223,EXP_LinearModel_Alpha158_csi300_custom_step0_s_20260830_16,cf5a40cebfd74f9aa8ddb45ab1db8cfc,0.033,,,
2140,2026-08-28,SH603893,0.02350515127182007,EXP_LinearModel_Alpha158_csi300_custom_step0_s_20260830_16,cf5a40cebfd74f9aa8ddb45ab1db8cfc,0.033,,,
2141,2026-08-28,SH603799,-0.0046000718139112,EXP_LinearModel_Alpha158_csi300_custom_step0_s_20260830_16,cf5a40cebfd74f9aa8ddb45ab1db8cfc,0.033,,,
2142,2026-08-28,SH603501,0.012590155005455017,EXP_LinearModel_Alpha158_csi300_custom_step0_s_20260830_16,cf5a40cebfd74f9aa8ddb45ab1db8cfc,0.033,,,
2143,2026-08-28,SH603392,0.03360804170370102,EXP_LinearModel_Alpha158_csi300_custom_step0_s_20260830_16,cf5a40cebfd74f9aa8ddb45ab1db8cfc,0.033,,,
2144,2026-08-28,SH603369,-0.012957998551428318,EXP_LinearModel_Alpha158_csi300_custom_step0_s_20260830_16,cf5a40cebfd74f9aa8ddb45ab1db8cfc,0.033,,,
2145,2026-08-28,SH603296,0.06034919247031212,EXP_LinearModel_Alpha158_csi300_custom_step0_s_20260830_16,cf5a40cebfd74f9aa8ddb45ab1db8cfc,0.033,,,
2146,2026-08-28,SH603288,-0.03729819506406784,EXP_LinearModel_Alpha158_csi300_custom_step0_s_20260830_16,cf5a40cebfd74f9aa8ddb45ab1db8cfc,0.033,,,
2147,2026-08-28,SH603260,0.08959610015153885,EXP_LinearModel_Alpha158_csi300_custom_step0_s_20260830_16,cf5a40cebfd74f9aa8ddb45ab1db8cfc,0.033,,,
2148,2026-08-28,SH603259,0.06569205969572067,EXP_LinearModel_Alpha158_csi300_custom_step0_s_20260830_16,cf5a40cebfd74f9aa8ddb45ab1db8cfc,0.033,,,
2149,2026-08-28,SH603019,-0.029739245772361755,EXP_LinearModel_Alpha158_csi300_custom_step0_s_20260830_16,cf5a40cebfd74f9aa8ddb45ab1db8cfc,0.033,,,
2150,2026-08-28,SH601998,0.03608166053891182,EXP_LinearModel_Alpha158_csi300_custom_step0_s_20260830_16,cf5a40cebfd74f9aa8ddb45ab1db8cfc,0.033,,,
2151,2026-08-28,SH601995,-0.08278841525316238,EXP_LinearModel_Alpha158_csi300_custom_step0_s_20260830_16,cf5a40cebfd74f9aa8ddb45ab1db8cfc,0.033,,,
2152,2026-08-28,SH601988,0.08857758343219757,EXP_LinearModel_Alpha158_csi300_custom_step0_s_20260830_16,cf5a40cebfd74f9aa8ddb45ab1db8cfc,0.033,,,
2153,2026-08-28,SH605117,0.03235587477684021,EXP_LinearModel_Alpha158_csi300_custom_step0_s_20260830_16,cf5a40cebfd74f9aa8ddb45ab1db8cfc,0.033,,,
2154,2026-08-28,SZ001391,0.016793174669146538,EXP_LinearModel_Alpha158_csi300_custom_step0_s_20260830_16,cf5a40cebfd74f9aa8ddb45ab1db8cfc,0.033,,,
2155,2026-08-28,SH605499,-0.03482465445995331,EXP_LinearModel_Alpha158_csi300_custom_step0_s_20260830_16,cf5a40cebfd74f9aa8ddb45ab1db8cfc,0.033,,,
2156,2026-08-28,SH688009,-0.004142012447118759,EXP_LinearModel_Alpha158_csi300_custom_step0_s_20260830_16,cf5a40cebfd74f9aa8ddb45ab1db8cfc,0.033,,,
2157,2026-08-28,SH688472,0.09009659290313721,EXP_LinearModel_Alpha158_csi300_custom_step0_s_20260830_16,cf5a40cebfd74f9aa8ddb45ab1db8cfc,0.033,,,
2158,2026-08-28,SH688396,-0.0299750417470932,EXP_LinearModel_Alpha158_csi300_custom_step0_s_20260830_16,cf5a40cebfd74f9aa8ddb45ab1db8cfc,0.033,,,
2159,2026-08-28,SH688303,0.00789656676352024,EXP_LinearModel_Alpha158_csi300_custom_step0_s_20260830_16,cf5a40cebfd74f9aa8ddb45ab1db8cfc,0.033,,,
2160,2026-08-28,SH688271,-0.011375131085515022,EXP_LinearModel_Alpha158_csi300_custom_step0_s_20260830_16,cf5a40cebfd74f9aa8ddb45ab1db8cfc,0.033,,,
2161,2026-08-28,SH688256,0.06708432734012604,EXP_LinearModel_Alpha158_csi300_custom_step0_s_20260830_16,cf5a40cebfd74f9aa8ddb45ab1db8cfc,0.033,,,
2162,2026-08-28,SH688223,0.10098451375961304,EXP_LinearModel_Alpha158_csi300_custom_step0_s_20260830_16,cf5a40cebfd74f9aa8ddb45ab1db8cfc,0.033,,,
2163,2026-08-28,SH688183,-0.06835004687309265,EXP_LinearModel_Alpha158_csi300_custom_step0_s_20260830_16,cf5a40cebfd74f9aa8ddb45ab1db8cfc,0.033,,,
2164,2026-08-28,SH688126,-0.014778297394514084,EXP_LinearModel_Alpha158_csi300_custom_step0_s_20260830_16,cf5a40cebfd74f9aa8ddb45ab1db8cfc,0.033,,,
2165,2026-08-28,SH688111,-0.05932905152440071,EXP_LinearModel_Alpha158_csi300_custom_step0_s_20260830_16,cf5a40cebfd74f9aa8ddb45ab1db8cfc,0.033,,,
2166,2026-08-28,SH688082,-0.060175731778144836,EXP_LinearModel_Alpha158_csi300_custom_step0_s_20260830_16,cf5a40cebfd74f9aa8ddb45ab1db8cfc,0.033,,,
2167,2026-08-28,SH688072,-0.008488822728395462,EXP_LinearModel_Alpha158_csi300_custom_step0_s_20260830_16,cf5a40cebfd74f9aa8ddb45ab1db8cfc,0.033,,,
2168,2026-08-28,SH688047,0.060658931732177734,EXP_LinearModel_Alpha158_csi300_custom_step0_s_20260830_16,cf5a40cebfd74f9aa8ddb45ab1db8cfc,0.033,,,
2169,2026-08-28,SH688041,0.14747267961502075,EXP_LinearModel_Alpha158_csi300_custom_step0_s_20260830_16,cf5a40cebfd74f9aa8ddb45ab1db8cfc,0.033,,,
2170,2026-08-28,SH688036,-0.05708281323313713,EXP_LinearModel_Alpha158_csi300_custom_step0_s_20260830_16,cf5a40cebfd74f9aa8ddb45ab1db8cfc,0.033,,,
2171,2026-08-28,SH688012,-0.1006053239107132,EXP_LinearModel_Alpha158_csi300_custom_step0_s_20260830_16,cf5a40cebfd74f9aa8ddb45ab1db8cfc,0.033,,,
2172,2026-08-28,SH688008,-0.09787509590387344,EXP_LinearModel_Alpha158_csi300_custom_step0_s_20260830_16,cf5a40cebfd74f9aa8ddb45ab1db8cfc,0.033,,,
2173,2026-08-28,SH601985,-0.04123963043093681,EXP_LinearModel_Alpha158_csi300_custom_step0_s_20260830_16,cf5a40cebfd74f9aa8ddb45ab1db8cfc,0.033,,,
2174,2026-08-28,SZ001965,-0.01916927471756935,EXP_LinearModel_Alpha158_csi300_custom_step0_s_20260830_16,cf5a40cebfd74f9aa8ddb45ab1db8cfc,0.033,,,
2175,2026-08-28,SZ002001,-0.09762562066316605,EXP_LinearModel_Alpha158_csi300_custom_step0_s_20260830_16,cf5a40cebfd74f9aa8ddb45ab1db8cfc,0.033,,,
2176,2026-08-28,SZ300413,-0.06991204619407654,EXP_LinearModel_Alpha158_csi300_custom_step0_s_20260830_16,cf5a40cebfd74f9aa8ddb45ab1db8cfc,0.033,,,
2177,2026-08-28,SZ300408,0.15568935871124268,EXP_LinearModel_Alpha158_csi300_custom_step0_s_20260830_16,cf5a40cebfd74f9aa8ddb45ab1db8cfc,0.033,,,
2178,2026-08-28,SZ300394,-0.03734156861901283,EXP_LinearModel_Alpha158_csi300_custom_step0_s_20260830_16,cf5a40cebfd74f9aa8ddb45ab1db8cfc,0.033,,,
2179,2026-08-28,SZ300316,0.06522315740585327,EXP_LinearModel_Alpha158_csi300_custom_step0_s_20260830_16,cf5a40cebfd74f9aa8ddb45ab1db8cfc,0.033,,,
2180,2026-08-28,SZ300308,0.15994255244731903,EXP_LinearModel_Alpha158_csi300_custom_step0_s_20260830_16,cf5a40cebfd74f9aa8ddb45ab1db8cfc,0.033,,,
2181,2026-08-28,SZ300274,0.28814175724983215,EXP_LinearModel_Alpha158_csi300_custom_step0_s_20260830_16,cf5a40cebfd74f9aa8ddb45ab1db8cfc,0.033,,,
2182,2026-08-28,SZ300418,0.10724286735057831,EXP_LinearModel_Alpha158_csi300_custom_step0_s_20260830_16,cf5a40cebfd74f9aa8ddb45ab1db8cfc,0.033,,,
2183,2026-08-28,SZ300251,0.022244885563850403,EXP_LinearModel_Alpha158_csi300_custom_step0_s_20260830_16,cf5a40cebfd74f9aa8ddb45ab1db8cfc,0.033,,,
2184,2026-08-28,SZ300122,-0.0216757133603096,EXP_LinearModel_Alpha158_csi300_custom_step0_s_20260830_16,cf5a40cebfd74f9aa8ddb45ab1db8cfc,0.033,,,
2185,2026-08-28,SZ300059,-0.10386913269758224,EXP_LinearModel_Alpha158_csi300_custom_step0_s_20260830_16,cf5a40cebfd74f9aa8ddb45ab1db8cfc,0.033,,,
2186,2026-08-28,SZ300033,-0.07626597583293915,EXP_LinearModel_Alpha158_csi300_custom_step0_s_20260830_16,cf5a40cebfd74f9aa8ddb45ab1db8cfc,0.033,,,
2187,2026-08-28,SZ300015,-0.03231966495513916,EXP_LinearModel_Alpha158_csi300_custom_step0_s_20260830_16,cf5a40cebfd74f9aa8ddb45ab1db8cfc,0.033,,,
2188,2026-08-28,SZ300014,0.02977638505399227,EXP_LinearModel_Alpha158_csi300_custom_step0_s_20260830_16,cf5a40cebfd74f9aa8ddb45ab1db8cfc,0.033,,,
2189,2026-08-28,SZ003816,0.04640248790383339,EXP_LinearModel_Alpha158_csi300_custom_step0_s_20260830_16,cf5a40cebfd74f9aa8ddb45ab1db8cfc,0.033,,,
2190,2026-08-28,SZ300124,0.026839736849069595,EXP_LinearModel_Alpha158_csi300_custom_step0_s_20260830_16,cf5a40cebfd74f9aa8ddb45ab1db8cfc,0.033,,,
2191,2026-08-28,SZ300433,0.052048277109861374,EXP_LinearModel_Alpha158_csi300_custom_step0_s_20260830_16,cf5a40cebfd74f9aa8ddb45ab1db8cfc,0.033,,,
2192,2026-08-28,SZ300442,0.08220169693231583,EXP_LinearModel_Alpha158_csi300_custom_step0_s_20260830_16,cf5a40cebfd74f9aa8ddb45ab1db8cfc,0.033,,,
2193,2026-08-28,SZ300450,0.0723847821354866,EXP_LinearModel_Alpha158_csi300_custom_step0_s_20260830_16,cf5a40cebfd74f9aa8ddb45ab1db8cfc,0.033,,,
2194,2026-08-28,SZ301269,-0.0051144445315003395,EXP_LinearModel_Alpha158_csi300_custom_step0_s_20260830_16,cf5a40cebfd74f9aa8ddb45ab1db8cfc,0.033,,,
2195,2026-08-28,SZ301236,0.016763044521212578,EXP_LinearModel_Alpha158_csi300_custom_step0_s_20260830_16,cf5a40cebfd74f9aa8ddb45ab1db8cfc,0.033,,,
2196,2026-08-28,SZ301165,0.08099875599145889,EXP_LinearModel_Alpha158_csi300_custom_step0_s_20260830_16,cf5a40cebfd74f9aa8ddb45ab1db8cfc,0.033,,,
2197,2026-08-28,SZ300999,-0.050698332488536835,EXP_LinearModel_Alpha158_csi300_custom_step0_s_20260830_16,cf5a40cebfd74f9aa8ddb45ab1db8cfc,0.033,,,
2198,2026-08-28,SZ300896,0.06830237805843353,EXP_LinearModel_Alpha158_csi300_custom_step0_s_20260830_16,cf5a40cebfd74f9aa8ddb45ab1db8cfc,0.033,,,
2199,2026-08-28,SZ300866,-0.11505840718746185,EXP_LinearModel_Alpha158_csi300_custom_step0_s_20260830_16,cf5a40cebfd74f9aa8ddb45ab1db8cfc,0.033,,,
2200,2026-08-28,SZ300832,0.0012114807032048702,EXP_LinearModel_Alpha158_csi300_custom_step0_s_20260830_16,cf5a40cebfd74f9aa8ddb45ab1db8cfc,0.033,,,
2201,2026-08-28,SZ300803,-0.015112967230379581,EXP_LinearModel_Alpha158_csi300_custom_step0_s_20260830_16,cf5a40cebfd74f9aa8ddb45ab1db8cfc,0.033,,,
2202,2026-08-28,SZ300760,0.007148288656026125,EXP_LinearModel_Alpha158_csi300_custom_step0_s_20260830_16,cf5a40cebfd74f9aa8ddb45ab1db8cfc,0.033,,,
2203,2026-08-28,SZ300750,-0.02034178376197815,EXP_LinearModel_Alpha158_csi300_custom_step0_s_20260830_16,cf5a40cebfd74f9aa8ddb45ab1db8cfc,0.033,,,
2204,2026-08-28,SZ300661,0.10363109409809113,EXP_LinearModel_Alpha158_csi300_custom_step0_s_20260830_16,cf5a40cebfd74f9aa8ddb45ab1db8cfc,0.033,,,
2205,2026-08-28,SZ300628,0.029478011652827263,EXP_LinearModel_Alpha158_csi300_custom_step0_s_20260830_16,cf5a40cebfd74f9aa8ddb45ab1db8cfc,0.033,,,
2206,2026-08-28,SZ300502,0.2016875147819519,EXP_LinearModel_Alpha158_csi300_custom_step0_s_20260830_16,cf5a40cebfd74f9aa8ddb45ab1db8cfc,0.033,,,
2207,2026-08-28,SZ300498,-0.027969583868980408,EXP_LinearModel_Alpha158_csi300_custom_step0_s_20260830_16,cf5a40cebfd74f9aa8ddb45ab1db8cfc,0.033,,,
2208,2026-08-28,SZ300476,0.08729277551174164,EXP_LinearModel_Alpha158_csi300_custom_step0_s_20260830_16,cf5a40cebfd74f9aa8ddb45ab1db8cfc,0.033,,,
2209,2026-08-28,SZ002938,0.062233056873083115,EXP_LinearModel_Alpha158_csi300_custom_step0_s_20260830_16,cf5a40cebfd74f9aa8ddb45ab1db8cfc,0.033,,,
2210,2026-08-28,SZ002920,0.09852923452854156,EXP_LinearModel_Alpha158_csi300_custom_step0_s_20260830_16,cf5a40cebfd74f9aa8ddb45ab1db8cfc,0.033,,,
2211,2026-08-28,SZ002916,0.009193794801831245,EXP_LinearModel_Alpha158_csi300_custom_step0_s_20260830_16,cf5a40cebfd74f9aa8ddb45ab1db8cfc,0.033,,,
2212,2026-08-28,SZ002837,-0.152973935008049,EXP_LinearModel_Alpha158_csi300_custom_step0_s_20260830_16,cf5a40cebfd74f9aa8ddb45ab1db8cfc,0.033,,,
2213,2026-08-28,SZ002353,0.016135359182953835,EXP_LinearModel_Alpha158_csi300_custom_step0_s_20260830_16,cf5a40cebfd74f9aa8ddb45ab1db8cfc,0.033,,,
2214,2026-08-28,SZ002352,-0.07530183345079422,EXP_LinearModel_Alpha158_csi300_custom_step0_s_20260830_16,cf5a40cebfd74f9aa8ddb45ab1db8cfc,0.033,,,
2215,2026-08-28,SZ002311,-0.06305628269910812,EXP_LinearModel_Alpha158_csi300_custom_step0_s_20260830_16,cf5a40cebfd74f9aa8ddb45ab1db8cfc,0.033,,,
2216,2026-08-28,SZ002304,0.03284832462668419,EXP_LinearModel_Alpha158_csi300_custom_step0_s_20260830_16,cf5a40cebfd74f9aa8ddb45ab1db8cfc,0.033,,,
2217,2026-08-28,SZ002241,-0.0360369011759758,EXP_LinearModel_Alpha158_csi300_custom_step0_s_20260830_16,cf5a40cebfd74f9aa8ddb45ab1db8cfc,0.033,,,
2218,2026-08-28,SZ002236,-0.01036046352237463,EXP_LinearModel_Alpha158_csi300_custom_step0_s_20260830_16,cf5a40cebfd74f9aa8ddb45ab1db8cfc,0.033,,,
2219,2026-08-28,SZ002230,-0.003519234945997596,EXP_LinearModel_Alpha158_csi300_custom_step0_s_20260830_16,cf5a40cebfd74f9aa8ddb45ab1db8cfc,0.033,,,
2220,2026-08-28,SZ002202,-0.0795399397611618,EXP_LinearModel_Alpha158_csi300_custom_step0_s_20260830_16,cf5a40cebfd74f9aa8ddb45ab1db8cfc,0.033,,,
2221,2026-08-28,SZ002179,-0.001449300441890955,EXP_LinearModel_Alpha158_csi300_custom_step0_s_20260830_16,cf5a40cebfd74f9aa8ddb45ab1db8cfc,0.033,,,
2222,2026-08-28,SZ002142,0.031799107789993286,EXP_LinearModel_Alpha158_csi300_custom_step0_s_20260830_16,cf5a40cebfd74f9aa8ddb45ab1db8cfc,0.033,,,
2223,2026-08-28,SZ002074,-0.017384422942996025,EXP_LinearModel_Alpha158_csi300_custom_step0_s_20260830_16,cf5a40cebfd74f9aa8ddb45ab1db8cfc,0.033,,,
2224,2026-08-28,SZ002050,0.04571317136287689,EXP_LinearModel_Alpha158_csi300_custom_step0_s_20260830_16,cf5a40cebfd74f9aa8ddb45ab1db8cfc,0.033,,,
2225,2026-08-28,SZ002049,0.06680506467819214,EXP_LinearModel_Alpha158_csi300_custom_step0_s_20260830_16,cf5a40cebfd74f9aa8ddb45ab1db8cfc,0.033,,,
2226,2026-08-28,SZ002028,0.15652772784233093,EXP_LinearModel_Alpha158_csi300_custom_step0_s_20260830_16,cf5a40cebfd74f9aa8ddb45ab1db8cfc,0.033,,,
2227,2026-08-28,SZ002027,0.0142013318836689,EXP_LinearModel_Alpha158_csi300_custom_step0_s_20260830_16,cf5a40cebfd74f9aa8ddb45ab1db8cfc,0.033,,,
2228,2026-08-28,SZ002371,-0.02483644336462021,EXP_LinearModel_Alpha158_csi300_custom_step0_s_20260830_16,cf5a40cebfd74f9aa8ddb45ab1db8cfc,0.033,,,
2229,2026-08-28,SZ001979,0.1083269864320755,EXP_LinearModel_Alpha158_csi300_custom_step0_s_20260830_16,cf5a40cebfd74f9aa8ddb45ab1db8cfc,0.033,,,
2230,2026-08-28,SZ002384,0.026292597874999046,EXP_LinearModel_Alpha158_csi300_custom_step0_s_20260830_16,cf5a40cebfd74f9aa8ddb45ab1db8cfc,0.033,,,
2231,2026-08-28,SZ002422,0.02985396794974804,EXP_LinearModel_Alpha158_csi300_custom_step0_s_20260830_16,cf5a40cebfd74f9aa8ddb45ab1db8cfc,0.033,,,
2232,2026-08-28,SZ002736,-0.06300725042819977,EXP_LinearModel_Alpha158_csi300_custom_step0_s_20260830_16,cf5a40cebfd74f9aa8ddb45ab1db8cfc,0.033,,,
2233,2026-08-28,SZ002714,0.02585582062602043,EXP_LinearModel_Alpha158_csi300_custom_step0_s_20260830_16,cf5a40cebfd74f9aa8ddb45ab1db8cfc,0.033,,,
2234,2026-08-28,SZ002709,0.15445217490196228,EXP_LinearModel_Alpha158_csi300_custom_step0_s_20260830_16,cf5a40cebfd74f9aa8ddb45ab1db8cfc,0.033,,,
2235,2026-08-28,SZ002648,-0.0028197290375828743,EXP_LinearModel_Alpha158_csi300_custom_step0_s_20260830_16,cf5a40cebfd74f9aa8ddb45ab1db8cfc,0.033,,,
2236,2026-08-28,SZ002625,0.08626497536897659,EXP_LinearModel_Alpha158_csi300_custom_step0_s_20260830_16,cf5a40cebfd74f9aa8ddb45ab1db8cfc,0.033,,,
2237,2026-08-28,SZ002602,0.027126658707857132,EXP_LinearModel_Alpha158_csi300_custom_step0_s_20260830_16,cf5a40cebfd74f9aa8ddb45ab1db8cfc,0.033,,,
2238,2026-08-28,SZ002600,0.04374649003148079,EXP_LinearModel_Alpha158_csi300_custom_step0_s_20260830_16,cf5a40cebfd74f9aa8ddb45ab1db8cfc,0.033,,,
2239,2026-08-28,SZ002594,-0.05140906572341919,EXP_LinearModel_Alpha158_csi300_custom_step0_s_20260830_16,cf5a40cebfd74f9aa8ddb45ab1db8cfc,0.033,,,
2240,2026-08-28,SZ002558,0.05783775821328163,EXP_LinearModel_Alpha158_csi300_custom_step0_s_20260830_16,cf5a40cebfd74f9aa8ddb45ab1db8cfc,0.033,,,
2241,2026-08-28,SZ002532,-0.1028507649898529,EXP_LinearModel_Alpha158_csi300_custom_step0_s_20260830_16,cf5a40cebfd74f9aa8ddb45ab1db8cfc,0.033,,,
2242,2026-08-28,SZ002493,-0.013505343347787857,EXP_LinearModel_Alpha158_csi300_custom_step0_s_20260830_16,cf5a40cebfd74f9aa8ddb45ab1db8cfc,0.033,,,
2243,2026-08-28,SZ002475,0.014274943619966507,EXP_LinearModel_Alpha158_csi300_custom_step0_s_20260830_16,cf5a40cebfd74f9aa8ddb45ab1db8cfc,0.033,,,
2244,2026-08-28,SZ002466,0.019947942346334457,EXP_LinearModel_Alpha158_csi300_custom_step0_s_20260830_16,cf5a40cebfd74f9aa8ddb45ab1db8cfc,0.033,,,
2245,2026-08-28,SZ002463,-0.07764369249343872,EXP_LinearModel_Alpha158_csi300_custom_step0_s_20260830_16,cf5a40cebfd74f9aa8ddb45ab1db8cfc,0.033,,,
2246,2026-08-28,SZ002460,0.06946103274822235,EXP_LinearModel_Alpha158_csi300_custom_step0_s_20260830_16,cf5a40cebfd74f9aa8ddb45ab1db8cfc,0.033,,,
2247,2026-08-28,SZ002415,-0.06749112159013748,EXP_LinearModel_Alpha158_csi300_custom_step0_s_20260830_16,cf5a40cebfd74f9aa8ddb45ab1db8cfc,0.033,,,
2248,2026-08-28,SH600000,0.019973410293459892,EXP_LinearModel_Alpha158_csi300_custom_step0_s_20260830_16,cf5a40cebfd74f9aa8ddb45ab1db8cfc,0.033,,,
2249,2026-08-28,SH601939,0.07199110090732574,EXP_LinearModel_Alpha158_csi300_custom_step0_s_20260830_16,cf5a40cebfd74f9aa8ddb45ab1db8cfc,0.033,,,
2250,2026-08-28,SH601916,-0.034296393394470215,EXP_LinearModel_Alpha158_csi300_custom_step0_s_20260830_16,cf5a40cebfd74f9aa8ddb45ab1db8cfc,0.033,,,
2251,2026-08-28,SH600547,0.014649519696831703,EXP_LinearModel_Alpha158_csi300_custom_step0_s_20260830_16,cf5a40cebfd74f9aa8ddb45ab1db8cfc,0.033,,,
2252,2026-08-28,SH600522,0.036414094269275665,EXP_LinearModel_Alpha158_csi300_custom_step0_s_20260830_16,cf5a40cebfd74f9aa8ddb45ab1db8cfc,0.033,,,
2253,2026-08-28,SH600519,-0.0011911834590137005,EXP_LinearModel_Alpha158_csi300_custom_step0_s_20260830_16,cf5a40cebfd74f9aa8ddb45ab1db8cfc,0.033,,,
2254,2026-08-28,SH600515,-0.011486757546663284,EXP_LinearModel_Alpha158_csi300_custom_step0_s_20260830_16,cf5a40cebfd74f9aa8ddb45ab1db8cfc,0.033,,,
2255,2026-08-28,SH600489,0.010305853560566902,EXP_LinearModel_Alpha158_csi300_custom_step0_s_20260830_16,cf5a40cebfd74f9aa8ddb45ab1db8cfc,0.033,,,
2256,2026-08-28,SH600482,-0.011863002553582191,EXP_LinearModel_Alpha158_csi300_custom_step0_s_20260830_16,cf5a40cebfd74f9aa8ddb45ab1db8cfc,0.033,,,
2257,2026-08-28,SH600549,0.04375934600830078,EXP_LinearModel_Alpha158_csi300_custom_step0_s_20260830_16,cf5a40cebfd74f9aa8ddb45ab1db8cfc,0.033,,,
2258,2026-08-28,SH600460,0.04807072877883911,EXP_LinearModel_Alpha158_csi300_custom_step0_s_20260830_16,cf5a40cebfd74f9aa8ddb45ab1db8cfc,0.033,,,
2259,2026-08-28,SH600436,0.02394006960093975,EXP_LinearModel_Alpha158_csi300_custom_step0_s_20260830_16,cf5a40cebfd74f9aa8ddb45ab1db8cfc,0.033,,,
2260,2026-08-28,SH600426,-0.006655283272266388,EXP_LinearModel_Alpha158_csi300_custom_step0_s_20260830_16,cf5a40cebfd74f9aa8ddb45ab1db8cfc,0.033,,,
2261,2026-08-28,SH600415,0.00261658220551908,EXP_LinearModel_Alpha158_csi300_custom_step0_s_20260830_16,cf5a40cebfd74f9aa8ddb45ab1db8cfc,0.033,,,
2262,2026-08-28,SH600406,-0.058108001947402954,EXP_LinearModel_Alpha158_csi300_custom_step0_s_20260830_16,cf5a40cebfd74f9aa8ddb45ab1db8cfc,0.033,,,
2263,2026-08-28,SH600372,-0.03196321800351143,EXP_LinearModel_Alpha158_csi300_custom_step0_s_20260830_16,cf5a40cebfd74f9aa8ddb45ab1db8cfc,0.033,,,
2264,2026-08-28,SH600362,-0.1536412090063095,EXP_LinearModel_Alpha158_csi300_custom_step0_s_20260830_16,cf5a40cebfd74f9aa8ddb45ab1db8cfc,0.033,,,
2265,2026-08-28,SH600438,0.0022759847342967987,EXP_LinearModel_Alpha158_csi300_custom_step0_s_20260830_16,cf5a40cebfd74f9aa8ddb45ab1db8cfc,0.033,,,
2266,2026-08-28,SH600570,-0.11313557624816895,EXP_LinearModel_Alpha158_csi300_custom_step0_s_20260830_16,cf5a40cebfd74f9aa8ddb45ab1db8cfc,0.033,,,
2267,2026-08-28,SH600584,-0.10864543169736862,EXP_LinearModel_Alpha158_csi300_custom_step0_s_20260830_16,cf5a40cebfd74f9aa8ddb45ab1db8cfc,0.033,,,
2268,2026-08-28,SH600585,-0.03752460330724716,EXP_LinearModel_Alpha158_csi300_custom_step0_s_20260830_16,cf5a40cebfd74f9aa8ddb45ab1db8cfc,0.033,,,
2269,2026-08-28,SH600893,0.027021901682019234,EXP_LinearModel_Alpha158_csi300_custom_step0_s_20260830_16,cf5a40cebfd74f9aa8ddb45ab1db8cfc,0.033,,,
2270,2026-08-28,SH600887,-0.04672945290803909,EXP_LinearModel_Alpha158_csi300_custom_step0_s_20260830_16,cf5a40cebfd74f9aa8ddb45ab1db8cfc,0.033,,,
2271,2026-08-28,SH600886,-0.024606522172689438,EXP_LinearModel_Alpha158_csi300_custom_step0_s_20260830_16,cf5a40cebfd74f9aa8ddb45ab1db8cfc,0.033,,,
2272,2026-08-28,SH600875,0.032865624874830246,EXP_LinearModel_Alpha158_csi300_custom_step0_s_20260830_16,cf5a40cebfd74f9aa8ddb45ab1db8cfc,0.033,,,
2273,2026-08-28,SH600845,-0.04656389728188515,EXP_LinearModel_Alpha158_csi300_custom_step0_s_20260830_16,cf5a40cebfd74f9aa8ddb45ab1db8cfc,0.033,,,
2274,2026-08-28,SH600809,-0.0409000962972641,EXP_LinearModel_Alpha158_csi300_custom_step0_s_20260830_16,cf5a40cebfd74f9aa8ddb45ab1db8cfc,0.033,,,
2275,2026-08-28,SH600803,-0.02829628437757492,EXP_LinearModel_Alpha158_csi300_custom_step0_s_20260830_16,cf5a40cebfd74f9aa8ddb45ab1db8cfc,0.033,,,
2276,2026-08-28,SH600795,0.007418889552354813,EXP_LinearModel_Alpha158_csi300_custom_step0_s_20260830_16,cf5a40cebfd74f9aa8ddb45ab1db8cfc,0.033,,,
2277,2026-08-28,SH600760,-0.00735677732154727,EXP_LinearModel_Alpha158_csi300_custom_step0_s_20260830_16,cf5a40cebfd74f9aa8ddb45ab1db8cfc,0.033,,,
2278,2026-08-28,SH600741,0.013992336578667164,EXP_LinearModel_Alpha158_csi300_custom_step0_s_20260830_16,cf5a40cebfd74f9aa8ddb45ab1db8cfc,0.033,,,
2279,2026-08-28,SH600690,0.02369881607592106,EXP_LinearModel_Alpha158_csi300_custom_step0_s_20260830_16,cf5a40cebfd74f9aa8ddb45ab1db8cfc,0.033,,,
2280,2026-08-28,SH600674,0.045710500329732895,EXP_LinearModel_Alpha158_csi300_custom_step0_s_20260830_16,cf5a40cebfd74f9aa8ddb45ab1db8cfc,0.033,,,
2281,2026-08-28,SH600660,-0.04819616675376892,EXP_LinearModel_Alpha158_csi300_custom_step0_s_20260830_16,cf5a40cebfd74f9aa8ddb45ab1db8cfc,0.033,,,
2282,2026-08-28,SH600600,-0.01146351732313633,EXP_LinearModel_Alpha158_csi300_custom_step0_s_20260830_16,cf5a40cebfd74f9aa8ddb45ab1db8cfc,0.033,,,
2283,2026-08-28,SH600588,0.10320458561182022,EXP_LinearModel_Alpha158_csi300_custom_step0_s_20260830_16,cf5a40cebfd74f9aa8ddb45ab1db8cfc,0.033,,,
2284,2026-08-28,SH600346,-0.03485891595482826,EXP_LinearModel_Alpha158_csi300_custom_step0_s_20260830_16,cf5a40cebfd74f9aa8ddb45ab1db8cfc,0.033,,,
2285,2026-08-28,SH600309,-0.08919555693864822,EXP_LinearModel_Alpha158_csi300_custom_step0_s_20260830_16,cf5a40cebfd74f9aa8ddb45ab1db8cfc,0.033,,,
2286,2026-08-28,SH600276,-0.11477295309305191,EXP_LinearModel_Alpha158_csi300_custom_step0_s_20260830_16,cf5a40cebfd74f9aa8ddb45ab1db8cfc,0.033,,,
2287,2026-08-28,SH600233,-0.05075651407241821,EXP_LinearModel_Alpha158_csi300_custom_step0_s_20260830_16,cf5a40cebfd74f9aa8ddb45ab1db8cfc,0.033,,,
2288,2026-08-28,SH600036,-0.030111612752079964,EXP_LinearModel_Alpha158_csi300_custom_step0_s_20260830_16,cf5a40cebfd74f9aa8ddb45ab1db8cfc,0.033,,,
2289,2026-08-28,SH600031,0.0003496287390589714,EXP_LinearModel_Alpha158_csi300_custom_step0_s_20260830_16,cf5a40cebfd74f9aa8ddb45ab1db8cfc,0.033,,,
2290,2026-08-28,SH600030,-0.030478589236736298,EXP_LinearModel_Alpha158_csi300_custom_step0_s_20260830_16,cf5a40cebfd74f9aa8ddb45ab1db8cfc,0.033,,,
2291,2026-08-28,SH600029,-0.031260449439287186,EXP_LinearModel_Alpha158_csi300_custom_step0_s_20260830_16,cf5a40cebfd74f9aa8ddb45ab1db8cfc,0.033,,,
2292,2026-08-28,SH600028,0.015457880683243275,EXP_LinearModel_Alpha158_csi300_custom_step0_s_20260830_16,cf5a40cebfd74f9aa8ddb45ab1db8cfc,0.033,,,
2293,2026-08-28,SH600027,0.010168633423745632,EXP_LinearModel_Alpha158_csi300_custom_step0_s_20260830_16,cf5a40cebfd74f9aa8ddb45ab1db8cfc,0.033,,,
2294,2026-08-28,SH600026,-0.0006973365671001375,EXP_LinearModel_Alpha158_csi300_custom_step0_s_20260830_16,cf5a40cebfd74f9aa8ddb45ab1db8cfc,0.033,,,
2295,2026-08-28,SH600025,-0.008197572082281113,EXP_LinearModel_Alpha158_csi300_custom_step0_s_20260830_16,cf5a40cebfd74f9aa8ddb45ab1db8cfc,0.033,,,
2296,2026-08-28,SH600023,0.003983266651630402,EXP_LinearModel_Alpha158_csi300_custom_step0_s_20260830_16,cf5a40cebfd74f9aa8ddb45ab1db8cfc,0.033,,,
2297,2026-08-28,SH600019,0.03466353565454483,EXP_LinearModel_Alpha158_csi300_custom_step0_s_20260830_16,cf5a40cebfd74f9aa8ddb45ab1db8cfc,0.033,,,
2298,2026-08-28,SH600018,-0.027777254581451416,EXP_LinearModel_Alpha158_csi300_custom_step0_s_20260830_16,cf5a40cebfd74f9aa8ddb45ab1db8cfc,0.033,,,
2299,2026-08-28,SH600016,-0.026023373007774353,EXP_LinearModel_Alpha158_csi300_custom_step0_s_20260830_16,cf5a40cebfd74f9aa8ddb45ab1db8cfc,0.033,,,
2300,2026-08-28,SH600015,-0.017238007858395576,EXP_LinearModel_Alpha158_csi300_custom_step0_s_20260830_16,cf5a40cebfd74f9aa8ddb45ab1db8cfc,0.033,,,
2301,2026-08-28,SH600011,0.03055555373430252,EXP_LinearModel_Alpha158_csi300_custom_step0_s_20260830_16,cf5a40cebfd74f9aa8ddb45ab1db8cfc,0.033,,,
2302,2026-08-28,SH600010,-0.022435765713453293,EXP_LinearModel_Alpha158_csi300_custom_step0_s_20260830_16,cf5a40cebfd74f9aa8ddb45ab1db8cfc,0.033,,,
2303,2026-08-28,SH600039,-0.045207444578409195,EXP_LinearModel_Alpha158_csi300_custom_step0_s_20260830_16,cf5a40cebfd74f9aa8ddb45ab1db8cfc,0.033,,,
2304,2026-08-28,SH600900,0.04901060461997986,EXP_LinearModel_Alpha158_csi300_custom_step0_s_20260830_16,cf5a40cebfd74f9aa8ddb45ab1db8cfc,0.033,,,
2305,2026-08-28,SH600048,-0.013498610816895962,EXP_LinearModel_Alpha158_csi300_custom_step0_s_20260830_16,cf5a40cebfd74f9aa8ddb45ab1db8cfc,0.033,,,
2306,2026-08-28,SH600061,-0.02078307792544365,EXP_LinearModel_Alpha158_csi300_custom_step0_s_20260830_16,cf5a40cebfd74f9aa8ddb45ab1db8cfc,0.033,,,
2307,2026-08-28,SH600221,0.07453478872776031,EXP_LinearModel_Alpha158_csi300_custom_step0_s_20260830_16,cf5a40cebfd74f9aa8ddb45ab1db8cfc,0.033,,,
2308,2026-08-28,SH600219,-0.06939931213855743,EXP_LinearModel_Alpha158_csi300_custom_step0_s_20260830_16,cf5a40cebfd74f9aa8ddb45ab1db8cfc,0.033,,,
2309,2026-08-28,SH600196,-0.017601825296878815,EXP_LinearModel_Alpha158_csi300_custom_step0_s_20260830_16,cf5a40cebfd74f9aa8ddb45ab1db8cfc,0.033,,,
2310,2026-08-28,SH600188,0.050664182752370834,EXP_LinearModel_Alpha158_csi300_custom_step0_s_20260830_16,cf5a40cebfd74f9aa8ddb45ab1db8cfc,0.033,,,
2311,2026-08-28,SH600183,-0.04704819247126579,EXP_LinearModel_Alpha158_csi300_custom_step0_s_20260830_16,cf5a40cebfd74f9aa8ddb45ab1db8cfc,0.033,,,
2312,2026-08-28,SH600176,-0.07283104956150055,EXP_LinearModel_Alpha158_csi300_custom_step0_s_20260830_16,cf5a40cebfd74f9aa8ddb45ab1db8cfc,0.033,,,
2313,2026-08-28,SH600160,-0.045883260667324066,EXP_LinearModel_Alpha158_csi300_custom_step0_s_20260830_16,cf5a40cebfd74f9aa8ddb45ab1db8cfc,0.033,,,
2314,2026-08-28,SH600150,0.052894413471221924,EXP_LinearModel_Alpha158_csi300_custom_step0_s_20260830_16,cf5a40cebfd74f9aa8ddb45ab1db8cfc,0.033,,,
2315,2026-08-28,SH600118,-0.012215616181492805,EXP_LinearModel_Alpha158_csi300_custom_step0_s_20260830_16,cf5a40cebfd74f9aa8ddb45ab1db8cfc,0.033,,,
2316,2026-08-28,SH600115,0.03442160040140152,EXP_LinearModel_Alpha158_csi300_custom_step0_s_20260830_16,cf5a40cebfd74f9aa8ddb45ab1db8cfc,0.033,,,
2317,2026-08-28,SH600111,0.014055865816771984,EXP_LinearModel_Alpha158_csi300_custom_step0_s_20260830_16,cf5a40cebfd74f9aa8ddb45ab1db8cfc,0.033,,,
2318,2026-08-28,SH600104,-0.0021232878789305687,EXP_LinearModel_Alpha158_csi300_custom_step0_s_20260830_16,cf5a40cebfd74f9aa8ddb45ab1db8cfc,0.033,,,
2319,2026-08-28,SH600089,0.041856419295072556,EXP_LinearModel_Alpha158_csi300_custom_step0_s_20260830_16,cf5a40cebfd74f9aa8ddb45ab1db8cfc,0.033,,,
2320,2026-08-28,SH600085,-0.06723974645137787,EXP_LinearModel_Alpha158_csi300_custom_step0_s_20260830_16,cf5a40cebfd74f9aa8ddb45ab1db8cfc,0.033,,,
2321,2026-08-28,SH600066,-0.0327252633869648,EXP_LinearModel_Alpha158_csi300_custom_step0_s_20260830_16,cf5a40cebfd74f9aa8ddb45ab1db8cfc,0.033,,,
2322,2026-08-28,SH600050,0.007009560242295265,EXP_LinearModel_Alpha158_csi300_custom_step0_s_20260830_16,cf5a40cebfd74f9aa8ddb45ab1db8cfc,0.033,,,
2323,2026-08-28,SH601919,0.0325479581952095,EXP_LinearModel_Alpha158_csi300_custom_step0_s_20260830_16,cf5a40cebfd74f9aa8ddb45ab1db8cfc,0.033,,,
2324,2026-08-28,SH600905,0.046555738896131516,EXP_LinearModel_Alpha158_csi300_custom_step0_s_20260830_16,cf5a40cebfd74f9aa8ddb45ab1db8cfc,0.033,,,
2325,2026-08-28,SH600919,0.03164101392030716,EXP_LinearModel_Alpha158_csi300_custom_step0_s_20260830_16,cf5a40cebfd74f9aa8ddb45ab1db8cfc,0.033,,,
2326,2026-08-28,SH601698,0.05321883782744408,EXP_LinearModel_Alpha158_csi300_custom_step0_s_20260830_16,cf5a40cebfd74f9aa8ddb45ab1db8cfc,0.033,,,
2327,2026-08-28,SH601689,0.10652954876422882,EXP_LinearModel_Alpha158_csi300_custom_step0_s_20260830_16,cf5a40cebfd74f9aa8ddb45ab1db8cfc,0.033,,,
2328,2026-08-28,SH601688,-0.010650808922946453,EXP_LinearModel_Alpha158_csi300_custom_step0_s_20260830_16,cf5a40cebfd74f9aa8ddb45ab1db8cfc,0.033,,,
2329,2026-08-28,SH601669,-0.02255089394748211,EXP_LinearModel_Alpha158_csi300_custom_step0_s_20260830_16,cf5a40cebfd74f9aa8ddb45ab1db8cfc,0.033,,,
2330,2026-08-28,SH601668,0.031102990731596947,EXP_LinearModel_Alpha158_csi300_custom_step0_s_20260830_16,cf5a40cebfd74f9aa8ddb45ab1db8cfc,0.033,,,
2331,2026-08-28,SH601658,-0.036901555955410004,EXP_LinearModel_Alpha158_csi300_custom_step0_s_20260830_16,cf5a40cebfd74f9aa8ddb45ab1db8cfc,0.033,,,
2332,2026-08-28,SH601727,0.015887722373008728,EXP_LinearModel_Alpha158_csi300_custom_step0_s_20260830_16,cf5a40cebfd74f9aa8ddb45ab1db8cfc,0.033,,,
2333,2026-08-28,SH601633,0.05081760883331299,EXP_LinearModel_Alpha158_csi300_custom_step0_s_20260830_16,cf5a40cebfd74f9aa8ddb45ab1db8cfc,0.033,,,
2334,2026-08-28,SH601618,-0.0702868103981018,EXP_LinearModel_Alpha158_csi300_custom_step0_s_20260830_16,cf5a40cebfd74f9aa8ddb45ab1db8cfc,0.033,,,
2335,2026-08-28,SH601607,0.014833970926702023,EXP_LinearModel_Alpha158_csi300_custom_step0_s_20260830_16,cf5a40cebfd74f9aa8ddb45ab1db8cfc,0.033,,,
2336,2026-08-28,SH601601,0.013163767755031586,EXP_LinearModel_Alpha158_csi300_custom_step0_s_20260830_16,cf5a40cebfd74f9aa8ddb45ab1db8cfc,0.033,,,
2337,2026-08-28,SH601600,-0.08340781927108765,EXP_LinearModel_Alpha158_csi300_custom_step0_s_20260830_16,cf5a40cebfd74f9aa8ddb45ab1db8cfc,0.033,,,
2338,2026-08-28,SH601456,-0.028174830600619316,EXP_LinearModel_Alpha158_csi300_custom_step0_s_20260830_16,cf5a40cebfd74f9aa8ddb45ab1db8cfc,0.033,,,
2339,2026-08-28,SH601398,0.09868333488702774,EXP_LinearModel_Alpha158_csi300_custom_step0_s_20260830_16,cf5a40cebfd74f9aa8ddb45ab1db8cfc,0.033,,,
2340,2026-08-28,SH601628,-0.05363824963569641,EXP_LinearModel_Alpha158_csi300_custom_step0_s_20260830_16,cf5a40cebfd74f9aa8ddb45ab1db8cfc,0.033,,,
2341,2026-08-28,SH601728,0.0008275773143395782,EXP_LinearModel_Alpha158_csi300_custom_step0_s_20260830_16,cf5a40cebfd74f9aa8ddb45ab1db8cfc,0.033,,,
2342,2026-08-28,SH601766,0.07266369462013245,EXP_LinearModel_Alpha158_csi300_custom_step0_s_20260830_16,cf5a40cebfd74f9aa8ddb45ab1db8cfc,0.033,,,
2343,2026-08-28,SH601788,-0.014721528626978397,EXP_LinearModel_Alpha158_csi300_custom_step0_s_20260830_16,cf5a40cebfd74f9aa8ddb45ab1db8cfc,0.033,,,
2344,2026-08-28,SH601901,-0.029592640697956085,EXP_LinearModel_Alpha158_csi300_custom_step0_s_20260830_16,cf5a40cebfd74f9aa8ddb45ab1db8cfc,0.033,,,
2345,2026-08-28,SH601899,-0.04154787212610245,EXP_LinearModel_Alpha158_csi300_custom_step0_s_20260830_16,cf5a40cebfd74f9aa8ddb45ab1db8cfc,0.033,,,
2346,2026-08-28,SH601898,-0.03548581898212433,EXP_LinearModel_Alpha158_csi300_custom_step0_s_20260830_16,cf5a40cebfd74f9aa8ddb45ab1db8cfc,0.033,,,
2347,2026-08-28,SH601888,9.135482832789421e-05,EXP_LinearModel_Alpha158_csi300_custom_step0_s_20260830_16,cf5a40cebfd74f9aa8ddb45ab1db8cfc,0.033,,,
2348,2026-08-28,SH601881,-0.07504916936159134,EXP_LinearModel_Alpha158_csi300_custom_step0_s_20260830_16,cf5a40cebfd74f9aa8ddb45ab1db8cfc,0.033,,,
2349,2026-08-28,SH601878,-0.09585222601890564,EXP_LinearModel_Alpha158_csi300_custom_step0_s_20260830_16,cf5a40cebfd74f9aa8ddb45ab1db8cfc,0.033,,,
2350,2026-08-28,SH601877,0.014046214520931244,EXP_LinearModel_Alpha158_csi300_custom_step0_s_20260830_16,cf5a40cebfd74f9aa8ddb45ab1db8cfc,0.033,,,
2351,2026-08-28,SH601872,-0.014251288026571274,EXP_LinearModel_Alpha158_csi300_custom_step0_s_20260830_16,cf5a40cebfd74f9aa8ddb45ab1db8cfc,0.033,,,
2352,2026-08-28,SH601868,0.052471231669187546,EXP_LinearModel_Alpha158_csi300_custom_step0_s_20260830_16,cf5a40cebfd74f9aa8ddb45ab1db8cfc,0.033,,,
2353,2026-08-28,SH601857,0.0746375322341919,EXP_LinearModel_Alpha158_csi300_custom_step0_s_20260830_16,cf5a40cebfd74f9aa8ddb45ab1db8cfc,0.033,,,
2354,2026-08-28,SH601838,0.06323713064193726,EXP_LinearModel_Alpha158_csi300_custom_step0_s_20260830_16,cf5a40cebfd74f9aa8ddb45ab1db8cfc,0.033,,,
2355,2026-08-28,SH601825,0.07694889605045319,EXP_LinearModel_Alpha158_csi300_custom_step0_s_20260830_16,cf5a40cebfd74f9aa8ddb45ab1db8cfc,0.033,,,
2356,2026-08-28,SH601818,0.007620963733643293,EXP_LinearModel_Alpha158_csi300_custom_step0_s_20260830_16,cf5a40cebfd74f9aa8ddb45ab1db8cfc,0.033,,,
2357,2026-08-28,SH601816,-0.012608309276401997,EXP_LinearModel_Alpha158_csi300_custom_step0_s_20260830_16,cf5a40cebfd74f9aa8ddb45ab1db8cfc,0.033,,,
2358,2026-08-28,SH601800,-0.012639370746910572,EXP_LinearModel_Alpha158_csi300_custom_step0_s_20260830_16,cf5a40cebfd74f9aa8ddb45ab1db8cfc,0.033,,,
2359,2026-08-28,SH601390,-0.06468766927719116,EXP_LinearModel_Alpha158_csi300_custom_step0_s_20260830_16,cf5a40cebfd74f9aa8ddb45ab1db8cfc,0.033,,,
2360,2026-08-28,SH601377,-0.10909701138734818,EXP_LinearModel_Alpha158_csi300_custom_step0_s_20260830_16,cf5a40cebfd74f9aa8ddb45ab1db8cfc,0.033,,,
2361,2026-08-28,SH601360,0.011284889653325081,EXP_LinearModel_Alpha158_csi300_custom_step0_s_20260830_16,cf5a40cebfd74f9aa8ddb45ab1db8cfc,0.033,,,
2362,2026-08-28,SH601336,-0.0690162256360054,EXP_LinearModel_Alpha158_csi300_custom_step0_s_20260830_16,cf5a40cebfd74f9aa8ddb45ab1db8cfc,0.033,,,
2363,2026-08-28,SH601066,-0.06879003345966339,EXP_LinearModel_Alpha158_csi300_custom_step0_s_20260830_16,cf5a40cebfd74f9aa8ddb45ab1db8cfc,0.033,,,
2364,2026-08-28,SH601059,-0.051028694957494736,EXP_LinearModel_Alpha158_csi300_custom_step0_s_20260830_16,cf5a40cebfd74f9aa8ddb45ab1db8cfc,0.033,,,
2365,2026-08-28,SH601058,-0.010186891071498394,EXP_LinearModel_Alpha158_csi300_custom_step0_s_20260830_16,cf5a40cebfd74f9aa8ddb45ab1db8cfc,0.033,,,
2366,2026-08-28,SH601021,-0.01301234494894743,EXP_LinearModel_Alpha158_csi300_custom_step0_s_20260830_16,cf5a40cebfd74f9aa8ddb45ab1db8cfc,0.033,,,
2367,2026-08-28,SH601018,0.019338475540280342,EXP_LinearModel_Alpha158_csi300_custom_step0_s_20260830_16,cf5a40cebfd74f9aa8ddb45ab1db8cfc,0.033,,,
2368,2026-08-28,SH601012,-0.0030849426984786987,EXP_LinearModel_Alpha158_csi300_custom_step0_s_20260830_16,cf5a40cebfd74f9aa8ddb45ab1db8cfc,0.033,,,
2369,2026-08-28,SH601009,0.012813074514269829,EXP_LinearModel_Alpha158_csi300_custom_step0_s_20260830_16,cf5a40cebfd74f9aa8ddb45ab1db8cfc,0.033,,,
2370,2026-08-28,SH601006,-0.020692642778158188,EXP_LinearModel_Alpha158_csi300_custom_step0_s_20260830_16,cf5a40cebfd74f9aa8ddb45ab1db8cfc,0.033,,,
2371,2026-08-28,SH600999,-0.0006821269635111094,EXP_LinearModel_Alpha158_csi300_custom_step0_s_20260830_16,cf5a40cebfd74f9aa8ddb45ab1db8cfc,0.033,,,
2372,2026-08-28,SH600989,-0.037035804241895676,EXP_LinearModel_Alpha158_csi300_custom_step0_s_20260830_16,cf5a40cebfd74f9aa8ddb45ab1db8cfc,0.033,,,
2373,2026-08-28,SH600958,-0.0036060791462659836,EXP_LinearModel_Alpha158_csi300_custom_step0_s_20260830_16,cf5a40cebfd74f9aa8ddb45ab1db8cfc,0.033,,,
2374,2026-08-28,SH600941,0.016259007155895233,EXP_LinearModel_Alpha158_csi300_custom_step0_s_20260830_16,cf5a40cebfd74f9aa8ddb45ab1db8cfc,0.033,,,
2375,2026-08-28,SH600938,0.0650450736284256,EXP_LinearModel_Alpha158_csi300_custom_step0_s_20260830_16,cf5a40cebfd74f9aa8ddb45ab1db8cfc,0.033,,,
2376,2026-08-28,SH600930,0.020161068066954613,EXP_LinearModel_Alpha158_csi300_custom_step0_s_20260830_16,cf5a40cebfd74f9aa8ddb45ab1db8cfc,0.033,,,
2377,2026-08-28,SH600926,0.03149091452360153,EXP_LinearModel_Alpha158_csi300_custom_step0_s_20260830_16,cf5a40cebfd74f9aa8ddb45ab1db8cfc,0.033,,,
2378,2026-08-28,SH601077,0.09066443145275116,EXP_LinearModel_Alpha158_csi300_custom_step0_s_20260830_16,cf5a40cebfd74f9aa8ddb45ab1db8cfc,0.033,,,
2379,2026-08-28,SH600918,0.009650174528360367,EXP_LinearModel_Alpha158_csi300_custom_step0_s_20260830_16,cf5a40cebfd74f9aa8ddb45ab1db8cfc,0.033,,,
2380,2026-08-28,SH601088,0.10020960122346878,EXP_LinearModel_Alpha158_csi300_custom_step0_s_20260830_16,cf5a40cebfd74f9aa8ddb45ab1db8cfc,0.033,,,
2381,2026-08-28,SH601111,-0.04978742077946663,EXP_LinearModel_Alpha158_csi300_custom_step0_s_20260830_16,cf5a40cebfd74f9aa8ddb45ab1db8cfc,0.033,,,
2382,2026-08-28,SH601328,0.06464102119207382,EXP_LinearModel_Alpha158_csi300_custom_step0_s_20260830_16,cf5a40cebfd74f9aa8ddb45ab1db8cfc,0.033,,,
2383,2026-08-28,SH601319,0.00634267320856452,EXP_LinearModel_Alpha158_csi300_custom_step0_s_20260830_16,cf5a40cebfd74f9aa8ddb45ab1db8cfc,0.033,,,
2384,2026-08-28,SH601318,0.04616622254252434,EXP_LinearModel_Alpha158_csi300_custom_step0_s_20260830_16,cf5a40cebfd74f9aa8ddb45ab1db8cfc,0.033,,,
2385,2026-08-28,SH601288,0.09867999702692032,EXP_LinearModel_Alpha158_csi300_custom_step0_s_20260830_16,cf5a40cebfd74f9aa8ddb45ab1db8cfc,0.033,,,
2386,2026-08-28,SH601238,0.04538872838020325,EXP_LinearModel_Alpha158_csi300_custom_step0_s_20260830_16,cf5a40cebfd74f9aa8ddb45ab1db8cfc,0.033,,,
2387,2026-08-28,SH601229,0.01896078884601593,EXP_LinearModel_Alpha158_csi300_custom_step0_s_20260830_16,cf5a40cebfd74f9aa8ddb45ab1db8cfc,0.033,,,
2388,2026-08-28,SH601225,0.020819837227463722,EXP_LinearModel_Alpha158_csi300_custom_step0_s_20260830_16,cf5a40cebfd74f9aa8ddb45ab1db8cfc,0.033,,,
2389,2026-08-28,SH601211,0.03260952606797218,EXP_LinearModel_Alpha158_csi300_custom_step0_s_20260830_16,cf5a40cebfd74f9aa8ddb45ab1db8cfc,0.033,,,
2390,2026-08-28,SH601186,-0.05440367013216019,EXP_LinearModel_Alpha158_csi300_custom_step0_s_20260830_16,cf5a40cebfd74f9aa8ddb45ab1db8cfc,0.033,,,
2391,2026-08-28,SH601169,-0.02861035242676735,EXP_LinearModel_Alpha158_csi300_custom_step0_s_20260830_16,cf5a40cebfd74f9aa8ddb45ab1db8cfc,0.033,,,
2392,2026-08-28,SH601166,-0.041732169687747955,EXP_LinearModel_Alpha158_csi300_custom_step0_s_20260830_16,cf5a40cebfd74f9aa8ddb45ab1db8cfc,0.033,,,
2393,2026-08-28,SH601138,-0.02291058376431465,EXP_LinearModel_Alpha158_csi300_custom_step0_s_20260830_16,cf5a40cebfd74f9aa8ddb45ab1db8cfc,0.033,,,
2394,2026-08-28,SH601136,-0.09127792716026306,EXP_LinearModel_Alpha158_csi300_custom_step0_s_20260830_16,cf5a40cebfd74f9aa8ddb45ab1db8cfc,0.033,,,
2395,2026-08-28,SH601127,0.07860621809959412,EXP_LinearModel_Alpha158_csi300_custom_step0_s_20260830_16,cf5a40cebfd74f9aa8ddb45ab1db8cfc,0.033,,,
2396,2026-08-28,SH601117,-0.029707305133342743,EXP_LinearModel_Alpha158_csi300_custom_step0_s_20260830_16,cf5a40cebfd74f9aa8ddb45ab1db8cfc,0.033,,,
2397,2026-08-28,SH601100,0.04059957340359688,EXP_LinearModel_Alpha158_csi300_custom_step0_s_20260830_16,cf5a40cebfd74f9aa8ddb45ab1db8cfc,0.033,,,
2398,2026-08-28,SH600000,0.0788768837173716,EXP_DEnsembleModel_Alpha158_csi300_custom_step0_s_20260830_16,dc5c8d08bcab4d719d74d0142657a06d,0.026,,,
2399,2026-08-28,SZ302132,0.07140049304079751,EXP_DEnsembleModel_Alpha158_csi300_custom_step0_s_20260830_16,3220c308b13f44f29a9d46be8c884b8c,0.109,,,
2400,2026-08-28,SZ301308,-0.0731116398911433,EXP_DEnsembleModel_Alpha158_csi300_custom_step0_s_20260830_16,3220c308b13f44f29a9d46be8c884b8c,0.109,,,
2401,2026-08-28,SZ000596,-0.0025782239045421726,EXP_CatBoostModel_Alpha158_csi300_custom_step0_s_20260830_19,dee95aaedf184ccd8e26c80c0d6ec8d2,0.042,,,
2402,2026-08-28,SZ000568,-0.0025782239045421726,EXP_CatBoostModel_Alpha158_csi300_custom_step0_s_20260830_19,dee95aaedf184ccd8e26c80c0d6ec8d2,0.042,,,
2403,2026-08-28,SZ000538,-0.00028749902253916854,EXP_CatBoostModel_Alpha158_csi300_custom_step0_s_20260830_19,dee95aaedf184ccd8e26c80c0d6ec8d2,0.042,,,
2404,2026-08-28,SZ000425,0.0024978214538894823,EXP_CatBoostModel_Alpha158_csi300_custom_step0_s_20260830_19,dee95aaedf184ccd8e26c80c0d6ec8d2,0.042,,,
2405,2026-08-28,SZ000408,-0.0013953751945912506,EXP_CatBoostModel_Alpha158_csi300_custom_step0_s_20260830_19,dee95aaedf184ccd8e26c80c0d6ec8d2,0.042,,,
2406,2026-08-28,SZ000338,-0.0014804384835870163,EXP_CatBoostModel_Alpha158_csi300_custom_step0_s_20260830_19,dee95aaedf184ccd8e26c80c0d6ec8d2,0.042,,,
2407,2026-08-28,SZ000617,-0.0025782239045421726,EXP_CatBoostModel_Alpha158_csi300_custom_step0_s_20260830_19,dee95aaedf184ccd8e26c80c0d6ec8d2,0.042,,,
2408,2026-08-28,SZ000333,0.0014247072552608622,EXP_CatBoostModel_Alpha158_csi300_custom_step0_s_20260830_19,dee95aaedf184ccd8e26c80c0d6ec8d2,0.042,,,
2409,2026-08-28,SZ000166,0.0035326204080431876,EXP_CatBoostModel_Alpha158_csi300_custom_step0_s_20260830_19,dee95aaedf184ccd8e26c80c0d6ec8d2,0.042,,,
2410,2026-08-28,SZ000157,0.000785091968602245,EXP_CatBoostModel_Alpha158_csi300_custom_step0_s_20260830_19,dee95aaedf184ccd8e26c80c0d6ec8d2,0.042,,,
2411,2026-08-28,SZ000100,-0.0025782239045421726,EXP_CatBoostModel_Alpha158_csi300_custom_step0_s_20260830_19,dee95aaedf184ccd8e26c80c0d6ec8d2,0.042,,,
2412,2026-08-28,SZ000063,-0.004605315259142329,EXP_CatBoostModel_Alpha158_csi300_custom_step0_s_20260830_19,dee95aaedf184ccd8e26c80c0d6ec8d2,0.042,,,
2413,2026-08-28,SZ000002,0.0024978214538894823,EXP_CatBoostModel_Alpha158_csi300_custom_step0_s_20260830_19,dee95aaedf184ccd8e26c80c0d6ec8d2,0.042,,,
2414,2026-08-28,SZ000001,0.0018006081509171679,EXP_CatBoostModel_Alpha158_csi300_custom_step0_s_20260830_19,dee95aaedf184ccd8e26c80c0d6ec8d2,0.042,,,
2415,2026-08-28,SZ000301,-0.0014804384835870163,EXP_CatBoostModel_Alpha158_csi300_custom_step0_s_20260830_19,dee95aaedf184ccd8e26c80c0d6ec8d2,0.042,,,
2416,2026-08-28,SZ000625,0.0017167955147045205,EXP_CatBoostModel_Alpha158_csi300_custom_step0_s_20260830_19,dee95aaedf184ccd8e26c80c0d6ec8d2,0.042,,,
2417,2026-08-28,SZ000630,-0.0025782239045421726,EXP_CatBoostModel_Alpha158_csi300_custom_step0_s_20260830_19,dee95aaedf184ccd8e26c80c0d6ec8d2,0.042,,,
2418,2026-08-28,SZ000651,0.0014247072552608622,EXP_CatBoostModel_Alpha158_csi300_custom_step0_s_20260830_19,dee95aaedf184ccd8e26c80c0d6ec8d2,0.042,,,
2419,2026-08-28,SZ000999,-0.0034224665491914066,EXP_CatBoostModel_Alpha158_csi300_custom_step0_s_20260830_19,dee95aaedf184ccd8e26c80c0d6ec8d2,0.042,,,
2420,2026-08-28,SZ000988,-0.003471107285102697,EXP_CatBoostModel_Alpha158_csi300_custom_step0_s_20260830_19,dee95aaedf184ccd8e26c80c0d6ec8d2,0.042,,,
2421,2026-08-28,SZ000977,-0.0054981986397028525,EXP_CatBoostModel_Alpha158_csi300_custom_step0_s_20260830_19,dee95aaedf184ccd8e26c80c0d6ec8d2,0.042,,,
2422,2026-08-28,SZ000975,0.0016508415177659715,EXP_CatBoostModel_Alpha158_csi300_custom_step0_s_20260830_19,dee95aaedf184ccd8e26c80c0d6ec8d2,0.042,,,
2423,2026-08-28,SZ000963,-0.0025782239045421726,EXP_CatBoostModel_Alpha158_csi300_custom_step0_s_20260830_19,dee95aaedf184ccd8e26c80c0d6ec8d2,0.042,,,
2424,2026-08-28,SZ000938,-0.003471107285102697,EXP_CatBoostModel_Alpha158_csi300_custom_step0_s_20260830_19,dee95aaedf184ccd8e26c80c0d6ec8d2,0.042,,,
2425,2026-08-28,SZ000895,0.002356410801363138,EXP_CatBoostModel_Alpha158_csi300_custom_step0_s_20260830_19,dee95aaedf184ccd8e26c80c0d6ec8d2,0.042,,,
2426,2026-08-28,SZ000858,0.0017167955147045205,EXP_CatBoostModel_Alpha158_csi300_custom_step0_s_20260830_19,dee95aaedf184ccd8e26c80c0d6ec8d2,0.042,,,
2427,2026-08-28,SZ000807,-0.0014804384835870163,EXP_CatBoostModel_Alpha158_csi300_custom_step0_s_20260830_19,dee95aaedf184ccd8e26c80c0d6ec8d2,0.042,,,
2428,2026-08-28,SZ000792,0.0020860566922193628,EXP_CatBoostModel_Alpha158_csi300_custom_step0_s_20260830_19,dee95aaedf184ccd8e26c80c0d6ec8d2,0.042,,,
2429,2026-08-28,SZ000776,-0.001956781680391143,EXP_CatBoostModel_Alpha158_csi300_custom_step0_s_20260830_19,dee95aaedf184ccd8e26c80c0d6ec8d2,0.042,,,
2430,2026-08-28,SZ000768,-4.357300173720661e-05,EXP_CatBoostModel_Alpha158_csi300_custom_step0_s_20260830_19,dee95aaedf184ccd8e26c80c0d6ec8d2,0.042,,,
2431,2026-08-28,SZ000725,-0.0025782239045421726,EXP_CatBoostModel_Alpha158_csi300_custom_step0_s_20260830_19,dee95aaedf184ccd8e26c80c0d6ec8d2,0.042,,,
2432,2026-08-28,SZ000708,0.0020860566922193628,EXP_CatBoostModel_Alpha158_csi300_custom_step0_s_20260830_19,dee95aaedf184ccd8e26c80c0d6ec8d2,0.042,,,
2433,2026-08-28,SZ000657,0.004395327285837591,EXP_CatBoostModel_Alpha158_csi300_custom_step0_s_20260830_19,dee95aaedf184ccd8e26c80c0d6ec8d2,0.042,,,
2434,2026-08-28,SH688981,-0.004605315259142329,EXP_CatBoostModel_Alpha158_csi300_custom_step0_s_20260830_19,dee95aaedf184ccd8e26c80c0d6ec8d2,0.042,,,
2435,2026-08-28,SH688521,0.009079029070579501,EXP_CatBoostModel_Alpha158_csi300_custom_step0_s_20260830_19,dee95aaedf184ccd8e26c80c0d6ec8d2,0.042,,,
2436,2026-08-28,SH688506,-0.004605315259142329,EXP_CatBoostModel_Alpha158_csi300_custom_step0_s_20260830_19,dee95aaedf184ccd8e26c80c0d6ec8d2,0.042,,,
2437,2026-08-28,SH688472,-0.0014804384835870163,EXP_CatBoostModel_Alpha158_csi300_custom_step0_s_20260830_19,dee95aaedf184ccd8e26c80c0d6ec8d2,0.042,,,
2438,2026-08-28,SH603986,-0.003471107285102697,EXP_CatBoostModel_Alpha158_csi300_custom_step0_s_20260830_19,dee95aaedf184ccd8e26c80c0d6ec8d2,0.042,,,
2439,2026-08-28,SH603893,-0.0054981986397028525,EXP_CatBoostModel_Alpha158_csi300_custom_step0_s_20260830_19,dee95aaedf184ccd8e26c80c0d6ec8d2,0.042,,,
2440,2026-08-28,SH603799,-0.0025782239045421726,EXP_CatBoostModel_Alpha158_csi300_custom_step0_s_20260830_19,dee95aaedf184ccd8e26c80c0d6ec8d2,0.042,,,
2441,2026-08-28,SH603501,-0.003471107285102697,EXP_CatBoostModel_Alpha158_csi300_custom_step0_s_20260830_19,dee95aaedf184ccd8e26c80c0d6ec8d2,0.042,,,
2442,2026-08-28,SH603392,-0.0023733218641475403,EXP_CatBoostModel_Alpha158_csi300_custom_step0_s_20260830_19,dee95aaedf184ccd8e26c80c0d6ec8d2,0.042,,,
2443,2026-08-28,SH603369,-0.0025782239045421726,EXP_CatBoostModel_Alpha158_csi300_custom_step0_s_20260830_19,dee95aaedf184ccd8e26c80c0d6ec8d2,0.042,,,
2444,2026-08-28,SH603296,-0.003471107285102697,EXP_CatBoostModel_Alpha158_csi300_custom_step0_s_20260830_19,dee95aaedf184ccd8e26c80c0d6ec8d2,0.042,,,
2445,2026-08-28,SH603288,-0.0014804384835870163,EXP_CatBoostModel_Alpha158_csi300_custom_step0_s_20260830_19,dee95aaedf184ccd8e26c80c0d6ec8d2,0.042,,,
2446,2026-08-28,SH603260,-0.0025782239045421726,EXP_CatBoostModel_Alpha158_csi300_custom_step0_s_20260830_19,dee95aaedf184ccd8e26c80c0d6ec8d2,0.042,,,
2447,2026-08-28,SH603259,0.008061250688038363,EXP_CatBoostModel_Alpha158_csi300_custom_step0_s_20260830_19,dee95aaedf184ccd8e26c80c0d6ec8d2,0.042,,,
2448,2026-08-28,SH603019,-0.004605315259142329,EXP_CatBoostModel_Alpha158_csi300_custom_step0_s_20260830_19,dee95aaedf184ccd8e26c80c0d6ec8d2,0.042,,,
2449,2026-08-28,SH601998,-0.0014804384835870163,EXP_CatBoostModel_Alpha158_csi300_custom_step0_s_20260830_19,dee95aaedf184ccd8e26c80c0d6ec8d2,0.042,,,
2450,2026-08-28,SH601995,0.0014247072552608622,EXP_CatBoostModel_Alpha158_csi300_custom_step0_s_20260830_19,dee95aaedf184ccd8e26c80c0d6ec8d2,0.042,,,
2451,2026-08-28,SH601988,0.0029834568608680897,EXP_CatBoostModel_Alpha158_csi300_custom_step0_s_20260830_19,dee95aaedf184ccd8e26c80c0d6ec8d2,0.042,,,
2452,2026-08-28,SH601985,0.0020709792543159907,EXP_CatBoostModel_Alpha158_csi300_custom_step0_s_20260830_19,dee95aaedf184ccd8e26c80c0d6ec8d2,0.042,,,
2453,2026-08-28,SH603993,-0.0025782239045421726,EXP_CatBoostModel_Alpha158_csi300_custom_step0_s_20260830_19,dee95aaedf184ccd8e26c80c0d6ec8d2,0.042,,,
2454,2026-08-28,SZ001280,-0.003471107285102697,EXP_CatBoostModel_Alpha158_csi300_custom_step0_s_20260830_19,dee95aaedf184ccd8e26c80c0d6ec8d2,0.042,,,
2455,2026-08-28,SH605117,-0.003471107285102697,EXP_CatBoostModel_Alpha158_csi300_custom_step0_s_20260830_19,dee95aaedf184ccd8e26c80c0d6ec8d2,0.042,,,
2456,2026-08-28,SH688008,-0.0054981986397028525,EXP_CatBoostModel_Alpha158_csi300_custom_step0_s_20260830_19,dee95aaedf184ccd8e26c80c0d6ec8d2,0.042,,,
2457,2026-08-28,SH688396,-0.003471107285102697,EXP_CatBoostModel_Alpha158_csi300_custom_step0_s_20260830_19,dee95aaedf184ccd8e26c80c0d6ec8d2,0.042,,,
2458,2026-08-28,SH688303,-0.0025782239045421726,EXP_CatBoostModel_Alpha158_csi300_custom_step0_s_20260830_19,dee95aaedf184ccd8e26c80c0d6ec8d2,0.042,,,
2459,2026-08-28,SH688271,-0.0013953751945912506,EXP_CatBoostModel_Alpha158_csi300_custom_step0_s_20260830_19,dee95aaedf184ccd8e26c80c0d6ec8d2,0.042,,,
2460,2026-08-28,SH688256,-0.0023733218641475403,EXP_CatBoostModel_Alpha158_csi300_custom_step0_s_20260830_19,dee95aaedf184ccd8e26c80c0d6ec8d2,0.042,,,
2461,2026-08-28,SH688223,-0.0014804384835870163,EXP_CatBoostModel_Alpha158_csi300_custom_step0_s_20260830_19,dee95aaedf184ccd8e26c80c0d6ec8d2,0.042,,,
2462,2026-08-28,SH688183,-0.0014804384835870163,EXP_CatBoostModel_Alpha158_csi300_custom_step0_s_20260830_19,dee95aaedf184ccd8e26c80c0d6ec8d2,0.042,,,
2463,2026-08-28,SH688126,-0.003471107285102697,EXP_CatBoostModel_Alpha158_csi300_custom_step0_s_20260830_19,dee95aaedf184ccd8e26c80c0d6ec8d2,0.042,,,
2464,2026-08-28,SH688111,-0.003471107285102697,EXP_CatBoostModel_Alpha158_csi300_custom_step0_s_20260830_19,dee95aaedf184ccd8e26c80c0d6ec8d2,0.042,,,
2465,2026-08-28,SH688082,-0.003471107285102697,EXP_CatBoostModel_Alpha158_csi300_custom_step0_s_20260830_19,dee95aaedf184ccd8e26c80c0d6ec8d2,0.042,,,
2466,2026-08-28,SH688072,-0.0054981986397028525,EXP_CatBoostModel_Alpha158_csi300_custom_step0_s_20260830_19,dee95aaedf184ccd8e26c80c0d6ec8d2,0.042,,,
2467,2026-08-28,SH688047,-0.004605315259142329,EXP_CatBoostModel_Alpha158_csi300_custom_step0_s_20260830_19,dee95aaedf184ccd8e26c80c0d6ec8d2,0.042,,,
2468,2026-08-28,SH688041,0.012744952472780274,EXP_CatBoostModel_Alpha158_csi300_custom_step0_s_20260830_19,dee95aaedf184ccd8e26c80c0d6ec8d2,0.042,,,
2469,2026-08-28,SH688036,-0.0025782239045421726,EXP_CatBoostModel_Alpha158_csi300_custom_step0_s_20260830_19,dee95aaedf184ccd8e26c80c0d6ec8d2,0.042,,,
2470,2026-08-28,SH688012,-0.0054981986397028525,EXP_CatBoostModel_Alpha158_csi300_custom_step0_s_20260830_19,dee95aaedf184ccd8e26c80c0d6ec8d2,0.042,,,
2471,2026-08-28,SH688009,0.005810205573043855,EXP_CatBoostModel_Alpha158_csi300_custom_step0_s_20260830_19,dee95aaedf184ccd8e26c80c0d6ec8d2,0.042,,,
2472,2026-08-28,SH605499,0.0020860566922193628,EXP_CatBoostModel_Alpha158_csi300_custom_step0_s_20260830_19,dee95aaedf184ccd8e26c80c0d6ec8d2,0.042,,,
2473,2026-08-28,SH601939,0.003413382150387555,EXP_CatBoostModel_Alpha158_csi300_custom_step0_s_20260830_19,dee95aaedf184ccd8e26c80c0d6ec8d2,0.042,,,
2474,2026-08-28,SZ001391,0.0024978214538894823,EXP_CatBoostModel_Alpha158_csi300_custom_step0_s_20260830_19,dee95aaedf184ccd8e26c80c0d6ec8d2,0.042,,,
2475,2026-08-28,SZ001979,0.005278681767158084,EXP_CatBoostModel_Alpha158_csi300_custom_step0_s_20260830_19,dee95aaedf184ccd8e26c80c0d6ec8d2,0.042,,,
2476,2026-08-28,SZ300408,0.002974752451368543,EXP_CatBoostModel_Alpha158_csi300_custom_step0_s_20260830_19,dee95aaedf184ccd8e26c80c0d6ec8d2,0.042,,,
2477,2026-08-28,SZ300394,-0.003906524872955516,EXP_CatBoostModel_Alpha158_csi300_custom_step0_s_20260830_19,dee95aaedf184ccd8e26c80c0d6ec8d2,0.042,,,
2478,2026-08-28,SZ300316,-0.0054981986397028525,EXP_CatBoostModel_Alpha158_csi300_custom_step0_s_20260830_19,dee95aaedf184ccd8e26c80c0d6ec8d2,0.042,,,
2479,2026-08-28,SZ300308,-0.0023733218641475403,EXP_CatBoostModel_Alpha158_csi300_custom_step0_s_20260830_19,dee95aaedf184ccd8e26c80c0d6ec8d2,0.042,,,
2480,2026-08-28,SZ300274,-0.0025782239045421726,EXP_CatBoostModel_Alpha158_csi300_custom_step0_s_20260830_19,dee95aaedf184ccd8e26c80c0d6ec8d2,0.042,,,
2481,2026-08-28,SZ300251,-0.0034224665491914066,EXP_CatBoostModel_Alpha158_csi300_custom_step0_s_20260830_19,dee95aaedf184ccd8e26c80c0d6ec8d2,0.042,,,
2482,2026-08-28,SZ300413,-0.0025782239045421726,EXP_CatBoostModel_Alpha158_csi300_custom_step0_s_20260830_19,dee95aaedf184ccd8e26c80c0d6ec8d2,0.042,,,
2483,2026-08-28,SZ300124,-0.0025782239045421726,EXP_CatBoostModel_Alpha158_csi300_custom_step0_s_20260830_19,dee95aaedf184ccd8e26c80c0d6ec8d2,0.042,,,
2484,2026-08-28,SZ300059,-0.0013953751945912506,EXP_CatBoostModel_Alpha158_csi300_custom_step0_s_20260830_19,dee95aaedf184ccd8e26c80c0d6ec8d2,0.042,,,
2485,2026-08-28,SZ300033,-0.0025782239045421726,EXP_CatBoostModel_Alpha158_csi300_custom_step0_s_20260830_19,dee95aaedf184ccd8e26c80c0d6ec8d2,0.042,,,
2486,2026-08-28,SZ300015,-0.0002975897736360942,EXP_CatBoostModel_Alpha158_csi300_custom_step0_s_20260830_19,dee95aaedf184ccd8e26c80c0d6ec8d2,0.042,,,
2487,2026-08-28,SZ300014,-0.0013953751945912506,EXP_CatBoostModel_Alpha158_csi300_custom_step0_s_20260830_19,dee95aaedf184ccd8e26c80c0d6ec8d2,0.042,,,
2488,2026-08-28,SZ003816,-0.0014804384835870163,EXP_CatBoostModel_Alpha158_csi300_custom_step0_s_20260830_19,dee95aaedf184ccd8e26c80c0d6ec8d2,0.042,,,
2489,2026-08-28,SZ002938,-0.003471107285102697,EXP_CatBoostModel_Alpha158_csi300_custom_step0_s_20260830_19,dee95aaedf184ccd8e26c80c0d6ec8d2,0.042,,,
2490,2026-08-28,SZ300122,-0.0023733218641475403,EXP_CatBoostModel_Alpha158_csi300_custom_step0_s_20260830_19,dee95aaedf184ccd8e26c80c0d6ec8d2,0.042,,,
2491,2026-08-28,SZ300418,-0.003471107285102697,EXP_CatBoostModel_Alpha158_csi300_custom_step0_s_20260830_19,dee95aaedf184ccd8e26c80c0d6ec8d2,0.042,,,
2492,2026-08-28,SZ300433,-0.0023733218641475403,EXP_CatBoostModel_Alpha158_csi300_custom_step0_s_20260830_19,dee95aaedf184ccd8e26c80c0d6ec8d2,0.042,,,
2493,2026-08-28,SZ300442,-0.003471107285102697,EXP_CatBoostModel_Alpha158_csi300_custom_step0_s_20260830_19,dee95aaedf184ccd8e26c80c0d6ec8d2,0.042,,,
2494,2026-08-28,SZ301236,-0.003471107285102697,EXP_CatBoostModel_Alpha158_csi300_custom_step0_s_20260830_19,dee95aaedf184ccd8e26c80c0d6ec8d2,0.042,,,
2495,2026-08-28,SZ301165,0.002974752451368543,EXP_CatBoostModel_Alpha158_csi300_custom_step0_s_20260830_19,dee95aaedf184ccd8e26c80c0d6ec8d2,0.042,,,
2496,2026-08-28,SZ300999,0.0018006081509171679,EXP_CatBoostModel_Alpha158_csi300_custom_step0_s_20260830_19,dee95aaedf184ccd8e26c80c0d6ec8d2,0.042,,,
2497,2026-08-28,SZ300896,-0.004605315259142329,EXP_CatBoostModel_Alpha158_csi300_custom_step0_s_20260830_19,dee95aaedf184ccd8e26c80c0d6ec8d2,0.042,,,
2498,2026-08-28,SZ300866,-0.0014804384835870163,EXP_CatBoostModel_Alpha158_csi300_custom_step0_s_20260830_19,dee95aaedf184ccd8e26c80c0d6ec8d2,0.042,,,
2499,2026-08-28,SZ300832,-0.0025782239045421726,EXP_CatBoostModel_Alpha158_csi300_custom_step0_s_20260830_19,dee95aaedf184ccd8e26c80c0d6ec8d2,0.042,,,
2500,2026-08-28,SZ300803,-0.0025782239045421726,EXP_CatBoostModel_Alpha158_csi300_custom_step0_s_20260830_19,dee95aaedf184ccd8e26c80c0d6ec8d2,0.042,,,
2501,2026-08-28,SZ300760,-0.001956781680391143,EXP_CatBoostModel_Alpha158_csi300_custom_step0_s_20260830_19,dee95aaedf184ccd8e26c80c0d6ec8d2,0.042,,,
2502,2026-08-28,SZ300750,-0.0025782239045421726,EXP_CatBoostModel_Alpha158_csi300_custom_step0_s_20260830_19,dee95aaedf184ccd8e26c80c0d6ec8d2,0.042,,,
2503,2026-08-28,SZ300661,-0.003471107285102697,EXP_CatBoostModel_Alpha158_csi300_custom_step0_s_20260830_19,dee95aaedf184ccd8e26c80c0d6ec8d2,0.042,,,
2504,2026-08-28,SZ300628,-0.0025782239045421726,EXP_CatBoostModel_Alpha158_csi300_custom_step0_s_20260830_19,dee95aaedf184ccd8e26c80c0d6ec8d2,0.042,,,
2505,2026-08-28,SZ300502,0.002974752451368543,EXP_CatBoostModel_Alpha158_csi300_custom_step0_s_20260830_19,dee95aaedf184ccd8e26c80c0d6ec8d2,0.042,,,
2506,2026-08-28,SZ300498,0.0018006081509171679,EXP_CatBoostModel_Alpha158_csi300_custom_step0_s_20260830_19,dee95aaedf184ccd8e26c80c0d6ec8d2,0.042,,,
2507,2026-08-28,SZ300476,0.009079029070579501,EXP_CatBoostModel_Alpha158_csi300_custom_step0_s_20260830_19,dee95aaedf184ccd8e26c80c0d6ec8d2,0.042,,,
2508,2026-08-28,SZ300450,-0.0025782239045421726,EXP_CatBoostModel_Alpha158_csi300_custom_step0_s_20260830_19,dee95aaedf184ccd8e26c80c0d6ec8d2,0.042,,,
2509,2026-08-28,SZ002920,-0.0014804384835870163,EXP_CatBoostModel_Alpha158_csi300_custom_step0_s_20260830_19,dee95aaedf184ccd8e26c80c0d6ec8d2,0.042,,,
2510,2026-08-28,SZ002916,-0.003471107285102697,EXP_CatBoostModel_Alpha158_csi300_custom_step0_s_20260830_19,dee95aaedf184ccd8e26c80c0d6ec8d2,0.042,,,
2511,2026-08-28,SZ002837,-0.0023733218641475403,EXP_CatBoostModel_Alpha158_csi300_custom_step0_s_20260830_19,dee95aaedf184ccd8e26c80c0d6ec8d2,0.042,,,
2512,2026-08-28,SZ002736,0.0035326204080431876,EXP_CatBoostModel_Alpha158_csi300_custom_step0_s_20260830_19,dee95aaedf184ccd8e26c80c0d6ec8d2,0.042,,,
2513,2026-08-28,SZ002352,0.0020860566922193628,EXP_CatBoostModel_Alpha158_csi300_custom_step0_s_20260830_19,dee95aaedf184ccd8e26c80c0d6ec8d2,0.042,,,
2514,2026-08-28,SZ002311,0.0024978214538894823,EXP_CatBoostModel_Alpha158_csi300_custom_step0_s_20260830_19,dee95aaedf184ccd8e26c80c0d6ec8d2,0.042,,,
2515,2026-08-28,SZ002304,0.0010751332231227996,EXP_CatBoostModel_Alpha158_csi300_custom_step0_s_20260830_19,dee95aaedf184ccd8e26c80c0d6ec8d2,0.042,,,
2516,2026-08-28,SZ002241,-0.003471107285102697,EXP_CatBoostModel_Alpha158_csi300_custom_step0_s_20260830_19,dee95aaedf184ccd8e26c80c0d6ec8d2,0.042,,,
2517,2026-08-28,SZ002236,0.00272567197887798,EXP_CatBoostModel_Alpha158_csi300_custom_step0_s_20260830_19,dee95aaedf184ccd8e26c80c0d6ec8d2,0.042,,,
2518,2026-08-28,SZ002230,-0.0025782239045421726,EXP_CatBoostModel_Alpha158_csi300_custom_step0_s_20260830_19,dee95aaedf184ccd8e26c80c0d6ec8d2,0.042,,,
2519,2026-08-28,SZ002202,-0.0025782239045421726,EXP_CatBoostModel_Alpha158_csi300_custom_step0_s_20260830_19,dee95aaedf184ccd8e26c80c0d6ec8d2,0.042,,,
2520,2026-08-28,SZ002179,-0.0025782239045421726,EXP_CatBoostModel_Alpha158_csi300_custom_step0_s_20260830_19,dee95aaedf184ccd8e26c80c0d6ec8d2,0.042,,,
2521,2026-08-28,SZ002142,-0.0025782239045421726,EXP_CatBoostModel_Alpha158_csi300_custom_step0_s_20260830_19,dee95aaedf184ccd8e26c80c0d6ec8d2,0.042,,,
2522,2026-08-28,SZ002074,-0.0013953751945912506,EXP_CatBoostModel_Alpha158_csi300_custom_step0_s_20260830_19,dee95aaedf184ccd8e26c80c0d6ec8d2,0.042,,,
2523,2026-08-28,SZ002050,-0.0025782239045421726,EXP_CatBoostModel_Alpha158_csi300_custom_step0_s_20260830_19,dee95aaedf184ccd8e26c80c0d6ec8d2,0.042,,,
2524,2026-08-28,SZ002049,-0.004605315259142329,EXP_CatBoostModel_Alpha158_csi300_custom_step0_s_20260830_19,dee95aaedf184ccd8e26c80c0d6ec8d2,0.042,,,
2525,2026-08-28,SZ002028,-0.0014804384835870163,EXP_CatBoostModel_Alpha158_csi300_custom_step0_s_20260830_19,dee95aaedf184ccd8e26c80c0d6ec8d2,0.042,,,
2526,2026-08-28,SZ002027,0.0017167955147045205,EXP_CatBoostModel_Alpha158_csi300_custom_step0_s_20260830_19,dee95aaedf184ccd8e26c80c0d6ec8d2,0.042,,,
2527,2026-08-28,SZ002001,-0.0025782239045421726,EXP_CatBoostModel_Alpha158_csi300_custom_step0_s_20260830_19,dee95aaedf184ccd8e26c80c0d6ec8d2,0.042,,,
2528,2026-08-28,SZ002353,-0.0014804384835870163,EXP_CatBoostModel_Alpha158_csi300_custom_step0_s_20260830_19,dee95aaedf184ccd8e26c80c0d6ec8d2,0.042,,,
2529,2026-08-28,SZ001965,-0.0025782239045421726,EXP_CatBoostModel_Alpha158_csi300_custom_step0_s_20260830_19,dee95aaedf184ccd8e26c80c0d6ec8d2,0.042,,,
2530,2026-08-28,SZ002371,-0.0054981986397028525,EXP_CatBoostModel_Alpha158_csi300_custom_step0_s_20260830_19,dee95aaedf184ccd8e26c80c0d6ec8d2,0.042,,,
2531,2026-08-28,SZ002415,0.0017167955147045205,EXP_CatBoostModel_Alpha158_csi300_custom_step0_s_20260830_19,dee95aaedf184ccd8e26c80c0d6ec8d2,0.042,,,
2532,2026-08-28,SZ002714,0.0018006081509171679,EXP_CatBoostModel_Alpha158_csi300_custom_step0_s_20260830_19,dee95aaedf184ccd8e26c80c0d6ec8d2,0.042,,,
2533,2026-08-28,SZ002709,-0.0025782239045421726,EXP_CatBoostModel_Alpha158_csi300_custom_step0_s_20260830_19,dee95aaedf184ccd8e26c80c0d6ec8d2,0.042,,,
2534,2026-08-28,SZ002648,-0.001956781680391143,EXP_CatBoostModel_Alpha158_csi300_custom_step0_s_20260830_19,dee95aaedf184ccd8e26c80c0d6ec8d2,0.042,,,
2535,2026-08-28,SZ002625,-0.0025782239045421726,EXP_CatBoostModel_Alpha158_csi300_custom_step0_s_20260830_19,dee95aaedf184ccd8e26c80c0d6ec8d2,0.042,,,
2536,2026-08-28,SZ002602,0.0017167955147045205,EXP_CatBoostModel_Alpha158_csi300_custom_step0_s_20260830_19,dee95aaedf184ccd8e26c80c0d6ec8d2,0.042,,,
2537,2026-08-28,SZ002600,-0.003471107285102697,EXP_CatBoostModel_Alpha158_csi300_custom_step0_s_20260830_19,dee95aaedf184ccd8e26c80c0d6ec8d2,0.042,,,
2538,2026-08-28,SZ002594,0.005810205573043855,EXP_CatBoostModel_Alpha158_csi300_custom_step0_s_20260830_19,dee95aaedf184ccd8e26c80c0d6ec8d2,0.042,,,
2539,2026-08-28,SZ002558,-0.0013953751945912506,EXP_CatBoostModel_Alpha158_csi300_custom_step0_s_20260830_19,dee95aaedf184ccd8e26c80c0d6ec8d2,0.042,,,
2540,2026-08-28,SZ002532,-0.0025782239045421726,EXP_CatBoostModel_Alpha158_csi300_custom_step0_s_20260830_19,dee95aaedf184ccd8e26c80c0d6ec8d2,0.042,,,
2541,2026-08-28,SZ002493,-0.0014804384835870163,EXP_CatBoostModel_Alpha158_csi300_custom_step0_s_20260830_19,dee95aaedf184ccd8e26c80c0d6ec8d2,0.042,,,
2542,2026-08-28,SZ002475,-0.003471107285102697,EXP_CatBoostModel_Alpha158_csi300_custom_step0_s_20260830_19,dee95aaedf184ccd8e26c80c0d6ec8d2,0.042,,,
2543,2026-08-28,SZ002466,-0.0014804384835870163,EXP_CatBoostModel_Alpha158_csi300_custom_step0_s_20260830_19,dee95aaedf184ccd8e26c80c0d6ec8d2,0.042,,,
2544,2026-08-28,SZ002463,-0.0023733218641475403,EXP_CatBoostModel_Alpha158_csi300_custom_step0_s_20260830_19,dee95aaedf184ccd8e26c80c0d6ec8d2,0.042,,,
2545,2026-08-28,SZ002460,-0.0014804384835870163,EXP_CatBoostModel_Alpha158_csi300_custom_step0_s_20260830_19,dee95aaedf184ccd8e26c80c0d6ec8d2,0.042,,,
2546,2026-08-28,SZ002422,-0.0025782239045421726,EXP_CatBoostModel_Alpha158_csi300_custom_step0_s_20260830_19,dee95aaedf184ccd8e26c80c0d6ec8d2,0.042,,,
2547,2026-08-28,SZ002384,-0.003471107285102697,EXP_CatBoostModel_Alpha158_csi300_custom_step0_s_20260830_19,dee95aaedf184ccd8e26c80c0d6ec8d2,0.042,,,
2548,2026-08-28,SZ301269,-0.003471107285102697,EXP_CatBoostModel_Alpha158_csi300_custom_step0_s_20260830_19,dee95aaedf184ccd8e26c80c0d6ec8d2,0.042,,,
2549,2026-08-28,SH601919,-0.0014804384835870163,EXP_CatBoostModel_Alpha158_csi300_custom_step0_s_20260830_19,dee95aaedf184ccd8e26c80c0d6ec8d2,0.042,,,
2550,2026-08-28,SH601901,0.0036192663083701834,EXP_CatBoostModel_Alpha158_csi300_custom_step0_s_20260830_19,dee95aaedf184ccd8e26c80c0d6ec8d2,0.042,,,
2551,2026-08-28,SH600522,-0.0023733218641475403,EXP_CatBoostModel_Alpha158_csi300_custom_step0_s_20260830_19,dee95aaedf184ccd8e26c80c0d6ec8d2,0.042,,,
2552,2026-08-28,SH600519,0.005440944395529014,EXP_CatBoostModel_Alpha158_csi300_custom_step0_s_20260830_19,dee95aaedf184ccd8e26c80c0d6ec8d2,0.042,,,
2553,2026-08-28,SH600515,-0.008247272864034596,EXP_CatBoostModel_Alpha158_csi300_custom_step0_s_20260830_19,dee95aaedf184ccd8e26c80c0d6ec8d2,0.042,,,
2554,2026-08-28,SH600489,-0.0014804384835870163,EXP_CatBoostModel_Alpha158_csi300_custom_step0_s_20260830_19,dee95aaedf184ccd8e26c80c0d6ec8d2,0.042,,,
2555,2026-08-28,SH600482,-0.0025782239045421726,EXP_CatBoostModel_Alpha158_csi300_custom_step0_s_20260830_19,dee95aaedf184ccd8e26c80c0d6ec8d2,0.042,,,
2556,2026-08-28,SH600460,-0.003471107285102697,EXP_CatBoostModel_Alpha158_csi300_custom_step0_s_20260830_19,dee95aaedf184ccd8e26c80c0d6ec8d2,0.042,,,
2557,2026-08-28,SH600547,0.0016508415177659715,EXP_CatBoostModel_Alpha158_csi300_custom_step0_s_20260830_19,dee95aaedf184ccd8e26c80c0d6ec8d2,0.042,,,
2558,2026-08-28,SH600438,-0.0025782239045421726,EXP_CatBoostModel_Alpha158_csi300_custom_step0_s_20260830_19,dee95aaedf184ccd8e26c80c0d6ec8d2,0.042,,,
2559,2026-08-28,SH600426,-0.0014804384835870163,EXP_CatBoostModel_Alpha158_csi300_custom_step0_s_20260830_19,dee95aaedf184ccd8e26c80c0d6ec8d2,0.042,,,
2560,2026-08-28,SH600415,-0.0013953751945912506,EXP_CatBoostModel_Alpha158_csi300_custom_step0_s_20260830_19,dee95aaedf184ccd8e26c80c0d6ec8d2,0.042,,,
2561,2026-08-28,SH600406,0.0017167955147045205,EXP_CatBoostModel_Alpha158_csi300_custom_step0_s_20260830_19,dee95aaedf184ccd8e26c80c0d6ec8d2,0.042,,,
2562,2026-08-28,SH600372,0.004509240849426738,EXP_CatBoostModel_Alpha158_csi300_custom_step0_s_20260830_19,dee95aaedf184ccd8e26c80c0d6ec8d2,0.042,,,
2563,2026-08-28,SH600362,-0.0014804384835870163,EXP_CatBoostModel_Alpha158_csi300_custom_step0_s_20260830_19,dee95aaedf184ccd8e26c80c0d6ec8d2,0.042,,,
2564,2026-08-28,SH600346,-0.0014804384835870163,EXP_CatBoostModel_Alpha158_csi300_custom_step0_s_20260830_19,dee95aaedf184ccd8e26c80c0d6ec8d2,0.042,,,
2565,2026-08-28,SH600436,-0.0034224665491914066,EXP_CatBoostModel_Alpha158_csi300_custom_step0_s_20260830_19,dee95aaedf184ccd8e26c80c0d6ec8d2,0.042,,,
2566,2026-08-28,SH600549,-0.0025782239045421726,EXP_CatBoostModel_Alpha158_csi300_custom_step0_s_20260830_19,dee95aaedf184ccd8e26c80c0d6ec8d2,0.042,,,
2567,2026-08-28,SH600570,-0.0013953751945912506,EXP_CatBoostModel_Alpha158_csi300_custom_step0_s_20260830_19,dee95aaedf184ccd8e26c80c0d6ec8d2,0.042,,,
2568,2026-08-28,SH600584,-0.0054981986397028525,EXP_CatBoostModel_Alpha158_csi300_custom_step0_s_20260830_19,dee95aaedf184ccd8e26c80c0d6ec8d2,0.042,,,
2569,2026-08-28,SH600887,-0.0014804384835870163,EXP_CatBoostModel_Alpha158_csi300_custom_step0_s_20260830_19,dee95aaedf184ccd8e26c80c0d6ec8d2,0.042,,,
2570,2026-08-28,SH600886,0.0024978214538894823,EXP_CatBoostModel_Alpha158_csi300_custom_step0_s_20260830_19,dee95aaedf184ccd8e26c80c0d6ec8d2,0.042,,,
2571,2026-08-28,SH600875,-0.0014804384835870163,EXP_CatBoostModel_Alpha158_csi300_custom_step0_s_20260830_19,dee95aaedf184ccd8e26c80c0d6ec8d2,0.042,,,
2572,2026-08-28,SH600845,-0.0013953751945912506,EXP_CatBoostModel_Alpha158_csi300_custom_step0_s_20260830_19,dee95aaedf184ccd8e26c80c0d6ec8d2,0.042,,,
2573,2026-08-28,SH600809,0.0020860566922193628,EXP_CatBoostModel_Alpha158_csi300_custom_step0_s_20260830_19,dee95aaedf184ccd8e26c80c0d6ec8d2,0.042,,,
2574,2026-08-28,SH600803,0.00697469129702806,EXP_CatBoostModel_Alpha158_csi300_custom_step0_s_20260830_19,dee95aaedf184ccd8e26c80c0d6ec8d2,0.042,,,
2575,2026-08-28,SH600795,0.0006792959646298958,EXP_CatBoostModel_Alpha158_csi300_custom_step0_s_20260830_19,dee95aaedf184ccd8e26c80c0d6ec8d2,0.042,,,
2576,2026-08-28,SH600760,0.0018006081509171679,EXP_CatBoostModel_Alpha158_csi300_custom_step0_s_20260830_19,dee95aaedf184ccd8e26c80c0d6ec8d2,0.042,,,
2577,2026-08-28,SH600741,0.0024978214538894823,EXP_CatBoostModel_Alpha158_csi300_custom_step0_s_20260830_19,dee95aaedf184ccd8e26c80c0d6ec8d2,0.042,,,
2578,2026-08-28,SH600690,0.005810205573043855,EXP_CatBoostModel_Alpha158_csi300_custom_step0_s_20260830_19,dee95aaedf184ccd8e26c80c0d6ec8d2,0.042,,,
2579,2026-08-28,SH600674,0.0031374367405481,EXP_CatBoostModel_Alpha158_csi300_custom_step0_s_20260830_19,dee95aaedf184ccd8e26c80c0d6ec8d2,0.042,,,
2580,2026-08-28,SH600660,0.002632356211202593,EXP_CatBoostModel_Alpha158_csi300_custom_step0_s_20260830_19,dee95aaedf184ccd8e26c80c0d6ec8d2,0.042,,,
2581,2026-08-28,SH600600,0.0007058720456079575,EXP_CatBoostModel_Alpha158_csi300_custom_step0_s_20260830_19,dee95aaedf184ccd8e26c80c0d6ec8d2,0.042,,,
2582,2026-08-28,SH600588,0.002974752451368543,EXP_CatBoostModel_Alpha158_csi300_custom_step0_s_20260830_19,dee95aaedf184ccd8e26c80c0d6ec8d2,0.042,,,
2583,2026-08-28,SH600585,0.0011392757082137155,EXP_CatBoostModel_Alpha158_csi300_custom_step0_s_20260830_19,dee95aaedf184ccd8e26c80c0d6ec8d2,0.042,,,
2584,2026-08-28,SH600309,0.0018006081509171679,EXP_CatBoostModel_Alpha158_csi300_custom_step0_s_20260830_19,dee95aaedf184ccd8e26c80c0d6ec8d2,0.042,,,
2585,2026-08-28,SH600276,-0.0025782239045421726,EXP_CatBoostModel_Alpha158_csi300_custom_step0_s_20260830_19,dee95aaedf184ccd8e26c80c0d6ec8d2,0.042,,,
2586,2026-08-28,SH600233,-0.0025782239045421726,EXP_CatBoostModel_Alpha158_csi300_custom_step0_s_20260830_19,dee95aaedf184ccd8e26c80c0d6ec8d2,0.042,,,
2587,2026-08-28,SH600221,0.0019802606882470134,EXP_CatBoostModel_Alpha158_csi300_custom_step0_s_20260830_19,dee95aaedf184ccd8e26c80c0d6ec8d2,0.042,,,
2588,2026-08-28,SH600031,0.0024978214538894823,EXP_CatBoostModel_Alpha158_csi300_custom_step0_s_20260830_19,dee95aaedf184ccd8e26c80c0d6ec8d2,0.042,,,
2589,2026-08-28,SH600030,0.0048335851316603055,EXP_CatBoostModel_Alpha158_csi300_custom_step0_s_20260830_19,dee95aaedf184ccd8e26c80c0d6ec8d2,0.042,,,
2590,2026-08-28,SH600029,0.0028520051935009526,EXP_CatBoostModel_Alpha158_csi300_custom_step0_s_20260830_19,dee95aaedf184ccd8e26c80c0d6ec8d2,0.042,,,
2591,2026-08-28,SH600028,0.0018006081509171679,EXP_CatBoostModel_Alpha158_csi300_custom_step0_s_20260830_19,dee95aaedf184ccd8e26c80c0d6ec8d2,0.042,,,
2592,2026-08-28,SH600027,-0.0007739329704402211,EXP_CatBoostModel_Alpha158_csi300_custom_step0_s_20260830_19,dee95aaedf184ccd8e26c80c0d6ec8d2,0.042,,,
2593,2026-08-28,SH600026,-0.0025782239045421726,EXP_CatBoostModel_Alpha158_csi300_custom_step0_s_20260830_19,dee95aaedf184ccd8e26c80c0d6ec8d2,0.042,,,
2594,2026-08-28,SH600025,0.0024978214538894823,EXP_CatBoostModel_Alpha158_csi300_custom_step0_s_20260830_19,dee95aaedf184ccd8e26c80c0d6ec8d2,0.042,,,
2595,2026-08-28,SH600023,0.0020709792543159907,EXP_CatBoostModel_Alpha158_csi300_custom_step0_s_20260830_19,dee95aaedf184ccd8e26c80c0d6ec8d2,0.042,,,
2596,2026-08-28,SH600019,0.0024978214538894823,EXP_CatBoostModel_Alpha158_csi300_custom_step0_s_20260830_19,dee95aaedf184ccd8e26c80c0d6ec8d2,0.042,,,
2597,2026-08-28,SH600018,0.0031374367405481,EXP_CatBoostModel_Alpha158_csi300_custom_step0_s_20260830_19,dee95aaedf184ccd8e26c80c0d6ec8d2,0.042,,,
2598,2026-08-28,SH600016,0.00272567197887798,EXP_CatBoostModel_Alpha158_csi300_custom_step0_s_20260830_19,dee95aaedf184ccd8e26c80c0d6ec8d2,0.042,,,
2599,2026-08-28,SH600015,-0.0004283242173882538,EXP_CatBoostModel_Alpha158_csi300_custom_step0_s_20260830_19,dee95aaedf184ccd8e26c80c0d6ec8d2,0.042,,,
2600,2026-08-28,SH600011,0.000785091968602245,EXP_CatBoostModel_Alpha158_csi300_custom_step0_s_20260830_19,dee95aaedf184ccd8e26c80c0d6ec8d2,0.042,,,
2601,2026-08-28,SH600010,0.0011392757082137155,EXP_CatBoostModel_Alpha158_csi300_custom_step0_s_20260830_19,dee95aaedf184ccd8e26c80c0d6ec8d2,0.042,,,
2602,2026-08-28,SH600009,0.0024978214538894823,EXP_CatBoostModel_Alpha158_csi300_custom_step0_s_20260830_19,dee95aaedf184ccd8e26c80c0d6ec8d2,0.042,,,
2603,2026-08-28,SH600036,0.0014247072552608622,EXP_CatBoostModel_Alpha158_csi300_custom_step0_s_20260830_19,dee95aaedf184ccd8e26c80c0d6ec8d2,0.042,,,
2604,2026-08-28,SH600893,-0.0014804384835870163,EXP_CatBoostModel_Alpha158_csi300_custom_step0_s_20260830_19,dee95aaedf184ccd8e26c80c0d6ec8d2,0.042,,,
2605,2026-08-28,SH600039,-0.0002975897736360942,EXP_CatBoostModel_Alpha158_csi300_custom_step0_s_20260830_19,dee95aaedf184ccd8e26c80c0d6ec8d2,0.042,,,
2606,2026-08-28,SH600050,-0.0010685249617241304,EXP_CatBoostModel_Alpha158_csi300_custom_step0_s_20260830_19,dee95aaedf184ccd8e26c80c0d6ec8d2,0.042,,,
2607,2026-08-28,SH600219,-0.0025782239045421726,EXP_CatBoostModel_Alpha158_csi300_custom_step0_s_20260830_19,dee95aaedf184ccd8e26c80c0d6ec8d2,0.042,,,
2608,2026-08-28,SH600196,-0.0025782239045421726,EXP_CatBoostModel_Alpha158_csi300_custom_step0_s_20260830_19,dee95aaedf184ccd8e26c80c0d6ec8d2,0.042,,,
2609,2026-08-28,SH600188,-0.0014804384835870163,EXP_CatBoostModel_Alpha158_csi300_custom_step0_s_20260830_19,dee95aaedf184ccd8e26c80c0d6ec8d2,0.042,,,
2610,2026-08-28,SH600183,-0.0014804384835870163,EXP_CatBoostModel_Alpha158_csi300_custom_step0_s_20260830_19,dee95aaedf184ccd8e26c80c0d6ec8d2,0.042,,,
2611,2026-08-28,SH600176,-0.0014804384835870163,EXP_CatBoostModel_Alpha158_csi300_custom_step0_s_20260830_19,dee95aaedf184ccd8e26c80c0d6ec8d2,0.042,,,
2612,2026-08-28,SH600160,-0.0025782239045421726,EXP_CatBoostModel_Alpha158_csi300_custom_step0_s_20260830_19,dee95aaedf184ccd8e26c80c0d6ec8d2,0.042,,,
2613,2026-08-28,SH600150,0.0011392757082137155,EXP_CatBoostModel_Alpha158_csi300_custom_step0_s_20260830_19,dee95aaedf184ccd8e26c80c0d6ec8d2,0.042,,,
2614,2026-08-28,SH600118,-0.0054981986397028525,EXP_CatBoostModel_Alpha158_csi300_custom_step0_s_20260830_19,dee95aaedf184ccd8e26c80c0d6ec8d2,0.042,,,
2615,2026-08-28,SH600115,0.000785091968602245,EXP_CatBoostModel_Alpha158_csi300_custom_step0_s_20260830_19,dee95aaedf184ccd8e26c80c0d6ec8d2,0.042,,,
2616,2026-08-28,SH600111,-0.0025782239045421726,EXP_CatBoostModel_Alpha158_csi300_custom_step0_s_20260830_19,dee95aaedf184ccd8e26c80c0d6ec8d2,0.042,,,
2617,2026-08-28,SH600104,0.0024978214538894823,EXP_CatBoostModel_Alpha158_csi300_custom_step0_s_20260830_19,dee95aaedf184ccd8e26c80c0d6ec8d2,0.042,,,
2618,2026-08-28,SH600089,-0.0025782239045421726,EXP_CatBoostModel_Alpha158_csi300_custom_step0_s_20260830_19,dee95aaedf184ccd8e26c80c0d6ec8d2,0.042,,,
2619,2026-08-28,SH600085,0.0020860566922193628,EXP_CatBoostModel_Alpha158_csi300_custom_step0_s_20260830_19,dee95aaedf184ccd8e26c80c0d6ec8d2,0.042,,,
2620,2026-08-28,SH600066,0.000785091968602245,EXP_CatBoostModel_Alpha158_csi300_custom_step0_s_20260830_19,dee95aaedf184ccd8e26c80c0d6ec8d2,0.042,,,
2621,2026-08-28,SH600061,0.0014247072552608622,EXP_CatBoostModel_Alpha158_csi300_custom_step0_s_20260830_19,dee95aaedf184ccd8e26c80c0d6ec8d2,0.042,,,
2622,2026-08-28,SH600048,0.0020860566922193628,EXP_CatBoostModel_Alpha158_csi300_custom_step0_s_20260830_19,dee95aaedf184ccd8e26c80c0d6ec8d2,0.042,,,
2623,2026-08-28,SH601916,0.00272567197887798,EXP_CatBoostModel_Alpha158_csi300_custom_step0_s_20260830_19,dee95aaedf184ccd8e26c80c0d6ec8d2,0.042,,,
2624,2026-08-28,SH600900,0.0031374367405481,EXP_CatBoostModel_Alpha158_csi300_custom_step0_s_20260830_19,dee95aaedf184ccd8e26c80c0d6ec8d2,0.042,,,
2625,2026-08-28,SH600918,0.00024185854530994018,EXP_CatBoostModel_Alpha158_csi300_custom_step0_s_20260830_19,dee95aaedf184ccd8e26c80c0d6ec8d2,0.042,,,
2626,2026-08-28,SH601689,-0.0025782239045421726,EXP_CatBoostModel_Alpha158_csi300_custom_step0_s_20260830_19,dee95aaedf184ccd8e26c80c0d6ec8d2,0.042,,,
2627,2026-08-28,SH601688,-0.0007739329704402211,EXP_CatBoostModel_Alpha158_csi300_custom_step0_s_20260830_19,dee95aaedf184ccd8e26c80c0d6ec8d2,0.042,,,
2628,2026-08-28,SH601669,0.00272567197887798,EXP_CatBoostModel_Alpha158_csi300_custom_step0_s_20260830_19,dee95aaedf184ccd8e26c80c0d6ec8d2,0.042,,,
2629,2026-08-28,SH601668,0.0024978214538894823,EXP_CatBoostModel_Alpha158_csi300_custom_step0_s_20260830_19,dee95aaedf184ccd8e26c80c0d6ec8d2,0.042,,,
2630,2026-08-28,SH601658,0.00272567197887798,EXP_CatBoostModel_Alpha158_csi300_custom_step0_s_20260830_19,dee95aaedf184ccd8e26c80c0d6ec8d2,0.042,,,
2631,2026-08-28,SH601633,0.0020860566922193628,EXP_CatBoostModel_Alpha158_csi300_custom_step0_s_20260830_19,dee95aaedf184ccd8e26c80c0d6ec8d2,0.042,,,
2632,2026-08-28,SH601698,-0.0025782239045421726,EXP_CatBoostModel_Alpha158_csi300_custom_step0_s_20260830_19,dee95aaedf184ccd8e26c80c0d6ec8d2,0.042,,,
2633,2026-08-28,SH601628,-0.0013953751945912506,EXP_CatBoostModel_Alpha158_csi300_custom_step0_s_20260830_19,dee95aaedf184ccd8e26c80c0d6ec8d2,0.042,,,
2634,2026-08-28,SH601607,0.005810205573043855,EXP_CatBoostModel_Alpha158_csi300_custom_step0_s_20260830_19,dee95aaedf184ccd8e26c80c0d6ec8d2,0.042,,,
2635,2026-08-28,SH601601,-0.0025782239045421726,EXP_CatBoostModel_Alpha158_csi300_custom_step0_s_20260830_19,dee95aaedf184ccd8e26c80c0d6ec8d2,0.042,,,
2636,2026-08-28,SH601600,-0.0007739329704402211,EXP_CatBoostModel_Alpha158_csi300_custom_step0_s_20260830_19,dee95aaedf184ccd8e26c80c0d6ec8d2,0.042,,,
2637,2026-08-28,SH601456,0.00272567197887798,EXP_CatBoostModel_Alpha158_csi300_custom_step0_s_20260830_19,dee95aaedf184ccd8e26c80c0d6ec8d2,0.042,,,
2638,2026-08-28,SH601398,0.0017006526651003175,EXP_CatBoostModel_Alpha158_csi300_custom_step0_s_20260830_19,dee95aaedf184ccd8e26c80c0d6ec8d2,0.042,,,
2639,2026-08-28,SH601390,0.0062219703347139756,EXP_CatBoostModel_Alpha158_csi300_custom_step0_s_20260830_19,dee95aaedf184ccd8e26c80c0d6ec8d2,0.042,,,
2640,2026-08-28,SH601618,0.0011392757082137155,EXP_CatBoostModel_Alpha158_csi300_custom_step0_s_20260830_19,dee95aaedf184ccd8e26c80c0d6ec8d2,0.042,,,
2641,2026-08-28,SH601727,-0.0013953751945912506,EXP_CatBoostModel_Alpha158_csi300_custom_step0_s_20260830_19,dee95aaedf184ccd8e26c80c0d6ec8d2,0.042,,,
2642,2026-08-28,SH601728,-0.0013953751945912506,EXP_CatBoostModel_Alpha158_csi300_custom_step0_s_20260830_19,dee95aaedf184ccd8e26c80c0d6ec8d2,0.042,,,
2643,2026-08-28,SH601766,0.002632356211202593,EXP_CatBoostModel_Alpha158_csi300_custom_step0_s_20260830_19,dee95aaedf184ccd8e26c80c0d6ec8d2,0.042,,,
2644,2026-08-28,SH601899,-0.0025782239045421726,EXP_CatBoostModel_Alpha158_csi300_custom_step0_s_20260830_19,dee95aaedf184ccd8e26c80c0d6ec8d2,0.042,,,
2645,2026-08-28,SH601898,-0.0014804384835870163,EXP_CatBoostModel_Alpha158_csi300_custom_step0_s_20260830_19,dee95aaedf184ccd8e26c80c0d6ec8d2,0.042,,,
2646,2026-08-28,SH601888,0.0020860566922193628,EXP_CatBoostModel_Alpha158_csi300_custom_step0_s_20260830_19,dee95aaedf184ccd8e26c80c0d6ec8d2,0.042,,,
2647,2026-08-28,SH601881,0.0048335851316603055,EXP_CatBoostModel_Alpha158_csi300_custom_step0_s_20260830_19,dee95aaedf184ccd8e26c80c0d6ec8d2,0.042,,,
2648,2026-08-28,SH601878,0.00272567197887798,EXP_CatBoostModel_Alpha158_csi300_custom_step0_s_20260830_19,dee95aaedf184ccd8e26c80c0d6ec8d2,0.042,,,
2649,2026-08-28,SH601877,-0.0025782239045421726,EXP_CatBoostModel_Alpha158_csi300_custom_step0_s_20260830_19,dee95aaedf184ccd8e26c80c0d6ec8d2,0.042,,,
2650,2026-08-28,SH601872,-0.0025782239045421726,EXP_CatBoostModel_Alpha158_csi300_custom_step0_s_20260830_19,dee95aaedf184ccd8e26c80c0d6ec8d2,0.042,,,
2651,2026-08-28,SH601868,0.0031374367405481,EXP_CatBoostModel_Alpha158_csi300_custom_step0_s_20260830_19,dee95aaedf184ccd8e26c80c0d6ec8d2,0.042,,,
2652,2026-08-28,SH601857,0.0029834568608680897,EXP_CatBoostModel_Alpha158_csi300_custom_step0_s_20260830_19,dee95aaedf184ccd8e26c80c0d6ec8d2,0.042,,,
2653,2026-08-28,SH601838,0.0006792959646298958,EXP_CatBoostModel_Alpha158_csi300_custom_step0_s_20260830_19,dee95aaedf184ccd8e26c80c0d6ec8d2,0.042,,,
2654,2026-08-28,SH601825,-0.003471107285102697,EXP_CatBoostModel_Alpha158_csi300_custom_step0_s_20260830_19,dee95aaedf184ccd8e26c80c0d6ec8d2,0.042,,,
2655,2026-08-28,SH601818,0.00272567197887798,EXP_CatBoostModel_Alpha158_csi300_custom_step0_s_20260830_19,dee95aaedf184ccd8e26c80c0d6ec8d2,0.042,,,
2656,2026-08-28,SH601816,0.0062219703347139756,EXP_CatBoostModel_Alpha158_csi300_custom_step0_s_20260830_19,dee95aaedf184ccd8e26c80c0d6ec8d2,0.042,,,
2657,2026-08-28,SH601800,0.0024978214538894823,EXP_CatBoostModel_Alpha158_csi300_custom_step0_s_20260830_19,dee95aaedf184ccd8e26c80c0d6ec8d2,0.042,,,
2658,2026-08-28,SH601788,0.0029834568608680897,EXP_CatBoostModel_Alpha158_csi300_custom_step0_s_20260830_19,dee95aaedf184ccd8e26c80c0d6ec8d2,0.042,,,
2659,2026-08-28,SH601377,0.0015113531555878581,EXP_CatBoostModel_Alpha158_csi300_custom_step0_s_20260830_19,dee95aaedf184ccd8e26c80c0d6ec8d2,0.042,,,
2660,2026-08-28,SH601360,-0.0014804384835870163,EXP_CatBoostModel_Alpha158_csi300_custom_step0_s_20260830_19,dee95aaedf184ccd8e26c80c0d6ec8d2,0.042,,,
2661,2026-08-28,SH601336,-0.0013953751945912506,EXP_CatBoostModel_Alpha158_csi300_custom_step0_s_20260830_19,dee95aaedf184ccd8e26c80c0d6ec8d2,0.042,,,
2662,2026-08-28,SH601328,0.0019802606882470134,EXP_CatBoostModel_Alpha158_csi300_custom_step0_s_20260830_19,dee95aaedf184ccd8e26c80c0d6ec8d2,0.042,,,
2663,2026-08-28,SH601059,0.0054159416914208326,EXP_CatBoostModel_Alpha158_csi300_custom_step0_s_20260830_19,dee95aaedf184ccd8e26c80c0d6ec8d2,0.042,,,
2664,2026-08-28,SH601058,0.00697469129702806,EXP_CatBoostModel_Alpha158_csi300_custom_step0_s_20260830_19,dee95aaedf184ccd8e26c80c0d6ec8d2,0.042,,,
2665,2026-08-28,SH601021,0.0020860566922193628,EXP_CatBoostModel_Alpha158_csi300_custom_step0_s_20260830_19,dee95aaedf184ccd8e26c80c0d6ec8d2,0.042,,,
2666,2026-08-28,SH601018,0.004670918769299672,EXP_CatBoostModel_Alpha158_csi300_custom_step0_s_20260830_19,dee95aaedf184ccd8e26c80c0d6ec8d2,0.042,,,
2667,2026-08-28,SH601012,-0.0025782239045421726,EXP_CatBoostModel_Alpha158_csi300_custom_step0_s_20260830_19,dee95aaedf184ccd8e26c80c0d6ec8d2,0.042,,,
2668,2026-08-28,SH601009,0.0006792959646298958,EXP_CatBoostModel_Alpha158_csi300_custom_step0_s_20260830_19,dee95aaedf184ccd8e26c80c0d6ec8d2,0.042,,,
2669,2026-08-28,SH601006,-0.0006992637842092883,EXP_CatBoostModel_Alpha158_csi300_custom_step0_s_20260830_19,dee95aaedf184ccd8e26c80c0d6ec8d2,0.042,,,
2670,2026-08-28,SH600999,-0.005920710905514143,EXP_CatBoostModel_Alpha158_csi300_custom_step0_s_20260830_19,dee95aaedf184ccd8e26c80c0d6ec8d2,0.042,,,
2671,2026-08-28,SH600989,0.0018006081509171679,EXP_CatBoostModel_Alpha158_csi300_custom_step0_s_20260830_19,dee95aaedf184ccd8e26c80c0d6ec8d2,0.042,,,
2672,2026-08-28,SH600958,0.011165245130094927,EXP_CatBoostModel_Alpha158_csi300_custom_step0_s_20260830_19,dee95aaedf184ccd8e26c80c0d6ec8d2,0.042,,,
2673,2026-08-28,SH600941,0.0054159416914208326,EXP_CatBoostModel_Alpha158_csi300_custom_step0_s_20260830_19,dee95aaedf184ccd8e26c80c0d6ec8d2,0.042,,,
2674,2026-08-28,SH600938,0.002632356211202593,EXP_CatBoostModel_Alpha158_csi300_custom_step0_s_20260830_19,dee95aaedf184ccd8e26c80c0d6ec8d2,0.042,,,
2675,2026-08-28,SH600930,0.000785091968602245,EXP_CatBoostModel_Alpha158_csi300_custom_step0_s_20260830_19,dee95aaedf184ccd8e26c80c0d6ec8d2,0.042,,,
2676,2026-08-28,SH600926,0.005691887101260288,EXP_CatBoostModel_Alpha158_csi300_custom_step0_s_20260830_19,dee95aaedf184ccd8e26c80c0d6ec8d2,0.042,,,
2677,2026-08-28,SH600919,0.0006792959646298958,EXP_CatBoostModel_Alpha158_csi300_custom_step0_s_20260830_19,dee95aaedf184ccd8e26c80c0d6ec8d2,0.042,,,
2678,2026-08-28,SH601066,0.0014247072552608622,EXP_CatBoostModel_Alpha158_csi300_custom_step0_s_20260830_19,dee95aaedf184ccd8e26c80c0d6ec8d2,0.042,,,
2679,2026-08-28,SH600905,0.0017167955147045205,EXP_CatBoostModel_Alpha158_csi300_custom_step0_s_20260830_19,dee95aaedf184ccd8e26c80c0d6ec8d2,0.042,,,
2680,2026-08-28,SH601077,-0.0014804384835870163,EXP_CatBoostModel_Alpha158_csi300_custom_step0_s_20260830_19,dee95aaedf184ccd8e26c80c0d6ec8d2,0.042,,,
2681,2026-08-28,SH601100,-0.003471107285102697,EXP_CatBoostModel_Alpha158_csi300_custom_step0_s_20260830_19,dee95aaedf184ccd8e26c80c0d6ec8d2,0.042,,,
2682,2026-08-28,SH601319,-0.0013953751945912506,EXP_CatBoostModel_Alpha158_csi300_custom_step0_s_20260830_19,dee95aaedf184ccd8e26c80c0d6ec8d2,0.042,,,
2683,2026-08-28,SH601318,-0.001956781680391143,EXP_CatBoostModel_Alpha158_csi300_custom_step0_s_20260830_19,dee95aaedf184ccd8e26c80c0d6ec8d2,0.042,,,
2684,2026-08-28,SH601288,-0.0025782239045421726,EXP_CatBoostModel_Alpha158_csi300_custom_step0_s_20260830_19,dee95aaedf184ccd8e26c80c0d6ec8d2,0.042,,,
2685,2026-08-28,SH601238,-0.0014804384835870163,EXP_CatBoostModel_Alpha158_csi300_custom_step0_s_20260830_19,dee95aaedf184ccd8e26c80c0d6ec8d2,0.042,,,
2686,2026-08-28,SH601229,-0.0014804384835870163,EXP_CatBoostModel_Alpha158_csi300_custom_step0_s_20260830_19,dee95aaedf184ccd8e26c80c0d6ec8d2,0.042,,,
2687,2026-08-28,SH601225,-0.001956781680391143,EXP_CatBoostModel_Alpha158_csi300_custom_step0_s_20260830_19,dee95aaedf184ccd8e26c80c0d6ec8d2,0.042,,,
2688,2026-08-28,SH601211,0.000785091968602245,EXP_CatBoostModel_Alpha158_csi300_custom_step0_s_20260830_19,dee95aaedf184ccd8e26c80c0d6ec8d2,0.042,,,
2689,2026-08-28,SH601186,0.0062219703347139756,EXP_CatBoostModel_Alpha158_csi300_custom_step0_s_20260830_19,dee95aaedf184ccd8e26c80c0d6ec8d2,0.042,,,
2690,2026-08-28,SH601169,0.0014247072552608622,EXP_CatBoostModel_Alpha158_csi300_custom_step0_s_20260830_19,dee95aaedf184ccd8e26c80c0d6ec8d2,0.042,,,
2691,2026-08-28,SH601166,-0.0004283242173882538,EXP_CatBoostModel_Alpha158_csi300_custom_step0_s_20260830_19,dee95aaedf184ccd8e26c80c0d6ec8d2,0.042,,,
2692,2026-08-28,SH601138,-0.003471107285102697,EXP_CatBoostModel_Alpha158_csi300_custom_step0_s_20260830_19,dee95aaedf184ccd8e26c80c0d6ec8d2,0.042,,,
2693,2026-08-28,SH601136,-0.0002975897736360942,EXP_CatBoostModel_Alpha158_csi300_custom_step0_s_20260830_19,dee95aaedf184ccd8e26c80c0d6ec8d2,0.042,,,
2694,2026-08-28,SH601127,-0.0025782239045421726,EXP_CatBoostModel_Alpha158_csi300_custom_step0_s_20260830_19,dee95aaedf184ccd8e26c80c0d6ec8d2,0.042,,,
2695,2026-08-28,SH601117,0.008500475285586707,EXP_CatBoostModel_Alpha158_csi300_custom_step0_s_20260830_19,dee95aaedf184ccd8e26c80c0d6ec8d2,0.042,,,
2696,2026-08-28,SH601111,0.0028520051935009526,EXP_CatBoostModel_Alpha158_csi300_custom_step0_s_20260830_19,dee95aaedf184ccd8e26c80c0d6ec8d2,0.042,,,
2697,2026-08-28,SH601088,-0.001956781680391143,EXP_CatBoostModel_Alpha158_csi300_custom_step0_s_20260830_19,dee95aaedf184ccd8e26c80c0d6ec8d2,0.042,,,
2698,2026-08-28,SH600000,0.0031374367405481,EXP_CatBoostModel_Alpha158_csi300_custom_step0_s_20260830_19,dee95aaedf184ccd8e26c80c0d6ec8d2,0.042,,,
2699,2026-08-28,SZ301308,-0.003471107285102697,EXP_CatBoostModel_Alpha158_csi300_custom_step0_s_20260830_19,dee95aaedf184ccd8e26c80c0d6ec8d2,0.042,,,
2700,2026-08-28,SH600000,0.002896109005596416,EXP_LGBModel_Alpha158_csi300_custom_step0_s_20260830_19,0961dae3124f44f798c46096d89bc448,0.078,,,
2701,2026-08-28,SZ000596,-0.002202838428242249,EXP_LGBModel_Alpha158_csi300_custom_step0_s_20260830_19,0961dae3124f44f798c46096d89bc448,0.078,,,
2702,2026-08-28,SZ000568,0.0011088588884216315,EXP_LGBModel_Alpha158_csi300_custom_step0_s_20260830_19,0961dae3124f44f798c46096d89bc448,0.078,,,
2703,2026-08-28,SZ000538,0.002896109005596416,EXP_LGBModel_Alpha158_csi300_custom_step0_s_20260830_19,0961dae3124f44f798c46096d89bc448,0.078,,,
2704,2026-08-28,SZ000425,0.001653603533094099,EXP_LGBModel_Alpha158_csi300_custom_step0_s_20260830_19,0961dae3124f44f798c46096d89bc448,0.078,,,
2705,2026-08-28,SZ000408,-0.002202838428242249,EXP_LGBModel_Alpha158_csi300_custom_step0_s_20260830_19,0961dae3124f44f798c46096d89bc448,0.078,,,
2706,2026-08-28,SZ000338,-7.948755898909753e-11,EXP_LGBModel_Alpha158_csi300_custom_step0_s_20260830_19,0961dae3124f44f798c46096d89bc448,0.078,,,
2707,2026-08-28,SZ000617,0.0015007609851677955,EXP_LGBModel_Alpha158_csi300_custom_step0_s_20260830_19,0961dae3124f44f798c46096d89bc448,0.078,,,
2708,2026-08-28,SZ000333,0.002896109005596416,EXP_LGBModel_Alpha158_csi300_custom_step0_s_20260830_19,0961dae3124f44f798c46096d89bc448,0.078,,,
2709,2026-08-28,SZ000166,0.002896109005596416,EXP_LGBModel_Alpha158_csi300_custom_step0_s_20260830_19,0961dae3124f44f798c46096d89bc448,0.078,,,
2710,2026-08-28,SZ000157,-7.948755898909753e-11,EXP_LGBModel_Alpha158_csi300_custom_step0_s_20260830_19,0961dae3124f44f798c46096d89bc448,0.078,,,
2711,2026-08-28,SZ000100,-0.002202838428242249,EXP_LGBModel_Alpha158_csi300_custom_step0_s_20260830_19,0961dae3124f44f798c46096d89bc448,0.078,,,
2712,2026-08-28,SZ000063,-0.002202838428242249,EXP_LGBModel_Alpha158_csi300_custom_step0_s_20260830_19,0961dae3124f44f798c46096d89bc448,0.078,,,
2713,2026-08-28,SZ000002,-0.0020013083308626756,EXP_LGBModel_Alpha158_csi300_custom_step0_s_20260830_19,0961dae3124f44f798c46096d89bc448,0.078,,,
2714,2026-08-28,SZ000001,0.002896109005596416,EXP_LGBModel_Alpha158_csi300_custom_step0_s_20260830_19,0961dae3124f44f798c46096d89bc448,0.078,,,
2715,2026-08-28,SZ000301,-0.004756919107703481,EXP_LGBModel_Alpha158_csi300_custom_step0_s_20260830_19,0961dae3124f44f798c46096d89bc448,0.078,,,
2716,2026-08-28,SZ000625,-7.948755898909753e-11,EXP_LGBModel_Alpha158_csi300_custom_step0_s_20260830_19,0961dae3124f44f798c46096d89bc448,0.078,,,
2717,2026-08-28,SZ000630,-0.002202838428242249,EXP_LGBModel_Alpha158_csi300_custom_step0_s_20260830_19,0961dae3124f44f798c46096d89bc448,0.078,,,
2718,2026-08-28,SZ000651,0.002896109005596416,EXP_LGBModel_Alpha158_csi300_custom_step0_s_20260830_19,0961dae3124f44f798c46096d89bc448,0.078,,,
2719,2026-08-28,SZ000999,-7.948755898909753e-11,EXP_LGBModel_Alpha158_csi300_custom_step0_s_20260830_19,0961dae3124f44f798c46096d89bc448,0.078,,,
2720,2026-08-28,SZ000988,-0.0005975694471672954,EXP_LGBModel_Alpha158_csi300_custom_step0_s_20260830_19,0961dae3124f44f798c46096d89bc448,0.078,,,
2721,2026-08-28,SZ000977,-0.002202838428242249,EXP_LGBModel_Alpha158_csi300_custom_step0_s_20260830_19,0961dae3124f44f798c46096d89bc448,0.078,,,
2722,2026-08-28,SZ000975,-7.948755898909753e-11,EXP_LGBModel_Alpha158_csi300_custom_step0_s_20260830_19,0961dae3124f44f798c46096d89bc448,0.078,,,
2723,2026-08-28,SZ000963,-0.002202838428242249,EXP_LGBModel_Alpha158_csi300_custom_step0_s_20260830_19,0961dae3124f44f798c46096d89bc448,0.078,,,
2724,2026-08-28,SZ000938,-0.002202838428242249,EXP_LGBModel_Alpha158_csi300_custom_step0_s_20260830_19,0961dae3124f44f798c46096d89bc448,0.078,,,
2725,2026-08-28,SZ000895,0.002896109005596416,EXP_LGBModel_Alpha158_csi300_custom_step0_s_20260830_19,0961dae3124f44f798c46096d89bc448,0.078,,,
2726,2026-08-28,SZ000858,-7.948755898909753e-11,EXP_LGBModel_Alpha158_csi300_custom_step0_s_20260830_19,0961dae3124f44f798c46096d89bc448,0.078,,,
2727,2026-08-28,SZ000807,-0.0007507445953982243,EXP_LGBModel_Alpha158_csi300_custom_step0_s_20260830_19,0961dae3124f44f798c46096d89bc448,0.078,,,
2728,2026-08-28,SZ000792,-7.948755898909753e-11,EXP_LGBModel_Alpha158_csi300_custom_step0_s_20260830_19,0961dae3124f44f798c46096d89bc448,0.078,,,
2729,2026-08-28,SZ000776,-0.002202838428242249,EXP_LGBModel_Alpha158_csi300_custom_step0_s_20260830_19,0961dae3124f44f798c46096d89bc448,0.078,,,
2730,2026-08-28,SZ000768,-7.948755898909753e-11,EXP_LGBModel_Alpha158_csi300_custom_step0_s_20260830_19,0961dae3124f44f798c46096d89bc448,0.078,,,
2731,2026-08-28,SZ000725,-0.002202838428242249,EXP_LGBModel_Alpha158_csi300_custom_step0_s_20260830_19,0961dae3124f44f798c46096d89bc448,0.078,,,
2732,2026-08-28,SZ000708,0.001653603533094099,EXP_LGBModel_Alpha158_csi300_custom_step0_s_20260830_19,0961dae3124f44f798c46096d89bc448,0.078,,,
2733,2026-08-28,SZ000657,-0.002202838428242249,EXP_LGBModel_Alpha158_csi300_custom_step0_s_20260830_19,0961dae3124f44f798c46096d89bc448,0.078,,,
2734,2026-08-28,SH688981,-0.002202838428242249,EXP_LGBModel_Alpha158_csi300_custom_step0_s_20260830_19,0961dae3124f44f798c46096d89bc448,0.078,,,
2735,2026-08-28,SH688521,-0.002202838428242249,EXP_LGBModel_Alpha158_csi300_custom_step0_s_20260830_19,0961dae3124f44f798c46096d89bc448,0.078,,,
2736,2026-08-28,SH688506,-0.002202838428242249,EXP_LGBModel_Alpha158_csi300_custom_step0_s_20260830_19,0961dae3124f44f798c46096d89bc448,0.078,,,
2737,2026-08-28,SH688472,0.0011088588884216315,EXP_LGBModel_Alpha158_csi300_custom_step0_s_20260830_19,0961dae3124f44f798c46096d89bc448,0.078,,,
2738,2026-08-28,SH603986,-0.002202838428242249,EXP_LGBModel_Alpha158_csi300_custom_step0_s_20260830_19,0961dae3124f44f798c46096d89bc448,0.078,,,
2739,2026-08-28,SH603893,-0.002202838428242249,EXP_LGBModel_Alpha158_csi300_custom_step0_s_20260830_19,0961dae3124f44f798c46096d89bc448,0.078,,,
2740,2026-08-28,SH603799,-0.002202838428242249,EXP_LGBModel_Alpha158_csi300_custom_step0_s_20260830_19,0961dae3124f44f798c46096d89bc448,0.078,,,
2741,2026-08-28,SH603501,-0.002202838428242249,EXP_LGBModel_Alpha158_csi300_custom_step0_s_20260830_19,0961dae3124f44f798c46096d89bc448,0.078,,,
2742,2026-08-28,SH603392,-0.002202838428242249,EXP_LGBModel_Alpha158_csi300_custom_step0_s_20260830_19,0961dae3124f44f798c46096d89bc448,0.078,,,
2743,2026-08-28,SH603369,-0.0005975694471672954,EXP_LGBModel_Alpha158_csi300_custom_step0_s_20260830_19,0961dae3124f44f798c46096d89bc448,0.078,,,
2744,2026-08-28,SH603296,-0.002202838428242249,EXP_LGBModel_Alpha158_csi300_custom_step0_s_20260830_19,0961dae3124f44f798c46096d89bc448,0.078,,,
2745,2026-08-28,SH603288,0.0011088588884216315,EXP_LGBModel_Alpha158_csi300_custom_step0_s_20260830_19,0961dae3124f44f798c46096d89bc448,0.078,,,
2746,2026-08-28,SH603260,-7.948755898909753e-11,EXP_LGBModel_Alpha158_csi300_custom_step0_s_20260830_19,0961dae3124f44f798c46096d89bc448,0.078,,,
2747,2026-08-28,SH603259,-7.948755898909753e-11,EXP_LGBModel_Alpha158_csi300_custom_step0_s_20260830_19,0961dae3124f44f798c46096d89bc448,0.078,,,
2748,2026-08-28,SH603019,-0.002202838428242249,EXP_LGBModel_Alpha158_csi300_custom_step0_s_20260830_19,0961dae3124f44f798c46096d89bc448,0.078,,,
2749,2026-08-28,SH601998,-0.004756919107703481,EXP_LGBModel_Alpha158_csi300_custom_step0_s_20260830_19,0961dae3124f44f798c46096d89bc448,0.078,,,
2750,2026-08-28,SH601995,0.002896109005596416,EXP_LGBModel_Alpha158_csi300_custom_step0_s_20260830_19,0961dae3124f44f798c46096d89bc448,0.078,,,
2751,2026-08-28,SH601988,0.002896109005596416,EXP_LGBModel_Alpha158_csi300_custom_step0_s_20260830_19,0961dae3124f44f798c46096d89bc448,0.078,,,
2752,2026-08-28,SH601985,0.002896109005596416,EXP_LGBModel_Alpha158_csi300_custom_step0_s_20260830_19,0961dae3124f44f798c46096d89bc448,0.078,,,
2753,2026-08-28,SH603993,-0.002202838428242249,EXP_LGBModel_Alpha158_csi300_custom_step0_s_20260830_19,0961dae3124f44f798c46096d89bc448,0.078,,,
2754,2026-08-28,SZ001280,-7.948755898909753e-11,EXP_LGBModel_Alpha158_csi300_custom_step0_s_20260830_19,0961dae3124f44f798c46096d89bc448,0.078,,,
2755,2026-08-28,SH605117,-0.002202838428242249,EXP_LGBModel_Alpha158_csi300_custom_step0_s_20260830_19,0961dae3124f44f798c46096d89bc448,0.078,,,
2756,2026-08-28,SH688008,-0.002202838428242249,EXP_LGBModel_Alpha158_csi300_custom_step0_s_20260830_19,0961dae3124f44f798c46096d89bc448,0.078,,,
2757,2026-08-28,SH688396,-0.002202838428242249,EXP_LGBModel_Alpha158_csi300_custom_step0_s_20260830_19,0961dae3124f44f798c46096d89bc448,0.078,,,
2758,2026-08-28,SH688303,-0.002202838428242249,EXP_LGBModel_Alpha158_csi300_custom_step0_s_20260830_19,0961dae3124f44f798c46096d89bc448,0.078,,,
2759,2026-08-28,SH688271,-7.948755898909753e-11,EXP_LGBModel_Alpha158_csi300_custom_step0_s_20260830_19,0961dae3124f44f798c46096d89bc448,0.078,,,
2760,2026-08-28,SH688256,-0.0010477609240095915,EXP_LGBModel_Alpha158_csi300_custom_step0_s_20260830_19,0961dae3124f44f798c46096d89bc448,0.078,,,
2761,2026-08-28,SH688223,-7.948755898909753e-11,EXP_LGBModel_Alpha158_csi300_custom_step0_s_20260830_19,0961dae3124f44f798c46096d89bc448,0.078,,,
2762,2026-08-28,SH688183,-7.948755898909753e-11,EXP_LGBModel_Alpha158_csi300_custom_step0_s_20260830_19,0961dae3124f44f798c46096d89bc448,0.078,,,
2763,2026-08-28,SH688126,-0.002202838428242249,EXP_LGBModel_Alpha158_csi300_custom_step0_s_20260830_19,0961dae3124f44f798c46096d89bc448,0.078,,,
2764,2026-08-28,SH688111,-7.948755898909753e-11,EXP_LGBModel_Alpha158_csi300_custom_step0_s_20260830_19,0961dae3124f44f798c46096d89bc448,0.078,,,
2765,2026-08-28,SH688082,-0.002202838428242249,EXP_LGBModel_Alpha158_csi300_custom_step0_s_20260830_19,0961dae3124f44f798c46096d89bc448,0.078,,,
2766,2026-08-28,SH688072,-0.002202838428242249,EXP_LGBModel_Alpha158_csi300_custom_step0_s_20260830_19,0961dae3124f44f798c46096d89bc448,0.078,,,
2767,2026-08-28,SH688047,-7.948755898909753e-11,EXP_LGBModel_Alpha158_csi300_custom_step0_s_20260830_19,0961dae3124f44f798c46096d89bc448,0.078,,,
2768,2026-08-28,SH688041,0.0033925780888694385,EXP_LGBModel_Alpha158_csi300_custom_step0_s_20260830_19,0961dae3124f44f798c46096d89bc448,0.078,,,
2769,2026-08-28,SH688036,-7.948755898909753e-11,EXP_LGBModel_Alpha158_csi300_custom_step0_s_20260830_19,0961dae3124f44f798c46096d89bc448,0.078,,,
2770,2026-08-28,SH688012,-0.002202838428242249,EXP_LGBModel_Alpha158_csi300_custom_step0_s_20260830_19,0961dae3124f44f798c46096d89bc448,0.078,,,
2771,2026-08-28,SH688009,0.002896109005596416,EXP_LGBModel_Alpha158_csi300_custom_step0_s_20260830_19,0961dae3124f44f798c46096d89bc448,0.078,,,
2772,2026-08-28,SH605499,-7.948755898909753e-11,EXP_LGBModel_Alpha158_csi300_custom_step0_s_20260830_19,0961dae3124f44f798c46096d89bc448,0.078,,,
2773,2026-08-28,SH601939,0.001653603533094099,EXP_LGBModel_Alpha158_csi300_custom_step0_s_20260830_19,0961dae3124f44f798c46096d89bc448,0.078,,,
2774,2026-08-28,SZ001391,0.001653603533094099,EXP_LGBModel_Alpha158_csi300_custom_step0_s_20260830_19,0961dae3124f44f798c46096d89bc448,0.078,,,
2775,2026-08-28,SZ001979,-0.002202838428242249,EXP_LGBModel_Alpha158_csi300_custom_step0_s_20260830_19,0961dae3124f44f798c46096d89bc448,0.078,,,
2776,2026-08-28,SZ300408,-0.0010477609240095915,EXP_LGBModel_Alpha158_csi300_custom_step0_s_20260830_19,0961dae3124f44f798c46096d89bc448,0.078,,,
2777,2026-08-28,SZ300394,-0.004756919107703481,EXP_LGBModel_Alpha158_csi300_custom_step0_s_20260830_19,0961dae3124f44f798c46096d89bc448,0.078,,,
2778,2026-08-28,SZ300316,-0.002202838428242249,EXP_LGBModel_Alpha158_csi300_custom_step0_s_20260830_19,0961dae3124f44f798c46096d89bc448,0.078,,,
2779,2026-08-28,SZ300308,-0.0010477609240095915,EXP_LGBModel_Alpha158_csi300_custom_step0_s_20260830_19,0961dae3124f44f798c46096d89bc448,0.078,,,
2780,2026-08-28,SZ300274,0.0011088588884216315,EXP_LGBModel_Alpha158_csi300_custom_step0_s_20260830_19,0961dae3124f44f798c46096d89bc448,0.078,,,
2781,2026-08-28,SZ300251,-7.948755898909753e-11,EXP_LGBModel_Alpha158_csi300_custom_step0_s_20260830_19,0961dae3124f44f798c46096d89bc448,0.078,,,
2782,2026-08-28,SZ300413,-0.0010477609240095915,EXP_LGBModel_Alpha158_csi300_custom_step0_s_20260830_19,0961dae3124f44f798c46096d89bc448,0.078,,,
2783,2026-08-28,SZ300124,-0.0005975694471672954,EXP_LGBModel_Alpha158_csi300_custom_step0_s_20260830_19,0961dae3124f44f798c46096d89bc448,0.078,,,
2784,2026-08-28,SZ300059,-7.948755898909753e-11,EXP_LGBModel_Alpha158_csi300_custom_step0_s_20260830_19,0961dae3124f44f798c46096d89bc448,0.078,,,
2785,2026-08-28,SZ300033,-0.002202838428242249,EXP_LGBModel_Alpha158_csi300_custom_step0_s_20260830_19,0961dae3124f44f798c46096d89bc448,0.078,,,
2786,2026-08-28,SZ300015,-7.948755898909753e-11,EXP_LGBModel_Alpha158_csi300_custom_step0_s_20260830_19,0961dae3124f44f798c46096d89bc448,0.078,,,
2787,2026-08-28,SZ300014,-7.948755898909753e-11,EXP_LGBModel_Alpha158_csi300_custom_step0_s_20260830_19,0961dae3124f44f798c46096d89bc448,0.078,,,
2788,2026-08-28,SZ003816,0.0015007609851677955,EXP_LGBModel_Alpha158_csi300_custom_step0_s_20260830_19,0961dae3124f44f798c46096d89bc448,0.078,,,
2789,2026-08-28,SZ002938,-0.002202838428242249,EXP_LGBModel_Alpha158_csi300_custom_step0_s_20260830_19,0961dae3124f44f798c46096d89bc448,0.078,,,
2790,2026-08-28,SZ300122,0.0015007609851677955,EXP_LGBModel_Alpha158_csi300_custom_step0_s_20260830_19,0961dae3124f44f798c46096d89bc448,0.078,,,
2791,2026-08-28,SZ300418,-0.002202838428242249,EXP_LGBModel_Alpha158_csi300_custom_step0_s_20260830_19,0961dae3124f44f798c46096d89bc448,0.078,,,
2792,2026-08-28,SZ300433,-0.002202838428242249,EXP_LGBModel_Alpha158_csi300_custom_step0_s_20260830_19,0961dae3124f44f798c46096d89bc448,0.078,,,
2793,2026-08-28,SZ300442,-0.002202838428242249,EXP_LGBModel_Alpha158_csi300_custom_step0_s_20260830_19,0961dae3124f44f798c46096d89bc448,0.078,,,
2794,2026-08-28,SZ301236,-0.002202838428242249,EXP_LGBModel_Alpha158_csi300_custom_step0_s_20260830_19,0961dae3124f44f798c46096d89bc448,0.078,,,
2795,2026-08-28,SZ301165,-0.004756919107703481,EXP_LGBModel_Alpha158_csi300_custom_step0_s_20260830_19,0961dae3124f44f798c46096d89bc448,0.078,,,
2796,2026-08-28,SZ300999,0.002896109005596416,EXP_LGBModel_Alpha158_csi300_custom_step0_s_20260830_19,0961dae3124f44f798c46096d89bc448,0.078,,,
2797,2026-08-28,SZ300896,-0.002202838428242249,EXP_LGBModel_Alpha158_csi300_custom_step0_s_20260830_19,0961dae3124f44f798c46096d89bc448,0.078,,,
2798,2026-08-28,SZ300866,-0.0007507445953982243,EXP_LGBModel_Alpha158_csi300_custom_step0_s_20260830_19,0961dae3124f44f798c46096d89bc448,0.078,,,
2799,2026-08-28,SZ300832,-7.948755898909753e-11,EXP_LGBModel_Alpha158_csi300_custom_step0_s_20260830_19,0961dae3124f44f798c46096d89bc448,0.078,,,
2800,2026-08-28,SZ300803,-0.002202838428242249,EXP_LGBModel_Alpha158_csi300_custom_step0_s_20260830_19,0961dae3124f44f798c46096d89bc448,0.078,,,
2801,2026-08-28,SZ300760,-0.0007507445953982243,EXP_LGBModel_Alpha158_csi300_custom_step0_s_20260830_19,0961dae3124f44f798c46096d89bc448,0.078,,,
2802,2026-08-28,SZ300750,0.0011088588884216315,EXP_LGBModel_Alpha158_csi300_custom_step0_s_20260830_19,0961dae3124f44f798c46096d89bc448,0.078,,,
2803,2026-08-28,SZ300661,-0.002202838428242249,EXP_LGBModel_Alpha158_csi300_custom_step0_s_20260830_19,0961dae3124f44f798c46096d89bc448,0.078,,,
2804,2026-08-28,SZ300628,-7.948755898909753e-11,EXP_LGBModel_Alpha158_csi300_custom_step0_s_20260830_19,0961dae3124f44f798c46096d89bc448,0.078,,,
2805,2026-08-28,SZ300502,-0.0005975694471672954,EXP_LGBModel_Alpha158_csi300_custom_step0_s_20260830_19,0961dae3124f44f798c46096d89bc448,0.078,,,
2806,2026-08-28,SZ300498,-7.948755898909753e-11,EXP_LGBModel_Alpha158_csi300_custom_step0_s_20260830_19,0961dae3124f44f798c46096d89bc448,0.078,,,
2807,2026-08-28,SZ300476,-0.002202838428242249,EXP_LGBModel_Alpha158_csi300_custom_step0_s_20260830_19,0961dae3124f44f798c46096d89bc448,0.078,,,
2808,2026-08-28,SZ300450,-0.0005975694471672954,EXP_LGBModel_Alpha158_csi300_custom_step0_s_20260830_19,0961dae3124f44f798c46096d89bc448,0.078,,,
2809,2026-08-28,SZ002920,-0.002202838428242249,EXP_LGBModel_Alpha158_csi300_custom_step0_s_20260830_19,0961dae3124f44f798c46096d89bc448,0.078,,,
2810,2026-08-28,SZ002916,-0.002202838428242249,EXP_LGBModel_Alpha158_csi300_custom_step0_s_20260830_19,0961dae3124f44f798c46096d89bc448,0.078,,,
2811,2026-08-28,SZ002837,-0.002202838428242249,EXP_LGBModel_Alpha158_csi300_custom_step0_s_20260830_19,0961dae3124f44f798c46096d89bc448,0.078,,,
2812,2026-08-28,SZ002736,0.002896109005596416,EXP_LGBModel_Alpha158_csi300_custom_step0_s_20260830_19,0961dae3124f44f798c46096d89bc448,0.078,,,
2813,2026-08-28,SZ002352,-0.0020013083308626756,EXP_LGBModel_Alpha158_csi300_custom_step0_s_20260830_19,0961dae3124f44f798c46096d89bc448,0.078,,,
2814,2026-08-28,SZ002311,-7.948755898909753e-11,EXP_LGBModel_Alpha158_csi300_custom_step0_s_20260830_19,0961dae3124f44f798c46096d89bc448,0.078,,,
2815,2026-08-28,SZ002304,-7.948755898909753e-11,EXP_LGBModel_Alpha158_csi300_custom_step0_s_20260830_19,0961dae3124f44f798c46096d89bc448,0.078,,,
2816,2026-08-28,SZ002241,-0.002202838428242249,EXP_LGBModel_Alpha158_csi300_custom_step0_s_20260830_19,0961dae3124f44f798c46096d89bc448,0.078,,,
2817,2026-08-28,SZ002236,0.002896109005596416,EXP_LGBModel_Alpha158_csi300_custom_step0_s_20260830_19,0961dae3124f44f798c46096d89bc448,0.078,,,
2818,2026-08-28,SZ002230,-7.948755898909753e-11,EXP_LGBModel_Alpha158_csi300_custom_step0_s_20260830_19,0961dae3124f44f798c46096d89bc448,0.078,,,
2819,2026-08-28,SZ002202,-0.002202838428242249,EXP_LGBModel_Alpha158_csi300_custom_step0_s_20260830_19,0961dae3124f44f798c46096d89bc448,0.078,,,
2820,2026-08-28,SZ002179,-0.002202838428242249,EXP_LGBModel_Alpha158_csi300_custom_step0_s_20260830_19,0961dae3124f44f798c46096d89bc448,0.078,,,
2821,2026-08-28,SZ002142,-0.0007507445953982243,EXP_LGBModel_Alpha158_csi300_custom_step0_s_20260830_19,0961dae3124f44f798c46096d89bc448,0.078,,,
2822,2026-08-28,SZ002074,-0.002202838428242249,EXP_LGBModel_Alpha158_csi300_custom_step0_s_20260830_19,0961dae3124f44f798c46096d89bc448,0.078,,,
2823,2026-08-28,SZ002050,-0.0005975694471672954,EXP_LGBModel_Alpha158_csi300_custom_step0_s_20260830_19,0961dae3124f44f798c46096d89bc448,0.078,,,
2824,2026-08-28,SZ002049,-0.002202838428242249,EXP_LGBModel_Alpha158_csi300_custom_step0_s_20260830_19,0961dae3124f44f798c46096d89bc448,0.078,,,
2825,2026-08-28,SZ002028,0.0011088588884216315,EXP_LGBModel_Alpha158_csi300_custom_step0_s_20260830_19,0961dae3124f44f798c46096d89bc448,0.078,,,
2826,2026-08-28,SZ002027,0.001653603533094099,EXP_LGBModel_Alpha158_csi300_custom_step0_s_20260830_19,0961dae3124f44f798c46096d89bc448,0.078,,,
2827,2026-08-28,SZ002001,-7.948755898909753e-11,EXP_LGBModel_Alpha158_csi300_custom_step0_s_20260830_19,0961dae3124f44f798c46096d89bc448,0.078,,,
2828,2026-08-28,SZ002353,0.0011088588884216315,EXP_LGBModel_Alpha158_csi300_custom_step0_s_20260830_19,0961dae3124f44f798c46096d89bc448,0.078,,,
2829,2026-08-28,SZ001965,0.0015007609851677955,EXP_LGBModel_Alpha158_csi300_custom_step0_s_20260830_19,0961dae3124f44f798c46096d89bc448,0.078,,,
2830,2026-08-28,SZ002371,-7.948755898909753e-11,EXP_LGBModel_Alpha158_csi300_custom_step0_s_20260830_19,0961dae3124f44f798c46096d89bc448,0.078,,,
2831,2026-08-28,SZ002415,-7.948755898909753e-11,EXP_LGBModel_Alpha158_csi300_custom_step0_s_20260830_19,0961dae3124f44f798c46096d89bc448,0.078,,,
2832,2026-08-28,SZ002714,-7.948755898909753e-11,EXP_LGBModel_Alpha158_csi300_custom_step0_s_20260830_19,0961dae3124f44f798c46096d89bc448,0.078,,,
2833,2026-08-28,SZ002709,-0.0005975694471672954,EXP_LGBModel_Alpha158_csi300_custom_step0_s_20260830_19,0961dae3124f44f798c46096d89bc448,0.078,,,
2834,2026-08-28,SZ002648,-0.004756919107703481,EXP_LGBModel_Alpha158_csi300_custom_step0_s_20260830_19,0961dae3124f44f798c46096d89bc448,0.078,,,
2835,2026-08-28,SZ002625,-7.948755898909753e-11,EXP_LGBModel_Alpha158_csi300_custom_step0_s_20260830_19,0961dae3124f44f798c46096d89bc448,0.078,,,
2836,2026-08-28,SZ002602,-0.0020013083308626756,EXP_LGBModel_Alpha158_csi300_custom_step0_s_20260830_19,0961dae3124f44f798c46096d89bc448,0.078,,,
2837,2026-08-28,SZ002600,-0.002202838428242249,EXP_LGBModel_Alpha158_csi300_custom_step0_s_20260830_19,0961dae3124f44f798c46096d89bc448,0.078,,,
2838,2026-08-28,SZ002594,0.002896109005596416,EXP_LGBModel_Alpha158_csi300_custom_step0_s_20260830_19,0961dae3124f44f798c46096d89bc448,0.078,,,
2839,2026-08-28,SZ002558,-0.0020013083308626756,EXP_LGBModel_Alpha158_csi300_custom_step0_s_20260830_19,0961dae3124f44f798c46096d89bc448,0.078,,,
2840,2026-08-28,SZ002532,-7.948755898909753e-11,EXP_LGBModel_Alpha158_csi300_custom_step0_s_20260830_19,0961dae3124f44f798c46096d89bc448,0.078,,,
2841,2026-08-28,SZ002493,-0.004756919107703481,EXP_LGBModel_Alpha158_csi300_custom_step0_s_20260830_19,0961dae3124f44f798c46096d89bc448,0.078,,,
2842,2026-08-28,SZ002475,-0.0005975694471672954,EXP_LGBModel_Alpha158_csi300_custom_step0_s_20260830_19,0961dae3124f44f798c46096d89bc448,0.078,,,
2843,2026-08-28,SZ002466,-0.0005975694471672954,EXP_LGBModel_Alpha158_csi300_custom_step0_s_20260830_19,0961dae3124f44f798c46096d89bc448,0.078,,,
2844,2026-08-28,SZ002463,-0.002202838428242249,EXP_LGBModel_Alpha158_csi300_custom_step0_s_20260830_19,0961dae3124f44f798c46096d89bc448,0.078,,,
2845,2026-08-28,SZ002460,-0.0005975694471672954,EXP_LGBModel_Alpha158_csi300_custom_step0_s_20260830_19,0961dae3124f44f798c46096d89bc448,0.078,,,
2846,2026-08-28,SZ002422,-0.002202838428242249,EXP_LGBModel_Alpha158_csi300_custom_step0_s_20260830_19,0961dae3124f44f798c46096d89bc448,0.078,,,
2847,2026-08-28,SZ002384,-0.002202838428242249,EXP_LGBModel_Alpha158_csi300_custom_step0_s_20260830_19,0961dae3124f44f798c46096d89bc448,0.078,,,
2848,2026-08-28,SZ302132,-0.0014804384835870163,EXP_CatBoostModel_Alpha158_csi300_custom_step0_s_20260830_19,dee95aaedf184ccd8e26c80c0d6ec8d2,0.042,,,
2849,2026-08-28,SH601919,-7.948755898909753e-11,EXP_LGBModel_Alpha158_csi300_custom_step0_s_20260830_19,0961dae3124f44f798c46096d89bc448,0.078,,,
2850,2026-08-28,SH601901,0.002896109005596416,EXP_LGBModel_Alpha158_csi300_custom_step0_s_20260830_19,0961dae3124f44f798c46096d89bc448,0.078,,,
2851,2026-08-28,SH600522,0.00015802535159976705,EXP_LGBModel_Alpha158_csi300_custom_step0_s_20260830_19,0961dae3124f44f798c46096d89bc448,0.078,,,
2852,2026-08-28,SH600519,0.002896109005596416,EXP_LGBModel_Alpha158_csi300_custom_step0_s_20260830_19,0961dae3124f44f798c46096d89bc448,0.078,,,
2853,2026-08-28,SH600515,-7.948755898909753e-11,EXP_LGBModel_Alpha158_csi300_custom_step0_s_20260830_19,0961dae3124f44f798c46096d89bc448,0.078,,,
2854,2026-08-28,SH600489,-0.004756919107703481,EXP_LGBModel_Alpha158_csi300_custom_step0_s_20260830_19,0961dae3124f44f798c46096d89bc448,0.078,,,
2855,2026-08-28,SH600482,-0.002202838428242249,EXP_LGBModel_Alpha158_csi300_custom_step0_s_20260830_19,0961dae3124f44f798c46096d89bc448,0.078,,,
2856,2026-08-28,SH600460,-7.948755898909753e-11,EXP_LGBModel_Alpha158_csi300_custom_step0_s_20260830_19,0961dae3124f44f798c46096d89bc448,0.078,,,
2857,2026-08-28,SH600547,-0.004756919107703481,EXP_LGBModel_Alpha158_csi300_custom_step0_s_20260830_19,0961dae3124f44f798c46096d89bc448,0.078,,,
2858,2026-08-28,SH600438,-0.002202838428242249,EXP_LGBModel_Alpha158_csi300_custom_step0_s_20260830_19,0961dae3124f44f798c46096d89bc448,0.078,,,
2859,2026-08-28,SH600426,-0.0007507445953982243,EXP_LGBModel_Alpha158_csi300_custom_step0_s_20260830_19,0961dae3124f44f798c46096d89bc448,0.078,,,
2860,2026-08-28,SH600415,-7.948755898909753e-11,EXP_LGBModel_Alpha158_csi300_custom_step0_s_20260830_19,0961dae3124f44f798c46096d89bc448,0.078,,,
2861,2026-08-28,SH600406,-7.948755898909753e-11,EXP_LGBModel_Alpha158_csi300_custom_step0_s_20260830_19,0961dae3124f44f798c46096d89bc448,0.078,,,
2862,2026-08-28,SH600372,0.002896109005596416,EXP_LGBModel_Alpha158_csi300_custom_step0_s_20260830_19,0961dae3124f44f798c46096d89bc448,0.078,,,
2863,2026-08-28,SH600362,-7.948755898909753e-11,EXP_LGBModel_Alpha158_csi300_custom_step0_s_20260830_19,0961dae3124f44f798c46096d89bc448,0.078,,,
2864,2026-08-28,SH600346,-0.004756919107703481,EXP_LGBModel_Alpha158_csi300_custom_step0_s_20260830_19,0961dae3124f44f798c46096d89bc448,0.078,,,
2865,2026-08-28,SH600436,-7.948755898909753e-11,EXP_LGBModel_Alpha158_csi300_custom_step0_s_20260830_19,0961dae3124f44f798c46096d89bc448,0.078,,,
2866,2026-08-28,SH600549,-0.002202838428242249,EXP_LGBModel_Alpha158_csi300_custom_step0_s_20260830_19,0961dae3124f44f798c46096d89bc448,0.078,,,
2867,2026-08-28,SH600570,-7.948755898909753e-11,EXP_LGBModel_Alpha158_csi300_custom_step0_s_20260830_19,0961dae3124f44f798c46096d89bc448,0.078,,,
2868,2026-08-28,SH600584,-0.002202838428242249,EXP_LGBModel_Alpha158_csi300_custom_step0_s_20260830_19,0961dae3124f44f798c46096d89bc448,0.078,,,
2869,2026-08-28,SH600887,0.0015007609851677955,EXP_LGBModel_Alpha158_csi300_custom_step0_s_20260830_19,0961dae3124f44f798c46096d89bc448,0.078,,,
2870,2026-08-28,SH600886,-7.948755898909753e-11,EXP_LGBModel_Alpha158_csi300_custom_step0_s_20260830_19,0961dae3124f44f798c46096d89bc448,0.078,,,
2871,2026-08-28,SH600875,-0.002202838428242249,EXP_LGBModel_Alpha158_csi300_custom_step0_s_20260830_19,0961dae3124f44f798c46096d89bc448,0.078,,,
2872,2026-08-28,SH600845,-0.0020013083308626756,EXP_LGBModel_Alpha158_csi300_custom_step0_s_20260830_19,0961dae3124f44f798c46096d89bc448,0.078,,,
2873,2026-08-28,SH600809,-0.0020013083308626756,EXP_LGBModel_Alpha158_csi300_custom_step0_s_20260830_19,0961dae3124f44f798c46096d89bc448,0.078,,,
2874,2026-08-28,SH600803,0.002896109005596416,EXP_LGBModel_Alpha158_csi300_custom_step0_s_20260830_19,0961dae3124f44f798c46096d89bc448,0.078,,,
2875,2026-08-28,SH600795,0.002896109005596416,EXP_LGBModel_Alpha158_csi300_custom_step0_s_20260830_19,0961dae3124f44f798c46096d89bc448,0.078,,,
2876,2026-08-28,SH600760,-7.948755898909753e-11,EXP_LGBModel_Alpha158_csi300_custom_step0_s_20260830_19,0961dae3124f44f798c46096d89bc448,0.078,,,
2877,2026-08-28,SH600741,-7.948755898909753e-11,EXP_LGBModel_Alpha158_csi300_custom_step0_s_20260830_19,0961dae3124f44f798c46096d89bc448,0.078,,,
2878,2026-08-28,SH600690,0.002896109005596416,EXP_LGBModel_Alpha158_csi300_custom_step0_s_20260830_19,0961dae3124f44f798c46096d89bc448,0.078,,,
2879,2026-08-28,SH600674,0.002896109005596416,EXP_LGBModel_Alpha158_csi300_custom_step0_s_20260830_19,0961dae3124f44f798c46096d89bc448,0.078,,,
2880,2026-08-28,SH600660,-7.948755898909753e-11,EXP_LGBModel_Alpha158_csi300_custom_step0_s_20260830_19,0961dae3124f44f798c46096d89bc448,0.078,,,
2881,2026-08-28,SH600600,0.001653603533094099,EXP_LGBModel_Alpha158_csi300_custom_step0_s_20260830_19,0961dae3124f44f798c46096d89bc448,0.078,,,
2882,2026-08-28,SH600588,-0.0010477609240095915,EXP_LGBModel_Alpha158_csi300_custom_step0_s_20260830_19,0961dae3124f44f798c46096d89bc448,0.078,,,
2883,2026-08-28,SH600585,0.002896109005596416,EXP_LGBModel_Alpha158_csi300_custom_step0_s_20260830_19,0961dae3124f44f798c46096d89bc448,0.078,,,
2884,2026-08-28,SH600309,0.002896109005596416,EXP_LGBModel_Alpha158_csi300_custom_step0_s_20260830_19,0961dae3124f44f798c46096d89bc448,0.078,,,
2885,2026-08-28,SH600276,-0.0010477609240095915,EXP_LGBModel_Alpha158_csi300_custom_step0_s_20260830_19,0961dae3124f44f798c46096d89bc448,0.078,,,
2886,2026-08-28,SH600233,-7.948755898909753e-11,EXP_LGBModel_Alpha158_csi300_custom_step0_s_20260830_19,0961dae3124f44f798c46096d89bc448,0.078,,,
2887,2026-08-28,SH600221,0.002896109005596416,EXP_LGBModel_Alpha158_csi300_custom_step0_s_20260830_19,0961dae3124f44f798c46096d89bc448,0.078,,,
2888,2026-08-28,SH600031,-7.948755898909753e-11,EXP_LGBModel_Alpha158_csi300_custom_step0_s_20260830_19,0961dae3124f44f798c46096d89bc448,0.078,,,
2889,2026-08-28,SH600030,0.002896109005596416,EXP_LGBModel_Alpha158_csi300_custom_step0_s_20260830_19,0961dae3124f44f798c46096d89bc448,0.078,,,
2890,2026-08-28,SH600029,0.002896109005596416,EXP_LGBModel_Alpha158_csi300_custom_step0_s_20260830_19,0961dae3124f44f798c46096d89bc448,0.078,,,
2891,2026-08-28,SH600028,-7.948755898909753e-11,EXP_LGBModel_Alpha158_csi300_custom_step0_s_20260830_19,0961dae3124f44f798c46096d89bc448,0.078,,,
2892,2026-08-28,SH600027,-0.0020013083308626756,EXP_LGBModel_Alpha158_csi300_custom_step0_s_20260830_19,0961dae3124f44f798c46096d89bc448,0.078,,,
2893,2026-08-28,SH600026,-7.948755898909753e-11,EXP_LGBModel_Alpha158_csi300_custom_step0_s_20260830_19,0961dae3124f44f798c46096d89bc448,0.078,,,
2894,2026-08-28,SH600025,0.001653603533094099,EXP_LGBModel_Alpha158_csi300_custom_step0_s_20260830_19,0961dae3124f44f798c46096d89bc448,0.078,,,
2895,2026-08-28,SH600023,0.002896109005596416,EXP_LGBModel_Alpha158_csi300_custom_step0_s_20260830_19,0961dae3124f44f798c46096d89bc448,0.078,,,
2896,2026-08-28,SH600019,-7.948755898909753e-11,EXP_LGBModel_Alpha158_csi300_custom_step0_s_20260830_19,0961dae3124f44f798c46096d89bc448,0.078,,,
2897,2026-08-28,SH600018,0.002896109005596416,EXP_LGBModel_Alpha158_csi300_custom_step0_s_20260830_19,0961dae3124f44f798c46096d89bc448,0.078,,,
2898,2026-08-28,SH600016,0.002896109005596416,EXP_LGBModel_Alpha158_csi300_custom_step0_s_20260830_19,0961dae3124f44f798c46096d89bc448,0.078,,,
2899,2026-08-28,SH600015,-7.948755898909753e-11,EXP_LGBModel_Alpha158_csi300_custom_step0_s_20260830_19,0961dae3124f44f798c46096d89bc448,0.078,,,
2900,2026-08-28,SH600011,-0.0020013083308626756,EXP_LGBModel_Alpha158_csi300_custom_step0_s_20260830_19,0961dae3124f44f798c46096d89bc448,0.078,,,
2901,2026-08-28,SH600010,0.002896109005596416,EXP_LGBModel_Alpha158_csi300_custom_step0_s_20260830_19,0961dae3124f44f798c46096d89bc448,0.078,,,
2902,2026-08-28,SH600009,-7.948755898909753e-11,EXP_LGBModel_Alpha158_csi300_custom_step0_s_20260830_19,0961dae3124f44f798c46096d89bc448,0.078,,,
2903,2026-08-28,SH600036,0.002896109005596416,EXP_LGBModel_Alpha158_csi300_custom_step0_s_20260830_19,0961dae3124f44f798c46096d89bc448,0.078,,,
2904,2026-08-28,SH600893,-0.002202838428242249,EXP_LGBModel_Alpha158_csi300_custom_step0_s_20260830_19,0961dae3124f44f798c46096d89bc448,0.078,,,
2905,2026-08-28,SH600039,-0.0020013083308626756,EXP_LGBModel_Alpha158_csi300_custom_step0_s_20260830_19,0961dae3124f44f798c46096d89bc448,0.078,,,
2906,2026-08-28,SH600050,0.002896109005596416,EXP_LGBModel_Alpha158_csi300_custom_step0_s_20260830_19,0961dae3124f44f798c46096d89bc448,0.078,,,
2907,2026-08-28,SH600219,-0.004756919107703481,EXP_LGBModel_Alpha158_csi300_custom_step0_s_20260830_19,0961dae3124f44f798c46096d89bc448,0.078,,,
2908,2026-08-28,SH600196,-0.002202838428242249,EXP_LGBModel_Alpha158_csi300_custom_step0_s_20260830_19,0961dae3124f44f798c46096d89bc448,0.078,,,
2909,2026-08-28,SH600188,-0.004756919107703481,EXP_LGBModel_Alpha158_csi300_custom_step0_s_20260830_19,0961dae3124f44f798c46096d89bc448,0.078,,,
2910,2026-08-28,SH600183,-0.002202838428242249,EXP_LGBModel_Alpha158_csi300_custom_step0_s_20260830_19,0961dae3124f44f798c46096d89bc448,0.078,,,
2911,2026-08-28,SH600176,-0.002202838428242249,EXP_LGBModel_Alpha158_csi300_custom_step0_s_20260830_19,0961dae3124f44f798c46096d89bc448,0.078,,,
2912,2026-08-28,SH600160,-0.002202838428242249,EXP_LGBModel_Alpha158_csi300_custom_step0_s_20260830_19,0961dae3124f44f798c46096d89bc448,0.078,,,
2913,2026-08-28,SH600150,0.002896109005596416,EXP_LGBModel_Alpha158_csi300_custom_step0_s_20260830_19,0961dae3124f44f798c46096d89bc448,0.078,,,
2914,2026-08-28,SH600118,-0.0010477609240095915,EXP_LGBModel_Alpha158_csi300_custom_step0_s_20260830_19,0961dae3124f44f798c46096d89bc448,0.078,,,
2915,2026-08-28,SH600115,-7.948755898909753e-11,EXP_LGBModel_Alpha158_csi300_custom_step0_s_20260830_19,0961dae3124f44f798c46096d89bc448,0.078,,,
2916,2026-08-28,SH600111,-0.0005975694471672954,EXP_LGBModel_Alpha158_csi300_custom_step0_s_20260830_19,0961dae3124f44f798c46096d89bc448,0.078,,,
2917,2026-08-28,SH600104,0.001653603533094099,EXP_LGBModel_Alpha158_csi300_custom_step0_s_20260830_19,0961dae3124f44f798c46096d89bc448,0.078,,,
2918,2026-08-28,SH600089,-0.0010477609240095915,EXP_LGBModel_Alpha158_csi300_custom_step0_s_20260830_19,0961dae3124f44f798c46096d89bc448,0.078,,,
2919,2026-08-28,SH600085,-7.948755898909753e-11,EXP_LGBModel_Alpha158_csi300_custom_step0_s_20260830_19,0961dae3124f44f798c46096d89bc448,0.078,,,
2920,2026-08-28,SH600066,-0.0020013083308626756,EXP_LGBModel_Alpha158_csi300_custom_step0_s_20260830_19,0961dae3124f44f798c46096d89bc448,0.078,,,
2921,2026-08-28,SH600061,0.002896109005596416,EXP_LGBModel_Alpha158_csi300_custom_step0_s_20260830_19,0961dae3124f44f798c46096d89bc448,0.078,,,
2922,2026-08-28,SH600048,-7.948755898909753e-11,EXP_LGBModel_Alpha158_csi300_custom_step0_s_20260830_19,0961dae3124f44f798c46096d89bc448,0.078,,,
2923,2026-08-28,SH601916,0.002896109005596416,EXP_LGBModel_Alpha158_csi300_custom_step0_s_20260830_19,0961dae3124f44f798c46096d89bc448,0.078,,,
2924,2026-08-28,SH600900,0.002896109005596416,EXP_LGBModel_Alpha158_csi300_custom_step0_s_20260830_19,0961dae3124f44f798c46096d89bc448,0.078,,,
2925,2026-08-28,SH600918,0.002896109005596416,EXP_LGBModel_Alpha158_csi300_custom_step0_s_20260830_19,0961dae3124f44f798c46096d89bc448,0.078,,,
2926,2026-08-28,SH601689,-0.0005975694471672954,EXP_LGBModel_Alpha158_csi300_custom_step0_s_20260830_19,0961dae3124f44f798c46096d89bc448,0.078,,,
2927,2026-08-28,SH601688,-0.002202838428242249,EXP_LGBModel_Alpha158_csi300_custom_step0_s_20260830_19,0961dae3124f44f798c46096d89bc448,0.078,,,
2928,2026-08-28,SH601669,0.002896109005596416,EXP_LGBModel_Alpha158_csi300_custom_step0_s_20260830_19,0961dae3124f44f798c46096d89bc448,0.078,,,
2929,2026-08-28,SH601668,0.001653603533094099,EXP_LGBModel_Alpha158_csi300_custom_step0_s_20260830_19,0961dae3124f44f798c46096d89bc448,0.078,,,
2930,2026-08-28,SH601658,0.002896109005596416,EXP_LGBModel_Alpha158_csi300_custom_step0_s_20260830_19,0961dae3124f44f798c46096d89bc448,0.078,,,
2931,2026-08-28,SH601633,0.001653603533094099,EXP_LGBModel_Alpha158_csi300_custom_step0_s_20260830_19,0961dae3124f44f798c46096d89bc448,0.078,,,
2932,2026-08-28,SH601698,-0.0010477609240095915,EXP_LGBModel_Alpha158_csi300_custom_step0_s_20260830_19,0961dae3124f44f798c46096d89bc448,0.078,,,
2933,2026-08-28,SH601628,-0.002202838428242249,EXP_LGBModel_Alpha158_csi300_custom_step0_s_20260830_19,0961dae3124f44f798c46096d89bc448,0.078,,,
2934,2026-08-28,SH601607,0.002896109005596416,EXP_LGBModel_Alpha158_csi300_custom_step0_s_20260830_19,0961dae3124f44f798c46096d89bc448,0.078,,,
2935,2026-08-28,SH601601,-0.0007507445953982243,EXP_LGBModel_Alpha158_csi300_custom_step0_s_20260830_19,0961dae3124f44f798c46096d89bc448,0.078,,,
2936,2026-08-28,SH601600,-0.004756919107703481,EXP_LGBModel_Alpha158_csi300_custom_step0_s_20260830_19,0961dae3124f44f798c46096d89bc448,0.078,,,
2937,2026-08-28,SH601456,0.002896109005596416,EXP_LGBModel_Alpha158_csi300_custom_step0_s_20260830_19,0961dae3124f44f798c46096d89bc448,0.078,,,
2938,2026-08-28,SH601398,0.002896109005596416,EXP_LGBModel_Alpha158_csi300_custom_step0_s_20260830_19,0961dae3124f44f798c46096d89bc448,0.078,,,
2939,2026-08-28,SH601390,0.002896109005596416,EXP_LGBModel_Alpha158_csi300_custom_step0_s_20260830_19,0961dae3124f44f798c46096d89bc448,0.078,,,
2940,2026-08-28,SH601618,0.002896109005596416,EXP_LGBModel_Alpha158_csi300_custom_step0_s_20260830_19,0961dae3124f44f798c46096d89bc448,0.078,,,
2941,2026-08-28,SH601727,-7.948755898909753e-11,EXP_LGBModel_Alpha158_csi300_custom_step0_s_20260830_19,0961dae3124f44f798c46096d89bc448,0.078,,,
2942,2026-08-28,SH601728,-7.948755898909753e-11,EXP_LGBModel_Alpha158_csi300_custom_step0_s_20260830_19,0961dae3124f44f798c46096d89bc448,0.078,,,
2943,2026-08-28,SH601766,-7.948755898909753e-11,EXP_LGBModel_Alpha158_csi300_custom_step0_s_20260830_19,0961dae3124f44f798c46096d89bc448,0.078,,,
2944,2026-08-28,SH601899,-0.004756919107703481,EXP_LGBModel_Alpha158_csi300_custom_step0_s_20260830_19,0961dae3124f44f798c46096d89bc448,0.078,,,
2945,2026-08-28,SH601898,-0.004756919107703481,EXP_LGBModel_Alpha158_csi300_custom_step0_s_20260830_19,0961dae3124f44f798c46096d89bc448,0.078,,,
2946,2026-08-28,SH601888,-0.0020013083308626756,EXP_LGBModel_Alpha158_csi300_custom_step0_s_20260830_19,0961dae3124f44f798c46096d89bc448,0.078,,,
2947,2026-08-28,SH601881,0.002896109005596416,EXP_LGBModel_Alpha158_csi300_custom_step0_s_20260830_19,0961dae3124f44f798c46096d89bc448,0.078,,,
2948,2026-08-28,SH601878,0.002896109005596416,EXP_LGBModel_Alpha158_csi300_custom_step0_s_20260830_19,0961dae3124f44f798c46096d89bc448,0.078,,,
2949,2026-08-28,SH601877,-0.002202838428242249,EXP_LGBModel_Alpha158_csi300_custom_step0_s_20260830_19,0961dae3124f44f798c46096d89bc448,0.078,,,
2950,2026-08-28,SH601872,-0.004756919107703481,EXP_LGBModel_Alpha158_csi300_custom_step0_s_20260830_19,0961dae3124f44f798c46096d89bc448,0.078,,,
2951,2026-08-28,SH601868,0.002896109005596416,EXP_LGBModel_Alpha158_csi300_custom_step0_s_20260830_19,0961dae3124f44f798c46096d89bc448,0.078,,,
2952,2026-08-28,SH601857,0.002896109005596416,EXP_LGBModel_Alpha158_csi300_custom_step0_s_20260830_19,0961dae3124f44f798c46096d89bc448,0.078,,,
2953,2026-08-28,SH601838,0.002896109005596416,EXP_LGBModel_Alpha158_csi300_custom_step0_s_20260830_19,0961dae3124f44f798c46096d89bc448,0.078,,,
2954,2026-08-28,SH601825,0.001653603533094099,EXP_LGBModel_Alpha158_csi300_custom_step0_s_20260830_19,0961dae3124f44f798c46096d89bc448,0.078,,,
2955,2026-08-28,SH601818,0.002896109005596416,EXP_LGBModel_Alpha158_csi300_custom_step0_s_20260830_19,0961dae3124f44f798c46096d89bc448,0.078,,,
2956,2026-08-28,SH601816,0.002896109005596416,EXP_LGBModel_Alpha158_csi300_custom_step0_s_20260830_19,0961dae3124f44f798c46096d89bc448,0.078,,,
2957,2026-08-28,SH601800,-0.0020013083308626756,EXP_LGBModel_Alpha158_csi300_custom_step0_s_20260830_19,0961dae3124f44f798c46096d89bc448,0.078,,,
2958,2026-08-28,SH601788,-7.948755898909753e-11,EXP_LGBModel_Alpha158_csi300_custom_step0_s_20260830_19,0961dae3124f44f798c46096d89bc448,0.078,,,
2959,2026-08-28,SH601377,0.002896109005596416,EXP_LGBModel_Alpha158_csi300_custom_step0_s_20260830_19,0961dae3124f44f798c46096d89bc448,0.078,,,
2960,2026-08-28,SH601360,0.0015007609851677955,EXP_LGBModel_Alpha158_csi300_custom_step0_s_20260830_19,0961dae3124f44f798c46096d89bc448,0.078,,,
2961,2026-08-28,SH601336,0.0015007609851677955,EXP_LGBModel_Alpha158_csi300_custom_step0_s_20260830_19,0961dae3124f44f798c46096d89bc448,0.078,,,
2962,2026-08-28,SH601328,0.002896109005596416,EXP_LGBModel_Alpha158_csi300_custom_step0_s_20260830_19,0961dae3124f44f798c46096d89bc448,0.078,,,
2963,2026-08-28,SH601059,0.002896109005596416,EXP_LGBModel_Alpha158_csi300_custom_step0_s_20260830_19,0961dae3124f44f798c46096d89bc448,0.078,,,
2964,2026-08-28,SH601058,-7.948755898909753e-11,EXP_LGBModel_Alpha158_csi300_custom_step0_s_20260830_19,0961dae3124f44f798c46096d89bc448,0.078,,,
2965,2026-08-28,SH601021,0.001653603533094099,EXP_LGBModel_Alpha158_csi300_custom_step0_s_20260830_19,0961dae3124f44f798c46096d89bc448,0.078,,,
2966,2026-08-28,SH601018,-7.948755898909753e-11,EXP_LGBModel_Alpha158_csi300_custom_step0_s_20260830_19,0961dae3124f44f798c46096d89bc448,0.078,,,
2967,2026-08-28,SH601012,-0.002202838428242249,EXP_LGBModel_Alpha158_csi300_custom_step0_s_20260830_19,0961dae3124f44f798c46096d89bc448,0.078,,,
2968,2026-08-28,SH601009,0.002896109005596416,EXP_LGBModel_Alpha158_csi300_custom_step0_s_20260830_19,0961dae3124f44f798c46096d89bc448,0.078,,,
2969,2026-08-28,SH601006,0.002896109005596416,EXP_LGBModel_Alpha158_csi300_custom_step0_s_20260830_19,0961dae3124f44f798c46096d89bc448,0.078,,,
2970,2026-08-28,SH600999,-0.002202838428242249,EXP_LGBModel_Alpha158_csi300_custom_step0_s_20260830_19,0961dae3124f44f798c46096d89bc448,0.078,,,
2971,2026-08-28,SH600989,-7.948755898909753e-11,EXP_LGBModel_Alpha158_csi300_custom_step0_s_20260830_19,0961dae3124f44f798c46096d89bc448,0.078,,,
2972,2026-08-28,SH600958,0.002896109005596416,EXP_LGBModel_Alpha158_csi300_custom_step0_s_20260830_19,0961dae3124f44f798c46096d89bc448,0.078,,,
2973,2026-08-28,SH600941,0.002896109005596416,EXP_LGBModel_Alpha158_csi300_custom_step0_s_20260830_19,0961dae3124f44f798c46096d89bc448,0.078,,,
2974,2026-08-28,SH600938,-7.948755898909753e-11,EXP_LGBModel_Alpha158_csi300_custom_step0_s_20260830_19,0961dae3124f44f798c46096d89bc448,0.078,,,
2975,2026-08-28,SH600930,-7.948755898909753e-11,EXP_LGBModel_Alpha158_csi300_custom_step0_s_20260830_19,0961dae3124f44f798c46096d89bc448,0.078,,,
2976,2026-08-28,SH600926,0.001653603533094099,EXP_LGBModel_Alpha158_csi300_custom_step0_s_20260830_19,0961dae3124f44f798c46096d89bc448,0.078,,,
2977,2026-08-28,SH600919,0.002896109005596416,EXP_LGBModel_Alpha158_csi300_custom_step0_s_20260830_19,0961dae3124f44f798c46096d89bc448,0.078,,,
2978,2026-08-28,SH601066,0.002896109005596416,EXP_LGBModel_Alpha158_csi300_custom_step0_s_20260830_19,0961dae3124f44f798c46096d89bc448,0.078,,,
2979,2026-08-28,SH600905,0.002896109005596416,EXP_LGBModel_Alpha158_csi300_custom_step0_s_20260830_19,0961dae3124f44f798c46096d89bc448,0.078,,,
2980,2026-08-28,SH601077,-7.948755898909753e-11,EXP_LGBModel_Alpha158_csi300_custom_step0_s_20260830_19,0961dae3124f44f798c46096d89bc448,0.078,,,
2981,2026-08-28,SH601100,-7.948755898909753e-11,EXP_LGBModel_Alpha158_csi300_custom_step0_s_20260830_19,0961dae3124f44f798c46096d89bc448,0.078,,,
2982,2026-08-28,SH601319,-7.948755898909753e-11,EXP_LGBModel_Alpha158_csi300_custom_step0_s_20260830_19,0961dae3124f44f798c46096d89bc448,0.078,,,
2983,2026-08-28,SH601318,-0.0007507445953982243,EXP_LGBModel_Alpha158_csi300_custom_step0_s_20260830_19,0961dae3124f44f798c46096d89bc448,0.078,,,
2984,2026-08-28,SH601288,-7.948755898909753e-11,EXP_LGBModel_Alpha158_csi300_custom_step0_s_20260830_19,0961dae3124f44f798c46096d89bc448,0.078,,,
2985,2026-08-28,SH601238,-7.948755898909753e-11,EXP_LGBModel_Alpha158_csi300_custom_step0_s_20260830_19,0961dae3124f44f798c46096d89bc448,0.078,,,
2986,2026-08-28,SH601229,0.0015007609851677955,EXP_LGBModel_Alpha158_csi300_custom_step0_s_20260830_19,0961dae3124f44f798c46096d89bc448,0.078,,,
2987,2026-08-28,SH601225,-7.948755898909753e-11,EXP_LGBModel_Alpha158_csi300_custom_step0_s_20260830_19,0961dae3124f44f798c46096d89bc448,0.078,,,
2988,2026-08-28,SH601211,-7.948755898909753e-11,EXP_LGBModel_Alpha158_csi300_custom_step0_s_20260830_19,0961dae3124f44f798c46096d89bc448,0.078,,,
2989,2026-08-28,SH601186,0.002896109005596416,EXP_LGBModel_Alpha158_csi300_custom_step0_s_20260830_19,0961dae3124f44f798c46096d89bc448,0.078,,,
2990,2026-08-28,SH601169,0.002896109005596416,EXP_LGBModel_Alpha158_csi300_custom_step0_s_20260830_19,0961dae3124f44f798c46096d89bc448,0.078,,,
2991,2026-08-28,SH601166,-7.948755898909753e-11,EXP_LGBModel_Alpha158_csi300_custom_step0_s_20260830_19,0961dae3124f44f798c46096d89bc448,0.078,,,
2992,2026-08-28,SH601138,-0.002202838428242249,EXP_LGBModel_Alpha158_csi300_custom_step0_s_20260830_19,0961dae3124f44f798c46096d89bc448,0.078,,,
2993,2026-08-28,SH601136,0.0015007609851677955,EXP_LGBModel_Alpha158_csi300_custom_step0_s_20260830_19,0961dae3124f44f798c46096d89bc448,0.078,,,
2994,2026-08-28,SH601127,-0.0010477609240095915,EXP_LGBModel_Alpha158_csi300_custom_step0_s_20260830_19,0961dae3124f44f798c46096d89bc448,0.078,,,
2995,2026-08-28,SH601117,0.002896109005596416,EXP_LGBModel_Alpha158_csi300_custom_step0_s_20260830_19,0961dae3124f44f798c46096d89bc448,0.078,,,
2996,2026-08-28,SH601111,0.002896109005596416,EXP_LGBModel_Alpha158_csi300_custom_step0_s_20260830_19,0961dae3124f44f798c46096d89bc448,0.078,,,
2997,2026-08-28,SH601088,-0.0007507445953982243,EXP_LGBModel_Alpha158_csi300_custom_step0_s_20260830_19,0961dae3124f44f798c46096d89bc448,0.078,,,
2998,2026-08-28,SZ301269,-0.002202838428242249,EXP_LGBModel_Alpha158_csi300_custom_step0_s_20260830_19,0961dae3124f44f798c46096d89bc448,0.078,,,
2999,2026-08-28,SZ302132,0.007099037291575988,EXP_CatBoostModel_Alpha158_csi300_custom_step0_s_20260830_19,40ceb27c2b7146df8038a9670ab316d5,0.13,,,
3000,2026-08-28,SZ301269,-0.0019425622364147711,EXP_CatBoostModel_Alpha158_csi300_custom_step0_s_20260830_19,40ceb27c2b7146df8038a9670ab316d5,0.13,,,
3001,2026-08-28,SZ000596,-0.001019935064082945,EXP_CatBoostModel_Alpha158_csi300_custom_step0_s_20260830_19,9096a3a8a34346fb8e4f5f588bf26af6,0.008,,,
3002,2026-08-28,SZ000568,-0.001019935064082945,EXP_CatBoostModel_Alpha158_csi300_custom_step0_s_20260830_19,9096a3a8a34346fb8e4f5f588bf26af6,0.008,,,
3003,2026-08-28,SZ000538,0.0008919707218778684,EXP_CatBoostModel_Alpha158_csi300_custom_step0_s_20260830_19,9096a3a8a34346fb8e4f5f588bf26af6,0.008,,,
3004,2026-08-28,SZ000425,-0.00010417677220333155,EXP_CatBoostModel_Alpha158_csi300_custom_step0_s_20260830_19,9096a3a8a34346fb8e4f5f588bf26af6,0.008,,,
3005,2026-08-28,SZ000408,-0.001019935064082945,EXP_CatBoostModel_Alpha158_csi300_custom_step0_s_20260830_19,9096a3a8a34346fb8e4f5f588bf26af6,0.008,,,
3006,2026-08-28,SZ000338,-0.014832659454343436,EXP_CatBoostModel_Alpha158_csi300_custom_step0_s_20260830_19,9096a3a8a34346fb8e4f5f588bf26af6,0.008,,,
3007,2026-08-28,SZ000617,-0.001019935064082945,EXP_CatBoostModel_Alpha158_csi300_custom_step0_s_20260830_19,9096a3a8a34346fb8e4f5f588bf26af6,0.008,,,
3008,2026-08-28,SZ000333,0.002048300281855914,EXP_CatBoostModel_Alpha158_csi300_custom_step0_s_20260830_19,9096a3a8a34346fb8e4f5f588bf26af6,0.008,,,
3009,2026-08-28,SZ000166,0.002048300281855914,EXP_CatBoostModel_Alpha158_csi300_custom_step0_s_20260830_19,9096a3a8a34346fb8e4f5f588bf26af6,0.008,,,
3010,2026-08-28,SZ000157,-0.00010417677220333155,EXP_CatBoostModel_Alpha158_csi300_custom_step0_s_20260830_19,9096a3a8a34346fb8e4f5f588bf26af6,0.008,,,
3011,2026-08-28,SZ000100,-0.001019935064082945,EXP_CatBoostModel_Alpha158_csi300_custom_step0_s_20260830_19,9096a3a8a34346fb8e4f5f588bf26af6,0.008,,,
3012,2026-08-28,SZ000063,-0.001019935064082945,EXP_CatBoostModel_Alpha158_csi300_custom_step0_s_20260830_19,9096a3a8a34346fb8e4f5f588bf26af6,0.008,,,
3013,2026-08-28,SZ000002,-0.001019935064082945,EXP_CatBoostModel_Alpha158_csi300_custom_step0_s_20260830_19,9096a3a8a34346fb8e4f5f588bf26af6,0.008,,,
3014,2026-08-28,SZ000001,0.0034925088764785105,EXP_CatBoostModel_Alpha158_csi300_custom_step0_s_20260830_19,9096a3a8a34346fb8e4f5f588bf26af6,0.008,,,
3015,2026-08-28,SZ000301,-0.0030611165536340223,EXP_CatBoostModel_Alpha158_csi300_custom_step0_s_20260830_19,9096a3a8a34346fb8e4f5f588bf26af6,0.008,,,
3016,2026-08-28,SZ000625,-0.001019935064082945,EXP_CatBoostModel_Alpha158_csi300_custom_step0_s_20260830_19,9096a3a8a34346fb8e4f5f588bf26af6,0.008,,,
3017,2026-08-28,SZ000630,-0.00010417677220333155,EXP_CatBoostModel_Alpha158_csi300_custom_step0_s_20260830_19,9096a3a8a34346fb8e4f5f588bf26af6,0.008,,,
3018,2026-08-28,SZ000651,0.002048300281855914,EXP_CatBoostModel_Alpha158_csi300_custom_step0_s_20260830_19,9096a3a8a34346fb8e4f5f588bf26af6,0.008,,,
3019,2026-08-28,SZ000999,0.0008919707218778684,EXP_CatBoostModel_Alpha158_csi300_custom_step0_s_20260830_19,9096a3a8a34346fb8e4f5f588bf26af6,0.008,,,
3020,2026-08-28,SZ000988,0.0010132149537444319,EXP_CatBoostModel_Alpha158_csi300_custom_step0_s_20260830_19,9096a3a8a34346fb8e4f5f588bf26af6,0.008,,,
3021,2026-08-28,SZ000977,-0.001019935064082945,EXP_CatBoostModel_Alpha158_csi300_custom_step0_s_20260830_19,9096a3a8a34346fb8e4f5f588bf26af6,0.008,,,
3022,2026-08-28,SZ000975,-0.0022653906012096076,EXP_CatBoostModel_Alpha158_csi300_custom_step0_s_20260830_19,9096a3a8a34346fb8e4f5f588bf26af6,0.008,,,
3023,2026-08-28,SZ000963,-0.00010417677220333155,EXP_CatBoostModel_Alpha158_csi300_custom_step0_s_20260830_19,9096a3a8a34346fb8e4f5f588bf26af6,0.008,,,
3024,2026-08-28,SZ000938,-0.001019935064082945,EXP_CatBoostModel_Alpha158_csi300_custom_step0_s_20260830_19,9096a3a8a34346fb8e4f5f588bf26af6,0.008,,,
3025,2026-08-28,SZ000895,0.0008919707218778684,EXP_CatBoostModel_Alpha158_csi300_custom_step0_s_20260830_19,9096a3a8a34346fb8e4f5f588bf26af6,0.008,,,
3026,2026-08-28,SZ000858,-0.00010417677220333155,EXP_CatBoostModel_Alpha158_csi300_custom_step0_s_20260830_19,9096a3a8a34346fb8e4f5f588bf26af6,0.008,,,
3027,2026-08-28,SZ000807,0.0008919707218778684,EXP_CatBoostModel_Alpha158_csi300_custom_step0_s_20260830_19,9096a3a8a34346fb8e4f5f588bf26af6,0.008,,,
3028,2026-08-28,SZ000792,-0.00010417677220333155,EXP_CatBoostModel_Alpha158_csi300_custom_step0_s_20260830_19,9096a3a8a34346fb8e4f5f588bf26af6,0.008,,,
3029,2026-08-28,SZ000776,-0.001019935064082945,EXP_CatBoostModel_Alpha158_csi300_custom_step0_s_20260830_19,9096a3a8a34346fb8e4f5f588bf26af6,0.008,,,
3030,2026-08-28,SZ000768,0.0037654195931036143,EXP_CatBoostModel_Alpha158_csi300_custom_step0_s_20260830_19,9096a3a8a34346fb8e4f5f588bf26af6,0.008,,,
3031,2026-08-28,SZ000725,-0.001019935064082945,EXP_CatBoostModel_Alpha158_csi300_custom_step0_s_20260830_19,9096a3a8a34346fb8e4f5f588bf26af6,0.008,,,
3032,2026-08-28,SZ000708,0.0008919707218778684,EXP_CatBoostModel_Alpha158_csi300_custom_step0_s_20260830_19,9096a3a8a34346fb8e4f5f588bf26af6,0.008,,,
3033,2026-08-28,SZ000657,0.0010132149537444319,EXP_CatBoostModel_Alpha158_csi300_custom_step0_s_20260830_19,9096a3a8a34346fb8e4f5f588bf26af6,0.008,,,
3034,2026-08-28,SH688981,-0.001019935064082945,EXP_CatBoostModel_Alpha158_csi300_custom_step0_s_20260830_19,9096a3a8a34346fb8e4f5f588bf26af6,0.008,,,
3035,2026-08-28,SH688521,0.007906328503330345,EXP_CatBoostModel_Alpha158_csi300_custom_step0_s_20260830_19,9096a3a8a34346fb8e4f5f588bf26af6,0.008,,,
3036,2026-08-28,SH688506,-0.00010417677220333155,EXP_CatBoostModel_Alpha158_csi300_custom_step0_s_20260830_19,9096a3a8a34346fb8e4f5f588bf26af6,0.008,,,
3037,2026-08-28,SH688472,-0.001019935064082945,EXP_CatBoostModel_Alpha158_csi300_custom_step0_s_20260830_19,9096a3a8a34346fb8e4f5f588bf26af6,0.008,,,
3038,2026-08-28,SH603986,0.0010132149537444319,EXP_CatBoostModel_Alpha158_csi300_custom_step0_s_20260830_19,9096a3a8a34346fb8e4f5f588bf26af6,0.008,,,
3039,2026-08-28,SH603893,-0.00010417677220333155,EXP_CatBoostModel_Alpha158_csi300_custom_step0_s_20260830_19,9096a3a8a34346fb8e4f5f588bf26af6,0.008,,,
3040,2026-08-28,SH603799,-0.001019935064082945,EXP_CatBoostModel_Alpha158_csi300_custom_step0_s_20260830_19,9096a3a8a34346fb8e4f5f588bf26af6,0.008,,,
3041,2026-08-28,SH603501,-0.00010417677220333155,EXP_CatBoostModel_Alpha158_csi300_custom_step0_s_20260830_19,9096a3a8a34346fb8e4f5f588bf26af6,0.008,,,
3042,2026-08-28,SH603392,-0.001019935064082945,EXP_CatBoostModel_Alpha158_csi300_custom_step0_s_20260830_19,9096a3a8a34346fb8e4f5f588bf26af6,0.008,,,
3043,2026-08-28,SH603369,-0.001019935064082945,EXP_CatBoostModel_Alpha158_csi300_custom_step0_s_20260830_19,9096a3a8a34346fb8e4f5f588bf26af6,0.008,,,
3044,2026-08-28,SH603296,-0.001019935064082945,EXP_CatBoostModel_Alpha158_csi300_custom_step0_s_20260830_19,9096a3a8a34346fb8e4f5f588bf26af6,0.008,,,
3045,2026-08-28,SH603288,-0.00010417677220333155,EXP_CatBoostModel_Alpha158_csi300_custom_step0_s_20260830_19,9096a3a8a34346fb8e4f5f588bf26af6,0.008,,,
3046,2026-08-28,SH603260,-0.001019935064082945,EXP_CatBoostModel_Alpha158_csi300_custom_step0_s_20260830_19,9096a3a8a34346fb8e4f5f588bf26af6,0.008,,,
3047,2026-08-28,SH603259,-0.0022653906012096076,EXP_CatBoostModel_Alpha158_csi300_custom_step0_s_20260830_19,9096a3a8a34346fb8e4f5f588bf26af6,0.008,,,
3048,2026-08-28,SH603019,-0.001019935064082945,EXP_CatBoostModel_Alpha158_csi300_custom_step0_s_20260830_19,9096a3a8a34346fb8e4f5f588bf26af6,0.008,,,
3049,2026-08-28,SH601998,-0.0030611165536340223,EXP_CatBoostModel_Alpha158_csi300_custom_step0_s_20260830_19,9096a3a8a34346fb8e4f5f588bf26af6,0.008,,,
3050,2026-08-28,SH601995,0.002048300281855914,EXP_CatBoostModel_Alpha158_csi300_custom_step0_s_20260830_19,9096a3a8a34346fb8e4f5f588bf26af6,0.008,,,
3051,2026-08-28,SH601988,0.0034925088764785105,EXP_CatBoostModel_Alpha158_csi300_custom_step0_s_20260830_19,9096a3a8a34346fb8e4f5f588bf26af6,0.008,,,
3052,2026-08-28,SH601985,0.002048300281855914,EXP_CatBoostModel_Alpha158_csi300_custom_step0_s_20260830_19,9096a3a8a34346fb8e4f5f588bf26af6,0.008,,,
3053,2026-08-28,SH603993,-0.001019935064082945,EXP_CatBoostModel_Alpha158_csi300_custom_step0_s_20260830_19,9096a3a8a34346fb8e4f5f588bf26af6,0.008,,,
3054,2026-08-28,SZ001280,-0.00010417677220333155,EXP_CatBoostModel_Alpha158_csi300_custom_step0_s_20260830_19,9096a3a8a34346fb8e4f5f588bf26af6,0.008,,,
3055,2026-08-28,SH605117,-0.00010417677220333155,EXP_CatBoostModel_Alpha158_csi300_custom_step0_s_20260830_19,9096a3a8a34346fb8e4f5f588bf26af6,0.008,,,
3056,2026-08-28,SH688008,-0.001019935064082945,EXP_CatBoostModel_Alpha158_csi300_custom_step0_s_20260830_19,9096a3a8a34346fb8e4f5f588bf26af6,0.008,,,
3057,2026-08-28,SH688396,0.0010132149537444319,EXP_CatBoostModel_Alpha158_csi300_custom_step0_s_20260830_19,9096a3a8a34346fb8e4f5f588bf26af6,0.008,,,
3058,2026-08-28,SH688303,-0.001019935064082945,EXP_CatBoostModel_Alpha158_csi300_custom_step0_s_20260830_19,9096a3a8a34346fb8e4f5f588bf26af6,0.008,,,
3059,2026-08-28,SH688271,-0.00010417677220333155,EXP_CatBoostModel_Alpha158_csi300_custom_step0_s_20260830_19,9096a3a8a34346fb8e4f5f588bf26af6,0.008,,,
3060,2026-08-28,SH688256,0.0010132149537444319,EXP_CatBoostModel_Alpha158_csi300_custom_step0_s_20260830_19,9096a3a8a34346fb8e4f5f588bf26af6,0.008,,,
3061,2026-08-28,SH688223,-0.001019935064082945,EXP_CatBoostModel_Alpha158_csi300_custom_step0_s_20260830_19,9096a3a8a34346fb8e4f5f588bf26af6,0.008,,,
3062,2026-08-28,SH688183,-0.0028057720530607357,EXP_CatBoostModel_Alpha158_csi300_custom_step0_s_20260830_19,9096a3a8a34346fb8e4f5f588bf26af6,0.008,,,
3063,2026-08-28,SH688126,0.0010132149537444319,EXP_CatBoostModel_Alpha158_csi300_custom_step0_s_20260830_19,9096a3a8a34346fb8e4f5f588bf26af6,0.008,,,
3064,2026-08-28,SH688111,-0.001019935064082945,EXP_CatBoostModel_Alpha158_csi300_custom_step0_s_20260830_19,9096a3a8a34346fb8e4f5f588bf26af6,0.008,,,
3065,2026-08-28,SH688082,-0.001019935064082945,EXP_CatBoostModel_Alpha158_csi300_custom_step0_s_20260830_19,9096a3a8a34346fb8e4f5f588bf26af6,0.008,,,
3066,2026-08-28,SH688072,-0.001019935064082945,EXP_CatBoostModel_Alpha158_csi300_custom_step0_s_20260830_19,9096a3a8a34346fb8e4f5f588bf26af6,0.008,,,
3067,2026-08-28,SH688047,0.0010132149537444319,EXP_CatBoostModel_Alpha158_csi300_custom_step0_s_20260830_19,9096a3a8a34346fb8e4f5f588bf26af6,0.008,,,
3068,2026-08-28,SH688041,0.007906328503330345,EXP_CatBoostModel_Alpha158_csi300_custom_step0_s_20260830_19,9096a3a8a34346fb8e4f5f588bf26af6,0.008,,,
3069,2026-08-28,SH688036,-0.001019935064082945,EXP_CatBoostModel_Alpha158_csi300_custom_step0_s_20260830_19,9096a3a8a34346fb8e4f5f588bf26af6,0.008,,,
3070,2026-08-28,SH688012,-0.001019935064082945,EXP_CatBoostModel_Alpha158_csi300_custom_step0_s_20260830_19,9096a3a8a34346fb8e4f5f588bf26af6,0.008,,,
3071,2026-08-28,SH688009,0.002048300281855914,EXP_CatBoostModel_Alpha158_csi300_custom_step0_s_20260830_19,9096a3a8a34346fb8e4f5f588bf26af6,0.008,,,
3072,2026-08-28,SH605499,-0.00010417677220333155,EXP_CatBoostModel_Alpha158_csi300_custom_step0_s_20260830_19,9096a3a8a34346fb8e4f5f588bf26af6,0.008,,,
3073,2026-08-28,SH601939,0.0034925088764785105,EXP_CatBoostModel_Alpha158_csi300_custom_step0_s_20260830_19,9096a3a8a34346fb8e4f5f588bf26af6,0.008,,,
3074,2026-08-28,SZ001391,0.0008919707218778684,EXP_CatBoostModel_Alpha158_csi300_custom_step0_s_20260830_19,9096a3a8a34346fb8e4f5f588bf26af6,0.008,,,
3075,2026-08-28,SZ001979,-0.001019935064082945,EXP_CatBoostModel_Alpha158_csi300_custom_step0_s_20260830_19,9096a3a8a34346fb8e4f5f588bf26af6,0.008,,,
3076,2026-08-28,SZ300408,-0.001019935064082945,EXP_CatBoostModel_Alpha158_csi300_custom_step0_s_20260830_19,9096a3a8a34346fb8e4f5f588bf26af6,0.008,,,
3077,2026-08-28,SZ300394,-0.00010417677220333155,EXP_CatBoostModel_Alpha158_csi300_custom_step0_s_20260830_19,9096a3a8a34346fb8e4f5f588bf26af6,0.008,,,
3078,2026-08-28,SZ300316,-0.00010417677220333155,EXP_CatBoostModel_Alpha158_csi300_custom_step0_s_20260830_19,9096a3a8a34346fb8e4f5f588bf26af6,0.008,,,
3079,2026-08-28,SZ300308,0.0010132149537444319,EXP_CatBoostModel_Alpha158_csi300_custom_step0_s_20260830_19,9096a3a8a34346fb8e4f5f588bf26af6,0.008,,,
3080,2026-08-28,SZ300274,0.0010132149537444319,EXP_CatBoostModel_Alpha158_csi300_custom_step0_s_20260830_19,9096a3a8a34346fb8e4f5f588bf26af6,0.008,,,
3081,2026-08-28,SZ300251,-0.001019935064082945,EXP_CatBoostModel_Alpha158_csi300_custom_step0_s_20260830_19,9096a3a8a34346fb8e4f5f588bf26af6,0.008,,,
3082,2026-08-28,SZ300413,-0.001019935064082945,EXP_CatBoostModel_Alpha158_csi300_custom_step0_s_20260830_19,9096a3a8a34346fb8e4f5f588bf26af6,0.008,,,
3083,2026-08-28,SZ300124,-0.001019935064082945,EXP_CatBoostModel_Alpha158_csi300_custom_step0_s_20260830_19,9096a3a8a34346fb8e4f5f588bf26af6,0.008,,,
3084,2026-08-28,SZ300059,0.0008919707218778684,EXP_CatBoostModel_Alpha158_csi300_custom_step0_s_20260830_19,9096a3a8a34346fb8e4f5f588bf26af6,0.008,,,
3085,2026-08-28,SZ300033,-0.001019935064082945,EXP_CatBoostModel_Alpha158_csi300_custom_step0_s_20260830_19,9096a3a8a34346fb8e4f5f588bf26af6,0.008,,,
3086,2026-08-28,SZ300015,-0.001019935064082945,EXP_CatBoostModel_Alpha158_csi300_custom_step0_s_20260830_19,9096a3a8a34346fb8e4f5f588bf26af6,0.008,,,
3087,2026-08-28,SZ300014,0.0008919707218778684,EXP_CatBoostModel_Alpha158_csi300_custom_step0_s_20260830_19,9096a3a8a34346fb8e4f5f588bf26af6,0.008,,,
3088,2026-08-28,SZ003816,-0.001019935064082945,EXP_CatBoostModel_Alpha158_csi300_custom_step0_s_20260830_19,9096a3a8a34346fb8e4f5f588bf26af6,0.008,,,
3089,2026-08-28,SZ002938,-0.001019935064082945,EXP_CatBoostModel_Alpha158_csi300_custom_step0_s_20260830_19,9096a3a8a34346fb8e4f5f588bf26af6,0.008,,,
3090,2026-08-28,SZ300122,-0.0014892739798208537,EXP_CatBoostModel_Alpha158_csi300_custom_step0_s_20260830_19,9096a3a8a34346fb8e4f5f588bf26af6,0.008,,,
3091,2026-08-28,SZ300418,-0.001019935064082945,EXP_CatBoostModel_Alpha158_csi300_custom_step0_s_20260830_19,9096a3a8a34346fb8e4f5f588bf26af6,0.008,,,
3092,2026-08-28,SZ300433,0.0010132149537444319,EXP_CatBoostModel_Alpha158_csi300_custom_step0_s_20260830_19,9096a3a8a34346fb8e4f5f588bf26af6,0.008,,,
3093,2026-08-28,SZ300442,-0.001019935064082945,EXP_CatBoostModel_Alpha158_csi300_custom_step0_s_20260830_19,9096a3a8a34346fb8e4f5f588bf26af6,0.008,,,
3094,2026-08-28,SZ301236,-0.001019935064082945,EXP_CatBoostModel_Alpha158_csi300_custom_step0_s_20260830_19,9096a3a8a34346fb8e4f5f588bf26af6,0.008,,,
3095,2026-08-28,SZ301165,-0.0028057720530607357,EXP_CatBoostModel_Alpha158_csi300_custom_step0_s_20260830_19,9096a3a8a34346fb8e4f5f588bf26af6,0.008,,,
3096,2026-08-28,SZ300999,0.0034925088764785105,EXP_CatBoostModel_Alpha158_csi300_custom_step0_s_20260830_19,9096a3a8a34346fb8e4f5f588bf26af6,0.008,,,
3097,2026-08-28,SZ300896,-0.00010417677220333155,EXP_CatBoostModel_Alpha158_csi300_custom_step0_s_20260830_19,9096a3a8a34346fb8e4f5f588bf26af6,0.008,,,
3098,2026-08-28,SZ300866,-0.001019935064082945,EXP_CatBoostModel_Alpha158_csi300_custom_step0_s_20260830_19,9096a3a8a34346fb8e4f5f588bf26af6,0.008,,,
3099,2026-08-28,SZ300832,-0.0022653906012096076,EXP_CatBoostModel_Alpha158_csi300_custom_step0_s_20260830_19,9096a3a8a34346fb8e4f5f588bf26af6,0.008,,,
3100,2026-08-28,SZ300803,-0.001019935064082945,EXP_CatBoostModel_Alpha158_csi300_custom_step0_s_20260830_19,9096a3a8a34346fb8e4f5f588bf26af6,0.008,,,
3101,2026-08-28,SZ300760,-0.0028057720530607357,EXP_CatBoostModel_Alpha158_csi300_custom_step0_s_20260830_19,9096a3a8a34346fb8e4f5f588bf26af6,0.008,,,
3102,2026-08-28,SZ300750,0.0008919707218778684,EXP_CatBoostModel_Alpha158_csi300_custom_step0_s_20260830_19,9096a3a8a34346fb8e4f5f588bf26af6,0.008,,,
3103,2026-08-28,SZ300661,-0.00010417677220333155,EXP_CatBoostModel_Alpha158_csi300_custom_step0_s_20260830_19,9096a3a8a34346fb8e4f5f588bf26af6,0.008,,,
3104,2026-08-28,SZ300628,-0.00010417677220333155,EXP_CatBoostModel_Alpha158_csi300_custom_step0_s_20260830_19,9096a3a8a34346fb8e4f5f588bf26af6,0.008,,,
3105,2026-08-28,SZ300502,0.0010132149537444319,EXP_CatBoostModel_Alpha158_csi300_custom_step0_s_20260830_19,9096a3a8a34346fb8e4f5f588bf26af6,0.008,,,
3106,2026-08-28,SZ300498,0.002048300281855914,EXP_CatBoostModel_Alpha158_csi300_custom_step0_s_20260830_19,9096a3a8a34346fb8e4f5f588bf26af6,0.008,,,
3107,2026-08-28,SZ300476,0.0010132149537444319,EXP_CatBoostModel_Alpha158_csi300_custom_step0_s_20260830_19,9096a3a8a34346fb8e4f5f588bf26af6,0.008,,,
3108,2026-08-28,SZ300450,-0.001019935064082945,EXP_CatBoostModel_Alpha158_csi300_custom_step0_s_20260830_19,9096a3a8a34346fb8e4f5f588bf26af6,0.008,,,
3109,2026-08-28,SZ002920,-0.001019935064082945,EXP_CatBoostModel_Alpha158_csi300_custom_step0_s_20260830_19,9096a3a8a34346fb8e4f5f588bf26af6,0.008,,,
3110,2026-08-28,SZ002916,-0.001019935064082945,EXP_CatBoostModel_Alpha158_csi300_custom_step0_s_20260830_19,9096a3a8a34346fb8e4f5f588bf26af6,0.008,,,
3111,2026-08-28,SZ002837,-0.001019935064082945,EXP_CatBoostModel_Alpha158_csi300_custom_step0_s_20260830_19,9096a3a8a34346fb8e4f5f588bf26af6,0.008,,,
3112,2026-08-28,SZ002736,0.0044068061496165736,EXP_CatBoostModel_Alpha158_csi300_custom_step0_s_20260830_19,9096a3a8a34346fb8e4f5f588bf26af6,0.008,,,
3113,2026-08-28,SZ002352,-0.0014409559249700984,EXP_CatBoostModel_Alpha158_csi300_custom_step0_s_20260830_19,9096a3a8a34346fb8e4f5f588bf26af6,0.008,,,
3114,2026-08-28,SZ002311,-0.00010417677220333155,EXP_CatBoostModel_Alpha158_csi300_custom_step0_s_20260830_19,9096a3a8a34346fb8e4f5f588bf26af6,0.008,,,
3115,2026-08-28,SZ002304,-0.001019935064082945,EXP_CatBoostModel_Alpha158_csi300_custom_step0_s_20260830_19,9096a3a8a34346fb8e4f5f588bf26af6,0.008,,,
3116,2026-08-28,SZ002241,-0.0014409559249700984,EXP_CatBoostModel_Alpha158_csi300_custom_step0_s_20260830_19,9096a3a8a34346fb8e4f5f588bf26af6,0.008,,,
3117,2026-08-28,SZ002236,0.0008919707218778684,EXP_CatBoostModel_Alpha158_csi300_custom_step0_s_20260830_19,9096a3a8a34346fb8e4f5f588bf26af6,0.008,,,
3118,2026-08-28,SZ002230,-0.001019935064082945,EXP_CatBoostModel_Alpha158_csi300_custom_step0_s_20260830_19,9096a3a8a34346fb8e4f5f588bf26af6,0.008,,,
3119,2026-08-28,SZ002202,-0.001019935064082945,EXP_CatBoostModel_Alpha158_csi300_custom_step0_s_20260830_19,9096a3a8a34346fb8e4f5f588bf26af6,0.008,,,
3120,2026-08-28,SZ002179,-0.001019935064082945,EXP_CatBoostModel_Alpha158_csi300_custom_step0_s_20260830_19,9096a3a8a34346fb8e4f5f588bf26af6,0.008,,,
3121,2026-08-28,SZ002142,-0.00010417677220333155,EXP_CatBoostModel_Alpha158_csi300_custom_step0_s_20260830_19,9096a3a8a34346fb8e4f5f588bf26af6,0.008,,,
3122,2026-08-28,SZ002074,0.0008919707218778684,EXP_CatBoostModel_Alpha158_csi300_custom_step0_s_20260830_19,9096a3a8a34346fb8e4f5f588bf26af6,0.008,,,
3123,2026-08-28,SZ002050,-0.001019935064082945,EXP_CatBoostModel_Alpha158_csi300_custom_step0_s_20260830_19,9096a3a8a34346fb8e4f5f588bf26af6,0.008,,,
3124,2026-08-28,SZ002049,-0.001019935064082945,EXP_CatBoostModel_Alpha158_csi300_custom_step0_s_20260830_19,9096a3a8a34346fb8e4f5f588bf26af6,0.008,,,
3125,2026-08-28,SZ002028,-0.001019935064082945,EXP_CatBoostModel_Alpha158_csi300_custom_step0_s_20260830_19,9096a3a8a34346fb8e4f5f588bf26af6,0.008,,,
3126,2026-08-28,SZ002027,-0.001019935064082945,EXP_CatBoostModel_Alpha158_csi300_custom_step0_s_20260830_19,9096a3a8a34346fb8e4f5f588bf26af6,0.008,,,
3127,2026-08-28,SZ002001,-0.00010417677220333155,EXP_CatBoostModel_Alpha158_csi300_custom_step0_s_20260830_19,9096a3a8a34346fb8e4f5f588bf26af6,0.008,,,
3128,2026-08-28,SZ002353,-0.001019935064082945,EXP_CatBoostModel_Alpha158_csi300_custom_step0_s_20260830_19,9096a3a8a34346fb8e4f5f588bf26af6,0.008,,,
3129,2026-08-28,SZ001965,-0.001019935064082945,EXP_CatBoostModel_Alpha158_csi300_custom_step0_s_20260830_19,9096a3a8a34346fb8e4f5f588bf26af6,0.008,,,
3130,2026-08-28,SZ002371,-0.001019935064082945,EXP_CatBoostModel_Alpha158_csi300_custom_step0_s_20260830_19,9096a3a8a34346fb8e4f5f588bf26af6,0.008,,,
3131,2026-08-28,SZ002415,-0.001019935064082945,EXP_CatBoostModel_Alpha158_csi300_custom_step0_s_20260830_19,9096a3a8a34346fb8e4f5f588bf26af6,0.008,,,
3132,2026-08-28,SZ002714,0.002048300281855914,EXP_CatBoostModel_Alpha158_csi300_custom_step0_s_20260830_19,9096a3a8a34346fb8e4f5f588bf26af6,0.008,,,
3133,2026-08-28,SZ002709,0.0010132149537444319,EXP_CatBoostModel_Alpha158_csi300_custom_step0_s_20260830_19,9096a3a8a34346fb8e4f5f588bf26af6,0.008,,,
3134,2026-08-28,SZ002648,-0.0030611165536340223,EXP_CatBoostModel_Alpha158_csi300_custom_step0_s_20260830_19,9096a3a8a34346fb8e4f5f588bf26af6,0.008,,,
3135,2026-08-28,SZ002625,-0.001019935064082945,EXP_CatBoostModel_Alpha158_csi300_custom_step0_s_20260830_19,9096a3a8a34346fb8e4f5f588bf26af6,0.008,,,
3136,2026-08-28,SZ002602,-0.00010417677220333155,EXP_CatBoostModel_Alpha158_csi300_custom_step0_s_20260830_19,9096a3a8a34346fb8e4f5f588bf26af6,0.008,,,
3137,2026-08-28,SZ002600,-0.0014409559249700984,EXP_CatBoostModel_Alpha158_csi300_custom_step0_s_20260830_19,9096a3a8a34346fb8e4f5f588bf26af6,0.008,,,
3138,2026-08-28,SZ002594,0.0008919707218778684,EXP_CatBoostModel_Alpha158_csi300_custom_step0_s_20260830_19,9096a3a8a34346fb8e4f5f588bf26af6,0.008,,,
3139,2026-08-28,SZ002558,-0.001019935064082945,EXP_CatBoostModel_Alpha158_csi300_custom_step0_s_20260830_19,9096a3a8a34346fb8e4f5f588bf26af6,0.008,,,
3140,2026-08-28,SZ002532,-0.001019935064082945,EXP_CatBoostModel_Alpha158_csi300_custom_step0_s_20260830_19,9096a3a8a34346fb8e4f5f588bf26af6,0.008,,,
3141,2026-08-28,SZ002493,-0.0030611165536340223,EXP_CatBoostModel_Alpha158_csi300_custom_step0_s_20260830_19,9096a3a8a34346fb8e4f5f588bf26af6,0.008,,,
3142,2026-08-28,SZ002475,-0.001019935064082945,EXP_CatBoostModel_Alpha158_csi300_custom_step0_s_20260830_19,9096a3a8a34346fb8e4f5f588bf26af6,0.008,,,
3143,2026-08-28,SZ002466,-0.00010417677220333155,EXP_CatBoostModel_Alpha158_csi300_custom_step0_s_20260830_19,9096a3a8a34346fb8e4f5f588bf26af6,0.008,,,
3144,2026-08-28,SZ002463,-0.001019935064082945,EXP_CatBoostModel_Alpha158_csi300_custom_step0_s_20260830_19,9096a3a8a34346fb8e4f5f588bf26af6,0.008,,,
3145,2026-08-28,SZ002460,-0.00010417677220333155,EXP_CatBoostModel_Alpha158_csi300_custom_step0_s_20260830_19,9096a3a8a34346fb8e4f5f588bf26af6,0.008,,,
3146,2026-08-28,SZ002422,-0.001019935064082945,EXP_CatBoostModel_Alpha158_csi300_custom_step0_s_20260830_19,9096a3a8a34346fb8e4f5f588bf26af6,0.008,,,
3147,2026-08-28,SZ002384,-0.001019935064082945,EXP_CatBoostModel_Alpha158_csi300_custom_step0_s_20260830_19,9096a3a8a34346fb8e4f5f588bf26af6,0.008,,,
3148,2026-08-28,SZ301269,-0.001019935064082945,EXP_CatBoostModel_Alpha158_csi300_custom_step0_s_20260830_19,9096a3a8a34346fb8e4f5f588bf26af6,0.008,,,
3149,2026-08-28,SH601919,-0.0022653906012096076,EXP_CatBoostModel_Alpha158_csi300_custom_step0_s_20260830_19,9096a3a8a34346fb8e4f5f588bf26af6,0.008,,,
3150,2026-08-28,SH601901,0.002048300281855914,EXP_CatBoostModel_Alpha158_csi300_custom_step0_s_20260830_19,9096a3a8a34346fb8e4f5f588bf26af6,0.008,,,
3151,2026-08-28,SH600522,0.007906328503330345,EXP_CatBoostModel_Alpha158_csi300_custom_step0_s_20260830_19,9096a3a8a34346fb8e4f5f588bf26af6,0.008,,,
3152,2026-08-28,SH600519,0.0016024466268961637,EXP_CatBoostModel_Alpha158_csi300_custom_step0_s_20260830_19,9096a3a8a34346fb8e4f5f588bf26af6,0.008,,,
3153,2026-08-28,SH600515,0.0035876077857306425,EXP_CatBoostModel_Alpha158_csi300_custom_step0_s_20260830_19,9096a3a8a34346fb8e4f5f588bf26af6,0.008,,,
3154,2026-08-28,SH600489,-0.0022653906012096076,EXP_CatBoostModel_Alpha158_csi300_custom_step0_s_20260830_19,9096a3a8a34346fb8e4f5f588bf26af6,0.008,,,
3155,2026-08-28,SH600482,-0.00010417677220333155,EXP_CatBoostModel_Alpha158_csi300_custom_step0_s_20260830_19,9096a3a8a34346fb8e4f5f588bf26af6,0.008,,,
3156,2026-08-28,SH600460,0.0010132149537444319,EXP_CatBoostModel_Alpha158_csi300_custom_step0_s_20260830_19,9096a3a8a34346fb8e4f5f588bf26af6,0.008,,,
3157,2026-08-28,SH600547,-0.0022653906012096076,EXP_CatBoostModel_Alpha158_csi300_custom_step0_s_20260830_19,9096a3a8a34346fb8e4f5f588bf26af6,0.008,,,
3158,2026-08-28,SH600438,-0.001019935064082945,EXP_CatBoostModel_Alpha158_csi300_custom_step0_s_20260830_19,9096a3a8a34346fb8e4f5f588bf26af6,0.008,,,
3159,2026-08-28,SH600426,0.0037654195931036143,EXP_CatBoostModel_Alpha158_csi300_custom_step0_s_20260830_19,9096a3a8a34346fb8e4f5f588bf26af6,0.008,,,
3160,2026-08-28,SH600415,-0.001019935064082945,EXP_CatBoostModel_Alpha158_csi300_custom_step0_s_20260830_19,9096a3a8a34346fb8e4f5f588bf26af6,0.008,,,
3161,2026-08-28,SH600406,0.0008919707218778684,EXP_CatBoostModel_Alpha158_csi300_custom_step0_s_20260830_19,9096a3a8a34346fb8e4f5f588bf26af6,0.008,,,
3162,2026-08-28,SH600372,0.0037654195931036143,EXP_CatBoostModel_Alpha158_csi300_custom_step0_s_20260830_19,9096a3a8a34346fb8e4f5f588bf26af6,0.008,,,
3163,2026-08-28,SH600362,-0.0022653906012096076,EXP_CatBoostModel_Alpha158_csi300_custom_step0_s_20260830_19,9096a3a8a34346fb8e4f5f588bf26af6,0.008,,,
3164,2026-08-28,SH600346,-0.0030611165536340223,EXP_CatBoostModel_Alpha158_csi300_custom_step0_s_20260830_19,9096a3a8a34346fb8e4f5f588bf26af6,0.008,,,
3165,2026-08-28,SH600436,-0.00010417677220333155,EXP_CatBoostModel_Alpha158_csi300_custom_step0_s_20260830_19,9096a3a8a34346fb8e4f5f588bf26af6,0.008,,,
3166,2026-08-28,SH600549,0.0010132149537444319,EXP_CatBoostModel_Alpha158_csi300_custom_step0_s_20260830_19,9096a3a8a34346fb8e4f5f588bf26af6,0.008,,,
3167,2026-08-28,SH600570,-0.001019935064082945,EXP_CatBoostModel_Alpha158_csi300_custom_step0_s_20260830_19,9096a3a8a34346fb8e4f5f588bf26af6,0.008,,,
3168,2026-08-28,SH600584,-0.001019935064082945,EXP_CatBoostModel_Alpha158_csi300_custom_step0_s_20260830_19,9096a3a8a34346fb8e4f5f588bf26af6,0.008,,,
3169,2026-08-28,SH600887,-0.00010417677220333155,EXP_CatBoostModel_Alpha158_csi300_custom_step0_s_20260830_19,9096a3a8a34346fb8e4f5f588bf26af6,0.008,,,
3170,2026-08-28,SH600886,0.0035876077857306425,EXP_CatBoostModel_Alpha158_csi300_custom_step0_s_20260830_19,9096a3a8a34346fb8e4f5f588bf26af6,0.008,,,
3171,2026-08-28,SH600875,-0.001019935064082945,EXP_CatBoostModel_Alpha158_csi300_custom_step0_s_20260830_19,9096a3a8a34346fb8e4f5f588bf26af6,0.008,,,
3172,2026-08-28,SH600845,-0.001019935064082945,EXP_CatBoostModel_Alpha158_csi300_custom_step0_s_20260830_19,9096a3a8a34346fb8e4f5f588bf26af6,0.008,,,
3173,2026-08-28,SH600809,-0.001019935064082945,EXP_CatBoostModel_Alpha158_csi300_custom_step0_s_20260830_19,9096a3a8a34346fb8e4f5f588bf26af6,0.008,,,
3174,2026-08-28,SH600803,0.002048300281855914,EXP_CatBoostModel_Alpha158_csi300_custom_step0_s_20260830_19,9096a3a8a34346fb8e4f5f588bf26af6,0.008,,,
3175,2026-08-28,SH600795,0.002048300281855914,EXP_CatBoostModel_Alpha158_csi300_custom_step0_s_20260830_19,9096a3a8a34346fb8e4f5f588bf26af6,0.008,,,
3176,2026-08-28,SH600760,0.0037654195931036143,EXP_CatBoostModel_Alpha158_csi300_custom_step0_s_20260830_19,9096a3a8a34346fb8e4f5f588bf26af6,0.008,,,
3177,2026-08-28,SH600741,-0.00010417677220333155,EXP_CatBoostModel_Alpha158_csi300_custom_step0_s_20260830_19,9096a3a8a34346fb8e4f5f588bf26af6,0.008,,,
3178,2026-08-28,SH600690,-0.0014409559249700984,EXP_CatBoostModel_Alpha158_csi300_custom_step0_s_20260830_19,9096a3a8a34346fb8e4f5f588bf26af6,0.008,,,
3179,2026-08-28,SH600674,0.002048300281855914,EXP_CatBoostModel_Alpha158_csi300_custom_step0_s_20260830_19,9096a3a8a34346fb8e4f5f588bf26af6,0.008,,,
3180,2026-08-28,SH600660,0.0008919707218778684,EXP_CatBoostModel_Alpha158_csi300_custom_step0_s_20260830_19,9096a3a8a34346fb8e4f5f588bf26af6,0.008,,,
3181,2026-08-28,SH600600,-0.00010417677220333155,EXP_CatBoostModel_Alpha158_csi300_custom_step0_s_20260830_19,9096a3a8a34346fb8e4f5f588bf26af6,0.008,,,
3182,2026-08-28,SH600588,-0.001019935064082945,EXP_CatBoostModel_Alpha158_csi300_custom_step0_s_20260830_19,9096a3a8a34346fb8e4f5f588bf26af6,0.008,,,
3183,2026-08-28,SH600585,0.0034925088764785105,EXP_CatBoostModel_Alpha158_csi300_custom_step0_s_20260830_19,9096a3a8a34346fb8e4f5f588bf26af6,0.008,,,
3184,2026-08-28,SH600309,0.0037654195931036143,EXP_CatBoostModel_Alpha158_csi300_custom_step0_s_20260830_19,9096a3a8a34346fb8e4f5f588bf26af6,0.008,,,
3185,2026-08-28,SH600276,-0.00010417677220333155,EXP_CatBoostModel_Alpha158_csi300_custom_step0_s_20260830_19,9096a3a8a34346fb8e4f5f588bf26af6,0.008,,,
3186,2026-08-28,SH600233,-0.001019935064082945,EXP_CatBoostModel_Alpha158_csi300_custom_step0_s_20260830_19,9096a3a8a34346fb8e4f5f588bf26af6,0.008,,,
3187,2026-08-28,SH600221,0.0016024466268961637,EXP_CatBoostModel_Alpha158_csi300_custom_step0_s_20260830_19,9096a3a8a34346fb8e4f5f588bf26af6,0.008,,,
3188,2026-08-28,SH600031,-0.00010417677220333155,EXP_CatBoostModel_Alpha158_csi300_custom_step0_s_20260830_19,9096a3a8a34346fb8e4f5f588bf26af6,0.008,,,
3189,2026-08-28,SH600030,0.002048300281855914,EXP_CatBoostModel_Alpha158_csi300_custom_step0_s_20260830_19,9096a3a8a34346fb8e4f5f588bf26af6,0.008,,,
3190,2026-08-28,SH600029,0.0011368747528629625,EXP_CatBoostModel_Alpha158_csi300_custom_step0_s_20260830_19,9096a3a8a34346fb8e4f5f588bf26af6,0.008,,,
3191,2026-08-28,SH600028,0.0034925088764785105,EXP_CatBoostModel_Alpha158_csi300_custom_step0_s_20260830_19,9096a3a8a34346fb8e4f5f588bf26af6,0.008,,,
3192,2026-08-28,SH600027,0.0008919707218778684,EXP_CatBoostModel_Alpha158_csi300_custom_step0_s_20260830_19,9096a3a8a34346fb8e4f5f588bf26af6,0.008,,,
3193,2026-08-28,SH600026,-0.00010417677220333155,EXP_CatBoostModel_Alpha158_csi300_custom_step0_s_20260830_19,9096a3a8a34346fb8e4f5f588bf26af6,0.008,,,
3194,2026-08-28,SH600025,0.0008919707218778684,EXP_CatBoostModel_Alpha158_csi300_custom_step0_s_20260830_19,9096a3a8a34346fb8e4f5f588bf26af6,0.008,,,
3195,2026-08-28,SH600023,0.002048300281855914,EXP_CatBoostModel_Alpha158_csi300_custom_step0_s_20260830_19,9096a3a8a34346fb8e4f5f588bf26af6,0.008,,,
3196,2026-08-28,SH600019,0.0008919707218778684,EXP_CatBoostModel_Alpha158_csi300_custom_step0_s_20260830_19,9096a3a8a34346fb8e4f5f588bf26af6,0.008,,,
3197,2026-08-28,SH600018,0.002048300281855914,EXP_CatBoostModel_Alpha158_csi300_custom_step0_s_20260830_19,9096a3a8a34346fb8e4f5f588bf26af6,0.008,,,
3198,2026-08-28,SH600016,0.0016024466268961637,EXP_CatBoostModel_Alpha158_csi300_custom_step0_s_20260830_19,9096a3a8a34346fb8e4f5f588bf26af6,0.008,,,
3199,2026-08-28,SH600015,0.0008919707218778684,EXP_CatBoostModel_Alpha158_csi300_custom_step0_s_20260830_19,9096a3a8a34346fb8e4f5f588bf26af6,0.008,,,
3200,2026-08-28,SH600011,-0.00010417677220333155,EXP_CatBoostModel_Alpha158_csi300_custom_step0_s_20260830_19,9096a3a8a34346fb8e4f5f588bf26af6,0.008,,,
3201,2026-08-28,SH600010,0.002048300281855914,EXP_CatBoostModel_Alpha158_csi300_custom_step0_s_20260830_19,9096a3a8a34346fb8e4f5f588bf26af6,0.008,,,
3202,2026-08-28,SH600009,0.0008919707218778684,EXP_CatBoostModel_Alpha158_csi300_custom_step0_s_20260830_19,9096a3a8a34346fb8e4f5f588bf26af6,0.008,,,
3203,2026-08-28,SH600036,0.002048300281855914,EXP_CatBoostModel_Alpha158_csi300_custom_step0_s_20260830_19,9096a3a8a34346fb8e4f5f588bf26af6,0.008,,,
3204,2026-08-28,SH600893,-0.00010417677220333155,EXP_CatBoostModel_Alpha158_csi300_custom_step0_s_20260830_19,9096a3a8a34346fb8e4f5f588bf26af6,0.008,,,
3205,2026-08-28,SH600039,0.0034925088764785105,EXP_CatBoostModel_Alpha158_csi300_custom_step0_s_20260830_19,9096a3a8a34346fb8e4f5f588bf26af6,0.008,,,
3206,2026-08-28,SH600050,0.0008919707218778684,EXP_CatBoostModel_Alpha158_csi300_custom_step0_s_20260830_19,9096a3a8a34346fb8e4f5f588bf26af6,0.008,,,
3207,2026-08-28,SH600219,-0.00010417677220333155,EXP_CatBoostModel_Alpha158_csi300_custom_step0_s_20260830_19,9096a3a8a34346fb8e4f5f588bf26af6,0.008,,,
3208,2026-08-28,SH600196,-0.001019935064082945,EXP_CatBoostModel_Alpha158_csi300_custom_step0_s_20260830_19,9096a3a8a34346fb8e4f5f588bf26af6,0.008,,,
3209,2026-08-28,SH600188,-0.0028057720530607357,EXP_CatBoostModel_Alpha158_csi300_custom_step0_s_20260830_19,9096a3a8a34346fb8e4f5f588bf26af6,0.008,,,
3210,2026-08-28,SH600183,-0.001019935064082945,EXP_CatBoostModel_Alpha158_csi300_custom_step0_s_20260830_19,9096a3a8a34346fb8e4f5f588bf26af6,0.008,,,
3211,2026-08-28,SH600176,0.007906328503330345,EXP_CatBoostModel_Alpha158_csi300_custom_step0_s_20260830_19,9096a3a8a34346fb8e4f5f588bf26af6,0.008,,,
3212,2026-08-28,SH600160,-0.001019935064082945,EXP_CatBoostModel_Alpha158_csi300_custom_step0_s_20260830_19,9096a3a8a34346fb8e4f5f588bf26af6,0.008,,,
3213,2026-08-28,SH600150,0.0034925088764785105,EXP_CatBoostModel_Alpha158_csi300_custom_step0_s_20260830_19,9096a3a8a34346fb8e4f5f588bf26af6,0.008,,,
3214,2026-08-28,SH600118,0.0010132149537444319,EXP_CatBoostModel_Alpha158_csi300_custom_step0_s_20260830_19,9096a3a8a34346fb8e4f5f588bf26af6,0.008,,,
3215,2026-08-28,SH600115,-0.001019935064082945,EXP_CatBoostModel_Alpha158_csi300_custom_step0_s_20260830_19,9096a3a8a34346fb8e4f5f588bf26af6,0.008,,,
3216,2026-08-28,SH600111,-0.001019935064082945,EXP_CatBoostModel_Alpha158_csi300_custom_step0_s_20260830_19,9096a3a8a34346fb8e4f5f588bf26af6,0.008,,,
3217,2026-08-28,SH600104,0.0008919707218778684,EXP_CatBoostModel_Alpha158_csi300_custom_step0_s_20260830_19,9096a3a8a34346fb8e4f5f588bf26af6,0.008,,,
3218,2026-08-28,SH600089,-0.001019935064082945,EXP_CatBoostModel_Alpha158_csi300_custom_step0_s_20260830_19,9096a3a8a34346fb8e4f5f588bf26af6,0.008,,,
3219,2026-08-28,SH600085,-0.00010417677220333155,EXP_CatBoostModel_Alpha158_csi300_custom_step0_s_20260830_19,9096a3a8a34346fb8e4f5f588bf26af6,0.008,,,
3220,2026-08-28,SH600066,-0.00010417677220333155,EXP_CatBoostModel_Alpha158_csi300_custom_step0_s_20260830_19,9096a3a8a34346fb8e4f5f588bf26af6,0.008,,,
3221,2026-08-28,SH600061,0.002048300281855914,EXP_CatBoostModel_Alpha158_csi300_custom_step0_s_20260830_19,9096a3a8a34346fb8e4f5f588bf26af6,0.008,,,
3222,2026-08-28,SH600048,-0.0014409559249700984,EXP_CatBoostModel_Alpha158_csi300_custom_step0_s_20260830_19,9096a3a8a34346fb8e4f5f588bf26af6,0.008,,,
3223,2026-08-28,SH601916,0.0016024466268961637,EXP_CatBoostModel_Alpha158_csi300_custom_step0_s_20260830_19,9096a3a8a34346fb8e4f5f588bf26af6,0.008,,,
3224,2026-08-28,SH600900,0.0016024466268961637,EXP_CatBoostModel_Alpha158_csi300_custom_step0_s_20260830_19,9096a3a8a34346fb8e4f5f588bf26af6,0.008,,,
3225,2026-08-28,SH600918,0.002048300281855914,EXP_CatBoostModel_Alpha158_csi300_custom_step0_s_20260830_19,9096a3a8a34346fb8e4f5f588bf26af6,0.008,,,
3226,2026-08-28,SH601689,-0.001019935064082945,EXP_CatBoostModel_Alpha158_csi300_custom_step0_s_20260830_19,9096a3a8a34346fb8e4f5f588bf26af6,0.008,,,
3227,2026-08-28,SH601688,-0.00010417677220333155,EXP_CatBoostModel_Alpha158_csi300_custom_step0_s_20260830_19,9096a3a8a34346fb8e4f5f588bf26af6,0.008,,,
3228,2026-08-28,SH601669,0.0008919707218778684,EXP_CatBoostModel_Alpha158_csi300_custom_step0_s_20260830_19,9096a3a8a34346fb8e4f5f588bf26af6,0.008,,,
3229,2026-08-28,SH601668,-0.00010417677220333155,EXP_CatBoostModel_Alpha158_csi300_custom_step0_s_20260830_19,9096a3a8a34346fb8e4f5f588bf26af6,0.008,,,
3230,2026-08-28,SH601658,0.0016024466268961637,EXP_CatBoostModel_Alpha158_csi300_custom_step0_s_20260830_19,9096a3a8a34346fb8e4f5f588bf26af6,0.008,,,
3231,2026-08-28,SH601633,-0.00010417677220333155,EXP_CatBoostModel_Alpha158_csi300_custom_step0_s_20260830_19,9096a3a8a34346fb8e4f5f588bf26af6,0.008,,,
3232,2026-08-28,SH601698,-0.001019935064082945,EXP_CatBoostModel_Alpha158_csi300_custom_step0_s_20260830_19,9096a3a8a34346fb8e4f5f588bf26af6,0.008,,,
3233,2026-08-28,SH601628,-0.00010417677220333155,EXP_CatBoostModel_Alpha158_csi300_custom_step0_s_20260830_19,9096a3a8a34346fb8e4f5f588bf26af6,0.008,,,
3234,2026-08-28,SH601607,0.001965204352683956,EXP_CatBoostModel_Alpha158_csi300_custom_step0_s_20260830_19,9096a3a8a34346fb8e4f5f588bf26af6,0.008,,,
3235,2026-08-28,SH601601,-0.001019935064082945,EXP_CatBoostModel_Alpha158_csi300_custom_step0_s_20260830_19,9096a3a8a34346fb8e4f5f588bf26af6,0.008,,,
3236,2026-08-28,SH601600,-0.0014409559249700984,EXP_CatBoostModel_Alpha158_csi300_custom_step0_s_20260830_19,9096a3a8a34346fb8e4f5f588bf26af6,0.008,,,
3237,2026-08-28,SH601456,0.002048300281855914,EXP_CatBoostModel_Alpha158_csi300_custom_step0_s_20260830_19,9096a3a8a34346fb8e4f5f588bf26af6,0.008,,,
3238,2026-08-28,SH601398,0.0034925088764785105,EXP_CatBoostModel_Alpha158_csi300_custom_step0_s_20260830_19,9096a3a8a34346fb8e4f5f588bf26af6,0.008,,,
3239,2026-08-28,SH601390,0.0011368747528629625,EXP_CatBoostModel_Alpha158_csi300_custom_step0_s_20260830_19,9096a3a8a34346fb8e4f5f588bf26af6,0.008,,,
3240,2026-08-28,SH601618,-0.0014409559249700984,EXP_CatBoostModel_Alpha158_csi300_custom_step0_s_20260830_19,9096a3a8a34346fb8e4f5f588bf26af6,0.008,,,
3241,2026-08-28,SH601727,-0.001019935064082945,EXP_CatBoostModel_Alpha158_csi300_custom_step0_s_20260830_19,9096a3a8a34346fb8e4f5f588bf26af6,0.008,,,
3242,2026-08-28,SH601728,-0.00010417677220333155,EXP_CatBoostModel_Alpha158_csi300_custom_step0_s_20260830_19,9096a3a8a34346fb8e4f5f588bf26af6,0.008,,,
3243,2026-08-28,SH601766,0.0034925088764785105,EXP_CatBoostModel_Alpha158_csi300_custom_step0_s_20260830_19,9096a3a8a34346fb8e4f5f588bf26af6,0.008,,,
3244,2026-08-28,SH601899,-0.0022653906012096076,EXP_CatBoostModel_Alpha158_csi300_custom_step0_s_20260830_19,9096a3a8a34346fb8e4f5f588bf26af6,0.008,,,
3245,2026-08-28,SH601898,-0.0022653906012096076,EXP_CatBoostModel_Alpha158_csi300_custom_step0_s_20260830_19,9096a3a8a34346fb8e4f5f588bf26af6,0.008,,,
3246,2026-08-28,SH601888,-0.001019935064082945,EXP_CatBoostModel_Alpha158_csi300_custom_step0_s_20260830_19,9096a3a8a34346fb8e4f5f588bf26af6,0.008,,,
3247,2026-08-28,SH601881,0.002048300281855914,EXP_CatBoostModel_Alpha158_csi300_custom_step0_s_20260830_19,9096a3a8a34346fb8e4f5f588bf26af6,0.008,,,
3248,2026-08-28,SH601878,0.002048300281855914,EXP_CatBoostModel_Alpha158_csi300_custom_step0_s_20260830_19,9096a3a8a34346fb8e4f5f588bf26af6,0.008,,,
3249,2026-08-28,SH601877,0.0008919707218778684,EXP_CatBoostModel_Alpha158_csi300_custom_step0_s_20260830_19,9096a3a8a34346fb8e4f5f588bf26af6,0.008,,,
3250,2026-08-28,SH601872,-0.0022653906012096076,EXP_CatBoostModel_Alpha158_csi300_custom_step0_s_20260830_19,9096a3a8a34346fb8e4f5f588bf26af6,0.008,,,
3251,2026-08-28,SH601868,-9.92288973783008e-05,EXP_CatBoostModel_Alpha158_csi300_custom_step0_s_20260830_19,9096a3a8a34346fb8e4f5f588bf26af6,0.008,,,
3252,2026-08-28,SH601857,0.002048300281855914,EXP_CatBoostModel_Alpha158_csi300_custom_step0_s_20260830_19,9096a3a8a34346fb8e4f5f588bf26af6,0.008,,,
3253,2026-08-28,SH601838,0.0034925088764785105,EXP_CatBoostModel_Alpha158_csi300_custom_step0_s_20260830_19,9096a3a8a34346fb8e4f5f588bf26af6,0.008,,,
3254,2026-08-28,SH601825,-0.00010417677220333155,EXP_CatBoostModel_Alpha158_csi300_custom_step0_s_20260830_19,9096a3a8a34346fb8e4f5f588bf26af6,0.008,,,
3255,2026-08-28,SH601818,0.0016024466268961637,EXP_CatBoostModel_Alpha158_csi300_custom_step0_s_20260830_19,9096a3a8a34346fb8e4f5f588bf26af6,0.008,,,
3256,2026-08-28,SH601816,0.0016024466268961637,EXP_CatBoostModel_Alpha158_csi300_custom_step0_s_20260830_19,9096a3a8a34346fb8e4f5f588bf26af6,0.008,,,
3257,2026-08-28,SH601800,0.0008919707218778684,EXP_CatBoostModel_Alpha158_csi300_custom_step0_s_20260830_19,9096a3a8a34346fb8e4f5f588bf26af6,0.008,,,
3258,2026-08-28,SH601788,0.0037654195931036143,EXP_CatBoostModel_Alpha158_csi300_custom_step0_s_20260830_19,9096a3a8a34346fb8e4f5f588bf26af6,0.008,,,
3259,2026-08-28,SH601377,0.002048300281855914,EXP_CatBoostModel_Alpha158_csi300_custom_step0_s_20260830_19,9096a3a8a34346fb8e4f5f588bf26af6,0.008,,,
3260,2026-08-28,SH601360,-0.001019935064082945,EXP_CatBoostModel_Alpha158_csi300_custom_step0_s_20260830_19,9096a3a8a34346fb8e4f5f588bf26af6,0.008,,,
3261,2026-08-28,SH601336,-0.00010417677220333155,EXP_CatBoostModel_Alpha158_csi300_custom_step0_s_20260830_19,9096a3a8a34346fb8e4f5f588bf26af6,0.008,,,
3262,2026-08-28,SH601328,0.002048300281855914,EXP_CatBoostModel_Alpha158_csi300_custom_step0_s_20260830_19,9096a3a8a34346fb8e4f5f588bf26af6,0.008,,,
3263,2026-08-28,SH601059,0.0037654195931036143,EXP_CatBoostModel_Alpha158_csi300_custom_step0_s_20260830_19,9096a3a8a34346fb8e4f5f588bf26af6,0.008,,,
3264,2026-08-28,SH601058,0.002048300281855914,EXP_CatBoostModel_Alpha158_csi300_custom_step0_s_20260830_19,9096a3a8a34346fb8e4f5f588bf26af6,0.008,,,
3265,2026-08-28,SH601021,0.0008919707218778684,EXP_CatBoostModel_Alpha158_csi300_custom_step0_s_20260830_19,9096a3a8a34346fb8e4f5f588bf26af6,0.008,,,
3266,2026-08-28,SH601018,0.002048300281855914,EXP_CatBoostModel_Alpha158_csi300_custom_step0_s_20260830_19,9096a3a8a34346fb8e4f5f588bf26af6,0.008,,,
3267,2026-08-28,SH601012,-0.001019935064082945,EXP_CatBoostModel_Alpha158_csi300_custom_step0_s_20260830_19,9096a3a8a34346fb8e4f5f588bf26af6,0.008,,,
3268,2026-08-28,SH601009,0.002048300281855914,EXP_CatBoostModel_Alpha158_csi300_custom_step0_s_20260830_19,9096a3a8a34346fb8e4f5f588bf26af6,0.008,,,
3269,2026-08-28,SH601006,0.0008919707218778684,EXP_CatBoostModel_Alpha158_csi300_custom_step0_s_20260830_19,9096a3a8a34346fb8e4f5f588bf26af6,0.008,,,
3270,2026-08-28,SH600999,0.0044068061496165736,EXP_CatBoostModel_Alpha158_csi300_custom_step0_s_20260830_19,9096a3a8a34346fb8e4f5f588bf26af6,0.008,,,
3271,2026-08-28,SH600989,0.002048300281855914,EXP_CatBoostModel_Alpha158_csi300_custom_step0_s_20260830_19,9096a3a8a34346fb8e4f5f588bf26af6,0.008,,,
3272,2026-08-28,SH600958,0.002048300281855914,EXP_CatBoostModel_Alpha158_csi300_custom_step0_s_20260830_19,9096a3a8a34346fb8e4f5f588bf26af6,0.008,,,
3273,2026-08-28,SH600941,0.002048300281855914,EXP_CatBoostModel_Alpha158_csi300_custom_step0_s_20260830_19,9096a3a8a34346fb8e4f5f588bf26af6,0.008,,,
3274,2026-08-28,SH600938,-0.00010417677220333155,EXP_CatBoostModel_Alpha158_csi300_custom_step0_s_20260830_19,9096a3a8a34346fb8e4f5f588bf26af6,0.008,,,
3275,2026-08-28,SH600930,-0.00010417677220333155,EXP_CatBoostModel_Alpha158_csi300_custom_step0_s_20260830_19,9096a3a8a34346fb8e4f5f588bf26af6,0.008,,,
3276,2026-08-28,SH600926,0.002048300281855914,EXP_CatBoostModel_Alpha158_csi300_custom_step0_s_20260830_19,9096a3a8a34346fb8e4f5f588bf26af6,0.008,,,
3277,2026-08-28,SH600919,0.002048300281855914,EXP_CatBoostModel_Alpha158_csi300_custom_step0_s_20260830_19,9096a3a8a34346fb8e4f5f588bf26af6,0.008,,,
3278,2026-08-28,SH601066,0.002048300281855914,EXP_CatBoostModel_Alpha158_csi300_custom_step0_s_20260830_19,9096a3a8a34346fb8e4f5f588bf26af6,0.008,,,
3279,2026-08-28,SH600905,0.0008919707218778684,EXP_CatBoostModel_Alpha158_csi300_custom_step0_s_20260830_19,9096a3a8a34346fb8e4f5f588bf26af6,0.008,,,
3280,2026-08-28,SH601077,0.0008919707218778684,EXP_CatBoostModel_Alpha158_csi300_custom_step0_s_20260830_19,9096a3a8a34346fb8e4f5f588bf26af6,0.008,,,
3281,2026-08-28,SH601100,-0.001019935064082945,EXP_CatBoostModel_Alpha158_csi300_custom_step0_s_20260830_19,9096a3a8a34346fb8e4f5f588bf26af6,0.008,,,
3282,2026-08-28,SH601319,0.0034925088764785105,EXP_CatBoostModel_Alpha158_csi300_custom_step0_s_20260830_19,9096a3a8a34346fb8e4f5f588bf26af6,0.008,,,
3283,2026-08-28,SH601318,0.0034925088764785105,EXP_CatBoostModel_Alpha158_csi300_custom_step0_s_20260830_19,9096a3a8a34346fb8e4f5f588bf26af6,0.008,,,
3284,2026-08-28,SH601288,-0.001019935064082945,EXP_CatBoostModel_Alpha158_csi300_custom_step0_s_20260830_19,9096a3a8a34346fb8e4f5f588bf26af6,0.008,,,
3285,2026-08-28,SH601238,-0.001019935064082945,EXP_CatBoostModel_Alpha158_csi300_custom_step0_s_20260830_19,9096a3a8a34346fb8e4f5f588bf26af6,0.008,,,
3286,2026-08-28,SH601229,-0.0014409559249700984,EXP_CatBoostModel_Alpha158_csi300_custom_step0_s_20260830_19,9096a3a8a34346fb8e4f5f588bf26af6,0.008,,,
3287,2026-08-28,SH601225,-0.0030611165536340223,EXP_CatBoostModel_Alpha158_csi300_custom_step0_s_20260830_19,9096a3a8a34346fb8e4f5f588bf26af6,0.008,,,
3288,2026-08-28,SH601211,-0.00010417677220333155,EXP_CatBoostModel_Alpha158_csi300_custom_step0_s_20260830_19,9096a3a8a34346fb8e4f5f588bf26af6,0.008,,,
3289,2026-08-28,SH601186,0.0008919707218778684,EXP_CatBoostModel_Alpha158_csi300_custom_step0_s_20260830_19,9096a3a8a34346fb8e4f5f588bf26af6,0.008,,,
3290,2026-08-28,SH601169,0.002048300281855914,EXP_CatBoostModel_Alpha158_csi300_custom_step0_s_20260830_19,9096a3a8a34346fb8e4f5f588bf26af6,0.008,,,
3291,2026-08-28,SH601166,0.0008919707218778684,EXP_CatBoostModel_Alpha158_csi300_custom_step0_s_20260830_19,9096a3a8a34346fb8e4f5f588bf26af6,0.008,,,
3292,2026-08-28,SH601138,-0.001019935064082945,EXP_CatBoostModel_Alpha158_csi300_custom_step0_s_20260830_19,9096a3a8a34346fb8e4f5f588bf26af6,0.008,,,
3293,2026-08-28,SH601136,0.0008919707218778684,EXP_CatBoostModel_Alpha158_csi300_custom_step0_s_20260830_19,9096a3a8a34346fb8e4f5f588bf26af6,0.008,,,
3294,2026-08-28,SH601127,-0.00010417677220333155,EXP_CatBoostModel_Alpha158_csi300_custom_step0_s_20260830_19,9096a3a8a34346fb8e4f5f588bf26af6,0.008,,,
3295,2026-08-28,SH601117,0.0037654195931036143,EXP_CatBoostModel_Alpha158_csi300_custom_step0_s_20260830_19,9096a3a8a34346fb8e4f5f588bf26af6,0.008,,,
3296,2026-08-28,SH601111,0.0008919707218778684,EXP_CatBoostModel_Alpha158_csi300_custom_step0_s_20260830_19,9096a3a8a34346fb8e4f5f588bf26af6,0.008,,,
3297,2026-08-28,SH601088,-0.001019935064082945,EXP_CatBoostModel_Alpha158_csi300_custom_step0_s_20260830_19,9096a3a8a34346fb8e4f5f588bf26af6,0.008,,,
3298,2026-08-28,SZ301308,-0.0019425622364147711,EXP_CatBoostModel_Alpha158_csi300_custom_step0_s_20260830_19,40ceb27c2b7146df8038a9670ab316d5,0.13,,,
3299,2026-08-28,SZ301308,0.0010132149537444319,EXP_CatBoostModel_Alpha158_csi300_custom_step0_s_20260830_19,9096a3a8a34346fb8e4f5f588bf26af6,0.008,,,
3300,2026-08-28,SH600000,0.005272528659704147,EXP_CatBoostModel_Alpha158_csi300_custom_step0_s_20260830_19,40ceb27c2b7146df8038a9670ab316d5,0.13,,,
3301,2026-08-28,SZ000596,-0.004401357816816098,EXP_CatBoostModel_Alpha158_csi300_custom_step0_s_20260830_19,40ceb27c2b7146df8038a9670ab316d5,0.13,,,
3302,2026-08-28,SZ000568,-0.0034018896630666276,EXP_CatBoostModel_Alpha158_csi300_custom_step0_s_20260830_19,40ceb27c2b7146df8038a9670ab316d5,0.13,,,
3303,2026-08-28,SZ000538,0.005552792117331532,EXP_CatBoostModel_Alpha158_csi300_custom_step0_s_20260830_19,40ceb27c2b7146df8038a9670ab316d5,0.13,,,
3304,2026-08-28,SZ000425,-0.002056564354318615,EXP_CatBoostModel_Alpha158_csi300_custom_step0_s_20260830_19,40ceb27c2b7146df8038a9670ab316d5,0.13,,,
3305,2026-08-28,SZ000408,-0.0020815586335852666,EXP_CatBoostModel_Alpha158_csi300_custom_step0_s_20260830_19,40ceb27c2b7146df8038a9670ab316d5,0.13,,,
3306,2026-08-28,SZ000338,-0.0034018896630666276,EXP_CatBoostModel_Alpha158_csi300_custom_step0_s_20260830_19,40ceb27c2b7146df8038a9670ab316d5,0.13,,,
3307,2026-08-28,SZ000617,-0.0004959745663119491,EXP_CatBoostModel_Alpha158_csi300_custom_step0_s_20260830_19,40ceb27c2b7146df8038a9670ab316d5,0.13,,,
3308,2026-08-28,SZ000333,0.002856839822106948,EXP_CatBoostModel_Alpha158_csi300_custom_step0_s_20260830_19,40ceb27c2b7146df8038a9670ab316d5,0.13,,,
3309,2026-08-28,SZ000166,0.0036397354423319426,EXP_CatBoostModel_Alpha158_csi300_custom_step0_s_20260830_19,40ceb27c2b7146df8038a9670ab316d5,0.13,,,
3310,2026-08-28,SZ000157,-0.00047098028704529765,EXP_CatBoostModel_Alpha158_csi300_custom_step0_s_20260830_19,40ceb27c2b7146df8038a9670ab316d5,0.13,,,
3311,2026-08-28,SZ000100,-0.0034018896630666276,EXP_CatBoostModel_Alpha158_csi300_custom_step0_s_20260830_19,40ceb27c2b7146df8038a9670ab316d5,0.13,,,
3312,2026-08-28,SZ000063,-0.0020965690534206953,EXP_CatBoostModel_Alpha158_csi300_custom_step0_s_20260830_19,40ceb27c2b7146df8038a9670ab316d5,0.13,,,
3313,2026-08-28,SZ000002,-0.0028867791683807385,EXP_CatBoostModel_Alpha158_csi300_custom_step0_s_20260830_19,40ceb27c2b7146df8038a9670ab316d5,0.13,,,
3314,2026-08-28,SZ000001,0.004682975052559894,EXP_CatBoostModel_Alpha158_csi300_custom_step0_s_20260830_19,40ceb27c2b7146df8038a9670ab316d5,0.13,,,
3315,2026-08-28,SZ000301,-0.0013520171172114463,EXP_CatBoostModel_Alpha158_csi300_custom_step0_s_20260830_19,40ceb27c2b7146df8038a9670ab316d5,0.13,,,
3316,2026-08-28,SZ000625,-0.0020815586335852666,EXP_CatBoostModel_Alpha158_csi300_custom_step0_s_20260830_19,40ceb27c2b7146df8038a9670ab316d5,0.13,,,
3317,2026-08-28,SZ000630,-0.002056564354318615,EXP_CatBoostModel_Alpha158_csi300_custom_step0_s_20260830_19,40ceb27c2b7146df8038a9670ab316d5,0.13,,,
3318,2026-08-28,SZ000651,0.002856839822106948,EXP_CatBoostModel_Alpha158_csi300_custom_step0_s_20260830_19,40ceb27c2b7146df8038a9670ab316d5,0.13,,,
3319,2026-08-28,SZ000999,0.0009897700968795218,EXP_CatBoostModel_Alpha158_csi300_custom_step0_s_20260830_19,40ceb27c2b7146df8038a9670ab316d5,0.13,,,
3320,2026-08-28,SZ000988,-0.0019425622364147711,EXP_CatBoostModel_Alpha158_csi300_custom_step0_s_20260830_19,40ceb27c2b7146df8038a9670ab316d5,0.13,,,
3321,2026-08-28,SZ000977,-0.0019425622364147711,EXP_CatBoostModel_Alpha158_csi300_custom_step0_s_20260830_19,40ceb27c2b7146df8038a9670ab316d5,0.13,,,
3322,2026-08-28,SZ000975,-0.00866058139741328,EXP_CatBoostModel_Alpha158_csi300_custom_step0_s_20260830_19,40ceb27c2b7146df8038a9670ab316d5,0.13,,,
3323,2026-08-28,SZ000963,-0.0013520171172114463,EXP_CatBoostModel_Alpha158_csi300_custom_step0_s_20260830_19,40ceb27c2b7146df8038a9670ab316d5,0.13,,,
3324,2026-08-28,SZ000938,-0.004401357816816098,EXP_CatBoostModel_Alpha158_csi300_custom_step0_s_20260830_19,40ceb27c2b7146df8038a9670ab316d5,0.13,,,
3325,2026-08-28,SZ000895,0.005272528659704147,EXP_CatBoostModel_Alpha158_csi300_custom_step0_s_20260830_19,40ceb27c2b7146df8038a9670ab316d5,0.13,,,
3326,2026-08-28,SZ000858,-0.00047098028704529765,EXP_CatBoostModel_Alpha158_csi300_custom_step0_s_20260830_19,40ceb27c2b7146df8038a9670ab316d5,0.13,,,
3327,2026-08-28,SZ000807,-0.0020965690534206953,EXP_CatBoostModel_Alpha158_csi300_custom_step0_s_20260830_19,40ceb27c2b7146df8038a9670ab316d5,0.13,,,
3328,2026-08-28,SZ000792,9.076882853619622e-05,EXP_CatBoostModel_Alpha158_csi300_custom_step0_s_20260830_19,40ceb27c2b7146df8038a9670ab316d5,0.13,,,
3329,2026-08-28,SZ000776,0.0018768993598870616,EXP_CatBoostModel_Alpha158_csi300_custom_step0_s_20260830_19,40ceb27c2b7146df8038a9670ab316d5,0.13,,,
3330,2026-08-28,SZ000768,0.008925172522028933,EXP_CatBoostModel_Alpha158_csi300_custom_step0_s_20260830_19,40ceb27c2b7146df8038a9670ab316d5,0.13,,,
3331,2026-08-28,SZ000725,-0.0019425622364147711,EXP_CatBoostModel_Alpha158_csi300_custom_step0_s_20260830_19,40ceb27c2b7146df8038a9670ab316d5,0.13,,,
3332,2026-08-28,SZ000708,0.0013710951589154773,EXP_CatBoostModel_Alpha158_csi300_custom_step0_s_20260830_19,40ceb27c2b7146df8038a9670ab316d5,0.13,,,
3333,2026-08-28,SZ000657,0.004243687771467386,EXP_CatBoostModel_Alpha158_csi300_custom_step0_s_20260830_19,40ceb27c2b7146df8038a9670ab316d5,0.13,,,
3334,2026-08-28,SH688981,-0.0034018896630666276,EXP_CatBoostModel_Alpha158_csi300_custom_step0_s_20260830_19,40ceb27c2b7146df8038a9670ab316d5,0.13,,,
3335,2026-08-28,SH688521,0.0012769030540990228,EXP_CatBoostModel_Alpha158_csi300_custom_step0_s_20260830_19,40ceb27c2b7146df8038a9670ab316d5,0.13,,,
3336,2026-08-28,SH688506,-0.0013520171172114463,EXP_CatBoostModel_Alpha158_csi300_custom_step0_s_20260830_19,40ceb27c2b7146df8038a9670ab316d5,0.13,,,
3337,2026-08-28,SH688472,-0.003429210346474105,EXP_CatBoostModel_Alpha158_csi300_custom_step0_s_20260830_19,40ceb27c2b7146df8038a9670ab316d5,0.13,,,
3338,2026-08-28,SH603986,-0.0034018896630666276,EXP_CatBoostModel_Alpha158_csi300_custom_step0_s_20260830_19,40ceb27c2b7146df8038a9670ab316d5,0.13,,,
3339,2026-08-28,SH603893,0.0010420642115720135,EXP_CatBoostModel_Alpha158_csi300_custom_step0_s_20260830_19,40ceb27c2b7146df8038a9670ab316d5,0.13,,,
3340,2026-08-28,SH603799,-0.0020815586335852666,EXP_CatBoostModel_Alpha158_csi300_custom_step0_s_20260830_19,40ceb27c2b7146df8038a9670ab316d5,0.13,,,
3341,2026-08-28,SH603501,-0.0020838850377260924,EXP_CatBoostModel_Alpha158_csi300_custom_step0_s_20260830_19,40ceb27c2b7146df8038a9670ab316d5,0.13,,,
3342,2026-08-28,SH603392,-0.0020815586335852666,EXP_CatBoostModel_Alpha158_csi300_custom_step0_s_20260830_19,40ceb27c2b7146df8038a9670ab316d5,0.13,,,
3343,2026-08-28,SH603369,-0.0020815586335852666,EXP_CatBoostModel_Alpha158_csi300_custom_step0_s_20260830_19,40ceb27c2b7146df8038a9670ab316d5,0.13,,,
3344,2026-08-28,SH603296,-0.0034018896630666276,EXP_CatBoostModel_Alpha158_csi300_custom_step0_s_20260830_19,40ceb27c2b7146df8038a9670ab316d5,0.13,,,
3345,2026-08-28,SH603288,-0.0013793378006189236,EXP_CatBoostModel_Alpha158_csi300_custom_step0_s_20260830_19,40ceb27c2b7146df8038a9670ab316d5,0.13,,,
3346,2026-08-28,SH603260,-0.0034018896630666276,EXP_CatBoostModel_Alpha158_csi300_custom_step0_s_20260830_19,40ceb27c2b7146df8038a9670ab316d5,0.13,,,
3347,2026-08-28,SH603259,0.0018343897396517967,EXP_CatBoostModel_Alpha158_csi300_custom_step0_s_20260830_19,40ceb27c2b7146df8038a9670ab316d5,0.13,,,
3348,2026-08-28,SH603019,-0.0034018896630666276,EXP_CatBoostModel_Alpha158_csi300_custom_step0_s_20260830_19,40ceb27c2b7146df8038a9670ab316d5,0.13,,,
3349,2026-08-28,SH601998,-0.0013520171172114463,EXP_CatBoostModel_Alpha158_csi300_custom_step0_s_20260830_19,40ceb27c2b7146df8038a9670ab316d5,0.13,,,
3350,2026-08-28,SH601995,0.003498268922039358,EXP_CatBoostModel_Alpha158_csi300_custom_step0_s_20260830_19,40ceb27c2b7146df8038a9670ab316d5,0.13,,,
3351,2026-08-28,SH601988,0.00907754236062908,EXP_CatBoostModel_Alpha158_csi300_custom_step0_s_20260830_19,40ceb27c2b7146df8038a9670ab316d5,0.13,,,
3352,2026-08-28,SH601985,0.002871411270499423,EXP_CatBoostModel_Alpha158_csi300_custom_step0_s_20260830_19,40ceb27c2b7146df8038a9670ab316d5,0.13,,,
3353,2026-08-28,SH603993,-0.0034018896630666276,EXP_CatBoostModel_Alpha158_csi300_custom_step0_s_20260830_19,40ceb27c2b7146df8038a9670ab316d5,0.13,,,
3354,2026-08-28,SZ001280,-0.002056564354318615,EXP_CatBoostModel_Alpha158_csi300_custom_step0_s_20260830_19,40ceb27c2b7146df8038a9670ab316d5,0.13,,,
3355,2026-08-28,SH605117,-0.0020838850377260924,EXP_CatBoostModel_Alpha158_csi300_custom_step0_s_20260830_19,40ceb27c2b7146df8038a9670ab316d5,0.13,,,
3356,2026-08-28,SH688008,-0.0034018896630666276,EXP_CatBoostModel_Alpha158_csi300_custom_step0_s_20260830_19,40ceb27c2b7146df8038a9670ab316d5,0.13,,,
3357,2026-08-28,SH688396,-0.0019425622364147711,EXP_CatBoostModel_Alpha158_csi300_custom_step0_s_20260830_19,40ceb27c2b7146df8038a9670ab316d5,0.13,,,
3358,2026-08-28,SH688303,-0.0020815586335852666,EXP_CatBoostModel_Alpha158_csi300_custom_step0_s_20260830_19,40ceb27c2b7146df8038a9670ab316d5,0.13,,,
3359,2026-08-28,SH688271,-0.0013520171172114463,EXP_CatBoostModel_Alpha158_csi300_custom_step0_s_20260830_19,40ceb27c2b7146df8038a9670ab316d5,0.13,,,
3360,2026-08-28,SH688256,0.0003375169744648448,EXP_CatBoostModel_Alpha158_csi300_custom_step0_s_20260830_19,40ceb27c2b7146df8038a9670ab316d5,0.13,,,
3361,2026-08-28,SH688223,-0.003429210346474105,EXP_CatBoostModel_Alpha158_csi300_custom_step0_s_20260830_19,40ceb27c2b7146df8038a9670ab316d5,0.13,,,
3362,2026-08-28,SH688183,0.012975728521723346,EXP_CatBoostModel_Alpha158_csi300_custom_step0_s_20260830_19,40ceb27c2b7146df8038a9670ab316d5,0.13,,,
3363,2026-08-28,SH688126,-0.0020815586335852666,EXP_CatBoostModel_Alpha158_csi300_custom_step0_s_20260830_19,40ceb27c2b7146df8038a9670ab316d5,0.13,,,
3364,2026-08-28,SH688111,-0.0034018896630666276,EXP_CatBoostModel_Alpha158_csi300_custom_step0_s_20260830_19,40ceb27c2b7146df8038a9670ab316d5,0.13,,,
3365,2026-08-28,SH688082,-0.0019425622364147711,EXP_CatBoostModel_Alpha158_csi300_custom_step0_s_20260830_19,40ceb27c2b7146df8038a9670ab316d5,0.13,,,
3366,2026-08-28,SH688072,-0.0020815586335852666,EXP_CatBoostModel_Alpha158_csi300_custom_step0_s_20260830_19,40ceb27c2b7146df8038a9670ab316d5,0.13,,,
3367,2026-08-28,SH688047,-0.0034018896630666276,EXP_CatBoostModel_Alpha158_csi300_custom_step0_s_20260830_19,40ceb27c2b7146df8038a9670ab316d5,0.13,,,
3368,2026-08-28,SH688041,0.0018343897396517967,EXP_CatBoostModel_Alpha158_csi300_custom_step0_s_20260830_19,40ceb27c2b7146df8038a9670ab316d5,0.13,,,
3369,2026-08-28,SH688036,-0.0020815586335852666,EXP_CatBoostModel_Alpha158_csi300_custom_step0_s_20260830_19,40ceb27c2b7146df8038a9670ab316d5,0.13,,,
3370,2026-08-28,SH688012,-0.0019425622364147711,EXP_CatBoostModel_Alpha158_csi300_custom_step0_s_20260830_19,40ceb27c2b7146df8038a9670ab316d5,0.13,,,
3371,2026-08-28,SH688009,0.0031371032797343334,EXP_CatBoostModel_Alpha158_csi300_custom_step0_s_20260830_19,40ceb27c2b7146df8038a9670ab316d5,0.13,,,
3372,2026-08-28,SH605499,-0.002056564354318615,EXP_CatBoostModel_Alpha158_csi300_custom_step0_s_20260830_19,40ceb27c2b7146df8038a9670ab316d5,0.13,,,
3373,2026-08-28,SH601939,0.009999802459132694,EXP_CatBoostModel_Alpha158_csi300_custom_step0_s_20260830_19,40ceb27c2b7146df8038a9670ab316d5,0.13,,,
3374,2026-08-28,SZ001391,-0.0007512437446726829,EXP_CatBoostModel_Alpha158_csi300_custom_step0_s_20260830_19,40ceb27c2b7146df8038a9670ab316d5,0.13,,,
3375,2026-08-28,SZ001979,-0.0034018896630666276,EXP_CatBoostModel_Alpha158_csi300_custom_step0_s_20260830_19,40ceb27c2b7146df8038a9670ab316d5,0.13,,,
3376,2026-08-28,SZ300408,-0.0010078083342831673,EXP_CatBoostModel_Alpha158_csi300_custom_step0_s_20260830_19,40ceb27c2b7146df8038a9670ab316d5,0.13,,,
3377,2026-08-28,SZ300394,0.029262730840384568,EXP_CatBoostModel_Alpha158_csi300_custom_step0_s_20260830_19,40ceb27c2b7146df8038a9670ab316d5,0.13,,,
3378,2026-08-28,SZ300316,-0.002056564354318615,EXP_CatBoostModel_Alpha158_csi300_custom_step0_s_20260830_19,40ceb27c2b7146df8038a9670ab316d5,0.13,,,
3379,2026-08-28,SZ300308,0.0019589763830851954,EXP_CatBoostModel_Alpha158_csi300_custom_step0_s_20260830_19,40ceb27c2b7146df8038a9670ab316d5,0.13,,,
3380,2026-08-28,SZ300274,-0.003429210346474105,EXP_CatBoostModel_Alpha158_csi300_custom_step0_s_20260830_19,40ceb27c2b7146df8038a9670ab316d5,0.13,,,
3381,2026-08-28,SZ300251,-0.0034018896630666276,EXP_CatBoostModel_Alpha158_csi300_custom_step0_s_20260830_19,40ceb27c2b7146df8038a9670ab316d5,0.13,,,
3382,2026-08-28,SZ300413,-0.0034018896630666276,EXP_CatBoostModel_Alpha158_csi300_custom_step0_s_20260830_19,40ceb27c2b7146df8038a9670ab316d5,0.13,,,
3383,2026-08-28,SZ300124,-0.0034018896630666276,EXP_CatBoostModel_Alpha158_csi300_custom_step0_s_20260830_19,40ceb27c2b7146df8038a9670ab316d5,0.13,,,
3384,2026-08-28,SZ300059,-4.669650756551418e-05,EXP_CatBoostModel_Alpha158_csi300_custom_step0_s_20260830_19,40ceb27c2b7146df8038a9670ab316d5,0.13,,,
3385,2026-08-28,SZ300033,-0.0034018896630666276,EXP_CatBoostModel_Alpha158_csi300_custom_step0_s_20260830_19,40ceb27c2b7146df8038a9670ab316d5,0.13,,,
3386,2026-08-28,SZ300015,-0.0018163055957933101,EXP_CatBoostModel_Alpha158_csi300_custom_step0_s_20260830_19,40ceb27c2b7146df8038a9670ab316d5,0.13,,,
3387,2026-08-28,SZ300014,0.002856839822106948,EXP_CatBoostModel_Alpha158_csi300_custom_step0_s_20260830_19,40ceb27c2b7146df8038a9670ab316d5,0.13,,,
3388,2026-08-28,SZ003816,-0.0033910341443924436,EXP_CatBoostModel_Alpha158_csi300_custom_step0_s_20260830_19,40ceb27c2b7146df8038a9670ab316d5,0.13,,,
3389,2026-08-28,SZ002938,-0.0019425622364147711,EXP_CatBoostModel_Alpha158_csi300_custom_step0_s_20260830_19,40ceb27c2b7146df8038a9670ab316d5,0.13,,,
3390,2026-08-28,SZ300122,-0.0019425622364147711,EXP_CatBoostModel_Alpha158_csi300_custom_step0_s_20260830_19,40ceb27c2b7146df8038a9670ab316d5,0.13,,,
3391,2026-08-28,SZ300418,-0.0034018896630666276,EXP_CatBoostModel_Alpha158_csi300_custom_step0_s_20260830_19,40ceb27c2b7146df8038a9670ab316d5,0.13,,,
3392,2026-08-28,SZ300433,-0.0019425622364147711,EXP_CatBoostModel_Alpha158_csi300_custom_step0_s_20260830_19,40ceb27c2b7146df8038a9670ab316d5,0.13,,,
3393,2026-08-28,SZ300442,-0.0034018896630666276,EXP_CatBoostModel_Alpha158_csi300_custom_step0_s_20260830_19,40ceb27c2b7146df8038a9670ab316d5,0.13,,,
3394,2026-08-28,SZ301236,-0.0034018896630666276,EXP_CatBoostModel_Alpha158_csi300_custom_step0_s_20260830_19,40ceb27c2b7146df8038a9670ab316d5,0.13,,,
3395,2026-08-28,SZ301165,-0.0056832353335575765,EXP_CatBoostModel_Alpha158_csi300_custom_step0_s_20260830_19,40ceb27c2b7146df8038a9670ab316d5,0.13,,,
3396,2026-08-28,SZ300999,0.0021338313594095413,EXP_CatBoostModel_Alpha158_csi300_custom_step0_s_20260830_19,40ceb27c2b7146df8038a9670ab316d5,0.13,,,
3397,2026-08-28,SZ300896,-0.0013520171172114463,EXP_CatBoostModel_Alpha158_csi300_custom_step0_s_20260830_19,40ceb27c2b7146df8038a9670ab316d5,0.13,,,
3398,2026-08-28,SZ300866,-0.0020965690534206953,EXP_CatBoostModel_Alpha158_csi300_custom_step0_s_20260830_19,40ceb27c2b7146df8038a9670ab316d5,0.13,,,
3399,2026-08-28,SZ300832,-0.0023514852709609173,EXP_CatBoostModel_Alpha158_csi300_custom_step0_s_20260830_19,40ceb27c2b7146df8038a9670ab316d5,0.13,,,
3400,2026-08-28,SZ300803,-0.0034018896630666276,EXP_CatBoostModel_Alpha158_csi300_custom_step0_s_20260830_19,40ceb27c2b7146df8038a9670ab316d5,0.13,,,
3401,2026-08-28,SZ300760,-0.0020815586335852666,EXP_CatBoostModel_Alpha158_csi300_custom_step0_s_20260830_19,40ceb27c2b7146df8038a9670ab316d5,0.13,,,
3402,2026-08-28,SZ300750,-0.0018163055957933101,EXP_CatBoostModel_Alpha158_csi300_custom_step0_s_20260830_19,40ceb27c2b7146df8038a9670ab316d5,0.13,,,
3403,2026-08-28,SZ300661,-0.002056564354318615,EXP_CatBoostModel_Alpha158_csi300_custom_step0_s_20260830_19,40ceb27c2b7146df8038a9670ab316d5,0.13,,,
3404,2026-08-28,SZ300628,-0.0013520171172114463,EXP_CatBoostModel_Alpha158_csi300_custom_step0_s_20260830_19,40ceb27c2b7146df8038a9670ab316d5,0.13,,,
3405,2026-08-28,SZ300502,0.002597234083580384,EXP_CatBoostModel_Alpha158_csi300_custom_step0_s_20260830_19,40ceb27c2b7146df8038a9670ab316d5,0.13,,,
3406,2026-08-28,SZ300498,0.005129755698902901,EXP_CatBoostModel_Alpha158_csi300_custom_step0_s_20260830_19,40ceb27c2b7146df8038a9670ab316d5,0.13,,,
3407,2026-08-28,SZ300476,-0.0027507483324402523,EXP_CatBoostModel_Alpha158_csi300_custom_step0_s_20260830_19,40ceb27c2b7146df8038a9670ab316d5,0.13,,,
3408,2026-08-28,SZ300450,-0.0020815586335852666,EXP_CatBoostModel_Alpha158_csi300_custom_step0_s_20260830_19,40ceb27c2b7146df8038a9670ab316d5,0.13,,,
3409,2026-08-28,SZ002920,-0.0034018896630666276,EXP_CatBoostModel_Alpha158_csi300_custom_step0_s_20260830_19,40ceb27c2b7146df8038a9670ab316d5,0.13,,,
3410,2026-08-28,SZ002916,-0.0019425622364147711,EXP_CatBoostModel_Alpha158_csi300_custom_step0_s_20260830_19,40ceb27c2b7146df8038a9670ab316d5,0.13,,,
3411,2026-08-28,SZ002837,-0.0019425622364147711,EXP_CatBoostModel_Alpha158_csi300_custom_step0_s_20260830_19,40ceb27c2b7146df8038a9670ab316d5,0.13,,,
3412,2026-08-28,SZ002736,0.005337384741794878,EXP_CatBoostModel_Alpha158_csi300_custom_step0_s_20260830_19,40ceb27c2b7146df8038a9670ab316d5,0.13,,,
3413,2026-08-28,SZ002352,0.001631199196811932,EXP_CatBoostModel_Alpha158_csi300_custom_step0_s_20260830_19,40ceb27c2b7146df8038a9670ab316d5,0.13,,,
3414,2026-08-28,SZ002311,-0.0013520171172114463,EXP_CatBoostModel_Alpha158_csi300_custom_step0_s_20260830_19,40ceb27c2b7146df8038a9670ab316d5,0.13,,,
3415,2026-08-28,SZ002304,-0.0018163055957933101,EXP_CatBoostModel_Alpha158_csi300_custom_step0_s_20260830_19,40ceb27c2b7146df8038a9670ab316d5,0.13,,,
3416,2026-08-28,SZ002241,-0.0004959745663119491,EXP_CatBoostModel_Alpha158_csi300_custom_step0_s_20260830_19,40ceb27c2b7146df8038a9670ab316d5,0.13,,,
3417,2026-08-28,SZ002236,-8.070347570790658e-05,EXP_CatBoostModel_Alpha158_csi300_custom_step0_s_20260830_19,40ceb27c2b7146df8038a9670ab316d5,0.13,,,
3418,2026-08-28,SZ002230,-0.0020815586335852666,EXP_CatBoostModel_Alpha158_csi300_custom_step0_s_20260830_19,40ceb27c2b7146df8038a9670ab316d5,0.13,,,
3419,2026-08-28,SZ002202,0.0003125226951981935,EXP_CatBoostModel_Alpha158_csi300_custom_step0_s_20260830_19,40ceb27c2b7146df8038a9670ab316d5,0.13,,,
3420,2026-08-28,SZ002179,-0.0034018896630666276,EXP_CatBoostModel_Alpha158_csi300_custom_step0_s_20260830_19,40ceb27c2b7146df8038a9670ab316d5,0.13,,,
3421,2026-08-28,SZ002142,-4.669650756551418e-05,EXP_CatBoostModel_Alpha158_csi300_custom_step0_s_20260830_19,40ceb27c2b7146df8038a9670ab316d5,0.13,,,
3422,2026-08-28,SZ002074,0.0007095066392521367,EXP_CatBoostModel_Alpha158_csi300_custom_step0_s_20260830_19,40ceb27c2b7146df8038a9670ab316d5,0.13,,,
3423,2026-08-28,SZ002050,-0.0034018896630666276,EXP_CatBoostModel_Alpha158_csi300_custom_step0_s_20260830_19,40ceb27c2b7146df8038a9670ab316d5,0.13,,,
3424,2026-08-28,SZ002049,-0.0034018896630666276,EXP_CatBoostModel_Alpha158_csi300_custom_step0_s_20260830_19,40ceb27c2b7146df8038a9670ab316d5,0.13,,,
3425,2026-08-28,SZ002028,-0.0074568617330133796,EXP_CatBoostModel_Alpha158_csi300_custom_step0_s_20260830_19,40ceb27c2b7146df8038a9670ab316d5,0.13,,,
3426,2026-08-28,SZ002027,-0.0020815586335852666,EXP_CatBoostModel_Alpha158_csi300_custom_step0_s_20260830_19,40ceb27c2b7146df8038a9670ab316d5,0.13,,,
3427,2026-08-28,SZ002001,-0.002056564354318615,EXP_CatBoostModel_Alpha158_csi300_custom_step0_s_20260830_19,40ceb27c2b7146df8038a9670ab316d5,0.13,,,
3428,2026-08-28,SZ002353,-0.0010351290176906446,EXP_CatBoostModel_Alpha158_csi300_custom_step0_s_20260830_19,40ceb27c2b7146df8038a9670ab316d5,0.13,,,
3429,2026-08-28,SZ001965,-0.0018163055957933101,EXP_CatBoostModel_Alpha158_csi300_custom_step0_s_20260830_19,40ceb27c2b7146df8038a9670ab316d5,0.13,,,
3430,2026-08-28,SZ002371,-0.0034018896630666276,EXP_CatBoostModel_Alpha158_csi300_custom_step0_s_20260830_19,40ceb27c2b7146df8038a9670ab316d5,0.13,,,
3431,2026-08-28,SZ002415,-0.0034018896630666276,EXP_CatBoostModel_Alpha158_csi300_custom_step0_s_20260830_19,40ceb27c2b7146df8038a9670ab316d5,0.13,,,
3432,2026-08-28,SZ002714,0.0007095066392521367,EXP_CatBoostModel_Alpha158_csi300_custom_step0_s_20260830_19,40ceb27c2b7146df8038a9670ab316d5,0.13,,,
3433,2026-08-28,SZ002709,-0.0020815586335852666,EXP_CatBoostModel_Alpha158_csi300_custom_step0_s_20260830_19,40ceb27c2b7146df8038a9670ab316d5,0.13,,,
3434,2026-08-28,SZ002648,-0.0023514852709609173,EXP_CatBoostModel_Alpha158_csi300_custom_step0_s_20260830_19,40ceb27c2b7146df8038a9670ab316d5,0.13,,,
3435,2026-08-28,SZ002625,-0.0034018896630666276,EXP_CatBoostModel_Alpha158_csi300_custom_step0_s_20260830_19,40ceb27c2b7146df8038a9670ab316d5,0.13,,,
3436,2026-08-28,SZ002602,9.076882853619622e-05,EXP_CatBoostModel_Alpha158_csi300_custom_step0_s_20260830_19,40ceb27c2b7146df8038a9670ab316d5,0.13,,,
3437,2026-08-28,SZ002600,-0.0020965690534206953,EXP_CatBoostModel_Alpha158_csi300_custom_step0_s_20260830_19,40ceb27c2b7146df8038a9670ab316d5,0.13,,,
3438,2026-08-28,SZ002594,0.002856839822106948,EXP_CatBoostModel_Alpha158_csi300_custom_step0_s_20260830_19,40ceb27c2b7146df8038a9670ab316d5,0.13,,,
3439,2026-08-28,SZ002558,-0.0034018896630666276,EXP_CatBoostModel_Alpha158_csi300_custom_step0_s_20260830_19,40ceb27c2b7146df8038a9670ab316d5,0.13,,,
3440,2026-08-28,SZ002532,-0.0020815586335852666,EXP_CatBoostModel_Alpha158_csi300_custom_step0_s_20260830_19,40ceb27c2b7146df8038a9670ab316d5,0.13,,,
3441,2026-08-28,SZ002493,-0.0023514852709609173,EXP_CatBoostModel_Alpha158_csi300_custom_step0_s_20260830_19,40ceb27c2b7146df8038a9670ab316d5,0.13,,,
3442,2026-08-28,SZ002475,-0.0034018896630666276,EXP_CatBoostModel_Alpha158_csi300_custom_step0_s_20260830_19,40ceb27c2b7146df8038a9670ab316d5,0.13,,,
3443,2026-08-28,SZ002466,-0.002056564354318615,EXP_CatBoostModel_Alpha158_csi300_custom_step0_s_20260830_19,40ceb27c2b7146df8038a9670ab316d5,0.13,,,
3444,2026-08-28,SZ002463,-0.0019425622364147711,EXP_CatBoostModel_Alpha158_csi300_custom_step0_s_20260830_19,40ceb27c2b7146df8038a9670ab316d5,0.13,,,
3445,2026-08-28,SZ002460,-0.002056564354318615,EXP_CatBoostModel_Alpha158_csi300_custom_step0_s_20260830_19,40ceb27c2b7146df8038a9670ab316d5,0.13,,,
3446,2026-08-28,SZ002422,-0.0020815586335852666,EXP_CatBoostModel_Alpha158_csi300_custom_step0_s_20260830_19,40ceb27c2b7146df8038a9670ab316d5,0.13,,,
3447,2026-08-28,SZ002384,-0.0019425622364147711,EXP_CatBoostModel_Alpha158_csi300_custom_step0_s_20260830_19,40ceb27c2b7146df8038a9670ab316d5,0.13,,,
3448,2026-08-28,SZ302132,0.002048300281855914,EXP_CatBoostModel_Alpha158_csi300_custom_step0_s_20260830_19,9096a3a8a34346fb8e4f5f588bf26af6,0.008,,,
3449,2026-08-28,SH601919,-0.0023514852709609173,EXP_CatBoostModel_Alpha158_csi300_custom_step0_s_20260830_19,40ceb27c2b7146df8038a9670ab316d5,0.13,,,
3450,2026-08-28,SH601901,0.003834398553263439,EXP_CatBoostModel_Alpha158_csi300_custom_step0_s_20260830_19,40ceb27c2b7146df8038a9670ab316d5,0.13,,,
3451,2026-08-28,SH600522,-0.0019425622364147711,EXP_CatBoostModel_Alpha158_csi300_custom_step0_s_20260830_19,40ceb27c2b7146df8038a9670ab316d5,0.13,,,
3452,2026-08-28,SH600519,0.005272528659704147,EXP_CatBoostModel_Alpha158_csi300_custom_step0_s_20260830_19,40ceb27c2b7146df8038a9670ab316d5,0.13,,,
3453,2026-08-28,SH600515,-0.0028867791683807385,EXP_CatBoostModel_Alpha158_csi300_custom_step0_s_20260830_19,40ceb27c2b7146df8038a9670ab316d5,0.13,,,
3454,2026-08-28,SH600489,4.259605782254254e-05,EXP_CatBoostModel_Alpha158_csi300_custom_step0_s_20260830_19,40ceb27c2b7146df8038a9670ab316d5,0.13,,,
3455,2026-08-28,SH600482,-0.002056564354318615,EXP_CatBoostModel_Alpha158_csi300_custom_step0_s_20260830_19,40ceb27c2b7146df8038a9670ab316d5,0.13,,,
3456,2026-08-28,SH600460,-0.0019425622364147711,EXP_CatBoostModel_Alpha158_csi300_custom_step0_s_20260830_19,40ceb27c2b7146df8038a9670ab316d5,0.13,,,
3457,2026-08-28,SH600547,-0.0014497898024798644,EXP_CatBoostModel_Alpha158_csi300_custom_step0_s_20260830_19,40ceb27c2b7146df8038a9670ab316d5,0.13,,,
3458,2026-08-28,SH600438,-0.0020815586335852666,EXP_CatBoostModel_Alpha158_csi300_custom_step0_s_20260830_19,40ceb27c2b7146df8038a9670ab316d5,0.13,,,
3459,2026-08-28,SH600426,0.0013509357391845468,EXP_CatBoostModel_Alpha158_csi300_custom_step0_s_20260830_19,40ceb27c2b7146df8038a9670ab316d5,0.13,,,
3460,2026-08-28,SH600415,-0.0020815586335852666,EXP_CatBoostModel_Alpha158_csi300_custom_step0_s_20260830_19,40ceb27c2b7146df8038a9670ab316d5,0.13,,,
3461,2026-08-28,SH600406,0.0009897700968795218,EXP_CatBoostModel_Alpha158_csi300_custom_step0_s_20260830_19,40ceb27c2b7146df8038a9670ab316d5,0.13,,,
3462,2026-08-28,SH600372,0.0005607256242245036,EXP_CatBoostModel_Alpha158_csi300_custom_step0_s_20260830_19,40ceb27c2b7146df8038a9670ab316d5,0.13,,,
3463,2026-08-28,SH600362,-0.0013520171172114463,EXP_CatBoostModel_Alpha158_csi300_custom_step0_s_20260830_19,40ceb27c2b7146df8038a9670ab316d5,0.13,,,
3464,2026-08-28,SH600346,-0.0013520171172114463,EXP_CatBoostModel_Alpha158_csi300_custom_step0_s_20260830_19,40ceb27c2b7146df8038a9670ab316d5,0.13,,,
3465,2026-08-28,SH600436,-0.0013520171172114463,EXP_CatBoostModel_Alpha158_csi300_custom_step0_s_20260830_19,40ceb27c2b7146df8038a9670ab316d5,0.13,,,
3466,2026-08-28,SH600549,-0.0019425622364147711,EXP_CatBoostModel_Alpha158_csi300_custom_step0_s_20260830_19,40ceb27c2b7146df8038a9670ab316d5,0.13,,,
3467,2026-08-28,SH600570,-0.0034018896630666276,EXP_CatBoostModel_Alpha158_csi300_custom_step0_s_20260830_19,40ceb27c2b7146df8038a9670ab316d5,0.13,,,
3468,2026-08-28,SH600584,-0.0019425622364147711,EXP_CatBoostModel_Alpha158_csi300_custom_step0_s_20260830_19,40ceb27c2b7146df8038a9670ab316d5,0.13,,,
3469,2026-08-28,SH600887,-0.0008369066225255575,EXP_CatBoostModel_Alpha158_csi300_custom_step0_s_20260830_19,40ceb27c2b7146df8038a9670ab316d5,0.13,,,
3470,2026-08-28,SH600886,-4.669650756551418e-05,EXP_CatBoostModel_Alpha158_csi300_custom_step0_s_20260830_19,40ceb27c2b7146df8038a9670ab316d5,0.13,,,
3471,2026-08-28,SH600875,-0.0034018896630666276,EXP_CatBoostModel_Alpha158_csi300_custom_step0_s_20260830_19,40ceb27c2b7146df8038a9670ab316d5,0.13,,,
3472,2026-08-28,SH600845,-0.0034018896630666276,EXP_CatBoostModel_Alpha158_csi300_custom_step0_s_20260830_19,40ceb27c2b7146df8038a9670ab316d5,0.13,,,
3473,2026-08-28,SH600809,-0.0034018896630666276,EXP_CatBoostModel_Alpha158_csi300_custom_step0_s_20260830_19,40ceb27c2b7146df8038a9670ab316d5,0.13,,,
3474,2026-08-28,SH600803,0.002856839822106948,EXP_CatBoostModel_Alpha158_csi300_custom_step0_s_20260830_19,40ceb27c2b7146df8038a9670ab316d5,0.13,,,
3475,2026-08-28,SH600795,0.002856839822106948,EXP_CatBoostModel_Alpha158_csi300_custom_step0_s_20260830_19,40ceb27c2b7146df8038a9670ab316d5,0.13,,,
3476,2026-08-28,SH600760,0.0011562872855951452,EXP_CatBoostModel_Alpha158_csi300_custom_step0_s_20260830_19,40ceb27c2b7146df8038a9670ab316d5,0.13,,,
3477,2026-08-28,SH600741,0.00023356695006187102,EXP_CatBoostModel_Alpha158_csi300_custom_step0_s_20260830_19,40ceb27c2b7146df8038a9670ab316d5,0.13,,,
3478,2026-08-28,SH600690,0.002856839822106948,EXP_CatBoostModel_Alpha158_csi300_custom_step0_s_20260830_19,40ceb27c2b7146df8038a9670ab316d5,0.13,,,
3479,2026-08-28,SH600674,0.002856839822106948,EXP_CatBoostModel_Alpha158_csi300_custom_step0_s_20260830_19,40ceb27c2b7146df8038a9670ab316d5,0.13,,,
3480,2026-08-28,SH600660,0.002856839822106948,EXP_CatBoostModel_Alpha158_csi300_custom_step0_s_20260830_19,40ceb27c2b7146df8038a9670ab316d5,0.13,,,
3481,2026-08-28,SH600600,-0.002056564354318615,EXP_CatBoostModel_Alpha158_csi300_custom_step0_s_20260830_19,40ceb27c2b7146df8038a9670ab316d5,0.13,,,
3482,2026-08-28,SH600588,-0.0010078083342831673,EXP_CatBoostModel_Alpha158_csi300_custom_step0_s_20260830_19,40ceb27c2b7146df8038a9670ab316d5,0.13,,,
3483,2026-08-28,SH600585,0.005746455047581993,EXP_CatBoostModel_Alpha158_csi300_custom_step0_s_20260830_19,40ceb27c2b7146df8038a9670ab316d5,0.13,,,
3484,2026-08-28,SH600309,0.00220380383106761,EXP_CatBoostModel_Alpha158_csi300_custom_step0_s_20260830_19,40ceb27c2b7146df8038a9670ab316d5,0.13,,,
3485,2026-08-28,SH600276,-0.0013520171172114463,EXP_CatBoostModel_Alpha158_csi300_custom_step0_s_20260830_19,40ceb27c2b7146df8038a9670ab316d5,0.13,,,
3486,2026-08-28,SH600233,-0.0020815586335852666,EXP_CatBoostModel_Alpha158_csi300_custom_step0_s_20260830_19,40ceb27c2b7146df8038a9670ab316d5,0.13,,,
3487,2026-08-28,SH600221,0.0022892913224089083,EXP_CatBoostModel_Alpha158_csi300_custom_step0_s_20260830_19,40ceb27c2b7146df8038a9670ab316d5,0.13,,,
3488,2026-08-28,SH600031,-0.0013520171172114463,EXP_CatBoostModel_Alpha158_csi300_custom_step0_s_20260830_19,40ceb27c2b7146df8038a9670ab316d5,0.13,,,
3489,2026-08-28,SH600030,0.0036397354423319426,EXP_CatBoostModel_Alpha158_csi300_custom_step0_s_20260830_19,40ceb27c2b7146df8038a9670ab316d5,0.13,,,
3490,2026-08-28,SH600029,0.002871411270499423,EXP_CatBoostModel_Alpha158_csi300_custom_step0_s_20260830_19,40ceb27c2b7146df8038a9670ab316d5,0.13,,,
3491,2026-08-28,SH600028,0.0013509357391845468,EXP_CatBoostModel_Alpha158_csi300_custom_step0_s_20260830_19,40ceb27c2b7146df8038a9670ab316d5,0.13,,,
3492,2026-08-28,SH600027,0.0005607256242245036,EXP_CatBoostModel_Alpha158_csi300_custom_step0_s_20260830_19,40ceb27c2b7146df8038a9670ab316d5,0.13,,,
3493,2026-08-28,SH600026,-0.0013520171172114463,EXP_CatBoostModel_Alpha158_csi300_custom_step0_s_20260830_19,40ceb27c2b7146df8038a9670ab316d5,0.13,,,
3494,2026-08-28,SH600025,0.005272528659704147,EXP_CatBoostModel_Alpha158_csi300_custom_step0_s_20260830_19,40ceb27c2b7146df8038a9670ab316d5,0.13,,,
3495,2026-08-28,SH600023,0.002856839822106948,EXP_CatBoostModel_Alpha158_csi300_custom_step0_s_20260830_19,40ceb27c2b7146df8038a9670ab316d5,0.13,,,
3496,2026-08-28,SH600019,0.0031371032797343334,EXP_CatBoostModel_Alpha158_csi300_custom_step0_s_20260830_19,40ceb27c2b7146df8038a9670ab316d5,0.13,,,
3497,2026-08-28,SH600018,0.006156329663151201,EXP_CatBoostModel_Alpha158_csi300_custom_step0_s_20260830_19,40ceb27c2b7146df8038a9670ab316d5,0.13,,,
3498,2026-08-28,SH600016,0.005552792117331532,EXP_CatBoostModel_Alpha158_csi300_custom_step0_s_20260830_19,40ceb27c2b7146df8038a9670ab316d5,0.13,,,
3499,2026-08-28,SH600015,0.002468941498174147,EXP_CatBoostModel_Alpha158_csi300_custom_step0_s_20260830_19,40ceb27c2b7146df8038a9670ab316d5,0.13,,,
3500,2026-08-28,SH600011,-0.002056564354318615,EXP_CatBoostModel_Alpha158_csi300_custom_step0_s_20260830_19,40ceb27c2b7146df8038a9670ab316d5,0.13,,,
3501,2026-08-28,SH600010,0.003498268922039358,EXP_CatBoostModel_Alpha158_csi300_custom_step0_s_20260830_19,40ceb27c2b7146df8038a9670ab316d5,0.13,,,
3502,2026-08-28,SH600009,0.0031371032797343334,EXP_CatBoostModel_Alpha158_csi300_custom_step0_s_20260830_19,40ceb27c2b7146df8038a9670ab316d5,0.13,,,
3503,2026-08-28,SH600036,0.002856839822106948,EXP_CatBoostModel_Alpha158_csi300_custom_step0_s_20260830_19,40ceb27c2b7146df8038a9670ab316d5,0.13,,,
3504,2026-08-28,SH600893,0.0019169040589891414,EXP_CatBoostModel_Alpha158_csi300_custom_step0_s_20260830_19,40ceb27c2b7146df8038a9670ab316d5,0.13,,,
3505,2026-08-28,SH600039,0.003498268922039358,EXP_CatBoostModel_Alpha158_csi300_custom_step0_s_20260830_19,40ceb27c2b7146df8038a9670ab316d5,0.13,,,
3506,2026-08-28,SH600050,0.005552792117331532,EXP_CatBoostModel_Alpha158_csi300_custom_step0_s_20260830_19,40ceb27c2b7146df8038a9670ab316d5,0.13,,,
3507,2026-08-28,SH600219,-0.0013520171172114463,EXP_CatBoostModel_Alpha158_csi300_custom_step0_s_20260830_19,40ceb27c2b7146df8038a9670ab316d5,0.13,,,
3508,2026-08-28,SH600196,-0.0020815586335852666,EXP_CatBoostModel_Alpha158_csi300_custom_step0_s_20260830_19,40ceb27c2b7146df8038a9670ab316d5,0.13,,,
3509,2026-08-28,SH600188,-0.002942030390164242,EXP_CatBoostModel_Alpha158_csi300_custom_step0_s_20260830_19,40ceb27c2b7146df8038a9670ab316d5,0.13,,,
3510,2026-08-28,SH600183,0.0004515190923686888,EXP_CatBoostModel_Alpha158_csi300_custom_step0_s_20260830_19,40ceb27c2b7146df8038a9670ab316d5,0.13,,,
3511,2026-08-28,SH600176,-0.0019425622364147711,EXP_CatBoostModel_Alpha158_csi300_custom_step0_s_20260830_19,40ceb27c2b7146df8038a9670ab316d5,0.13,,,
3512,2026-08-28,SH600160,-0.0034018896630666276,EXP_CatBoostModel_Alpha158_csi300_custom_step0_s_20260830_19,40ceb27c2b7146df8038a9670ab316d5,0.13,,,
3513,2026-08-28,SH600150,0.0036397354423319426,EXP_CatBoostModel_Alpha158_csi300_custom_step0_s_20260830_19,40ceb27c2b7146df8038a9670ab316d5,0.13,,,
3514,2026-08-28,SH600118,-0.0020815586335852666,EXP_CatBoostModel_Alpha158_csi300_custom_step0_s_20260830_19,40ceb27c2b7146df8038a9670ab316d5,0.13,,,
3515,2026-08-28,SH600115,-0.0020965690534206953,EXP_CatBoostModel_Alpha158_csi300_custom_step0_s_20260830_19,40ceb27c2b7146df8038a9670ab316d5,0.13,,,
3516,2026-08-28,SH600111,-0.0034018896630666276,EXP_CatBoostModel_Alpha158_csi300_custom_step0_s_20260830_19,40ceb27c2b7146df8038a9670ab316d5,0.13,,,
3517,2026-08-28,SH600104,-0.0020965690534206953,EXP_CatBoostModel_Alpha158_csi300_custom_step0_s_20260830_19,40ceb27c2b7146df8038a9670ab316d5,0.13,,,
3518,2026-08-28,SH600089,-0.0034018896630666276,EXP_CatBoostModel_Alpha158_csi300_custom_step0_s_20260830_19,40ceb27c2b7146df8038a9670ab316d5,0.13,,,
3519,2026-08-28,SH600085,-0.0013520171172114463,EXP_CatBoostModel_Alpha158_csi300_custom_step0_s_20260830_19,40ceb27c2b7146df8038a9670ab316d5,0.13,,,
3520,2026-08-28,SH600066,-0.0013520171172114463,EXP_CatBoostModel_Alpha158_csi300_custom_step0_s_20260830_19,40ceb27c2b7146df8038a9670ab316d5,0.13,,,
3521,2026-08-28,SH600061,0.006802675247112517,EXP_CatBoostModel_Alpha158_csi300_custom_step0_s_20260830_19,40ceb27c2b7146df8038a9670ab316d5,0.13,,,
3522,2026-08-28,SH600048,0.003498268922039358,EXP_CatBoostModel_Alpha158_csi300_custom_step0_s_20260830_19,40ceb27c2b7146df8038a9670ab316d5,0.13,,,
3523,2026-08-28,SH601916,0.005552792117331532,EXP_CatBoostModel_Alpha158_csi300_custom_step0_s_20260830_19,40ceb27c2b7146df8038a9670ab316d5,0.13,,,
3524,2026-08-28,SH600900,0.005272528659704147,EXP_CatBoostModel_Alpha158_csi300_custom_step0_s_20260830_19,40ceb27c2b7146df8038a9670ab316d5,0.13,,,
3525,2026-08-28,SH600918,0.006802675247112517,EXP_CatBoostModel_Alpha158_csi300_custom_step0_s_20260830_19,40ceb27c2b7146df8038a9670ab316d5,0.13,,,
3526,2026-08-28,SH601689,-0.0034018896630666276,EXP_CatBoostModel_Alpha158_csi300_custom_step0_s_20260830_19,40ceb27c2b7146df8038a9670ab316d5,0.13,,,
3527,2026-08-28,SH601688,0.0019169040589891414,EXP_CatBoostModel_Alpha158_csi300_custom_step0_s_20260830_19,40ceb27c2b7146df8038a9670ab316d5,0.13,,,
3528,2026-08-28,SH601669,0.0009897700968795218,EXP_CatBoostModel_Alpha158_csi300_custom_step0_s_20260830_19,40ceb27c2b7146df8038a9670ab316d5,0.13,,,
3529,2026-08-28,SH601668,0.00023356695006187102,EXP_CatBoostModel_Alpha158_csi300_custom_step0_s_20260830_19,40ceb27c2b7146df8038a9670ab316d5,0.13,,,
3530,2026-08-28,SH601658,0.0031371032797343334,EXP_CatBoostModel_Alpha158_csi300_custom_step0_s_20260830_19,40ceb27c2b7146df8038a9670ab316d5,0.13,,,
3531,2026-08-28,SH601633,-0.002056564354318615,EXP_CatBoostModel_Alpha158_csi300_custom_step0_s_20260830_19,40ceb27c2b7146df8038a9670ab316d5,0.13,,,
3532,2026-08-28,SH601698,-0.0020815586335852666,EXP_CatBoostModel_Alpha158_csi300_custom_step0_s_20260830_19,40ceb27c2b7146df8038a9670ab316d5,0.13,,,
3533,2026-08-28,SH601628,0.0007953160656433649,EXP_CatBoostModel_Alpha158_csi300_custom_step0_s_20260830_19,40ceb27c2b7146df8038a9670ab316d5,0.13,,,
3534,2026-08-28,SH601607,0.005552792117331532,EXP_CatBoostModel_Alpha158_csi300_custom_step0_s_20260830_19,40ceb27c2b7146df8038a9670ab316d5,0.13,,,
3535,2026-08-28,SH601601,-0.0020815586335852666,EXP_CatBoostModel_Alpha158_csi300_custom_step0_s_20260830_19,40ceb27c2b7146df8038a9670ab316d5,0.13,,,
3536,2026-08-28,SH601600,0.0007095066392521367,EXP_CatBoostModel_Alpha158_csi300_custom_step0_s_20260830_19,40ceb27c2b7146df8038a9670ab316d5,0.13,,,
3537,2026-08-28,SH601456,0.0018009376979119948,EXP_CatBoostModel_Alpha158_csi300_custom_step0_s_20260830_19,40ceb27c2b7146df8038a9670ab316d5,0.13,,,
3538,2026-08-28,SH601398,0.002957692764794772,EXP_CatBoostModel_Alpha158_csi300_custom_step0_s_20260830_19,40ceb27c2b7146df8038a9670ab316d5,0.13,,,
3539,2026-08-28,SH601390,0.0031371032797343334,EXP_CatBoostModel_Alpha158_csi300_custom_step0_s_20260830_19,40ceb27c2b7146df8038a9670ab316d5,0.13,,,
3540,2026-08-28,SH601618,0.002066629707146905,EXP_CatBoostModel_Alpha158_csi300_custom_step0_s_20260830_19,40ceb27c2b7146df8038a9670ab316d5,0.13,,,
3541,2026-08-28,SH601727,-0.0020965690534206953,EXP_CatBoostModel_Alpha158_csi300_custom_step0_s_20260830_19,40ceb27c2b7146df8038a9670ab316d5,0.13,,,
3542,2026-08-28,SH601728,-4.669650756551418e-05,EXP_CatBoostModel_Alpha158_csi300_custom_step0_s_20260830_19,40ceb27c2b7146df8038a9670ab316d5,0.13,,,
3543,2026-08-28,SH601766,0.006829356235086445,EXP_CatBoostModel_Alpha158_csi300_custom_step0_s_20260830_19,40ceb27c2b7146df8038a9670ab316d5,0.13,,,
3544,2026-08-28,SH601899,-0.0023514852709609173,EXP_CatBoostModel_Alpha158_csi300_custom_step0_s_20260830_19,40ceb27c2b7146df8038a9670ab316d5,0.13,,,
3545,2026-08-28,SH601898,-0.002056564354318615,EXP_CatBoostModel_Alpha158_csi300_custom_step0_s_20260830_19,40ceb27c2b7146df8038a9670ab316d5,0.13,,,
3546,2026-08-28,SH601888,-0.0034018896630666276,EXP_CatBoostModel_Alpha158_csi300_custom_step0_s_20260830_19,40ceb27c2b7146df8038a9670ab316d5,0.13,,,
3547,2026-08-28,SH601881,0.0031371032797343334,EXP_CatBoostModel_Alpha158_csi300_custom_step0_s_20260830_19,40ceb27c2b7146df8038a9670ab316d5,0.13,,,
3548,2026-08-28,SH601878,0.0037642790066098396,EXP_CatBoostModel_Alpha158_csi300_custom_step0_s_20260830_19,40ceb27c2b7146df8038a9670ab316d5,0.13,,,
3549,2026-08-28,SH601877,-0.0007762380239393343,EXP_CatBoostModel_Alpha158_csi300_custom_step0_s_20260830_19,40ceb27c2b7146df8038a9670ab316d5,0.13,,,
3550,2026-08-28,SH601872,-0.0023514852709609173,EXP_CatBoostModel_Alpha158_csi300_custom_step0_s_20260830_19,40ceb27c2b7146df8038a9670ab316d5,0.13,,,
3551,2026-08-28,SH601868,0.0033317663906658294,EXP_CatBoostModel_Alpha158_csi300_custom_step0_s_20260830_19,40ceb27c2b7146df8038a9670ab316d5,0.13,,,
3552,2026-08-28,SH601857,0.0007095066392521367,EXP_CatBoostModel_Alpha158_csi300_custom_step0_s_20260830_19,40ceb27c2b7146df8038a9670ab316d5,0.13,,,
3553,2026-08-28,SH601838,0.006931161178102529,EXP_CatBoostModel_Alpha158_csi300_custom_step0_s_20260830_19,40ceb27c2b7146df8038a9670ab316d5,0.13,,,
3554,2026-08-28,SH601825,-0.0013520171172114463,EXP_CatBoostModel_Alpha158_csi300_custom_step0_s_20260830_19,40ceb27c2b7146df8038a9670ab316d5,0.13,,,
3555,2026-08-28,SH601818,0.0031371032797343334,EXP_CatBoostModel_Alpha158_csi300_custom_step0_s_20260830_19,40ceb27c2b7146df8038a9670ab316d5,0.13,,,
3556,2026-08-28,SH601816,0.005272528659704147,EXP_CatBoostModel_Alpha158_csi300_custom_step0_s_20260830_19,40ceb27c2b7146df8038a9670ab316d5,0.13,,,
3557,2026-08-28,SH601800,-0.00047098028704529765,EXP_CatBoostModel_Alpha158_csi300_custom_step0_s_20260830_19,40ceb27c2b7146df8038a9670ab316d5,0.13,,,
3558,2026-08-28,SH601788,0.005337384741794878,EXP_CatBoostModel_Alpha158_csi300_custom_step0_s_20260830_19,40ceb27c2b7146df8038a9670ab316d5,0.13,,,
3559,2026-08-28,SH601377,0.003834398553263439,EXP_CatBoostModel_Alpha158_csi300_custom_step0_s_20260830_19,40ceb27c2b7146df8038a9670ab316d5,0.13,,,
3560,2026-08-28,SH601360,0.0036723542182814,EXP_CatBoostModel_Alpha158_csi300_custom_step0_s_20260830_19,40ceb27c2b7146df8038a9670ab316d5,0.13,,,
3561,2026-08-28,SH601336,0.0043488228008319325,EXP_CatBoostModel_Alpha158_csi300_custom_step0_s_20260830_19,40ceb27c2b7146df8038a9670ab316d5,0.13,,,
3562,2026-08-28,SH601328,0.002856839822106948,EXP_CatBoostModel_Alpha158_csi300_custom_step0_s_20260830_19,40ceb27c2b7146df8038a9670ab316d5,0.13,,,
3563,2026-08-28,SH601059,0.007163519972247822,EXP_CatBoostModel_Alpha158_csi300_custom_step0_s_20260830_19,40ceb27c2b7146df8038a9670ab316d5,0.13,,,
3564,2026-08-28,SH601058,0.013108330806400526,EXP_CatBoostModel_Alpha158_csi300_custom_step0_s_20260830_19,40ceb27c2b7146df8038a9670ab316d5,0.13,,,
3565,2026-08-28,SH601021,0.0009897700968795218,EXP_CatBoostModel_Alpha158_csi300_custom_step0_s_20260830_19,40ceb27c2b7146df8038a9670ab316d5,0.13,,,
3566,2026-08-28,SH601018,0.006658474001132404,EXP_CatBoostModel_Alpha158_csi300_custom_step0_s_20260830_19,40ceb27c2b7146df8038a9670ab316d5,0.13,,,
3567,2026-08-28,SH601012,-0.0034018896630666276,EXP_CatBoostModel_Alpha158_csi300_custom_step0_s_20260830_19,40ceb27c2b7146df8038a9670ab316d5,0.13,,,
3568,2026-08-28,SH601009,0.0007095066392521367,EXP_CatBoostModel_Alpha158_csi300_custom_step0_s_20260830_19,40ceb27c2b7146df8038a9670ab316d5,0.13,,,
3569,2026-08-28,SH601006,0.010179212974072257,EXP_CatBoostModel_Alpha158_csi300_custom_step0_s_20260830_19,40ceb27c2b7146df8038a9670ab316d5,0.13,,,
3570,2026-08-28,SH600999,0.003336226786538918,EXP_CatBoostModel_Alpha158_csi300_custom_step0_s_20260830_19,40ceb27c2b7146df8038a9670ab316d5,0.13,,,
3571,2026-08-28,SH600989,0.004682975052559894,EXP_CatBoostModel_Alpha158_csi300_custom_step0_s_20260830_19,40ceb27c2b7146df8038a9670ab316d5,0.13,,,
3572,2026-08-28,SH600958,0.005465870672784888,EXP_CatBoostModel_Alpha158_csi300_custom_step0_s_20260830_19,40ceb27c2b7146df8038a9670ab316d5,0.13,,,
3573,2026-08-28,SH600941,0.002856839822106948,EXP_CatBoostModel_Alpha158_csi300_custom_step0_s_20260830_19,40ceb27c2b7146df8038a9670ab316d5,0.13,,,
3574,2026-08-28,SH600938,-0.0013520171172114463,EXP_CatBoostModel_Alpha158_csi300_custom_step0_s_20260830_19,40ceb27c2b7146df8038a9670ab316d5,0.13,,,
3575,2026-08-28,SH600930,-0.002056564354318615,EXP_CatBoostModel_Alpha158_csi300_custom_step0_s_20260830_19,40ceb27c2b7146df8038a9670ab316d5,0.13,,,
3576,2026-08-28,SH600926,0.005105025947649583,EXP_CatBoostModel_Alpha158_csi300_custom_step0_s_20260830_19,40ceb27c2b7146df8038a9670ab316d5,0.13,,,
3577,2026-08-28,SH600919,0.005105025947649583,EXP_CatBoostModel_Alpha158_csi300_custom_step0_s_20260830_19,40ceb27c2b7146df8038a9670ab316d5,0.13,,,
3578,2026-08-28,SH601066,0.002856839822106948,EXP_CatBoostModel_Alpha158_csi300_custom_step0_s_20260830_19,40ceb27c2b7146df8038a9670ab316d5,0.13,,,
3579,2026-08-28,SH600905,0.0022892913224089083,EXP_CatBoostModel_Alpha158_csi300_custom_step0_s_20260830_19,40ceb27c2b7146df8038a9670ab316d5,0.13,,,
3580,2026-08-28,SH601077,0.0009897700968795218,EXP_CatBoostModel_Alpha158_csi300_custom_step0_s_20260830_19,40ceb27c2b7146df8038a9670ab316d5,0.13,,,
3581,2026-08-28,SH601100,-0.0020965690534206953,EXP_CatBoostModel_Alpha158_csi300_custom_step0_s_20260830_19,40ceb27c2b7146df8038a9670ab316d5,0.13,,,
3582,2026-08-28,SH601319,0.002380900132916682,EXP_CatBoostModel_Alpha158_csi300_custom_step0_s_20260830_19,40ceb27c2b7146df8038a9670ab316d5,0.13,,,
3583,2026-08-28,SH601318,0.0007095066392521367,EXP_CatBoostModel_Alpha158_csi300_custom_step0_s_20260830_19,40ceb27c2b7146df8038a9670ab316d5,0.13,,,
3584,2026-08-28,SH601288,-0.0020815586335852666,EXP_CatBoostModel_Alpha158_csi300_custom_step0_s_20260830_19,40ceb27c2b7146df8038a9670ab316d5,0.13,,,
3585,2026-08-28,SH601238,-0.0007762380239393343,EXP_CatBoostModel_Alpha158_csi300_custom_step0_s_20260830_19,40ceb27c2b7146df8038a9670ab316d5,0.13,,,
3586,2026-08-28,SH601229,-0.001235255223486539,EXP_CatBoostModel_Alpha158_csi300_custom_step0_s_20260830_19,40ceb27c2b7146df8038a9670ab316d5,0.13,,,
3587,2026-08-28,SH601225,-0.0013520171172114463,EXP_CatBoostModel_Alpha158_csi300_custom_step0_s_20260830_19,40ceb27c2b7146df8038a9670ab316d5,0.13,,,
3588,2026-08-28,SH601211,0.0007953160656433649,EXP_CatBoostModel_Alpha158_csi300_custom_step0_s_20260830_19,40ceb27c2b7146df8038a9670ab316d5,0.13,,,
3589,2026-08-28,SH601186,0.0031371032797343334,EXP_CatBoostModel_Alpha158_csi300_custom_step0_s_20260830_19,40ceb27c2b7146df8038a9670ab316d5,0.13,,,
3590,2026-08-28,SH601169,0.0031371032797343334,EXP_CatBoostModel_Alpha158_csi300_custom_step0_s_20260830_19,40ceb27c2b7146df8038a9670ab316d5,0.13,,,
3591,2026-08-28,SH601166,0.004022389551656968,EXP_CatBoostModel_Alpha158_csi300_custom_step0_s_20260830_19,40ceb27c2b7146df8038a9670ab316d5,0.13,,,
3592,2026-08-28,SH601138,-0.0019425622364147711,EXP_CatBoostModel_Alpha158_csi300_custom_step0_s_20260830_19,40ceb27c2b7146df8038a9670ab316d5,0.13,,,
3593,2026-08-28,SH601136,-0.0028867791683807385,EXP_CatBoostModel_Alpha158_csi300_custom_step0_s_20260830_19,40ceb27c2b7146df8038a9670ab316d5,0.13,,,
3594,2026-08-28,SH601127,-0.002056564354318615,EXP_CatBoostModel_Alpha158_csi300_custom_step0_s_20260830_19,40ceb27c2b7146df8038a9670ab316d5,0.13,,,
3595,2026-08-28,SH601117,0.011224875543483892,EXP_CatBoostModel_Alpha158_csi300_custom_step0_s_20260830_19,40ceb27c2b7146df8038a9670ab316d5,0.13,,,
3596,2026-08-28,SH601111,0.0009897700968795218,EXP_CatBoostModel_Alpha158_csi300_custom_step0_s_20260830_19,40ceb27c2b7146df8038a9670ab316d5,0.13,,,
3597,2026-08-28,SH601088,-0.0020965690534206953,EXP_CatBoostModel_Alpha158_csi300_custom_step0_s_20260830_19,40ceb27c2b7146df8038a9670ab316d5,0.13,,,
3598,2026-08-28,SZ301308,-0.002202838428242249,EXP_LGBModel_Alpha158_csi300_custom_step0_s_20260830_19,0961dae3124f44f798c46096d89bc448,0.078,,,
3599,2026-08-28,SZ302132,-7.948755898909753e-11,EXP_LGBModel_Alpha158_csi300_custom_step0_s_20260830_19,0961dae3124f44f798c46096d89bc448,0.078,,,
3600,2026-08-28,SH600000,0.0022672931148470573,EXP_LGBModel_Alpha158_csi300_custom_step0_s_20260830_19,db993a4dd6044e6cbc111641ee74e6ff,0.091,,,
3601,2026-08-28,SZ000617,-0.0366640535505296,EXP_DEnsembleModel_Alpha158_csi300_custom_step0_s_20260830_16,23d2d9e9bc3147ffae52d44c8b9ac579,0.058,,,
3602,2026-08-28,SZ000596,-0.1099674081983616,EXP_DEnsembleModel_Alpha158_csi300_custom_step0_s_20260830_16,23d2d9e9bc3147ffae52d44c8b9ac579,0.058,,,
3603,2026-08-28,SZ000568,0.004463333681157367,EXP_DEnsembleModel_Alpha158_csi300_custom_step0_s_20260830_16,23d2d9e9bc3147ffae52d44c8b9ac579,0.058,,,
3604,2026-08-28,SZ000538,0.09155962581787942,EXP_DEnsembleModel_Alpha158_csi300_custom_step0_s_20260830_16,23d2d9e9bc3147ffae52d44c8b9ac579,0.058,,,
3605,2026-08-28,SZ000425,0.019287074897695346,EXP_DEnsembleModel_Alpha158_csi300_custom_step0_s_20260830_16,23d2d9e9bc3147ffae52d44c8b9ac579,0.058,,,
3606,2026-08-28,SZ000408,-0.05738452939362602,EXP_DEnsembleModel_Alpha158_csi300_custom_step0_s_20260830_16,23d2d9e9bc3147ffae52d44c8b9ac579,0.058,,,
3607,2026-08-28,SZ000625,0.018264077526968594,EXP_DEnsembleModel_Alpha158_csi300_custom_step0_s_20260830_16,23d2d9e9bc3147ffae52d44c8b9ac579,0.058,,,
3608,2026-08-28,SZ000338,-0.03343887163914681,EXP_DEnsembleModel_Alpha158_csi300_custom_step0_s_20260830_16,23d2d9e9bc3147ffae52d44c8b9ac579,0.058,,,
3609,2026-08-28,SZ000301,-0.0065168152588353885,EXP_DEnsembleModel_Alpha158_csi300_custom_step0_s_20260830_16,23d2d9e9bc3147ffae52d44c8b9ac579,0.058,,,
3610,2026-08-28,SZ000166,0.10176082442189985,EXP_DEnsembleModel_Alpha158_csi300_custom_step0_s_20260830_16,23d2d9e9bc3147ffae52d44c8b9ac579,0.058,,,
3611,2026-08-28,SZ000157,-0.01771712109531464,EXP_DEnsembleModel_Alpha158_csi300_custom_step0_s_20260830_16,23d2d9e9bc3147ffae52d44c8b9ac579,0.058,,,
3612,2026-08-28,SZ000100,-0.04643463721095114,EXP_DEnsembleModel_Alpha158_csi300_custom_step0_s_20260830_16,23d2d9e9bc3147ffae52d44c8b9ac579,0.058,,,
3613,2026-08-28,SZ000063,-0.07190973105197737,EXP_DEnsembleModel_Alpha158_csi300_custom_step0_s_20260830_16,23d2d9e9bc3147ffae52d44c8b9ac579,0.058,,,
3614,2026-08-28,SZ000002,-0.017558913207437868,EXP_DEnsembleModel_Alpha158_csi300_custom_step0_s_20260830_16,23d2d9e9bc3147ffae52d44c8b9ac579,0.058,,,
3615,2026-08-28,SZ000333,0.01816267955944265,EXP_DEnsembleModel_Alpha158_csi300_custom_step0_s_20260830_16,23d2d9e9bc3147ffae52d44c8b9ac579,0.058,,,
3616,2026-08-28,SZ000630,-0.14150717619044897,EXP_DEnsembleModel_Alpha158_csi300_custom_step0_s_20260830_16,23d2d9e9bc3147ffae52d44c8b9ac579,0.058,,,
3617,2026-08-28,SZ000651,0.1387612644093208,EXP_DEnsembleModel_Alpha158_csi300_custom_step0_s_20260830_16,23d2d9e9bc3147ffae52d44c8b9ac579,0.058,,,
3618,2026-08-28,SZ000657,-0.042373303310586995,EXP_DEnsembleModel_Alpha158_csi300_custom_step0_s_20260830_16,23d2d9e9bc3147ffae52d44c8b9ac579,0.058,,,
3619,2026-08-28,SZ001280,-0.053561992771524826,EXP_DEnsembleModel_Alpha158_csi300_custom_step0_s_20260830_16,23d2d9e9bc3147ffae52d44c8b9ac579,0.058,,,
3620,2026-08-28,SZ000999,0.11515554783158796,EXP_DEnsembleModel_Alpha158_csi300_custom_step0_s_20260830_16,23d2d9e9bc3147ffae52d44c8b9ac579,0.058,,,
3621,2026-08-28,SZ000988,0.03585775858058927,EXP_DEnsembleModel_Alpha158_csi300_custom_step0_s_20260830_16,23d2d9e9bc3147ffae52d44c8b9ac579,0.058,,,
3622,2026-08-28,SZ000977,-0.12665627587116154,EXP_DEnsembleModel_Alpha158_csi300_custom_step0_s_20260830_16,23d2d9e9bc3147ffae52d44c8b9ac579,0.058,,,
3623,2026-08-28,SZ000975,-0.04440257739087016,EXP_DEnsembleModel_Alpha158_csi300_custom_step0_s_20260830_16,23d2d9e9bc3147ffae52d44c8b9ac579,0.058,,,
3624,2026-08-28,SZ000963,-0.0421571172013772,EXP_DEnsembleModel_Alpha158_csi300_custom_step0_s_20260830_16,23d2d9e9bc3147ffae52d44c8b9ac579,0.058,,,
3625,2026-08-28,SZ000938,-0.15723970391857472,EXP_DEnsembleModel_Alpha158_csi300_custom_step0_s_20260830_16,23d2d9e9bc3147ffae52d44c8b9ac579,0.058,,,
3626,2026-08-28,SZ000895,0.11595727314493721,EXP_DEnsembleModel_Alpha158_csi300_custom_step0_s_20260830_16,23d2d9e9bc3147ffae52d44c8b9ac579,0.058,,,
3627,2026-08-28,SZ000858,-0.0035651757618630204,EXP_DEnsembleModel_Alpha158_csi300_custom_step0_s_20260830_16,23d2d9e9bc3147ffae52d44c8b9ac579,0.058,,,
3628,2026-08-28,SZ000807,-0.07424123544222062,EXP_DEnsembleModel_Alpha158_csi300_custom_step0_s_20260830_16,23d2d9e9bc3147ffae52d44c8b9ac579,0.058,,,
3629,2026-08-28,SZ000792,-0.0978182399123267,EXP_DEnsembleModel_Alpha158_csi300_custom_step0_s_20260830_16,23d2d9e9bc3147ffae52d44c8b9ac579,0.058,,,
3630,2026-08-28,SZ000776,0.030871923816046153,EXP_DEnsembleModel_Alpha158_csi300_custom_step0_s_20260830_16,23d2d9e9bc3147ffae52d44c8b9ac579,0.058,,,
3631,2026-08-28,SZ000768,0.06894139955825389,EXP_DEnsembleModel_Alpha158_csi300_custom_step0_s_20260830_16,23d2d9e9bc3147ffae52d44c8b9ac579,0.058,,,
3632,2026-08-28,SZ000725,-0.08682240820231958,EXP_DEnsembleModel_Alpha158_csi300_custom_step0_s_20260830_16,23d2d9e9bc3147ffae52d44c8b9ac579,0.058,,,
3633,2026-08-28,SZ000708,0.012218431163231635,EXP_DEnsembleModel_Alpha158_csi300_custom_step0_s_20260830_16,23d2d9e9bc3147ffae52d44c8b9ac579,0.058,,,
3634,2026-08-28,SZ000001,0.09748650401458912,EXP_DEnsembleModel_Alpha158_csi300_custom_step0_s_20260830_16,23d2d9e9bc3147ffae52d44c8b9ac579,0.058,,,
3635,2026-08-28,SH688981,-0.08095044779751397,EXP_DEnsembleModel_Alpha158_csi300_custom_step0_s_20260830_16,23d2d9e9bc3147ffae52d44c8b9ac579,0.058,,,
3636,2026-08-28,SH688521,0.10934783914300492,EXP_DEnsembleModel_Alpha158_csi300_custom_step0_s_20260830_16,23d2d9e9bc3147ffae52d44c8b9ac579,0.058,,,
3637,2026-08-28,SH688506,0.02263573256047468,EXP_DEnsembleModel_Alpha158_csi300_custom_step0_s_20260830_16,23d2d9e9bc3147ffae52d44c8b9ac579,0.058,,,
3638,2026-08-28,SH603993,-0.1491225036054941,EXP_DEnsembleModel_Alpha158_csi300_custom_step0_s_20260830_16,23d2d9e9bc3147ffae52d44c8b9ac579,0.058,,,
3639,2026-08-28,SH603986,0.046443585332359906,EXP_DEnsembleModel_Alpha158_csi300_custom_step0_s_20260830_16,23d2d9e9bc3147ffae52d44c8b9ac579,0.058,,,
3640,2026-08-28,SH603893,-0.019011539071938695,EXP_DEnsembleModel_Alpha158_csi300_custom_step0_s_20260830_16,23d2d9e9bc3147ffae52d44c8b9ac579,0.058,,,
3641,2026-08-28,SH603799,-0.05258734349804867,EXP_DEnsembleModel_Alpha158_csi300_custom_step0_s_20260830_16,23d2d9e9bc3147ffae52d44c8b9ac579,0.058,,,
3642,2026-08-28,SH603501,-0.09474290442785788,EXP_DEnsembleModel_Alpha158_csi300_custom_step0_s_20260830_16,23d2d9e9bc3147ffae52d44c8b9ac579,0.058,,,
3643,2026-08-28,SH603392,-0.08716056220443003,EXP_DEnsembleModel_Alpha158_csi300_custom_step0_s_20260830_16,23d2d9e9bc3147ffae52d44c8b9ac579,0.058,,,
3644,2026-08-28,SH603369,-0.10932569572265759,EXP_DEnsembleModel_Alpha158_csi300_custom_step0_s_20260830_16,23d2d9e9bc3147ffae52d44c8b9ac579,0.058,,,
3645,2026-08-28,SH603296,-0.1775426863167297,EXP_DEnsembleModel_Alpha158_csi300_custom_step0_s_20260830_16,23d2d9e9bc3147ffae52d44c8b9ac579,0.058,,,
3646,2026-08-28,SH603288,0.09703797868633782,EXP_DEnsembleModel_Alpha158_csi300_custom_step0_s_20260830_16,23d2d9e9bc3147ffae52d44c8b9ac579,0.058,,,
3647,2026-08-28,SH603260,-0.04048330082165474,EXP_DEnsembleModel_Alpha158_csi300_custom_step0_s_20260830_16,23d2d9e9bc3147ffae52d44c8b9ac579,0.058,,,
3648,2026-08-28,SH603259,-0.1871692548064041,EXP_DEnsembleModel_Alpha158_csi300_custom_step0_s_20260830_16,23d2d9e9bc3147ffae52d44c8b9ac579,0.058,,,
3649,2026-08-28,SH603019,-0.05221878456487375,EXP_DEnsembleModel_Alpha158_csi300_custom_step0_s_20260830_16,23d2d9e9bc3147ffae52d44c8b9ac579,0.058,,,
3650,2026-08-28,SH601998,-0.04596726401410362,EXP_DEnsembleModel_Alpha158_csi300_custom_step0_s_20260830_16,23d2d9e9bc3147ffae52d44c8b9ac579,0.058,,,
3651,2026-08-28,SH601995,0.0365259007692085,EXP_DEnsembleModel_Alpha158_csi300_custom_step0_s_20260830_16,23d2d9e9bc3147ffae52d44c8b9ac579,0.058,,,
3652,2026-08-28,SH601988,0.12090047026143792,EXP_DEnsembleModel_Alpha158_csi300_custom_step0_s_20260830_16,23d2d9e9bc3147ffae52d44c8b9ac579,0.058,,,
3653,2026-08-28,SH605117,-0.08903212789793498,EXP_DEnsembleModel_Alpha158_csi300_custom_step0_s_20260830_16,23d2d9e9bc3147ffae52d44c8b9ac579,0.058,,,
3654,2026-08-28,SZ001391,0.053274806003535576,EXP_DEnsembleModel_Alpha158_csi300_custom_step0_s_20260830_16,23d2d9e9bc3147ffae52d44c8b9ac579,0.058,,,
3655,2026-08-28,SH605499,-0.013308488579105252,EXP_DEnsembleModel_Alpha158_csi300_custom_step0_s_20260830_16,23d2d9e9bc3147ffae52d44c8b9ac579,0.058,,,
3656,2026-08-28,SH688009,0.012688220075811706,EXP_DEnsembleModel_Alpha158_csi300_custom_step0_s_20260830_16,23d2d9e9bc3147ffae52d44c8b9ac579,0.058,,,
3657,2026-08-28,SH688472,0.01524547447784728,EXP_DEnsembleModel_Alpha158_csi300_custom_step0_s_20260830_16,23d2d9e9bc3147ffae52d44c8b9ac579,0.058,,,
3658,2026-08-28,SH688396,-0.0072632605847027755,EXP_DEnsembleModel_Alpha158_csi300_custom_step0_s_20260830_16,23d2d9e9bc3147ffae52d44c8b9ac579,0.058,,,
3659,2026-08-28,SH688303,-0.06264605287184619,EXP_DEnsembleModel_Alpha158_csi300_custom_step0_s_20260830_16,23d2d9e9bc3147ffae52d44c8b9ac579,0.058,,,
3660,2026-08-28,SH688271,-0.019408515473029818,EXP_DEnsembleModel_Alpha158_csi300_custom_step0_s_20260830_16,23d2d9e9bc3147ffae52d44c8b9ac579,0.058,,,
3661,2026-08-28,SH688256,0.05244507623569312,EXP_DEnsembleModel_Alpha158_csi300_custom_step0_s_20260830_16,23d2d9e9bc3147ffae52d44c8b9ac579,0.058,,,
3662,2026-08-28,SH688223,-0.02358775678201413,EXP_DEnsembleModel_Alpha158_csi300_custom_step0_s_20260830_16,23d2d9e9bc3147ffae52d44c8b9ac579,0.058,,,
3663,2026-08-28,SH688183,-0.034097097711009335,EXP_DEnsembleModel_Alpha158_csi300_custom_step0_s_20260830_16,23d2d9e9bc3147ffae52d44c8b9ac579,0.058,,,
3664,2026-08-28,SH688126,-0.0092476199956927,EXP_DEnsembleModel_Alpha158_csi300_custom_step0_s_20260830_16,23d2d9e9bc3147ffae52d44c8b9ac579,0.058,,,
3665,2026-08-28,SH688111,-0.10534238103034596,EXP_DEnsembleModel_Alpha158_csi300_custom_step0_s_20260830_16,23d2d9e9bc3147ffae52d44c8b9ac579,0.058,,,
3666,2026-08-28,SH688082,-0.028220182733840478,EXP_DEnsembleModel_Alpha158_csi300_custom_step0_s_20260830_16,23d2d9e9bc3147ffae52d44c8b9ac579,0.058,,,
3667,2026-08-28,SH688072,-0.10209950097591824,EXP_DEnsembleModel_Alpha158_csi300_custom_step0_s_20260830_16,23d2d9e9bc3147ffae52d44c8b9ac579,0.058,,,
3668,2026-08-28,SH688047,0.02600855589434587,EXP_DEnsembleModel_Alpha158_csi300_custom_step0_s_20260830_16,23d2d9e9bc3147ffae52d44c8b9ac579,0.058,,,
3669,2026-08-28,SH688041,0.09482371115154707,EXP_DEnsembleModel_Alpha158_csi300_custom_step0_s_20260830_16,23d2d9e9bc3147ffae52d44c8b9ac579,0.058,,,
3670,2026-08-28,SH688036,0.03265472706497901,EXP_DEnsembleModel_Alpha158_csi300_custom_step0_s_20260830_16,23d2d9e9bc3147ffae52d44c8b9ac579,0.058,,,
3671,2026-08-28,SH688012,-0.10800353596451082,EXP_DEnsembleModel_Alpha158_csi300_custom_step0_s_20260830_16,23d2d9e9bc3147ffae52d44c8b9ac579,0.058,,,
3672,2026-08-28,SH688008,-0.12731844016393015,EXP_DEnsembleModel_Alpha158_csi300_custom_step0_s_20260830_16,23d2d9e9bc3147ffae52d44c8b9ac579,0.058,,,
3673,2026-08-28,SH601985,0.11412834035624099,EXP_DEnsembleModel_Alpha158_csi300_custom_step0_s_20260830_16,23d2d9e9bc3147ffae52d44c8b9ac579,0.058,,,
3674,2026-08-28,SZ001965,0.007336365306796441,EXP_DEnsembleModel_Alpha158_csi300_custom_step0_s_20260830_16,23d2d9e9bc3147ffae52d44c8b9ac579,0.058,,,
3675,2026-08-28,SZ002001,-0.016727785451958382,EXP_DEnsembleModel_Alpha158_csi300_custom_step0_s_20260830_16,23d2d9e9bc3147ffae52d44c8b9ac579,0.058,,,
3676,2026-08-28,SZ300413,-0.06432702052831067,EXP_DEnsembleModel_Alpha158_csi300_custom_step0_s_20260830_16,23d2d9e9bc3147ffae52d44c8b9ac579,0.058,,,
3677,2026-08-28,SZ300408,-0.013183207983832233,EXP_DEnsembleModel_Alpha158_csi300_custom_step0_s_20260830_16,23d2d9e9bc3147ffae52d44c8b9ac579,0.058,,,
3678,2026-08-28,SZ300394,-0.13673231310347075,EXP_DEnsembleModel_Alpha158_csi300_custom_step0_s_20260830_16,23d2d9e9bc3147ffae52d44c8b9ac579,0.058,,,
3679,2026-08-28,SZ300316,-0.0844525225252341,EXP_DEnsembleModel_Alpha158_csi300_custom_step0_s_20260830_16,23d2d9e9bc3147ffae52d44c8b9ac579,0.058,,,
3680,2026-08-28,SZ300308,-0.050459725177371746,EXP_DEnsembleModel_Alpha158_csi300_custom_step0_s_20260830_16,23d2d9e9bc3147ffae52d44c8b9ac579,0.058,,,
3681,2026-08-28,SZ300274,0.06904730368623575,EXP_DEnsembleModel_Alpha158_csi300_custom_step0_s_20260830_16,23d2d9e9bc3147ffae52d44c8b9ac579,0.058,,,
3682,2026-08-28,SZ300418,-0.12418968502298684,EXP_DEnsembleModel_Alpha158_csi300_custom_step0_s_20260830_16,23d2d9e9bc3147ffae52d44c8b9ac579,0.058,,,
3683,2026-08-28,SZ300251,-0.09563595495323865,EXP_DEnsembleModel_Alpha158_csi300_custom_step0_s_20260830_16,23d2d9e9bc3147ffae52d44c8b9ac579,0.058,,,
3684,2026-08-28,SZ300122,0.020963830512101548,EXP_DEnsembleModel_Alpha158_csi300_custom_step0_s_20260830_16,23d2d9e9bc3147ffae52d44c8b9ac579,0.058,,,
3685,2026-08-28,SZ300059,0.026969524268426012,EXP_DEnsembleModel_Alpha158_csi300_custom_step0_s_20260830_16,23d2d9e9bc3147ffae52d44c8b9ac579,0.058,,,
3686,2026-08-28,SZ300033,-0.09656662194267635,EXP_DEnsembleModel_Alpha158_csi300_custom_step0_s_20260830_16,23d2d9e9bc3147ffae52d44c8b9ac579,0.058,,,
3687,2026-08-28,SZ300015,0.010955494957731307,EXP_DEnsembleModel_Alpha158_csi300_custom_step0_s_20260830_16,23d2d9e9bc3147ffae52d44c8b9ac579,0.058,,,
3688,2026-08-28,SZ300014,0.030274635782865086,EXP_DEnsembleModel_Alpha158_csi300_custom_step0_s_20260830_16,23d2d9e9bc3147ffae52d44c8b9ac579,0.058,,,
3689,2026-08-28,SZ003816,-0.04116060168211629,EXP_DEnsembleModel_Alpha158_csi300_custom_step0_s_20260830_16,23d2d9e9bc3147ffae52d44c8b9ac579,0.058,,,
3690,2026-08-28,SZ300124,-0.04155461099012911,EXP_DEnsembleModel_Alpha158_csi300_custom_step0_s_20260830_16,23d2d9e9bc3147ffae52d44c8b9ac579,0.058,,,
3691,2026-08-28,SZ300433,-0.03371366766566029,EXP_DEnsembleModel_Alpha158_csi300_custom_step0_s_20260830_16,23d2d9e9bc3147ffae52d44c8b9ac579,0.058,,,
3692,2026-08-28,SZ300442,-0.09076258327842009,EXP_DEnsembleModel_Alpha158_csi300_custom_step0_s_20260830_16,23d2d9e9bc3147ffae52d44c8b9ac579,0.058,,,
3693,2026-08-28,SZ300450,-0.03162102638056367,EXP_DEnsembleModel_Alpha158_csi300_custom_step0_s_20260830_16,23d2d9e9bc3147ffae52d44c8b9ac579,0.058,,,
3694,2026-08-28,SZ301269,-0.1339738744337172,EXP_DEnsembleModel_Alpha158_csi300_custom_step0_s_20260830_16,23d2d9e9bc3147ffae52d44c8b9ac579,0.058,,,
3695,2026-08-28,SZ301236,-0.1437033307486353,EXP_DEnsembleModel_Alpha158_csi300_custom_step0_s_20260830_16,23d2d9e9bc3147ffae52d44c8b9ac579,0.058,,,
3696,2026-08-28,SZ301165,-0.13344900627227851,EXP_DEnsembleModel_Alpha158_csi300_custom_step0_s_20260830_16,23d2d9e9bc3147ffae52d44c8b9ac579,0.058,,,
3697,2026-08-28,SZ300999,-0.014335675917893167,EXP_DEnsembleModel_Alpha158_csi300_custom_step0_s_20260830_16,23d2d9e9bc3147ffae52d44c8b9ac579,0.058,,,
3698,2026-08-28,SZ300896,-0.07002446376243615,EXP_DEnsembleModel_Alpha158_csi300_custom_step0_s_20260830_16,23d2d9e9bc3147ffae52d44c8b9ac579,0.058,,,
3699,2026-08-28,SZ300866,-0.08049189891380444,EXP_DEnsembleModel_Alpha158_csi300_custom_step0_s_20260830_16,23d2d9e9bc3147ffae52d44c8b9ac579,0.058,,,
3700,2026-08-28,SZ300832,-0.1253046104697205,EXP_DEnsembleModel_Alpha158_csi300_custom_step0_s_20260830_16,23d2d9e9bc3147ffae52d44c8b9ac579,0.058,,,
3701,2026-08-28,SZ300803,-0.05211236692706956,EXP_DEnsembleModel_Alpha158_csi300_custom_step0_s_20260830_16,23d2d9e9bc3147ffae52d44c8b9ac579,0.058,,,
3702,2026-08-28,SZ300760,-0.06542425413569951,EXP_DEnsembleModel_Alpha158_csi300_custom_step0_s_20260830_16,23d2d9e9bc3147ffae52d44c8b9ac579,0.058,,,
3703,2026-08-28,SZ300750,0.01630583077734291,EXP_DEnsembleModel_Alpha158_csi300_custom_step0_s_20260830_16,23d2d9e9bc3147ffae52d44c8b9ac579,0.058,,,
3704,2026-08-28,SZ300661,0.003151251581806343,EXP_DEnsembleModel_Alpha158_csi300_custom_step0_s_20260830_16,23d2d9e9bc3147ffae52d44c8b9ac579,0.058,,,
3705,2026-08-28,SZ300628,-0.03635304433924399,EXP_DEnsembleModel_Alpha158_csi300_custom_step0_s_20260830_16,23d2d9e9bc3147ffae52d44c8b9ac579,0.058,,,
3706,2026-08-28,SZ300502,0.12113499385861462,EXP_DEnsembleModel_Alpha158_csi300_custom_step0_s_20260830_16,23d2d9e9bc3147ffae52d44c8b9ac579,0.058,,,
3707,2026-08-28,SZ300498,0.01296697205781445,EXP_DEnsembleModel_Alpha158_csi300_custom_step0_s_20260830_16,23d2d9e9bc3147ffae52d44c8b9ac579,0.058,,,
3708,2026-08-28,SZ300476,0.14109126266675337,EXP_DEnsembleModel_Alpha158_csi300_custom_step0_s_20260830_16,23d2d9e9bc3147ffae52d44c8b9ac579,0.058,,,
3709,2026-08-28,SZ002938,-0.06502057805132641,EXP_DEnsembleModel_Alpha158_csi300_custom_step0_s_20260830_16,23d2d9e9bc3147ffae52d44c8b9ac579,0.058,,,
3710,2026-08-28,SZ002920,-0.09921268227642353,EXP_DEnsembleModel_Alpha158_csi300_custom_step0_s_20260830_16,23d2d9e9bc3147ffae52d44c8b9ac579,0.058,,,
3711,2026-08-28,SZ002916,-0.03371894530686888,EXP_DEnsembleModel_Alpha158_csi300_custom_step0_s_20260830_16,23d2d9e9bc3147ffae52d44c8b9ac579,0.058,,,
3712,2026-08-28,SZ002837,-0.07104651701764449,EXP_DEnsembleModel_Alpha158_csi300_custom_step0_s_20260830_16,23d2d9e9bc3147ffae52d44c8b9ac579,0.058,,,
3713,2026-08-28,SZ002353,0.044726460275878135,EXP_DEnsembleModel_Alpha158_csi300_custom_step0_s_20260830_16,23d2d9e9bc3147ffae52d44c8b9ac579,0.058,,,
3714,2026-08-28,SZ002352,0.0010646011755970476,EXP_DEnsembleModel_Alpha158_csi300_custom_step0_s_20260830_16,23d2d9e9bc3147ffae52d44c8b9ac579,0.058,,,
3715,2026-08-28,SZ002311,0.005409633869405727,EXP_DEnsembleModel_Alpha158_csi300_custom_step0_s_20260830_16,23d2d9e9bc3147ffae52d44c8b9ac579,0.058,,,
3716,2026-08-28,SZ002304,0.018112681244087783,EXP_DEnsembleModel_Alpha158_csi300_custom_step0_s_20260830_16,23d2d9e9bc3147ffae52d44c8b9ac579,0.058,,,
3717,2026-08-28,SZ002241,-0.1119408985370801,EXP_DEnsembleModel_Alpha158_csi300_custom_step0_s_20260830_16,23d2d9e9bc3147ffae52d44c8b9ac579,0.058,,,
3718,2026-08-28,SZ002236,0.07615413080449857,EXP_DEnsembleModel_Alpha158_csi300_custom_step0_s_20260830_16,23d2d9e9bc3147ffae52d44c8b9ac579,0.058,,,
3719,2026-08-28,SZ002230,-0.08865942152729049,EXP_DEnsembleModel_Alpha158_csi300_custom_step0_s_20260830_16,23d2d9e9bc3147ffae52d44c8b9ac579,0.058,,,
3720,2026-08-28,SZ002202,-0.021635807117791128,EXP_DEnsembleModel_Alpha158_csi300_custom_step0_s_20260830_16,23d2d9e9bc3147ffae52d44c8b9ac579,0.058,,,
3721,2026-08-28,SZ002179,-0.037418082879351874,EXP_DEnsembleModel_Alpha158_csi300_custom_step0_s_20260830_16,23d2d9e9bc3147ffae52d44c8b9ac579,0.058,,,
3722,2026-08-28,SZ002142,0.0012412497627108676,EXP_DEnsembleModel_Alpha158_csi300_custom_step0_s_20260830_16,23d2d9e9bc3147ffae52d44c8b9ac579,0.058,,,
3723,2026-08-28,SZ002074,-0.06631877845618106,EXP_DEnsembleModel_Alpha158_csi300_custom_step0_s_20260830_16,23d2d9e9bc3147ffae52d44c8b9ac579,0.058,,,
3724,2026-08-28,SZ002050,-0.03288577060133369,EXP_DEnsembleModel_Alpha158_csi300_custom_step0_s_20260830_16,23d2d9e9bc3147ffae52d44c8b9ac579,0.058,,,
3725,2026-08-28,SZ002049,-0.022426291009900658,EXP_DEnsembleModel_Alpha158_csi300_custom_step0_s_20260830_16,23d2d9e9bc3147ffae52d44c8b9ac579,0.058,,,
3726,2026-08-28,SZ002028,0.031300340644927406,EXP_DEnsembleModel_Alpha158_csi300_custom_step0_s_20260830_16,23d2d9e9bc3147ffae52d44c8b9ac579,0.058,,,
3727,2026-08-28,SZ002027,0.08604460017068365,EXP_DEnsembleModel_Alpha158_csi300_custom_step0_s_20260830_16,23d2d9e9bc3147ffae52d44c8b9ac579,0.058,,,
3728,2026-08-28,SZ002371,-0.054543945541558635,EXP_DEnsembleModel_Alpha158_csi300_custom_step0_s_20260830_16,23d2d9e9bc3147ffae52d44c8b9ac579,0.058,,,
3729,2026-08-28,SZ001979,-0.04020431770896714,EXP_DEnsembleModel_Alpha158_csi300_custom_step0_s_20260830_16,23d2d9e9bc3147ffae52d44c8b9ac579,0.058,,,
3730,2026-08-28,SZ002384,-0.033402651769351574,EXP_DEnsembleModel_Alpha158_csi300_custom_step0_s_20260830_16,23d2d9e9bc3147ffae52d44c8b9ac579,0.058,,,
3731,2026-08-28,SZ002422,0.026766053730372993,EXP_DEnsembleModel_Alpha158_csi300_custom_step0_s_20260830_16,23d2d9e9bc3147ffae52d44c8b9ac579,0.058,,,
3732,2026-08-28,SZ002736,0.1427388137380275,EXP_DEnsembleModel_Alpha158_csi300_custom_step0_s_20260830_16,23d2d9e9bc3147ffae52d44c8b9ac579,0.058,,,
3733,2026-08-28,SZ002714,-0.07171058487592269,EXP_DEnsembleModel_Alpha158_csi300_custom_step0_s_20260830_16,23d2d9e9bc3147ffae52d44c8b9ac579,0.058,,,
3734,2026-08-28,SZ002709,-0.0034958263608672866,EXP_DEnsembleModel_Alpha158_csi300_custom_step0_s_20260830_16,23d2d9e9bc3147ffae52d44c8b9ac579,0.058,,,
3735,2026-08-28,SZ002648,-0.09556159487894572,EXP_DEnsembleModel_Alpha158_csi300_custom_step0_s_20260830_16,23d2d9e9bc3147ffae52d44c8b9ac579,0.058,,,
3736,2026-08-28,SZ002625,-0.09579330308911582,EXP_DEnsembleModel_Alpha158_csi300_custom_step0_s_20260830_16,23d2d9e9bc3147ffae52d44c8b9ac579,0.058,,,
3737,2026-08-28,SZ002602,-0.09713770519875223,EXP_DEnsembleModel_Alpha158_csi300_custom_step0_s_20260830_16,23d2d9e9bc3147ffae52d44c8b9ac579,0.058,,,
3738,2026-08-28,SZ002600,-0.07221921747425973,EXP_DEnsembleModel_Alpha158_csi300_custom_step0_s_20260830_16,23d2d9e9bc3147ffae52d44c8b9ac579,0.058,,,
3739,2026-08-28,SZ002594,0.03092169670803335,EXP_DEnsembleModel_Alpha158_csi300_custom_step0_s_20260830_16,23d2d9e9bc3147ffae52d44c8b9ac579,0.058,,,
3740,2026-08-28,SZ002558,-0.04560697430717312,EXP_DEnsembleModel_Alpha158_csi300_custom_step0_s_20260830_16,23d2d9e9bc3147ffae52d44c8b9ac579,0.058,,,
3741,2026-08-28,SZ002532,-0.14518468752688413,EXP_DEnsembleModel_Alpha158_csi300_custom_step0_s_20260830_16,23d2d9e9bc3147ffae52d44c8b9ac579,0.058,,,
3742,2026-08-28,SZ002493,-0.1877392144868245,EXP_DEnsembleModel_Alpha158_csi300_custom_step0_s_20260830_16,23d2d9e9bc3147ffae52d44c8b9ac579,0.058,,,
3743,2026-08-28,SZ002475,-0.01743567501920675,EXP_DEnsembleModel_Alpha158_csi300_custom_step0_s_20260830_16,23d2d9e9bc3147ffae52d44c8b9ac579,0.058,,,
3744,2026-08-28,SZ002466,-0.01265888463227659,EXP_DEnsembleModel_Alpha158_csi300_custom_step0_s_20260830_16,23d2d9e9bc3147ffae52d44c8b9ac579,0.058,,,
3745,2026-08-28,SZ002463,-0.06895911246299241,EXP_DEnsembleModel_Alpha158_csi300_custom_step0_s_20260830_16,23d2d9e9bc3147ffae52d44c8b9ac579,0.058,,,
3746,2026-08-28,SZ002460,-0.09924728308272736,EXP_DEnsembleModel_Alpha158_csi300_custom_step0_s_20260830_16,23d2d9e9bc3147ffae52d44c8b9ac579,0.058,,,
3747,2026-08-28,SZ002415,-0.02143904569382216,EXP_DEnsembleModel_Alpha158_csi300_custom_step0_s_20260830_16,23d2d9e9bc3147ffae52d44c8b9ac579,0.058,,,
3748,2026-08-28,SZ301308,-0.049965442683093206,EXP_DEnsembleModel_Alpha158_csi300_custom_step0_s_20260830_16,23d2d9e9bc3147ffae52d44c8b9ac579,0.058,,,
3749,2026-08-28,SH601939,0.04749221820396915,EXP_DEnsembleModel_Alpha158_csi300_custom_step0_s_20260830_16,23d2d9e9bc3147ffae52d44c8b9ac579,0.058,,,
3750,2026-08-28,SH601916,0.08703115839461796,EXP_DEnsembleModel_Alpha158_csi300_custom_step0_s_20260830_16,23d2d9e9bc3147ffae52d44c8b9ac579,0.058,,,
3751,2026-08-28,SH600547,-0.06818289334427384,EXP_DEnsembleModel_Alpha158_csi300_custom_step0_s_20260830_16,23d2d9e9bc3147ffae52d44c8b9ac579,0.058,,,
3752,2026-08-28,SH600522,-0.019393517760480358,EXP_DEnsembleModel_Alpha158_csi300_custom_step0_s_20260830_16,23d2d9e9bc3147ffae52d44c8b9ac579,0.058,,,
3753,2026-08-28,SH600519,0.07993602180748417,EXP_DEnsembleModel_Alpha158_csi300_custom_step0_s_20260830_16,23d2d9e9bc3147ffae52d44c8b9ac579,0.058,,,
3754,2026-08-28,SH600515,-0.07916376502875264,EXP_DEnsembleModel_Alpha158_csi300_custom_step0_s_20260830_16,23d2d9e9bc3147ffae52d44c8b9ac579,0.058,,,
3755,2026-08-28,SH600489,-0.12667213543440103,EXP_DEnsembleModel_Alpha158_csi300_custom_step0_s_20260830_16,23d2d9e9bc3147ffae52d44c8b9ac579,0.058,,,
3756,2026-08-28,SH600482,-0.10573429422088838,EXP_DEnsembleModel_Alpha158_csi300_custom_step0_s_20260830_16,23d2d9e9bc3147ffae52d44c8b9ac579,0.058,,,
3757,2026-08-28,SH600549,-0.0485682733365711,EXP_DEnsembleModel_Alpha158_csi300_custom_step0_s_20260830_16,23d2d9e9bc3147ffae52d44c8b9ac579,0.058,,,
3758,2026-08-28,SH600460,0.024218529393846524,EXP_DEnsembleModel_Alpha158_csi300_custom_step0_s_20260830_16,23d2d9e9bc3147ffae52d44c8b9ac579,0.058,,,
3759,2026-08-28,SH600436,0.05444832006340837,EXP_DEnsembleModel_Alpha158_csi300_custom_step0_s_20260830_16,23d2d9e9bc3147ffae52d44c8b9ac579,0.058,,,
3760,2026-08-28,SH600426,-0.04294196938329569,EXP_DEnsembleModel_Alpha158_csi300_custom_step0_s_20260830_16,23d2d9e9bc3147ffae52d44c8b9ac579,0.058,,,
3761,2026-08-28,SH600415,-0.12242750149783013,EXP_DEnsembleModel_Alpha158_csi300_custom_step0_s_20260830_16,23d2d9e9bc3147ffae52d44c8b9ac579,0.058,,,
3762,2026-08-28,SH600406,0.02707569676421724,EXP_DEnsembleModel_Alpha158_csi300_custom_step0_s_20260830_16,23d2d9e9bc3147ffae52d44c8b9ac579,0.058,,,
3763,2026-08-28,SH600372,0.06038517204335672,EXP_DEnsembleModel_Alpha158_csi300_custom_step0_s_20260830_16,23d2d9e9bc3147ffae52d44c8b9ac579,0.058,,,
3764,2026-08-28,SH600362,-0.18100463303517786,EXP_DEnsembleModel_Alpha158_csi300_custom_step0_s_20260830_16,23d2d9e9bc3147ffae52d44c8b9ac579,0.058,,,
3765,2026-08-28,SH600438,-0.15255652037884865,EXP_DEnsembleModel_Alpha158_csi300_custom_step0_s_20260830_16,23d2d9e9bc3147ffae52d44c8b9ac579,0.058,,,
3766,2026-08-28,SH600570,-0.021669301213428232,EXP_DEnsembleModel_Alpha158_csi300_custom_step0_s_20260830_16,23d2d9e9bc3147ffae52d44c8b9ac579,0.058,,,
3767,2026-08-28,SH600584,-0.03466109219895803,EXP_DEnsembleModel_Alpha158_csi300_custom_step0_s_20260830_16,23d2d9e9bc3147ffae52d44c8b9ac579,0.058,,,
3768,2026-08-28,SH600585,0.07980577652995312,EXP_DEnsembleModel_Alpha158_csi300_custom_step0_s_20260830_16,23d2d9e9bc3147ffae52d44c8b9ac579,0.058,,,
3769,2026-08-28,SH600893,-0.0846396309785581,EXP_DEnsembleModel_Alpha158_csi300_custom_step0_s_20260830_16,23d2d9e9bc3147ffae52d44c8b9ac579,0.058,,,
3770,2026-08-28,SH600887,0.029230078994538687,EXP_DEnsembleModel_Alpha158_csi300_custom_step0_s_20260830_16,23d2d9e9bc3147ffae52d44c8b9ac579,0.058,,,
3771,2026-08-28,SH600886,0.08620548209413702,EXP_DEnsembleModel_Alpha158_csi300_custom_step0_s_20260830_16,23d2d9e9bc3147ffae52d44c8b9ac579,0.058,,,
3772,2026-08-28,SH600875,-0.05886150770856882,EXP_DEnsembleModel_Alpha158_csi300_custom_step0_s_20260830_16,23d2d9e9bc3147ffae52d44c8b9ac579,0.058,,,
3773,2026-08-28,SH600845,-0.04608520064290917,EXP_DEnsembleModel_Alpha158_csi300_custom_step0_s_20260830_16,23d2d9e9bc3147ffae52d44c8b9ac579,0.058,,,
3774,2026-08-28,SH600809,-0.1105401142663561,EXP_DEnsembleModel_Alpha158_csi300_custom_step0_s_20260830_16,23d2d9e9bc3147ffae52d44c8b9ac579,0.058,,,
3775,2026-08-28,SH600803,0.013457230788989935,EXP_DEnsembleModel_Alpha158_csi300_custom_step0_s_20260830_16,23d2d9e9bc3147ffae52d44c8b9ac579,0.058,,,
3776,2026-08-28,SH600795,0.03678948716115035,EXP_DEnsembleModel_Alpha158_csi300_custom_step0_s_20260830_16,23d2d9e9bc3147ffae52d44c8b9ac579,0.058,,,
3777,2026-08-28,SH600760,0.09087002685903772,EXP_DEnsembleModel_Alpha158_csi300_custom_step0_s_20260830_16,23d2d9e9bc3147ffae52d44c8b9ac579,0.058,,,
3778,2026-08-28,SH600741,0.0053087933322119845,EXP_DEnsembleModel_Alpha158_csi300_custom_step0_s_20260830_16,23d2d9e9bc3147ffae52d44c8b9ac579,0.058,,,
3779,2026-08-28,SH600690,0.0352687582230179,EXP_DEnsembleModel_Alpha158_csi300_custom_step0_s_20260830_16,23d2d9e9bc3147ffae52d44c8b9ac579,0.058,,,
3780,2026-08-28,SH600674,0.07290581492520565,EXP_DEnsembleModel_Alpha158_csi300_custom_step0_s_20260830_16,23d2d9e9bc3147ffae52d44c8b9ac579,0.058,,,
3781,2026-08-28,SH600660,-0.0347540471428268,EXP_DEnsembleModel_Alpha158_csi300_custom_step0_s_20260830_16,23d2d9e9bc3147ffae52d44c8b9ac579,0.058,,,
3782,2026-08-28,SH600600,0.02536383065594718,EXP_DEnsembleModel_Alpha158_csi300_custom_step0_s_20260830_16,23d2d9e9bc3147ffae52d44c8b9ac579,0.058,,,
3783,2026-08-28,SH600588,-0.050079834636793476,EXP_DEnsembleModel_Alpha158_csi300_custom_step0_s_20260830_16,23d2d9e9bc3147ffae52d44c8b9ac579,0.058,,,
3784,2026-08-28,SH600346,-0.08831449271294899,EXP_DEnsembleModel_Alpha158_csi300_custom_step0_s_20260830_16,23d2d9e9bc3147ffae52d44c8b9ac579,0.058,,,
3785,2026-08-28,SH600309,0.059462648476500714,EXP_DEnsembleModel_Alpha158_csi300_custom_step0_s_20260830_16,23d2d9e9bc3147ffae52d44c8b9ac579,0.058,,,
3786,2026-08-28,SH600276,0.024455655374253194,EXP_DEnsembleModel_Alpha158_csi300_custom_step0_s_20260830_16,23d2d9e9bc3147ffae52d44c8b9ac579,0.058,,,
3787,2026-08-28,SH600233,0.034406128365753644,EXP_DEnsembleModel_Alpha158_csi300_custom_step0_s_20260830_16,23d2d9e9bc3147ffae52d44c8b9ac579,0.058,,,
3788,2026-08-28,SH600036,0.06258654265394897,EXP_DEnsembleModel_Alpha158_csi300_custom_step0_s_20260830_16,23d2d9e9bc3147ffae52d44c8b9ac579,0.058,,,
3789,2026-08-28,SH600031,0.008196322133296395,EXP_DEnsembleModel_Alpha158_csi300_custom_step0_s_20260830_16,23d2d9e9bc3147ffae52d44c8b9ac579,0.058,,,
3790,2026-08-28,SH600030,0.09796470184082663,EXP_DEnsembleModel_Alpha158_csi300_custom_step0_s_20260830_16,23d2d9e9bc3147ffae52d44c8b9ac579,0.058,,,
3791,2026-08-28,SH600029,0.02611940123043818,EXP_DEnsembleModel_Alpha158_csi300_custom_step0_s_20260830_16,23d2d9e9bc3147ffae52d44c8b9ac579,0.058,,,
3792,2026-08-28,SH600028,0.0391641809899093,EXP_DEnsembleModel_Alpha158_csi300_custom_step0_s_20260830_16,23d2d9e9bc3147ffae52d44c8b9ac579,0.058,,,
3793,2026-08-28,SH600027,-0.01997867762987563,EXP_DEnsembleModel_Alpha158_csi300_custom_step0_s_20260830_16,23d2d9e9bc3147ffae52d44c8b9ac579,0.058,,,
3794,2026-08-28,SH600026,-0.026566730854643346,EXP_DEnsembleModel_Alpha158_csi300_custom_step0_s_20260830_16,23d2d9e9bc3147ffae52d44c8b9ac579,0.058,,,
3795,2026-08-28,SH600025,0.06604625855790379,EXP_DEnsembleModel_Alpha158_csi300_custom_step0_s_20260830_16,23d2d9e9bc3147ffae52d44c8b9ac579,0.058,,,
3796,2026-08-28,SH600023,0.056856333195539975,EXP_DEnsembleModel_Alpha158_csi300_custom_step0_s_20260830_16,23d2d9e9bc3147ffae52d44c8b9ac579,0.058,,,
3797,2026-08-28,SH600019,0.049093008140902165,EXP_DEnsembleModel_Alpha158_csi300_custom_step0_s_20260830_16,23d2d9e9bc3147ffae52d44c8b9ac579,0.058,,,
3798,2026-08-28,SH600018,0.09058871997002166,EXP_DEnsembleModel_Alpha158_csi300_custom_step0_s_20260830_16,23d2d9e9bc3147ffae52d44c8b9ac579,0.058,,,
3799,2026-08-28,SH600016,0.11609133690953109,EXP_DEnsembleModel_Alpha158_csi300_custom_step0_s_20260830_16,23d2d9e9bc3147ffae52d44c8b9ac579,0.058,,,
3800,2026-08-28,SH600015,0.1094420030060841,EXP_DEnsembleModel_Alpha158_csi300_custom_step0_s_20260830_16,23d2d9e9bc3147ffae52d44c8b9ac579,0.058,,,
3801,2026-08-28,SH600011,0.0014467344954024965,EXP_DEnsembleModel_Alpha158_csi300_custom_step0_s_20260830_16,23d2d9e9bc3147ffae52d44c8b9ac579,0.058,,,
3802,2026-08-28,SH600010,0.02357303664375075,EXP_DEnsembleModel_Alpha158_csi300_custom_step0_s_20260830_16,23d2d9e9bc3147ffae52d44c8b9ac579,0.058,,,
3803,2026-08-28,SH600039,-0.026042591669195064,EXP_DEnsembleModel_Alpha158_csi300_custom_step0_s_20260830_16,23d2d9e9bc3147ffae52d44c8b9ac579,0.058,,,
3804,2026-08-28,SH600900,0.06857988378049797,EXP_DEnsembleModel_Alpha158_csi300_custom_step0_s_20260830_16,23d2d9e9bc3147ffae52d44c8b9ac579,0.058,,,
3805,2026-08-28,SH600048,-0.0007828787385398434,EXP_DEnsembleModel_Alpha158_csi300_custom_step0_s_20260830_16,23d2d9e9bc3147ffae52d44c8b9ac579,0.058,,,
3806,2026-08-28,SH600061,0.07635006079844926,EXP_DEnsembleModel_Alpha158_csi300_custom_step0_s_20260830_16,23d2d9e9bc3147ffae52d44c8b9ac579,0.058,,,
3807,2026-08-28,SH600221,0.04012917512335058,EXP_DEnsembleModel_Alpha158_csi300_custom_step0_s_20260830_16,23d2d9e9bc3147ffae52d44c8b9ac579,0.058,,,
3808,2026-08-28,SH600219,-0.09709836438627353,EXP_DEnsembleModel_Alpha158_csi300_custom_step0_s_20260830_16,23d2d9e9bc3147ffae52d44c8b9ac579,0.058,,,
3809,2026-08-28,SH600196,-0.05756555841373222,EXP_DEnsembleModel_Alpha158_csi300_custom_step0_s_20260830_16,23d2d9e9bc3147ffae52d44c8b9ac579,0.058,,,
3810,2026-08-28,SH600188,-0.21056781080512688,EXP_DEnsembleModel_Alpha158_csi300_custom_step0_s_20260830_16,23d2d9e9bc3147ffae52d44c8b9ac579,0.058,,,
3811,2026-08-28,SH600183,-0.0568385846262861,EXP_DEnsembleModel_Alpha158_csi300_custom_step0_s_20260830_16,23d2d9e9bc3147ffae52d44c8b9ac579,0.058,,,
3812,2026-08-28,SH600176,-0.03164444499855127,EXP_DEnsembleModel_Alpha158_csi300_custom_step0_s_20260830_16,23d2d9e9bc3147ffae52d44c8b9ac579,0.058,,,
3813,2026-08-28,SH600160,-0.10981809523890038,EXP_DEnsembleModel_Alpha158_csi300_custom_step0_s_20260830_16,23d2d9e9bc3147ffae52d44c8b9ac579,0.058,,,
3814,2026-08-28,SH600150,0.0256457055680225,EXP_DEnsembleModel_Alpha158_csi300_custom_step0_s_20260830_16,23d2d9e9bc3147ffae52d44c8b9ac579,0.058,,,
3815,2026-08-28,SH600118,-0.0014946982214809874,EXP_DEnsembleModel_Alpha158_csi300_custom_step0_s_20260830_16,23d2d9e9bc3147ffae52d44c8b9ac579,0.058,,,
3816,2026-08-28,SH600115,0.045661514135526,EXP_DEnsembleModel_Alpha158_csi300_custom_step0_s_20260830_16,23d2d9e9bc3147ffae52d44c8b9ac579,0.058,,,
3817,2026-08-28,SH600111,-0.0750941986155667,EXP_DEnsembleModel_Alpha158_csi300_custom_step0_s_20260830_16,23d2d9e9bc3147ffae52d44c8b9ac579,0.058,,,
3818,2026-08-28,SH600104,-0.024511914078214226,EXP_DEnsembleModel_Alpha158_csi300_custom_step0_s_20260830_16,23d2d9e9bc3147ffae52d44c8b9ac579,0.058,,,
3819,2026-08-28,SH600089,-0.0492064109574577,EXP_DEnsembleModel_Alpha158_csi300_custom_step0_s_20260830_16,23d2d9e9bc3147ffae52d44c8b9ac579,0.058,,,
3820,2026-08-28,SH600085,0.08048653170102986,EXP_DEnsembleModel_Alpha158_csi300_custom_step0_s_20260830_16,23d2d9e9bc3147ffae52d44c8b9ac579,0.058,,,
3821,2026-08-28,SH600066,0.024182290491060524,EXP_DEnsembleModel_Alpha158_csi300_custom_step0_s_20260830_16,23d2d9e9bc3147ffae52d44c8b9ac579,0.058,,,
3822,2026-08-28,SH600050,0.09461517432115339,EXP_DEnsembleModel_Alpha158_csi300_custom_step0_s_20260830_16,23d2d9e9bc3147ffae52d44c8b9ac579,0.058,,,
3823,2026-08-28,SH601919,0.09306009241284977,EXP_DEnsembleModel_Alpha158_csi300_custom_step0_s_20260830_16,23d2d9e9bc3147ffae52d44c8b9ac579,0.058,,,
3824,2026-08-28,SH600905,0.018339752622319967,EXP_DEnsembleModel_Alpha158_csi300_custom_step0_s_20260830_16,23d2d9e9bc3147ffae52d44c8b9ac579,0.058,,,
3825,2026-08-28,SH600919,0.0877286748841376,EXP_DEnsembleModel_Alpha158_csi300_custom_step0_s_20260830_16,23d2d9e9bc3147ffae52d44c8b9ac579,0.058,,,
3826,2026-08-28,SH601698,0.0009617507904129567,EXP_DEnsembleModel_Alpha158_csi300_custom_step0_s_20260830_16,23d2d9e9bc3147ffae52d44c8b9ac579,0.058,,,
3827,2026-08-28,SH601689,0.0012863441290005713,EXP_DEnsembleModel_Alpha158_csi300_custom_step0_s_20260830_16,23d2d9e9bc3147ffae52d44c8b9ac579,0.058,,,
3828,2026-08-28,SH601688,0.0539704120590397,EXP_DEnsembleModel_Alpha158_csi300_custom_step0_s_20260830_16,23d2d9e9bc3147ffae52d44c8b9ac579,0.058,,,
3829,2026-08-28,SH601669,0.03765327741274995,EXP_DEnsembleModel_Alpha158_csi300_custom_step0_s_20260830_16,23d2d9e9bc3147ffae52d44c8b9ac579,0.058,,,
3830,2026-08-28,SH601668,-0.0025146495276732283,EXP_DEnsembleModel_Alpha158_csi300_custom_step0_s_20260830_16,23d2d9e9bc3147ffae52d44c8b9ac579,0.058,,,
3831,2026-08-28,SH601658,0.0985251526534813,EXP_DEnsembleModel_Alpha158_csi300_custom_step0_s_20260830_16,23d2d9e9bc3147ffae52d44c8b9ac579,0.058,,,
3832,2026-08-28,SH601727,-0.07989025717130233,EXP_DEnsembleModel_Alpha158_csi300_custom_step0_s_20260830_16,23d2d9e9bc3147ffae52d44c8b9ac579,0.058,,,
3833,2026-08-28,SH601633,0.0435353410922244,EXP_DEnsembleModel_Alpha158_csi300_custom_step0_s_20260830_16,23d2d9e9bc3147ffae52d44c8b9ac579,0.058,,,
3834,2026-08-28,SH601618,-0.0052488605480177945,EXP_DEnsembleModel_Alpha158_csi300_custom_step0_s_20260830_16,23d2d9e9bc3147ffae52d44c8b9ac579,0.058,,,
3835,2026-08-28,SH601607,0.13062251750179157,EXP_DEnsembleModel_Alpha158_csi300_custom_step0_s_20260830_16,23d2d9e9bc3147ffae52d44c8b9ac579,0.058,,,
3836,2026-08-28,SH601601,0.0272182823698957,EXP_DEnsembleModel_Alpha158_csi300_custom_step0_s_20260830_16,23d2d9e9bc3147ffae52d44c8b9ac579,0.058,,,
3837,2026-08-28,SH601600,-0.15270423273117995,EXP_DEnsembleModel_Alpha158_csi300_custom_step0_s_20260830_16,23d2d9e9bc3147ffae52d44c8b9ac579,0.058,,,
3838,2026-08-28,SH601456,0.10724132941468961,EXP_DEnsembleModel_Alpha158_csi300_custom_step0_s_20260830_16,23d2d9e9bc3147ffae52d44c8b9ac579,0.058,,,
3839,2026-08-28,SH601398,0.08839762004798321,EXP_DEnsembleModel_Alpha158_csi300_custom_step0_s_20260830_16,23d2d9e9bc3147ffae52d44c8b9ac579,0.058,,,
3840,2026-08-28,SH601628,-0.003629849364876411,EXP_DEnsembleModel_Alpha158_csi300_custom_step0_s_20260830_16,23d2d9e9bc3147ffae52d44c8b9ac579,0.058,,,
3841,2026-08-28,SH601728,0.019908403500351054,EXP_DEnsembleModel_Alpha158_csi300_custom_step0_s_20260830_16,23d2d9e9bc3147ffae52d44c8b9ac579,0.058,,,
3842,2026-08-28,SH601766,0.028780719908108553,EXP_DEnsembleModel_Alpha158_csi300_custom_step0_s_20260830_16,23d2d9e9bc3147ffae52d44c8b9ac579,0.058,,,
3843,2026-08-28,SH601788,0.08130781952705261,EXP_DEnsembleModel_Alpha158_csi300_custom_step0_s_20260830_16,23d2d9e9bc3147ffae52d44c8b9ac579,0.058,,,
3844,2026-08-28,SH601901,0.10442599074138181,EXP_DEnsembleModel_Alpha158_csi300_custom_step0_s_20260830_16,23d2d9e9bc3147ffae52d44c8b9ac579,0.058,,,
3845,2026-08-28,SH601899,-0.17783047890961948,EXP_DEnsembleModel_Alpha158_csi300_custom_step0_s_20260830_16,23d2d9e9bc3147ffae52d44c8b9ac579,0.058,,,
3846,2026-08-28,SH601898,-0.1728305775941782,EXP_DEnsembleModel_Alpha158_csi300_custom_step0_s_20260830_16,23d2d9e9bc3147ffae52d44c8b9ac579,0.058,,,
3847,2026-08-28,SH601888,-0.0011792586135103082,EXP_DEnsembleModel_Alpha158_csi300_custom_step0_s_20260830_16,23d2d9e9bc3147ffae52d44c8b9ac579,0.058,,,
3848,2026-08-28,SH601881,0.06721217352034105,EXP_DEnsembleModel_Alpha158_csi300_custom_step0_s_20260830_16,23d2d9e9bc3147ffae52d44c8b9ac579,0.058,,,
3849,2026-08-28,SH601878,0.11520046023033843,EXP_DEnsembleModel_Alpha158_csi300_custom_step0_s_20260830_16,23d2d9e9bc3147ffae52d44c8b9ac579,0.058,,,
3850,2026-08-28,SH601877,-0.0005389340568305016,EXP_DEnsembleModel_Alpha158_csi300_custom_step0_s_20260830_16,23d2d9e9bc3147ffae52d44c8b9ac579,0.058,,,
3851,2026-08-28,SH601872,-0.08204295875016572,EXP_DEnsembleModel_Alpha158_csi300_custom_step0_s_20260830_16,23d2d9e9bc3147ffae52d44c8b9ac579,0.058,,,
3852,2026-08-28,SH601868,0.026190056495769314,EXP_DEnsembleModel_Alpha158_csi300_custom_step0_s_20260830_16,23d2d9e9bc3147ffae52d44c8b9ac579,0.058,,,
3853,2026-08-28,SH601857,-0.0014550703305886876,EXP_DEnsembleModel_Alpha158_csi300_custom_step0_s_20260830_16,23d2d9e9bc3147ffae52d44c8b9ac579,0.058,,,
3854,2026-08-28,SH601838,0.09994035969913391,EXP_DEnsembleModel_Alpha158_csi300_custom_step0_s_20260830_16,23d2d9e9bc3147ffae52d44c8b9ac579,0.058,,,
3855,2026-08-28,SH601825,0.008852400423500592,EXP_DEnsembleModel_Alpha158_csi300_custom_step0_s_20260830_16,23d2d9e9bc3147ffae52d44c8b9ac579,0.058,,,
3856,2026-08-28,SH601818,0.10514902796790616,EXP_DEnsembleModel_Alpha158_csi300_custom_step0_s_20260830_16,23d2d9e9bc3147ffae52d44c8b9ac579,0.058,,,
3857,2026-08-28,SH601816,0.04958830500485424,EXP_DEnsembleModel_Alpha158_csi300_custom_step0_s_20260830_16,23d2d9e9bc3147ffae52d44c8b9ac579,0.058,,,
3858,2026-08-28,SH601800,0.04634653554101011,EXP_DEnsembleModel_Alpha158_csi300_custom_step0_s_20260830_16,23d2d9e9bc3147ffae52d44c8b9ac579,0.058,,,
3859,2026-08-28,SH601390,0.057492905045179475,EXP_DEnsembleModel_Alpha158_csi300_custom_step0_s_20260830_16,23d2d9e9bc3147ffae52d44c8b9ac579,0.058,,,
3860,2026-08-28,SH601377,0.10009392721130149,EXP_DEnsembleModel_Alpha158_csi300_custom_step0_s_20260830_16,23d2d9e9bc3147ffae52d44c8b9ac579,0.058,,,
3861,2026-08-28,SH601360,-0.03608298953672748,EXP_DEnsembleModel_Alpha158_csi300_custom_step0_s_20260830_16,23d2d9e9bc3147ffae52d44c8b9ac579,0.058,,,
3862,2026-08-28,SH601336,0.033072285903744,EXP_DEnsembleModel_Alpha158_csi300_custom_step0_s_20260830_16,23d2d9e9bc3147ffae52d44c8b9ac579,0.058,,,
3863,2026-08-28,SH601066,0.08119865512589736,EXP_DEnsembleModel_Alpha158_csi300_custom_step0_s_20260830_16,23d2d9e9bc3147ffae52d44c8b9ac579,0.058,,,
3864,2026-08-28,SH601059,0.09339181077031995,EXP_DEnsembleModel_Alpha158_csi300_custom_step0_s_20260830_16,23d2d9e9bc3147ffae52d44c8b9ac579,0.058,,,
3865,2026-08-28,SH601058,0.09004099740928319,EXP_DEnsembleModel_Alpha158_csi300_custom_step0_s_20260830_16,23d2d9e9bc3147ffae52d44c8b9ac579,0.058,,,
3866,2026-08-28,SH601021,0.07111932667810734,EXP_DEnsembleModel_Alpha158_csi300_custom_step0_s_20260830_16,23d2d9e9bc3147ffae52d44c8b9ac579,0.058,,,
3867,2026-08-28,SH601018,0.018605905622600612,EXP_DEnsembleModel_Alpha158_csi300_custom_step0_s_20260830_16,23d2d9e9bc3147ffae52d44c8b9ac579,0.058,,,
3868,2026-08-28,SH601012,-0.13643485075173664,EXP_DEnsembleModel_Alpha158_csi300_custom_step0_s_20260830_16,23d2d9e9bc3147ffae52d44c8b9ac579,0.058,,,
3869,2026-08-28,SH601009,0.11512726412507877,EXP_DEnsembleModel_Alpha158_csi300_custom_step0_s_20260830_16,23d2d9e9bc3147ffae52d44c8b9ac579,0.058,,,
3870,2026-08-28,SH601006,0.10631775795104585,EXP_DEnsembleModel_Alpha158_csi300_custom_step0_s_20260830_16,23d2d9e9bc3147ffae52d44c8b9ac579,0.058,,,
3871,2026-08-28,SH600999,0.1244380805285529,EXP_DEnsembleModel_Alpha158_csi300_custom_step0_s_20260830_16,23d2d9e9bc3147ffae52d44c8b9ac579,0.058,,,
3872,2026-08-28,SH600989,-0.06706197550473066,EXP_DEnsembleModel_Alpha158_csi300_custom_step0_s_20260830_16,23d2d9e9bc3147ffae52d44c8b9ac579,0.058,,,
3873,2026-08-28,SH600958,0.11518147919701803,EXP_DEnsembleModel_Alpha158_csi300_custom_step0_s_20260830_16,23d2d9e9bc3147ffae52d44c8b9ac579,0.058,,,
3874,2026-08-28,SH600941,0.043587469473800676,EXP_DEnsembleModel_Alpha158_csi300_custom_step0_s_20260830_16,23d2d9e9bc3147ffae52d44c8b9ac579,0.058,,,
3875,2026-08-28,SH600938,-0.02876965950650551,EXP_DEnsembleModel_Alpha158_csi300_custom_step0_s_20260830_16,23d2d9e9bc3147ffae52d44c8b9ac579,0.058,,,
3876,2026-08-28,SH600930,0.008539060052750558,EXP_DEnsembleModel_Alpha158_csi300_custom_step0_s_20260830_16,23d2d9e9bc3147ffae52d44c8b9ac579,0.058,,,
3877,2026-08-28,SH600926,0.15176314411174974,EXP_DEnsembleModel_Alpha158_csi300_custom_step0_s_20260830_16,23d2d9e9bc3147ffae52d44c8b9ac579,0.058,,,
3878,2026-08-28,SH601077,0.0510298150014445,EXP_DEnsembleModel_Alpha158_csi300_custom_step0_s_20260830_16,23d2d9e9bc3147ffae52d44c8b9ac579,0.058,,,
3879,2026-08-28,SH600918,0.11429884891855786,EXP_DEnsembleModel_Alpha158_csi300_custom_step0_s_20260830_16,23d2d9e9bc3147ffae52d44c8b9ac579,0.058,,,
3880,2026-08-28,SH601088,-0.03491234333826484,EXP_DEnsembleModel_Alpha158_csi300_custom_step0_s_20260830_16,23d2d9e9bc3147ffae52d44c8b9ac579,0.058,,,
3881,2026-08-28,SH601111,0.03335834837595275,EXP_DEnsembleModel_Alpha158_csi300_custom_step0_s_20260830_16,23d2d9e9bc3147ffae52d44c8b9ac579,0.058,,,
3882,2026-08-28,SH601328,0.07615624306264565,EXP_DEnsembleModel_Alpha158_csi300_custom_step0_s_20260830_16,23d2d9e9bc3147ffae52d44c8b9ac579,0.058,,,
3883,2026-08-28,SH601319,0.07294778608139989,EXP_DEnsembleModel_Alpha158_csi300_custom_step0_s_20260830_16,23d2d9e9bc3147ffae52d44c8b9ac579,0.058,,,
3884,2026-08-28,SH601318,0.002771990078564384,EXP_DEnsembleModel_Alpha158_csi300_custom_step0_s_20260830_16,23d2d9e9bc3147ffae52d44c8b9ac579,0.058,,,
3885,2026-08-28,SH601288,0.0730040367389907,EXP_DEnsembleModel_Alpha158_csi300_custom_step0_s_20260830_16,23d2d9e9bc3147ffae52d44c8b9ac579,0.058,,,
3886,2026-08-28,SH601238,-0.12018385109868317,EXP_DEnsembleModel_Alpha158_csi300_custom_step0_s_20260830_16,23d2d9e9bc3147ffae52d44c8b9ac579,0.058,,,
3887,2026-08-28,SH601229,0.0742070705829235,EXP_DEnsembleModel_Alpha158_csi300_custom_step0_s_20260830_16,23d2d9e9bc3147ffae52d44c8b9ac579,0.058,,,
3888,2026-08-28,SH601225,-0.066404086383797,EXP_DEnsembleModel_Alpha158_csi300_custom_step0_s_20260830_16,23d2d9e9bc3147ffae52d44c8b9ac579,0.058,,,
3889,2026-08-28,SH601211,0.07664173182214734,EXP_DEnsembleModel_Alpha158_csi300_custom_step0_s_20260830_16,23d2d9e9bc3147ffae52d44c8b9ac579,0.058,,,
3890,2026-08-28,SH601186,0.04993588181262735,EXP_DEnsembleModel_Alpha158_csi300_custom_step0_s_20260830_16,23d2d9e9bc3147ffae52d44c8b9ac579,0.058,,,
3891,2026-08-28,SH601169,0.09175187038330894,EXP_DEnsembleModel_Alpha158_csi300_custom_step0_s_20260830_16,23d2d9e9bc3147ffae52d44c8b9ac579,0.058,,,
3892,2026-08-28,SH601166,0.028458328522824677,EXP_DEnsembleModel_Alpha158_csi300_custom_step0_s_20260830_16,23d2d9e9bc3147ffae52d44c8b9ac579,0.058,,,
3893,2026-08-28,SH601138,-0.15390516148560413,EXP_DEnsembleModel_Alpha158_csi300_custom_step0_s_20260830_16,23d2d9e9bc3147ffae52d44c8b9ac579,0.058,,,
3894,2026-08-28,SH601136,0.025601181094739956,EXP_DEnsembleModel_Alpha158_csi300_custom_step0_s_20260830_16,23d2d9e9bc3147ffae52d44c8b9ac579,0.058,,,
3895,2026-08-28,SH601127,-0.04156188849080695,EXP_DEnsembleModel_Alpha158_csi300_custom_step0_s_20260830_16,23d2d9e9bc3147ffae52d44c8b9ac579,0.058,,,
3896,2026-08-28,SH601117,0.12096414907128576,EXP_DEnsembleModel_Alpha158_csi300_custom_step0_s_20260830_16,23d2d9e9bc3147ffae52d44c8b9ac579,0.058,,,
3897,2026-08-28,SH601100,-0.04994823936584123,EXP_DEnsembleModel_Alpha158_csi300_custom_step0_s_20260830_16,23d2d9e9bc3147ffae52d44c8b9ac579,0.058,,,
3898,2026-08-28,SH600009,0.015190264282729909,EXP_DEnsembleModel_Alpha158_csi300_custom_step0_s_20260830_16,23d2d9e9bc3147ffae52d44c8b9ac579,0.058,,,
3899,2026-08-28,SZ302132,0.013561395285913973,EXP_DEnsembleModel_Alpha158_csi300_custom_step0_s_20260830_16,23d2d9e9bc3147ffae52d44c8b9ac579,0.058,,,
3900,2026-08-28,SH600009,-0.004832940858967118,EXP_DEnsembleModel_Alpha158_csi300_custom_step0_s_20260830_16,3220c308b13f44f29a9d46be8c884b8c,0.109,,,
3901,2026-08-28,SZ000617,-0.06572651141752968,EXP_DEnsembleModel_Alpha158_csi300_custom_step0_s_20260830_16,3220c308b13f44f29a9d46be8c884b8c,0.109,,,
3902,2026-08-28,SZ000596,-0.086338459961337,EXP_DEnsembleModel_Alpha158_csi300_custom_step0_s_20260830_16,3220c308b13f44f29a9d46be8c884b8c,0.109,,,
3903,2026-08-28,SZ000568,0.03781009851624493,EXP_DEnsembleModel_Alpha158_csi300_custom_step0_s_20260830_16,3220c308b13f44f29a9d46be8c884b8c,0.109,,,
3904,2026-08-28,SZ000538,0.05434375332379574,EXP_DEnsembleModel_Alpha158_csi300_custom_step0_s_20260830_16,3220c308b13f44f29a9d46be8c884b8c,0.109,,,
3905,2026-08-28,SZ000425,0.027274073051089753,EXP_DEnsembleModel_Alpha158_csi300_custom_step0_s_20260830_16,3220c308b13f44f29a9d46be8c884b8c,0.109,,,
3906,2026-08-28,SZ000408,-0.06471334208963395,EXP_DEnsembleModel_Alpha158_csi300_custom_step0_s_20260830_16,3220c308b13f44f29a9d46be8c884b8c,0.109,,,
3907,2026-08-28,SZ000625,0.04543741609985828,EXP_DEnsembleModel_Alpha158_csi300_custom_step0_s_20260830_16,3220c308b13f44f29a9d46be8c884b8c,0.109,,,
3908,2026-08-28,SZ000338,-0.08451466403599008,EXP_DEnsembleModel_Alpha158_csi300_custom_step0_s_20260830_16,3220c308b13f44f29a9d46be8c884b8c,0.109,,,
3909,2026-08-28,SZ000301,0.10366027472167977,EXP_DEnsembleModel_Alpha158_csi300_custom_step0_s_20260830_16,3220c308b13f44f29a9d46be8c884b8c,0.109,,,
3910,2026-08-28,SZ000166,0.06154112843175252,EXP_DEnsembleModel_Alpha158_csi300_custom_step0_s_20260830_16,3220c308b13f44f29a9d46be8c884b8c,0.109,,,
3911,2026-08-28,SZ000157,0.004215421623185436,EXP_DEnsembleModel_Alpha158_csi300_custom_step0_s_20260830_16,3220c308b13f44f29a9d46be8c884b8c,0.109,,,
3912,2026-08-28,SZ000100,-0.03781577933984767,EXP_DEnsembleModel_Alpha158_csi300_custom_step0_s_20260830_16,3220c308b13f44f29a9d46be8c884b8c,0.109,,,
3913,2026-08-28,SZ000063,-0.05238712854859765,EXP_DEnsembleModel_Alpha158_csi300_custom_step0_s_20260830_16,3220c308b13f44f29a9d46be8c884b8c,0.109,,,
3914,2026-08-28,SZ000002,0.03152072930842183,EXP_DEnsembleModel_Alpha158_csi300_custom_step0_s_20260830_16,3220c308b13f44f29a9d46be8c884b8c,0.109,,,
3915,2026-08-28,SZ000333,0.03604323036474575,EXP_DEnsembleModel_Alpha158_csi300_custom_step0_s_20260830_16,3220c308b13f44f29a9d46be8c884b8c,0.109,,,
3916,2026-08-28,SZ000630,-0.11220328979733428,EXP_DEnsembleModel_Alpha158_csi300_custom_step0_s_20260830_16,3220c308b13f44f29a9d46be8c884b8c,0.109,,,
3917,2026-08-28,SZ000651,0.09408836802661434,EXP_DEnsembleModel_Alpha158_csi300_custom_step0_s_20260830_16,3220c308b13f44f29a9d46be8c884b8c,0.109,,,
3918,2026-08-28,SZ000657,0.02565382075408851,EXP_DEnsembleModel_Alpha158_csi300_custom_step0_s_20260830_16,3220c308b13f44f29a9d46be8c884b8c,0.109,,,
3919,2026-08-28,SZ001280,-0.09088923751300639,EXP_DEnsembleModel_Alpha158_csi300_custom_step0_s_20260830_16,3220c308b13f44f29a9d46be8c884b8c,0.109,,,
3920,2026-08-28,SZ000999,0.07608810163702415,EXP_DEnsembleModel_Alpha158_csi300_custom_step0_s_20260830_16,3220c308b13f44f29a9d46be8c884b8c,0.109,,,
3921,2026-08-28,SZ000988,-0.05010175673663645,EXP_DEnsembleModel_Alpha158_csi300_custom_step0_s_20260830_16,3220c308b13f44f29a9d46be8c884b8c,0.109,,,
3922,2026-08-28,SZ000977,-0.1413749616914548,EXP_DEnsembleModel_Alpha158_csi300_custom_step0_s_20260830_16,3220c308b13f44f29a9d46be8c884b8c,0.109,,,
3923,2026-08-28,SZ000975,0.0032520898621106104,EXP_DEnsembleModel_Alpha158_csi300_custom_step0_s_20260830_16,3220c308b13f44f29a9d46be8c884b8c,0.109,,,
3924,2026-08-28,SZ000963,-0.04277337462348577,EXP_DEnsembleModel_Alpha158_csi300_custom_step0_s_20260830_16,3220c308b13f44f29a9d46be8c884b8c,0.109,,,
3925,2026-08-28,SZ000938,-0.10877838042542282,EXP_DEnsembleModel_Alpha158_csi300_custom_step0_s_20260830_16,3220c308b13f44f29a9d46be8c884b8c,0.109,,,
3926,2026-08-28,SZ000895,0.08119611596343397,EXP_DEnsembleModel_Alpha158_csi300_custom_step0_s_20260830_16,3220c308b13f44f29a9d46be8c884b8c,0.109,,,
3927,2026-08-28,SZ000858,0.02673361396052074,EXP_DEnsembleModel_Alpha158_csi300_custom_step0_s_20260830_16,3220c308b13f44f29a9d46be8c884b8c,0.109,,,
3928,2026-08-28,SZ000807,-0.08409376245477745,EXP_DEnsembleModel_Alpha158_csi300_custom_step0_s_20260830_16,3220c308b13f44f29a9d46be8c884b8c,0.109,,,
3929,2026-08-28,SZ000792,-0.08218815924244097,EXP_DEnsembleModel_Alpha158_csi300_custom_step0_s_20260830_16,3220c308b13f44f29a9d46be8c884b8c,0.109,,,
3930,2026-08-28,SZ000776,0.043896452644319496,EXP_DEnsembleModel_Alpha158_csi300_custom_step0_s_20260830_16,3220c308b13f44f29a9d46be8c884b8c,0.109,,,
3931,2026-08-28,SZ000768,0.035201975720467404,EXP_DEnsembleModel_Alpha158_csi300_custom_step0_s_20260830_16,3220c308b13f44f29a9d46be8c884b8c,0.109,,,
3932,2026-08-28,SZ000725,-0.09175225450832188,EXP_DEnsembleModel_Alpha158_csi300_custom_step0_s_20260830_16,3220c308b13f44f29a9d46be8c884b8c,0.109,,,
3933,2026-08-28,SZ000708,0.007651256290318846,EXP_DEnsembleModel_Alpha158_csi300_custom_step0_s_20260830_16,3220c308b13f44f29a9d46be8c884b8c,0.109,,,
3934,2026-08-28,SZ000001,0.08470005949067555,EXP_DEnsembleModel_Alpha158_csi300_custom_step0_s_20260830_16,3220c308b13f44f29a9d46be8c884b8c,0.109,,,
3935,2026-08-28,SH688981,-0.08798982341135815,EXP_DEnsembleModel_Alpha158_csi300_custom_step0_s_20260830_16,3220c308b13f44f29a9d46be8c884b8c,0.109,,,
3936,2026-08-28,SH688521,0.028220408361944758,EXP_DEnsembleModel_Alpha158_csi300_custom_step0_s_20260830_16,3220c308b13f44f29a9d46be8c884b8c,0.109,,,
3937,2026-08-28,SH688506,0.005741151860772392,EXP_DEnsembleModel_Alpha158_csi300_custom_step0_s_20260830_16,3220c308b13f44f29a9d46be8c884b8c,0.109,,,
3938,2026-08-28,SH603993,-0.1030357555280169,EXP_DEnsembleModel_Alpha158_csi300_custom_step0_s_20260830_16,3220c308b13f44f29a9d46be8c884b8c,0.109,,,
3939,2026-08-28,SH603986,-0.05219510573111744,EXP_DEnsembleModel_Alpha158_csi300_custom_step0_s_20260830_16,3220c308b13f44f29a9d46be8c884b8c,0.109,,,
3940,2026-08-28,SH603893,-0.023987209148803857,EXP_DEnsembleModel_Alpha158_csi300_custom_step0_s_20260830_16,3220c308b13f44f29a9d46be8c884b8c,0.109,,,
3941,2026-08-28,SH603799,-0.0458880186016067,EXP_DEnsembleModel_Alpha158_csi300_custom_step0_s_20260830_16,3220c308b13f44f29a9d46be8c884b8c,0.109,,,
3942,2026-08-28,SH603501,-0.15629454021663763,EXP_DEnsembleModel_Alpha158_csi300_custom_step0_s_20260830_16,3220c308b13f44f29a9d46be8c884b8c,0.109,,,
3943,2026-08-28,SH603392,-0.11673660064478839,EXP_DEnsembleModel_Alpha158_csi300_custom_step0_s_20260830_16,3220c308b13f44f29a9d46be8c884b8c,0.109,,,
3944,2026-08-28,SH603369,-0.052033292365033075,EXP_DEnsembleModel_Alpha158_csi300_custom_step0_s_20260830_16,3220c308b13f44f29a9d46be8c884b8c,0.109,,,
3945,2026-08-28,SH603296,-0.15654922975444555,EXP_DEnsembleModel_Alpha158_csi300_custom_step0_s_20260830_16,3220c308b13f44f29a9d46be8c884b8c,0.109,,,
3946,2026-08-28,SH603288,0.06328391488387367,EXP_DEnsembleModel_Alpha158_csi300_custom_step0_s_20260830_16,3220c308b13f44f29a9d46be8c884b8c,0.109,,,
3947,2026-08-28,SH603260,-0.09163320653846457,EXP_DEnsembleModel_Alpha158_csi300_custom_step0_s_20260830_16,3220c308b13f44f29a9d46be8c884b8c,0.109,,,
3948,2026-08-28,SH603259,-0.038703974351969324,EXP_DEnsembleModel_Alpha158_csi300_custom_step0_s_20260830_16,3220c308b13f44f29a9d46be8c884b8c,0.109,,,
3949,2026-08-28,SH603019,-0.06711784555954624,EXP_DEnsembleModel_Alpha158_csi300_custom_step0_s_20260830_16,3220c308b13f44f29a9d46be8c884b8c,0.109,,,
3950,2026-08-28,SH601998,0.03333933770796694,EXP_DEnsembleModel_Alpha158_csi300_custom_step0_s_20260830_16,3220c308b13f44f29a9d46be8c884b8c,0.109,,,
3951,2026-08-28,SH601995,0.0594197800916828,EXP_DEnsembleModel_Alpha158_csi300_custom_step0_s_20260830_16,3220c308b13f44f29a9d46be8c884b8c,0.109,,,
3952,2026-08-28,SH601988,0.08113298101467387,EXP_DEnsembleModel_Alpha158_csi300_custom_step0_s_20260830_16,3220c308b13f44f29a9d46be8c884b8c,0.109,,,
3953,2026-08-28,SH605117,-0.16492704244513037,EXP_DEnsembleModel_Alpha158_csi300_custom_step0_s_20260830_16,3220c308b13f44f29a9d46be8c884b8c,0.109,,,
3954,2026-08-28,SZ001391,0.06842942799181179,EXP_DEnsembleModel_Alpha158_csi300_custom_step0_s_20260830_16,3220c308b13f44f29a9d46be8c884b8c,0.109,,,
3955,2026-08-28,SH605499,-0.04393878548908382,EXP_DEnsembleModel_Alpha158_csi300_custom_step0_s_20260830_16,3220c308b13f44f29a9d46be8c884b8c,0.109,,,
3956,2026-08-28,SH688009,0.020670779871344802,EXP_DEnsembleModel_Alpha158_csi300_custom_step0_s_20260830_16,3220c308b13f44f29a9d46be8c884b8c,0.109,,,
3957,2026-08-28,SH688472,-0.10329554481860909,EXP_DEnsembleModel_Alpha158_csi300_custom_step0_s_20260830_16,3220c308b13f44f29a9d46be8c884b8c,0.109,,,
3958,2026-08-28,SH688396,-0.08888419593351239,EXP_DEnsembleModel_Alpha158_csi300_custom_step0_s_20260830_16,3220c308b13f44f29a9d46be8c884b8c,0.109,,,
3959,2026-08-28,SH688303,-0.09312708620241252,EXP_DEnsembleModel_Alpha158_csi300_custom_step0_s_20260830_16,3220c308b13f44f29a9d46be8c884b8c,0.109,,,
3960,2026-08-28,SH688271,-0.01847205136963388,EXP_DEnsembleModel_Alpha158_csi300_custom_step0_s_20260830_16,3220c308b13f44f29a9d46be8c884b8c,0.109,,,
3961,2026-08-28,SH688256,-0.07981102121562232,EXP_DEnsembleModel_Alpha158_csi300_custom_step0_s_20260830_16,3220c308b13f44f29a9d46be8c884b8c,0.109,,,
3962,2026-08-28,SH688223,-0.05131442814274809,EXP_DEnsembleModel_Alpha158_csi300_custom_step0_s_20260830_16,3220c308b13f44f29a9d46be8c884b8c,0.109,,,
3963,2026-08-28,SH688183,0.09144510778649452,EXP_DEnsembleModel_Alpha158_csi300_custom_step0_s_20260830_16,3220c308b13f44f29a9d46be8c884b8c,0.109,,,
3964,2026-08-28,SH688126,-0.10301424286287593,EXP_DEnsembleModel_Alpha158_csi300_custom_step0_s_20260830_16,3220c308b13f44f29a9d46be8c884b8c,0.109,,,
3965,2026-08-28,SH688111,-0.10080936082765797,EXP_DEnsembleModel_Alpha158_csi300_custom_step0_s_20260830_16,3220c308b13f44f29a9d46be8c884b8c,0.109,,,
3966,2026-08-28,SH688082,-0.08974596233109161,EXP_DEnsembleModel_Alpha158_csi300_custom_step0_s_20260830_16,3220c308b13f44f29a9d46be8c884b8c,0.109,,,
3967,2026-08-28,SH688072,-0.1582883193675264,EXP_DEnsembleModel_Alpha158_csi300_custom_step0_s_20260830_16,3220c308b13f44f29a9d46be8c884b8c,0.109,,,
3968,2026-08-28,SH688047,-0.06894380231918111,EXP_DEnsembleModel_Alpha158_csi300_custom_step0_s_20260830_16,3220c308b13f44f29a9d46be8c884b8c,0.109,,,
3969,2026-08-28,SH688041,0.06741466959173717,EXP_DEnsembleModel_Alpha158_csi300_custom_step0_s_20260830_16,3220c308b13f44f29a9d46be8c884b8c,0.109,,,
3970,2026-08-28,SH688036,-0.03055273400664985,EXP_DEnsembleModel_Alpha158_csi300_custom_step0_s_20260830_16,3220c308b13f44f29a9d46be8c884b8c,0.109,,,
3971,2026-08-28,SH688012,-0.16041422562161142,EXP_DEnsembleModel_Alpha158_csi300_custom_step0_s_20260830_16,3220c308b13f44f29a9d46be8c884b8c,0.109,,,
3972,2026-08-28,SH688008,-0.19863496810032613,EXP_DEnsembleModel_Alpha158_csi300_custom_step0_s_20260830_16,3220c308b13f44f29a9d46be8c884b8c,0.109,,,
3973,2026-08-28,SH601985,0.1076707090465515,EXP_DEnsembleModel_Alpha158_csi300_custom_step0_s_20260830_16,3220c308b13f44f29a9d46be8c884b8c,0.109,,,
3974,2026-08-28,SZ001965,-0.02081588811899682,EXP_DEnsembleModel_Alpha158_csi300_custom_step0_s_20260830_16,3220c308b13f44f29a9d46be8c884b8c,0.109,,,
3975,2026-08-28,SZ002001,-0.0033484358504677664,EXP_DEnsembleModel_Alpha158_csi300_custom_step0_s_20260830_16,3220c308b13f44f29a9d46be8c884b8c,0.109,,,
3976,2026-08-28,SZ300413,0.0017688403694966193,EXP_DEnsembleModel_Alpha158_csi300_custom_step0_s_20260830_16,3220c308b13f44f29a9d46be8c884b8c,0.109,,,
3977,2026-08-28,SZ300408,0.021713785393093172,EXP_DEnsembleModel_Alpha158_csi300_custom_step0_s_20260830_16,3220c308b13f44f29a9d46be8c884b8c,0.109,,,
3978,2026-08-28,SZ300394,0.02118705966621111,EXP_DEnsembleModel_Alpha158_csi300_custom_step0_s_20260830_16,3220c308b13f44f29a9d46be8c884b8c,0.109,,,
3979,2026-08-28,SZ300316,-0.1538037450822657,EXP_DEnsembleModel_Alpha158_csi300_custom_step0_s_20260830_16,3220c308b13f44f29a9d46be8c884b8c,0.109,,,
3980,2026-08-28,SZ300308,0.01943183728285743,EXP_DEnsembleModel_Alpha158_csi300_custom_step0_s_20260830_16,3220c308b13f44f29a9d46be8c884b8c,0.109,,,
3981,2026-08-28,SZ300274,0.043127115831963436,EXP_DEnsembleModel_Alpha158_csi300_custom_step0_s_20260830_16,3220c308b13f44f29a9d46be8c884b8c,0.109,,,
3982,2026-08-28,SZ300418,-0.11878202280239335,EXP_DEnsembleModel_Alpha158_csi300_custom_step0_s_20260830_16,3220c308b13f44f29a9d46be8c884b8c,0.109,,,
3983,2026-08-28,SZ300251,-0.018244284084366482,EXP_DEnsembleModel_Alpha158_csi300_custom_step0_s_20260830_16,3220c308b13f44f29a9d46be8c884b8c,0.109,,,
3984,2026-08-28,SZ300122,-0.010255637510164397,EXP_DEnsembleModel_Alpha158_csi300_custom_step0_s_20260830_16,3220c308b13f44f29a9d46be8c884b8c,0.109,,,
3985,2026-08-28,SZ300059,0.03306517594299902,EXP_DEnsembleModel_Alpha158_csi300_custom_step0_s_20260830_16,3220c308b13f44f29a9d46be8c884b8c,0.109,,,
3986,2026-08-28,SZ300033,-0.09316672923032787,EXP_DEnsembleModel_Alpha158_csi300_custom_step0_s_20260830_16,3220c308b13f44f29a9d46be8c884b8c,0.109,,,
3987,2026-08-28,SZ300015,0.016510483173921647,EXP_DEnsembleModel_Alpha158_csi300_custom_step0_s_20260830_16,3220c308b13f44f29a9d46be8c884b8c,0.109,,,
3988,2026-08-28,SZ300014,0.013131513604951748,EXP_DEnsembleModel_Alpha158_csi300_custom_step0_s_20260830_16,3220c308b13f44f29a9d46be8c884b8c,0.109,,,
3989,2026-08-28,SZ003816,0.010271915377815946,EXP_DEnsembleModel_Alpha158_csi300_custom_step0_s_20260830_16,3220c308b13f44f29a9d46be8c884b8c,0.109,,,
3990,2026-08-28,SZ300124,-0.06633260680811749,EXP_DEnsembleModel_Alpha158_csi300_custom_step0_s_20260830_16,3220c308b13f44f29a9d46be8c884b8c,0.109,,,
3991,2026-08-28,SZ300433,-0.07596337853239012,EXP_DEnsembleModel_Alpha158_csi300_custom_step0_s_20260830_16,3220c308b13f44f29a9d46be8c884b8c,0.109,,,
3992,2026-08-28,SZ300442,-0.12412759671582091,EXP_DEnsembleModel_Alpha158_csi300_custom_step0_s_20260830_16,3220c308b13f44f29a9d46be8c884b8c,0.109,,,
3993,2026-08-28,SZ300450,-0.03745291267442095,EXP_DEnsembleModel_Alpha158_csi300_custom_step0_s_20260830_16,3220c308b13f44f29a9d46be8c884b8c,0.109,,,
3994,2026-08-28,SZ301269,-0.16671727551352847,EXP_DEnsembleModel_Alpha158_csi300_custom_step0_s_20260830_16,3220c308b13f44f29a9d46be8c884b8c,0.109,,,
3995,2026-08-28,SZ301236,-0.14616024483097528,EXP_DEnsembleModel_Alpha158_csi300_custom_step0_s_20260830_16,3220c308b13f44f29a9d46be8c884b8c,0.109,,,
3996,2026-08-28,SZ301165,-0.025989312780582786,EXP_DEnsembleModel_Alpha158_csi300_custom_step0_s_20260830_16,3220c308b13f44f29a9d46be8c884b8c,0.109,,,
3997,2026-08-28,SZ300999,0.010028362302500917,EXP_DEnsembleModel_Alpha158_csi300_custom_step0_s_20260830_16,3220c308b13f44f29a9d46be8c884b8c,0.109,,,
3998,2026-08-28,SZ300896,-0.05180376674343153,EXP_DEnsembleModel_Alpha158_csi300_custom_step0_s_20260830_16,3220c308b13f44f29a9d46be8c884b8c,0.109,,,
3999,2026-08-28,SZ300866,-0.11273969952891653,EXP_DEnsembleModel_Alpha158_csi300_custom_step0_s_20260830_16,3220c308b13f44f29a9d46be8c884b8c,0.109,,,
4000,2026-08-28,SZ300832,-0.10553127789446608,EXP_DEnsembleModel_Alpha158_csi300_custom_step0_s_20260830_16,3220c308b13f44f29a9d46be8c884b8c,0.109,,,
4001,2026-08-28,SZ300803,-0.06439253417897187,EXP_DEnsembleModel_Alpha158_csi300_custom_step0_s_20260830_16,3220c308b13f44f29a9d46be8c884b8c,0.109,,,
4002,2026-08-28,SZ300760,-0.017536856202878683,EXP_DEnsembleModel_Alpha158_csi300_custom_step0_s_20260830_16,3220c308b13f44f29a9d46be8c884b8c,0.109,,,
4003,2026-08-28,SZ300750,-0.007130680985768687,EXP_DEnsembleModel_Alpha158_csi300_custom_step0_s_20260830_16,3220c308b13f44f29a9d46be8c884b8c,0.109,,,
4004,2026-08-28,SZ300661,-0.03505897993658857,EXP_DEnsembleModel_Alpha158_csi300_custom_step0_s_20260830_16,3220c308b13f44f29a9d46be8c884b8c,0.109,,,
4005,2026-08-28,SZ300628,-0.03293220152470346,EXP_DEnsembleModel_Alpha158_csi300_custom_step0_s_20260830_16,3220c308b13f44f29a9d46be8c884b8c,0.109,,,
4006,2026-08-28,SZ300502,0.09046307024309323,EXP_DEnsembleModel_Alpha158_csi300_custom_step0_s_20260830_16,3220c308b13f44f29a9d46be8c884b8c,0.109,,,
4007,2026-08-28,SZ300498,0.010237557805125993,EXP_DEnsembleModel_Alpha158_csi300_custom_step0_s_20260830_16,3220c308b13f44f29a9d46be8c884b8c,0.109,,,
4008,2026-08-28,SZ300476,0.12021742439701773,EXP_DEnsembleModel_Alpha158_csi300_custom_step0_s_20260830_16,3220c308b13f44f29a9d46be8c884b8c,0.109,,,
4009,2026-08-28,SZ002938,-0.12865926877777428,EXP_DEnsembleModel_Alpha158_csi300_custom_step0_s_20260830_16,3220c308b13f44f29a9d46be8c884b8c,0.109,,,
4010,2026-08-28,SZ002920,-0.009433882702885076,EXP_DEnsembleModel_Alpha158_csi300_custom_step0_s_20260830_16,3220c308b13f44f29a9d46be8c884b8c,0.109,,,
4011,2026-08-28,SZ002916,-0.1273910518628428,EXP_DEnsembleModel_Alpha158_csi300_custom_step0_s_20260830_16,3220c308b13f44f29a9d46be8c884b8c,0.109,,,
4012,2026-08-28,SZ002837,-0.08708024867981289,EXP_DEnsembleModel_Alpha158_csi300_custom_step0_s_20260830_16,3220c308b13f44f29a9d46be8c884b8c,0.109,,,
4013,2026-08-28,SZ002353,0.03141455216090791,EXP_DEnsembleModel_Alpha158_csi300_custom_step0_s_20260830_16,3220c308b13f44f29a9d46be8c884b8c,0.109,,,
4014,2026-08-28,SZ002352,0.004527996923071425,EXP_DEnsembleModel_Alpha158_csi300_custom_step0_s_20260830_16,3220c308b13f44f29a9d46be8c884b8c,0.109,,,
4015,2026-08-28,SZ002311,0.021492515187388025,EXP_DEnsembleModel_Alpha158_csi300_custom_step0_s_20260830_16,3220c308b13f44f29a9d46be8c884b8c,0.109,,,
4016,2026-08-28,SZ002304,0.03102885717542957,EXP_DEnsembleModel_Alpha158_csi300_custom_step0_s_20260830_16,3220c308b13f44f29a9d46be8c884b8c,0.109,,,
4017,2026-08-28,SZ002241,-0.10641872336033985,EXP_DEnsembleModel_Alpha158_csi300_custom_step0_s_20260830_16,3220c308b13f44f29a9d46be8c884b8c,0.109,,,
4018,2026-08-28,SZ002236,0.11570462937927024,EXP_DEnsembleModel_Alpha158_csi300_custom_step0_s_20260830_16,3220c308b13f44f29a9d46be8c884b8c,0.109,,,
4019,2026-08-28,SZ002230,-0.022613747563510398,EXP_DEnsembleModel_Alpha158_csi300_custom_step0_s_20260830_16,3220c308b13f44f29a9d46be8c884b8c,0.109,,,
4020,2026-08-28,SZ002202,-0.006806147481518855,EXP_DEnsembleModel_Alpha158_csi300_custom_step0_s_20260830_16,3220c308b13f44f29a9d46be8c884b8c,0.109,,,
4021,2026-08-28,SZ002179,-0.07489784705006132,EXP_DEnsembleModel_Alpha158_csi300_custom_step0_s_20260830_16,3220c308b13f44f29a9d46be8c884b8c,0.109,,,
4022,2026-08-28,SZ002142,0.007787940901209518,EXP_DEnsembleModel_Alpha158_csi300_custom_step0_s_20260830_16,3220c308b13f44f29a9d46be8c884b8c,0.109,,,
4023,2026-08-28,SZ002074,-0.08113765227148005,EXP_DEnsembleModel_Alpha158_csi300_custom_step0_s_20260830_16,3220c308b13f44f29a9d46be8c884b8c,0.109,,,
4024,2026-08-28,SZ002050,-0.088791559939198,EXP_DEnsembleModel_Alpha158_csi300_custom_step0_s_20260830_16,3220c308b13f44f29a9d46be8c884b8c,0.109,,,
4025,2026-08-28,SZ002049,-0.05556449699875246,EXP_DEnsembleModel_Alpha158_csi300_custom_step0_s_20260830_16,3220c308b13f44f29a9d46be8c884b8c,0.109,,,
4026,2026-08-28,SZ002028,0.030888478398510562,EXP_DEnsembleModel_Alpha158_csi300_custom_step0_s_20260830_16,3220c308b13f44f29a9d46be8c884b8c,0.109,,,
4027,2026-08-28,SZ002027,0.09942370151545779,EXP_DEnsembleModel_Alpha158_csi300_custom_step0_s_20260830_16,3220c308b13f44f29a9d46be8c884b8c,0.109,,,
4028,2026-08-28,SZ002371,-0.14247813744759705,EXP_DEnsembleModel_Alpha158_csi300_custom_step0_s_20260830_16,3220c308b13f44f29a9d46be8c884b8c,0.109,,,
4029,2026-08-28,SZ001979,-0.08981639134350766,EXP_DEnsembleModel_Alpha158_csi300_custom_step0_s_20260830_16,3220c308b13f44f29a9d46be8c884b8c,0.109,,,
4030,2026-08-28,SZ002384,-0.08614837036436064,EXP_DEnsembleModel_Alpha158_csi300_custom_step0_s_20260830_16,3220c308b13f44f29a9d46be8c884b8c,0.109,,,
4031,2026-08-28,SZ002422,-0.04269306147772436,EXP_DEnsembleModel_Alpha158_csi300_custom_step0_s_20260830_16,3220c308b13f44f29a9d46be8c884b8c,0.109,,,
4032,2026-08-28,SZ002736,0.07776924457197101,EXP_DEnsembleModel_Alpha158_csi300_custom_step0_s_20260830_16,3220c308b13f44f29a9d46be8c884b8c,0.109,,,
4033,2026-08-28,SZ002714,-0.06367923447318484,EXP_DEnsembleModel_Alpha158_csi300_custom_step0_s_20260830_16,3220c308b13f44f29a9d46be8c884b8c,0.109,,,
4034,2026-08-28,SZ002709,-0.019606444175483257,EXP_DEnsembleModel_Alpha158_csi300_custom_step0_s_20260830_16,3220c308b13f44f29a9d46be8c884b8c,0.109,,,
4035,2026-08-28,SZ002648,0.018899959893537384,EXP_DEnsembleModel_Alpha158_csi300_custom_step0_s_20260830_16,3220c308b13f44f29a9d46be8c884b8c,0.109,,,
4036,2026-08-28,SZ002625,-0.08820341833724404,EXP_DEnsembleModel_Alpha158_csi300_custom_step0_s_20260830_16,3220c308b13f44f29a9d46be8c884b8c,0.109,,,
4037,2026-08-28,SZ002602,-0.020515021153641216,EXP_DEnsembleModel_Alpha158_csi300_custom_step0_s_20260830_16,3220c308b13f44f29a9d46be8c884b8c,0.109,,,
4038,2026-08-28,SZ002600,-0.06750212345002475,EXP_DEnsembleModel_Alpha158_csi300_custom_step0_s_20260830_16,3220c308b13f44f29a9d46be8c884b8c,0.109,,,
4039,2026-08-28,SZ002594,0.03987127115445042,EXP_DEnsembleModel_Alpha158_csi300_custom_step0_s_20260830_16,3220c308b13f44f29a9d46be8c884b8c,0.109,,,
4040,2026-08-28,SZ002558,0.05212255519150367,EXP_DEnsembleModel_Alpha158_csi300_custom_step0_s_20260830_16,3220c308b13f44f29a9d46be8c884b8c,0.109,,,
4041,2026-08-28,SZ002532,-0.12388567135523736,EXP_DEnsembleModel_Alpha158_csi300_custom_step0_s_20260830_16,3220c308b13f44f29a9d46be8c884b8c,0.109,,,
4042,2026-08-28,SZ002493,-0.17163350541543296,EXP_DEnsembleModel_Alpha158_csi300_custom_step0_s_20260830_16,3220c308b13f44f29a9d46be8c884b8c,0.109,,,
4043,2026-08-28,SZ002475,-0.10357211218247193,EXP_DEnsembleModel_Alpha158_csi300_custom_step0_s_20260830_16,3220c308b13f44f29a9d46be8c884b8c,0.109,,,
4044,2026-08-28,SZ002466,0.00125818842970397,EXP_DEnsembleModel_Alpha158_csi300_custom_step0_s_20260830_16,3220c308b13f44f29a9d46be8c884b8c,0.109,,,
4045,2026-08-28,SZ002463,-0.09428212616683594,EXP_DEnsembleModel_Alpha158_csi300_custom_step0_s_20260830_16,3220c308b13f44f29a9d46be8c884b8c,0.109,,,
4046,2026-08-28,SZ002460,-0.14786752300538727,EXP_DEnsembleModel_Alpha158_csi300_custom_step0_s_20260830_16,3220c308b13f44f29a9d46be8c884b8c,0.109,,,
4047,2026-08-28,SZ002415,-0.004957829161982153,EXP_DEnsembleModel_Alpha158_csi300_custom_step0_s_20260830_16,3220c308b13f44f29a9d46be8c884b8c,0.109,,,
4048,2026-08-28,SH600000,0.09367170219280734,EXP_DEnsembleModel_Alpha158_csi300_custom_step0_s_20260830_16,3220c308b13f44f29a9d46be8c884b8c,0.109,,,
4049,2026-08-28,SH601939,0.06183870295889222,EXP_DEnsembleModel_Alpha158_csi300_custom_step0_s_20260830_16,3220c308b13f44f29a9d46be8c884b8c,0.109,,,
4050,2026-08-28,SH601916,0.09425090619174796,EXP_DEnsembleModel_Alpha158_csi300_custom_step0_s_20260830_16,3220c308b13f44f29a9d46be8c884b8c,0.109,,,
4051,2026-08-28,SH600547,-0.06665321502591226,EXP_DEnsembleModel_Alpha158_csi300_custom_step0_s_20260830_16,3220c308b13f44f29a9d46be8c884b8c,0.109,,,
4052,2026-08-28,SH600522,-0.08674682371446275,EXP_DEnsembleModel_Alpha158_csi300_custom_step0_s_20260830_16,3220c308b13f44f29a9d46be8c884b8c,0.109,,,
4053,2026-08-28,SH600519,0.0819083724740633,EXP_DEnsembleModel_Alpha158_csi300_custom_step0_s_20260830_16,3220c308b13f44f29a9d46be8c884b8c,0.109,,,
4054,2026-08-28,SH600515,-0.006356074956778971,EXP_DEnsembleModel_Alpha158_csi300_custom_step0_s_20260830_16,3220c308b13f44f29a9d46be8c884b8c,0.109,,,
4055,2026-08-28,SH600489,-0.05157497803573286,EXP_DEnsembleModel_Alpha158_csi300_custom_step0_s_20260830_16,3220c308b13f44f29a9d46be8c884b8c,0.109,,,
4056,2026-08-28,SH600482,-0.10579151344249006,EXP_DEnsembleModel_Alpha158_csi300_custom_step0_s_20260830_16,3220c308b13f44f29a9d46be8c884b8c,0.109,,,
4057,2026-08-28,SH600549,-0.07730418102791485,EXP_DEnsembleModel_Alpha158_csi300_custom_step0_s_20260830_16,3220c308b13f44f29a9d46be8c884b8c,0.109,,,
4058,2026-08-28,SH600460,-0.042423723448014955,EXP_DEnsembleModel_Alpha158_csi300_custom_step0_s_20260830_16,3220c308b13f44f29a9d46be8c884b8c,0.109,,,
4059,2026-08-28,SH600436,0.005345065818701146,EXP_DEnsembleModel_Alpha158_csi300_custom_step0_s_20260830_16,3220c308b13f44f29a9d46be8c884b8c,0.109,,,
4060,2026-08-28,SH600426,-0.02164777505838885,EXP_DEnsembleModel_Alpha158_csi300_custom_step0_s_20260830_16,3220c308b13f44f29a9d46be8c884b8c,0.109,,,
4061,2026-08-28,SH600415,-0.10371302130965922,EXP_DEnsembleModel_Alpha158_csi300_custom_step0_s_20260830_16,3220c308b13f44f29a9d46be8c884b8c,0.109,,,
4062,2026-08-28,SH600406,0.013854650919350972,EXP_DEnsembleModel_Alpha158_csi300_custom_step0_s_20260830_16,3220c308b13f44f29a9d46be8c884b8c,0.109,,,
4063,2026-08-28,SH600372,0.039130955388931694,EXP_DEnsembleModel_Alpha158_csi300_custom_step0_s_20260830_16,3220c308b13f44f29a9d46be8c884b8c,0.109,,,
4064,2026-08-28,SH600362,-0.15532002427162497,EXP_DEnsembleModel_Alpha158_csi300_custom_step0_s_20260830_16,3220c308b13f44f29a9d46be8c884b8c,0.109,,,
4065,2026-08-28,SH600438,-0.1689893397258329,EXP_DEnsembleModel_Alpha158_csi300_custom_step0_s_20260830_16,3220c308b13f44f29a9d46be8c884b8c,0.109,,,
4066,2026-08-28,SH600570,-0.04660300012138309,EXP_DEnsembleModel_Alpha158_csi300_custom_step0_s_20260830_16,3220c308b13f44f29a9d46be8c884b8c,0.109,,,
4067,2026-08-28,SH600584,-0.04295495714880625,EXP_DEnsembleModel_Alpha158_csi300_custom_step0_s_20260830_16,3220c308b13f44f29a9d46be8c884b8c,0.109,,,
4068,2026-08-28,SH600585,0.08195570316398278,EXP_DEnsembleModel_Alpha158_csi300_custom_step0_s_20260830_16,3220c308b13f44f29a9d46be8c884b8c,0.109,,,
4069,2026-08-28,SH600893,0.01794272057640184,EXP_DEnsembleModel_Alpha158_csi300_custom_step0_s_20260830_16,3220c308b13f44f29a9d46be8c884b8c,0.109,,,
4070,2026-08-28,SH600887,-0.02902449903488783,EXP_DEnsembleModel_Alpha158_csi300_custom_step0_s_20260830_16,3220c308b13f44f29a9d46be8c884b8c,0.109,,,
4071,2026-08-28,SH600886,0.06131420530602609,EXP_DEnsembleModel_Alpha158_csi300_custom_step0_s_20260830_16,3220c308b13f44f29a9d46be8c884b8c,0.109,,,
4072,2026-08-28,SH600875,-0.1590425315155463,EXP_DEnsembleModel_Alpha158_csi300_custom_step0_s_20260830_16,3220c308b13f44f29a9d46be8c884b8c,0.109,,,
4073,2026-08-28,SH600845,-0.033361069751014306,EXP_DEnsembleModel_Alpha158_csi300_custom_step0_s_20260830_16,3220c308b13f44f29a9d46be8c884b8c,0.109,,,
4074,2026-08-28,SH600809,-0.05802707073587558,EXP_DEnsembleModel_Alpha158_csi300_custom_step0_s_20260830_16,3220c308b13f44f29a9d46be8c884b8c,0.109,,,
4075,2026-08-28,SH600803,0.06467874490761999,EXP_DEnsembleModel_Alpha158_csi300_custom_step0_s_20260830_16,3220c308b13f44f29a9d46be8c884b8c,0.109,,,
4076,2026-08-28,SH600795,0.03738612393255121,EXP_DEnsembleModel_Alpha158_csi300_custom_step0_s_20260830_16,3220c308b13f44f29a9d46be8c884b8c,0.109,,,
4077,2026-08-28,SH600760,0.10266420929862471,EXP_DEnsembleModel_Alpha158_csi300_custom_step0_s_20260830_16,3220c308b13f44f29a9d46be8c884b8c,0.109,,,
4078,2026-08-28,SH600741,0.012144952288290023,EXP_DEnsembleModel_Alpha158_csi300_custom_step0_s_20260830_16,3220c308b13f44f29a9d46be8c884b8c,0.109,,,
4079,2026-08-28,SH600690,0.008165752740348456,EXP_DEnsembleModel_Alpha158_csi300_custom_step0_s_20260830_16,3220c308b13f44f29a9d46be8c884b8c,0.109,,,
4080,2026-08-28,SH600674,0.05054422170767351,EXP_DEnsembleModel_Alpha158_csi300_custom_step0_s_20260830_16,3220c308b13f44f29a9d46be8c884b8c,0.109,,,
4081,2026-08-28,SH600660,-0.016760168659397563,EXP_DEnsembleModel_Alpha158_csi300_custom_step0_s_20260830_16,3220c308b13f44f29a9d46be8c884b8c,0.109,,,
4082,2026-08-28,SH600600,0.042068865195012795,EXP_DEnsembleModel_Alpha158_csi300_custom_step0_s_20260830_16,3220c308b13f44f29a9d46be8c884b8c,0.109,,,
4083,2026-08-28,SH600588,0.09863030977780428,EXP_DEnsembleModel_Alpha158_csi300_custom_step0_s_20260830_16,3220c308b13f44f29a9d46be8c884b8c,0.109,,,
4084,2026-08-28,SH600346,0.08536211622667056,EXP_DEnsembleModel_Alpha158_csi300_custom_step0_s_20260830_16,3220c308b13f44f29a9d46be8c884b8c,0.109,,,
4085,2026-08-28,SH600309,0.03464122130951223,EXP_DEnsembleModel_Alpha158_csi300_custom_step0_s_20260830_16,3220c308b13f44f29a9d46be8c884b8c,0.109,,,
4086,2026-08-28,SH600276,0.018456364382350824,EXP_DEnsembleModel_Alpha158_csi300_custom_step0_s_20260830_16,3220c308b13f44f29a9d46be8c884b8c,0.109,,,
4087,2026-08-28,SH600233,-0.024597765712452414,EXP_DEnsembleModel_Alpha158_csi300_custom_step0_s_20260830_16,3220c308b13f44f29a9d46be8c884b8c,0.109,,,
4088,2026-08-28,SH600036,0.054194850275877136,EXP_DEnsembleModel_Alpha158_csi300_custom_step0_s_20260830_16,3220c308b13f44f29a9d46be8c884b8c,0.109,,,
4089,2026-08-28,SH600031,-0.009580793950194602,EXP_DEnsembleModel_Alpha158_csi300_custom_step0_s_20260830_16,3220c308b13f44f29a9d46be8c884b8c,0.109,,,
4090,2026-08-28,SH600030,0.10807558084230057,EXP_DEnsembleModel_Alpha158_csi300_custom_step0_s_20260830_16,3220c308b13f44f29a9d46be8c884b8c,0.109,,,
4091,2026-08-28,SH600029,0.032589952664034416,EXP_DEnsembleModel_Alpha158_csi300_custom_step0_s_20260830_16,3220c308b13f44f29a9d46be8c884b8c,0.109,,,
4092,2026-08-28,SH600028,0.048702517705256666,EXP_DEnsembleModel_Alpha158_csi300_custom_step0_s_20260830_16,3220c308b13f44f29a9d46be8c884b8c,0.109,,,
4093,2026-08-28,SH600027,-0.03019329266091871,EXP_DEnsembleModel_Alpha158_csi300_custom_step0_s_20260830_16,3220c308b13f44f29a9d46be8c884b8c,0.109,,,
4094,2026-08-28,SH600026,0.01703051644514613,EXP_DEnsembleModel_Alpha158_csi300_custom_step0_s_20260830_16,3220c308b13f44f29a9d46be8c884b8c,0.109,,,
4095,2026-08-28,SH600025,0.054420827705969226,EXP_DEnsembleModel_Alpha158_csi300_custom_step0_s_20260830_16,3220c308b13f44f29a9d46be8c884b8c,0.109,,,
4096,2026-08-28,SH600023,0.07118104069781639,EXP_DEnsembleModel_Alpha158_csi300_custom_step0_s_20260830_16,3220c308b13f44f29a9d46be8c884b8c,0.109,,,
4097,2026-08-28,SH600019,0.03408645828112887,EXP_DEnsembleModel_Alpha158_csi300_custom_step0_s_20260830_16,3220c308b13f44f29a9d46be8c884b8c,0.109,,,
4098,2026-08-28,SH600018,0.08594105419929834,EXP_DEnsembleModel_Alpha158_csi300_custom_step0_s_20260830_16,3220c308b13f44f29a9d46be8c884b8c,0.109,,,
4099,2026-08-28,SH600016,0.06279908190472831,EXP_DEnsembleModel_Alpha158_csi300_custom_step0_s_20260830_16,3220c308b13f44f29a9d46be8c884b8c,0.109,,,
4100,2026-08-28,SH600015,0.08048893351909979,EXP_DEnsembleModel_Alpha158_csi300_custom_step0_s_20260830_16,3220c308b13f44f29a9d46be8c884b8c,0.109,,,
4101,2026-08-28,SH600011,0.03755263735348476,EXP_DEnsembleModel_Alpha158_csi300_custom_step0_s_20260830_16,3220c308b13f44f29a9d46be8c884b8c,0.109,,,
4102,2026-08-28,SH600010,0.052774135552168484,EXP_DEnsembleModel_Alpha158_csi300_custom_step0_s_20260830_16,3220c308b13f44f29a9d46be8c884b8c,0.109,,,
4103,2026-08-28,SH600039,0.022746828666010414,EXP_DEnsembleModel_Alpha158_csi300_custom_step0_s_20260830_16,3220c308b13f44f29a9d46be8c884b8c,0.109,,,
4104,2026-08-28,SH600900,0.06725669900999467,EXP_DEnsembleModel_Alpha158_csi300_custom_step0_s_20260830_16,3220c308b13f44f29a9d46be8c884b8c,0.109,,,
4105,2026-08-28,SH600048,0.04081806369672499,EXP_DEnsembleModel_Alpha158_csi300_custom_step0_s_20260830_16,3220c308b13f44f29a9d46be8c884b8c,0.109,,,
4106,2026-08-28,SH600061,0.06743257657179205,EXP_DEnsembleModel_Alpha158_csi300_custom_step0_s_20260830_16,3220c308b13f44f29a9d46be8c884b8c,0.109,,,
4107,2026-08-28,SH600221,0.08053705119277009,EXP_DEnsembleModel_Alpha158_csi300_custom_step0_s_20260830_16,3220c308b13f44f29a9d46be8c884b8c,0.109,,,
4108,2026-08-28,SH600219,-0.10889475124754643,EXP_DEnsembleModel_Alpha158_csi300_custom_step0_s_20260830_16,3220c308b13f44f29a9d46be8c884b8c,0.109,,,
4109,2026-08-28,SH600196,-0.018227267967257314,EXP_DEnsembleModel_Alpha158_csi300_custom_step0_s_20260830_16,3220c308b13f44f29a9d46be8c884b8c,0.109,,,
4110,2026-08-28,SH600188,-0.0901275327356097,EXP_DEnsembleModel_Alpha158_csi300_custom_step0_s_20260830_16,3220c308b13f44f29a9d46be8c884b8c,0.109,,,
4111,2026-08-28,SH600183,0.006126827790355735,EXP_DEnsembleModel_Alpha158_csi300_custom_step0_s_20260830_16,3220c308b13f44f29a9d46be8c884b8c,0.109,,,
4112,2026-08-28,SH600176,-0.03570916880550381,EXP_DEnsembleModel_Alpha158_csi300_custom_step0_s_20260830_16,3220c308b13f44f29a9d46be8c884b8c,0.109,,,
4113,2026-08-28,SH600160,-0.08437576168911527,EXP_DEnsembleModel_Alpha158_csi300_custom_step0_s_20260830_16,3220c308b13f44f29a9d46be8c884b8c,0.109,,,
4114,2026-08-28,SH600150,0.044426834560047826,EXP_DEnsembleModel_Alpha158_csi300_custom_step0_s_20260830_16,3220c308b13f44f29a9d46be8c884b8c,0.109,,,
4115,2026-08-28,SH600118,-0.11913181157358016,EXP_DEnsembleModel_Alpha158_csi300_custom_step0_s_20260830_16,3220c308b13f44f29a9d46be8c884b8c,0.109,,,
4116,2026-08-28,SH600115,0.02898727222517002,EXP_DEnsembleModel_Alpha158_csi300_custom_step0_s_20260830_16,3220c308b13f44f29a9d46be8c884b8c,0.109,,,
4117,2026-08-28,SH600111,-0.0565297416653059,EXP_DEnsembleModel_Alpha158_csi300_custom_step0_s_20260830_16,3220c308b13f44f29a9d46be8c884b8c,0.109,,,
4118,2026-08-28,SH600104,-0.020032319674411946,EXP_DEnsembleModel_Alpha158_csi300_custom_step0_s_20260830_16,3220c308b13f44f29a9d46be8c884b8c,0.109,,,
4119,2026-08-28,SH600089,-0.0648882999180632,EXP_DEnsembleModel_Alpha158_csi300_custom_step0_s_20260830_16,3220c308b13f44f29a9d46be8c884b8c,0.109,,,
4120,2026-08-28,SH600085,0.05219960501195156,EXP_DEnsembleModel_Alpha158_csi300_custom_step0_s_20260830_16,3220c308b13f44f29a9d46be8c884b8c,0.109,,,
4121,2026-08-28,SH600066,-0.030399632596066484,EXP_DEnsembleModel_Alpha158_csi300_custom_step0_s_20260830_16,3220c308b13f44f29a9d46be8c884b8c,0.109,,,
4122,2026-08-28,SH600050,0.10460554496656974,EXP_DEnsembleModel_Alpha158_csi300_custom_step0_s_20260830_16,3220c308b13f44f29a9d46be8c884b8c,0.109,,,
4123,2026-08-28,SH601919,0.09646203675252488,EXP_DEnsembleModel_Alpha158_csi300_custom_step0_s_20260830_16,3220c308b13f44f29a9d46be8c884b8c,0.109,,,
4124,2026-08-28,SH600905,0.05765125291557693,EXP_DEnsembleModel_Alpha158_csi300_custom_step0_s_20260830_16,3220c308b13f44f29a9d46be8c884b8c,0.109,,,
4125,2026-08-28,SH600919,0.06379611806863252,EXP_DEnsembleModel_Alpha158_csi300_custom_step0_s_20260830_16,3220c308b13f44f29a9d46be8c884b8c,0.109,,,
4126,2026-08-28,SH601698,-0.017684229083415517,EXP_DEnsembleModel_Alpha158_csi300_custom_step0_s_20260830_16,3220c308b13f44f29a9d46be8c884b8c,0.109,,,
4127,2026-08-28,SH601689,-0.07088148366828505,EXP_DEnsembleModel_Alpha158_csi300_custom_step0_s_20260830_16,3220c308b13f44f29a9d46be8c884b8c,0.109,,,
4128,2026-08-28,SH601688,0.03488507974860993,EXP_DEnsembleModel_Alpha158_csi300_custom_step0_s_20260830_16,3220c308b13f44f29a9d46be8c884b8c,0.109,,,
4129,2026-08-28,SH601669,0.0532848412112435,EXP_DEnsembleModel_Alpha158_csi300_custom_step0_s_20260830_16,3220c308b13f44f29a9d46be8c884b8c,0.109,,,
4130,2026-08-28,SH601668,0.024112527763948028,EXP_DEnsembleModel_Alpha158_csi300_custom_step0_s_20260830_16,3220c308b13f44f29a9d46be8c884b8c,0.109,,,
4131,2026-08-28,SH601658,0.07655851452526055,EXP_DEnsembleModel_Alpha158_csi300_custom_step0_s_20260830_16,3220c308b13f44f29a9d46be8c884b8c,0.109,,,
4132,2026-08-28,SH601727,-0.02996071003319751,EXP_DEnsembleModel_Alpha158_csi300_custom_step0_s_20260830_16,3220c308b13f44f29a9d46be8c884b8c,0.109,,,
4133,2026-08-28,SH601633,0.05641616018544578,EXP_DEnsembleModel_Alpha158_csi300_custom_step0_s_20260830_16,3220c308b13f44f29a9d46be8c884b8c,0.109,,,
4134,2026-08-28,SH601618,0.026328167359278096,EXP_DEnsembleModel_Alpha158_csi300_custom_step0_s_20260830_16,3220c308b13f44f29a9d46be8c884b8c,0.109,,,
4135,2026-08-28,SH601607,0.10679682113603339,EXP_DEnsembleModel_Alpha158_csi300_custom_step0_s_20260830_16,3220c308b13f44f29a9d46be8c884b8c,0.109,,,
4136,2026-08-28,SH601601,-0.016786722081012017,EXP_DEnsembleModel_Alpha158_csi300_custom_step0_s_20260830_16,3220c308b13f44f29a9d46be8c884b8c,0.109,,,
4137,2026-08-28,SH601600,-0.07309805983948699,EXP_DEnsembleModel_Alpha158_csi300_custom_step0_s_20260830_16,3220c308b13f44f29a9d46be8c884b8c,0.109,,,
4138,2026-08-28,SH601456,0.11034875615676087,EXP_DEnsembleModel_Alpha158_csi300_custom_step0_s_20260830_16,3220c308b13f44f29a9d46be8c884b8c,0.109,,,
4139,2026-08-28,SH601398,0.09794404082184079,EXP_DEnsembleModel_Alpha158_csi300_custom_step0_s_20260830_16,3220c308b13f44f29a9d46be8c884b8c,0.109,,,
4140,2026-08-28,SH601628,-0.0035180253155311977,EXP_DEnsembleModel_Alpha158_csi300_custom_step0_s_20260830_16,3220c308b13f44f29a9d46be8c884b8c,0.109,,,
4141,2026-08-28,SH601728,0.028849288471931484,EXP_DEnsembleModel_Alpha158_csi300_custom_step0_s_20260830_16,3220c308b13f44f29a9d46be8c884b8c,0.109,,,
4142,2026-08-28,SH601766,0.05350151010811388,EXP_DEnsembleModel_Alpha158_csi300_custom_step0_s_20260830_16,3220c308b13f44f29a9d46be8c884b8c,0.109,,,
4143,2026-08-28,SH601788,0.05110829611433243,EXP_DEnsembleModel_Alpha158_csi300_custom_step0_s_20260830_16,3220c308b13f44f29a9d46be8c884b8c,0.109,,,
4144,2026-08-28,SH601901,0.10934003144001184,EXP_DEnsembleModel_Alpha158_csi300_custom_step0_s_20260830_16,3220c308b13f44f29a9d46be8c884b8c,0.109,,,
4145,2026-08-28,SH601899,-0.1458790616694945,EXP_DEnsembleModel_Alpha158_csi300_custom_step0_s_20260830_16,3220c308b13f44f29a9d46be8c884b8c,0.109,,,
4146,2026-08-28,SH601898,-0.04946229707441367,EXP_DEnsembleModel_Alpha158_csi300_custom_step0_s_20260830_16,3220c308b13f44f29a9d46be8c884b8c,0.109,,,
4147,2026-08-28,SH601888,0.018546276841018235,EXP_DEnsembleModel_Alpha158_csi300_custom_step0_s_20260830_16,3220c308b13f44f29a9d46be8c884b8c,0.109,,,
4148,2026-08-28,SH601881,0.03526897151945841,EXP_DEnsembleModel_Alpha158_csi300_custom_step0_s_20260830_16,3220c308b13f44f29a9d46be8c884b8c,0.109,,,
4149,2026-08-28,SH601878,0.12179757977188013,EXP_DEnsembleModel_Alpha158_csi300_custom_step0_s_20260830_16,3220c308b13f44f29a9d46be8c884b8c,0.109,,,
4150,2026-08-28,SH601877,-0.027252785582383136,EXP_DEnsembleModel_Alpha158_csi300_custom_step0_s_20260830_16,3220c308b13f44f29a9d46be8c884b8c,0.109,,,
4151,2026-08-28,SH601872,-0.02461807346765584,EXP_DEnsembleModel_Alpha158_csi300_custom_step0_s_20260830_16,3220c308b13f44f29a9d46be8c884b8c,0.109,,,
4152,2026-08-28,SH601868,0.0584969459224453,EXP_DEnsembleModel_Alpha158_csi300_custom_step0_s_20260830_16,3220c308b13f44f29a9d46be8c884b8c,0.109,,,
4153,2026-08-28,SH601857,0.049014364155034185,EXP_DEnsembleModel_Alpha158_csi300_custom_step0_s_20260830_16,3220c308b13f44f29a9d46be8c884b8c,0.109,,,
4154,2026-08-28,SH601838,0.09576823068962192,EXP_DEnsembleModel_Alpha158_csi300_custom_step0_s_20260830_16,3220c308b13f44f29a9d46be8c884b8c,0.109,,,
4155,2026-08-28,SH601825,-0.028797046420758126,EXP_DEnsembleModel_Alpha158_csi300_custom_step0_s_20260830_16,3220c308b13f44f29a9d46be8c884b8c,0.109,,,
4156,2026-08-28,SH601818,0.06968895998209139,EXP_DEnsembleModel_Alpha158_csi300_custom_step0_s_20260830_16,3220c308b13f44f29a9d46be8c884b8c,0.109,,,
4157,2026-08-28,SH601816,0.04725571811675064,EXP_DEnsembleModel_Alpha158_csi300_custom_step0_s_20260830_16,3220c308b13f44f29a9d46be8c884b8c,0.109,,,
4158,2026-08-28,SH601800,0.04087021363010263,EXP_DEnsembleModel_Alpha158_csi300_custom_step0_s_20260830_16,3220c308b13f44f29a9d46be8c884b8c,0.109,,,
4159,2026-08-28,SH601390,0.047770033098849314,EXP_DEnsembleModel_Alpha158_csi300_custom_step0_s_20260830_16,3220c308b13f44f29a9d46be8c884b8c,0.109,,,
4160,2026-08-28,SH601377,0.07763229135164983,EXP_DEnsembleModel_Alpha158_csi300_custom_step0_s_20260830_16,3220c308b13f44f29a9d46be8c884b8c,0.109,,,
4161,2026-08-28,SH601360,0.0915042486246692,EXP_DEnsembleModel_Alpha158_csi300_custom_step0_s_20260830_16,3220c308b13f44f29a9d46be8c884b8c,0.109,,,
4162,2026-08-28,SH601336,-0.006116704822030772,EXP_DEnsembleModel_Alpha158_csi300_custom_step0_s_20260830_16,3220c308b13f44f29a9d46be8c884b8c,0.109,,,
4163,2026-08-28,SH601066,0.0663194645286322,EXP_DEnsembleModel_Alpha158_csi300_custom_step0_s_20260830_16,3220c308b13f44f29a9d46be8c884b8c,0.109,,,
4164,2026-08-28,SH601059,0.11691805226036055,EXP_DEnsembleModel_Alpha158_csi300_custom_step0_s_20260830_16,3220c308b13f44f29a9d46be8c884b8c,0.109,,,
4165,2026-08-28,SH601058,0.1145894645992799,EXP_DEnsembleModel_Alpha158_csi300_custom_step0_s_20260830_16,3220c308b13f44f29a9d46be8c884b8c,0.109,,,
4166,2026-08-28,SH601021,0.06851372822044484,EXP_DEnsembleModel_Alpha158_csi300_custom_step0_s_20260830_16,3220c308b13f44f29a9d46be8c884b8c,0.109,,,
4167,2026-08-28,SH601018,0.05075003664762374,EXP_DEnsembleModel_Alpha158_csi300_custom_step0_s_20260830_16,3220c308b13f44f29a9d46be8c884b8c,0.109,,,
4168,2026-08-28,SH601012,-0.12347395950482522,EXP_DEnsembleModel_Alpha158_csi300_custom_step0_s_20260830_16,3220c308b13f44f29a9d46be8c884b8c,0.109,,,
4169,2026-08-28,SH601009,0.06516521370787884,EXP_DEnsembleModel_Alpha158_csi300_custom_step0_s_20260830_16,3220c308b13f44f29a9d46be8c884b8c,0.109,,,
4170,2026-08-28,SH601006,0.08847462100982449,EXP_DEnsembleModel_Alpha158_csi300_custom_step0_s_20260830_16,3220c308b13f44f29a9d46be8c884b8c,0.109,,,
4171,2026-08-28,SH600999,0.08467679620161218,EXP_DEnsembleModel_Alpha158_csi300_custom_step0_s_20260830_16,3220c308b13f44f29a9d46be8c884b8c,0.109,,,
4172,2026-08-28,SH600989,-0.03478994219643498,EXP_DEnsembleModel_Alpha158_csi300_custom_step0_s_20260830_16,3220c308b13f44f29a9d46be8c884b8c,0.109,,,
4173,2026-08-28,SH600958,0.11271217662144743,EXP_DEnsembleModel_Alpha158_csi300_custom_step0_s_20260830_16,3220c308b13f44f29a9d46be8c884b8c,0.109,,,
4174,2026-08-28,SH600941,0.054383249341831245,EXP_DEnsembleModel_Alpha158_csi300_custom_step0_s_20260830_16,3220c308b13f44f29a9d46be8c884b8c,0.109,,,
4175,2026-08-28,SH600938,0.000677097131293757,EXP_DEnsembleModel_Alpha158_csi300_custom_step0_s_20260830_16,3220c308b13f44f29a9d46be8c884b8c,0.109,,,
4176,2026-08-28,SH600930,0.034640997237803055,EXP_DEnsembleModel_Alpha158_csi300_custom_step0_s_20260830_16,3220c308b13f44f29a9d46be8c884b8c,0.109,,,
4177,2026-08-28,SH600926,0.10848479160566252,EXP_DEnsembleModel_Alpha158_csi300_custom_step0_s_20260830_16,3220c308b13f44f29a9d46be8c884b8c,0.109,,,
4178,2026-08-28,SH601077,0.036058313966809294,EXP_DEnsembleModel_Alpha158_csi300_custom_step0_s_20260830_16,3220c308b13f44f29a9d46be8c884b8c,0.109,,,
4179,2026-08-28,SH600918,0.023652943735342193,EXP_DEnsembleModel_Alpha158_csi300_custom_step0_s_20260830_16,3220c308b13f44f29a9d46be8c884b8c,0.109,,,
4180,2026-08-28,SH601088,0.005903545702131007,EXP_DEnsembleModel_Alpha158_csi300_custom_step0_s_20260830_16,3220c308b13f44f29a9d46be8c884b8c,0.109,,,
4181,2026-08-28,SH601111,-0.008830233387053207,EXP_DEnsembleModel_Alpha158_csi300_custom_step0_s_20260830_16,3220c308b13f44f29a9d46be8c884b8c,0.109,,,
4182,2026-08-28,SH601328,0.07581599346395111,EXP_DEnsembleModel_Alpha158_csi300_custom_step0_s_20260830_16,3220c308b13f44f29a9d46be8c884b8c,0.109,,,
4183,2026-08-28,SH601319,0.041335904213461803,EXP_DEnsembleModel_Alpha158_csi300_custom_step0_s_20260830_16,3220c308b13f44f29a9d46be8c884b8c,0.109,,,
4184,2026-08-28,SH601318,-0.0018542604031022525,EXP_DEnsembleModel_Alpha158_csi300_custom_step0_s_20260830_16,3220c308b13f44f29a9d46be8c884b8c,0.109,,,
4185,2026-08-28,SH601288,0.03334668012949746,EXP_DEnsembleModel_Alpha158_csi300_custom_step0_s_20260830_16,3220c308b13f44f29a9d46be8c884b8c,0.109,,,
4186,2026-08-28,SH601238,-0.08925387898632338,EXP_DEnsembleModel_Alpha158_csi300_custom_step0_s_20260830_16,3220c308b13f44f29a9d46be8c884b8c,0.109,,,
4187,2026-08-28,SH601229,0.0436162664784475,EXP_DEnsembleModel_Alpha158_csi300_custom_step0_s_20260830_16,3220c308b13f44f29a9d46be8c884b8c,0.109,,,
4188,2026-08-28,SH601225,-0.06283134606073511,EXP_DEnsembleModel_Alpha158_csi300_custom_step0_s_20260830_16,3220c308b13f44f29a9d46be8c884b8c,0.109,,,
4189,2026-08-28,SH601211,0.06782453368744769,EXP_DEnsembleModel_Alpha158_csi300_custom_step0_s_20260830_16,3220c308b13f44f29a9d46be8c884b8c,0.109,,,
4190,2026-08-28,SH601186,0.03598236417270021,EXP_DEnsembleModel_Alpha158_csi300_custom_step0_s_20260830_16,3220c308b13f44f29a9d46be8c884b8c,0.109,,,
4191,2026-08-28,SH601169,0.07335984107289548,EXP_DEnsembleModel_Alpha158_csi300_custom_step0_s_20260830_16,3220c308b13f44f29a9d46be8c884b8c,0.109,,,
4192,2026-08-28,SH601166,0.013861530638986205,EXP_DEnsembleModel_Alpha158_csi300_custom_step0_s_20260830_16,3220c308b13f44f29a9d46be8c884b8c,0.109,,,
4193,2026-08-28,SH601138,-0.19485778990043517,EXP_DEnsembleModel_Alpha158_csi300_custom_step0_s_20260830_16,3220c308b13f44f29a9d46be8c884b8c,0.109,,,
4194,2026-08-28,SH601136,0.011727346251413593,EXP_DEnsembleModel_Alpha158_csi300_custom_step0_s_20260830_16,3220c308b13f44f29a9d46be8c884b8c,0.109,,,
4195,2026-08-28,SH601127,-0.0102287543269757,EXP_DEnsembleModel_Alpha158_csi300_custom_step0_s_20260830_16,3220c308b13f44f29a9d46be8c884b8c,0.109,,,
4196,2026-08-28,SH601117,0.1187642036448913,EXP_DEnsembleModel_Alpha158_csi300_custom_step0_s_20260830_16,3220c308b13f44f29a9d46be8c884b8c,0.109,,,
4197,2026-08-28,SH601100,-0.047511620245817454,EXP_DEnsembleModel_Alpha158_csi300_custom_step0_s_20260830_16,3220c308b13f44f29a9d46be8c884b8c,0.109,,,
4198,2026-08-28,SH600000,0.0912717493853438,EXP_DEnsembleModel_Alpha158_csi300_custom_step0_s_20260830_16,23d2d9e9bc3147ffae52d44c8b9ac579,0.058,,,
4199,2026-08-28,SZ302132,0.007478252814193306,EXP_LGBModel_Alpha158_csi300_custom_step0_s_20260830_19,0586e1ff311c48139c4b74f433fcfa15,0.026,,,
4200,2026-08-28,SZ301308,-0.009545497515705033,EXP_LGBModel_Alpha158_csi300_custom_step0_s_20260830_19,0586e1ff311c48139c4b74f433fcfa15,0.026,,,
4201,2026-08-28,SZ000596,-8.585309211798016e-11,EXP_LGBModel_Alpha158_csi300_custom_step0_s_20260830_19,db993a4dd6044e6cbc111641ee74e6ff,0.091,,,
4202,2026-08-28,SZ000568,-0.0023473827651678855,EXP_LGBModel_Alpha158_csi300_custom_step0_s_20260830_19,db993a4dd6044e6cbc111641ee74e6ff,0.091,,,
4203,2026-08-28,SZ000538,0.0022672931148470573,EXP_LGBModel_Alpha158_csi300_custom_step0_s_20260830_19,db993a4dd6044e6cbc111641ee74e6ff,0.091,,,
4204,2026-08-28,SZ000425,-8.585309211798016e-11,EXP_LGBModel_Alpha158_csi300_custom_step0_s_20260830_19,db993a4dd6044e6cbc111641ee74e6ff,0.091,,,
4205,2026-08-28,SZ000408,0.001585888624129097,EXP_LGBModel_Alpha158_csi300_custom_step0_s_20260830_19,db993a4dd6044e6cbc111641ee74e6ff,0.091,,,
4206,2026-08-28,SZ000338,-0.0023473827651678855,EXP_LGBModel_Alpha158_csi300_custom_step0_s_20260830_19,db993a4dd6044e6cbc111641ee74e6ff,0.091,,,
4207,2026-08-28,SZ000617,-8.585309211798016e-11,EXP_LGBModel_Alpha158_csi300_custom_step0_s_20260830_19,db993a4dd6044e6cbc111641ee74e6ff,0.091,,,
4208,2026-08-28,SZ000333,-8.585309211798016e-11,EXP_LGBModel_Alpha158_csi300_custom_step0_s_20260830_19,db993a4dd6044e6cbc111641ee74e6ff,0.091,,,
4209,2026-08-28,SZ000166,0.0031094722212590582,EXP_LGBModel_Alpha158_csi300_custom_step0_s_20260830_19,db993a4dd6044e6cbc111641ee74e6ff,0.091,,,
4210,2026-08-28,SZ000157,-8.585309211798016e-11,EXP_LGBModel_Alpha158_csi300_custom_step0_s_20260830_19,db993a4dd6044e6cbc111641ee74e6ff,0.091,,,
4211,2026-08-28,SZ000100,-0.0023473827651678855,EXP_LGBModel_Alpha158_csi300_custom_step0_s_20260830_19,db993a4dd6044e6cbc111641ee74e6ff,0.091,,,
4212,2026-08-28,SZ000063,-0.0023473827651678855,EXP_LGBModel_Alpha158_csi300_custom_step0_s_20260830_19,db993a4dd6044e6cbc111641ee74e6ff,0.091,,,
4213,2026-08-28,SZ000002,-8.585309211798016e-11,EXP_LGBModel_Alpha158_csi300_custom_step0_s_20260830_19,db993a4dd6044e6cbc111641ee74e6ff,0.091,,,
4214,2026-08-28,SZ000001,-8.585309211798016e-11,EXP_LGBModel_Alpha158_csi300_custom_step0_s_20260830_19,db993a4dd6044e6cbc111641ee74e6ff,0.091,,,
4215,2026-08-28,SZ000301,-0.003111094941041824,EXP_LGBModel_Alpha158_csi300_custom_step0_s_20260830_19,db993a4dd6044e6cbc111641ee74e6ff,0.091,,,
4216,2026-08-28,SZ000625,-8.585309211798016e-11,EXP_LGBModel_Alpha158_csi300_custom_step0_s_20260830_19,db993a4dd6044e6cbc111641ee74e6ff,0.091,,,
4217,2026-08-28,SZ000630,-0.0023473827651678855,EXP_LGBModel_Alpha158_csi300_custom_step0_s_20260830_19,db993a4dd6044e6cbc111641ee74e6ff,0.091,,,
4218,2026-08-28,SZ000651,0.0031094722212590582,EXP_LGBModel_Alpha158_csi300_custom_step0_s_20260830_19,db993a4dd6044e6cbc111641ee74e6ff,0.091,,,
4219,2026-08-28,SZ000999,0.0022672931148470573,EXP_LGBModel_Alpha158_csi300_custom_step0_s_20260830_19,db993a4dd6044e6cbc111641ee74e6ff,0.091,,,
4220,2026-08-28,SZ000988,-0.0023473827651678855,EXP_LGBModel_Alpha158_csi300_custom_step0_s_20260830_19,db993a4dd6044e6cbc111641ee74e6ff,0.091,,,
4221,2026-08-28,SZ000977,-0.0023473827651678855,EXP_LGBModel_Alpha158_csi300_custom_step0_s_20260830_19,db993a4dd6044e6cbc111641ee74e6ff,0.091,,,
4222,2026-08-28,SZ000975,-8.585309211798016e-11,EXP_LGBModel_Alpha158_csi300_custom_step0_s_20260830_19,db993a4dd6044e6cbc111641ee74e6ff,0.091,,,
4223,2026-08-28,SZ000963,-0.0023473827651678855,EXP_LGBModel_Alpha158_csi300_custom_step0_s_20260830_19,db993a4dd6044e6cbc111641ee74e6ff,0.091,,,
4224,2026-08-28,SZ000938,-0.0023473827651678855,EXP_LGBModel_Alpha158_csi300_custom_step0_s_20260830_19,db993a4dd6044e6cbc111641ee74e6ff,0.091,,,
4225,2026-08-28,SZ000895,0.0022672931148470573,EXP_LGBModel_Alpha158_csi300_custom_step0_s_20260830_19,db993a4dd6044e6cbc111641ee74e6ff,0.091,,,
4226,2026-08-28,SZ000858,0.0022672931148470573,EXP_LGBModel_Alpha158_csi300_custom_step0_s_20260830_19,db993a4dd6044e6cbc111641ee74e6ff,0.091,,,
4227,2026-08-28,SZ000807,-8.585309211798016e-11,EXP_LGBModel_Alpha158_csi300_custom_step0_s_20260830_19,db993a4dd6044e6cbc111641ee74e6ff,0.091,,,
4228,2026-08-28,SZ000792,-8.585309211798016e-11,EXP_LGBModel_Alpha158_csi300_custom_step0_s_20260830_19,db993a4dd6044e6cbc111641ee74e6ff,0.091,,,
4229,2026-08-28,SZ000776,-0.0023473827651678855,EXP_LGBModel_Alpha158_csi300_custom_step0_s_20260830_19,db993a4dd6044e6cbc111641ee74e6ff,0.091,,,
4230,2026-08-28,SZ000768,0.00037979394949225735,EXP_LGBModel_Alpha158_csi300_custom_step0_s_20260830_19,db993a4dd6044e6cbc111641ee74e6ff,0.091,,,
4231,2026-08-28,SZ000725,-0.0023473827651678855,EXP_LGBModel_Alpha158_csi300_custom_step0_s_20260830_19,db993a4dd6044e6cbc111641ee74e6ff,0.091,,,
4232,2026-08-28,SZ000708,0.0022672931148470573,EXP_LGBModel_Alpha158_csi300_custom_step0_s_20260830_19,db993a4dd6044e6cbc111641ee74e6ff,0.091,,,
4233,2026-08-28,SZ000657,-8.585309211798016e-11,EXP_LGBModel_Alpha158_csi300_custom_step0_s_20260830_19,db993a4dd6044e6cbc111641ee74e6ff,0.091,,,
4234,2026-08-28,SH688981,-0.0023473827651678855,EXP_LGBModel_Alpha158_csi300_custom_step0_s_20260830_19,db993a4dd6044e6cbc111641ee74e6ff,0.091,,,
4235,2026-08-28,SH688521,-8.585309211798016e-11,EXP_LGBModel_Alpha158_csi300_custom_step0_s_20260830_19,db993a4dd6044e6cbc111641ee74e6ff,0.091,,,
4236,2026-08-28,SH688506,0.001585888624129097,EXP_LGBModel_Alpha158_csi300_custom_step0_s_20260830_19,db993a4dd6044e6cbc111641ee74e6ff,0.091,,,
4237,2026-08-28,SH688472,-0.0023473827651678855,EXP_LGBModel_Alpha158_csi300_custom_step0_s_20260830_19,db993a4dd6044e6cbc111641ee74e6ff,0.091,,,
4238,2026-08-28,SH603986,-0.0023473827651678855,EXP_LGBModel_Alpha158_csi300_custom_step0_s_20260830_19,db993a4dd6044e6cbc111641ee74e6ff,0.091,,,
4239,2026-08-28,SH603893,-0.0018003571093199383,EXP_LGBModel_Alpha158_csi300_custom_step0_s_20260830_19,db993a4dd6044e6cbc111641ee74e6ff,0.091,,,
4240,2026-08-28,SH603799,-0.0023473827651678855,EXP_LGBModel_Alpha158_csi300_custom_step0_s_20260830_19,db993a4dd6044e6cbc111641ee74e6ff,0.091,,,
4241,2026-08-28,SH603501,-0.0023473827651678855,EXP_LGBModel_Alpha158_csi300_custom_step0_s_20260830_19,db993a4dd6044e6cbc111641ee74e6ff,0.091,,,
4242,2026-08-28,SH603392,-0.0023473827651678855,EXP_LGBModel_Alpha158_csi300_custom_step0_s_20260830_19,db993a4dd6044e6cbc111641ee74e6ff,0.091,,,
4243,2026-08-28,SH603369,-8.585309211798016e-11,EXP_LGBModel_Alpha158_csi300_custom_step0_s_20260830_19,db993a4dd6044e6cbc111641ee74e6ff,0.091,,,
4244,2026-08-28,SH603296,-0.0023473827651678855,EXP_LGBModel_Alpha158_csi300_custom_step0_s_20260830_19,db993a4dd6044e6cbc111641ee74e6ff,0.091,,,
4245,2026-08-28,SH603288,-8.585309211798016e-11,EXP_LGBModel_Alpha158_csi300_custom_step0_s_20260830_19,db993a4dd6044e6cbc111641ee74e6ff,0.091,,,
4246,2026-08-28,SH603260,-0.0023473827651678855,EXP_LGBModel_Alpha158_csi300_custom_step0_s_20260830_19,db993a4dd6044e6cbc111641ee74e6ff,0.091,,,
4247,2026-08-28,SH603259,-8.585309211798016e-11,EXP_LGBModel_Alpha158_csi300_custom_step0_s_20260830_19,db993a4dd6044e6cbc111641ee74e6ff,0.091,,,
4248,2026-08-28,SH603019,-0.0023473827651678855,EXP_LGBModel_Alpha158_csi300_custom_step0_s_20260830_19,db993a4dd6044e6cbc111641ee74e6ff,0.091,,,
4249,2026-08-28,SH601998,-8.585309211798016e-11,EXP_LGBModel_Alpha158_csi300_custom_step0_s_20260830_19,db993a4dd6044e6cbc111641ee74e6ff,0.091,,,
4250,2026-08-28,SH601995,0.0022672931148470573,EXP_LGBModel_Alpha158_csi300_custom_step0_s_20260830_19,db993a4dd6044e6cbc111641ee74e6ff,0.091,,,
4251,2026-08-28,SH601988,0.0031094722212590582,EXP_LGBModel_Alpha158_csi300_custom_step0_s_20260830_19,db993a4dd6044e6cbc111641ee74e6ff,0.091,,,
4252,2026-08-28,SH601985,0.0031094722212590582,EXP_LGBModel_Alpha158_csi300_custom_step0_s_20260830_19,db993a4dd6044e6cbc111641ee74e6ff,0.091,,,
4253,2026-08-28,SH603993,-0.0023473827651678855,EXP_LGBModel_Alpha158_csi300_custom_step0_s_20260830_19,db993a4dd6044e6cbc111641ee74e6ff,0.091,,,
4254,2026-08-28,SZ001280,-8.585309211798016e-11,EXP_LGBModel_Alpha158_csi300_custom_step0_s_20260830_19,db993a4dd6044e6cbc111641ee74e6ff,0.091,,,
4255,2026-08-28,SH605117,-0.0023473827651678855,EXP_LGBModel_Alpha158_csi300_custom_step0_s_20260830_19,db993a4dd6044e6cbc111641ee74e6ff,0.091,,,
4256,2026-08-28,SH688008,-0.0023473827651678855,EXP_LGBModel_Alpha158_csi300_custom_step0_s_20260830_19,db993a4dd6044e6cbc111641ee74e6ff,0.091,,,
4257,2026-08-28,SH688396,-0.0023473827651678855,EXP_LGBModel_Alpha158_csi300_custom_step0_s_20260830_19,db993a4dd6044e6cbc111641ee74e6ff,0.091,,,
4258,2026-08-28,SH688303,-0.0018003571093199383,EXP_LGBModel_Alpha158_csi300_custom_step0_s_20260830_19,db993a4dd6044e6cbc111641ee74e6ff,0.091,,,
4259,2026-08-28,SH688271,-8.585309211798016e-11,EXP_LGBModel_Alpha158_csi300_custom_step0_s_20260830_19,db993a4dd6044e6cbc111641ee74e6ff,0.091,,,
4260,2026-08-28,SH688256,-0.0018003571093199383,EXP_LGBModel_Alpha158_csi300_custom_step0_s_20260830_19,db993a4dd6044e6cbc111641ee74e6ff,0.091,,,
4261,2026-08-28,SH688223,-0.0023473827651678855,EXP_LGBModel_Alpha158_csi300_custom_step0_s_20260830_19,db993a4dd6044e6cbc111641ee74e6ff,0.091,,,
4262,2026-08-28,SH688183,-8.585309211798016e-11,EXP_LGBModel_Alpha158_csi300_custom_step0_s_20260830_19,db993a4dd6044e6cbc111641ee74e6ff,0.091,,,
4263,2026-08-28,SH688126,-0.0023473827651678855,EXP_LGBModel_Alpha158_csi300_custom_step0_s_20260830_19,db993a4dd6044e6cbc111641ee74e6ff,0.091,,,
4264,2026-08-28,SH688111,-0.0018003571093199383,EXP_LGBModel_Alpha158_csi300_custom_step0_s_20260830_19,db993a4dd6044e6cbc111641ee74e6ff,0.091,,,
4265,2026-08-28,SH688082,-0.0023473827651678855,EXP_LGBModel_Alpha158_csi300_custom_step0_s_20260830_19,db993a4dd6044e6cbc111641ee74e6ff,0.091,,,
4266,2026-08-28,SH688072,-0.0023473827651678855,EXP_LGBModel_Alpha158_csi300_custom_step0_s_20260830_19,db993a4dd6044e6cbc111641ee74e6ff,0.091,,,
4267,2026-08-28,SH688047,-0.0023473827651678855,EXP_LGBModel_Alpha158_csi300_custom_step0_s_20260830_19,db993a4dd6044e6cbc111641ee74e6ff,0.091,,,
4268,2026-08-28,SH688041,-8.585309211798016e-11,EXP_LGBModel_Alpha158_csi300_custom_step0_s_20260830_19,db993a4dd6044e6cbc111641ee74e6ff,0.091,,,
4269,2026-08-28,SH688036,-0.0023473827651678855,EXP_LGBModel_Alpha158_csi300_custom_step0_s_20260830_19,db993a4dd6044e6cbc111641ee74e6ff,0.091,,,
4270,2026-08-28,SH688012,-0.0023473827651678855,EXP_LGBModel_Alpha158_csi300_custom_step0_s_20260830_19,db993a4dd6044e6cbc111641ee74e6ff,0.091,,,
4271,2026-08-28,SH688009,-8.585309211798016e-11,EXP_LGBModel_Alpha158_csi300_custom_step0_s_20260830_19,db993a4dd6044e6cbc111641ee74e6ff,0.091,,,
4272,2026-08-28,SH605499,0.0022672931148470573,EXP_LGBModel_Alpha158_csi300_custom_step0_s_20260830_19,db993a4dd6044e6cbc111641ee74e6ff,0.091,,,
4273,2026-08-28,SH601939,0.0031094722212590582,EXP_LGBModel_Alpha158_csi300_custom_step0_s_20260830_19,db993a4dd6044e6cbc111641ee74e6ff,0.091,,,
4274,2026-08-28,SZ001391,0.0022672931148470573,EXP_LGBModel_Alpha158_csi300_custom_step0_s_20260830_19,db993a4dd6044e6cbc111641ee74e6ff,0.091,,,
4275,2026-08-28,SZ001979,-0.0023473827651678855,EXP_LGBModel_Alpha158_csi300_custom_step0_s_20260830_19,db993a4dd6044e6cbc111641ee74e6ff,0.091,,,
4276,2026-08-28,SZ300408,-8.585309211798016e-11,EXP_LGBModel_Alpha158_csi300_custom_step0_s_20260830_19,db993a4dd6044e6cbc111641ee74e6ff,0.091,,,
4277,2026-08-28,SZ300394,-8.585309211798016e-11,EXP_LGBModel_Alpha158_csi300_custom_step0_s_20260830_19,db993a4dd6044e6cbc111641ee74e6ff,0.091,,,
4278,2026-08-28,SZ300316,-0.0023473827651678855,EXP_LGBModel_Alpha158_csi300_custom_step0_s_20260830_19,db993a4dd6044e6cbc111641ee74e6ff,0.091,,,
4279,2026-08-28,SZ300308,-8.585309211798016e-11,EXP_LGBModel_Alpha158_csi300_custom_step0_s_20260830_19,db993a4dd6044e6cbc111641ee74e6ff,0.091,,,
4280,2026-08-28,SZ300274,-0.0023473827651678855,EXP_LGBModel_Alpha158_csi300_custom_step0_s_20260830_19,db993a4dd6044e6cbc111641ee74e6ff,0.091,,,
4281,2026-08-28,SZ300251,-8.585309211798016e-11,EXP_LGBModel_Alpha158_csi300_custom_step0_s_20260830_19,db993a4dd6044e6cbc111641ee74e6ff,0.091,,,
4282,2026-08-28,SZ300413,-0.0018003571093199383,EXP_LGBModel_Alpha158_csi300_custom_step0_s_20260830_19,db993a4dd6044e6cbc111641ee74e6ff,0.091,,,
4283,2026-08-28,SZ300124,-0.0023473827651678855,EXP_LGBModel_Alpha158_csi300_custom_step0_s_20260830_19,db993a4dd6044e6cbc111641ee74e6ff,0.091,,,
4284,2026-08-28,SZ300059,-0.0023473827651678855,EXP_LGBModel_Alpha158_csi300_custom_step0_s_20260830_19,db993a4dd6044e6cbc111641ee74e6ff,0.091,,,
4285,2026-08-28,SZ300033,-0.0023473827651678855,EXP_LGBModel_Alpha158_csi300_custom_step0_s_20260830_19,db993a4dd6044e6cbc111641ee74e6ff,0.091,,,
4286,2026-08-28,SZ300015,-8.585309211798016e-11,EXP_LGBModel_Alpha158_csi300_custom_step0_s_20260830_19,db993a4dd6044e6cbc111641ee74e6ff,0.091,,,
4287,2026-08-28,SZ300014,0.0022672931148470573,EXP_LGBModel_Alpha158_csi300_custom_step0_s_20260830_19,db993a4dd6044e6cbc111641ee74e6ff,0.091,,,
4288,2026-08-28,SZ003816,0.00037979394949225735,EXP_LGBModel_Alpha158_csi300_custom_step0_s_20260830_19,db993a4dd6044e6cbc111641ee74e6ff,0.091,,,
4289,2026-08-28,SZ002938,-0.0023473827651678855,EXP_LGBModel_Alpha158_csi300_custom_step0_s_20260830_19,db993a4dd6044e6cbc111641ee74e6ff,0.091,,,
4290,2026-08-28,SZ300122,-8.585309211798016e-11,EXP_LGBModel_Alpha158_csi300_custom_step0_s_20260830_19,db993a4dd6044e6cbc111641ee74e6ff,0.091,,,
4291,2026-08-28,SZ300418,-0.0023473827651678855,EXP_LGBModel_Alpha158_csi300_custom_step0_s_20260830_19,db993a4dd6044e6cbc111641ee74e6ff,0.091,,,
4292,2026-08-28,SZ300433,-0.0023473827651678855,EXP_LGBModel_Alpha158_csi300_custom_step0_s_20260830_19,db993a4dd6044e6cbc111641ee74e6ff,0.091,,,
4293,2026-08-28,SZ300442,-0.0023473827651678855,EXP_LGBModel_Alpha158_csi300_custom_step0_s_20260830_19,db993a4dd6044e6cbc111641ee74e6ff,0.091,,,
4294,2026-08-28,SZ301236,-0.0018003571093199383,EXP_LGBModel_Alpha158_csi300_custom_step0_s_20260830_19,db993a4dd6044e6cbc111641ee74e6ff,0.091,,,
4295,2026-08-28,SZ301165,-8.585309211798016e-11,EXP_LGBModel_Alpha158_csi300_custom_step0_s_20260830_19,db993a4dd6044e6cbc111641ee74e6ff,0.091,,,
4296,2026-08-28,SZ300999,0.00037979394949225735,EXP_LGBModel_Alpha158_csi300_custom_step0_s_20260830_19,db993a4dd6044e6cbc111641ee74e6ff,0.091,,,
4297,2026-08-28,SZ300896,-8.585309211798016e-11,EXP_LGBModel_Alpha158_csi300_custom_step0_s_20260830_19,db993a4dd6044e6cbc111641ee74e6ff,0.091,,,
4298,2026-08-28,SZ300866,-8.585309211798016e-11,EXP_LGBModel_Alpha158_csi300_custom_step0_s_20260830_19,db993a4dd6044e6cbc111641ee74e6ff,0.091,,,
4299,2026-08-28,SZ300832,-0.003111094941041824,EXP_LGBModel_Alpha158_csi300_custom_step0_s_20260830_19,db993a4dd6044e6cbc111641ee74e6ff,0.091,,,
4300,2026-08-28,SZ300803,-0.0023473827651678855,EXP_LGBModel_Alpha158_csi300_custom_step0_s_20260830_19,db993a4dd6044e6cbc111641ee74e6ff,0.091,,,
4301,2026-08-28,SZ300760,-8.585309211798016e-11,EXP_LGBModel_Alpha158_csi300_custom_step0_s_20260830_19,db993a4dd6044e6cbc111641ee74e6ff,0.091,,,
4302,2026-08-28,SZ300750,-0.0023473827651678855,EXP_LGBModel_Alpha158_csi300_custom_step0_s_20260830_19,db993a4dd6044e6cbc111641ee74e6ff,0.091,,,
4303,2026-08-28,SZ300661,-0.0023473827651678855,EXP_LGBModel_Alpha158_csi300_custom_step0_s_20260830_19,db993a4dd6044e6cbc111641ee74e6ff,0.091,,,
4304,2026-08-28,SZ300628,-0.003111094941041824,EXP_LGBModel_Alpha158_csi300_custom_step0_s_20260830_19,db993a4dd6044e6cbc111641ee74e6ff,0.091,,,
4305,2026-08-28,SZ300502,-8.585309211798016e-11,EXP_LGBModel_Alpha158_csi300_custom_step0_s_20260830_19,db993a4dd6044e6cbc111641ee74e6ff,0.091,,,
4306,2026-08-28,SZ300498,-8.585309211798016e-11,EXP_LGBModel_Alpha158_csi300_custom_step0_s_20260830_19,db993a4dd6044e6cbc111641ee74e6ff,0.091,,,
4307,2026-08-28,SZ300476,-8.585309211798016e-11,EXP_LGBModel_Alpha158_csi300_custom_step0_s_20260830_19,db993a4dd6044e6cbc111641ee74e6ff,0.091,,,
4308,2026-08-28,SZ300450,-0.0023473827651678855,EXP_LGBModel_Alpha158_csi300_custom_step0_s_20260830_19,db993a4dd6044e6cbc111641ee74e6ff,0.091,,,
4309,2026-08-28,SZ002920,-0.0018003571093199383,EXP_LGBModel_Alpha158_csi300_custom_step0_s_20260830_19,db993a4dd6044e6cbc111641ee74e6ff,0.091,,,
4310,2026-08-28,SZ002916,-0.0023473827651678855,EXP_LGBModel_Alpha158_csi300_custom_step0_s_20260830_19,db993a4dd6044e6cbc111641ee74e6ff,0.091,,,
4311,2026-08-28,SZ002837,-8.585309211798016e-11,EXP_LGBModel_Alpha158_csi300_custom_step0_s_20260830_19,db993a4dd6044e6cbc111641ee74e6ff,0.091,,,
4312,2026-08-28,SZ002736,0.00037979394949225735,EXP_LGBModel_Alpha158_csi300_custom_step0_s_20260830_19,db993a4dd6044e6cbc111641ee74e6ff,0.091,,,
4313,2026-08-28,SZ002352,-0.00242748270198105,EXP_LGBModel_Alpha158_csi300_custom_step0_s_20260830_19,db993a4dd6044e6cbc111641ee74e6ff,0.091,,,
4314,2026-08-28,SZ002311,-0.00242748270198105,EXP_LGBModel_Alpha158_csi300_custom_step0_s_20260830_19,db993a4dd6044e6cbc111641ee74e6ff,0.091,,,
4315,2026-08-28,SZ002304,0.0022672931148470573,EXP_LGBModel_Alpha158_csi300_custom_step0_s_20260830_19,db993a4dd6044e6cbc111641ee74e6ff,0.091,,,
4316,2026-08-28,SZ002241,-0.0023473827651678855,EXP_LGBModel_Alpha158_csi300_custom_step0_s_20260830_19,db993a4dd6044e6cbc111641ee74e6ff,0.091,,,
4317,2026-08-28,SZ002236,0.0022672931148470573,EXP_LGBModel_Alpha158_csi300_custom_step0_s_20260830_19,db993a4dd6044e6cbc111641ee74e6ff,0.091,,,
4318,2026-08-28,SZ002230,-8.585309211798016e-11,EXP_LGBModel_Alpha158_csi300_custom_step0_s_20260830_19,db993a4dd6044e6cbc111641ee74e6ff,0.091,,,
4319,2026-08-28,SZ002202,-0.0023473827651678855,EXP_LGBModel_Alpha158_csi300_custom_step0_s_20260830_19,db993a4dd6044e6cbc111641ee74e6ff,0.091,,,
4320,2026-08-28,SZ002179,-0.0023473827651678855,EXP_LGBModel_Alpha158_csi300_custom_step0_s_20260830_19,db993a4dd6044e6cbc111641ee74e6ff,0.091,,,
4321,2026-08-28,SZ002142,-8.585309211798016e-11,EXP_LGBModel_Alpha158_csi300_custom_step0_s_20260830_19,db993a4dd6044e6cbc111641ee74e6ff,0.091,,,
4322,2026-08-28,SZ002074,-0.0023473827651678855,EXP_LGBModel_Alpha158_csi300_custom_step0_s_20260830_19,db993a4dd6044e6cbc111641ee74e6ff,0.091,,,
4323,2026-08-28,SZ002050,-0.0023473827651678855,EXP_LGBModel_Alpha158_csi300_custom_step0_s_20260830_19,db993a4dd6044e6cbc111641ee74e6ff,0.091,,,
4324,2026-08-28,SZ002049,-0.0023473827651678855,EXP_LGBModel_Alpha158_csi300_custom_step0_s_20260830_19,db993a4dd6044e6cbc111641ee74e6ff,0.091,,,
4325,2026-08-28,SZ002028,-0.0023473827651678855,EXP_LGBModel_Alpha158_csi300_custom_step0_s_20260830_19,db993a4dd6044e6cbc111641ee74e6ff,0.091,,,
4326,2026-08-28,SZ002027,0.0022672931148470573,EXP_LGBModel_Alpha158_csi300_custom_step0_s_20260830_19,db993a4dd6044e6cbc111641ee74e6ff,0.091,,,
4327,2026-08-28,SZ002001,0.001585888624129097,EXP_LGBModel_Alpha158_csi300_custom_step0_s_20260830_19,db993a4dd6044e6cbc111641ee74e6ff,0.091,,,
4328,2026-08-28,SZ002353,-0.0023473827651678855,EXP_LGBModel_Alpha158_csi300_custom_step0_s_20260830_19,db993a4dd6044e6cbc111641ee74e6ff,0.091,,,
4329,2026-08-28,SZ001965,-8.585309211798016e-11,EXP_LGBModel_Alpha158_csi300_custom_step0_s_20260830_19,db993a4dd6044e6cbc111641ee74e6ff,0.091,,,
4330,2026-08-28,SZ002371,-0.0023473827651678855,EXP_LGBModel_Alpha158_csi300_custom_step0_s_20260830_19,db993a4dd6044e6cbc111641ee74e6ff,0.091,,,
4331,2026-08-28,SZ002415,-0.00242748270198105,EXP_LGBModel_Alpha158_csi300_custom_step0_s_20260830_19,db993a4dd6044e6cbc111641ee74e6ff,0.091,,,
4332,2026-08-28,SZ002714,-0.003111094941041824,EXP_LGBModel_Alpha158_csi300_custom_step0_s_20260830_19,db993a4dd6044e6cbc111641ee74e6ff,0.091,,,
4333,2026-08-28,SZ002709,-0.0023473827651678855,EXP_LGBModel_Alpha158_csi300_custom_step0_s_20260830_19,db993a4dd6044e6cbc111641ee74e6ff,0.091,,,
4334,2026-08-28,SZ002648,-0.003111094941041824,EXP_LGBModel_Alpha158_csi300_custom_step0_s_20260830_19,db993a4dd6044e6cbc111641ee74e6ff,0.091,,,
4335,2026-08-28,SZ002625,-0.0018003571093199383,EXP_LGBModel_Alpha158_csi300_custom_step0_s_20260830_19,db993a4dd6044e6cbc111641ee74e6ff,0.091,,,
4336,2026-08-28,SZ002602,-0.00242748270198105,EXP_LGBModel_Alpha158_csi300_custom_step0_s_20260830_19,db993a4dd6044e6cbc111641ee74e6ff,0.091,,,
4337,2026-08-28,SZ002600,-0.0023473827651678855,EXP_LGBModel_Alpha158_csi300_custom_step0_s_20260830_19,db993a4dd6044e6cbc111641ee74e6ff,0.091,,,
4338,2026-08-28,SZ002594,-0.00242748270198105,EXP_LGBModel_Alpha158_csi300_custom_step0_s_20260830_19,db993a4dd6044e6cbc111641ee74e6ff,0.091,,,
4339,2026-08-28,SZ002558,-0.00242748270198105,EXP_LGBModel_Alpha158_csi300_custom_step0_s_20260830_19,db993a4dd6044e6cbc111641ee74e6ff,0.091,,,
4340,2026-08-28,SZ002532,-0.0023473827651678855,EXP_LGBModel_Alpha158_csi300_custom_step0_s_20260830_19,db993a4dd6044e6cbc111641ee74e6ff,0.091,,,
4341,2026-08-28,SZ002493,-0.003111094941041824,EXP_LGBModel_Alpha158_csi300_custom_step0_s_20260830_19,db993a4dd6044e6cbc111641ee74e6ff,0.091,,,
4342,2026-08-28,SZ002475,-0.0023473827651678855,EXP_LGBModel_Alpha158_csi300_custom_step0_s_20260830_19,db993a4dd6044e6cbc111641ee74e6ff,0.091,,,
4343,2026-08-28,SZ002466,-0.0023473827651678855,EXP_LGBModel_Alpha158_csi300_custom_step0_s_20260830_19,db993a4dd6044e6cbc111641ee74e6ff,0.091,,,
4344,2026-08-28,SZ002463,-0.0023473827651678855,EXP_LGBModel_Alpha158_csi300_custom_step0_s_20260830_19,db993a4dd6044e6cbc111641ee74e6ff,0.091,,,
4345,2026-08-28,SZ002460,-0.0023473827651678855,EXP_LGBModel_Alpha158_csi300_custom_step0_s_20260830_19,db993a4dd6044e6cbc111641ee74e6ff,0.091,,,
4346,2026-08-28,SZ002422,-0.0023473827651678855,EXP_LGBModel_Alpha158_csi300_custom_step0_s_20260830_19,db993a4dd6044e6cbc111641ee74e6ff,0.091,,,
4347,2026-08-28,SZ002384,-0.0023473827651678855,EXP_LGBModel_Alpha158_csi300_custom_step0_s_20260830_19,db993a4dd6044e6cbc111641ee74e6ff,0.091,,,
4348,2026-08-28,SZ301269,-0.0023473827651678855,EXP_LGBModel_Alpha158_csi300_custom_step0_s_20260830_19,db993a4dd6044e6cbc111641ee74e6ff,0.091,,,
4349,2026-08-28,SH601919,0.0023272254297830985,EXP_LGBModel_Alpha158_csi300_custom_step0_s_20260830_19,db993a4dd6044e6cbc111641ee74e6ff,0.091,,,
4350,2026-08-28,SH601901,0.0031094722212590582,EXP_LGBModel_Alpha158_csi300_custom_step0_s_20260830_19,db993a4dd6044e6cbc111641ee74e6ff,0.091,,,
4351,2026-08-28,SH600522,-0.0023473827651678855,EXP_LGBModel_Alpha158_csi300_custom_step0_s_20260830_19,db993a4dd6044e6cbc111641ee74e6ff,0.091,,,
4352,2026-08-28,SH600519,0.0022672931148470573,EXP_LGBModel_Alpha158_csi300_custom_step0_s_20260830_19,db993a4dd6044e6cbc111641ee74e6ff,0.091,,,
4353,2026-08-28,SH600515,-8.585309211798016e-11,EXP_LGBModel_Alpha158_csi300_custom_step0_s_20260830_19,db993a4dd6044e6cbc111641ee74e6ff,0.091,,,
4354,2026-08-28,SH600489,-0.003111094941041824,EXP_LGBModel_Alpha158_csi300_custom_step0_s_20260830_19,db993a4dd6044e6cbc111641ee74e6ff,0.091,,,
4355,2026-08-28,SH600482,-0.0023473827651678855,EXP_LGBModel_Alpha158_csi300_custom_step0_s_20260830_19,db993a4dd6044e6cbc111641ee74e6ff,0.091,,,
4356,2026-08-28,SH600460,-0.0023473827651678855,EXP_LGBModel_Alpha158_csi300_custom_step0_s_20260830_19,db993a4dd6044e6cbc111641ee74e6ff,0.091,,,
4357,2026-08-28,SH600547,-8.585309211798016e-11,EXP_LGBModel_Alpha158_csi300_custom_step0_s_20260830_19,db993a4dd6044e6cbc111641ee74e6ff,0.091,,,
4358,2026-08-28,SH600438,-0.0023473827651678855,EXP_LGBModel_Alpha158_csi300_custom_step0_s_20260830_19,db993a4dd6044e6cbc111641ee74e6ff,0.091,,,
4359,2026-08-28,SH600426,0.00037979394949225735,EXP_LGBModel_Alpha158_csi300_custom_step0_s_20260830_19,db993a4dd6044e6cbc111641ee74e6ff,0.091,,,
4360,2026-08-28,SH600415,-0.00242748270198105,EXP_LGBModel_Alpha158_csi300_custom_step0_s_20260830_19,db993a4dd6044e6cbc111641ee74e6ff,0.091,,,
4361,2026-08-28,SH600406,0.0022672931148470573,EXP_LGBModel_Alpha158_csi300_custom_step0_s_20260830_19,db993a4dd6044e6cbc111641ee74e6ff,0.091,,,
4362,2026-08-28,SH600372,0.0031094722212590582,EXP_LGBModel_Alpha158_csi300_custom_step0_s_20260830_19,db993a4dd6044e6cbc111641ee74e6ff,0.091,,,
4363,2026-08-28,SH600362,-0.0023473827651678855,EXP_LGBModel_Alpha158_csi300_custom_step0_s_20260830_19,db993a4dd6044e6cbc111641ee74e6ff,0.091,,,
4364,2026-08-28,SH600346,-0.003111094941041824,EXP_LGBModel_Alpha158_csi300_custom_step0_s_20260830_19,db993a4dd6044e6cbc111641ee74e6ff,0.091,,,
4365,2026-08-28,SH600436,-8.585309211798016e-11,EXP_LGBModel_Alpha158_csi300_custom_step0_s_20260830_19,db993a4dd6044e6cbc111641ee74e6ff,0.091,,,
4366,2026-08-28,SH600549,-0.0023473827651678855,EXP_LGBModel_Alpha158_csi300_custom_step0_s_20260830_19,db993a4dd6044e6cbc111641ee74e6ff,0.091,,,
4367,2026-08-28,SH600570,-0.0023473827651678855,EXP_LGBModel_Alpha158_csi300_custom_step0_s_20260830_19,db993a4dd6044e6cbc111641ee74e6ff,0.091,,,
4368,2026-08-28,SH600584,-0.0023473827651678855,EXP_LGBModel_Alpha158_csi300_custom_step0_s_20260830_19,db993a4dd6044e6cbc111641ee74e6ff,0.091,,,
4369,2026-08-28,SH600887,-8.585309211798016e-11,EXP_LGBModel_Alpha158_csi300_custom_step0_s_20260830_19,db993a4dd6044e6cbc111641ee74e6ff,0.091,,,
4370,2026-08-28,SH600886,0.0022672931148470573,EXP_LGBModel_Alpha158_csi300_custom_step0_s_20260830_19,db993a4dd6044e6cbc111641ee74e6ff,0.091,,,
4371,2026-08-28,SH600875,-0.0023473827651678855,EXP_LGBModel_Alpha158_csi300_custom_step0_s_20260830_19,db993a4dd6044e6cbc111641ee74e6ff,0.091,,,
4372,2026-08-28,SH600845,-8.585309211798016e-11,EXP_LGBModel_Alpha158_csi300_custom_step0_s_20260830_19,db993a4dd6044e6cbc111641ee74e6ff,0.091,,,
4373,2026-08-28,SH600809,-0.00242748270198105,EXP_LGBModel_Alpha158_csi300_custom_step0_s_20260830_19,db993a4dd6044e6cbc111641ee74e6ff,0.091,,,
4374,2026-08-28,SH600803,0.0031094722212590582,EXP_LGBModel_Alpha158_csi300_custom_step0_s_20260830_19,db993a4dd6044e6cbc111641ee74e6ff,0.091,,,
4375,2026-08-28,SH600795,0.0031094722212590582,EXP_LGBModel_Alpha158_csi300_custom_step0_s_20260830_19,db993a4dd6044e6cbc111641ee74e6ff,0.091,,,
4376,2026-08-28,SH600760,0.00037979394949225735,EXP_LGBModel_Alpha158_csi300_custom_step0_s_20260830_19,db993a4dd6044e6cbc111641ee74e6ff,0.091,,,
4377,2026-08-28,SH600741,0.0022672931148470573,EXP_LGBModel_Alpha158_csi300_custom_step0_s_20260830_19,db993a4dd6044e6cbc111641ee74e6ff,0.091,,,
4378,2026-08-28,SH600690,0.0022672931148470573,EXP_LGBModel_Alpha158_csi300_custom_step0_s_20260830_19,db993a4dd6044e6cbc111641ee74e6ff,0.091,,,
4379,2026-08-28,SH600674,-8.585309211798016e-11,EXP_LGBModel_Alpha158_csi300_custom_step0_s_20260830_19,db993a4dd6044e6cbc111641ee74e6ff,0.091,,,
4380,2026-08-28,SH600660,0.001085990733912722,EXP_LGBModel_Alpha158_csi300_custom_step0_s_20260830_19,db993a4dd6044e6cbc111641ee74e6ff,0.091,,,
4381,2026-08-28,SH600600,0.0022672931148470573,EXP_LGBModel_Alpha158_csi300_custom_step0_s_20260830_19,db993a4dd6044e6cbc111641ee74e6ff,0.091,,,
4382,2026-08-28,SH600588,-8.585309211798016e-11,EXP_LGBModel_Alpha158_csi300_custom_step0_s_20260830_19,db993a4dd6044e6cbc111641ee74e6ff,0.091,,,
4383,2026-08-28,SH600585,0.0031094722212590582,EXP_LGBModel_Alpha158_csi300_custom_step0_s_20260830_19,db993a4dd6044e6cbc111641ee74e6ff,0.091,,,
4384,2026-08-28,SH600309,0.00037979394949225735,EXP_LGBModel_Alpha158_csi300_custom_step0_s_20260830_19,db993a4dd6044e6cbc111641ee74e6ff,0.091,,,
4385,2026-08-28,SH600276,-8.585309211798016e-11,EXP_LGBModel_Alpha158_csi300_custom_step0_s_20260830_19,db993a4dd6044e6cbc111641ee74e6ff,0.091,,,
4386,2026-08-28,SH600233,0.001585888624129097,EXP_LGBModel_Alpha158_csi300_custom_step0_s_20260830_19,db993a4dd6044e6cbc111641ee74e6ff,0.091,,,
4387,2026-08-28,SH600221,-8.585309211798016e-11,EXP_LGBModel_Alpha158_csi300_custom_step0_s_20260830_19,db993a4dd6044e6cbc111641ee74e6ff,0.091,,,
4388,2026-08-28,SH600031,0.0022672931148470573,EXP_LGBModel_Alpha158_csi300_custom_step0_s_20260830_19,db993a4dd6044e6cbc111641ee74e6ff,0.091,,,
4389,2026-08-28,SH600030,0.0031094722212590582,EXP_LGBModel_Alpha158_csi300_custom_step0_s_20260830_19,db993a4dd6044e6cbc111641ee74e6ff,0.091,,,
4390,2026-08-28,SH600029,-8.585309211798016e-11,EXP_LGBModel_Alpha158_csi300_custom_step0_s_20260830_19,db993a4dd6044e6cbc111641ee74e6ff,0.091,,,
4391,2026-08-28,SH600028,-8.585309211798016e-11,EXP_LGBModel_Alpha158_csi300_custom_step0_s_20260830_19,db993a4dd6044e6cbc111641ee74e6ff,0.091,,,
4392,2026-08-28,SH600027,-0.00242748270198105,EXP_LGBModel_Alpha158_csi300_custom_step0_s_20260830_19,db993a4dd6044e6cbc111641ee74e6ff,0.091,,,
4393,2026-08-28,SH600026,-0.0023473827651678855,EXP_LGBModel_Alpha158_csi300_custom_step0_s_20260830_19,db993a4dd6044e6cbc111641ee74e6ff,0.091,,,
4394,2026-08-28,SH600025,0.0022672931148470573,EXP_LGBModel_Alpha158_csi300_custom_step0_s_20260830_19,db993a4dd6044e6cbc111641ee74e6ff,0.091,,,
4395,2026-08-28,SH600023,0.0022672931148470573,EXP_LGBModel_Alpha158_csi300_custom_step0_s_20260830_19,db993a4dd6044e6cbc111641ee74e6ff,0.091,,,
4396,2026-08-28,SH600019,0.0022672931148470573,EXP_LGBModel_Alpha158_csi300_custom_step0_s_20260830_19,db993a4dd6044e6cbc111641ee74e6ff,0.091,,,
4397,2026-08-28,SH600018,0.0031094722212590582,EXP_LGBModel_Alpha158_csi300_custom_step0_s_20260830_19,db993a4dd6044e6cbc111641ee74e6ff,0.091,,,
4398,2026-08-28,SH600016,0.0022672931148470573,EXP_LGBModel_Alpha158_csi300_custom_step0_s_20260830_19,db993a4dd6044e6cbc111641ee74e6ff,0.091,,,
4399,2026-08-28,SH600015,0.0022672931148470573,EXP_LGBModel_Alpha158_csi300_custom_step0_s_20260830_19,db993a4dd6044e6cbc111641ee74e6ff,0.091,,,
4400,2026-08-28,SH600011,-8.585309211798016e-11,EXP_LGBModel_Alpha158_csi300_custom_step0_s_20260830_19,db993a4dd6044e6cbc111641ee74e6ff,0.091,,,
4401,2026-08-28,SH600010,-8.585309211798016e-11,EXP_LGBModel_Alpha158_csi300_custom_step0_s_20260830_19,db993a4dd6044e6cbc111641ee74e6ff,0.091,,,
4402,2026-08-28,SH600009,-8.585309211798016e-11,EXP_LGBModel_Alpha158_csi300_custom_step0_s_20260830_19,db993a4dd6044e6cbc111641ee74e6ff,0.091,,,
4403,2026-08-28,SH600036,0.0031094722212590582,EXP_LGBModel_Alpha158_csi300_custom_step0_s_20260830_19,db993a4dd6044e6cbc111641ee74e6ff,0.091,,,
4404,2026-08-28,SH600893,-8.585309211798016e-11,EXP_LGBModel_Alpha158_csi300_custom_step0_s_20260830_19,db993a4dd6044e6cbc111641ee74e6ff,0.091,,,
4405,2026-08-28,SH600039,-8.585309211798016e-11,EXP_LGBModel_Alpha158_csi300_custom_step0_s_20260830_19,db993a4dd6044e6cbc111641ee74e6ff,0.091,,,
4406,2026-08-28,SH600050,0.0022672931148470573,EXP_LGBModel_Alpha158_csi300_custom_step0_s_20260830_19,db993a4dd6044e6cbc111641ee74e6ff,0.091,,,
4407,2026-08-28,SH600219,-8.585309211798016e-11,EXP_LGBModel_Alpha158_csi300_custom_step0_s_20260830_19,db993a4dd6044e6cbc111641ee74e6ff,0.091,,,
4408,2026-08-28,SH600196,-0.0023473827651678855,EXP_LGBModel_Alpha158_csi300_custom_step0_s_20260830_19,db993a4dd6044e6cbc111641ee74e6ff,0.091,,,
4409,2026-08-28,SH600188,-8.585309211798016e-11,EXP_LGBModel_Alpha158_csi300_custom_step0_s_20260830_19,db993a4dd6044e6cbc111641ee74e6ff,0.091,,,
4410,2026-08-28,SH600183,-0.0023473827651678855,EXP_LGBModel_Alpha158_csi300_custom_step0_s_20260830_19,db993a4dd6044e6cbc111641ee74e6ff,0.091,,,
4411,2026-08-28,SH600176,-0.0023473827651678855,EXP_LGBModel_Alpha158_csi300_custom_step0_s_20260830_19,db993a4dd6044e6cbc111641ee74e6ff,0.091,,,
4412,2026-08-28,SH600160,0.001585888624129097,EXP_LGBModel_Alpha158_csi300_custom_step0_s_20260830_19,db993a4dd6044e6cbc111641ee74e6ff,0.091,,,
4413,2026-08-28,SH600150,0.0031094722212590582,EXP_LGBModel_Alpha158_csi300_custom_step0_s_20260830_19,db993a4dd6044e6cbc111641ee74e6ff,0.091,,,
4414,2026-08-28,SH600118,-0.0023473827651678855,EXP_LGBModel_Alpha158_csi300_custom_step0_s_20260830_19,db993a4dd6044e6cbc111641ee74e6ff,0.091,,,
4415,2026-08-28,SH600115,-8.585309211798016e-11,EXP_LGBModel_Alpha158_csi300_custom_step0_s_20260830_19,db993a4dd6044e6cbc111641ee74e6ff,0.091,,,
4416,2026-08-28,SH600111,-0.0023473827651678855,EXP_LGBModel_Alpha158_csi300_custom_step0_s_20260830_19,db993a4dd6044e6cbc111641ee74e6ff,0.091,,,
4417,2026-08-28,SH600104,-8.585309211798016e-11,EXP_LGBModel_Alpha158_csi300_custom_step0_s_20260830_19,db993a4dd6044e6cbc111641ee74e6ff,0.091,,,
4418,2026-08-28,SH600089,-8.585309211798016e-11,EXP_LGBModel_Alpha158_csi300_custom_step0_s_20260830_19,db993a4dd6044e6cbc111641ee74e6ff,0.091,,,
4419,2026-08-28,SH600085,0.0022672931148470573,EXP_LGBModel_Alpha158_csi300_custom_step0_s_20260830_19,db993a4dd6044e6cbc111641ee74e6ff,0.091,,,
4420,2026-08-28,SH600066,0.0022672931148470573,EXP_LGBModel_Alpha158_csi300_custom_step0_s_20260830_19,db993a4dd6044e6cbc111641ee74e6ff,0.091,,,
4421,2026-08-28,SH600061,-8.585309211798016e-11,EXP_LGBModel_Alpha158_csi300_custom_step0_s_20260830_19,db993a4dd6044e6cbc111641ee74e6ff,0.091,,,
4422,2026-08-28,SH600048,-8.585309211798016e-11,EXP_LGBModel_Alpha158_csi300_custom_step0_s_20260830_19,db993a4dd6044e6cbc111641ee74e6ff,0.091,,,
4423,2026-08-28,SH601916,0.0022672931148470573,EXP_LGBModel_Alpha158_csi300_custom_step0_s_20260830_19,db993a4dd6044e6cbc111641ee74e6ff,0.091,,,
4424,2026-08-28,SH600900,0.0022672931148470573,EXP_LGBModel_Alpha158_csi300_custom_step0_s_20260830_19,db993a4dd6044e6cbc111641ee74e6ff,0.091,,,
4425,2026-08-28,SH600918,0.0023272254297830985,EXP_LGBModel_Alpha158_csi300_custom_step0_s_20260830_19,db993a4dd6044e6cbc111641ee74e6ff,0.091,,,
4426,2026-08-28,SH601689,-0.0023473827651678855,EXP_LGBModel_Alpha158_csi300_custom_step0_s_20260830_19,db993a4dd6044e6cbc111641ee74e6ff,0.091,,,
4427,2026-08-28,SH601688,-8.585309211798016e-11,EXP_LGBModel_Alpha158_csi300_custom_step0_s_20260830_19,db993a4dd6044e6cbc111641ee74e6ff,0.091,,,
4428,2026-08-28,SH601669,0.0022672931148470573,EXP_LGBModel_Alpha158_csi300_custom_step0_s_20260830_19,db993a4dd6044e6cbc111641ee74e6ff,0.091,,,
4429,2026-08-28,SH601668,0.0022672931148470573,EXP_LGBModel_Alpha158_csi300_custom_step0_s_20260830_19,db993a4dd6044e6cbc111641ee74e6ff,0.091,,,
4430,2026-08-28,SH601658,0.0022672931148470573,EXP_LGBModel_Alpha158_csi300_custom_step0_s_20260830_19,db993a4dd6044e6cbc111641ee74e6ff,0.091,,,
4431,2026-08-28,SH601633,0.0022672931148470573,EXP_LGBModel_Alpha158_csi300_custom_step0_s_20260830_19,db993a4dd6044e6cbc111641ee74e6ff,0.091,,,
4432,2026-08-28,SH601698,-0.0018003571093199383,EXP_LGBModel_Alpha158_csi300_custom_step0_s_20260830_19,db993a4dd6044e6cbc111641ee74e6ff,0.091,,,
4433,2026-08-28,SH601628,-0.0023473827651678855,EXP_LGBModel_Alpha158_csi300_custom_step0_s_20260830_19,db993a4dd6044e6cbc111641ee74e6ff,0.091,,,
4434,2026-08-28,SH601607,0.0022672931148470573,EXP_LGBModel_Alpha158_csi300_custom_step0_s_20260830_19,db993a4dd6044e6cbc111641ee74e6ff,0.091,,,
4435,2026-08-28,SH601601,-8.585309211798016e-11,EXP_LGBModel_Alpha158_csi300_custom_step0_s_20260830_19,db993a4dd6044e6cbc111641ee74e6ff,0.091,,,
4436,2026-08-28,SH601600,-0.0023473827651678855,EXP_LGBModel_Alpha158_csi300_custom_step0_s_20260830_19,db993a4dd6044e6cbc111641ee74e6ff,0.091,,,
4437,2026-08-28,SH601456,0.0031094722212590582,EXP_LGBModel_Alpha158_csi300_custom_step0_s_20260830_19,db993a4dd6044e6cbc111641ee74e6ff,0.091,,,
4438,2026-08-28,SH601398,-8.585309211798016e-11,EXP_LGBModel_Alpha158_csi300_custom_step0_s_20260830_19,db993a4dd6044e6cbc111641ee74e6ff,0.091,,,
4439,2026-08-28,SH601390,-0.00242748270198105,EXP_LGBModel_Alpha158_csi300_custom_step0_s_20260830_19,db993a4dd6044e6cbc111641ee74e6ff,0.091,,,
4440,2026-08-28,SH601618,-8.585309211798016e-11,EXP_LGBModel_Alpha158_csi300_custom_step0_s_20260830_19,db993a4dd6044e6cbc111641ee74e6ff,0.091,,,
4441,2026-08-28,SH601727,-0.00242748270198105,EXP_LGBModel_Alpha158_csi300_custom_step0_s_20260830_19,db993a4dd6044e6cbc111641ee74e6ff,0.091,,,
4442,2026-08-28,SH601728,-8.585309211798016e-11,EXP_LGBModel_Alpha158_csi300_custom_step0_s_20260830_19,db993a4dd6044e6cbc111641ee74e6ff,0.091,,,
4443,2026-08-28,SH601766,0.0031094722212590582,EXP_LGBModel_Alpha158_csi300_custom_step0_s_20260830_19,db993a4dd6044e6cbc111641ee74e6ff,0.091,,,
4444,2026-08-28,SH601899,-0.003111094941041824,EXP_LGBModel_Alpha158_csi300_custom_step0_s_20260830_19,db993a4dd6044e6cbc111641ee74e6ff,0.091,,,
4445,2026-08-28,SH601898,-8.585309211798016e-11,EXP_LGBModel_Alpha158_csi300_custom_step0_s_20260830_19,db993a4dd6044e6cbc111641ee74e6ff,0.091,,,
4446,2026-08-28,SH601888,-8.585309211798016e-11,EXP_LGBModel_Alpha158_csi300_custom_step0_s_20260830_19,db993a4dd6044e6cbc111641ee74e6ff,0.091,,,
4447,2026-08-28,SH601881,0.0022672931148470573,EXP_LGBModel_Alpha158_csi300_custom_step0_s_20260830_19,db993a4dd6044e6cbc111641ee74e6ff,0.091,,,
4448,2026-08-28,SH601878,0.0031094722212590582,EXP_LGBModel_Alpha158_csi300_custom_step0_s_20260830_19,db993a4dd6044e6cbc111641ee74e6ff,0.091,,,
4449,2026-08-28,SH601877,-0.0023473827651678855,EXP_LGBModel_Alpha158_csi300_custom_step0_s_20260830_19,db993a4dd6044e6cbc111641ee74e6ff,0.091,,,
4450,2026-08-28,SH601872,-0.0023473827651678855,EXP_LGBModel_Alpha158_csi300_custom_step0_s_20260830_19,db993a4dd6044e6cbc111641ee74e6ff,0.091,,,
4451,2026-08-28,SH601868,-8.585309211798016e-11,EXP_LGBModel_Alpha158_csi300_custom_step0_s_20260830_19,db993a4dd6044e6cbc111641ee74e6ff,0.091,,,
4452,2026-08-28,SH601857,0.0031094722212590582,EXP_LGBModel_Alpha158_csi300_custom_step0_s_20260830_19,db993a4dd6044e6cbc111641ee74e6ff,0.091,,,
4453,2026-08-28,SH601838,0.0031094722212590582,EXP_LGBModel_Alpha158_csi300_custom_step0_s_20260830_19,db993a4dd6044e6cbc111641ee74e6ff,0.091,,,
4454,2026-08-28,SH601825,0.0023272254297830985,EXP_LGBModel_Alpha158_csi300_custom_step0_s_20260830_19,db993a4dd6044e6cbc111641ee74e6ff,0.091,,,
4455,2026-08-28,SH601818,0.0022672931148470573,EXP_LGBModel_Alpha158_csi300_custom_step0_s_20260830_19,db993a4dd6044e6cbc111641ee74e6ff,0.091,,,
4456,2026-08-28,SH601816,0.0022672931148470573,EXP_LGBModel_Alpha158_csi300_custom_step0_s_20260830_19,db993a4dd6044e6cbc111641ee74e6ff,0.091,,,
4457,2026-08-28,SH601800,0.0022672931148470573,EXP_LGBModel_Alpha158_csi300_custom_step0_s_20260830_19,db993a4dd6044e6cbc111641ee74e6ff,0.091,,,
4458,2026-08-28,SH601788,0.0031094722212590582,EXP_LGBModel_Alpha158_csi300_custom_step0_s_20260830_19,db993a4dd6044e6cbc111641ee74e6ff,0.091,,,
4459,2026-08-28,SH601377,0.0031094722212590582,EXP_LGBModel_Alpha158_csi300_custom_step0_s_20260830_19,db993a4dd6044e6cbc111641ee74e6ff,0.091,,,
4460,2026-08-28,SH601360,0.00037979394949225735,EXP_LGBModel_Alpha158_csi300_custom_step0_s_20260830_19,db993a4dd6044e6cbc111641ee74e6ff,0.091,,,
4461,2026-08-28,SH601336,-8.585309211798016e-11,EXP_LGBModel_Alpha158_csi300_custom_step0_s_20260830_19,db993a4dd6044e6cbc111641ee74e6ff,0.091,,,
4462,2026-08-28,SH601328,-8.585309211798016e-11,EXP_LGBModel_Alpha158_csi300_custom_step0_s_20260830_19,db993a4dd6044e6cbc111641ee74e6ff,0.091,,,
4463,2026-08-28,SH601059,0.0031094722212590582,EXP_LGBModel_Alpha158_csi300_custom_step0_s_20260830_19,db993a4dd6044e6cbc111641ee74e6ff,0.091,,,
4464,2026-08-28,SH601058,0.0031094722212590582,EXP_LGBModel_Alpha158_csi300_custom_step0_s_20260830_19,db993a4dd6044e6cbc111641ee74e6ff,0.091,,,
4465,2026-08-28,SH601021,-8.585309211798016e-11,EXP_LGBModel_Alpha158_csi300_custom_step0_s_20260830_19,db993a4dd6044e6cbc111641ee74e6ff,0.091,,,
4466,2026-08-28,SH601018,0.0031094722212590582,EXP_LGBModel_Alpha158_csi300_custom_step0_s_20260830_19,db993a4dd6044e6cbc111641ee74e6ff,0.091,,,
4467,2026-08-28,SH601012,-0.0023473827651678855,EXP_LGBModel_Alpha158_csi300_custom_step0_s_20260830_19,db993a4dd6044e6cbc111641ee74e6ff,0.091,,,
4468,2026-08-28,SH601009,0.0031094722212590582,EXP_LGBModel_Alpha158_csi300_custom_step0_s_20260830_19,db993a4dd6044e6cbc111641ee74e6ff,0.091,,,
4469,2026-08-28,SH601006,0.0022672931148470573,EXP_LGBModel_Alpha158_csi300_custom_step0_s_20260830_19,db993a4dd6044e6cbc111641ee74e6ff,0.091,,,
4470,2026-08-28,SH600999,-8.585309211798016e-11,EXP_LGBModel_Alpha158_csi300_custom_step0_s_20260830_19,db993a4dd6044e6cbc111641ee74e6ff,0.091,,,
4471,2026-08-28,SH600989,0.00037979394949225735,EXP_LGBModel_Alpha158_csi300_custom_step0_s_20260830_19,db993a4dd6044e6cbc111641ee74e6ff,0.091,,,
4472,2026-08-28,SH600958,0.0031094722212590582,EXP_LGBModel_Alpha158_csi300_custom_step0_s_20260830_19,db993a4dd6044e6cbc111641ee74e6ff,0.091,,,
4473,2026-08-28,SH600941,0.0031094722212590582,EXP_LGBModel_Alpha158_csi300_custom_step0_s_20260830_19,db993a4dd6044e6cbc111641ee74e6ff,0.091,,,
4474,2026-08-28,SH600938,-8.585309211798016e-11,EXP_LGBModel_Alpha158_csi300_custom_step0_s_20260830_19,db993a4dd6044e6cbc111641ee74e6ff,0.091,,,
4475,2026-08-28,SH600930,-8.585309211798016e-11,EXP_LGBModel_Alpha158_csi300_custom_step0_s_20260830_19,db993a4dd6044e6cbc111641ee74e6ff,0.091,,,
4476,2026-08-28,SH600926,0.0031094722212590582,EXP_LGBModel_Alpha158_csi300_custom_step0_s_20260830_19,db993a4dd6044e6cbc111641ee74e6ff,0.091,,,
4477,2026-08-28,SH600919,0.0031094722212590582,EXP_LGBModel_Alpha158_csi300_custom_step0_s_20260830_19,db993a4dd6044e6cbc111641ee74e6ff,0.091,,,
4478,2026-08-28,SH601066,-8.585309211798016e-11,EXP_LGBModel_Alpha158_csi300_custom_step0_s_20260830_19,db993a4dd6044e6cbc111641ee74e6ff,0.091,,,
4479,2026-08-28,SH600905,-8.585309211798016e-11,EXP_LGBModel_Alpha158_csi300_custom_step0_s_20260830_19,db993a4dd6044e6cbc111641ee74e6ff,0.091,,,
4480,2026-08-28,SH601077,-8.585309211798016e-11,EXP_LGBModel_Alpha158_csi300_custom_step0_s_20260830_19,db993a4dd6044e6cbc111641ee74e6ff,0.091,,,
4481,2026-08-28,SH601100,-0.0023473827651678855,EXP_LGBModel_Alpha158_csi300_custom_step0_s_20260830_19,db993a4dd6044e6cbc111641ee74e6ff,0.091,,,
4482,2026-08-28,SH601319,-8.585309211798016e-11,EXP_LGBModel_Alpha158_csi300_custom_step0_s_20260830_19,db993a4dd6044e6cbc111641ee74e6ff,0.091,,,
4483,2026-08-28,SH601318,-8.585309211798016e-11,EXP_LGBModel_Alpha158_csi300_custom_step0_s_20260830_19,db993a4dd6044e6cbc111641ee74e6ff,0.091,,,
4484,2026-08-28,SH601288,-8.585309211798016e-11,EXP_LGBModel_Alpha158_csi300_custom_step0_s_20260830_19,db993a4dd6044e6cbc111641ee74e6ff,0.091,,,
4485,2026-08-28,SH601238,-0.0023473827651678855,EXP_LGBModel_Alpha158_csi300_custom_step0_s_20260830_19,db993a4dd6044e6cbc111641ee74e6ff,0.091,,,
4486,2026-08-28,SH601229,0.0023272254297830985,EXP_LGBModel_Alpha158_csi300_custom_step0_s_20260830_19,db993a4dd6044e6cbc111641ee74e6ff,0.091,,,
4487,2026-08-28,SH601225,-0.003111094941041824,EXP_LGBModel_Alpha158_csi300_custom_step0_s_20260830_19,db993a4dd6044e6cbc111641ee74e6ff,0.091,,,
4488,2026-08-28,SH601211,0.0022672931148470573,EXP_LGBModel_Alpha158_csi300_custom_step0_s_20260830_19,db993a4dd6044e6cbc111641ee74e6ff,0.091,,,
4489,2026-08-28,SH601186,0.0022672931148470573,EXP_LGBModel_Alpha158_csi300_custom_step0_s_20260830_19,db993a4dd6044e6cbc111641ee74e6ff,0.091,,,
4490,2026-08-28,SH601169,0.0031094722212590582,EXP_LGBModel_Alpha158_csi300_custom_step0_s_20260830_19,db993a4dd6044e6cbc111641ee74e6ff,0.091,,,
4491,2026-08-28,SH601166,-8.585309211798016e-11,EXP_LGBModel_Alpha158_csi300_custom_step0_s_20260830_19,db993a4dd6044e6cbc111641ee74e6ff,0.091,,,
4492,2026-08-28,SH601138,-0.0023473827651678855,EXP_LGBModel_Alpha158_csi300_custom_step0_s_20260830_19,db993a4dd6044e6cbc111641ee74e6ff,0.091,,,
4493,2026-08-28,SH601136,0.00037979394949225735,EXP_LGBModel_Alpha158_csi300_custom_step0_s_20260830_19,db993a4dd6044e6cbc111641ee74e6ff,0.091,,,
4494,2026-08-28,SH601127,-8.585309211798016e-11,EXP_LGBModel_Alpha158_csi300_custom_step0_s_20260830_19,db993a4dd6044e6cbc111641ee74e6ff,0.091,,,
4495,2026-08-28,SH601117,0.0031094722212590582,EXP_LGBModel_Alpha158_csi300_custom_step0_s_20260830_19,db993a4dd6044e6cbc111641ee74e6ff,0.091,,,
4496,2026-08-28,SH601111,0.0022672931148470573,EXP_LGBModel_Alpha158_csi300_custom_step0_s_20260830_19,db993a4dd6044e6cbc111641ee74e6ff,0.091,,,
4497,2026-08-28,SH601088,-0.003111094941041824,EXP_LGBModel_Alpha158_csi300_custom_step0_s_20260830_19,db993a4dd6044e6cbc111641ee74e6ff,0.091,,,
4498,2026-08-28,SZ301308,-0.0023473827651678855,EXP_LGBModel_Alpha158_csi300_custom_step0_s_20260830_19,db993a4dd6044e6cbc111641ee74e6ff,0.091,,,
4499,2026-08-28,SZ302132,0.00037979394949225735,EXP_LGBModel_Alpha158_csi300_custom_step0_s_20260830_19,db993a4dd6044e6cbc111641ee74e6ff,0.091,,,
4500,2026-08-28,SH600000,0.011504936065816368,EXP_LGBModel_Alpha158_csi300_custom_step0_s_20260830_19,0586e1ff311c48139c4b74f433fcfa15,0.026,,,
4501,2026-08-28,SZ000617,-0.004990128763436939,EXP_LGBModel_Alpha158_csi300_custom_step0_s_20260830_19,0586e1ff311c48139c4b74f433fcfa15,0.026,,,
4502,2026-08-28,SZ000596,-0.007055013966740844,EXP_LGBModel_Alpha158_csi300_custom_step0_s_20260830_19,0586e1ff311c48139c4b74f433fcfa15,0.026,,,
4503,2026-08-28,SZ000568,-0.002342723764798957,EXP_LGBModel_Alpha158_csi300_custom_step0_s_20260830_19,0586e1ff311c48139c4b74f433fcfa15,0.026,,,
4504,2026-08-28,SZ000538,0.009155762004747056,EXP_LGBModel_Alpha158_csi300_custom_step0_s_20260830_19,0586e1ff311c48139c4b74f433fcfa15,0.026,,,
4505,2026-08-28,SZ000425,0.0012823481836327988,EXP_LGBModel_Alpha158_csi300_custom_step0_s_20260830_19,0586e1ff311c48139c4b74f433fcfa15,0.026,,,
4506,2026-08-28,SZ000408,-0.009379482796328453,EXP_LGBModel_Alpha158_csi300_custom_step0_s_20260830_19,0586e1ff311c48139c4b74f433fcfa15,0.026,,,
4507,2026-08-28,SZ000625,0.0012823481836327988,EXP_LGBModel_Alpha158_csi300_custom_step0_s_20260830_19,0586e1ff311c48139c4b74f433fcfa15,0.026,,,
4508,2026-08-28,SZ000338,-9.158318433838224e-05,EXP_LGBModel_Alpha158_csi300_custom_step0_s_20260830_19,0586e1ff311c48139c4b74f433fcfa15,0.026,,,
4509,2026-08-28,SZ000301,-0.004149043121398756,EXP_LGBModel_Alpha158_csi300_custom_step0_s_20260830_19,0586e1ff311c48139c4b74f433fcfa15,0.026,,,
4510,2026-08-28,SZ000166,0.010519974396726693,EXP_LGBModel_Alpha158_csi300_custom_step0_s_20260830_19,0586e1ff311c48139c4b74f433fcfa15,0.026,,,
4511,2026-08-28,SZ000157,-0.005959847326343953,EXP_LGBModel_Alpha158_csi300_custom_step0_s_20260830_19,0586e1ff311c48139c4b74f433fcfa15,0.026,,,
4512,2026-08-28,SZ000100,-0.008087787226197844,EXP_LGBModel_Alpha158_csi300_custom_step0_s_20260830_19,0586e1ff311c48139c4b74f433fcfa15,0.026,,,
4513,2026-08-28,SZ000063,-0.007106307952094541,EXP_LGBModel_Alpha158_csi300_custom_step0_s_20260830_19,0586e1ff311c48139c4b74f433fcfa15,0.026,,,
4514,2026-08-28,SZ000002,0.0026400253594342014,EXP_LGBModel_Alpha158_csi300_custom_step0_s_20260830_19,0586e1ff311c48139c4b74f433fcfa15,0.026,,,
4515,2026-08-28,SZ000333,0.0037656679304200694,EXP_LGBModel_Alpha158_csi300_custom_step0_s_20260830_19,0586e1ff311c48139c4b74f433fcfa15,0.026,,,
4516,2026-08-28,SZ000630,-0.012811905137198114,EXP_LGBModel_Alpha158_csi300_custom_step0_s_20260830_19,0586e1ff311c48139c4b74f433fcfa15,0.026,,,
4517,2026-08-28,SZ000651,0.008520220261229353,EXP_LGBModel_Alpha158_csi300_custom_step0_s_20260830_19,0586e1ff311c48139c4b74f433fcfa15,0.026,,,
4518,2026-08-28,SZ000657,0.0006010904847384086,EXP_LGBModel_Alpha158_csi300_custom_step0_s_20260830_19,0586e1ff311c48139c4b74f433fcfa15,0.026,,,
4519,2026-08-28,SZ001280,-0.0011685948831335598,EXP_LGBModel_Alpha158_csi300_custom_step0_s_20260830_19,0586e1ff311c48139c4b74f433fcfa15,0.026,,,
4520,2026-08-28,SZ000999,0.0002670107020837512,EXP_LGBModel_Alpha158_csi300_custom_step0_s_20260830_19,0586e1ff311c48139c4b74f433fcfa15,0.026,,,
4521,2026-08-28,SZ000988,-0.007045723503097217,EXP_LGBModel_Alpha158_csi300_custom_step0_s_20260830_19,0586e1ff311c48139c4b74f433fcfa15,0.026,,,
4522,2026-08-28,SZ000977,-0.012811905137198114,EXP_LGBModel_Alpha158_csi300_custom_step0_s_20260830_19,0586e1ff311c48139c4b74f433fcfa15,0.026,,,
4523,2026-08-28,SZ000975,0.014858482771884722,EXP_LGBModel_Alpha158_csi300_custom_step0_s_20260830_19,0586e1ff311c48139c4b74f433fcfa15,0.026,,,
4524,2026-08-28,SZ000963,-0.007106307952094541,EXP_LGBModel_Alpha158_csi300_custom_step0_s_20260830_19,0586e1ff311c48139c4b74f433fcfa15,0.026,,,
4525,2026-08-28,SZ000938,-0.008167572100069125,EXP_LGBModel_Alpha158_csi300_custom_step0_s_20260830_19,0586e1ff311c48139c4b74f433fcfa15,0.026,,,
4526,2026-08-28,SZ000895,0.0064128199655076185,EXP_LGBModel_Alpha158_csi300_custom_step0_s_20260830_19,0586e1ff311c48139c4b74f433fcfa15,0.026,,,
4527,2026-08-28,SZ000858,0.005198242529516345,EXP_LGBModel_Alpha158_csi300_custom_step0_s_20260830_19,0586e1ff311c48139c4b74f433fcfa15,0.026,,,
4528,2026-08-28,SZ000807,0.0026595690739234087,EXP_LGBModel_Alpha158_csi300_custom_step0_s_20260830_19,0586e1ff311c48139c4b74f433fcfa15,0.026,,,
4529,2026-08-28,SZ000792,0.0041021413238785725,EXP_LGBModel_Alpha158_csi300_custom_step0_s_20260830_19,0586e1ff311c48139c4b74f433fcfa15,0.026,,,
4530,2026-08-28,SZ000776,-0.004351612409699235,EXP_LGBModel_Alpha158_csi300_custom_step0_s_20260830_19,0586e1ff311c48139c4b74f433fcfa15,0.026,,,
4531,2026-08-28,SZ000768,0.00428261923906933,EXP_LGBModel_Alpha158_csi300_custom_step0_s_20260830_19,0586e1ff311c48139c4b74f433fcfa15,0.026,,,
4532,2026-08-28,SZ000725,-0.009556529598994215,EXP_LGBModel_Alpha158_csi300_custom_step0_s_20260830_19,0586e1ff311c48139c4b74f433fcfa15,0.026,,,
4533,2026-08-28,SZ000708,0.009155762004747056,EXP_LGBModel_Alpha158_csi300_custom_step0_s_20260830_19,0586e1ff311c48139c4b74f433fcfa15,0.026,,,
4534,2026-08-28,SZ000001,0.0013492160527331044,EXP_LGBModel_Alpha158_csi300_custom_step0_s_20260830_19,0586e1ff311c48139c4b74f433fcfa15,0.026,,,
4535,2026-08-28,SH688981,-0.00968514541870695,EXP_LGBModel_Alpha158_csi300_custom_step0_s_20260830_19,0586e1ff311c48139c4b74f433fcfa15,0.026,,,
4536,2026-08-28,SH688521,0.0045786728415527144,EXP_LGBModel_Alpha158_csi300_custom_step0_s_20260830_19,0586e1ff311c48139c4b74f433fcfa15,0.026,,,
4537,2026-08-28,SH688506,-0.008038956280356387,EXP_LGBModel_Alpha158_csi300_custom_step0_s_20260830_19,0586e1ff311c48139c4b74f433fcfa15,0.026,,,
4538,2026-08-28,SH603993,-0.012811905137198114,EXP_LGBModel_Alpha158_csi300_custom_step0_s_20260830_19,0586e1ff311c48139c4b74f433fcfa15,0.026,,,
4539,2026-08-28,SH603986,-0.0016491946699064043,EXP_LGBModel_Alpha158_csi300_custom_step0_s_20260830_19,0586e1ff311c48139c4b74f433fcfa15,0.026,,,
4540,2026-08-28,SH603893,-0.0009932325421691812,EXP_LGBModel_Alpha158_csi300_custom_step0_s_20260830_19,0586e1ff311c48139c4b74f433fcfa15,0.026,,,
4541,2026-08-28,SH603799,-0.004606533939486726,EXP_LGBModel_Alpha158_csi300_custom_step0_s_20260830_19,0586e1ff311c48139c4b74f433fcfa15,0.026,,,
4542,2026-08-28,SH603501,-0.007045723503097217,EXP_LGBModel_Alpha158_csi300_custom_step0_s_20260830_19,0586e1ff311c48139c4b74f433fcfa15,0.026,,,
4543,2026-08-28,SH603392,-0.009545497515705033,EXP_LGBModel_Alpha158_csi300_custom_step0_s_20260830_19,0586e1ff311c48139c4b74f433fcfa15,0.026,,,
4544,2026-08-28,SH603369,0.0022325131281346966,EXP_LGBModel_Alpha158_csi300_custom_step0_s_20260830_19,0586e1ff311c48139c4b74f433fcfa15,0.026,,,
4545,2026-08-28,SH603296,-0.012811905137198114,EXP_LGBModel_Alpha158_csi300_custom_step0_s_20260830_19,0586e1ff311c48139c4b74f433fcfa15,0.026,,,
4546,2026-08-28,SH603288,-0.0001981647402777824,EXP_LGBModel_Alpha158_csi300_custom_step0_s_20260830_19,0586e1ff311c48139c4b74f433fcfa15,0.026,,,
4547,2026-08-28,SH603260,-0.007094554448938674,EXP_LGBModel_Alpha158_csi300_custom_step0_s_20260830_19,0586e1ff311c48139c4b74f433fcfa15,0.026,,,
4548,2026-08-28,SH603259,0.014858482771884722,EXP_LGBModel_Alpha158_csi300_custom_step0_s_20260830_19,0586e1ff311c48139c4b74f433fcfa15,0.026,,,
4549,2026-08-28,SH603019,-0.010360962070431756,EXP_LGBModel_Alpha158_csi300_custom_step0_s_20260830_19,0586e1ff311c48139c4b74f433fcfa15,0.026,,,
4550,2026-08-28,SH601998,-0.005121639259314182,EXP_LGBModel_Alpha158_csi300_custom_step0_s_20260830_19,0586e1ff311c48139c4b74f433fcfa15,0.026,,,
4551,2026-08-28,SH601995,0.00802304901219261,EXP_LGBModel_Alpha158_csi300_custom_step0_s_20260830_19,0586e1ff311c48139c4b74f433fcfa15,0.026,,,
4552,2026-08-28,SH601988,0.008579514823272768,EXP_LGBModel_Alpha158_csi300_custom_step0_s_20260830_19,0586e1ff311c48139c4b74f433fcfa15,0.026,,,
4553,2026-08-28,SH605117,-0.010312131124590299,EXP_LGBModel_Alpha158_csi300_custom_step0_s_20260830_19,0586e1ff311c48139c4b74f433fcfa15,0.026,,,
4554,2026-08-28,SZ001391,-0.0011597301985082822,EXP_LGBModel_Alpha158_csi300_custom_step0_s_20260830_19,0586e1ff311c48139c4b74f433fcfa15,0.026,,,
4555,2026-08-28,SH605499,0.002922661803714366,EXP_LGBModel_Alpha158_csi300_custom_step0_s_20260830_19,0586e1ff311c48139c4b74f433fcfa15,0.026,,,
4556,2026-08-28,SH688009,0.007714447429477385,EXP_LGBModel_Alpha158_csi300_custom_step0_s_20260830_19,0586e1ff311c48139c4b74f433fcfa15,0.026,,,
4557,2026-08-28,SH688472,-0.004918202442365084,EXP_LGBModel_Alpha158_csi300_custom_step0_s_20260830_19,0586e1ff311c48139c4b74f433fcfa15,0.026,,,
4558,2026-08-28,SH688396,-0.009545497515705033,EXP_LGBModel_Alpha158_csi300_custom_step0_s_20260830_19,0586e1ff311c48139c4b74f433fcfa15,0.026,,,
4559,2026-08-28,SH688303,-0.006113075174835371,EXP_LGBModel_Alpha158_csi300_custom_step0_s_20260830_19,0586e1ff311c48139c4b74f433fcfa15,0.026,,,
4560,2026-08-28,SH688271,-0.003968516150314196,EXP_LGBModel_Alpha158_csi300_custom_step0_s_20260830_19,0586e1ff311c48139c4b74f433fcfa15,0.026,,,
4561,2026-08-28,SH688256,-0.0033451912426750354,EXP_LGBModel_Alpha158_csi300_custom_step0_s_20260830_19,0586e1ff311c48139c4b74f433fcfa15,0.026,,,
4562,2026-08-28,SH688223,-0.0017914427238739199,EXP_LGBModel_Alpha158_csi300_custom_step0_s_20260830_19,0586e1ff311c48139c4b74f433fcfa15,0.026,,,
4563,2026-08-28,SH688183,-0.0016632070090213872,EXP_LGBModel_Alpha158_csi300_custom_step0_s_20260830_19,0586e1ff311c48139c4b74f433fcfa15,0.026,,,
4564,2026-08-28,SH688126,-0.0046443328020390005,EXP_LGBModel_Alpha158_csi300_custom_step0_s_20260830_19,0586e1ff311c48139c4b74f433fcfa15,0.026,,,
4565,2026-08-28,SH688111,-0.012005009626248331,EXP_LGBModel_Alpha158_csi300_custom_step0_s_20260830_19,0586e1ff311c48139c4b74f433fcfa15,0.026,,,
4566,2026-08-28,SH688082,-0.007045723503097217,EXP_LGBModel_Alpha158_csi300_custom_step0_s_20260830_19,0586e1ff311c48139c4b74f433fcfa15,0.026,,,
4567,2026-08-28,SH688072,-0.005410966410924268,EXP_LGBModel_Alpha158_csi300_custom_step0_s_20260830_19,0586e1ff311c48139c4b74f433fcfa15,0.026,,,
4568,2026-08-28,SH688047,-0.007773957194719303,EXP_LGBModel_Alpha158_csi300_custom_step0_s_20260830_19,0586e1ff311c48139c4b74f433fcfa15,0.026,,,
4569,2026-08-28,SH688041,0.014858482771884722,EXP_LGBModel_Alpha158_csi300_custom_step0_s_20260830_19,0586e1ff311c48139c4b74f433fcfa15,0.026,,,
4570,2026-08-28,SH688036,-0.001464125942582289,EXP_LGBModel_Alpha158_csi300_custom_step0_s_20260830_19,0586e1ff311c48139c4b74f433fcfa15,0.026,,,
4571,2026-08-28,SH688012,-0.007910740423532084,EXP_LGBModel_Alpha158_csi300_custom_step0_s_20260830_19,0586e1ff311c48139c4b74f433fcfa15,0.026,,,
4572,2026-08-28,SH688008,-0.012811905137198114,EXP_LGBModel_Alpha158_csi300_custom_step0_s_20260830_19,0586e1ff311c48139c4b74f433fcfa15,0.026,,,
4573,2026-08-28,SH601985,0.012869148457796005,EXP_LGBModel_Alpha158_csi300_custom_step0_s_20260830_19,0586e1ff311c48139c4b74f433fcfa15,0.026,,,
4574,2026-08-28,SZ001965,0.0005883392629608341,EXP_LGBModel_Alpha158_csi300_custom_step0_s_20260830_19,0586e1ff311c48139c4b74f433fcfa15,0.026,,,
4575,2026-08-28,SZ002001,-0.0016319236410872733,EXP_LGBModel_Alpha158_csi300_custom_step0_s_20260830_19,0586e1ff311c48139c4b74f433fcfa15,0.026,,,
4576,2026-08-28,SZ300413,-0.0010806426001622362,EXP_LGBModel_Alpha158_csi300_custom_step0_s_20260830_19,0586e1ff311c48139c4b74f433fcfa15,0.026,,,
4577,2026-08-28,SZ300408,0.014858482771884722,EXP_LGBModel_Alpha158_csi300_custom_step0_s_20260830_19,0586e1ff311c48139c4b74f433fcfa15,0.026,,,
4578,2026-08-28,SZ300394,0.014858482771884722,EXP_LGBModel_Alpha158_csi300_custom_step0_s_20260830_19,0586e1ff311c48139c4b74f433fcfa15,0.026,,,
4579,2026-08-28,SZ300316,-0.012811905137198114,EXP_LGBModel_Alpha158_csi300_custom_step0_s_20260830_19,0586e1ff311c48139c4b74f433fcfa15,0.026,,,
4580,2026-08-28,SZ300308,-0.002450221411809684,EXP_LGBModel_Alpha158_csi300_custom_step0_s_20260830_19,0586e1ff311c48139c4b74f433fcfa15,0.026,,,
4581,2026-08-28,SZ300274,-0.0003227003510775505,EXP_LGBModel_Alpha158_csi300_custom_step0_s_20260830_19,0586e1ff311c48139c4b74f433fcfa15,0.026,,,
4582,2026-08-28,SZ300418,-0.007045723503097217,EXP_LGBModel_Alpha158_csi300_custom_step0_s_20260830_19,0586e1ff311c48139c4b74f433fcfa15,0.026,,,
4583,2026-08-28,SZ300251,-0.002686168201771386,EXP_LGBModel_Alpha158_csi300_custom_step0_s_20260830_19,0586e1ff311c48139c4b74f433fcfa15,0.026,,,
4584,2026-08-28,SZ300122,0.002993051956771015,EXP_LGBModel_Alpha158_csi300_custom_step0_s_20260830_19,0586e1ff311c48139c4b74f433fcfa15,0.026,,,
4585,2026-08-28,SZ300059,-0.003493006554776997,EXP_LGBModel_Alpha158_csi300_custom_step0_s_20260830_19,0586e1ff311c48139c4b74f433fcfa15,0.026,,,
4586,2026-08-28,SZ300033,-0.010360962070431756,EXP_LGBModel_Alpha158_csi300_custom_step0_s_20260830_19,0586e1ff311c48139c4b74f433fcfa15,0.026,,,
4587,2026-08-28,SZ300015,-0.002347339959923048,EXP_LGBModel_Alpha158_csi300_custom_step0_s_20260830_19,0586e1ff311c48139c4b74f433fcfa15,0.026,,,
4588,2026-08-28,SZ300014,-0.0034407163557159713,EXP_LGBModel_Alpha158_csi300_custom_step0_s_20260830_19,0586e1ff311c48139c4b74f433fcfa15,0.026,,,
4589,2026-08-28,SZ003816,0.012241734727822074,EXP_LGBModel_Alpha158_csi300_custom_step0_s_20260830_19,0586e1ff311c48139c4b74f433fcfa15,0.026,,,
4590,2026-08-28,SZ300124,-0.006063522809127227,EXP_LGBModel_Alpha158_csi300_custom_step0_s_20260830_19,0586e1ff311c48139c4b74f433fcfa15,0.026,,,
4591,2026-08-28,SZ300433,-0.0061185905426410486,EXP_LGBModel_Alpha158_csi300_custom_step0_s_20260830_19,0586e1ff311c48139c4b74f433fcfa15,0.026,,,
4592,2026-08-28,SZ300442,-0.010538730292964203,EXP_LGBModel_Alpha158_csi300_custom_step0_s_20260830_19,0586e1ff311c48139c4b74f433fcfa15,0.026,,,
4593,2026-08-28,SZ300450,-0.009556529598994215,EXP_LGBModel_Alpha158_csi300_custom_step0_s_20260830_19,0586e1ff311c48139c4b74f433fcfa15,0.026,,,
4594,2026-08-28,SZ301269,-0.012811905137198114,EXP_LGBModel_Alpha158_csi300_custom_step0_s_20260830_19,0586e1ff311c48139c4b74f433fcfa15,0.026,,,
4595,2026-08-28,SZ301236,-0.010538730292964203,EXP_LGBModel_Alpha158_csi300_custom_step0_s_20260830_19,0586e1ff311c48139c4b74f433fcfa15,0.026,,,
4596,2026-08-28,SZ301165,0.014858482771884722,EXP_LGBModel_Alpha158_csi300_custom_step0_s_20260830_19,0586e1ff311c48139c4b74f433fcfa15,0.026,,,
4597,2026-08-28,SZ300999,0.006158296279112762,EXP_LGBModel_Alpha158_csi300_custom_step0_s_20260830_19,0586e1ff311c48139c4b74f433fcfa15,0.026,,,
4598,2026-08-28,SZ300896,-0.004830727226292561,EXP_LGBModel_Alpha158_csi300_custom_step0_s_20260830_19,0586e1ff311c48139c4b74f433fcfa15,0.026,,,
4599,2026-08-28,SZ300866,-0.009096429947897151,EXP_LGBModel_Alpha158_csi300_custom_step0_s_20260830_19,0586e1ff311c48139c4b74f433fcfa15,0.026,,,
4600,2026-08-28,SZ300832,-0.0035510376131203266,EXP_LGBModel_Alpha158_csi300_custom_step0_s_20260830_19,0586e1ff311c48139c4b74f433fcfa15,0.026,,,
4601,2026-08-28,SZ300803,-0.012811905137198114,EXP_LGBModel_Alpha158_csi300_custom_step0_s_20260830_19,0586e1ff311c48139c4b74f433fcfa15,0.026,,,
4602,2026-08-28,SZ300760,-0.0010153372464590585,EXP_LGBModel_Alpha158_csi300_custom_step0_s_20260830_19,0586e1ff311c48139c4b74f433fcfa15,0.026,,,
4603,2026-08-28,SZ300750,-0.002342723764798957,EXP_LGBModel_Alpha158_csi300_custom_step0_s_20260830_19,0586e1ff311c48139c4b74f433fcfa15,0.026,,,
4604,2026-08-28,SZ300661,-0.0024997737775178264,EXP_LGBModel_Alpha158_csi300_custom_step0_s_20260830_19,0586e1ff311c48139c4b74f433fcfa15,0.026,,,
4605,2026-08-28,SZ300628,-0.0010153372464590585,EXP_LGBModel_Alpha158_csi300_custom_step0_s_20260830_19,0586e1ff311c48139c4b74f433fcfa15,0.026,,,
4606,2026-08-28,SZ300502,0.020610226593162174,EXP_LGBModel_Alpha158_csi300_custom_step0_s_20260830_19,0586e1ff311c48139c4b74f433fcfa15,0.026,,,
4607,2026-08-28,SZ300498,0.0008782826098449009,EXP_LGBModel_Alpha158_csi300_custom_step0_s_20260830_19,0586e1ff311c48139c4b74f433fcfa15,0.026,,,
4608,2026-08-28,SZ300476,0.020610226593162174,EXP_LGBModel_Alpha158_csi300_custom_step0_s_20260830_19,0586e1ff311c48139c4b74f433fcfa15,0.026,,,
4609,2026-08-28,SZ002938,-0.009545497515705033,EXP_LGBModel_Alpha158_csi300_custom_step0_s_20260830_19,0586e1ff311c48139c4b74f433fcfa15,0.026,,,
4610,2026-08-28,SZ002920,-0.012005009626248331,EXP_LGBModel_Alpha158_csi300_custom_step0_s_20260830_19,0586e1ff311c48139c4b74f433fcfa15,0.026,,,
4611,2026-08-28,SZ002916,-0.012811905137198114,EXP_LGBModel_Alpha158_csi300_custom_step0_s_20260830_19,0586e1ff311c48139c4b74f433fcfa15,0.026,,,
4612,2026-08-28,SZ002837,-0.0024509428316763695,EXP_LGBModel_Alpha158_csi300_custom_step0_s_20260830_19,0586e1ff311c48139c4b74f433fcfa15,0.026,,,
4613,2026-08-28,SZ002353,3.439336810800216e-05,EXP_LGBModel_Alpha158_csi300_custom_step0_s_20260830_19,0586e1ff311c48139c4b74f433fcfa15,0.026,,,
4614,2026-08-28,SZ002352,0.012869148457796005,EXP_LGBModel_Alpha158_csi300_custom_step0_s_20260830_19,0586e1ff311c48139c4b74f433fcfa15,0.026,,,
4615,2026-08-28,SZ002311,0.00175296726280926,EXP_LGBModel_Alpha158_csi300_custom_step0_s_20260830_19,0586e1ff311c48139c4b74f433fcfa15,0.026,,,
4616,2026-08-28,SZ002304,0.005198242529516345,EXP_LGBModel_Alpha158_csi300_custom_step0_s_20260830_19,0586e1ff311c48139c4b74f433fcfa15,0.026,,,
4617,2026-08-28,SZ002241,-0.005599869773993061,EXP_LGBModel_Alpha158_csi300_custom_step0_s_20260830_19,0586e1ff311c48139c4b74f433fcfa15,0.026,,,
4618,2026-08-28,SZ002236,0.008129786045037673,EXP_LGBModel_Alpha158_csi300_custom_step0_s_20260830_19,0586e1ff311c48139c4b74f433fcfa15,0.026,,,
4619,2026-08-28,SZ002230,-0.0032252016246834105,EXP_LGBModel_Alpha158_csi300_custom_step0_s_20260830_19,0586e1ff311c48139c4b74f433fcfa15,0.026,,,
4620,2026-08-28,SZ002202,-0.003968516150314196,EXP_LGBModel_Alpha158_csi300_custom_step0_s_20260830_19,0586e1ff311c48139c4b74f433fcfa15,0.026,,,
4621,2026-08-28,SZ002179,-0.011829704443228124,EXP_LGBModel_Alpha158_csi300_custom_step0_s_20260830_19,0586e1ff311c48139c4b74f433fcfa15,0.026,,,
4622,2026-08-28,SZ002142,0.000687129226421153,EXP_LGBModel_Alpha158_csi300_custom_step0_s_20260830_19,0586e1ff311c48139c4b74f433fcfa15,0.026,,,
4623,2026-08-28,SZ002074,-0.009556529598994215,EXP_LGBModel_Alpha158_csi300_custom_step0_s_20260830_19,0586e1ff311c48139c4b74f433fcfa15,0.026,,,
4624,2026-08-28,SZ002050,-0.008563296821735044,EXP_LGBModel_Alpha158_csi300_custom_step0_s_20260830_19,0586e1ff311c48139c4b74f433fcfa15,0.026,,,
4625,2026-08-28,SZ002049,-0.009556529598994215,EXP_LGBModel_Alpha158_csi300_custom_step0_s_20260830_19,0586e1ff311c48139c4b74f433fcfa15,0.026,,,
4626,2026-08-28,SZ002028,-0.005474099678414212,EXP_LGBModel_Alpha158_csi300_custom_step0_s_20260830_19,0586e1ff311c48139c4b74f433fcfa15,0.026,,,
4627,2026-08-28,SZ002027,0.00706295993251117,EXP_LGBModel_Alpha158_csi300_custom_step0_s_20260830_19,0586e1ff311c48139c4b74f433fcfa15,0.026,,,
4628,2026-08-28,SZ002371,-0.004039604620148416,EXP_LGBModel_Alpha158_csi300_custom_step0_s_20260830_19,0586e1ff311c48139c4b74f433fcfa15,0.026,,,
4629,2026-08-28,SZ001979,-0.009545497515705033,EXP_LGBModel_Alpha158_csi300_custom_step0_s_20260830_19,0586e1ff311c48139c4b74f433fcfa15,0.026,,,
4630,2026-08-28,SZ002384,-0.0074009384911838585,EXP_LGBModel_Alpha158_csi300_custom_step0_s_20260830_19,0586e1ff311c48139c4b74f433fcfa15,0.026,,,
4631,2026-08-28,SZ002422,-0.005410966410924268,EXP_LGBModel_Alpha158_csi300_custom_step0_s_20260830_19,0586e1ff311c48139c4b74f433fcfa15,0.026,,,
4632,2026-08-28,SZ002736,0.0047789260195247,EXP_LGBModel_Alpha158_csi300_custom_step0_s_20260830_19,0586e1ff311c48139c4b74f433fcfa15,0.026,,,
4633,2026-08-28,SZ002714,0.004239003994498497,EXP_LGBModel_Alpha158_csi300_custom_step0_s_20260830_19,0586e1ff311c48139c4b74f433fcfa15,0.026,,,
4634,2026-08-28,SZ002709,-0.008523034919670528,EXP_LGBModel_Alpha158_csi300_custom_step0_s_20260830_19,0586e1ff311c48139c4b74f433fcfa15,0.026,,,
4635,2026-08-28,SZ002648,0.0026993270297585954,EXP_LGBModel_Alpha158_csi300_custom_step0_s_20260830_19,0586e1ff311c48139c4b74f433fcfa15,0.026,,,
4636,2026-08-28,SZ002625,-0.0042074023186533995,EXP_LGBModel_Alpha158_csi300_custom_step0_s_20260830_19,0586e1ff311c48139c4b74f433fcfa15,0.026,,,
4637,2026-08-28,SZ002602,0.008709800766112837,EXP_LGBModel_Alpha158_csi300_custom_step0_s_20260830_19,0586e1ff311c48139c4b74f433fcfa15,0.026,,,
4638,2026-08-28,SZ002600,-0.009545497515705033,EXP_LGBModel_Alpha158_csi300_custom_step0_s_20260830_19,0586e1ff311c48139c4b74f433fcfa15,0.026,,,
4639,2026-08-28,SZ002594,0.012869148457796005,EXP_LGBModel_Alpha158_csi300_custom_step0_s_20260830_19,0586e1ff311c48139c4b74f433fcfa15,0.026,,,
4640,2026-08-28,SZ002558,0.0014649515142071774,EXP_LGBModel_Alpha158_csi300_custom_step0_s_20260830_19,0586e1ff311c48139c4b74f433fcfa15,0.026,,,
4641,2026-08-28,SZ002532,-0.009505235613640516,EXP_LGBModel_Alpha158_csi300_custom_step0_s_20260830_19,0586e1ff311c48139c4b74f433fcfa15,0.026,,,
4642,2026-08-28,SZ002493,-0.011096184083394491,EXP_LGBModel_Alpha158_csi300_custom_step0_s_20260830_19,0586e1ff311c48139c4b74f433fcfa15,0.026,,,
4643,2026-08-28,SZ002475,-0.012811905137198114,EXP_LGBModel_Alpha158_csi300_custom_step0_s_20260830_19,0586e1ff311c48139c4b74f433fcfa15,0.026,,,
4644,2026-08-28,SZ002466,-0.009545497515705033,EXP_LGBModel_Alpha158_csi300_custom_step0_s_20260830_19,0586e1ff311c48139c4b74f433fcfa15,0.026,,,
4645,2026-08-28,SZ002463,-0.012811905137198114,EXP_LGBModel_Alpha158_csi300_custom_step0_s_20260830_19,0586e1ff311c48139c4b74f433fcfa15,0.026,,,
4646,2026-08-28,SZ002460,-0.007045723503097217,EXP_LGBModel_Alpha158_csi300_custom_step0_s_20260830_19,0586e1ff311c48139c4b74f433fcfa15,0.026,,,
4647,2026-08-28,SZ002415,0.002922661803714366,EXP_LGBModel_Alpha158_csi300_custom_step0_s_20260830_19,0586e1ff311c48139c4b74f433fcfa15,0.026,,,
4648,2026-08-28,SH601939,0.007320679451307259,EXP_LGBModel_Alpha158_csi300_custom_step0_s_20260830_19,0586e1ff311c48139c4b74f433fcfa15,0.026,,,
4649,2026-08-28,SH601919,-0.0002698047636895595,EXP_LGBModel_Alpha158_csi300_custom_step0_s_20260830_19,0586e1ff311c48139c4b74f433fcfa15,0.026,,,
4650,2026-08-28,SH601916,0.011504936065816368,EXP_LGBModel_Alpha158_csi300_custom_step0_s_20260830_19,0586e1ff311c48139c4b74f433fcfa15,0.026,,,
4651,2026-08-28,SH600522,-0.009545497515705033,EXP_LGBModel_Alpha158_csi300_custom_step0_s_20260830_19,0586e1ff311c48139c4b74f433fcfa15,0.026,,,
4652,2026-08-28,SH600519,0.007777032357487253,EXP_LGBModel_Alpha158_csi300_custom_step0_s_20260830_19,0586e1ff311c48139c4b74f433fcfa15,0.026,,,
4653,2026-08-28,SH600515,0.004213891699154126,EXP_LGBModel_Alpha158_csi300_custom_step0_s_20260830_19,0586e1ff311c48139c4b74f433fcfa15,0.026,,,
4654,2026-08-28,SH600489,-0.009590914636362068,EXP_LGBModel_Alpha158_csi300_custom_step0_s_20260830_19,0586e1ff311c48139c4b74f433fcfa15,0.026,,,
4655,2026-08-28,SH600482,-0.0074009384911838585,EXP_LGBModel_Alpha158_csi300_custom_step0_s_20260830_19,0586e1ff311c48139c4b74f433fcfa15,0.026,,,
4656,2026-08-28,SH600460,-0.009545497515705033,EXP_LGBModel_Alpha158_csi300_custom_step0_s_20260830_19,0586e1ff311c48139c4b74f433fcfa15,0.026,,,
4657,2026-08-28,SH600547,0.012836942038982302,EXP_LGBModel_Alpha158_csi300_custom_step0_s_20260830_19,0586e1ff311c48139c4b74f433fcfa15,0.026,,,
4658,2026-08-28,SH600438,-0.00857258728537867,EXP_LGBModel_Alpha158_csi300_custom_step0_s_20260830_19,0586e1ff311c48139c4b74f433fcfa15,0.026,,,
4659,2026-08-28,SH600426,0.005818973039349452,EXP_LGBModel_Alpha158_csi300_custom_step0_s_20260830_19,0586e1ff311c48139c4b74f433fcfa15,0.026,,,
4660,2026-08-28,SH600415,-0.0024595118754533107,EXP_LGBModel_Alpha158_csi300_custom_step0_s_20260830_19,0586e1ff311c48139c4b74f433fcfa15,0.026,,,
4661,2026-08-28,SH600406,0.0012823481836327988,EXP_LGBModel_Alpha158_csi300_custom_step0_s_20260830_19,0586e1ff311c48139c4b74f433fcfa15,0.026,,,
4662,2026-08-28,SH600372,0.0005264191107252605,EXP_LGBModel_Alpha158_csi300_custom_step0_s_20260830_19,0586e1ff311c48139c4b74f433fcfa15,0.026,,,
4663,2026-08-28,SH600362,-0.012811905137198114,EXP_LGBModel_Alpha158_csi300_custom_step0_s_20260830_19,0586e1ff311c48139c4b74f433fcfa15,0.026,,,
4664,2026-08-28,SH600346,-0.011096184083394491,EXP_LGBModel_Alpha158_csi300_custom_step0_s_20260830_19,0586e1ff311c48139c4b74f433fcfa15,0.026,,,
4665,2026-08-28,SH600436,-0.002686168201771386,EXP_LGBModel_Alpha158_csi300_custom_step0_s_20260830_19,0586e1ff311c48139c4b74f433fcfa15,0.026,,,
4666,2026-08-28,SH600549,-0.009545497515705033,EXP_LGBModel_Alpha158_csi300_custom_step0_s_20260830_19,0586e1ff311c48139c4b74f433fcfa15,0.026,,,
4667,2026-08-28,SH600570,-0.008563296821735044,EXP_LGBModel_Alpha158_csi300_custom_step0_s_20260830_19,0586e1ff311c48139c4b74f433fcfa15,0.026,,,
4668,2026-08-28,SH600584,-0.0074009384911838585,EXP_LGBModel_Alpha158_csi300_custom_step0_s_20260830_19,0586e1ff311c48139c4b74f433fcfa15,0.026,,,
4669,2026-08-28,SH600887,0.00016364603390180252,EXP_LGBModel_Alpha158_csi300_custom_step0_s_20260830_19,0586e1ff311c48139c4b74f433fcfa15,0.026,,,
4670,2026-08-28,SH600886,0.006308411778566584,EXP_LGBModel_Alpha158_csi300_custom_step0_s_20260830_19,0586e1ff311c48139c4b74f433fcfa15,0.026,,,
4671,2026-08-28,SH600875,-0.008038956280356387,EXP_LGBModel_Alpha158_csi300_custom_step0_s_20260830_19,0586e1ff311c48139c4b74f433fcfa15,0.026,,,
4672,2026-08-28,SH600845,-0.003968516150314196,EXP_LGBModel_Alpha158_csi300_custom_step0_s_20260830_19,0586e1ff311c48139c4b74f433fcfa15,0.026,,,
4673,2026-08-28,SH600809,-0.0024595118754533107,EXP_LGBModel_Alpha158_csi300_custom_step0_s_20260830_19,0586e1ff311c48139c4b74f433fcfa15,0.026,,,
4674,2026-08-28,SH600803,0.012869148457796005,EXP_LGBModel_Alpha158_csi300_custom_step0_s_20260830_19,0586e1ff311c48139c4b74f433fcfa15,0.026,,,
4675,2026-08-28,SH600795,0.00802304901219261,EXP_LGBModel_Alpha158_csi300_custom_step0_s_20260830_19,0586e1ff311c48139c4b74f433fcfa15,0.026,,,
4676,2026-08-28,SH600760,0.012241734727822074,EXP_LGBModel_Alpha158_csi300_custom_step0_s_20260830_19,0586e1ff311c48139c4b74f433fcfa15,0.026,,,
4677,2026-08-28,SH600741,0.0014563824704302362,EXP_LGBModel_Alpha158_csi300_custom_step0_s_20260830_19,0586e1ff311c48139c4b74f433fcfa15,0.026,,,
4678,2026-08-28,SH600690,0.006992834686582782,EXP_LGBModel_Alpha158_csi300_custom_step0_s_20260830_19,0586e1ff311c48139c4b74f433fcfa15,0.026,,,
4679,2026-08-28,SH600674,0.012869148457796005,EXP_LGBModel_Alpha158_csi300_custom_step0_s_20260830_19,0586e1ff311c48139c4b74f433fcfa15,0.026,,,
4680,2026-08-28,SH600660,0.007777032357487253,EXP_LGBModel_Alpha158_csi300_custom_step0_s_20260830_19,0586e1ff311c48139c4b74f433fcfa15,0.026,,,
4681,2026-08-28,SH600600,0.0012823481836327988,EXP_LGBModel_Alpha158_csi300_custom_step0_s_20260830_19,0586e1ff311c48139c4b74f433fcfa15,0.026,,,
4682,2026-08-28,SH600588,0.0045786728415527144,EXP_LGBModel_Alpha158_csi300_custom_step0_s_20260830_19,0586e1ff311c48139c4b74f433fcfa15,0.026,,,
4683,2026-08-28,SH600585,0.0037818381732640047,EXP_LGBModel_Alpha158_csi300_custom_step0_s_20260830_19,0586e1ff311c48139c4b74f433fcfa15,0.026,,,
4684,2026-08-28,SH600309,0.006840042478310037,EXP_LGBModel_Alpha158_csi300_custom_step0_s_20260830_19,0586e1ff311c48139c4b74f433fcfa15,0.026,,,
4685,2026-08-28,SH600276,-0.0016319236410872733,EXP_LGBModel_Alpha158_csi300_custom_step0_s_20260830_19,0586e1ff311c48139c4b74f433fcfa15,0.026,,,
4686,2026-08-28,SH600233,0.0006804330819388854,EXP_LGBModel_Alpha158_csi300_custom_step0_s_20260830_19,0586e1ff311c48139c4b74f433fcfa15,0.026,,,
4687,2026-08-28,SH600221,0.002392517432683038,EXP_LGBModel_Alpha158_csi300_custom_step0_s_20260830_19,0586e1ff311c48139c4b74f433fcfa15,0.026,,,
4688,2026-08-28,SH600031,0.0032566598700841725,EXP_LGBModel_Alpha158_csi300_custom_step0_s_20260830_19,0586e1ff311c48139c4b74f433fcfa15,0.026,,,
4689,2026-08-28,SH600030,0.010519974396726693,EXP_LGBModel_Alpha158_csi300_custom_step0_s_20260830_19,0586e1ff311c48139c4b74f433fcfa15,0.026,,,
4690,2026-08-28,SH600029,0.00802304901219261,EXP_LGBModel_Alpha158_csi300_custom_step0_s_20260830_19,0586e1ff311c48139c4b74f433fcfa15,0.026,,,
4691,2026-08-28,SH600028,0.009542407933153467,EXP_LGBModel_Alpha158_csi300_custom_step0_s_20260830_19,0586e1ff311c48139c4b74f433fcfa15,0.026,,,
4692,2026-08-28,SH600027,-0.0014687421377063802,EXP_LGBModel_Alpha158_csi300_custom_step0_s_20260830_19,0586e1ff311c48139c4b74f433fcfa15,0.026,,,
4693,2026-08-28,SH600026,-0.012005009626248331,EXP_LGBModel_Alpha158_csi300_custom_step0_s_20260830_19,0586e1ff311c48139c4b74f433fcfa15,0.026,,,
4694,2026-08-28,SH600025,0.003915894580973536,EXP_LGBModel_Alpha158_csi300_custom_step0_s_20260830_19,0586e1ff311c48139c4b74f433fcfa15,0.026,,,
4695,2026-08-28,SH600023,0.004823754066773175,EXP_LGBModel_Alpha158_csi300_custom_step0_s_20260830_19,0586e1ff311c48139c4b74f433fcfa15,0.026,,,
4696,2026-08-28,SH600019,0.009155762004747056,EXP_LGBModel_Alpha158_csi300_custom_step0_s_20260830_19,0586e1ff311c48139c4b74f433fcfa15,0.026,,,
4697,2026-08-28,SH600018,0.012869148457796005,EXP_LGBModel_Alpha158_csi300_custom_step0_s_20260830_19,0586e1ff311c48139c4b74f433fcfa15,0.026,,,
4698,2026-08-28,SH600016,0.009155762004747056,EXP_LGBModel_Alpha158_csi300_custom_step0_s_20260830_19,0586e1ff311c48139c4b74f433fcfa15,0.026,,,
4699,2026-08-28,SH600015,0.004488589037746278,EXP_LGBModel_Alpha158_csi300_custom_step0_s_20260830_19,0586e1ff311c48139c4b74f433fcfa15,0.026,,,
4700,2026-08-28,SH600011,0.0015665728385557004,EXP_LGBModel_Alpha158_csi300_custom_step0_s_20260830_19,0586e1ff311c48139c4b74f433fcfa15,0.026,,,
4701,2026-08-28,SH600010,0.002742942274329428,EXP_LGBModel_Alpha158_csi300_custom_step0_s_20260830_19,0586e1ff311c48139c4b74f433fcfa15,0.026,,,
4702,2026-08-28,SH600009,0.007714447429477385,EXP_LGBModel_Alpha158_csi300_custom_step0_s_20260830_19,0586e1ff311c48139c4b74f433fcfa15,0.026,,,
4703,2026-08-28,SH600036,0.010063621490546697,EXP_LGBModel_Alpha158_csi300_custom_step0_s_20260830_19,0586e1ff311c48139c4b74f433fcfa15,0.026,,,
4704,2026-08-28,SH600893,-0.0021582224393366036,EXP_LGBModel_Alpha158_csi300_custom_step0_s_20260830_19,0586e1ff311c48139c4b74f433fcfa15,0.026,,,
4705,2026-08-28,SH600039,0.009165703962802049,EXP_LGBModel_Alpha158_csi300_custom_step0_s_20260830_19,0586e1ff311c48139c4b74f433fcfa15,0.026,,,
4706,2026-08-28,SH600050,0.011504936065816368,EXP_LGBModel_Alpha158_csi300_custom_step0_s_20260830_19,0586e1ff311c48139c4b74f433fcfa15,0.026,,,
4707,2026-08-28,SH600219,-0.004349544877505004,EXP_LGBModel_Alpha158_csi300_custom_step0_s_20260830_19,0586e1ff311c48139c4b74f433fcfa15,0.026,,,
4708,2026-08-28,SH600196,-0.004606533939486726,EXP_LGBModel_Alpha158_csi300_custom_step0_s_20260830_19,0586e1ff311c48139c4b74f433fcfa15,0.026,,,
4709,2026-08-28,SH600188,-0.0024509428316763695,EXP_LGBModel_Alpha158_csi300_custom_step0_s_20260830_19,0586e1ff311c48139c4b74f433fcfa15,0.026,,,
4710,2026-08-28,SH600183,-0.004162981021629203,EXP_LGBModel_Alpha158_csi300_custom_step0_s_20260830_19,0586e1ff311c48139c4b74f433fcfa15,0.026,,,
4711,2026-08-28,SH600176,-0.009545497515705033,EXP_LGBModel_Alpha158_csi300_custom_step0_s_20260830_19,0586e1ff311c48139c4b74f433fcfa15,0.026,,,
4712,2026-08-28,SH600160,-0.010360962070431756,EXP_LGBModel_Alpha158_csi300_custom_step0_s_20260830_19,0586e1ff311c48139c4b74f433fcfa15,0.026,,,
4713,2026-08-28,SH600150,0.002392586237017637,EXP_LGBModel_Alpha158_csi300_custom_step0_s_20260830_19,0586e1ff311c48139c4b74f433fcfa15,0.026,,,
4714,2026-08-28,SH600118,-0.001588661553382057,EXP_LGBModel_Alpha158_csi300_custom_step0_s_20260830_19,0586e1ff311c48139c4b74f433fcfa15,0.026,,,
4715,2026-08-28,SH600115,0.0021489422930077154,EXP_LGBModel_Alpha158_csi300_custom_step0_s_20260830_19,0586e1ff311c48139c4b74f433fcfa15,0.026,,,
4716,2026-08-28,SH600111,-0.008563296821735044,EXP_LGBModel_Alpha158_csi300_custom_step0_s_20260830_19,0586e1ff311c48139c4b74f433fcfa15,0.026,,,
4717,2026-08-28,SH600104,2.35089989156749e-10,EXP_LGBModel_Alpha158_csi300_custom_step0_s_20260830_19,0586e1ff311c48139c4b74f433fcfa15,0.026,,,
4718,2026-08-28,SH600089,-0.0010806426001622362,EXP_LGBModel_Alpha158_csi300_custom_step0_s_20260830_19,0586e1ff311c48139c4b74f433fcfa15,0.026,,,
4719,2026-08-28,SH600085,0.00706295993251117,EXP_LGBModel_Alpha158_csi300_custom_step0_s_20260830_19,0586e1ff311c48139c4b74f433fcfa15,0.026,,,
4720,2026-08-28,SH600066,0.0037422202766038528,EXP_LGBModel_Alpha158_csi300_custom_step0_s_20260830_19,0586e1ff311c48139c4b74f433fcfa15,0.026,,,
4721,2026-08-28,SH600061,0.0032693611499646997,EXP_LGBModel_Alpha158_csi300_custom_step0_s_20260830_19,0586e1ff311c48139c4b74f433fcfa15,0.026,,,
4722,2026-08-28,SH600048,0.003714986163906501,EXP_LGBModel_Alpha158_csi300_custom_step0_s_20260830_19,0586e1ff311c48139c4b74f433fcfa15,0.026,,,
4723,2026-08-28,SH600900,0.007589041719932824,EXP_LGBModel_Alpha158_csi300_custom_step0_s_20260830_19,0586e1ff311c48139c4b74f433fcfa15,0.026,,,
4724,2026-08-28,SH600905,0.0005278000296882136,EXP_LGBModel_Alpha158_csi300_custom_step0_s_20260830_19,0586e1ff311c48139c4b74f433fcfa15,0.026,,,
4725,2026-08-28,SH600918,0.002742942274329428,EXP_LGBModel_Alpha158_csi300_custom_step0_s_20260830_19,0586e1ff311c48139c4b74f433fcfa15,0.026,,,
4726,2026-08-28,SH601698,-0.005500782350485391,EXP_LGBModel_Alpha158_csi300_custom_step0_s_20260830_19,0586e1ff311c48139c4b74f433fcfa15,0.026,,,
4727,2026-08-28,SH601689,-0.0064187377972138695,EXP_LGBModel_Alpha158_csi300_custom_step0_s_20260830_19,0586e1ff311c48139c4b74f433fcfa15,0.026,,,
4728,2026-08-28,SH601688,0.0005983832498082536,EXP_LGBModel_Alpha158_csi300_custom_step0_s_20260830_19,0586e1ff311c48139c4b74f433fcfa15,0.026,,,
4729,2026-08-28,SH601669,0.005198242529516345,EXP_LGBModel_Alpha158_csi300_custom_step0_s_20260830_19,0586e1ff311c48139c4b74f433fcfa15,0.026,,,
4730,2026-08-28,SH601668,0.0064128199655076185,EXP_LGBModel_Alpha158_csi300_custom_step0_s_20260830_19,0586e1ff311c48139c4b74f433fcfa15,0.026,,,
4731,2026-08-28,SH601658,0.007714447429477385,EXP_LGBModel_Alpha158_csi300_custom_step0_s_20260830_19,0586e1ff311c48139c4b74f433fcfa15,0.026,,,
4732,2026-08-28,SH601633,0.00478737920670919,EXP_LGBModel_Alpha158_csi300_custom_step0_s_20260830_19,0586e1ff311c48139c4b74f433fcfa15,0.026,,,
4733,2026-08-28,SH601628,-0.002959850948275264,EXP_LGBModel_Alpha158_csi300_custom_step0_s_20260830_19,0586e1ff311c48139c4b74f433fcfa15,0.026,,,
4734,2026-08-28,SH601618,0.008520220261229353,EXP_LGBModel_Alpha158_csi300_custom_step0_s_20260830_19,0586e1ff311c48139c4b74f433fcfa15,0.026,,,
4735,2026-08-28,SH601607,0.012869148457796005,EXP_LGBModel_Alpha158_csi300_custom_step0_s_20260830_19,0586e1ff311c48139c4b74f433fcfa15,0.026,,,
4736,2026-08-28,SH601601,-0.002595466248181572,EXP_LGBModel_Alpha158_csi300_custom_step0_s_20260830_19,0586e1ff311c48139c4b74f433fcfa15,0.026,,,
4737,2026-08-28,SH601600,-0.005820354782495605,EXP_LGBModel_Alpha158_csi300_custom_step0_s_20260830_19,0586e1ff311c48139c4b74f433fcfa15,0.026,,,
4738,2026-08-28,SH601456,0.010519974396726693,EXP_LGBModel_Alpha158_csi300_custom_step0_s_20260830_19,0586e1ff311c48139c4b74f433fcfa15,0.026,,,
4739,2026-08-28,SH601398,0.007714447429477385,EXP_LGBModel_Alpha158_csi300_custom_step0_s_20260830_19,0586e1ff311c48139c4b74f433fcfa15,0.026,,,
4740,2026-08-28,SH601390,0.012869148457796005,EXP_LGBModel_Alpha158_csi300_custom_step0_s_20260830_19,0586e1ff311c48139c4b74f433fcfa15,0.026,,,
4741,2026-08-28,SH601727,-0.00018639418916357054,EXP_LGBModel_Alpha158_csi300_custom_step0_s_20260830_19,0586e1ff311c48139c4b74f433fcfa15,0.026,,,
4742,2026-08-28,SH601377,0.010519974396726693,EXP_LGBModel_Alpha158_csi300_custom_step0_s_20260830_19,0586e1ff311c48139c4b74f433fcfa15,0.026,,,
4743,2026-08-28,SH601728,-0.0004969257617138112,EXP_LGBModel_Alpha158_csi300_custom_step0_s_20260830_19,0586e1ff311c48139c4b74f433fcfa15,0.026,,,
4744,2026-08-28,SH601788,0.00428261923906933,EXP_LGBModel_Alpha158_csi300_custom_step0_s_20260830_19,0586e1ff311c48139c4b74f433fcfa15,0.026,,,
4745,2026-08-28,SH601901,0.009887766415187436,EXP_LGBModel_Alpha158_csi300_custom_step0_s_20260830_19,0586e1ff311c48139c4b74f433fcfa15,0.026,,,
4746,2026-08-28,SH601899,-0.0054782378085349494,EXP_LGBModel_Alpha158_csi300_custom_step0_s_20260830_19,0586e1ff311c48139c4b74f433fcfa15,0.026,,,
4747,2026-08-28,SH601898,-0.004901164478576043,EXP_LGBModel_Alpha158_csi300_custom_step0_s_20260830_19,0586e1ff311c48139c4b74f433fcfa15,0.026,,,
4748,2026-08-28,SH601888,0.0012823481836327988,EXP_LGBModel_Alpha158_csi300_custom_step0_s_20260830_19,0586e1ff311c48139c4b74f433fcfa15,0.026,,,
4749,2026-08-28,SH601881,0.01223694047625675,EXP_LGBModel_Alpha158_csi300_custom_step0_s_20260830_19,0586e1ff311c48139c4b74f433fcfa15,0.026,,,
4750,2026-08-28,SH601878,0.010519974396726693,EXP_LGBModel_Alpha158_csi300_custom_step0_s_20260830_19,0586e1ff311c48139c4b74f433fcfa15,0.026,,,
4751,2026-08-28,SH601877,-0.00438980677956952,EXP_LGBModel_Alpha158_csi300_custom_step0_s_20260830_19,0586e1ff311c48139c4b74f433fcfa15,0.026,,,
4752,2026-08-28,SH601872,-0.009505235613640516,EXP_LGBModel_Alpha158_csi300_custom_step0_s_20260830_19,0586e1ff311c48139c4b74f433fcfa15,0.026,,,
4753,2026-08-28,SH601868,0.003002379800302087,EXP_LGBModel_Alpha158_csi300_custom_step0_s_20260830_19,0586e1ff311c48139c4b74f433fcfa15,0.026,,,
4754,2026-08-28,SH601857,0.002742942274329428,EXP_LGBModel_Alpha158_csi300_custom_step0_s_20260830_19,0586e1ff311c48139c4b74f433fcfa15,0.026,,,
4755,2026-08-28,SH601838,0.003239249054784798,EXP_LGBModel_Alpha158_csi300_custom_step0_s_20260830_19,0586e1ff311c48139c4b74f433fcfa15,0.026,,,
4756,2026-08-28,SH601825,-0.001649129797395878,EXP_LGBModel_Alpha158_csi300_custom_step0_s_20260830_19,0586e1ff311c48139c4b74f433fcfa15,0.026,,,
4757,2026-08-28,SH601818,0.005239867658863511,EXP_LGBModel_Alpha158_csi300_custom_step0_s_20260830_19,0586e1ff311c48139c4b74f433fcfa15,0.026,,,
4758,2026-08-28,SH601816,0.010063621490546697,EXP_LGBModel_Alpha158_csi300_custom_step0_s_20260830_19,0586e1ff311c48139c4b74f433fcfa15,0.026,,,
4759,2026-08-28,SH601800,0.005419587188248448,EXP_LGBModel_Alpha158_csi300_custom_step0_s_20260830_19,0586e1ff311c48139c4b74f433fcfa15,0.026,,,
4760,2026-08-28,SH601766,0.0014813472284446925,EXP_LGBModel_Alpha158_csi300_custom_step0_s_20260830_19,0586e1ff311c48139c4b74f433fcfa15,0.026,,,
4761,2026-08-28,SZ301308,-0.12305640429258347,EXP_XGBModel_Alpha158_csi300_custom_step0_s_20260830_16,e09cb8b525ea4492aa2ac3b9a54eb1bd,0.041,,,
4762,2026-08-28,SH601360,0.007358650004089354,EXP_LGBModel_Alpha158_csi300_custom_step0_s_20260830_19,0586e1ff311c48139c4b74f433fcfa15,0.026,,,
4763,2026-08-28,SH601328,0.007714447429477385,EXP_LGBModel_Alpha158_csi300_custom_step0_s_20260830_19,0586e1ff311c48139c4b74f433fcfa15,0.026,,,
4764,2026-08-28,SH601059,0.010519974396726693,EXP_LGBModel_Alpha158_csi300_custom_step0_s_20260830_19,0586e1ff311c48139c4b74f433fcfa15,0.026,,,
4765,2026-08-28,SH601058,0.010372223073261922,EXP_LGBModel_Alpha158_csi300_custom_step0_s_20260830_19,0586e1ff311c48139c4b74f433fcfa15,0.026,,,
4766,2026-08-28,SH601021,0.005198242529516345,EXP_LGBModel_Alpha158_csi300_custom_step0_s_20260830_19,0586e1ff311c48139c4b74f433fcfa15,0.026,,,
4767,2026-08-28,SH601018,-0.0011214715256524384,EXP_LGBModel_Alpha158_csi300_custom_step0_s_20260830_19,0586e1ff311c48139c4b74f433fcfa15,0.026,,,
4768,2026-08-28,SH601012,-0.012005009626248331,EXP_LGBModel_Alpha158_csi300_custom_step0_s_20260830_19,0586e1ff311c48139c4b74f433fcfa15,0.026,,,
4769,2026-08-28,SH601009,0.004351053664909287,EXP_LGBModel_Alpha158_csi300_custom_step0_s_20260830_19,0586e1ff311c48139c4b74f433fcfa15,0.026,,,
4770,2026-08-28,SH601006,0.011504936065816368,EXP_LGBModel_Alpha158_csi300_custom_step0_s_20260830_19,0586e1ff311c48139c4b74f433fcfa15,0.026,,,
4771,2026-08-28,SH600999,-0.002450221411809684,EXP_LGBModel_Alpha158_csi300_custom_step0_s_20260830_19,0586e1ff311c48139c4b74f433fcfa15,0.026,,,
4772,2026-08-28,SH600989,0.00428261923906933,EXP_LGBModel_Alpha158_csi300_custom_step0_s_20260830_19,0586e1ff311c48139c4b74f433fcfa15,0.026,,,
4773,2026-08-28,SH600958,0.010519974396726693,EXP_LGBModel_Alpha158_csi300_custom_step0_s_20260830_19,0586e1ff311c48139c4b74f433fcfa15,0.026,,,
4774,2026-08-28,SH600941,0.007714447429477385,EXP_LGBModel_Alpha158_csi300_custom_step0_s_20260830_19,0586e1ff311c48139c4b74f433fcfa15,0.026,,,
4775,2026-08-28,SH600938,-0.0024595118754533107,EXP_LGBModel_Alpha158_csi300_custom_step0_s_20260830_19,0586e1ff311c48139c4b74f433fcfa15,0.026,,,
4776,2026-08-28,SH600930,0.0030353152113520698,EXP_LGBModel_Alpha158_csi300_custom_step0_s_20260830_19,0586e1ff311c48139c4b74f433fcfa15,0.026,,,
4777,2026-08-28,SH600926,0.012869148457796005,EXP_LGBModel_Alpha158_csi300_custom_step0_s_20260830_19,0586e1ff311c48139c4b74f433fcfa15,0.026,,,
4778,2026-08-28,SH600919,0.007714447429477385,EXP_LGBModel_Alpha158_csi300_custom_step0_s_20260830_19,0586e1ff311c48139c4b74f433fcfa15,0.026,,,
4779,2026-08-28,SH601066,-0.0019719739829196017,EXP_LGBModel_Alpha158_csi300_custom_step0_s_20260830_19,0586e1ff311c48139c4b74f433fcfa15,0.026,,,
4780,2026-08-28,SH601336,0.002742942274329428,EXP_LGBModel_Alpha158_csi300_custom_step0_s_20260830_19,0586e1ff311c48139c4b74f433fcfa15,0.026,,,
4781,2026-08-28,SH601077,0.0033483873756726427,EXP_LGBModel_Alpha158_csi300_custom_step0_s_20260830_19,0586e1ff311c48139c4b74f433fcfa15,0.026,,,
4782,2026-08-28,SH601100,-0.00975623388854117,EXP_LGBModel_Alpha158_csi300_custom_step0_s_20260830_19,0586e1ff311c48139c4b74f433fcfa15,0.026,,,
4783,2026-08-28,SH601319,0.003239249054784798,EXP_LGBModel_Alpha158_csi300_custom_step0_s_20260830_19,0586e1ff311c48139c4b74f433fcfa15,0.026,,,
4784,2026-08-28,SH601318,-0.0029815585046287204,EXP_LGBModel_Alpha158_csi300_custom_step0_s_20260830_19,0586e1ff311c48139c4b74f433fcfa15,0.026,,,
4785,2026-08-28,SH601288,2.9493113921460166e-05,EXP_LGBModel_Alpha158_csi300_custom_step0_s_20260830_19,0586e1ff311c48139c4b74f433fcfa15,0.026,,,
4786,2026-08-28,SH601238,-0.003974908439347817,EXP_LGBModel_Alpha158_csi300_custom_step0_s_20260830_19,0586e1ff311c48139c4b74f433fcfa15,0.026,,,
4787,2026-08-28,SH601229,0.0004963070155453591,EXP_LGBModel_Alpha158_csi300_custom_step0_s_20260830_19,0586e1ff311c48139c4b74f433fcfa15,0.026,,,
4788,2026-08-28,SH601225,-0.007942363679300039,EXP_LGBModel_Alpha158_csi300_custom_step0_s_20260830_19,0586e1ff311c48139c4b74f433fcfa15,0.026,,,
4789,2026-08-28,SH601211,0.0057806119839683605,EXP_LGBModel_Alpha158_csi300_custom_step0_s_20260830_19,0586e1ff311c48139c4b74f433fcfa15,0.026,,,
4790,2026-08-28,SH601186,0.005239867658863511,EXP_LGBModel_Alpha158_csi300_custom_step0_s_20260830_19,0586e1ff311c48139c4b74f433fcfa15,0.026,,,
4791,2026-08-28,SH601169,0.0037656679304200694,EXP_LGBModel_Alpha158_csi300_custom_step0_s_20260830_19,0586e1ff311c48139c4b74f433fcfa15,0.026,,,
4792,2026-08-28,SH601166,-0.003508904259577595,EXP_LGBModel_Alpha158_csi300_custom_step0_s_20260830_19,0586e1ff311c48139c4b74f433fcfa15,0.026,,,
4793,2026-08-28,SH601138,-0.012811905137198114,EXP_LGBModel_Alpha158_csi300_custom_step0_s_20260830_19,0586e1ff311c48139c4b74f433fcfa15,0.026,,,
4794,2026-08-28,SH601136,-0.0012304236412078215,EXP_LGBModel_Alpha158_csi300_custom_step0_s_20260830_19,0586e1ff311c48139c4b74f433fcfa15,0.026,,,
4795,2026-08-28,SH601127,-0.004830727226292561,EXP_LGBModel_Alpha158_csi300_custom_step0_s_20260830_19,0586e1ff311c48139c4b74f433fcfa15,0.026,,,
4796,2026-08-28,SH601117,0.012869148457796005,EXP_LGBModel_Alpha158_csi300_custom_step0_s_20260830_19,0586e1ff311c48139c4b74f433fcfa15,0.026,,,
4797,2026-08-28,SH601111,0.0041021413238785725,EXP_LGBModel_Alpha158_csi300_custom_step0_s_20260830_19,0586e1ff311c48139c4b74f433fcfa15,0.026,,,
4798,2026-08-28,SH601088,0.0033183319288280708,EXP_LGBModel_Alpha158_csi300_custom_step0_s_20260830_19,0586e1ff311c48139c4b74f433fcfa15,0.026,,,
4799,2026-08-28,SZ302132,0.03332682326436043,EXP_XGBModel_Alpha158_csi300_custom_step0_s_20260830_16,e09cb8b525ea4492aa2ac3b9a54eb1bd,0.041,,,
