,datetime,instrument,score,exp_name,rid,weight,real_label,error,abs_error
0,2026-09-30,SH600000,-0.00013841027832332904,EXP_CatBoostModel_Alpha158_csi300_custom_step0_s_20261001_20,f691f8295a2d48728df8c5d71adb788a,0.075,,,
1,2026-09-30,SH601225,-0.014498475939035416,EXP_LinearModel_Alpha158_csi300_custom_step0_s_20261001_18,d143054933f445be9f32b1fcd0de056d,0.003,,,
2,2026-09-30,SH601211,-0.01701076328754425,EXP_LinearModel_Alpha158_csi300_custom_step0_s_20261001_18,d143054933f445be9f32b1fcd0de056d,0.003,,,
3,2026-09-30,SH601186,0.0401882529258728,EXP_LinearModel_Alpha158_csi300_custom_step0_s_20261001_18,d143054933f445be9f32b1fcd0de056d,0.003,,,
4,2026-09-30,SH601169,0.12323237955570221,EXP_LinearModel_Alpha158_csi300_custom_step0_s_20261001_18,d143054933f445be9f32b1fcd0de056d,0.003,,,
5,2026-09-30,SH601166,-0.024795401841402054,EXP_LinearModel_Alpha158_csi300_custom_step0_s_20261001_18,d143054933f445be9f32b1fcd0de056d,0.003,,,
6,2026-09-30,SH601138,-0.07665599137544632,EXP_LinearModel_Alpha158_csi300_custom_step0_s_20261001_18,d143054933f445be9f32b1fcd0de056d,0.003,,,
7,2026-09-30,SH601136,-0.11297809332609177,EXP_LinearModel_Alpha158_csi300_custom_step0_s_20261001_18,d143054933f445be9f32b1fcd0de056d,0.003,,,
8,2026-09-30,SH601127,0.005999250337481499,EXP_LinearModel_Alpha158_csi300_custom_step0_s_20261001_18,d143054933f445be9f32b1fcd0de056d,0.003,,,
9,2026-09-30,SH601117,-0.05827304348349571,EXP_LinearModel_Alpha158_csi300_custom_step0_s_20261001_18,d143054933f445be9f32b1fcd0de056d,0.003,,,
10,2026-09-30,SH601111,0.015850398689508438,EXP_LinearModel_Alpha158_csi300_custom_step0_s_20261001_18,d143054933f445be9f32b1fcd0de056d,0.003,,,
11,2026-09-30,SH601100,-0.00795346312224865,EXP_LinearModel_Alpha158_csi300_custom_step0_s_20261001_18,d143054933f445be9f32b1fcd0de056d,0.003,,,
12,2026-09-30,SH601088,0.011957507580518723,EXP_LinearModel_Alpha158_csi300_custom_step0_s_20261001_18,d143054933f445be9f32b1fcd0de056d,0.003,,,
13,2026-09-30,SH601077,0.022774459794163704,EXP_LinearModel_Alpha158_csi300_custom_step0_s_20261001_18,d143054933f445be9f32b1fcd0de056d,0.003,,,
14,2026-09-30,SH601066,-0.021359175443649292,EXP_LinearModel_Alpha158_csi300_custom_step0_s_20261001_18,d143054933f445be9f32b1fcd0de056d,0.003,,,
15,2026-09-30,SH601058,-0.012650874443352222,EXP_LinearModel_Alpha158_csi300_custom_step0_s_20261001_18,d143054933f445be9f32b1fcd0de056d,0.003,,,
16,2026-09-30,SH601229,0.057957302778959274,EXP_LinearModel_Alpha158_csi300_custom_step0_s_20261001_18,d143054933f445be9f32b1fcd0de056d,0.003,,,
17,2026-09-30,SH601238,,EXP_LinearModel_Alpha158_csi300_custom_step0_s_20261001_18,d143054933f445be9f32b1fcd0de056d,0.003,,,
18,2026-09-30,SH601288,0.07654078304767609,EXP_LinearModel_Alpha158_csi300_custom_step0_s_20261001_18,d143054933f445be9f32b1fcd0de056d,0.003,,,
19,2026-09-30,SH601318,-0.028655357658863068,EXP_LinearModel_Alpha158_csi300_custom_step0_s_20261001_18,d143054933f445be9f32b1fcd0de056d,0.003,,,
20,2026-09-30,SH601668,0.021522538736462593,EXP_LinearModel_Alpha158_csi300_custom_step0_s_20261001_18,d143054933f445be9f32b1fcd0de056d,0.003,,,
21,2026-09-30,SH601658,0.11788933724164963,EXP_LinearModel_Alpha158_csi300_custom_step0_s_20261001_18,d143054933f445be9f32b1fcd0de056d,0.003,,,
22,2026-09-30,SH601633,-0.07485757768154144,EXP_LinearModel_Alpha158_csi300_custom_step0_s_20261001_18,d143054933f445be9f32b1fcd0de056d,0.003,,,
23,2026-09-30,SH601628,-0.010913319885730743,EXP_LinearModel_Alpha158_csi300_custom_step0_s_20261001_18,d143054933f445be9f32b1fcd0de056d,0.003,,,
24,2026-09-30,SH601618,0.03375912457704544,EXP_LinearModel_Alpha158_csi300_custom_step0_s_20261001_18,d143054933f445be9f32b1fcd0de056d,0.003,,,
25,2026-09-30,SH601607,0.025425713509321213,EXP_LinearModel_Alpha158_csi300_custom_step0_s_20261001_18,d143054933f445be9f32b1fcd0de056d,0.003,,,
26,2026-09-30,SH601601,-0.06760299205780029,EXP_LinearModel_Alpha158_csi300_custom_step0_s_20261001_18,d143054933f445be9f32b1fcd0de056d,0.003,,,
27,2026-09-30,SH601021,-0.0024426172021776438,EXP_LinearModel_Alpha158_csi300_custom_step0_s_20261001_18,d143054933f445be9f32b1fcd0de056d,0.003,,,
28,2026-09-30,SH601600,-0.07191832363605499,EXP_LinearModel_Alpha158_csi300_custom_step0_s_20261001_18,d143054933f445be9f32b1fcd0de056d,0.003,,,
29,2026-09-30,SH601398,0.08879563957452774,EXP_LinearModel_Alpha158_csi300_custom_step0_s_20261001_18,d143054933f445be9f32b1fcd0de056d,0.003,,,
30,2026-09-30,SH601390,-0.0038969016168266535,EXP_LinearModel_Alpha158_csi300_custom_step0_s_20261001_18,d143054933f445be9f32b1fcd0de056d,0.003,,,
31,2026-09-30,SH601377,0.01673421822488308,EXP_LinearModel_Alpha158_csi300_custom_step0_s_20261001_18,d143054933f445be9f32b1fcd0de056d,0.003,,,
32,2026-09-30,SH601360,-0.026126351207494736,EXP_LinearModel_Alpha158_csi300_custom_step0_s_20261001_18,d143054933f445be9f32b1fcd0de056d,0.003,,,
33,2026-09-30,SH601336,-0.04527820646762848,EXP_LinearModel_Alpha158_csi300_custom_step0_s_20261001_18,d143054933f445be9f32b1fcd0de056d,0.003,,,
34,2026-09-30,SH601328,0.1420212686061859,EXP_LinearModel_Alpha158_csi300_custom_step0_s_20261001_18,d143054933f445be9f32b1fcd0de056d,0.003,,,
35,2026-09-30,SH601319,0.10746324062347412,EXP_LinearModel_Alpha158_csi300_custom_step0_s_20261001_18,d143054933f445be9f32b1fcd0de056d,0.003,,,
36,2026-09-30,SH601456,-0.029174361377954483,EXP_LinearModel_Alpha158_csi300_custom_step0_s_20261001_18,d143054933f445be9f32b1fcd0de056d,0.003,,,
37,2026-09-30,SH601018,0.08949117362499237,EXP_LinearModel_Alpha158_csi300_custom_step0_s_20261001_18,d143054933f445be9f32b1fcd0de056d,0.003,,,
38,2026-09-30,SH601012,-0.00927753560245037,EXP_LinearModel_Alpha158_csi300_custom_step0_s_20261001_18,d143054933f445be9f32b1fcd0de056d,0.003,,,
39,2026-09-30,SH601009,0.02756148763000965,EXP_LinearModel_Alpha158_csi300_custom_step0_s_20261001_18,d143054933f445be9f32b1fcd0de056d,0.003,,,
40,2026-09-30,SH600760,0.01807321608066559,EXP_LinearModel_Alpha158_csi300_custom_step0_s_20261001_18,d143054933f445be9f32b1fcd0de056d,0.003,,,
41,2026-09-30,SH600741,0.02258794941008091,EXP_LinearModel_Alpha158_csi300_custom_step0_s_20261001_18,d143054933f445be9f32b1fcd0de056d,0.003,,,
42,2026-09-30,SH600690,-0.017971213907003403,EXP_LinearModel_Alpha158_csi300_custom_step0_s_20261001_18,d143054933f445be9f32b1fcd0de056d,0.003,,,
43,2026-09-30,SH600674,0.04228442534804344,EXP_LinearModel_Alpha158_csi300_custom_step0_s_20261001_18,d143054933f445be9f32b1fcd0de056d,0.003,,,
44,2026-09-30,SH600660,0.016225047409534454,EXP_LinearModel_Alpha158_csi300_custom_step0_s_20261001_18,d143054933f445be9f32b1fcd0de056d,0.003,,,
45,2026-09-30,SH600600,-0.061416395008563995,EXP_LinearModel_Alpha158_csi300_custom_step0_s_20261001_18,d143054933f445be9f32b1fcd0de056d,0.003,,,
46,2026-09-30,SH600588,-0.009123175404965878,EXP_LinearModel_Alpha158_csi300_custom_step0_s_20261001_18,d143054933f445be9f32b1fcd0de056d,0.003,,,
47,2026-09-30,SH600795,0.03294507414102554,EXP_LinearModel_Alpha158_csi300_custom_step0_s_20261001_18,d143054933f445be9f32b1fcd0de056d,0.003,,,
48,2026-09-30,SH600585,0.020044641569256783,EXP_LinearModel_Alpha158_csi300_custom_step0_s_20261001_18,d143054933f445be9f32b1fcd0de056d,0.003,,,
49,2026-09-30,SH600570,-0.06664340943098068,EXP_LinearModel_Alpha158_csi300_custom_step0_s_20261001_18,d143054933f445be9f32b1fcd0de056d,0.003,,,
50,2026-09-30,SH600549,-0.0077153355814516544,EXP_LinearModel_Alpha158_csi300_custom_step0_s_20261001_18,d143054933f445be9f32b1fcd0de056d,0.003,,,
51,2026-09-30,SH600547,0.04092923179268837,EXP_LinearModel_Alpha158_csi300_custom_step0_s_20261001_18,d143054933f445be9f32b1fcd0de056d,0.003,,,
52,2026-09-30,SH600522,-0.08674401044845581,EXP_LinearModel_Alpha158_csi300_custom_step0_s_20261001_18,d143054933f445be9f32b1fcd0de056d,0.003,,,
53,2026-09-30,SH600519,-0.04715971648693085,EXP_LinearModel_Alpha158_csi300_custom_step0_s_20261001_18,d143054933f445be9f32b1fcd0de056d,0.003,,,
54,2026-09-30,SH600515,-0.03519172966480255,EXP_LinearModel_Alpha158_csi300_custom_step0_s_20261001_18,d143054933f445be9f32b1fcd0de056d,0.003,,,
55,2026-09-30,SH600489,0.011619651690125465,EXP_LinearModel_Alpha158_csi300_custom_step0_s_20261001_18,d143054933f445be9f32b1fcd0de056d,0.003,,,
56,2026-09-30,SH600584,-0.05482863634824753,EXP_LinearModel_Alpha158_csi300_custom_step0_s_20261001_18,d143054933f445be9f32b1fcd0de056d,0.003,,,
57,2026-09-30,SH601669,-0.016223976388573647,EXP_LinearModel_Alpha158_csi300_custom_step0_s_20261001_18,d143054933f445be9f32b1fcd0de056d,0.003,,,
58,2026-09-30,SH600803,0.006064938846975565,EXP_LinearModel_Alpha158_csi300_custom_step0_s_20261001_18,d143054933f445be9f32b1fcd0de056d,0.003,,,
59,2026-09-30,SH600845,-0.05044515058398247,EXP_LinearModel_Alpha158_csi300_custom_step0_s_20261001_18,d143054933f445be9f32b1fcd0de056d,0.003,,,
60,2026-09-30,SH601006,0.013800639659166336,EXP_LinearModel_Alpha158_csi300_custom_step0_s_20261001_18,d143054933f445be9f32b1fcd0de056d,0.003,,,
61,2026-09-30,SH600999,-0.007945522665977478,EXP_LinearModel_Alpha158_csi300_custom_step0_s_20261001_18,d143054933f445be9f32b1fcd0de056d,0.003,,,
62,2026-09-30,SH600989,-0.013490920886397362,EXP_LinearModel_Alpha158_csi300_custom_step0_s_20261001_18,d143054933f445be9f32b1fcd0de056d,0.003,,,
63,2026-09-30,SH600958,-0.053953949362039566,EXP_LinearModel_Alpha158_csi300_custom_step0_s_20261001_18,d143054933f445be9f32b1fcd0de056d,0.003,,,
64,2026-09-30,SH600941,-0.011111130937933922,EXP_LinearModel_Alpha158_csi300_custom_step0_s_20261001_18,d143054933f445be9f32b1fcd0de056d,0.003,,,
65,2026-09-30,SH600938,-0.011417530477046967,EXP_LinearModel_Alpha158_csi300_custom_step0_s_20261001_18,d143054933f445be9f32b1fcd0de056d,0.003,,,
66,2026-09-30,SH600930,-0.027679404243826866,EXP_LinearModel_Alpha158_csi300_custom_step0_s_20261001_18,d143054933f445be9f32b1fcd0de056d,0.003,,,
67,2026-09-30,SH600809,-0.03394288197159767,EXP_LinearModel_Alpha158_csi300_custom_step0_s_20261001_18,d143054933f445be9f32b1fcd0de056d,0.003,,,
68,2026-09-30,SH600926,0.06747262924909592,EXP_LinearModel_Alpha158_csi300_custom_step0_s_20261001_18,d143054933f445be9f32b1fcd0de056d,0.003,,,
69,2026-09-30,SH600918,-0.055375371128320694,EXP_LinearModel_Alpha158_csi300_custom_step0_s_20261001_18,d143054933f445be9f32b1fcd0de056d,0.003,,,
70,2026-09-30,SH600905,-0.0034863403998315334,EXP_LinearModel_Alpha158_csi300_custom_step0_s_20261001_18,d143054933f445be9f32b1fcd0de056d,0.003,,,
71,2026-09-30,SH600900,0.07414722442626953,EXP_LinearModel_Alpha158_csi300_custom_step0_s_20261001_18,d143054933f445be9f32b1fcd0de056d,0.003,,,
72,2026-09-30,SH600893,-0.0015695726033300161,EXP_LinearModel_Alpha158_csi300_custom_step0_s_20261001_18,d143054933f445be9f32b1fcd0de056d,0.003,,,
73,2026-09-30,SH600887,0.08595974743366241,EXP_LinearModel_Alpha158_csi300_custom_step0_s_20261001_18,d143054933f445be9f32b1fcd0de056d,0.003,,,
74,2026-09-30,SH600886,0.0681188628077507,EXP_LinearModel_Alpha158_csi300_custom_step0_s_20261001_18,d143054933f445be9f32b1fcd0de056d,0.003,,,
75,2026-09-30,SH600875,-0.04817889630794525,EXP_LinearModel_Alpha158_csi300_custom_step0_s_20261001_18,d143054933f445be9f32b1fcd0de056d,0.003,,,
76,2026-09-30,SH600919,-0.004030696582049131,EXP_LinearModel_Alpha158_csi300_custom_step0_s_20261001_18,d143054933f445be9f32b1fcd0de056d,0.003,,,
77,2026-09-30,SH600482,0.031183060258626938,EXP_LinearModel_Alpha158_csi300_custom_step0_s_20261001_18,d143054933f445be9f32b1fcd0de056d,0.003,,,
78,2026-09-30,SH601688,0.004437949508428574,EXP_LinearModel_Alpha158_csi300_custom_step0_s_20261001_18,d143054933f445be9f32b1fcd0de056d,0.003,,,
79,2026-09-30,SH601698,-0.06103949621319771,EXP_LinearModel_Alpha158_csi300_custom_step0_s_20261001_18,d143054933f445be9f32b1fcd0de056d,0.003,,,
80,2026-09-30,SH688303,-0.04259316250681877,EXP_LinearModel_Alpha158_csi300_custom_step0_s_20261001_18,d143054933f445be9f32b1fcd0de056d,0.003,,,
81,2026-09-30,SH688271,-0.059023063629865646,EXP_LinearModel_Alpha158_csi300_custom_step0_s_20261001_18,d143054933f445be9f32b1fcd0de056d,0.003,,,
82,2026-09-30,SH688256,-0.05210643261671066,EXP_LinearModel_Alpha158_csi300_custom_step0_s_20261001_18,d143054933f445be9f32b1fcd0de056d,0.003,,,
83,2026-09-30,SH688223,0.003292808774858713,EXP_LinearModel_Alpha158_csi300_custom_step0_s_20261001_18,d143054933f445be9f32b1fcd0de056d,0.003,,,
84,2026-09-30,SH688183,0.006669105961918831,EXP_LinearModel_Alpha158_csi300_custom_step0_s_20261001_18,d143054933f445be9f32b1fcd0de056d,0.003,,,
85,2026-09-30,SH688126,-0.10198907554149628,EXP_LinearModel_Alpha158_csi300_custom_step0_s_20261001_18,d143054933f445be9f32b1fcd0de056d,0.003,,,
86,2026-09-30,SH688111,0.005917706526815891,EXP_LinearModel_Alpha158_csi300_custom_step0_s_20261001_18,d143054933f445be9f32b1fcd0de056d,0.003,,,
87,2026-09-30,SH688082,-0.12587593495845795,EXP_LinearModel_Alpha158_csi300_custom_step0_s_20261001_18,d143054933f445be9f32b1fcd0de056d,0.003,,,
88,2026-09-30,SH688072,,EXP_LinearModel_Alpha158_csi300_custom_step0_s_20261001_18,d143054933f445be9f32b1fcd0de056d,0.003,,,
89,2026-09-30,SH688047,-0.11681842058897018,EXP_LinearModel_Alpha158_csi300_custom_step0_s_20261001_18,d143054933f445be9f32b1fcd0de056d,0.003,,,
90,2026-09-30,SH688041,-0.1118154227733612,EXP_LinearModel_Alpha158_csi300_custom_step0_s_20261001_18,d143054933f445be9f32b1fcd0de056d,0.003,,,
91,2026-09-30,SH688036,0.023269206285476685,EXP_LinearModel_Alpha158_csi300_custom_step0_s_20261001_18,d143054933f445be9f32b1fcd0de056d,0.003,,,
92,2026-09-30,SH688012,-0.06337209045886993,EXP_LinearModel_Alpha158_csi300_custom_step0_s_20261001_18,d143054933f445be9f32b1fcd0de056d,0.003,,,
93,2026-09-30,SH688009,-0.03480471670627594,EXP_LinearModel_Alpha158_csi300_custom_step0_s_20261001_18,d143054933f445be9f32b1fcd0de056d,0.003,,,
94,2026-09-30,SH688008,-0.0507461279630661,EXP_LinearModel_Alpha158_csi300_custom_step0_s_20261001_18,d143054933f445be9f32b1fcd0de056d,0.003,,,
95,2026-09-30,SH688396,-0.07677064090967178,EXP_LinearModel_Alpha158_csi300_custom_step0_s_20261001_18,d143054933f445be9f32b1fcd0de056d,0.003,,,
96,2026-09-30,SH688472,0.047196146100759506,EXP_LinearModel_Alpha158_csi300_custom_step0_s_20261001_18,d143054933f445be9f32b1fcd0de056d,0.003,,,
97,2026-09-30,SH688506,0.05354922264814377,EXP_LinearModel_Alpha158_csi300_custom_step0_s_20261001_18,d143054933f445be9f32b1fcd0de056d,0.003,,,
98,2026-09-30,SH688521,-0.07013306021690369,EXP_LinearModel_Alpha158_csi300_custom_step0_s_20261001_18,d143054933f445be9f32b1fcd0de056d,0.003,,,
99,2026-09-30,SZ000617,-0.0445108525454998,EXP_LinearModel_Alpha158_csi300_custom_step0_s_20261001_18,d143054933f445be9f32b1fcd0de056d,0.003,,,
100,2026-09-30,SZ000596,0.07492981851100922,EXP_LinearModel_Alpha158_csi300_custom_step0_s_20261001_18,d143054933f445be9f32b1fcd0de056d,0.003,,,
101,2026-09-30,SZ000568,-0.04261866211891174,EXP_LinearModel_Alpha158_csi300_custom_step0_s_20261001_18,d143054933f445be9f32b1fcd0de056d,0.003,,,
102,2026-09-30,SZ000538,-4.03448793804273e-05,EXP_LinearModel_Alpha158_csi300_custom_step0_s_20261001_18,d143054933f445be9f32b1fcd0de056d,0.003,,,
103,2026-09-30,SZ000425,-0.06293574720621109,EXP_LinearModel_Alpha158_csi300_custom_step0_s_20261001_18,d143054933f445be9f32b1fcd0de056d,0.003,,,
104,2026-09-30,SZ000408,-0.01785562001168728,EXP_LinearModel_Alpha158_csi300_custom_step0_s_20261001_18,d143054933f445be9f32b1fcd0de056d,0.003,,,
105,2026-09-30,SZ000338,-0.01832462288439274,EXP_LinearModel_Alpha158_csi300_custom_step0_s_20261001_18,d143054933f445be9f32b1fcd0de056d,0.003,,,
106,2026-09-30,SH605499,-0.062679223716259,EXP_LinearModel_Alpha158_csi300_custom_step0_s_20261001_18,d143054933f445be9f32b1fcd0de056d,0.003,,,
107,2026-09-30,SZ000333,-0.031483303755521774,EXP_LinearModel_Alpha158_csi300_custom_step0_s_20261001_18,d143054933f445be9f32b1fcd0de056d,0.003,,,
108,2026-09-30,SZ000166,0.01222035102546215,EXP_LinearModel_Alpha158_csi300_custom_step0_s_20261001_18,d143054933f445be9f32b1fcd0de056d,0.003,,,
109,2026-09-30,SZ000157,0.02709244005382061,EXP_LinearModel_Alpha158_csi300_custom_step0_s_20261001_18,d143054933f445be9f32b1fcd0de056d,0.003,,,
110,2026-09-30,SZ000100,0.0033219503238797188,EXP_LinearModel_Alpha158_csi300_custom_step0_s_20261001_18,d143054933f445be9f32b1fcd0de056d,0.003,,,
111,2026-09-30,SZ000063,0.00775544298812747,EXP_LinearModel_Alpha158_csi300_custom_step0_s_20261001_18,d143054933f445be9f32b1fcd0de056d,0.003,,,
112,2026-09-30,SZ000002,0.028171807527542114,EXP_LinearModel_Alpha158_csi300_custom_step0_s_20261001_18,d143054933f445be9f32b1fcd0de056d,0.003,,,
113,2026-09-30,SZ000001,0.032385800033807755,EXP_LinearModel_Alpha158_csi300_custom_step0_s_20261001_18,d143054933f445be9f32b1fcd0de056d,0.003,,,
114,2026-09-30,SH688981,-0.08365810662508011,EXP_LinearModel_Alpha158_csi300_custom_step0_s_20261001_18,d143054933f445be9f32b1fcd0de056d,0.003,,,
115,2026-09-30,SZ000301,0.0046715326607227325,EXP_LinearModel_Alpha158_csi300_custom_step0_s_20261001_18,d143054933f445be9f32b1fcd0de056d,0.003,,,
116,2026-09-30,SH605117,0.028354289010167122,EXP_LinearModel_Alpha158_csi300_custom_step0_s_20261001_18,d143054933f445be9f32b1fcd0de056d,0.003,,,
117,2026-09-30,SH603993,-0.05390288308262825,EXP_LinearModel_Alpha158_csi300_custom_step0_s_20261001_18,d143054933f445be9f32b1fcd0de056d,0.003,,,
118,2026-09-30,SH603986,-0.11419625580310822,EXP_LinearModel_Alpha158_csi300_custom_step0_s_20261001_18,d143054933f445be9f32b1fcd0de056d,0.003,,,
119,2026-09-30,SH601888,-0.056494101881980896,EXP_LinearModel_Alpha158_csi300_custom_step0_s_20261001_18,d143054933f445be9f32b1fcd0de056d,0.003,,,
120,2026-09-30,SH601881,-0.03654208779335022,EXP_LinearModel_Alpha158_csi300_custom_step0_s_20261001_18,d143054933f445be9f32b1fcd0de056d,0.003,,,
121,2026-09-30,SH601878,-0.014055758714675903,EXP_LinearModel_Alpha158_csi300_custom_step0_s_20261001_18,d143054933f445be9f32b1fcd0de056d,0.003,,,
122,2026-09-30,SH601877,-0.009643090888857841,EXP_LinearModel_Alpha158_csi300_custom_step0_s_20261001_18,d143054933f445be9f32b1fcd0de056d,0.003,,,
123,2026-09-30,SH601872,0.03083554282784462,EXP_LinearModel_Alpha158_csi300_custom_step0_s_20261001_18,d143054933f445be9f32b1fcd0de056d,0.003,,,
124,2026-09-30,SH601868,-0.030282605439424515,EXP_LinearModel_Alpha158_csi300_custom_step0_s_20261001_18,d143054933f445be9f32b1fcd0de056d,0.003,,,
125,2026-09-30,SH601857,-0.02637195587158203,EXP_LinearModel_Alpha158_csi300_custom_step0_s_20261001_18,d143054933f445be9f32b1fcd0de056d,0.003,,,
126,2026-09-30,SH601898,0.013637899421155453,EXP_LinearModel_Alpha158_csi300_custom_step0_s_20261001_18,d143054933f445be9f32b1fcd0de056d,0.003,,,
127,2026-09-30,SH601838,0.06131069362163544,EXP_LinearModel_Alpha158_csi300_custom_step0_s_20261001_18,d143054933f445be9f32b1fcd0de056d,0.003,,,
128,2026-09-30,SH601818,0.05766698345541954,EXP_LinearModel_Alpha158_csi300_custom_step0_s_20261001_18,d143054933f445be9f32b1fcd0de056d,0.003,,,
129,2026-09-30,SH601816,-0.047642502933740616,EXP_LinearModel_Alpha158_csi300_custom_step0_s_20261001_18,d143054933f445be9f32b1fcd0de056d,0.003,,,
130,2026-09-30,SH601800,0.05305463820695877,EXP_LinearModel_Alpha158_csi300_custom_step0_s_20261001_18,d143054933f445be9f32b1fcd0de056d,0.003,,,
131,2026-09-30,SH601788,-0.055203378200531006,EXP_LinearModel_Alpha158_csi300_custom_step0_s_20261001_18,d143054933f445be9f32b1fcd0de056d,0.003,,,
132,2026-09-30,SH601766,-0.04082019627094269,EXP_LinearModel_Alpha158_csi300_custom_step0_s_20261001_18,d143054933f445be9f32b1fcd0de056d,0.003,,,
133,2026-09-30,SH601728,0.04743633046746254,EXP_LinearModel_Alpha158_csi300_custom_step0_s_20261001_18,d143054933f445be9f32b1fcd0de056d,0.003,,,
134,2026-09-30,SH601727,-0.08210688084363937,EXP_LinearModel_Alpha158_csi300_custom_step0_s_20261001_18,d143054933f445be9f32b1fcd0de056d,0.003,,,
135,2026-09-30,SH601825,0.06844465434551239,EXP_LinearModel_Alpha158_csi300_custom_step0_s_20261001_18,d143054933f445be9f32b1fcd0de056d,0.003,,,
136,2026-09-30,SH601689,-0.07373757660388947,EXP_LinearModel_Alpha158_csi300_custom_step0_s_20261001_18,d143054933f445be9f32b1fcd0de056d,0.003,,,
137,2026-09-30,SH601899,-0.011464102193713188,EXP_LinearModel_Alpha158_csi300_custom_step0_s_20261001_18,d143054933f445be9f32b1fcd0de056d,0.003,,,
138,2026-09-30,SH601916,0.007651147432625294,EXP_LinearModel_Alpha158_csi300_custom_step0_s_20261001_18,d143054933f445be9f32b1fcd0de056d,0.003,,,
139,2026-09-30,SH603893,0.011586915701627731,EXP_LinearModel_Alpha158_csi300_custom_step0_s_20261001_18,d143054933f445be9f32b1fcd0de056d,0.003,,,
140,2026-09-30,SH603799,-0.0001405754592269659,EXP_LinearModel_Alpha158_csi300_custom_step0_s_20261001_18,d143054933f445be9f32b1fcd0de056d,0.003,,,
141,2026-09-30,SH603501,-0.03238089382648468,EXP_LinearModel_Alpha158_csi300_custom_step0_s_20261001_18,d143054933f445be9f32b1fcd0de056d,0.003,,,
142,2026-09-30,SH603392,-0.0435166098177433,EXP_LinearModel_Alpha158_csi300_custom_step0_s_20261001_18,d143054933f445be9f32b1fcd0de056d,0.003,,,
143,2026-09-30,SH603369,0.003100029658526182,EXP_LinearModel_Alpha158_csi300_custom_step0_s_20261001_18,d143054933f445be9f32b1fcd0de056d,0.003,,,
144,2026-09-30,SH603296,-0.02412533387541771,EXP_LinearModel_Alpha158_csi300_custom_step0_s_20261001_18,d143054933f445be9f32b1fcd0de056d,0.003,,,
145,2026-09-30,SH603288,-0.03165723383426666,EXP_LinearModel_Alpha158_csi300_custom_step0_s_20261001_18,d143054933f445be9f32b1fcd0de056d,0.003,,,
146,2026-09-30,SH601901,0.04241344332695007,EXP_LinearModel_Alpha158_csi300_custom_step0_s_20261001_18,d143054933f445be9f32b1fcd0de056d,0.003,,,
147,2026-09-30,SH603260,-0.05092023313045502,EXP_LinearModel_Alpha158_csi300_custom_step0_s_20261001_18,d143054933f445be9f32b1fcd0de056d,0.003,,,
148,2026-09-30,SH603019,-0.00013714656233787537,EXP_LinearModel_Alpha158_csi300_custom_step0_s_20261001_18,d143054933f445be9f32b1fcd0de056d,0.003,,,
149,2026-09-30,SH601998,0.03513164818286896,EXP_LinearModel_Alpha158_csi300_custom_step0_s_20261001_18,d143054933f445be9f32b1fcd0de056d,0.003,,,
150,2026-09-30,SH601995,,EXP_LinearModel_Alpha158_csi300_custom_step0_s_20261001_18,d143054933f445be9f32b1fcd0de056d,0.003,,,
151,2026-09-30,SH601988,0.13333608210086823,EXP_LinearModel_Alpha158_csi300_custom_step0_s_20261001_18,d143054933f445be9f32b1fcd0de056d,0.003,,,
152,2026-09-30,SH601985,0.07240352034568787,EXP_LinearModel_Alpha158_csi300_custom_step0_s_20261001_18,d143054933f445be9f32b1fcd0de056d,0.003,,,
153,2026-09-30,SH601939,0.06722807139158249,EXP_LinearModel_Alpha158_csi300_custom_step0_s_20261001_18,d143054933f445be9f32b1fcd0de056d,0.003,,,
154,2026-09-30,SH601919,-0.00912918709218502,EXP_LinearModel_Alpha158_csi300_custom_step0_s_20261001_18,d143054933f445be9f32b1fcd0de056d,0.003,,,
155,2026-09-30,SH603259,0.022377729415893555,EXP_LinearModel_Alpha158_csi300_custom_step0_s_20261001_18,d143054933f445be9f32b1fcd0de056d,0.003,,,
156,2026-09-30,SH600460,-0.07248194515705109,EXP_LinearModel_Alpha158_csi300_custom_step0_s_20261001_18,d143054933f445be9f32b1fcd0de056d,0.003,,,
157,2026-09-30,SH600438,-0.04659418761730194,EXP_LinearModel_Alpha158_csi300_custom_step0_s_20261001_18,d143054933f445be9f32b1fcd0de056d,0.003,,,
158,2026-09-30,SH600436,0.0028939838521182537,EXP_LinearModel_Alpha158_csi300_custom_step0_s_20261001_18,d143054933f445be9f32b1fcd0de056d,0.003,,,
159,2026-09-30,SZ002415,-0.027774108573794365,EXP_LinearModel_Alpha158_csi300_custom_step0_s_20261001_18,251c0cd7718a4cb4a1c6523897dc60fd,0.042,,,
160,2026-09-30,SZ002384,-0.09642726927995682,EXP_LinearModel_Alpha158_csi300_custom_step0_s_20261001_18,251c0cd7718a4cb4a1c6523897dc60fd,0.042,,,
161,2026-09-30,SZ002371,-0.07703424990177155,EXP_LinearModel_Alpha158_csi300_custom_step0_s_20261001_18,251c0cd7718a4cb4a1c6523897dc60fd,0.042,,,
162,2026-09-30,SZ002353,-0.032272689044475555,EXP_LinearModel_Alpha158_csi300_custom_step0_s_20261001_18,251c0cd7718a4cb4a1c6523897dc60fd,0.042,,,
163,2026-09-30,SZ002352,-0.01276768371462822,EXP_LinearModel_Alpha158_csi300_custom_step0_s_20261001_18,251c0cd7718a4cb4a1c6523897dc60fd,0.042,,,
164,2026-09-30,SZ002311,0.0024529462680220604,EXP_LinearModel_Alpha158_csi300_custom_step0_s_20261001_18,251c0cd7718a4cb4a1c6523897dc60fd,0.042,,,
165,2026-09-30,SZ002304,-0.07357646524906158,EXP_LinearModel_Alpha158_csi300_custom_step0_s_20261001_18,251c0cd7718a4cb4a1c6523897dc60fd,0.042,,,
166,2026-09-30,SZ002241,-0.009055905044078827,EXP_LinearModel_Alpha158_csi300_custom_step0_s_20261001_18,251c0cd7718a4cb4a1c6523897dc60fd,0.042,,,
167,2026-09-30,SZ002236,-0.01492615882307291,EXP_LinearModel_Alpha158_csi300_custom_step0_s_20261001_18,251c0cd7718a4cb4a1c6523897dc60fd,0.042,,,
168,2026-09-30,SZ002230,-0.03918582573533058,EXP_LinearModel_Alpha158_csi300_custom_step0_s_20261001_18,251c0cd7718a4cb4a1c6523897dc60fd,0.042,,,
169,2026-09-30,SZ002202,-0.04511822760105133,EXP_LinearModel_Alpha158_csi300_custom_step0_s_20261001_18,251c0cd7718a4cb4a1c6523897dc60fd,0.042,,,
170,2026-09-30,SZ002179,-0.10160437971353531,EXP_LinearModel_Alpha158_csi300_custom_step0_s_20261001_18,251c0cd7718a4cb4a1c6523897dc60fd,0.042,,,
171,2026-09-30,SZ002142,0.032403845340013504,EXP_LinearModel_Alpha158_csi300_custom_step0_s_20261001_18,251c0cd7718a4cb4a1c6523897dc60fd,0.042,,,
172,2026-09-30,SZ002074,-0.0025657489895820618,EXP_LinearModel_Alpha158_csi300_custom_step0_s_20261001_18,251c0cd7718a4cb4a1c6523897dc60fd,0.042,,,
173,2026-09-30,SZ002050,-0.045481421053409576,EXP_LinearModel_Alpha158_csi300_custom_step0_s_20261001_18,251c0cd7718a4cb4a1c6523897dc60fd,0.042,,,
174,2026-09-30,SZ002422,0.043464262038469315,EXP_LinearModel_Alpha158_csi300_custom_step0_s_20261001_18,251c0cd7718a4cb4a1c6523897dc60fd,0.042,,,
175,2026-09-30,SZ002460,-0.04331827908754349,EXP_LinearModel_Alpha158_csi300_custom_step0_s_20261001_18,251c0cd7718a4cb4a1c6523897dc60fd,0.042,,,
176,2026-09-30,SZ002463,-0.07429762184619904,EXP_LinearModel_Alpha158_csi300_custom_step0_s_20261001_18,251c0cd7718a4cb4a1c6523897dc60fd,0.042,,,
177,2026-09-30,SZ002466,-0.08137864619493484,EXP_LinearModel_Alpha158_csi300_custom_step0_s_20261001_18,251c0cd7718a4cb4a1c6523897dc60fd,0.042,,,
178,2026-09-30,SZ002938,-0.045897454023361206,EXP_LinearModel_Alpha158_csi300_custom_step0_s_20261001_18,251c0cd7718a4cb4a1c6523897dc60fd,0.042,,,
179,2026-09-30,SZ002920,-0.025471076369285583,EXP_LinearModel_Alpha158_csi300_custom_step0_s_20261001_18,251c0cd7718a4cb4a1c6523897dc60fd,0.042,,,
180,2026-09-30,SZ002916,-0.09296590834856033,EXP_LinearModel_Alpha158_csi300_custom_step0_s_20261001_18,251c0cd7718a4cb4a1c6523897dc60fd,0.042,,,
181,2026-09-30,SZ002837,-0.08474215865135193,EXP_LinearModel_Alpha158_csi300_custom_step0_s_20261001_18,251c0cd7718a4cb4a1c6523897dc60fd,0.042,,,
182,2026-09-30,SZ002736,-0.018082164227962494,EXP_LinearModel_Alpha158_csi300_custom_step0_s_20261001_18,251c0cd7718a4cb4a1c6523897dc60fd,0.042,,,
183,2026-09-30,SZ002714,-0.014773465692996979,EXP_LinearModel_Alpha158_csi300_custom_step0_s_20261001_18,251c0cd7718a4cb4a1c6523897dc60fd,0.042,,,
184,2026-09-30,SZ002709,-0.1104251816868782,EXP_LinearModel_Alpha158_csi300_custom_step0_s_20261001_18,251c0cd7718a4cb4a1c6523897dc60fd,0.042,,,
185,2026-09-30,SZ002049,-0.07238195836544037,EXP_LinearModel_Alpha158_csi300_custom_step0_s_20261001_18,251c0cd7718a4cb4a1c6523897dc60fd,0.042,,,
186,2026-09-30,SZ002648,0.0011822879314422607,EXP_LinearModel_Alpha158_csi300_custom_step0_s_20261001_18,251c0cd7718a4cb4a1c6523897dc60fd,0.042,,,
187,2026-09-30,SZ002602,-0.05623624101281166,EXP_LinearModel_Alpha158_csi300_custom_step0_s_20261001_18,251c0cd7718a4cb4a1c6523897dc60fd,0.042,,,
188,2026-09-30,SZ002600,-0.12407481670379639,EXP_LinearModel_Alpha158_csi300_custom_step0_s_20261001_18,251c0cd7718a4cb4a1c6523897dc60fd,0.042,,,
189,2026-09-30,SZ002594,0.012127830646932125,EXP_LinearModel_Alpha158_csi300_custom_step0_s_20261001_18,251c0cd7718a4cb4a1c6523897dc60fd,0.042,,,
190,2026-09-30,SZ002558,-0.04047294706106186,EXP_LinearModel_Alpha158_csi300_custom_step0_s_20261001_18,251c0cd7718a4cb4a1c6523897dc60fd,0.042,,,
191,2026-09-30,SZ002532,-0.03568048030138016,EXP_LinearModel_Alpha158_csi300_custom_step0_s_20261001_18,251c0cd7718a4cb4a1c6523897dc60fd,0.042,,,
192,2026-09-30,SZ002493,-0.025373557582497597,EXP_LinearModel_Alpha158_csi300_custom_step0_s_20261001_18,251c0cd7718a4cb4a1c6523897dc60fd,0.042,,,
193,2026-09-30,SZ002475,-0.030867811292409897,EXP_LinearModel_Alpha158_csi300_custom_step0_s_20261001_18,251c0cd7718a4cb4a1c6523897dc60fd,0.042,,,
194,2026-09-30,SZ002625,-0.03919375315308571,EXP_LinearModel_Alpha158_csi300_custom_step0_s_20261001_18,251c0cd7718a4cb4a1c6523897dc60fd,0.042,,,
195,2026-09-30,SZ002028,0.026112046092748642,EXP_LinearModel_Alpha158_csi300_custom_step0_s_20261001_18,251c0cd7718a4cb4a1c6523897dc60fd,0.042,,,
196,2026-09-30,SZ002027,0.02612464874982834,EXP_LinearModel_Alpha158_csi300_custom_step0_s_20261001_18,251c0cd7718a4cb4a1c6523897dc60fd,0.042,,,
197,2026-09-30,SZ002001,0.0013759995345026255,EXP_LinearModel_Alpha158_csi300_custom_step0_s_20261001_18,251c0cd7718a4cb4a1c6523897dc60fd,0.042,,,
198,2026-09-30,SZ000630,-0.006903092376887798,EXP_LinearModel_Alpha158_csi300_custom_step0_s_20261001_18,251c0cd7718a4cb4a1c6523897dc60fd,0.042,,,
199,2026-09-30,SZ000625,-0.048414237797260284,EXP_LinearModel_Alpha158_csi300_custom_step0_s_20261001_18,251c0cd7718a4cb4a1c6523897dc60fd,0.042,,,
200,2026-09-30,SZ000617,-0.02089943177998066,EXP_LinearModel_Alpha158_csi300_custom_step0_s_20261001_18,251c0cd7718a4cb4a1c6523897dc60fd,0.042,,,
201,2026-09-30,SZ000596,0.08139834553003311,EXP_LinearModel_Alpha158_csi300_custom_step0_s_20261001_18,251c0cd7718a4cb4a1c6523897dc60fd,0.042,,,
202,2026-09-30,SZ000568,-0.02087119035422802,EXP_LinearModel_Alpha158_csi300_custom_step0_s_20261001_18,251c0cd7718a4cb4a1c6523897dc60fd,0.042,,,
203,2026-09-30,SZ000538,0.020299766212701797,EXP_LinearModel_Alpha158_csi300_custom_step0_s_20261001_18,251c0cd7718a4cb4a1c6523897dc60fd,0.042,,,
204,2026-09-30,SZ000425,-0.020993251353502274,EXP_LinearModel_Alpha158_csi300_custom_step0_s_20261001_18,251c0cd7718a4cb4a1c6523897dc60fd,0.042,,,
205,2026-09-30,SZ000651,0.017902959138154984,EXP_LinearModel_Alpha158_csi300_custom_step0_s_20261001_18,251c0cd7718a4cb4a1c6523897dc60fd,0.042,,,
206,2026-09-30,SZ000408,-0.016990160569548607,EXP_LinearModel_Alpha158_csi300_custom_step0_s_20261001_18,251c0cd7718a4cb4a1c6523897dc60fd,0.042,,,
207,2026-09-30,SZ000333,-0.013214515522122383,EXP_LinearModel_Alpha158_csi300_custom_step0_s_20261001_18,251c0cd7718a4cb4a1c6523897dc60fd,0.042,,,
208,2026-09-30,SZ000301,-0.024767087772488594,EXP_LinearModel_Alpha158_csi300_custom_step0_s_20261001_18,251c0cd7718a4cb4a1c6523897dc60fd,0.042,,,
209,2026-09-30,SZ000166,0.003842996433377266,EXP_LinearModel_Alpha158_csi300_custom_step0_s_20261001_18,251c0cd7718a4cb4a1c6523897dc60fd,0.042,,,
210,2026-09-30,SZ000157,0.04192753881216049,EXP_LinearModel_Alpha158_csi300_custom_step0_s_20261001_18,251c0cd7718a4cb4a1c6523897dc60fd,0.042,,,
211,2026-09-30,SZ000100,-0.024873128160834312,EXP_LinearModel_Alpha158_csi300_custom_step0_s_20261001_18,251c0cd7718a4cb4a1c6523897dc60fd,0.042,,,
212,2026-09-30,SZ000063,0.034845106303691864,EXP_LinearModel_Alpha158_csi300_custom_step0_s_20261001_18,251c0cd7718a4cb4a1c6523897dc60fd,0.042,,,
213,2026-09-30,SZ000002,0.11562076210975647,EXP_LinearModel_Alpha158_csi300_custom_step0_s_20261001_18,251c0cd7718a4cb4a1c6523897dc60fd,0.042,,,
214,2026-09-30,SZ000338,-0.03333210200071335,EXP_LinearModel_Alpha158_csi300_custom_step0_s_20261001_18,251c0cd7718a4cb4a1c6523897dc60fd,0.042,,,
215,2026-09-30,SZ003816,0.0416572280228138,EXP_LinearModel_Alpha158_csi300_custom_step0_s_20261001_18,251c0cd7718a4cb4a1c6523897dc60fd,0.042,,,
216,2026-09-30,SZ000657,-0.08025921881198883,EXP_LinearModel_Alpha158_csi300_custom_step0_s_20261001_18,251c0cd7718a4cb4a1c6523897dc60fd,0.042,,,
217,2026-09-30,SZ000725,-0.09674962610006332,EXP_LinearModel_Alpha158_csi300_custom_step0_s_20261001_18,251c0cd7718a4cb4a1c6523897dc60fd,0.042,,,
218,2026-09-30,SZ001979,0.04049281030893326,EXP_LinearModel_Alpha158_csi300_custom_step0_s_20261001_18,251c0cd7718a4cb4a1c6523897dc60fd,0.042,,,
219,2026-09-30,SZ001965,0.04649374634027481,EXP_LinearModel_Alpha158_csi300_custom_step0_s_20261001_18,251c0cd7718a4cb4a1c6523897dc60fd,0.042,,,
220,2026-09-30,SZ001391,-0.016729746013879776,EXP_LinearModel_Alpha158_csi300_custom_step0_s_20261001_18,251c0cd7718a4cb4a1c6523897dc60fd,0.042,,,
221,2026-09-30,SZ001280,-0.07195287942886353,EXP_LinearModel_Alpha158_csi300_custom_step0_s_20261001_18,251c0cd7718a4cb4a1c6523897dc60fd,0.042,,,
222,2026-09-30,SZ000999,0.033282093703746796,EXP_LinearModel_Alpha158_csi300_custom_step0_s_20261001_18,251c0cd7718a4cb4a1c6523897dc60fd,0.042,,,
223,2026-09-30,SZ000988,-0.22966212034225464,EXP_LinearModel_Alpha158_csi300_custom_step0_s_20261001_18,251c0cd7718a4cb4a1c6523897dc60fd,0.042,,,
224,2026-09-30,SZ000977,0.08086017519235611,EXP_LinearModel_Alpha158_csi300_custom_step0_s_20261001_18,251c0cd7718a4cb4a1c6523897dc60fd,0.042,,,
225,2026-09-30,SZ000708,0.0004025585949420929,EXP_LinearModel_Alpha158_csi300_custom_step0_s_20261001_18,251c0cd7718a4cb4a1c6523897dc60fd,0.042,,,
226,2026-09-30,SZ000975,-0.05165699124336243,EXP_LinearModel_Alpha158_csi300_custom_step0_s_20261001_18,251c0cd7718a4cb4a1c6523897dc60fd,0.042,,,
227,2026-09-30,SZ000938,0.07124677300453186,EXP_LinearModel_Alpha158_csi300_custom_step0_s_20261001_18,251c0cd7718a4cb4a1c6523897dc60fd,0.042,,,
228,2026-09-30,SZ000895,-0.024788731709122658,EXP_LinearModel_Alpha158_csi300_custom_step0_s_20261001_18,251c0cd7718a4cb4a1c6523897dc60fd,0.042,,,
229,2026-09-30,SZ000858,-0.02069619484245777,EXP_LinearModel_Alpha158_csi300_custom_step0_s_20261001_18,251c0cd7718a4cb4a1c6523897dc60fd,0.042,,,
230,2026-09-30,SZ000807,-0.029818948358297348,EXP_LinearModel_Alpha158_csi300_custom_step0_s_20261001_18,251c0cd7718a4cb4a1c6523897dc60fd,0.042,,,
231,2026-09-30,SZ000792,-0.03888827934861183,EXP_LinearModel_Alpha158_csi300_custom_step0_s_20261001_18,251c0cd7718a4cb4a1c6523897dc60fd,0.042,,,
232,2026-09-30,SZ000776,-0.03930959850549698,EXP_LinearModel_Alpha158_csi300_custom_step0_s_20261001_18,251c0cd7718a4cb4a1c6523897dc60fd,0.042,,,
233,2026-09-30,SZ000768,-0.01095897052437067,EXP_LinearModel_Alpha158_csi300_custom_step0_s_20261001_18,251c0cd7718a4cb4a1c6523897dc60fd,0.042,,,
234,2026-09-30,SZ000963,-0.03570977970957756,EXP_LinearModel_Alpha158_csi300_custom_step0_s_20261001_18,251c0cd7718a4cb4a1c6523897dc60fd,0.042,,,
235,2026-09-30,SZ300014,-0.012960884720087051,EXP_LinearModel_Alpha158_csi300_custom_step0_s_20261001_18,251c0cd7718a4cb4a1c6523897dc60fd,0.042,,,
236,2026-09-30,SZ300015,-0.03610466420650482,EXP_LinearModel_Alpha158_csi300_custom_step0_s_20261001_18,251c0cd7718a4cb4a1c6523897dc60fd,0.042,,,
237,2026-09-30,SZ300033,-0.018427109345793724,EXP_LinearModel_Alpha158_csi300_custom_step0_s_20261001_18,251c0cd7718a4cb4a1c6523897dc60fd,0.042,,,
238,2026-09-30,SH600104,-0.03674321994185448,EXP_LinearModel_Alpha158_csi300_custom_step0_s_20261001_18,d143054933f445be9f32b1fcd0de056d,0.003,,,
239,2026-09-30,SH600089,-0.04161861166357994,EXP_LinearModel_Alpha158_csi300_custom_step0_s_20261001_18,d143054933f445be9f32b1fcd0de056d,0.003,,,
240,2026-09-30,SH600085,-0.028704266995191574,EXP_LinearModel_Alpha158_csi300_custom_step0_s_20261001_18,d143054933f445be9f32b1fcd0de056d,0.003,,,
241,2026-09-30,SH600066,0.003746555419638753,EXP_LinearModel_Alpha158_csi300_custom_step0_s_20261001_18,d143054933f445be9f32b1fcd0de056d,0.003,,,
242,2026-09-30,SH600061,-0.0059358179569244385,EXP_LinearModel_Alpha158_csi300_custom_step0_s_20261001_18,d143054933f445be9f32b1fcd0de056d,0.003,,,
243,2026-09-30,SH600050,0.04040725156664848,EXP_LinearModel_Alpha158_csi300_custom_step0_s_20261001_18,d143054933f445be9f32b1fcd0de056d,0.003,,,
244,2026-09-30,SH600048,0.0194183811545372,EXP_LinearModel_Alpha158_csi300_custom_step0_s_20261001_18,d143054933f445be9f32b1fcd0de056d,0.003,,,
245,2026-09-30,SH600111,-0.04284621775150299,EXP_LinearModel_Alpha158_csi300_custom_step0_s_20261001_18,d143054933f445be9f32b1fcd0de056d,0.003,,,
246,2026-09-30,SH600039,-0.010141587816178799,EXP_LinearModel_Alpha158_csi300_custom_step0_s_20261001_18,d143054933f445be9f32b1fcd0de056d,0.003,,,
247,2026-09-30,SH600031,0.02087477594614029,EXP_LinearModel_Alpha158_csi300_custom_step0_s_20261001_18,d143054933f445be9f32b1fcd0de056d,0.003,,,
248,2026-09-30,SH600030,-0.03829236701130867,EXP_LinearModel_Alpha158_csi300_custom_step0_s_20261001_18,d143054933f445be9f32b1fcd0de056d,0.003,,,
249,2026-09-30,SH600029,-0.023328367620706558,EXP_LinearModel_Alpha158_csi300_custom_step0_s_20261001_18,d143054933f445be9f32b1fcd0de056d,0.003,,,
250,2026-09-30,SH600028,-0.011945351026952267,EXP_LinearModel_Alpha158_csi300_custom_step0_s_20261001_18,d143054933f445be9f32b1fcd0de056d,0.003,,,
251,2026-09-30,SH600027,0.09123250842094421,EXP_LinearModel_Alpha158_csi300_custom_step0_s_20261001_18,d143054933f445be9f32b1fcd0de056d,0.003,,,
252,2026-09-30,SH600026,0.052954625338315964,EXP_LinearModel_Alpha158_csi300_custom_step0_s_20261001_18,d143054933f445be9f32b1fcd0de056d,0.003,,,
253,2026-09-30,SH600025,0.05759217217564583,EXP_LinearModel_Alpha158_csi300_custom_step0_s_20261001_18,d143054933f445be9f32b1fcd0de056d,0.003,,,
254,2026-09-30,SH600036,0.04007406905293465,EXP_LinearModel_Alpha158_csi300_custom_step0_s_20261001_18,d143054933f445be9f32b1fcd0de056d,0.003,,,
255,2026-09-30,SH600023,0.08587757498025894,EXP_LinearModel_Alpha158_csi300_custom_step0_s_20261001_18,d143054933f445be9f32b1fcd0de056d,0.003,,,
256,2026-09-30,SH600115,-0.0082476157695055,EXP_LinearModel_Alpha158_csi300_custom_step0_s_20261001_18,d143054933f445be9f32b1fcd0de056d,0.003,,,
257,2026-09-30,SH600150,0.04950369521975517,EXP_LinearModel_Alpha158_csi300_custom_step0_s_20261001_18,d143054933f445be9f32b1fcd0de056d,0.003,,,
258,2026-09-30,SH600426,-0.040854521095752716,EXP_LinearModel_Alpha158_csi300_custom_step0_s_20261001_18,d143054933f445be9f32b1fcd0de056d,0.003,,,
259,2026-09-30,SH600415,0.03231453895568848,EXP_LinearModel_Alpha158_csi300_custom_step0_s_20261001_18,d143054933f445be9f32b1fcd0de056d,0.003,,,
260,2026-09-30,SH600406,-0.037681736052036285,EXP_LinearModel_Alpha158_csi300_custom_step0_s_20261001_18,d143054933f445be9f32b1fcd0de056d,0.003,,,
261,2026-09-30,SH600372,-0.055893514305353165,EXP_LinearModel_Alpha158_csi300_custom_step0_s_20261001_18,d143054933f445be9f32b1fcd0de056d,0.003,,,
262,2026-09-30,SH600362,-0.05592206493020058,EXP_LinearModel_Alpha158_csi300_custom_step0_s_20261001_18,d143054933f445be9f32b1fcd0de056d,0.003,,,
263,2026-09-30,SH600346,0.08231377601623535,EXP_LinearModel_Alpha158_csi300_custom_step0_s_20261001_18,d143054933f445be9f32b1fcd0de056d,0.003,,,
264,2026-09-30,SH600309,0.014361741952598095,EXP_LinearModel_Alpha158_csi300_custom_step0_s_20261001_18,d143054933f445be9f32b1fcd0de056d,0.003,,,
265,2026-09-30,SH600118,-0.021835487335920334,EXP_LinearModel_Alpha158_csi300_custom_step0_s_20261001_18,d143054933f445be9f32b1fcd0de056d,0.003,,,
266,2026-09-30,SH600276,-0.04621296375989914,EXP_LinearModel_Alpha158_csi300_custom_step0_s_20261001_18,d143054933f445be9f32b1fcd0de056d,0.003,,,
267,2026-09-30,SH600221,0.02878764271736145,EXP_LinearModel_Alpha158_csi300_custom_step0_s_20261001_18,d143054933f445be9f32b1fcd0de056d,0.003,,,
268,2026-09-30,SH600219,-0.016814397647976875,EXP_LinearModel_Alpha158_csi300_custom_step0_s_20261001_18,d143054933f445be9f32b1fcd0de056d,0.003,,,
269,2026-09-30,SH600196,0.027661528438329697,EXP_LinearModel_Alpha158_csi300_custom_step0_s_20261001_18,d143054933f445be9f32b1fcd0de056d,0.003,,,
270,2026-09-30,SH600188,-0.010897306725382805,EXP_LinearModel_Alpha158_csi300_custom_step0_s_20261001_18,d143054933f445be9f32b1fcd0de056d,0.003,,,
271,2026-09-30,SH600183,-0.058938343077898026,EXP_LinearModel_Alpha158_csi300_custom_step0_s_20261001_18,d143054933f445be9f32b1fcd0de056d,0.003,,,
272,2026-09-30,SH600176,-0.06475311517715454,EXP_LinearModel_Alpha158_csi300_custom_step0_s_20261001_18,d143054933f445be9f32b1fcd0de056d,0.003,,,
273,2026-09-30,SH600160,0.013800925575196743,EXP_LinearModel_Alpha158_csi300_custom_step0_s_20261001_18,d143054933f445be9f32b1fcd0de056d,0.003,,,
274,2026-09-30,SH600233,-0.0021628683898597956,EXP_LinearModel_Alpha158_csi300_custom_step0_s_20261001_18,d143054933f445be9f32b1fcd0de056d,0.003,,,
275,2026-09-30,SZ000625,-0.0282384492456913,EXP_LinearModel_Alpha158_csi300_custom_step0_s_20261001_18,d143054933f445be9f32b1fcd0de056d,0.003,,,
276,2026-09-30,SH600019,0.09577040374279022,EXP_LinearModel_Alpha158_csi300_custom_step0_s_20261001_18,d143054933f445be9f32b1fcd0de056d,0.003,,,
277,2026-09-30,SH600016,0.08795875310897827,EXP_LinearModel_Alpha158_csi300_custom_step0_s_20261001_18,d143054933f445be9f32b1fcd0de056d,0.003,,,
278,2026-09-30,SZ300498,-0.014832224696874619,EXP_LinearModel_Alpha158_csi300_custom_step0_s_20261001_18,251c0cd7718a4cb4a1c6523897dc60fd,0.042,,,
279,2026-09-30,SZ300476,-0.06993092596530914,EXP_LinearModel_Alpha158_csi300_custom_step0_s_20261001_18,251c0cd7718a4cb4a1c6523897dc60fd,0.042,,,
280,2026-09-30,SZ300450,-0.03449126332998276,EXP_LinearModel_Alpha158_csi300_custom_step0_s_20261001_18,251c0cd7718a4cb4a1c6523897dc60fd,0.042,,,
281,2026-09-30,SZ300442,-0.04577011615037918,EXP_LinearModel_Alpha158_csi300_custom_step0_s_20261001_18,251c0cd7718a4cb4a1c6523897dc60fd,0.042,,,
282,2026-09-30,SZ300433,-0.1531837433576584,EXP_LinearModel_Alpha158_csi300_custom_step0_s_20261001_18,251c0cd7718a4cb4a1c6523897dc60fd,0.042,,,
283,2026-09-30,SZ300418,-0.029398538172245026,EXP_LinearModel_Alpha158_csi300_custom_step0_s_20261001_18,251c0cd7718a4cb4a1c6523897dc60fd,0.042,,,
284,2026-09-30,SZ300413,0.07602696120738983,EXP_LinearModel_Alpha158_csi300_custom_step0_s_20261001_18,251c0cd7718a4cb4a1c6523897dc60fd,0.042,,,
285,2026-09-30,SZ300502,-0.07856455445289612,EXP_LinearModel_Alpha158_csi300_custom_step0_s_20261001_18,251c0cd7718a4cb4a1c6523897dc60fd,0.042,,,
286,2026-09-30,SZ300408,-0.05114411190152168,EXP_LinearModel_Alpha158_csi300_custom_step0_s_20261001_18,251c0cd7718a4cb4a1c6523897dc60fd,0.042,,,
287,2026-09-30,SZ300316,-0.11982744187116623,EXP_LinearModel_Alpha158_csi300_custom_step0_s_20261001_18,251c0cd7718a4cb4a1c6523897dc60fd,0.042,,,
288,2026-09-30,SZ300308,-0.0610777921974659,EXP_LinearModel_Alpha158_csi300_custom_step0_s_20261001_18,251c0cd7718a4cb4a1c6523897dc60fd,0.042,,,
289,2026-09-30,SZ300274,0.04794364422559738,EXP_LinearModel_Alpha158_csi300_custom_step0_s_20261001_18,251c0cd7718a4cb4a1c6523897dc60fd,0.042,,,
290,2026-09-30,SZ300251,-0.0577598512172699,EXP_LinearModel_Alpha158_csi300_custom_step0_s_20261001_18,251c0cd7718a4cb4a1c6523897dc60fd,0.042,,,
291,2026-09-30,SZ300124,0.020853981375694275,EXP_LinearModel_Alpha158_csi300_custom_step0_s_20261001_18,251c0cd7718a4cb4a1c6523897dc60fd,0.042,,,
292,2026-09-30,SZ300122,0.00012473482638597488,EXP_LinearModel_Alpha158_csi300_custom_step0_s_20261001_18,251c0cd7718a4cb4a1c6523897dc60fd,0.042,,,
293,2026-09-30,SZ300059,-0.032378360629081726,EXP_LinearModel_Alpha158_csi300_custom_step0_s_20261001_18,251c0cd7718a4cb4a1c6523897dc60fd,0.042,,,
294,2026-09-30,SZ300394,-0.08099258691072464,EXP_LinearModel_Alpha158_csi300_custom_step0_s_20261001_18,251c0cd7718a4cb4a1c6523897dc60fd,0.042,,,
295,2026-09-30,SH600018,0.10394287109375,EXP_LinearModel_Alpha158_csi300_custom_step0_s_20261001_18,d143054933f445be9f32b1fcd0de056d,0.003,,,
296,2026-09-30,SZ300628,0.003504689782857895,EXP_LinearModel_Alpha158_csi300_custom_step0_s_20261001_18,251c0cd7718a4cb4a1c6523897dc60fd,0.042,,,
297,2026-09-30,SZ300750,0.09896180778741837,EXP_LinearModel_Alpha158_csi300_custom_step0_s_20261001_18,251c0cd7718a4cb4a1c6523897dc60fd,0.042,,,
298,2026-09-30,SH600015,-0.011168153025209904,EXP_LinearModel_Alpha158_csi300_custom_step0_s_20261001_18,d143054933f445be9f32b1fcd0de056d,0.003,,,
299,2026-09-30,SH600011,-0.01222798228263855,EXP_LinearModel_Alpha158_csi300_custom_step0_s_20261001_18,d143054933f445be9f32b1fcd0de056d,0.003,,,
300,2026-09-30,SH600010,-0.025622939690947533,EXP_LinearModel_Alpha158_csi300_custom_step0_s_20261001_18,d143054933f445be9f32b1fcd0de056d,0.003,,,
301,2026-09-30,SH600009,-0.02213067188858986,EXP_LinearModel_Alpha158_csi300_custom_step0_s_20261001_18,d143054933f445be9f32b1fcd0de056d,0.003,,,
302,2026-09-30,SH600000,0.08503052592277527,EXP_LinearModel_Alpha158_csi300_custom_step0_s_20261001_18,d143054933f445be9f32b1fcd0de056d,0.003,,,
303,2026-09-30,SZ302132,-0.01226603239774704,EXP_LinearModel_Alpha158_csi300_custom_step0_s_20261001_18,251c0cd7718a4cb4a1c6523897dc60fd,0.042,,,
304,2026-09-30,SZ301308,-0.2889018952846527,EXP_LinearModel_Alpha158_csi300_custom_step0_s_20261001_18,251c0cd7718a4cb4a1c6523897dc60fd,0.042,,,
305,2026-09-30,SZ300661,-0.07595501840114594,EXP_LinearModel_Alpha158_csi300_custom_step0_s_20261001_18,251c0cd7718a4cb4a1c6523897dc60fd,0.042,,,
306,2026-09-30,SZ301269,-0.08914123475551605,EXP_LinearModel_Alpha158_csi300_custom_step0_s_20261001_18,251c0cd7718a4cb4a1c6523897dc60fd,0.042,,,
307,2026-09-30,SZ301165,-0.014097817242145538,EXP_LinearModel_Alpha158_csi300_custom_step0_s_20261001_18,251c0cd7718a4cb4a1c6523897dc60fd,0.042,,,
308,2026-09-30,SZ300999,-0.04377470538020134,EXP_LinearModel_Alpha158_csi300_custom_step0_s_20261001_18,251c0cd7718a4cb4a1c6523897dc60fd,0.042,,,
309,2026-09-30,SZ300896,0.028434807434678078,EXP_LinearModel_Alpha158_csi300_custom_step0_s_20261001_18,251c0cd7718a4cb4a1c6523897dc60fd,0.042,,,
310,2026-09-30,SZ300866,-0.007920211181044579,EXP_LinearModel_Alpha158_csi300_custom_step0_s_20261001_18,251c0cd7718a4cb4a1c6523897dc60fd,0.042,,,
311,2026-09-30,SZ300832,-0.00045622140169143677,EXP_LinearModel_Alpha158_csi300_custom_step0_s_20261001_18,251c0cd7718a4cb4a1c6523897dc60fd,0.042,,,
312,2026-09-30,SZ300803,-0.03654017299413681,EXP_LinearModel_Alpha158_csi300_custom_step0_s_20261001_18,251c0cd7718a4cb4a1c6523897dc60fd,0.042,,,
313,2026-09-30,SZ300760,-0.018329326063394547,EXP_LinearModel_Alpha158_csi300_custom_step0_s_20261001_18,251c0cd7718a4cb4a1c6523897dc60fd,0.042,,,
314,2026-09-30,SZ301236,0.0060582635924220085,EXP_LinearModel_Alpha158_csi300_custom_step0_s_20261001_18,251c0cd7718a4cb4a1c6523897dc60fd,0.042,,,
315,2026-09-30,SZ000630,-0.02933843806385994,EXP_LinearModel_Alpha158_csi300_custom_step0_s_20261001_18,d143054933f445be9f32b1fcd0de056d,0.003,,,
316,2026-09-30,SZ000651,-0.0036805623676627874,EXP_LinearModel_Alpha158_csi300_custom_step0_s_20261001_18,d143054933f445be9f32b1fcd0de056d,0.003,,,
317,2026-09-30,SZ000657,-0.03175612539052963,EXP_LinearModel_Alpha158_csi300_custom_step0_s_20261001_18,d143054933f445be9f32b1fcd0de056d,0.003,,,
318,2026-09-30,SH601633,-0.08925525099039078,EXP_LinearModel_Alpha158_csi300_custom_step0_s_20261001_18,fd2318935efd4829b2d56c98827a3be7,0.055,,,
319,2026-09-30,SH601628,-0.023407839238643646,EXP_LinearModel_Alpha158_csi300_custom_step0_s_20261001_18,fd2318935efd4829b2d56c98827a3be7,0.055,,,
320,2026-09-30,SH601618,0.03290211409330368,EXP_LinearModel_Alpha158_csi300_custom_step0_s_20261001_18,fd2318935efd4829b2d56c98827a3be7,0.055,,,
321,2026-09-30,SH601607,-0.04783648997545242,EXP_LinearModel_Alpha158_csi300_custom_step0_s_20261001_18,fd2318935efd4829b2d56c98827a3be7,0.055,,,
322,2026-09-30,SH601601,-0.034803710877895355,EXP_LinearModel_Alpha158_csi300_custom_step0_s_20261001_18,fd2318935efd4829b2d56c98827a3be7,0.055,,,
323,2026-09-30,SH601600,-0.03042822889983654,EXP_LinearModel_Alpha158_csi300_custom_step0_s_20261001_18,fd2318935efd4829b2d56c98827a3be7,0.055,,,
324,2026-09-30,SH601456,-0.08113710582256317,EXP_LinearModel_Alpha158_csi300_custom_step0_s_20261001_18,fd2318935efd4829b2d56c98827a3be7,0.055,,,
325,2026-09-30,SH601398,0.07189450412988663,EXP_LinearModel_Alpha158_csi300_custom_step0_s_20261001_18,fd2318935efd4829b2d56c98827a3be7,0.055,,,
326,2026-09-30,SH601390,-0.047161828726530075,EXP_LinearModel_Alpha158_csi300_custom_step0_s_20261001_18,fd2318935efd4829b2d56c98827a3be7,0.055,,,
327,2026-09-30,SH601377,0.008553920313715935,EXP_LinearModel_Alpha158_csi300_custom_step0_s_20261001_18,fd2318935efd4829b2d56c98827a3be7,0.055,,,
328,2026-09-30,SH601360,-0.0017594792880117893,EXP_LinearModel_Alpha158_csi300_custom_step0_s_20261001_18,fd2318935efd4829b2d56c98827a3be7,0.055,,,
329,2026-09-30,SH601336,-0.06046297401189804,EXP_LinearModel_Alpha158_csi300_custom_step0_s_20261001_18,fd2318935efd4829b2d56c98827a3be7,0.055,,,
330,2026-09-30,SH601328,0.10096055269241333,EXP_LinearModel_Alpha158_csi300_custom_step0_s_20261001_18,fd2318935efd4829b2d56c98827a3be7,0.055,,,
331,2026-09-30,SH601319,0.1071525365114212,EXP_LinearModel_Alpha158_csi300_custom_step0_s_20261001_18,fd2318935efd4829b2d56c98827a3be7,0.055,,,
332,2026-09-30,SH601318,-0.06997571140527725,EXP_LinearModel_Alpha158_csi300_custom_step0_s_20261001_18,fd2318935efd4829b2d56c98827a3be7,0.055,,,
333,2026-09-30,SH601658,0.03444186970591545,EXP_LinearModel_Alpha158_csi300_custom_step0_s_20261001_18,fd2318935efd4829b2d56c98827a3be7,0.055,,,
334,2026-09-30,SH601668,-0.002916481113061309,EXP_LinearModel_Alpha158_csi300_custom_step0_s_20261001_18,fd2318935efd4829b2d56c98827a3be7,0.055,,,
335,2026-09-30,SH601669,0.006235550623387098,EXP_LinearModel_Alpha158_csi300_custom_step0_s_20261001_18,fd2318935efd4829b2d56c98827a3be7,0.055,,,
336,2026-09-30,SH601688,0.012307370081543922,EXP_LinearModel_Alpha158_csi300_custom_step0_s_20261001_18,fd2318935efd4829b2d56c98827a3be7,0.055,,,
337,2026-09-30,SH601878,-0.05302866920828819,EXP_LinearModel_Alpha158_csi300_custom_step0_s_20261001_18,fd2318935efd4829b2d56c98827a3be7,0.055,,,
338,2026-09-30,SH601877,-0.023525025695562363,EXP_LinearModel_Alpha158_csi300_custom_step0_s_20261001_18,fd2318935efd4829b2d56c98827a3be7,0.055,,,
339,2026-09-30,SH601872,0.06087308004498482,EXP_LinearModel_Alpha158_csi300_custom_step0_s_20261001_18,fd2318935efd4829b2d56c98827a3be7,0.055,,,
340,2026-09-30,SH601868,-0.05473785847425461,EXP_LinearModel_Alpha158_csi300_custom_step0_s_20261001_18,fd2318935efd4829b2d56c98827a3be7,0.055,,,
341,2026-09-30,SH601857,-0.047671400010585785,EXP_LinearModel_Alpha158_csi300_custom_step0_s_20261001_18,fd2318935efd4829b2d56c98827a3be7,0.055,,,
342,2026-09-30,SH601838,-0.011532807722687721,EXP_LinearModel_Alpha158_csi300_custom_step0_s_20261001_18,fd2318935efd4829b2d56c98827a3be7,0.055,,,
343,2026-09-30,SH601825,0.0049756369553506374,EXP_LinearModel_Alpha158_csi300_custom_step0_s_20261001_18,fd2318935efd4829b2d56c98827a3be7,0.055,,,
344,2026-09-30,SH601288,-0.0010016210144385695,EXP_LinearModel_Alpha158_csi300_custom_step0_s_20261001_18,fd2318935efd4829b2d56c98827a3be7,0.055,,,
345,2026-09-30,SH601818,-0.014917253516614437,EXP_LinearModel_Alpha158_csi300_custom_step0_s_20261001_18,fd2318935efd4829b2d56c98827a3be7,0.055,,,
346,2026-09-30,SH601800,-0.019040269777178764,EXP_LinearModel_Alpha158_csi300_custom_step0_s_20261001_18,fd2318935efd4829b2d56c98827a3be7,0.055,,,
347,2026-09-30,SH601788,-0.05402437597513199,EXP_LinearModel_Alpha158_csi300_custom_step0_s_20261001_18,fd2318935efd4829b2d56c98827a3be7,0.055,,,
348,2026-09-30,SH601766,-0.09359047561883926,EXP_LinearModel_Alpha158_csi300_custom_step0_s_20261001_18,fd2318935efd4829b2d56c98827a3be7,0.055,,,
349,2026-09-30,SH601728,-0.015572662465274334,EXP_LinearModel_Alpha158_csi300_custom_step0_s_20261001_18,fd2318935efd4829b2d56c98827a3be7,0.055,,,
350,2026-09-30,SH601727,-0.04503984749317169,EXP_LinearModel_Alpha158_csi300_custom_step0_s_20261001_18,fd2318935efd4829b2d56c98827a3be7,0.055,,,
351,2026-09-30,SH601698,-0.03863053396344185,EXP_LinearModel_Alpha158_csi300_custom_step0_s_20261001_18,fd2318935efd4829b2d56c98827a3be7,0.055,,,
352,2026-09-30,SH601689,0.002041724044829607,EXP_LinearModel_Alpha158_csi300_custom_step0_s_20261001_18,fd2318935efd4829b2d56c98827a3be7,0.055,,,
353,2026-09-30,SH601816,-0.10014736652374268,EXP_LinearModel_Alpha158_csi300_custom_step0_s_20261001_18,fd2318935efd4829b2d56c98827a3be7,0.055,,,
354,2026-09-30,SH601238,,EXP_LinearModel_Alpha158_csi300_custom_step0_s_20261001_18,fd2318935efd4829b2d56c98827a3be7,0.055,,,
355,2026-09-30,SH601229,-0.0698130875825882,EXP_LinearModel_Alpha158_csi300_custom_step0_s_20261001_18,fd2318935efd4829b2d56c98827a3be7,0.055,,,
356,2026-09-30,SH601225,-0.05843782424926758,EXP_LinearModel_Alpha158_csi300_custom_step0_s_20261001_18,fd2318935efd4829b2d56c98827a3be7,0.055,,,
357,2026-09-30,SH600989,-0.027758996933698654,EXP_LinearModel_Alpha158_csi300_custom_step0_s_20261001_18,fd2318935efd4829b2d56c98827a3be7,0.055,,,
358,2026-09-30,SH600958,-0.04438801482319832,EXP_LinearModel_Alpha158_csi300_custom_step0_s_20261001_18,fd2318935efd4829b2d56c98827a3be7,0.055,,,
359,2026-09-30,SH600941,-0.06985605508089066,EXP_LinearModel_Alpha158_csi300_custom_step0_s_20261001_18,fd2318935efd4829b2d56c98827a3be7,0.055,,,
360,2026-09-30,SH600938,-0.016358952969312668,EXP_LinearModel_Alpha158_csi300_custom_step0_s_20261001_18,fd2318935efd4829b2d56c98827a3be7,0.055,,,
361,2026-09-30,SH600930,-0.0011000249069184065,EXP_LinearModel_Alpha158_csi300_custom_step0_s_20261001_18,fd2318935efd4829b2d56c98827a3be7,0.055,,,
362,2026-09-30,SH600926,0.03490240126848221,EXP_LinearModel_Alpha158_csi300_custom_step0_s_20261001_18,fd2318935efd4829b2d56c98827a3be7,0.055,,,
363,2026-09-30,SH600919,-0.04781511798501015,EXP_LinearModel_Alpha158_csi300_custom_step0_s_20261001_18,fd2318935efd4829b2d56c98827a3be7,0.055,,,
364,2026-09-30,SH600999,0.02817569673061371,EXP_LinearModel_Alpha158_csi300_custom_step0_s_20261001_18,fd2318935efd4829b2d56c98827a3be7,0.055,,,
365,2026-09-30,SH600918,-0.07161436975002289,EXP_LinearModel_Alpha158_csi300_custom_step0_s_20261001_18,fd2318935efd4829b2d56c98827a3be7,0.055,,,
366,2026-09-30,SH600900,0.009032676927745342,EXP_LinearModel_Alpha158_csi300_custom_step0_s_20261001_18,fd2318935efd4829b2d56c98827a3be7,0.055,,,
367,2026-09-30,SH600893,-0.02176874503493309,EXP_LinearModel_Alpha158_csi300_custom_step0_s_20261001_18,fd2318935efd4829b2d56c98827a3be7,0.055,,,
368,2026-09-30,SH600887,0.09034787863492966,EXP_LinearModel_Alpha158_csi300_custom_step0_s_20261001_18,fd2318935efd4829b2d56c98827a3be7,0.055,,,
369,2026-09-30,SH600886,0.025688784196972847,EXP_LinearModel_Alpha158_csi300_custom_step0_s_20261001_18,fd2318935efd4829b2d56c98827a3be7,0.055,,,
370,2026-09-30,SH600875,-0.0684373751282692,EXP_LinearModel_Alpha158_csi300_custom_step0_s_20261001_18,fd2318935efd4829b2d56c98827a3be7,0.055,,,
371,2026-09-30,SH600845,-0.01257956400513649,EXP_LinearModel_Alpha158_csi300_custom_step0_s_20261001_18,fd2318935efd4829b2d56c98827a3be7,0.055,,,
372,2026-09-30,SH600809,-0.07088275998830795,EXP_LinearModel_Alpha158_csi300_custom_step0_s_20261001_18,fd2318935efd4829b2d56c98827a3be7,0.055,,,
373,2026-09-30,SH600905,-0.10927868634462357,EXP_LinearModel_Alpha158_csi300_custom_step0_s_20261001_18,fd2318935efd4829b2d56c98827a3be7,0.055,,,
374,2026-09-30,SH601881,-0.04022170230746269,EXP_LinearModel_Alpha158_csi300_custom_step0_s_20261001_18,fd2318935efd4829b2d56c98827a3be7,0.055,,,
375,2026-09-30,SH601006,-0.05523281916975975,EXP_LinearModel_Alpha158_csi300_custom_step0_s_20261001_18,fd2318935efd4829b2d56c98827a3be7,0.055,,,
376,2026-09-30,SH601012,-0.025026803836226463,EXP_LinearModel_Alpha158_csi300_custom_step0_s_20261001_18,fd2318935efd4829b2d56c98827a3be7,0.055,,,
377,2026-09-30,SH601211,-0.004245993681252003,EXP_LinearModel_Alpha158_csi300_custom_step0_s_20261001_18,fd2318935efd4829b2d56c98827a3be7,0.055,,,
378,2026-09-30,SH601186,0.018375424668192863,EXP_LinearModel_Alpha158_csi300_custom_step0_s_20261001_18,fd2318935efd4829b2d56c98827a3be7,0.055,,,
379,2026-09-30,SH601169,0.07202048599720001,EXP_LinearModel_Alpha158_csi300_custom_step0_s_20261001_18,fd2318935efd4829b2d56c98827a3be7,0.055,,,
380,2026-09-30,SH601166,-0.047492820769548416,EXP_LinearModel_Alpha158_csi300_custom_step0_s_20261001_18,fd2318935efd4829b2d56c98827a3be7,0.055,,,
381,2026-09-30,SH601138,-0.005265728570520878,EXP_LinearModel_Alpha158_csi300_custom_step0_s_20261001_18,fd2318935efd4829b2d56c98827a3be7,0.055,,,
382,2026-09-30,SH601136,-0.09666495770215988,EXP_LinearModel_Alpha158_csi300_custom_step0_s_20261001_18,fd2318935efd4829b2d56c98827a3be7,0.055,,,
383,2026-09-30,SH601127,0.03947700187563896,EXP_LinearModel_Alpha158_csi300_custom_step0_s_20261001_18,fd2318935efd4829b2d56c98827a3be7,0.055,,,
384,2026-09-30,SH601009,-0.019065991044044495,EXP_LinearModel_Alpha158_csi300_custom_step0_s_20261001_18,fd2318935efd4829b2d56c98827a3be7,0.055,,,
385,2026-09-30,SH601117,-0.07675552368164062,EXP_LinearModel_Alpha158_csi300_custom_step0_s_20261001_18,fd2318935efd4829b2d56c98827a3be7,0.055,,,
386,2026-09-30,SH601100,-0.009664628654718399,EXP_LinearModel_Alpha158_csi300_custom_step0_s_20261001_18,fd2318935efd4829b2d56c98827a3be7,0.055,,,
387,2026-09-30,SH601088,0.01528017409145832,EXP_LinearModel_Alpha158_csi300_custom_step0_s_20261001_18,fd2318935efd4829b2d56c98827a3be7,0.055,,,
388,2026-09-30,SH601077,-0.024673912674188614,EXP_LinearModel_Alpha158_csi300_custom_step0_s_20261001_18,fd2318935efd4829b2d56c98827a3be7,0.055,,,
389,2026-09-30,SH601066,-0.021213430911302567,EXP_LinearModel_Alpha158_csi300_custom_step0_s_20261001_18,fd2318935efd4829b2d56c98827a3be7,0.055,,,
390,2026-09-30,SH601058,-0.007458709180355072,EXP_LinearModel_Alpha158_csi300_custom_step0_s_20261001_18,fd2318935efd4829b2d56c98827a3be7,0.055,,,
391,2026-09-30,SH601021,-0.04797540232539177,EXP_LinearModel_Alpha158_csi300_custom_step0_s_20261001_18,fd2318935efd4829b2d56c98827a3be7,0.055,,,
392,2026-09-30,SH601018,-0.009061692282557487,EXP_LinearModel_Alpha158_csi300_custom_step0_s_20261001_18,fd2318935efd4829b2d56c98827a3be7,0.055,,,
393,2026-09-30,SH601111,0.03215312957763672,EXP_LinearModel_Alpha158_csi300_custom_step0_s_20261001_18,fd2318935efd4829b2d56c98827a3be7,0.055,,,
394,2026-09-30,SH601888,-0.07508153468370438,EXP_LinearModel_Alpha158_csi300_custom_step0_s_20261001_18,fd2318935efd4829b2d56c98827a3be7,0.055,,,
395,2026-09-30,SH601898,0.004293937236070633,EXP_LinearModel_Alpha158_csi300_custom_step0_s_20261001_18,fd2318935efd4829b2d56c98827a3be7,0.055,,,
396,2026-09-30,SH601899,-0.05764654278755188,EXP_LinearModel_Alpha158_csi300_custom_step0_s_20261001_18,fd2318935efd4829b2d56c98827a3be7,0.055,,,
397,2026-09-30,SZ000596,0.0907488539814949,EXP_LinearModel_Alpha158_csi300_custom_step0_s_20261001_18,fd2318935efd4829b2d56c98827a3be7,0.055,,,
398,2026-09-30,SZ000568,-0.03325764462351799,EXP_LinearModel_Alpha158_csi300_custom_step0_s_20261001_18,fd2318935efd4829b2d56c98827a3be7,0.055,,,
399,2026-09-30,SZ000538,0.022771429270505905,EXP_LinearModel_Alpha158_csi300_custom_step0_s_20261001_18,fd2318935efd4829b2d56c98827a3be7,0.055,,,
400,2026-09-30,SZ000425,-0.055568695068359375,EXP_LinearModel_Alpha158_csi300_custom_step0_s_20261001_18,fd2318935efd4829b2d56c98827a3be7,0.055,,,
401,2026-09-30,SZ000408,-0.006020825821906328,EXP_LinearModel_Alpha158_csi300_custom_step0_s_20261001_18,fd2318935efd4829b2d56c98827a3be7,0.055,,,
402,2026-09-30,SZ000338,-0.04374835640192032,EXP_LinearModel_Alpha158_csi300_custom_step0_s_20261001_18,fd2318935efd4829b2d56c98827a3be7,0.055,,,
403,2026-09-30,SZ000333,-0.08032490313053131,EXP_LinearModel_Alpha158_csi300_custom_step0_s_20261001_18,fd2318935efd4829b2d56c98827a3be7,0.055,,,
404,2026-09-30,SZ000617,-0.052405595779418945,EXP_LinearModel_Alpha158_csi300_custom_step0_s_20261001_18,fd2318935efd4829b2d56c98827a3be7,0.055,,,
405,2026-09-30,SZ000301,0.0008758753538131714,EXP_LinearModel_Alpha158_csi300_custom_step0_s_20261001_18,fd2318935efd4829b2d56c98827a3be7,0.055,,,
406,2026-09-30,SZ000157,-0.0022995038889348507,EXP_LinearModel_Alpha158_csi300_custom_step0_s_20261001_18,fd2318935efd4829b2d56c98827a3be7,0.055,,,
407,2026-09-30,SZ000100,0.023121070116758347,EXP_LinearModel_Alpha158_csi300_custom_step0_s_20261001_18,fd2318935efd4829b2d56c98827a3be7,0.055,,,
408,2026-09-30,SZ000063,0.014166285283863544,EXP_LinearModel_Alpha158_csi300_custom_step0_s_20261001_18,fd2318935efd4829b2d56c98827a3be7,0.055,,,
409,2026-09-30,SZ000002,0.016060953959822655,EXP_LinearModel_Alpha158_csi300_custom_step0_s_20261001_18,fd2318935efd4829b2d56c98827a3be7,0.055,,,
410,2026-09-30,SZ000001,-0.09349982440471649,EXP_LinearModel_Alpha158_csi300_custom_step0_s_20261001_18,fd2318935efd4829b2d56c98827a3be7,0.055,,,
411,2026-09-30,SH688981,0.06259605288505554,EXP_LinearModel_Alpha158_csi300_custom_step0_s_20261001_18,fd2318935efd4829b2d56c98827a3be7,0.055,,,
412,2026-09-30,SH688521,0.3430715799331665,EXP_LinearModel_Alpha158_csi300_custom_step0_s_20261001_18,fd2318935efd4829b2d56c98827a3be7,0.055,,,
413,2026-09-30,SZ000166,-0.005896678660064936,EXP_LinearModel_Alpha158_csi300_custom_step0_s_20261001_18,fd2318935efd4829b2d56c98827a3be7,0.055,,,
414,2026-09-30,SH688506,0.10668087750673294,EXP_LinearModel_Alpha158_csi300_custom_step0_s_20261001_18,fd2318935efd4829b2d56c98827a3be7,0.055,,,
415,2026-09-30,SZ000625,-0.033814091235399246,EXP_LinearModel_Alpha158_csi300_custom_step0_s_20261001_18,fd2318935efd4829b2d56c98827a3be7,0.055,,,
416,2026-09-30,SZ000651,0.0038909600116312504,EXP_LinearModel_Alpha158_csi300_custom_step0_s_20261001_18,fd2318935efd4829b2d56c98827a3be7,0.055,,,
417,2026-09-30,SZ001280,-0.0799858570098877,EXP_LinearModel_Alpha158_csi300_custom_step0_s_20261001_18,fd2318935efd4829b2d56c98827a3be7,0.055,,,
418,2026-09-30,SZ000999,-0.06078970059752464,EXP_LinearModel_Alpha158_csi300_custom_step0_s_20261001_18,fd2318935efd4829b2d56c98827a3be7,0.055,,,
419,2026-09-30,SZ000988,0.07385615259408951,EXP_LinearModel_Alpha158_csi300_custom_step0_s_20261001_18,fd2318935efd4829b2d56c98827a3be7,0.055,,,
420,2026-09-30,SZ000977,0.07832612842321396,EXP_LinearModel_Alpha158_csi300_custom_step0_s_20261001_18,fd2318935efd4829b2d56c98827a3be7,0.055,,,
421,2026-09-30,SZ000975,-0.05081348121166229,EXP_LinearModel_Alpha158_csi300_custom_step0_s_20261001_18,fd2318935efd4829b2d56c98827a3be7,0.055,,,
422,2026-09-30,SZ000963,-0.008417275734245777,EXP_LinearModel_Alpha158_csi300_custom_step0_s_20261001_18,fd2318935efd4829b2d56c98827a3be7,0.055,,,
423,2026-09-30,SZ000938,0.08232227712869644,EXP_LinearModel_Alpha158_csi300_custom_step0_s_20261001_18,fd2318935efd4829b2d56c98827a3be7,0.055,,,
424,2026-09-30,SZ000630,-0.013164105825126171,EXP_LinearModel_Alpha158_csi300_custom_step0_s_20261001_18,fd2318935efd4829b2d56c98827a3be7,0.055,,,
425,2026-09-30,SZ000895,-0.025054045021533966,EXP_LinearModel_Alpha158_csi300_custom_step0_s_20261001_18,fd2318935efd4829b2d56c98827a3be7,0.055,,,
426,2026-09-30,SZ000807,-0.008648596704006195,EXP_LinearModel_Alpha158_csi300_custom_step0_s_20261001_18,fd2318935efd4829b2d56c98827a3be7,0.055,,,
427,2026-09-30,SZ000792,0.02451019361615181,EXP_LinearModel_Alpha158_csi300_custom_step0_s_20261001_18,fd2318935efd4829b2d56c98827a3be7,0.055,,,
428,2026-09-30,SZ000776,0.01229631993919611,EXP_LinearModel_Alpha158_csi300_custom_step0_s_20261001_18,fd2318935efd4829b2d56c98827a3be7,0.055,,,
429,2026-09-30,SZ000768,-0.0705130323767662,EXP_LinearModel_Alpha158_csi300_custom_step0_s_20261001_18,fd2318935efd4829b2d56c98827a3be7,0.055,,,
430,2026-09-30,SZ000725,0.0533611923456192,EXP_LinearModel_Alpha158_csi300_custom_step0_s_20261001_18,fd2318935efd4829b2d56c98827a3be7,0.055,,,
431,2026-09-30,SZ000708,-0.03982899338006973,EXP_LinearModel_Alpha158_csi300_custom_step0_s_20261001_18,fd2318935efd4829b2d56c98827a3be7,0.055,,,
432,2026-09-30,SZ000657,0.1292877346277237,EXP_LinearModel_Alpha158_csi300_custom_step0_s_20261001_18,fd2318935efd4829b2d56c98827a3be7,0.055,,,
433,2026-09-30,SZ000858,-0.0872085765004158,EXP_LinearModel_Alpha158_csi300_custom_step0_s_20261001_18,fd2318935efd4829b2d56c98827a3be7,0.055,,,
434,2026-09-30,SH600803,-0.05595835670828819,EXP_LinearModel_Alpha158_csi300_custom_step0_s_20261001_18,fd2318935efd4829b2d56c98827a3be7,0.055,,,
435,2026-09-30,SH688472,0.06675149500370026,EXP_LinearModel_Alpha158_csi300_custom_step0_s_20261001_18,fd2318935efd4829b2d56c98827a3be7,0.055,,,
436,2026-09-30,SH688303,-0.0263660941272974,EXP_LinearModel_Alpha158_csi300_custom_step0_s_20261001_18,fd2318935efd4829b2d56c98827a3be7,0.055,,,
437,2026-09-30,SH603501,0.07068299502134323,EXP_LinearModel_Alpha158_csi300_custom_step0_s_20261001_18,fd2318935efd4829b2d56c98827a3be7,0.055,,,
438,2026-09-30,SH603392,-0.019335107877850533,EXP_LinearModel_Alpha158_csi300_custom_step0_s_20261001_18,fd2318935efd4829b2d56c98827a3be7,0.055,,,
439,2026-09-30,SH603369,-0.004646170884370804,EXP_LinearModel_Alpha158_csi300_custom_step0_s_20261001_18,fd2318935efd4829b2d56c98827a3be7,0.055,,,
440,2026-09-30,SH603296,-0.005656159482896328,EXP_LinearModel_Alpha158_csi300_custom_step0_s_20261001_18,fd2318935efd4829b2d56c98827a3be7,0.055,,,
441,2026-09-30,SH603288,-0.021186498925089836,EXP_LinearModel_Alpha158_csi300_custom_step0_s_20261001_18,fd2318935efd4829b2d56c98827a3be7,0.055,,,
442,2026-09-30,SH603260,0.03611926734447479,EXP_LinearModel_Alpha158_csi300_custom_step0_s_20261001_18,fd2318935efd4829b2d56c98827a3be7,0.055,,,
443,2026-09-30,SH603259,0.020720912143588066,EXP_LinearModel_Alpha158_csi300_custom_step0_s_20261001_18,fd2318935efd4829b2d56c98827a3be7,0.055,,,
444,2026-09-30,SH603799,0.07742708176374435,EXP_LinearModel_Alpha158_csi300_custom_step0_s_20261001_18,fd2318935efd4829b2d56c98827a3be7,0.055,,,
445,2026-09-30,SH603019,0.051154252141714096,EXP_LinearModel_Alpha158_csi300_custom_step0_s_20261001_18,fd2318935efd4829b2d56c98827a3be7,0.055,,,
446,2026-09-30,SH601995,,EXP_LinearModel_Alpha158_csi300_custom_step0_s_20261001_18,fd2318935efd4829b2d56c98827a3be7,0.055,,,
447,2026-09-30,SH601988,0.11656565964221954,EXP_LinearModel_Alpha158_csi300_custom_step0_s_20261001_18,fd2318935efd4829b2d56c98827a3be7,0.055,,,
448,2026-09-30,SH601985,0.02344667911529541,EXP_LinearModel_Alpha158_csi300_custom_step0_s_20261001_18,fd2318935efd4829b2d56c98827a3be7,0.055,,,
449,2026-09-30,SH601939,0.01822877675294876,EXP_LinearModel_Alpha158_csi300_custom_step0_s_20261001_18,fd2318935efd4829b2d56c98827a3be7,0.055,,,
450,2026-09-30,SH601919,-0.02275635302066803,EXP_LinearModel_Alpha158_csi300_custom_step0_s_20261001_18,fd2318935efd4829b2d56c98827a3be7,0.055,,,
451,2026-09-30,SH601916,-0.07798422127962112,EXP_LinearModel_Alpha158_csi300_custom_step0_s_20261001_18,fd2318935efd4829b2d56c98827a3be7,0.055,,,
452,2026-09-30,SH601901,0.03306964039802551,EXP_LinearModel_Alpha158_csi300_custom_step0_s_20261001_18,fd2318935efd4829b2d56c98827a3be7,0.055,,,
453,2026-09-30,SH601998,0.048821114003658295,EXP_LinearModel_Alpha158_csi300_custom_step0_s_20261001_18,fd2318935efd4829b2d56c98827a3be7,0.055,,,
454,2026-09-30,SH688396,0.10123492032289505,EXP_LinearModel_Alpha158_csi300_custom_step0_s_20261001_18,fd2318935efd4829b2d56c98827a3be7,0.055,,,
455,2026-09-30,SH603893,0.04218702018260956,EXP_LinearModel_Alpha158_csi300_custom_step0_s_20261001_18,fd2318935efd4829b2d56c98827a3be7,0.055,,,
456,2026-09-30,SH603993,-0.04924421012401581,EXP_LinearModel_Alpha158_csi300_custom_step0_s_20261001_18,fd2318935efd4829b2d56c98827a3be7,0.055,,,
457,2026-09-30,SH688271,-0.04039496183395386,EXP_LinearModel_Alpha158_csi300_custom_step0_s_20261001_18,fd2318935efd4829b2d56c98827a3be7,0.055,,,
458,2026-09-30,SH688256,0.1551983654499054,EXP_LinearModel_Alpha158_csi300_custom_step0_s_20261001_18,fd2318935efd4829b2d56c98827a3be7,0.055,,,
459,2026-09-30,SH688223,-0.003203278873115778,EXP_LinearModel_Alpha158_csi300_custom_step0_s_20261001_18,fd2318935efd4829b2d56c98827a3be7,0.055,,,
460,2026-09-30,SH688183,0.20201648771762848,EXP_LinearModel_Alpha158_csi300_custom_step0_s_20261001_18,fd2318935efd4829b2d56c98827a3be7,0.055,,,
461,2026-09-30,SH688126,0.024176260456442833,EXP_LinearModel_Alpha158_csi300_custom_step0_s_20261001_18,fd2318935efd4829b2d56c98827a3be7,0.055,,,
462,2026-09-30,SH688111,0.024720370769500732,EXP_LinearModel_Alpha158_csi300_custom_step0_s_20261001_18,fd2318935efd4829b2d56c98827a3be7,0.055,,,
463,2026-09-30,SH688082,0.018724337220191956,EXP_LinearModel_Alpha158_csi300_custom_step0_s_20261001_18,fd2318935efd4829b2d56c98827a3be7,0.055,,,
464,2026-09-30,SH603986,0.2085220217704773,EXP_LinearModel_Alpha158_csi300_custom_step0_s_20261001_18,fd2318935efd4829b2d56c98827a3be7,0.055,,,
465,2026-09-30,SH688072,,EXP_LinearModel_Alpha158_csi300_custom_step0_s_20261001_18,fd2318935efd4829b2d56c98827a3be7,0.055,,,
466,2026-09-30,SH688041,0.16852080821990967,EXP_LinearModel_Alpha158_csi300_custom_step0_s_20261001_18,fd2318935efd4829b2d56c98827a3be7,0.055,,,
467,2026-09-30,SH688036,0.09327775239944458,EXP_LinearModel_Alpha158_csi300_custom_step0_s_20261001_18,fd2318935efd4829b2d56c98827a3be7,0.055,,,
468,2026-09-30,SH688012,0.05645788833498955,EXP_LinearModel_Alpha158_csi300_custom_step0_s_20261001_18,fd2318935efd4829b2d56c98827a3be7,0.055,,,
469,2026-09-30,SH688009,-0.01670687086880207,EXP_LinearModel_Alpha158_csi300_custom_step0_s_20261001_18,fd2318935efd4829b2d56c98827a3be7,0.055,,,
470,2026-09-30,SH688008,0.09067850559949875,EXP_LinearModel_Alpha158_csi300_custom_step0_s_20261001_18,fd2318935efd4829b2d56c98827a3be7,0.055,,,
471,2026-09-30,SH605499,0.007919326424598694,EXP_LinearModel_Alpha158_csi300_custom_step0_s_20261001_18,fd2318935efd4829b2d56c98827a3be7,0.055,,,
472,2026-09-30,SH605117,0.0339592844247818,EXP_LinearModel_Alpha158_csi300_custom_step0_s_20261001_18,fd2318935efd4829b2d56c98827a3be7,0.055,,,
473,2026-09-30,SH688047,0.03312581777572632,EXP_LinearModel_Alpha158_csi300_custom_step0_s_20261001_18,fd2318935efd4829b2d56c98827a3be7,0.055,,,
474,2026-09-30,SZ000001,0.029111484065651894,EXP_LinearModel_Alpha158_csi300_custom_step0_s_20261001_18,251c0cd7718a4cb4a1c6523897dc60fd,0.042,,,
475,2026-09-30,SH600795,-0.03229304775595665,EXP_LinearModel_Alpha158_csi300_custom_step0_s_20261001_18,fd2318935efd4829b2d56c98827a3be7,0.055,,,
476,2026-09-30,SH600741,-0.01744028367102146,EXP_LinearModel_Alpha158_csi300_custom_step0_s_20261001_18,fd2318935efd4829b2d56c98827a3be7,0.055,,,
477,2026-09-30,SZ002916,-0.02093617059290409,EXP_LinearModel_Alpha158_csi300_custom_step0_s_20261001_18,d143054933f445be9f32b1fcd0de056d,0.003,,,
478,2026-09-30,SZ002837,-0.04035418480634689,EXP_LinearModel_Alpha158_csi300_custom_step0_s_20261001_18,d143054933f445be9f32b1fcd0de056d,0.003,,,
479,2026-09-30,SZ002736,-0.0056938123889267445,EXP_LinearModel_Alpha158_csi300_custom_step0_s_20261001_18,d143054933f445be9f32b1fcd0de056d,0.003,,,
480,2026-09-30,SZ002714,-0.0034998678602278233,EXP_LinearModel_Alpha158_csi300_custom_step0_s_20261001_18,d143054933f445be9f32b1fcd0de056d,0.003,,,
481,2026-09-30,SZ002709,-0.014666826464235783,EXP_LinearModel_Alpha158_csi300_custom_step0_s_20261001_18,d143054933f445be9f32b1fcd0de056d,0.003,,,
482,2026-09-30,SZ002648,0.02895643375813961,EXP_LinearModel_Alpha158_csi300_custom_step0_s_20261001_18,d143054933f445be9f32b1fcd0de056d,0.003,,,
483,2026-09-30,SZ002625,-0.02460436522960663,EXP_LinearModel_Alpha158_csi300_custom_step0_s_20261001_18,d143054933f445be9f32b1fcd0de056d,0.003,,,
484,2026-09-30,SZ002602,-0.08421903848648071,EXP_LinearModel_Alpha158_csi300_custom_step0_s_20261001_18,d143054933f445be9f32b1fcd0de056d,0.003,,,
485,2026-09-30,SZ002600,-0.09243908524513245,EXP_LinearModel_Alpha158_csi300_custom_step0_s_20261001_18,d143054933f445be9f32b1fcd0de056d,0.003,,,
486,2026-09-30,SZ002594,0.0036853784695267677,EXP_LinearModel_Alpha158_csi300_custom_step0_s_20261001_18,d143054933f445be9f32b1fcd0de056d,0.003,,,
487,2026-09-30,SZ002558,-0.06284675747156143,EXP_LinearModel_Alpha158_csi300_custom_step0_s_20261001_18,d143054933f445be9f32b1fcd0de056d,0.003,,,
488,2026-09-30,SZ002532,-0.05296550691127777,EXP_LinearModel_Alpha158_csi300_custom_step0_s_20261001_18,d143054933f445be9f32b1fcd0de056d,0.003,,,
489,2026-09-30,SZ002493,0.0018747542053461075,EXP_LinearModel_Alpha158_csi300_custom_step0_s_20261001_18,d143054933f445be9f32b1fcd0de056d,0.003,,,
490,2026-09-30,SZ002475,-0.04099816828966141,EXP_LinearModel_Alpha158_csi300_custom_step0_s_20261001_18,d143054933f445be9f32b1fcd0de056d,0.003,,,
491,2026-09-30,SZ002466,0.006050748284906149,EXP_LinearModel_Alpha158_csi300_custom_step0_s_20261001_18,d143054933f445be9f32b1fcd0de056d,0.003,,,
492,2026-09-30,SZ002920,-0.04104847460985184,EXP_LinearModel_Alpha158_csi300_custom_step0_s_20261001_18,d143054933f445be9f32b1fcd0de056d,0.003,,,
493,2026-09-30,SZ002938,-0.045151177793741226,EXP_LinearModel_Alpha158_csi300_custom_step0_s_20261001_18,d143054933f445be9f32b1fcd0de056d,0.003,,,
494,2026-09-30,SZ003816,0.061203036457300186,EXP_LinearModel_Alpha158_csi300_custom_step0_s_20261001_18,d143054933f445be9f32b1fcd0de056d,0.003,,,
495,2026-09-30,SZ300014,0.010653439909219742,EXP_LinearModel_Alpha158_csi300_custom_step0_s_20261001_18,d143054933f445be9f32b1fcd0de056d,0.003,,,
496,2026-09-30,SZ300450,0.028387274593114853,EXP_LinearModel_Alpha158_csi300_custom_step0_s_20261001_18,d143054933f445be9f32b1fcd0de056d,0.003,,,
497,2026-09-30,SZ300442,-0.08165863901376724,EXP_LinearModel_Alpha158_csi300_custom_step0_s_20261001_18,d143054933f445be9f32b1fcd0de056d,0.003,,,
498,2026-09-30,SZ300433,-0.0478944256901741,EXP_LinearModel_Alpha158_csi300_custom_step0_s_20261001_18,d143054933f445be9f32b1fcd0de056d,0.003,,,
499,2026-09-30,SZ300418,0.012162366881966591,EXP_LinearModel_Alpha158_csi300_custom_step0_s_20261001_18,d143054933f445be9f32b1fcd0de056d,0.003,,,
500,2026-09-30,SZ300413,0.08351395279169083,EXP_LinearModel_Alpha158_csi300_custom_step0_s_20261001_18,d143054933f445be9f32b1fcd0de056d,0.003,,,
501,2026-09-30,SZ300408,0.012894503772258759,EXP_LinearModel_Alpha158_csi300_custom_step0_s_20261001_18,d143054933f445be9f32b1fcd0de056d,0.003,,,
502,2026-09-30,SZ300394,0.003586857346817851,EXP_LinearModel_Alpha158_csi300_custom_step0_s_20261001_18,d143054933f445be9f32b1fcd0de056d,0.003,,,
503,2026-09-30,SZ002463,-0.05357033386826515,EXP_LinearModel_Alpha158_csi300_custom_step0_s_20261001_18,d143054933f445be9f32b1fcd0de056d,0.003,,,
504,2026-09-30,SZ300316,-0.0804363563656807,EXP_LinearModel_Alpha158_csi300_custom_step0_s_20261001_18,d143054933f445be9f32b1fcd0de056d,0.003,,,
505,2026-09-30,SZ300274,0.16927427053451538,EXP_LinearModel_Alpha158_csi300_custom_step0_s_20261001_18,d143054933f445be9f32b1fcd0de056d,0.003,,,
506,2026-09-30,SZ300251,-0.04672783985733986,EXP_LinearModel_Alpha158_csi300_custom_step0_s_20261001_18,d143054933f445be9f32b1fcd0de056d,0.003,,,
507,2026-09-30,SZ300124,0.056811098009347916,EXP_LinearModel_Alpha158_csi300_custom_step0_s_20261001_18,d143054933f445be9f32b1fcd0de056d,0.003,,,
508,2026-09-30,SZ300122,0.020598335191607475,EXP_LinearModel_Alpha158_csi300_custom_step0_s_20261001_18,d143054933f445be9f32b1fcd0de056d,0.003,,,
509,2026-09-30,SZ300059,-0.059703528881073,EXP_LinearModel_Alpha158_csi300_custom_step0_s_20261001_18,d143054933f445be9f32b1fcd0de056d,0.003,,,
510,2026-09-30,SZ300033,-0.03480624780058861,EXP_LinearModel_Alpha158_csi300_custom_step0_s_20261001_18,d143054933f445be9f32b1fcd0de056d,0.003,,,
511,2026-09-30,SZ300015,-0.060683686286211014,EXP_LinearModel_Alpha158_csi300_custom_step0_s_20261001_18,d143054933f445be9f32b1fcd0de056d,0.003,,,
512,2026-09-30,SZ300308,-0.040564361959695816,EXP_LinearModel_Alpha158_csi300_custom_step0_s_20261001_18,d143054933f445be9f32b1fcd0de056d,0.003,,,
513,2026-09-30,SZ002460,0.03868557885289192,EXP_LinearModel_Alpha158_csi300_custom_step0_s_20261001_18,d143054933f445be9f32b1fcd0de056d,0.003,,,
514,2026-09-30,SZ002422,0.06394791603088379,EXP_LinearModel_Alpha158_csi300_custom_step0_s_20261001_18,d143054933f445be9f32b1fcd0de056d,0.003,,,
515,2026-09-30,SZ002415,-0.056219033896923065,EXP_LinearModel_Alpha158_csi300_custom_step0_s_20261001_18,d143054933f445be9f32b1fcd0de056d,0.003,,,
516,2026-09-30,SZ001391,-0.05150536447763443,EXP_LinearModel_Alpha158_csi300_custom_step0_s_20261001_18,d143054933f445be9f32b1fcd0de056d,0.003,,,
517,2026-09-30,SZ001280,-0.0872611552476883,EXP_LinearModel_Alpha158_csi300_custom_step0_s_20261001_18,d143054933f445be9f32b1fcd0de056d,0.003,,,
518,2026-09-30,SZ000999,0.014819956384599209,EXP_LinearModel_Alpha158_csi300_custom_step0_s_20261001_18,d143054933f445be9f32b1fcd0de056d,0.003,,,
519,2026-09-30,SZ000988,-0.15271157026290894,EXP_LinearModel_Alpha158_csi300_custom_step0_s_20261001_18,d143054933f445be9f32b1fcd0de056d,0.003,,,
520,2026-09-30,SZ000977,0.015461595728993416,EXP_LinearModel_Alpha158_csi300_custom_step0_s_20261001_18,d143054933f445be9f32b1fcd0de056d,0.003,,,
521,2026-09-30,SZ000975,-0.0005349051207304001,EXP_LinearModel_Alpha158_csi300_custom_step0_s_20261001_18,d143054933f445be9f32b1fcd0de056d,0.003,,,
522,2026-09-30,SZ000963,-0.04139687865972519,EXP_LinearModel_Alpha158_csi300_custom_step0_s_20261001_18,d143054933f445be9f32b1fcd0de056d,0.003,,,
523,2026-09-30,SZ001965,0.05613191798329353,EXP_LinearModel_Alpha158_csi300_custom_step0_s_20261001_18,d143054933f445be9f32b1fcd0de056d,0.003,,,
524,2026-09-30,SZ000938,0.05753346532583237,EXP_LinearModel_Alpha158_csi300_custom_step0_s_20261001_18,d143054933f445be9f32b1fcd0de056d,0.003,,,
525,2026-09-30,SZ000858,-0.07152237743139267,EXP_LinearModel_Alpha158_csi300_custom_step0_s_20261001_18,d143054933f445be9f32b1fcd0de056d,0.003,,,
526,2026-09-30,SZ000807,-0.03156714141368866,EXP_LinearModel_Alpha158_csi300_custom_step0_s_20261001_18,d143054933f445be9f32b1fcd0de056d,0.003,,,
527,2026-09-30,SZ000792,-0.00662059523165226,EXP_LinearModel_Alpha158_csi300_custom_step0_s_20261001_18,d143054933f445be9f32b1fcd0de056d,0.003,,,
528,2026-09-30,SZ000776,-0.03788301721215248,EXP_LinearModel_Alpha158_csi300_custom_step0_s_20261001_18,d143054933f445be9f32b1fcd0de056d,0.003,,,
529,2026-09-30,SZ000768,-0.02529960125684738,EXP_LinearModel_Alpha158_csi300_custom_step0_s_20261001_18,d143054933f445be9f32b1fcd0de056d,0.003,,,
530,2026-09-30,SZ000725,-0.032081879675388336,EXP_LinearModel_Alpha158_csi300_custom_step0_s_20261001_18,d143054933f445be9f32b1fcd0de056d,0.003,,,
531,2026-09-30,SZ000708,-0.03372419252991676,EXP_LinearModel_Alpha158_csi300_custom_step0_s_20261001_18,d143054933f445be9f32b1fcd0de056d,0.003,,,
532,2026-09-30,SZ000895,-0.043115001171827316,EXP_LinearModel_Alpha158_csi300_custom_step0_s_20261001_18,d143054933f445be9f32b1fcd0de056d,0.003,,,
533,2026-09-30,SZ300476,-0.09950169920921326,EXP_LinearModel_Alpha158_csi300_custom_step0_s_20261001_18,d143054933f445be9f32b1fcd0de056d,0.003,,,
534,2026-09-30,SZ001979,0.006983621045947075,EXP_LinearModel_Alpha158_csi300_custom_step0_s_20261001_18,d143054933f445be9f32b1fcd0de056d,0.003,,,
535,2026-09-30,SZ002027,-0.020460184663534164,EXP_LinearModel_Alpha158_csi300_custom_step0_s_20261001_18,d143054933f445be9f32b1fcd0de056d,0.003,,,
536,2026-09-30,SZ002384,-0.09211515635251999,EXP_LinearModel_Alpha158_csi300_custom_step0_s_20261001_18,d143054933f445be9f32b1fcd0de056d,0.003,,,
537,2026-09-30,SZ002371,-0.04823289066553116,EXP_LinearModel_Alpha158_csi300_custom_step0_s_20261001_18,d143054933f445be9f32b1fcd0de056d,0.003,,,
538,2026-09-30,SZ002353,0.0622662715613842,EXP_LinearModel_Alpha158_csi300_custom_step0_s_20261001_18,d143054933f445be9f32b1fcd0de056d,0.003,,,
539,2026-09-30,SZ002352,-0.003554045222699642,EXP_LinearModel_Alpha158_csi300_custom_step0_s_20261001_18,d143054933f445be9f32b1fcd0de056d,0.003,,,
540,2026-09-30,SZ002311,0.0034912265837192535,EXP_LinearModel_Alpha158_csi300_custom_step0_s_20261001_18,d143054933f445be9f32b1fcd0de056d,0.003,,,
541,2026-09-30,SZ002304,-0.07858332246541977,EXP_LinearModel_Alpha158_csi300_custom_step0_s_20261001_18,d143054933f445be9f32b1fcd0de056d,0.003,,,
542,2026-09-30,SZ002241,-0.04909609630703926,EXP_LinearModel_Alpha158_csi300_custom_step0_s_20261001_18,d143054933f445be9f32b1fcd0de056d,0.003,,,
543,2026-09-30,SZ002001,0.004098673816770315,EXP_LinearModel_Alpha158_csi300_custom_step0_s_20261001_18,d143054933f445be9f32b1fcd0de056d,0.003,,,
544,2026-09-30,SZ002236,-0.005310471169650555,EXP_LinearModel_Alpha158_csi300_custom_step0_s_20261001_18,d143054933f445be9f32b1fcd0de056d,0.003,,,
545,2026-09-30,SZ002202,-0.025607267394661903,EXP_LinearModel_Alpha158_csi300_custom_step0_s_20261001_18,d143054933f445be9f32b1fcd0de056d,0.003,,,
546,2026-09-30,SZ002179,-0.032108813524246216,EXP_LinearModel_Alpha158_csi300_custom_step0_s_20261001_18,d143054933f445be9f32b1fcd0de056d,0.003,,,
547,2026-09-30,SZ002142,0.06288667023181915,EXP_LinearModel_Alpha158_csi300_custom_step0_s_20261001_18,d143054933f445be9f32b1fcd0de056d,0.003,,,
548,2026-09-30,SZ002074,-0.06593689322471619,EXP_LinearModel_Alpha158_csi300_custom_step0_s_20261001_18,d143054933f445be9f32b1fcd0de056d,0.003,,,
549,2026-09-30,SZ002050,-0.026204746216535568,EXP_LinearModel_Alpha158_csi300_custom_step0_s_20261001_18,d143054933f445be9f32b1fcd0de056d,0.003,,,
550,2026-09-30,SZ002049,-0.05757481977343559,EXP_LinearModel_Alpha158_csi300_custom_step0_s_20261001_18,d143054933f445be9f32b1fcd0de056d,0.003,,,
551,2026-09-30,SZ002028,0.1021861582994461,EXP_LinearModel_Alpha158_csi300_custom_step0_s_20261001_18,d143054933f445be9f32b1fcd0de056d,0.003,,,
552,2026-09-30,SZ002230,-0.07139995694160461,EXP_LinearModel_Alpha158_csi300_custom_step0_s_20261001_18,d143054933f445be9f32b1fcd0de056d,0.003,,,
553,2026-09-30,SZ300498,-0.012213043868541718,EXP_LinearModel_Alpha158_csi300_custom_step0_s_20261001_18,d143054933f445be9f32b1fcd0de056d,0.003,,,
554,2026-09-30,SZ300502,-0.06381735950708389,EXP_LinearModel_Alpha158_csi300_custom_step0_s_20261001_18,d143054933f445be9f32b1fcd0de056d,0.003,,,
555,2026-09-30,SZ300628,0.030357087031006813,EXP_LinearModel_Alpha158_csi300_custom_step0_s_20261001_18,d143054933f445be9f32b1fcd0de056d,0.003,,,
556,2026-09-30,SH600406,-0.0011512626660987735,EXP_LinearModel_Alpha158_csi300_custom_step0_s_20261001_18,fd2318935efd4829b2d56c98827a3be7,0.055,,,
557,2026-09-30,SH600372,-0.07918358594179153,EXP_LinearModel_Alpha158_csi300_custom_step0_s_20261001_18,fd2318935efd4829b2d56c98827a3be7,0.055,,,
558,2026-09-30,SH600362,-0.04139021784067154,EXP_LinearModel_Alpha158_csi300_custom_step0_s_20261001_18,fd2318935efd4829b2d56c98827a3be7,0.055,,,
559,2026-09-30,SH600346,0.09711003303527832,EXP_LinearModel_Alpha158_csi300_custom_step0_s_20261001_18,fd2318935efd4829b2d56c98827a3be7,0.055,,,
560,2026-09-30,SH600309,0.02104652300477028,EXP_LinearModel_Alpha158_csi300_custom_step0_s_20261001_18,fd2318935efd4829b2d56c98827a3be7,0.055,,,
561,2026-09-30,SH600276,-0.027199994772672653,EXP_LinearModel_Alpha158_csi300_custom_step0_s_20261001_18,fd2318935efd4829b2d56c98827a3be7,0.055,,,
562,2026-09-30,SH600233,-0.008778035640716553,EXP_LinearModel_Alpha158_csi300_custom_step0_s_20261001_18,fd2318935efd4829b2d56c98827a3be7,0.055,,,
563,2026-09-30,SH600415,0.01075842883437872,EXP_LinearModel_Alpha158_csi300_custom_step0_s_20261001_18,fd2318935efd4829b2d56c98827a3be7,0.055,,,
564,2026-09-30,SH600221,-0.060332078486680984,EXP_LinearModel_Alpha158_csi300_custom_step0_s_20261001_18,fd2318935efd4829b2d56c98827a3be7,0.055,,,
565,2026-09-30,SH600196,0.014999027363955975,EXP_LinearModel_Alpha158_csi300_custom_step0_s_20261001_18,fd2318935efd4829b2d56c98827a3be7,0.055,,,
566,2026-09-30,SH600188,-0.031322650611400604,EXP_LinearModel_Alpha158_csi300_custom_step0_s_20261001_18,fd2318935efd4829b2d56c98827a3be7,0.055,,,
567,2026-09-30,SH600183,0.10352569818496704,EXP_LinearModel_Alpha158_csi300_custom_step0_s_20261001_18,fd2318935efd4829b2d56c98827a3be7,0.055,,,
568,2026-09-30,SH600176,0.17608819901943207,EXP_LinearModel_Alpha158_csi300_custom_step0_s_20261001_18,fd2318935efd4829b2d56c98827a3be7,0.055,,,
569,2026-09-30,SH600160,0.026493201032280922,EXP_LinearModel_Alpha158_csi300_custom_step0_s_20261001_18,fd2318935efd4829b2d56c98827a3be7,0.055,,,
570,2026-09-30,SH600150,0.0666998028755188,EXP_LinearModel_Alpha158_csi300_custom_step0_s_20261001_18,fd2318935efd4829b2d56c98827a3be7,0.055,,,
571,2026-09-30,SH600118,0.00941737461835146,EXP_LinearModel_Alpha158_csi300_custom_step0_s_20261001_18,fd2318935efd4829b2d56c98827a3be7,0.055,,,
572,2026-09-30,SH600219,-0.04393301159143448,EXP_LinearModel_Alpha158_csi300_custom_step0_s_20261001_18,fd2318935efd4829b2d56c98827a3be7,0.055,,,
573,2026-09-30,SH600115,-0.007584136910736561,EXP_LinearModel_Alpha158_csi300_custom_step0_s_20261001_18,fd2318935efd4829b2d56c98827a3be7,0.055,,,
574,2026-09-30,SH600426,-0.03628523275256157,EXP_LinearModel_Alpha158_csi300_custom_step0_s_20261001_18,fd2318935efd4829b2d56c98827a3be7,0.055,,,
575,2026-09-30,SH600438,-0.005449287593364716,EXP_LinearModel_Alpha158_csi300_custom_step0_s_20261001_18,fd2318935efd4829b2d56c98827a3be7,0.055,,,
576,2026-09-30,SH600690,-0.033141542226076126,EXP_LinearModel_Alpha158_csi300_custom_step0_s_20261001_18,fd2318935efd4829b2d56c98827a3be7,0.055,,,
577,2026-09-30,SH600674,0.04871668666601181,EXP_LinearModel_Alpha158_csi300_custom_step0_s_20261001_18,fd2318935efd4829b2d56c98827a3be7,0.055,,,
578,2026-09-30,SH600660,0.002117259195074439,EXP_LinearModel_Alpha158_csi300_custom_step0_s_20261001_18,fd2318935efd4829b2d56c98827a3be7,0.055,,,
579,2026-09-30,SH600600,-0.06482183188199997,EXP_LinearModel_Alpha158_csi300_custom_step0_s_20261001_18,fd2318935efd4829b2d56c98827a3be7,0.055,,,
580,2026-09-30,SH600588,-0.056720562279224396,EXP_LinearModel_Alpha158_csi300_custom_step0_s_20261001_18,fd2318935efd4829b2d56c98827a3be7,0.055,,,
581,2026-09-30,SH600585,-0.0412561371922493,EXP_LinearModel_Alpha158_csi300_custom_step0_s_20261001_18,fd2318935efd4829b2d56c98827a3be7,0.055,,,
582,2026-09-30,SH600584,0.11562234908342361,EXP_LinearModel_Alpha158_csi300_custom_step0_s_20261001_18,fd2318935efd4829b2d56c98827a3be7,0.055,,,
583,2026-09-30,SH600436,0.009371450170874596,EXP_LinearModel_Alpha158_csi300_custom_step0_s_20261001_18,fd2318935efd4829b2d56c98827a3be7,0.055,,,
584,2026-09-30,SH600570,-0.006621759384870529,EXP_LinearModel_Alpha158_csi300_custom_step0_s_20261001_18,fd2318935efd4829b2d56c98827a3be7,0.055,,,
585,2026-09-30,SH600547,0.11340775340795517,EXP_LinearModel_Alpha158_csi300_custom_step0_s_20261001_18,fd2318935efd4829b2d56c98827a3be7,0.055,,,
586,2026-09-30,SH600522,0.16996857523918152,EXP_LinearModel_Alpha158_csi300_custom_step0_s_20261001_18,fd2318935efd4829b2d56c98827a3be7,0.055,,,
587,2026-09-30,SH600519,-0.05755595490336418,EXP_LinearModel_Alpha158_csi300_custom_step0_s_20261001_18,fd2318935efd4829b2d56c98827a3be7,0.055,,,
588,2026-09-30,SH600515,-0.036070745438337326,EXP_LinearModel_Alpha158_csi300_custom_step0_s_20261001_18,fd2318935efd4829b2d56c98827a3be7,0.055,,,
589,2026-09-30,SH600489,-0.007511885836720467,EXP_LinearModel_Alpha158_csi300_custom_step0_s_20261001_18,fd2318935efd4829b2d56c98827a3be7,0.055,,,
590,2026-09-30,SH600482,0.11328480392694473,EXP_LinearModel_Alpha158_csi300_custom_step0_s_20261001_18,fd2318935efd4829b2d56c98827a3be7,0.055,,,
591,2026-09-30,SH600460,0.10845553874969482,EXP_LinearModel_Alpha158_csi300_custom_step0_s_20261001_18,fd2318935efd4829b2d56c98827a3be7,0.055,,,
592,2026-09-30,SH600549,0.12479594349861145,EXP_LinearModel_Alpha158_csi300_custom_step0_s_20261001_18,fd2318935efd4829b2d56c98827a3be7,0.055,,,
593,2026-09-30,SH600760,0.013611916452646255,EXP_LinearModel_Alpha158_csi300_custom_step0_s_20261001_18,fd2318935efd4829b2d56c98827a3be7,0.055,,,
594,2026-09-30,SH600111,-0.0039194002747535706,EXP_LinearModel_Alpha158_csi300_custom_step0_s_20261001_18,fd2318935efd4829b2d56c98827a3be7,0.055,,,
595,2026-09-30,SH600089,-0.05373188853263855,EXP_LinearModel_Alpha158_csi300_custom_step0_s_20261001_18,fd2318935efd4829b2d56c98827a3be7,0.055,,,
596,2026-09-30,SH600010,-0.012565648183226585,EXP_LinearModel_Alpha158_csi300_custom_step0_s_20261001_18,fd2318935efd4829b2d56c98827a3be7,0.055,,,
597,2026-09-30,SH600009,-0.030628031119704247,EXP_LinearModel_Alpha158_csi300_custom_step0_s_20261001_18,fd2318935efd4829b2d56c98827a3be7,0.055,,,
598,2026-09-30,SH600000,0.020892508327960968,EXP_LinearModel_Alpha158_csi300_custom_step0_s_20261001_18,fd2318935efd4829b2d56c98827a3be7,0.055,,,
599,2026-09-30,SZ302132,-0.014719283208251,EXP_LinearModel_Alpha158_csi300_custom_step0_s_20261001_18,d143054933f445be9f32b1fcd0de056d,0.003,,,
600,2026-09-30,SZ301308,-0.18040138483047485,EXP_LinearModel_Alpha158_csi300_custom_step0_s_20261001_18,d143054933f445be9f32b1fcd0de056d,0.003,,,
601,2026-09-30,SZ301269,-0.0852694883942604,EXP_LinearModel_Alpha158_csi300_custom_step0_s_20261001_18,d143054933f445be9f32b1fcd0de056d,0.003,,,
602,2026-09-30,SZ301236,0.008526716381311417,EXP_LinearModel_Alpha158_csi300_custom_step0_s_20261001_18,d143054933f445be9f32b1fcd0de056d,0.003,,,
603,2026-09-30,SH600011,0.009501217864453793,EXP_LinearModel_Alpha158_csi300_custom_step0_s_20261001_18,fd2318935efd4829b2d56c98827a3be7,0.055,,,
604,2026-09-30,SZ301165,-0.00625655660405755,EXP_LinearModel_Alpha158_csi300_custom_step0_s_20261001_18,d143054933f445be9f32b1fcd0de056d,0.003,,,
605,2026-09-30,SZ300896,-0.024822697043418884,EXP_LinearModel_Alpha158_csi300_custom_step0_s_20261001_18,d143054933f445be9f32b1fcd0de056d,0.003,,,
606,2026-09-30,SZ300866,-0.017745966091752052,EXP_LinearModel_Alpha158_csi300_custom_step0_s_20261001_18,d143054933f445be9f32b1fcd0de056d,0.003,,,
607,2026-09-30,SZ300832,0.01433988381177187,EXP_LinearModel_Alpha158_csi300_custom_step0_s_20261001_18,d143054933f445be9f32b1fcd0de056d,0.003,,,
608,2026-09-30,SZ300803,-0.061912376433610916,EXP_LinearModel_Alpha158_csi300_custom_step0_s_20261001_18,d143054933f445be9f32b1fcd0de056d,0.003,,,
609,2026-09-30,SZ300760,-0.018313772976398468,EXP_LinearModel_Alpha158_csi300_custom_step0_s_20261001_18,d143054933f445be9f32b1fcd0de056d,0.003,,,
610,2026-09-30,SZ300750,0.07461904734373093,EXP_LinearModel_Alpha158_csi300_custom_step0_s_20261001_18,d143054933f445be9f32b1fcd0de056d,0.003,,,
611,2026-09-30,SZ300661,-0.029446836560964584,EXP_LinearModel_Alpha158_csi300_custom_step0_s_20261001_18,d143054933f445be9f32b1fcd0de056d,0.003,,,
612,2026-09-30,SZ300999,-0.10320854932069778,EXP_LinearModel_Alpha158_csi300_custom_step0_s_20261001_18,d143054933f445be9f32b1fcd0de056d,0.003,,,
613,2026-09-30,SH600104,-0.021479876711964607,EXP_LinearModel_Alpha158_csi300_custom_step0_s_20261001_18,fd2318935efd4829b2d56c98827a3be7,0.055,,,
614,2026-09-30,SH600015,-0.03690166771411896,EXP_LinearModel_Alpha158_csi300_custom_step0_s_20261001_18,fd2318935efd4829b2d56c98827a3be7,0.055,,,
615,2026-09-30,SH600018,0.0054665240459144115,EXP_LinearModel_Alpha158_csi300_custom_step0_s_20261001_18,fd2318935efd4829b2d56c98827a3be7,0.055,,,
616,2026-09-30,SH600085,-0.031211109831929207,EXP_LinearModel_Alpha158_csi300_custom_step0_s_20261001_18,fd2318935efd4829b2d56c98827a3be7,0.055,,,
617,2026-09-30,SH600066,0.02885531075298786,EXP_LinearModel_Alpha158_csi300_custom_step0_s_20261001_18,fd2318935efd4829b2d56c98827a3be7,0.055,,,
618,2026-09-30,SH600061,-0.025990745052695274,EXP_LinearModel_Alpha158_csi300_custom_step0_s_20261001_18,fd2318935efd4829b2d56c98827a3be7,0.055,,,
619,2026-09-30,SH600050,0.018563739955425262,EXP_LinearModel_Alpha158_csi300_custom_step0_s_20261001_18,fd2318935efd4829b2d56c98827a3be7,0.055,,,
620,2026-09-30,SH600048,0.0158148854970932,EXP_LinearModel_Alpha158_csi300_custom_step0_s_20261001_18,fd2318935efd4829b2d56c98827a3be7,0.055,,,
621,2026-09-30,SH600039,-0.05550608038902283,EXP_LinearModel_Alpha158_csi300_custom_step0_s_20261001_18,fd2318935efd4829b2d56c98827a3be7,0.055,,,
622,2026-09-30,SH600036,-0.03812975808978081,EXP_LinearModel_Alpha158_csi300_custom_step0_s_20261001_18,fd2318935efd4829b2d56c98827a3be7,0.055,,,
623,2026-09-30,SH600016,-0.010461577214300632,EXP_LinearModel_Alpha158_csi300_custom_step0_s_20261001_18,fd2318935efd4829b2d56c98827a3be7,0.055,,,
624,2026-09-30,SH600031,0.038487158715724945,EXP_LinearModel_Alpha158_csi300_custom_step0_s_20261001_18,fd2318935efd4829b2d56c98827a3be7,0.055,,,
625,2026-09-30,SH600029,-0.0317719429731369,EXP_LinearModel_Alpha158_csi300_custom_step0_s_20261001_18,fd2318935efd4829b2d56c98827a3be7,0.055,,,
626,2026-09-30,SH600028,0.006316714454442263,EXP_LinearModel_Alpha158_csi300_custom_step0_s_20261001_18,fd2318935efd4829b2d56c98827a3be7,0.055,,,
627,2026-09-30,SH600027,0.04870866239070892,EXP_LinearModel_Alpha158_csi300_custom_step0_s_20261001_18,fd2318935efd4829b2d56c98827a3be7,0.055,,,
628,2026-09-30,SH600026,0.09918320178985596,EXP_LinearModel_Alpha158_csi300_custom_step0_s_20261001_18,fd2318935efd4829b2d56c98827a3be7,0.055,,,
629,2026-09-30,SH600025,0.02436375990509987,EXP_LinearModel_Alpha158_csi300_custom_step0_s_20261001_18,fd2318935efd4829b2d56c98827a3be7,0.055,,,
630,2026-09-30,SH600023,0.06459597498178482,EXP_LinearModel_Alpha158_csi300_custom_step0_s_20261001_18,fd2318935efd4829b2d56c98827a3be7,0.055,,,
631,2026-09-30,SH600019,0.06421013176441193,EXP_LinearModel_Alpha158_csi300_custom_step0_s_20261001_18,fd2318935efd4829b2d56c98827a3be7,0.055,,,
632,2026-09-30,SH600030,-0.03978512063622475,EXP_LinearModel_Alpha158_csi300_custom_step0_s_20261001_18,fd2318935efd4829b2d56c98827a3be7,0.055,,,
633,2026-09-30,SH688981,-0.06384316086769104,EXP_LinearModel_Alpha158_csi300_custom_step0_s_20261001_18,251c0cd7718a4cb4a1c6523897dc60fd,0.042,,,
634,2026-09-30,SH688521,-0.08915319293737411,EXP_LinearModel_Alpha158_csi300_custom_step0_s_20261001_18,251c0cd7718a4cb4a1c6523897dc60fd,0.042,,,
635,2026-09-30,SH688506,0.009982531890273094,EXP_LinearModel_Alpha158_csi300_custom_step0_s_20261001_18,251c0cd7718a4cb4a1c6523897dc60fd,0.042,,,
636,2026-09-30,SH600795,0.02763005904853344,EXP_LinearModel_Alpha158_csi300_custom_step0_s_20261001_18,948d1ae38b0e47fbbf575abf7ec78efb,0.09,,,
637,2026-09-30,SH600760,0.001966586336493492,EXP_LinearModel_Alpha158_csi300_custom_step0_s_20261001_18,948d1ae38b0e47fbbf575abf7ec78efb,0.09,,,
638,2026-09-30,SH600741,0.04772001877427101,EXP_LinearModel_Alpha158_csi300_custom_step0_s_20261001_18,948d1ae38b0e47fbbf575abf7ec78efb,0.09,,,
639,2026-09-30,SH600690,0.005024307407438755,EXP_LinearModel_Alpha158_csi300_custom_step0_s_20261001_18,948d1ae38b0e47fbbf575abf7ec78efb,0.09,,,
640,2026-09-30,SH600674,0.013833129778504372,EXP_LinearModel_Alpha158_csi300_custom_step0_s_20261001_18,948d1ae38b0e47fbbf575abf7ec78efb,0.09,,,
641,2026-09-30,SH600660,-0.03120521642267704,EXP_LinearModel_Alpha158_csi300_custom_step0_s_20261001_18,948d1ae38b0e47fbbf575abf7ec78efb,0.09,,,
642,2026-09-30,SH600600,-0.026182493194937706,EXP_LinearModel_Alpha158_csi300_custom_step0_s_20261001_18,948d1ae38b0e47fbbf575abf7ec78efb,0.09,,,
643,2026-09-30,SH600588,0.05231313407421112,EXP_LinearModel_Alpha158_csi300_custom_step0_s_20261001_18,948d1ae38b0e47fbbf575abf7ec78efb,0.09,,,
644,2026-09-30,SH600585,0.044454582035541534,EXP_LinearModel_Alpha158_csi300_custom_step0_s_20261001_18,948d1ae38b0e47fbbf575abf7ec78efb,0.09,,,
645,2026-09-30,SH600584,-0.042594343423843384,EXP_LinearModel_Alpha158_csi300_custom_step0_s_20261001_18,948d1ae38b0e47fbbf575abf7ec78efb,0.09,,,
646,2026-09-30,SH600570,-0.010822191834449768,EXP_LinearModel_Alpha158_csi300_custom_step0_s_20261001_18,948d1ae38b0e47fbbf575abf7ec78efb,0.09,,,
647,2026-09-30,SH600549,-0.06710554659366608,EXP_LinearModel_Alpha158_csi300_custom_step0_s_20261001_18,948d1ae38b0e47fbbf575abf7ec78efb,0.09,,,
648,2026-09-30,SH600547,0.013372926041483879,EXP_LinearModel_Alpha158_csi300_custom_step0_s_20261001_18,948d1ae38b0e47fbbf575abf7ec78efb,0.09,,,
649,2026-09-30,SH600522,-0.10839613527059555,EXP_LinearModel_Alpha158_csi300_custom_step0_s_20261001_18,948d1ae38b0e47fbbf575abf7ec78efb,0.09,,,
650,2026-09-30,SH600519,-0.021297821775078773,EXP_LinearModel_Alpha158_csi300_custom_step0_s_20261001_18,948d1ae38b0e47fbbf575abf7ec78efb,0.09,,,
651,2026-09-30,SH600803,0.009571973234415054,EXP_LinearModel_Alpha158_csi300_custom_step0_s_20261001_18,948d1ae38b0e47fbbf575abf7ec78efb,0.09,,,
652,2026-09-30,SH600809,-0.005908910185098648,EXP_LinearModel_Alpha158_csi300_custom_step0_s_20261001_18,948d1ae38b0e47fbbf575abf7ec78efb,0.09,,,
653,2026-09-30,SH600845,0.02317807264626026,EXP_LinearModel_Alpha158_csi300_custom_step0_s_20261001_18,948d1ae38b0e47fbbf575abf7ec78efb,0.09,,,
654,2026-09-30,SH600875,-0.004452486522495747,EXP_LinearModel_Alpha158_csi300_custom_step0_s_20261001_18,948d1ae38b0e47fbbf575abf7ec78efb,0.09,,,
655,2026-09-30,SH601009,0.047709256410598755,EXP_LinearModel_Alpha158_csi300_custom_step0_s_20261001_18,948d1ae38b0e47fbbf575abf7ec78efb,0.09,,,
656,2026-09-30,SH601006,0.04475156590342522,EXP_LinearModel_Alpha158_csi300_custom_step0_s_20261001_18,948d1ae38b0e47fbbf575abf7ec78efb,0.09,,,
657,2026-09-30,SH600999,-0.01302312035113573,EXP_LinearModel_Alpha158_csi300_custom_step0_s_20261001_18,948d1ae38b0e47fbbf575abf7ec78efb,0.09,,,
658,2026-09-30,SH600989,-0.042823538184165955,EXP_LinearModel_Alpha158_csi300_custom_step0_s_20261001_18,948d1ae38b0e47fbbf575abf7ec78efb,0.09,,,
659,2026-09-30,SH600958,-0.002438119612634182,EXP_LinearModel_Alpha158_csi300_custom_step0_s_20261001_18,948d1ae38b0e47fbbf575abf7ec78efb,0.09,,,
660,2026-09-30,SH600941,-0.028963938355445862,EXP_LinearModel_Alpha158_csi300_custom_step0_s_20261001_18,948d1ae38b0e47fbbf575abf7ec78efb,0.09,,,
661,2026-09-30,SH600938,-0.005019152536988258,EXP_LinearModel_Alpha158_csi300_custom_step0_s_20261001_18,948d1ae38b0e47fbbf575abf7ec78efb,0.09,,,
662,2026-09-30,SH600515,-0.0037675942294299603,EXP_LinearModel_Alpha158_csi300_custom_step0_s_20261001_18,948d1ae38b0e47fbbf575abf7ec78efb,0.09,,,
663,2026-09-30,SH600930,0.028237320482730865,EXP_LinearModel_Alpha158_csi300_custom_step0_s_20261001_18,948d1ae38b0e47fbbf575abf7ec78efb,0.09,,,
664,2026-09-30,SH600919,-0.016384102404117584,EXP_LinearModel_Alpha158_csi300_custom_step0_s_20261001_18,948d1ae38b0e47fbbf575abf7ec78efb,0.09,,,
665,2026-09-30,SH600918,-0.02712390385568142,EXP_LinearModel_Alpha158_csi300_custom_step0_s_20261001_18,948d1ae38b0e47fbbf575abf7ec78efb,0.09,,,
666,2026-09-30,SH600905,0.044441405683755875,EXP_LinearModel_Alpha158_csi300_custom_step0_s_20261001_18,948d1ae38b0e47fbbf575abf7ec78efb,0.09,,,
667,2026-09-30,SH600900,0.07345683872699738,EXP_LinearModel_Alpha158_csi300_custom_step0_s_20261001_18,948d1ae38b0e47fbbf575abf7ec78efb,0.09,,,
668,2026-09-30,SH600893,-0.029993992298841476,EXP_LinearModel_Alpha158_csi300_custom_step0_s_20261001_18,948d1ae38b0e47fbbf575abf7ec78efb,0.09,,,
669,2026-09-30,SH600887,0.08031371235847473,EXP_LinearModel_Alpha158_csi300_custom_step0_s_20261001_18,948d1ae38b0e47fbbf575abf7ec78efb,0.09,,,
670,2026-09-30,SH600886,0.060705240815877914,EXP_LinearModel_Alpha158_csi300_custom_step0_s_20261001_18,948d1ae38b0e47fbbf575abf7ec78efb,0.09,,,
671,2026-09-30,SH600926,0.05178515985608101,EXP_LinearModel_Alpha158_csi300_custom_step0_s_20261001_18,948d1ae38b0e47fbbf575abf7ec78efb,0.09,,,
672,2026-09-30,SH600489,-0.025120720267295837,EXP_LinearModel_Alpha158_csi300_custom_step0_s_20261001_18,948d1ae38b0e47fbbf575abf7ec78efb,0.09,,,
673,2026-09-30,SH600482,-0.026914289221167564,EXP_LinearModel_Alpha158_csi300_custom_step0_s_20261001_18,948d1ae38b0e47fbbf575abf7ec78efb,0.09,,,
674,2026-09-30,SH600460,-0.09750007092952728,EXP_LinearModel_Alpha158_csi300_custom_step0_s_20261001_18,948d1ae38b0e47fbbf575abf7ec78efb,0.09,,,
675,2026-09-30,SH600115,0.029142413288354874,EXP_LinearModel_Alpha158_csi300_custom_step0_s_20261001_18,948d1ae38b0e47fbbf575abf7ec78efb,0.09,,,
676,2026-09-30,SH600111,-0.026329314336180687,EXP_LinearModel_Alpha158_csi300_custom_step0_s_20261001_18,948d1ae38b0e47fbbf575abf7ec78efb,0.09,,,
677,2026-09-30,SH600104,-0.036758050322532654,EXP_LinearModel_Alpha158_csi300_custom_step0_s_20261001_18,948d1ae38b0e47fbbf575abf7ec78efb,0.09,,,
678,2026-09-30,SH600089,0.021367140114307404,EXP_LinearModel_Alpha158_csi300_custom_step0_s_20261001_18,948d1ae38b0e47fbbf575abf7ec78efb,0.09,,,
679,2026-09-30,SH600085,0.04838038980960846,EXP_LinearModel_Alpha158_csi300_custom_step0_s_20261001_18,948d1ae38b0e47fbbf575abf7ec78efb,0.09,,,
680,2026-09-30,SH600066,-0.002343633444979787,EXP_LinearModel_Alpha158_csi300_custom_step0_s_20261001_18,948d1ae38b0e47fbbf575abf7ec78efb,0.09,,,
681,2026-09-30,SH600061,-0.011296497657895088,EXP_LinearModel_Alpha158_csi300_custom_step0_s_20261001_18,948d1ae38b0e47fbbf575abf7ec78efb,0.09,,,
682,2026-09-30,SH600118,-0.04792852699756622,EXP_LinearModel_Alpha158_csi300_custom_step0_s_20261001_18,948d1ae38b0e47fbbf575abf7ec78efb,0.09,,,
683,2026-09-30,SH600050,0.05061443895101547,EXP_LinearModel_Alpha158_csi300_custom_step0_s_20261001_18,948d1ae38b0e47fbbf575abf7ec78efb,0.09,,,
684,2026-09-30,SH600039,-0.019180193543434143,EXP_LinearModel_Alpha158_csi300_custom_step0_s_20261001_18,948d1ae38b0e47fbbf575abf7ec78efb,0.09,,,
685,2026-09-30,SH600036,0.03358903154730797,EXP_LinearModel_Alpha158_csi300_custom_step0_s_20261001_18,948d1ae38b0e47fbbf575abf7ec78efb,0.09,,,
686,2026-09-30,SH600031,-0.01886475272476673,EXP_LinearModel_Alpha158_csi300_custom_step0_s_20261001_18,948d1ae38b0e47fbbf575abf7ec78efb,0.09,,,
687,2026-09-30,SH600030,-0.008938922546803951,EXP_LinearModel_Alpha158_csi300_custom_step0_s_20261001_18,948d1ae38b0e47fbbf575abf7ec78efb,0.09,,,
688,2026-09-30,SH600029,0.023775918409228325,EXP_LinearModel_Alpha158_csi300_custom_step0_s_20261001_18,948d1ae38b0e47fbbf575abf7ec78efb,0.09,,,
689,2026-09-30,SH600028,0.006078001111745834,EXP_LinearModel_Alpha158_csi300_custom_step0_s_20261001_18,948d1ae38b0e47fbbf575abf7ec78efb,0.09,,,
690,2026-09-30,SH600027,0.06603124737739563,EXP_LinearModel_Alpha158_csi300_custom_step0_s_20261001_18,948d1ae38b0e47fbbf575abf7ec78efb,0.09,,,
691,2026-09-30,SH600048,0.07324613630771637,EXP_LinearModel_Alpha158_csi300_custom_step0_s_20261001_18,948d1ae38b0e47fbbf575abf7ec78efb,0.09,,,
692,2026-09-30,SH601012,0.01695518009364605,EXP_LinearModel_Alpha158_csi300_custom_step0_s_20261001_18,948d1ae38b0e47fbbf575abf7ec78efb,0.09,,,
693,2026-09-30,SH600150,0.0022003729827702045,EXP_LinearModel_Alpha158_csi300_custom_step0_s_20261001_18,948d1ae38b0e47fbbf575abf7ec78efb,0.09,,,
694,2026-09-30,SH600176,-0.16810882091522217,EXP_LinearModel_Alpha158_csi300_custom_step0_s_20261001_18,948d1ae38b0e47fbbf575abf7ec78efb,0.09,,,
695,2026-09-30,SH600438,-0.02246284857392311,EXP_LinearModel_Alpha158_csi300_custom_step0_s_20261001_18,948d1ae38b0e47fbbf575abf7ec78efb,0.09,,,
696,2026-09-30,SH600436,0.05543604493141174,EXP_LinearModel_Alpha158_csi300_custom_step0_s_20261001_18,948d1ae38b0e47fbbf575abf7ec78efb,0.09,,,
697,2026-09-30,SH600426,-0.013423177413642406,EXP_LinearModel_Alpha158_csi300_custom_step0_s_20261001_18,948d1ae38b0e47fbbf575abf7ec78efb,0.09,,,
698,2026-09-30,SH600415,0.04636993259191513,EXP_LinearModel_Alpha158_csi300_custom_step0_s_20261001_18,948d1ae38b0e47fbbf575abf7ec78efb,0.09,,,
699,2026-09-30,SH600406,-0.006911554839462042,EXP_LinearModel_Alpha158_csi300_custom_step0_s_20261001_18,948d1ae38b0e47fbbf575abf7ec78efb,0.09,,,
700,2026-09-30,SH600372,-0.015001913532614708,EXP_LinearModel_Alpha158_csi300_custom_step0_s_20261001_18,948d1ae38b0e47fbbf575abf7ec78efb,0.09,,,
701,2026-09-30,SH600362,-0.013226084411144257,EXP_LinearModel_Alpha158_csi300_custom_step0_s_20261001_18,948d1ae38b0e47fbbf575abf7ec78efb,0.09,,,
702,2026-09-30,SH600160,-0.008409971371293068,EXP_LinearModel_Alpha158_csi300_custom_step0_s_20261001_18,948d1ae38b0e47fbbf575abf7ec78efb,0.09,,,
703,2026-09-30,SH600346,0.00844389759004116,EXP_LinearModel_Alpha158_csi300_custom_step0_s_20261001_18,948d1ae38b0e47fbbf575abf7ec78efb,0.09,,,
704,2026-09-30,SH600276,0.004638133570551872,EXP_LinearModel_Alpha158_csi300_custom_step0_s_20261001_18,948d1ae38b0e47fbbf575abf7ec78efb,0.09,,,
705,2026-09-30,SH600233,0.021147198975086212,EXP_LinearModel_Alpha158_csi300_custom_step0_s_20261001_18,948d1ae38b0e47fbbf575abf7ec78efb,0.09,,,
706,2026-09-30,SH600221,0.05508466437458992,EXP_LinearModel_Alpha158_csi300_custom_step0_s_20261001_18,948d1ae38b0e47fbbf575abf7ec78efb,0.09,,,
707,2026-09-30,SH600219,0.0381225161254406,EXP_LinearModel_Alpha158_csi300_custom_step0_s_20261001_18,948d1ae38b0e47fbbf575abf7ec78efb,0.09,,,
708,2026-09-30,SH600196,0.0454271025955677,EXP_LinearModel_Alpha158_csi300_custom_step0_s_20261001_18,948d1ae38b0e47fbbf575abf7ec78efb,0.09,,,
709,2026-09-30,SH600188,-0.01030143816024065,EXP_LinearModel_Alpha158_csi300_custom_step0_s_20261001_18,948d1ae38b0e47fbbf575abf7ec78efb,0.09,,,
710,2026-09-30,SH600183,-0.07531997561454773,EXP_LinearModel_Alpha158_csi300_custom_step0_s_20261001_18,948d1ae38b0e47fbbf575abf7ec78efb,0.09,,,
711,2026-09-30,SH600309,-0.019877023994922638,EXP_LinearModel_Alpha158_csi300_custom_step0_s_20261001_18,948d1ae38b0e47fbbf575abf7ec78efb,0.09,,,
712,2026-09-30,SH601018,0.09821826964616776,EXP_LinearModel_Alpha158_csi300_custom_step0_s_20261001_18,948d1ae38b0e47fbbf575abf7ec78efb,0.09,,,
713,2026-09-30,SH601021,0.037406787276268005,EXP_LinearModel_Alpha158_csi300_custom_step0_s_20261001_18,948d1ae38b0e47fbbf575abf7ec78efb,0.09,,,
714,2026-09-30,SH601058,-0.005336572416126728,EXP_LinearModel_Alpha158_csi300_custom_step0_s_20261001_18,948d1ae38b0e47fbbf575abf7ec78efb,0.09,,,
715,2026-09-30,SH601899,0.009184175170958042,EXP_LinearModel_Alpha158_csi300_custom_step0_s_20261001_18,948d1ae38b0e47fbbf575abf7ec78efb,0.09,,,
716,2026-09-30,SH601898,0.00442968774586916,EXP_LinearModel_Alpha158_csi300_custom_step0_s_20261001_18,948d1ae38b0e47fbbf575abf7ec78efb,0.09,,,
717,2026-09-30,SH601888,-0.015615547075867653,EXP_LinearModel_Alpha158_csi300_custom_step0_s_20261001_18,948d1ae38b0e47fbbf575abf7ec78efb,0.09,,,
718,2026-09-30,SH601881,-0.021276116371154785,EXP_LinearModel_Alpha158_csi300_custom_step0_s_20261001_18,948d1ae38b0e47fbbf575abf7ec78efb,0.09,,,
719,2026-09-30,SH601878,-0.012293791398406029,EXP_LinearModel_Alpha158_csi300_custom_step0_s_20261001_18,948d1ae38b0e47fbbf575abf7ec78efb,0.09,,,
720,2026-09-30,SH601877,-0.004777566529810429,EXP_LinearModel_Alpha158_csi300_custom_step0_s_20261001_18,948d1ae38b0e47fbbf575abf7ec78efb,0.09,,,
721,2026-09-30,SH601872,-0.0437752828001976,EXP_LinearModel_Alpha158_csi300_custom_step0_s_20261001_18,948d1ae38b0e47fbbf575abf7ec78efb,0.09,,,
722,2026-09-30,SH601901,0.0061728693544864655,EXP_LinearModel_Alpha158_csi300_custom_step0_s_20261001_18,948d1ae38b0e47fbbf575abf7ec78efb,0.09,,,
723,2026-09-30,SH601868,0.006549847777932882,EXP_LinearModel_Alpha158_csi300_custom_step0_s_20261001_18,948d1ae38b0e47fbbf575abf7ec78efb,0.09,,,
724,2026-09-30,SH601838,0.03919323906302452,EXP_LinearModel_Alpha158_csi300_custom_step0_s_20261001_18,948d1ae38b0e47fbbf575abf7ec78efb,0.09,,,
725,2026-09-30,SH601825,0.025266410782933235,EXP_LinearModel_Alpha158_csi300_custom_step0_s_20261001_18,948d1ae38b0e47fbbf575abf7ec78efb,0.09,,,
726,2026-09-30,SH601818,0.10191234201192856,EXP_LinearModel_Alpha158_csi300_custom_step0_s_20261001_18,948d1ae38b0e47fbbf575abf7ec78efb,0.09,,,
727,2026-09-30,SH601816,0.010194936767220497,EXP_LinearModel_Alpha158_csi300_custom_step0_s_20261001_18,948d1ae38b0e47fbbf575abf7ec78efb,0.09,,,
728,2026-09-30,SH601800,0.07448253780603409,EXP_LinearModel_Alpha158_csi300_custom_step0_s_20261001_18,948d1ae38b0e47fbbf575abf7ec78efb,0.09,,,
729,2026-09-30,SH601788,-0.024271566420793533,EXP_LinearModel_Alpha158_csi300_custom_step0_s_20261001_18,948d1ae38b0e47fbbf575abf7ec78efb,0.09,,,
730,2026-09-30,SH601766,-0.001632347353734076,EXP_LinearModel_Alpha158_csi300_custom_step0_s_20261001_18,948d1ae38b0e47fbbf575abf7ec78efb,0.09,,,
731,2026-09-30,SH601857,-0.005100273992866278,EXP_LinearModel_Alpha158_csi300_custom_step0_s_20261001_18,948d1ae38b0e47fbbf575abf7ec78efb,0.09,,,
732,2026-09-30,SH601728,0.04958854988217354,EXP_LinearModel_Alpha158_csi300_custom_step0_s_20261001_18,948d1ae38b0e47fbbf575abf7ec78efb,0.09,,,
733,2026-09-30,SH601916,0.02379438281059265,EXP_LinearModel_Alpha158_csi300_custom_step0_s_20261001_18,948d1ae38b0e47fbbf575abf7ec78efb,0.09,,,
734,2026-09-30,SH601939,0.019482813775539398,EXP_LinearModel_Alpha158_csi300_custom_step0_s_20261001_18,948d1ae38b0e47fbbf575abf7ec78efb,0.09,,,
735,2026-09-30,SH603993,-0.015255175530910492,EXP_LinearModel_Alpha158_csi300_custom_step0_s_20261001_18,948d1ae38b0e47fbbf575abf7ec78efb,0.09,,,
736,2026-09-30,SH603986,-0.06050395220518112,EXP_LinearModel_Alpha158_csi300_custom_step0_s_20261001_18,948d1ae38b0e47fbbf575abf7ec78efb,0.09,,,
737,2026-09-30,SH603893,0.075386181473732,EXP_LinearModel_Alpha158_csi300_custom_step0_s_20261001_18,948d1ae38b0e47fbbf575abf7ec78efb,0.09,,,
738,2026-09-30,SH603799,-0.007657800801098347,EXP_LinearModel_Alpha158_csi300_custom_step0_s_20261001_18,948d1ae38b0e47fbbf575abf7ec78efb,0.09,,,
739,2026-09-30,SH603501,0.027308937162160873,EXP_LinearModel_Alpha158_csi300_custom_step0_s_20261001_18,948d1ae38b0e47fbbf575abf7ec78efb,0.09,,,
740,2026-09-30,SH603392,-0.04330107942223549,EXP_LinearModel_Alpha158_csi300_custom_step0_s_20261001_18,948d1ae38b0e47fbbf575abf7ec78efb,0.09,,,
741,2026-09-30,SH603369,-0.01074403990060091,EXP_LinearModel_Alpha158_csi300_custom_step0_s_20261001_18,948d1ae38b0e47fbbf575abf7ec78efb,0.09,,,
742,2026-09-30,SH601919,0.003786711022257805,EXP_LinearModel_Alpha158_csi300_custom_step0_s_20261001_18,948d1ae38b0e47fbbf575abf7ec78efb,0.09,,,
743,2026-09-30,SH603296,0.03629688546061516,EXP_LinearModel_Alpha158_csi300_custom_step0_s_20261001_18,948d1ae38b0e47fbbf575abf7ec78efb,0.09,,,
744,2026-09-30,SH603260,-0.08093933016061783,EXP_LinearModel_Alpha158_csi300_custom_step0_s_20261001_18,948d1ae38b0e47fbbf575abf7ec78efb,0.09,,,
745,2026-09-30,SH603259,-0.007167323492467403,EXP_LinearModel_Alpha158_csi300_custom_step0_s_20261001_18,948d1ae38b0e47fbbf575abf7ec78efb,0.09,,,
746,2026-09-30,SH603019,0.03895021602511406,EXP_LinearModel_Alpha158_csi300_custom_step0_s_20261001_18,948d1ae38b0e47fbbf575abf7ec78efb,0.09,,,
747,2026-09-30,SH601998,0.012419571168720722,EXP_LinearModel_Alpha158_csi300_custom_step0_s_20261001_18,948d1ae38b0e47fbbf575abf7ec78efb,0.09,,,
748,2026-09-30,SH601995,,EXP_LinearModel_Alpha158_csi300_custom_step0_s_20261001_18,948d1ae38b0e47fbbf575abf7ec78efb,0.09,,,
749,2026-09-30,SH601988,0.03141193091869354,EXP_LinearModel_Alpha158_csi300_custom_step0_s_20261001_18,948d1ae38b0e47fbbf575abf7ec78efb,0.09,,,
750,2026-09-30,SH601985,0.06716122478246689,EXP_LinearModel_Alpha158_csi300_custom_step0_s_20261001_18,948d1ae38b0e47fbbf575abf7ec78efb,0.09,,,
751,2026-09-30,SH603288,0.03229108080267906,EXP_LinearModel_Alpha158_csi300_custom_step0_s_20261001_18,948d1ae38b0e47fbbf575abf7ec78efb,0.09,,,
752,2026-09-30,SH600026,-0.04489367455244064,EXP_LinearModel_Alpha158_csi300_custom_step0_s_20261001_18,948d1ae38b0e47fbbf575abf7ec78efb,0.09,,,
753,2026-09-30,SH601727,-0.015281451866030693,EXP_LinearModel_Alpha158_csi300_custom_step0_s_20261001_18,948d1ae38b0e47fbbf575abf7ec78efb,0.09,,,
754,2026-09-30,SH601689,-0.03129565715789795,EXP_LinearModel_Alpha158_csi300_custom_step0_s_20261001_18,948d1ae38b0e47fbbf575abf7ec78efb,0.09,,,
755,2026-09-30,SH601238,,EXP_LinearModel_Alpha158_csi300_custom_step0_s_20261001_18,948d1ae38b0e47fbbf575abf7ec78efb,0.09,,,
756,2026-09-30,SH601229,0.06550659984350204,EXP_LinearModel_Alpha158_csi300_custom_step0_s_20261001_18,948d1ae38b0e47fbbf575abf7ec78efb,0.09,,,
757,2026-09-30,SH601225,-0.024837354198098183,EXP_LinearModel_Alpha158_csi300_custom_step0_s_20261001_18,948d1ae38b0e47fbbf575abf7ec78efb,0.09,,,
758,2026-09-30,SH601211,-0.014629721641540527,EXP_LinearModel_Alpha158_csi300_custom_step0_s_20261001_18,948d1ae38b0e47fbbf575abf7ec78efb,0.09,,,
759,2026-09-30,SH601186,0.04943313077092171,EXP_LinearModel_Alpha158_csi300_custom_step0_s_20261001_18,948d1ae38b0e47fbbf575abf7ec78efb,0.09,,,
760,2026-09-30,SH601169,0.11551108956336975,EXP_LinearModel_Alpha158_csi300_custom_step0_s_20261001_18,948d1ae38b0e47fbbf575abf7ec78efb,0.09,,,
761,2026-09-30,SH601166,0.01002457644790411,EXP_LinearModel_Alpha158_csi300_custom_step0_s_20261001_18,948d1ae38b0e47fbbf575abf7ec78efb,0.09,,,
762,2026-09-30,SH601288,0.031199555844068527,EXP_LinearModel_Alpha158_csi300_custom_step0_s_20261001_18,948d1ae38b0e47fbbf575abf7ec78efb,0.09,,,
763,2026-09-30,SH601138,-0.030477115884423256,EXP_LinearModel_Alpha158_csi300_custom_step0_s_20261001_18,948d1ae38b0e47fbbf575abf7ec78efb,0.09,,,
764,2026-09-30,SH601127,0.0035691142547875643,EXP_LinearModel_Alpha158_csi300_custom_step0_s_20261001_18,948d1ae38b0e47fbbf575abf7ec78efb,0.09,,,
765,2026-09-30,SH601117,-0.02473779022693634,EXP_LinearModel_Alpha158_csi300_custom_step0_s_20261001_18,948d1ae38b0e47fbbf575abf7ec78efb,0.09,,,
766,2026-09-30,SH601111,0.023853495717048645,EXP_LinearModel_Alpha158_csi300_custom_step0_s_20261001_18,948d1ae38b0e47fbbf575abf7ec78efb,0.09,,,
767,2026-09-30,SH601100,-0.011146354489028454,EXP_LinearModel_Alpha158_csi300_custom_step0_s_20261001_18,948d1ae38b0e47fbbf575abf7ec78efb,0.09,,,
768,2026-09-30,SH601088,-0.011117588728666306,EXP_LinearModel_Alpha158_csi300_custom_step0_s_20261001_18,948d1ae38b0e47fbbf575abf7ec78efb,0.09,,,
769,2026-09-30,SH601077,0.020585058256983757,EXP_LinearModel_Alpha158_csi300_custom_step0_s_20261001_18,948d1ae38b0e47fbbf575abf7ec78efb,0.09,,,
770,2026-09-30,SH601066,-0.014571284875273705,EXP_LinearModel_Alpha158_csi300_custom_step0_s_20261001_18,948d1ae38b0e47fbbf575abf7ec78efb,0.09,,,
771,2026-09-30,SH601136,-0.03090924583375454,EXP_LinearModel_Alpha158_csi300_custom_step0_s_20261001_18,948d1ae38b0e47fbbf575abf7ec78efb,0.09,,,
772,2026-09-30,SH601698,-0.02437392994761467,EXP_LinearModel_Alpha158_csi300_custom_step0_s_20261001_18,948d1ae38b0e47fbbf575abf7ec78efb,0.09,,,
773,2026-09-30,SH601318,-0.020970651879906654,EXP_LinearModel_Alpha158_csi300_custom_step0_s_20261001_18,948d1ae38b0e47fbbf575abf7ec78efb,0.09,,,
774,2026-09-30,SH601328,0.09560466557741165,EXP_LinearModel_Alpha158_csi300_custom_step0_s_20261001_18,948d1ae38b0e47fbbf575abf7ec78efb,0.09,,,
775,2026-09-30,SH601688,0.0002630092203617096,EXP_LinearModel_Alpha158_csi300_custom_step0_s_20261001_18,948d1ae38b0e47fbbf575abf7ec78efb,0.09,,,
776,2026-09-30,SH601669,0.026769142597913742,EXP_LinearModel_Alpha158_csi300_custom_step0_s_20261001_18,948d1ae38b0e47fbbf575abf7ec78efb,0.09,,,
777,2026-09-30,SH601668,0.06798549741506577,EXP_LinearModel_Alpha158_csi300_custom_step0_s_20261001_18,948d1ae38b0e47fbbf575abf7ec78efb,0.09,,,
778,2026-09-30,SH601658,0.07166079431772232,EXP_LinearModel_Alpha158_csi300_custom_step0_s_20261001_18,948d1ae38b0e47fbbf575abf7ec78efb,0.09,,,
779,2026-09-30,SH601633,-0.01400769129395485,EXP_LinearModel_Alpha158_csi300_custom_step0_s_20261001_18,948d1ae38b0e47fbbf575abf7ec78efb,0.09,,,
780,2026-09-30,SH601628,-0.006586030125617981,EXP_LinearModel_Alpha158_csi300_custom_step0_s_20261001_18,948d1ae38b0e47fbbf575abf7ec78efb,0.09,,,
781,2026-09-30,SH601618,0.05582231283187866,EXP_LinearModel_Alpha158_csi300_custom_step0_s_20261001_18,948d1ae38b0e47fbbf575abf7ec78efb,0.09,,,
782,2026-09-30,SH601319,0.07695156335830688,EXP_LinearModel_Alpha158_csi300_custom_step0_s_20261001_18,948d1ae38b0e47fbbf575abf7ec78efb,0.09,,,
783,2026-09-30,SH601607,0.04103003814816475,EXP_LinearModel_Alpha158_csi300_custom_step0_s_20261001_18,948d1ae38b0e47fbbf575abf7ec78efb,0.09,,,
784,2026-09-30,SH601600,-0.0484469011425972,EXP_LinearModel_Alpha158_csi300_custom_step0_s_20261001_18,948d1ae38b0e47fbbf575abf7ec78efb,0.09,,,
785,2026-09-30,SH601456,-0.013174153864383698,EXP_LinearModel_Alpha158_csi300_custom_step0_s_20261001_18,948d1ae38b0e47fbbf575abf7ec78efb,0.09,,,
786,2026-09-30,SH601398,0.040594980120658875,EXP_LinearModel_Alpha158_csi300_custom_step0_s_20261001_18,948d1ae38b0e47fbbf575abf7ec78efb,0.09,,,
787,2026-09-30,SH601390,0.03323288634419441,EXP_LinearModel_Alpha158_csi300_custom_step0_s_20261001_18,948d1ae38b0e47fbbf575abf7ec78efb,0.09,,,
788,2026-09-30,SH601377,0.019367290660738945,EXP_LinearModel_Alpha158_csi300_custom_step0_s_20261001_18,948d1ae38b0e47fbbf575abf7ec78efb,0.09,,,
789,2026-09-30,SH601360,-0.02780262567102909,EXP_LinearModel_Alpha158_csi300_custom_step0_s_20261001_18,948d1ae38b0e47fbbf575abf7ec78efb,0.09,,,
790,2026-09-30,SH601336,-0.023364439606666565,EXP_LinearModel_Alpha158_csi300_custom_step0_s_20261001_18,948d1ae38b0e47fbbf575abf7ec78efb,0.09,,,
791,2026-09-30,SH601601,-0.058584511280059814,EXP_LinearModel_Alpha158_csi300_custom_step0_s_20261001_18,948d1ae38b0e47fbbf575abf7ec78efb,0.09,,,
792,2026-09-30,SH605117,-0.07178348302841187,EXP_LinearModel_Alpha158_csi300_custom_step0_s_20261001_18,948d1ae38b0e47fbbf575abf7ec78efb,0.09,,,
793,2026-09-30,SH600025,0.03385196253657341,EXP_LinearModel_Alpha158_csi300_custom_step0_s_20261001_18,948d1ae38b0e47fbbf575abf7ec78efb,0.09,,,
794,2026-09-30,SH600019,0.04592185094952583,EXP_LinearModel_Alpha158_csi300_custom_step0_s_20261001_18,948d1ae38b0e47fbbf575abf7ec78efb,0.09,,,
795,2026-09-30,SZ000651,0.04402421847423512,EXP_DEnsembleModel_Alpha158_csi300_custom_step0_s_20261001_18,86a715a9d70d477ab3f17c9d51121c5f,0.01,,,
796,2026-09-30,SZ000630,-0.038202837722890126,EXP_DEnsembleModel_Alpha158_csi300_custom_step0_s_20261001_18,86a715a9d70d477ab3f17c9d51121c5f,0.01,,,
797,2026-09-30,SZ000625,0.04443605941929866,EXP_DEnsembleModel_Alpha158_csi300_custom_step0_s_20261001_18,86a715a9d70d477ab3f17c9d51121c5f,0.01,,,
798,2026-09-30,SZ000617,-0.07620400819209502,EXP_DEnsembleModel_Alpha158_csi300_custom_step0_s_20261001_18,86a715a9d70d477ab3f17c9d51121c5f,0.01,,,
799,2026-09-30,SZ000596,0.03327842685345232,EXP_DEnsembleModel_Alpha158_csi300_custom_step0_s_20261001_18,86a715a9d70d477ab3f17c9d51121c5f,0.01,,,
800,2026-09-30,SZ000568,-0.06946742874139376,EXP_DEnsembleModel_Alpha158_csi300_custom_step0_s_20261001_18,86a715a9d70d477ab3f17c9d51121c5f,0.01,,,
801,2026-09-30,SZ000538,0.14324836069024058,EXP_DEnsembleModel_Alpha158_csi300_custom_step0_s_20261001_18,86a715a9d70d477ab3f17c9d51121c5f,0.01,,,
802,2026-09-30,SZ000425,-0.16281899843089892,EXP_DEnsembleModel_Alpha158_csi300_custom_step0_s_20261001_18,86a715a9d70d477ab3f17c9d51121c5f,0.01,,,
803,2026-09-30,SZ000408,0.050879188767697134,EXP_DEnsembleModel_Alpha158_csi300_custom_step0_s_20261001_18,86a715a9d70d477ab3f17c9d51121c5f,0.01,,,
804,2026-09-30,SZ000338,0.01056200371033971,EXP_DEnsembleModel_Alpha158_csi300_custom_step0_s_20261001_18,86a715a9d70d477ab3f17c9d51121c5f,0.01,,,
805,2026-09-30,SZ000333,-0.010426353677899632,EXP_DEnsembleModel_Alpha158_csi300_custom_step0_s_20261001_18,86a715a9d70d477ab3f17c9d51121c5f,0.01,,,
806,2026-09-30,SZ000301,0.016909236861734126,EXP_DEnsembleModel_Alpha158_csi300_custom_step0_s_20261001_18,86a715a9d70d477ab3f17c9d51121c5f,0.01,,,
807,2026-09-30,SZ000166,0.060730450645767736,EXP_DEnsembleModel_Alpha158_csi300_custom_step0_s_20261001_18,86a715a9d70d477ab3f17c9d51121c5f,0.01,,,
808,2026-09-30,SZ000157,-0.009415216103787583,EXP_DEnsembleModel_Alpha158_csi300_custom_step0_s_20261001_18,86a715a9d70d477ab3f17c9d51121c5f,0.01,,,
809,2026-09-30,SZ000100,-0.06581741296699416,EXP_DEnsembleModel_Alpha158_csi300_custom_step0_s_20261001_18,86a715a9d70d477ab3f17c9d51121c5f,0.01,,,
810,2026-09-30,SZ000657,-0.09118614124132007,EXP_DEnsembleModel_Alpha158_csi300_custom_step0_s_20261001_18,86a715a9d70d477ab3f17c9d51121c5f,0.01,,,
811,2026-09-30,SZ000708,0.04804800258074542,EXP_DEnsembleModel_Alpha158_csi300_custom_step0_s_20261001_18,86a715a9d70d477ab3f17c9d51121c5f,0.01,,,
812,2026-09-30,SZ000725,-0.09336390769902445,EXP_DEnsembleModel_Alpha158_csi300_custom_step0_s_20261001_18,86a715a9d70d477ab3f17c9d51121c5f,0.01,,,
813,2026-09-30,SZ000768,0.052080484763795246,EXP_DEnsembleModel_Alpha158_csi300_custom_step0_s_20261001_18,86a715a9d70d477ab3f17c9d51121c5f,0.01,,,
814,2026-09-30,SZ002001,0.024573330559160396,EXP_DEnsembleModel_Alpha158_csi300_custom_step0_s_20261001_18,86a715a9d70d477ab3f17c9d51121c5f,0.01,,,
815,2026-09-30,SZ001979,0.03838802172877741,EXP_DEnsembleModel_Alpha158_csi300_custom_step0_s_20261001_18,86a715a9d70d477ab3f17c9d51121c5f,0.01,,,
816,2026-09-30,SZ001965,0.09258077696038874,EXP_DEnsembleModel_Alpha158_csi300_custom_step0_s_20261001_18,86a715a9d70d477ab3f17c9d51121c5f,0.01,,,
817,2026-09-30,SZ001391,-0.07086302019807925,EXP_DEnsembleModel_Alpha158_csi300_custom_step0_s_20261001_18,86a715a9d70d477ab3f17c9d51121c5f,0.01,,,
818,2026-09-30,SZ001280,-0.10192194840782233,EXP_DEnsembleModel_Alpha158_csi300_custom_step0_s_20261001_18,86a715a9d70d477ab3f17c9d51121c5f,0.01,,,
819,2026-09-30,SZ000999,0.002170083344850938,EXP_DEnsembleModel_Alpha158_csi300_custom_step0_s_20261001_18,86a715a9d70d477ab3f17c9d51121c5f,0.01,,,
820,2026-09-30,SZ000988,-0.10202870863528847,EXP_DEnsembleModel_Alpha158_csi300_custom_step0_s_20261001_18,86a715a9d70d477ab3f17c9d51121c5f,0.01,,,
821,2026-09-30,SZ000063,-0.1569778587207034,EXP_DEnsembleModel_Alpha158_csi300_custom_step0_s_20261001_18,86a715a9d70d477ab3f17c9d51121c5f,0.01,,,
822,2026-09-30,SZ000977,-0.05298357300825713,EXP_DEnsembleModel_Alpha158_csi300_custom_step0_s_20261001_18,86a715a9d70d477ab3f17c9d51121c5f,0.01,,,
823,2026-09-30,SZ000963,-0.019760049027757146,EXP_DEnsembleModel_Alpha158_csi300_custom_step0_s_20261001_18,86a715a9d70d477ab3f17c9d51121c5f,0.01,,,
824,2026-09-30,SZ000938,-0.05656548574805578,EXP_DEnsembleModel_Alpha158_csi300_custom_step0_s_20261001_18,86a715a9d70d477ab3f17c9d51121c5f,0.01,,,
825,2026-09-30,SZ000895,0.023475967417789234,EXP_DEnsembleModel_Alpha158_csi300_custom_step0_s_20261001_18,86a715a9d70d477ab3f17c9d51121c5f,0.01,,,
826,2026-09-30,SZ000858,0.006991277792499259,EXP_DEnsembleModel_Alpha158_csi300_custom_step0_s_20261001_18,86a715a9d70d477ab3f17c9d51121c5f,0.01,,,
827,2026-09-30,SZ000807,0.0023421535140204946,EXP_DEnsembleModel_Alpha158_csi300_custom_step0_s_20261001_18,86a715a9d70d477ab3f17c9d51121c5f,0.01,,,
828,2026-09-30,SZ000792,0.06417731809960517,EXP_DEnsembleModel_Alpha158_csi300_custom_step0_s_20261001_18,86a715a9d70d477ab3f17c9d51121c5f,0.01,,,
829,2026-09-30,SZ000776,-0.08548279625602315,EXP_DEnsembleModel_Alpha158_csi300_custom_step0_s_20261001_18,86a715a9d70d477ab3f17c9d51121c5f,0.01,,,
830,2026-09-30,SZ000975,0.06595997855558045,EXP_DEnsembleModel_Alpha158_csi300_custom_step0_s_20261001_18,86a715a9d70d477ab3f17c9d51121c5f,0.01,,,
831,2026-09-30,SZ000002,0.0506125665422239,EXP_DEnsembleModel_Alpha158_csi300_custom_step0_s_20261001_18,86a715a9d70d477ab3f17c9d51121c5f,0.01,,,
832,2026-09-30,SZ000001,0.13661487714475415,EXP_DEnsembleModel_Alpha158_csi300_custom_step0_s_20261001_18,86a715a9d70d477ab3f17c9d51121c5f,0.01,,,
833,2026-09-30,SH688981,-0.15803494409732075,EXP_DEnsembleModel_Alpha158_csi300_custom_step0_s_20261001_18,86a715a9d70d477ab3f17c9d51121c5f,0.01,,,
834,2026-09-30,SH605117,0.025266887919729173,EXP_DEnsembleModel_Alpha158_csi300_custom_step0_s_20261001_18,86a715a9d70d477ab3f17c9d51121c5f,0.01,,,
835,2026-09-30,SH603993,-0.01995914003925219,EXP_DEnsembleModel_Alpha158_csi300_custom_step0_s_20261001_18,86a715a9d70d477ab3f17c9d51121c5f,0.01,,,
836,2026-09-30,SH603986,-0.11726482895220568,EXP_DEnsembleModel_Alpha158_csi300_custom_step0_s_20261001_18,86a715a9d70d477ab3f17c9d51121c5f,0.01,,,
837,2026-09-30,SH603893,-0.09591679720959706,EXP_DEnsembleModel_Alpha158_csi300_custom_step0_s_20261001_18,86a715a9d70d477ab3f17c9d51121c5f,0.01,,,
838,2026-09-30,SH603799,-0.0374633344270218,EXP_DEnsembleModel_Alpha158_csi300_custom_step0_s_20261001_18,86a715a9d70d477ab3f17c9d51121c5f,0.01,,,
839,2026-09-30,SH603501,-0.13117331762787346,EXP_DEnsembleModel_Alpha158_csi300_custom_step0_s_20261001_18,86a715a9d70d477ab3f17c9d51121c5f,0.01,,,
840,2026-09-30,SH603392,-0.11273173986913439,EXP_DEnsembleModel_Alpha158_csi300_custom_step0_s_20261001_18,86a715a9d70d477ab3f17c9d51121c5f,0.01,,,
841,2026-09-30,SH605499,-0.046800557548525884,EXP_DEnsembleModel_Alpha158_csi300_custom_step0_s_20261001_18,86a715a9d70d477ab3f17c9d51121c5f,0.01,,,
842,2026-09-30,SH603369,-0.08892868010639098,EXP_DEnsembleModel_Alpha158_csi300_custom_step0_s_20261001_18,86a715a9d70d477ab3f17c9d51121c5f,0.01,,,
843,2026-09-30,SH603288,0.04040379648354334,EXP_DEnsembleModel_Alpha158_csi300_custom_step0_s_20261001_18,86a715a9d70d477ab3f17c9d51121c5f,0.01,,,
844,2026-09-30,SH603260,-0.04068252202106017,EXP_DEnsembleModel_Alpha158_csi300_custom_step0_s_20261001_18,86a715a9d70d477ab3f17c9d51121c5f,0.01,,,
845,2026-09-30,SH603259,-0.10355681936887769,EXP_DEnsembleModel_Alpha158_csi300_custom_step0_s_20261001_18,86a715a9d70d477ab3f17c9d51121c5f,0.01,,,
846,2026-09-30,SH603019,-0.036931489986684746,EXP_DEnsembleModel_Alpha158_csi300_custom_step0_s_20261001_18,86a715a9d70d477ab3f17c9d51121c5f,0.01,,,
847,2026-09-30,SH601998,0.06826603428827639,EXP_DEnsembleModel_Alpha158_csi300_custom_step0_s_20261001_18,86a715a9d70d477ab3f17c9d51121c5f,0.01,,,
848,2026-09-30,SH601995,-0.050730768628933165,EXP_DEnsembleModel_Alpha158_csi300_custom_step0_s_20261001_18,86a715a9d70d477ab3f17c9d51121c5f,0.01,,,
849,2026-09-30,SH601988,0.12345023979905438,EXP_DEnsembleModel_Alpha158_csi300_custom_step0_s_20261001_18,86a715a9d70d477ab3f17c9d51121c5f,0.01,,,
850,2026-09-30,SH603296,-0.08417085420826995,EXP_DEnsembleModel_Alpha158_csi300_custom_step0_s_20261001_18,86a715a9d70d477ab3f17c9d51121c5f,0.01,,,
851,2026-09-30,SZ002027,-0.01945041160277307,EXP_DEnsembleModel_Alpha158_csi300_custom_step0_s_20261001_18,86a715a9d70d477ab3f17c9d51121c5f,0.01,,,
852,2026-09-30,SH688008,-0.0779910850864362,EXP_DEnsembleModel_Alpha158_csi300_custom_step0_s_20261001_18,86a715a9d70d477ab3f17c9d51121c5f,0.01,,,
853,2026-09-30,SH688012,-0.13787075696253276,EXP_DEnsembleModel_Alpha158_csi300_custom_step0_s_20261001_18,86a715a9d70d477ab3f17c9d51121c5f,0.01,,,
854,2026-09-30,SH688521,0.00838185531160762,EXP_DEnsembleModel_Alpha158_csi300_custom_step0_s_20261001_18,86a715a9d70d477ab3f17c9d51121c5f,0.01,,,
855,2026-09-30,SH688506,-0.025266004066779518,EXP_DEnsembleModel_Alpha158_csi300_custom_step0_s_20261001_18,86a715a9d70d477ab3f17c9d51121c5f,0.01,,,
856,2026-09-30,SH688472,0.07389588117063704,EXP_DEnsembleModel_Alpha158_csi300_custom_step0_s_20261001_18,86a715a9d70d477ab3f17c9d51121c5f,0.01,,,
857,2026-09-30,SH688396,-0.0923031930028704,EXP_DEnsembleModel_Alpha158_csi300_custom_step0_s_20261001_18,86a715a9d70d477ab3f17c9d51121c5f,0.01,,,
858,2026-09-30,SH688303,-0.061411655876189616,EXP_DEnsembleModel_Alpha158_csi300_custom_step0_s_20261001_18,86a715a9d70d477ab3f17c9d51121c5f,0.01,,,
859,2026-09-30,SH688271,-0.050154985865133304,EXP_DEnsembleModel_Alpha158_csi300_custom_step0_s_20261001_18,86a715a9d70d477ab3f17c9d51121c5f,0.01,,,
860,2026-09-30,SH688256,-0.06510792089692662,EXP_DEnsembleModel_Alpha158_csi300_custom_step0_s_20261001_18,86a715a9d70d477ab3f17c9d51121c5f,0.01,,,
861,2026-09-30,SH688009,-0.012595124529179876,EXP_DEnsembleModel_Alpha158_csi300_custom_step0_s_20261001_18,86a715a9d70d477ab3f17c9d51121c5f,0.01,,,
862,2026-09-30,SH688223,-0.05363096389313513,EXP_DEnsembleModel_Alpha158_csi300_custom_step0_s_20261001_18,86a715a9d70d477ab3f17c9d51121c5f,0.01,,,
863,2026-09-30,SH688126,-0.09727013549978875,EXP_DEnsembleModel_Alpha158_csi300_custom_step0_s_20261001_18,86a715a9d70d477ab3f17c9d51121c5f,0.01,,,
864,2026-09-30,SH688111,-0.08160909635366406,EXP_DEnsembleModel_Alpha158_csi300_custom_step0_s_20261001_18,86a715a9d70d477ab3f17c9d51121c5f,0.01,,,
865,2026-09-30,SH688082,-0.08767121567905874,EXP_DEnsembleModel_Alpha158_csi300_custom_step0_s_20261001_18,86a715a9d70d477ab3f17c9d51121c5f,0.01,,,
866,2026-09-30,SH688072,0.020914436895087898,EXP_DEnsembleModel_Alpha158_csi300_custom_step0_s_20261001_18,86a715a9d70d477ab3f17c9d51121c5f,0.01,,,
867,2026-09-30,SH688047,-0.07168458008510889,EXP_DEnsembleModel_Alpha158_csi300_custom_step0_s_20261001_18,86a715a9d70d477ab3f17c9d51121c5f,0.01,,,
868,2026-09-30,SH688041,-0.009042901270388214,EXP_DEnsembleModel_Alpha158_csi300_custom_step0_s_20261001_18,86a715a9d70d477ab3f17c9d51121c5f,0.01,,,
869,2026-09-30,SH688036,-0.0761804019260204,EXP_DEnsembleModel_Alpha158_csi300_custom_step0_s_20261001_18,86a715a9d70d477ab3f17c9d51121c5f,0.01,,,
870,2026-09-30,SH688183,-0.005229941107833816,EXP_DEnsembleModel_Alpha158_csi300_custom_step0_s_20261001_18,86a715a9d70d477ab3f17c9d51121c5f,0.01,,,
871,2026-09-30,SZ002028,0.2331722524698289,EXP_DEnsembleModel_Alpha158_csi300_custom_step0_s_20261001_18,86a715a9d70d477ab3f17c9d51121c5f,0.01,,,
872,2026-09-30,SZ002049,-0.12121612616581466,EXP_DEnsembleModel_Alpha158_csi300_custom_step0_s_20261001_18,86a715a9d70d477ab3f17c9d51121c5f,0.01,,,
873,2026-09-30,SZ002050,-0.07244935697453286,EXP_DEnsembleModel_Alpha158_csi300_custom_step0_s_20261001_18,86a715a9d70d477ab3f17c9d51121c5f,0.01,,,
874,2026-09-30,SZ300628,0.019745258991914143,EXP_DEnsembleModel_Alpha158_csi300_custom_step0_s_20261001_18,86a715a9d70d477ab3f17c9d51121c5f,0.01,,,
875,2026-09-30,SZ300502,-0.04073962115078121,EXP_DEnsembleModel_Alpha158_csi300_custom_step0_s_20261001_18,86a715a9d70d477ab3f17c9d51121c5f,0.01,,,
876,2026-09-30,SZ300498,0.032320012139863345,EXP_DEnsembleModel_Alpha158_csi300_custom_step0_s_20261001_18,86a715a9d70d477ab3f17c9d51121c5f,0.01,,,
877,2026-09-30,SZ300476,-0.11977522843595868,EXP_DEnsembleModel_Alpha158_csi300_custom_step0_s_20261001_18,86a715a9d70d477ab3f17c9d51121c5f,0.01,,,
878,2026-09-30,SZ300450,0.0547136929248643,EXP_DEnsembleModel_Alpha158_csi300_custom_step0_s_20261001_18,86a715a9d70d477ab3f17c9d51121c5f,0.01,,,
879,2026-09-30,SZ300442,-0.1210626678383951,EXP_DEnsembleModel_Alpha158_csi300_custom_step0_s_20261001_18,86a715a9d70d477ab3f17c9d51121c5f,0.01,,,
880,2026-09-30,SZ300433,-0.06803906025752149,EXP_DEnsembleModel_Alpha158_csi300_custom_step0_s_20261001_18,86a715a9d70d477ab3f17c9d51121c5f,0.01,,,
881,2026-09-30,SZ300661,-0.040749245385922166,EXP_DEnsembleModel_Alpha158_csi300_custom_step0_s_20261001_18,86a715a9d70d477ab3f17c9d51121c5f,0.01,,,
882,2026-09-30,SZ300418,-0.2055776518815617,EXP_DEnsembleModel_Alpha158_csi300_custom_step0_s_20261001_18,86a715a9d70d477ab3f17c9d51121c5f,0.01,,,
883,2026-09-30,SZ300408,0.029855236272293723,EXP_DEnsembleModel_Alpha158_csi300_custom_step0_s_20261001_18,86a715a9d70d477ab3f17c9d51121c5f,0.01,,,
884,2026-09-30,SZ300394,0.007038277181691479,EXP_DEnsembleModel_Alpha158_csi300_custom_step0_s_20261001_18,86a715a9d70d477ab3f17c9d51121c5f,0.01,,,
885,2026-09-30,SZ300316,-0.17382872796978546,EXP_DEnsembleModel_Alpha158_csi300_custom_step0_s_20261001_18,86a715a9d70d477ab3f17c9d51121c5f,0.01,,,
886,2026-09-30,SZ300308,-0.11064062822490323,EXP_DEnsembleModel_Alpha158_csi300_custom_step0_s_20261001_18,86a715a9d70d477ab3f17c9d51121c5f,0.01,,,
887,2026-09-30,SZ300274,0.0984699675445194,EXP_DEnsembleModel_Alpha158_csi300_custom_step0_s_20261001_18,86a715a9d70d477ab3f17c9d51121c5f,0.01,,,
888,2026-09-30,SZ300251,0.01804823962957772,EXP_DEnsembleModel_Alpha158_csi300_custom_step0_s_20261001_18,86a715a9d70d477ab3f17c9d51121c5f,0.01,,,
889,2026-09-30,SZ300124,0.09088192648482037,EXP_DEnsembleModel_Alpha158_csi300_custom_step0_s_20261001_18,86a715a9d70d477ab3f17c9d51121c5f,0.01,,,
890,2026-09-30,SZ300413,0.08918369704151222,EXP_DEnsembleModel_Alpha158_csi300_custom_step0_s_20261001_18,86a715a9d70d477ab3f17c9d51121c5f,0.01,,,
891,2026-09-30,SZ300122,0.08082807860536263,EXP_DEnsembleModel_Alpha158_csi300_custom_step0_s_20261001_18,86a715a9d70d477ab3f17c9d51121c5f,0.01,,,
892,2026-09-30,SZ300750,0.13105735766070267,EXP_DEnsembleModel_Alpha158_csi300_custom_step0_s_20261001_18,86a715a9d70d477ab3f17c9d51121c5f,0.01,,,
893,2026-09-30,SZ300803,-0.15713781157973022,EXP_DEnsembleModel_Alpha158_csi300_custom_step0_s_20261001_18,86a715a9d70d477ab3f17c9d51121c5f,0.01,,,
894,2026-09-30,SH600018,0.06755317747592926,EXP_LinearModel_Alpha158_csi300_custom_step0_s_20261001_18,948d1ae38b0e47fbbf575abf7ec78efb,0.09,,,
895,2026-09-30,SH600016,0.08768811076879501,EXP_LinearModel_Alpha158_csi300_custom_step0_s_20261001_18,948d1ae38b0e47fbbf575abf7ec78efb,0.09,,,
896,2026-09-30,SH600015,0.03998768329620361,EXP_LinearModel_Alpha158_csi300_custom_step0_s_20261001_18,948d1ae38b0e47fbbf575abf7ec78efb,0.09,,,
897,2026-09-30,SH600011,0.03846454620361328,EXP_LinearModel_Alpha158_csi300_custom_step0_s_20261001_18,948d1ae38b0e47fbbf575abf7ec78efb,0.09,,,
898,2026-09-30,SH600010,-0.038074083626270294,EXP_LinearModel_Alpha158_csi300_custom_step0_s_20261001_18,948d1ae38b0e47fbbf575abf7ec78efb,0.09,,,
899,2026-09-30,SH600009,-0.02061302214860916,EXP_LinearModel_Alpha158_csi300_custom_step0_s_20261001_18,948d1ae38b0e47fbbf575abf7ec78efb,0.09,,,
900,2026-09-30,SH600000,0.0680544525384903,EXP_LinearModel_Alpha158_csi300_custom_step0_s_20261001_18,948d1ae38b0e47fbbf575abf7ec78efb,0.09,,,
901,2026-09-30,SZ300760,0.011706456707290874,EXP_DEnsembleModel_Alpha158_csi300_custom_step0_s_20261001_18,86a715a9d70d477ab3f17c9d51121c5f,0.01,,,
902,2026-09-30,SZ302132,0.0017828514988551536,EXP_DEnsembleModel_Alpha158_csi300_custom_step0_s_20261001_18,86a715a9d70d477ab3f17c9d51121c5f,0.01,,,
903,2026-09-30,SZ301269,-0.11212620859575294,EXP_DEnsembleModel_Alpha158_csi300_custom_step0_s_20261001_18,86a715a9d70d477ab3f17c9d51121c5f,0.01,,,
904,2026-09-30,SZ301236,-0.0716892044583739,EXP_DEnsembleModel_Alpha158_csi300_custom_step0_s_20261001_18,86a715a9d70d477ab3f17c9d51121c5f,0.01,,,
905,2026-09-30,SZ301165,-0.04027800247079924,EXP_DEnsembleModel_Alpha158_csi300_custom_step0_s_20261001_18,86a715a9d70d477ab3f17c9d51121c5f,0.01,,,
906,2026-09-30,SZ300999,-0.08170711176633745,EXP_DEnsembleModel_Alpha158_csi300_custom_step0_s_20261001_18,86a715a9d70d477ab3f17c9d51121c5f,0.01,,,
907,2026-09-30,SZ300896,-0.03497526264803382,EXP_DEnsembleModel_Alpha158_csi300_custom_step0_s_20261001_18,86a715a9d70d477ab3f17c9d51121c5f,0.01,,,
908,2026-09-30,SZ300866,0.017389570402792768,EXP_DEnsembleModel_Alpha158_csi300_custom_step0_s_20261001_18,86a715a9d70d477ab3f17c9d51121c5f,0.01,,,
909,2026-09-30,SZ300832,-0.10793846228701358,EXP_DEnsembleModel_Alpha158_csi300_custom_step0_s_20261001_18,86a715a9d70d477ab3f17c9d51121c5f,0.01,,,
910,2026-09-30,SZ301308,-0.10821353822022604,EXP_DEnsembleModel_Alpha158_csi300_custom_step0_s_20261001_18,86a715a9d70d477ab3f17c9d51121c5f,0.01,,,
911,2026-09-30,SH600023,0.050918154418468475,EXP_LinearModel_Alpha158_csi300_custom_step0_s_20261001_18,948d1ae38b0e47fbbf575abf7ec78efb,0.09,,,
912,2026-09-30,SZ300059,-0.06423139676158594,EXP_DEnsembleModel_Alpha158_csi300_custom_step0_s_20261001_18,86a715a9d70d477ab3f17c9d51121c5f,0.01,,,
913,2026-09-30,SZ300015,-0.01926765419830352,EXP_DEnsembleModel_Alpha158_csi300_custom_step0_s_20261001_18,86a715a9d70d477ab3f17c9d51121c5f,0.01,,,
914,2026-09-30,SZ002460,0.10285923363131066,EXP_DEnsembleModel_Alpha158_csi300_custom_step0_s_20261001_18,86a715a9d70d477ab3f17c9d51121c5f,0.01,,,
915,2026-09-30,SZ002422,-0.001681406086088677,EXP_DEnsembleModel_Alpha158_csi300_custom_step0_s_20261001_18,86a715a9d70d477ab3f17c9d51121c5f,0.01,,,
916,2026-09-30,SZ002415,-0.009401286691327825,EXP_DEnsembleModel_Alpha158_csi300_custom_step0_s_20261001_18,86a715a9d70d477ab3f17c9d51121c5f,0.01,,,
917,2026-09-30,SZ002384,-0.07219114738643595,EXP_DEnsembleModel_Alpha158_csi300_custom_step0_s_20261001_18,86a715a9d70d477ab3f17c9d51121c5f,0.01,,,
918,2026-09-30,SZ002371,-0.10913745279374844,EXP_DEnsembleModel_Alpha158_csi300_custom_step0_s_20261001_18,86a715a9d70d477ab3f17c9d51121c5f,0.01,,,
919,2026-09-30,SZ002353,0.05322820962219957,EXP_DEnsembleModel_Alpha158_csi300_custom_step0_s_20261001_18,86a715a9d70d477ab3f17c9d51121c5f,0.01,,,
920,2026-09-30,SZ002352,0.015183619404478647,EXP_DEnsembleModel_Alpha158_csi300_custom_step0_s_20261001_18,86a715a9d70d477ab3f17c9d51121c5f,0.01,,,
921,2026-09-30,SZ002463,-0.03859617744841038,EXP_DEnsembleModel_Alpha158_csi300_custom_step0_s_20261001_18,86a715a9d70d477ab3f17c9d51121c5f,0.01,,,
922,2026-09-30,SZ002311,-0.02428777187188461,EXP_DEnsembleModel_Alpha158_csi300_custom_step0_s_20261001_18,86a715a9d70d477ab3f17c9d51121c5f,0.01,,,
923,2026-09-30,SZ002241,-0.0869388589431411,EXP_DEnsembleModel_Alpha158_csi300_custom_step0_s_20261001_18,86a715a9d70d477ab3f17c9d51121c5f,0.01,,,
924,2026-09-30,SZ002236,-0.008526389891663011,EXP_DEnsembleModel_Alpha158_csi300_custom_step0_s_20261001_18,86a715a9d70d477ab3f17c9d51121c5f,0.01,,,
925,2026-09-30,SZ002230,-0.07044977934855699,EXP_DEnsembleModel_Alpha158_csi300_custom_step0_s_20261001_18,86a715a9d70d477ab3f17c9d51121c5f,0.01,,,
926,2026-09-30,SZ002202,-0.0759698532427022,EXP_DEnsembleModel_Alpha158_csi300_custom_step0_s_20261001_18,86a715a9d70d477ab3f17c9d51121c5f,0.01,,,
927,2026-09-30,SZ002179,-0.009790598318420383,EXP_DEnsembleModel_Alpha158_csi300_custom_step0_s_20261001_18,86a715a9d70d477ab3f17c9d51121c5f,0.01,,,
928,2026-09-30,SZ002142,0.13758312997342137,EXP_DEnsembleModel_Alpha158_csi300_custom_step0_s_20261001_18,86a715a9d70d477ab3f17c9d51121c5f,0.01,,,
929,2026-09-30,SZ002074,0.02629970656618472,EXP_DEnsembleModel_Alpha158_csi300_custom_step0_s_20261001_18,86a715a9d70d477ab3f17c9d51121c5f,0.01,,,
930,2026-09-30,SZ002304,-0.03026702446579267,EXP_DEnsembleModel_Alpha158_csi300_custom_step0_s_20261001_18,86a715a9d70d477ab3f17c9d51121c5f,0.01,,,
931,2026-09-30,SZ300033,-0.11192061265854232,EXP_DEnsembleModel_Alpha158_csi300_custom_step0_s_20261001_18,86a715a9d70d477ab3f17c9d51121c5f,0.01,,,
932,2026-09-30,SZ002466,0.042055091331227555,EXP_DEnsembleModel_Alpha158_csi300_custom_step0_s_20261001_18,86a715a9d70d477ab3f17c9d51121c5f,0.01,,,
933,2026-09-30,SZ002493,-0.017648941861674237,EXP_DEnsembleModel_Alpha158_csi300_custom_step0_s_20261001_18,86a715a9d70d477ab3f17c9d51121c5f,0.01,,,
934,2026-09-30,SZ300014,-0.12392723529725415,EXP_DEnsembleModel_Alpha158_csi300_custom_step0_s_20261001_18,86a715a9d70d477ab3f17c9d51121c5f,0.01,,,
935,2026-09-30,SZ003816,0.10844982928600928,EXP_DEnsembleModel_Alpha158_csi300_custom_step0_s_20261001_18,86a715a9d70d477ab3f17c9d51121c5f,0.01,,,
936,2026-09-30,SZ002938,-0.028000590395761627,EXP_DEnsembleModel_Alpha158_csi300_custom_step0_s_20261001_18,86a715a9d70d477ab3f17c9d51121c5f,0.01,,,
937,2026-09-30,SZ002920,-0.001679201487234015,EXP_DEnsembleModel_Alpha158_csi300_custom_step0_s_20261001_18,86a715a9d70d477ab3f17c9d51121c5f,0.01,,,
938,2026-09-30,SZ002916,-0.01116040247076943,EXP_DEnsembleModel_Alpha158_csi300_custom_step0_s_20261001_18,86a715a9d70d477ab3f17c9d51121c5f,0.01,,,
939,2026-09-30,SZ002837,-0.04581378184673928,EXP_DEnsembleModel_Alpha158_csi300_custom_step0_s_20261001_18,86a715a9d70d477ab3f17c9d51121c5f,0.01,,,
940,2026-09-30,SZ002736,0.018526631550595064,EXP_DEnsembleModel_Alpha158_csi300_custom_step0_s_20261001_18,86a715a9d70d477ab3f17c9d51121c5f,0.01,,,
941,2026-09-30,SZ002475,-0.0989594791709991,EXP_DEnsembleModel_Alpha158_csi300_custom_step0_s_20261001_18,86a715a9d70d477ab3f17c9d51121c5f,0.01,,,
942,2026-09-30,SZ002714,0.02251878258092859,EXP_DEnsembleModel_Alpha158_csi300_custom_step0_s_20261001_18,86a715a9d70d477ab3f17c9d51121c5f,0.01,,,
943,2026-09-30,SZ002648,0.048800018924822726,EXP_DEnsembleModel_Alpha158_csi300_custom_step0_s_20261001_18,86a715a9d70d477ab3f17c9d51121c5f,0.01,,,
944,2026-09-30,SZ002625,-0.05991428488715372,EXP_DEnsembleModel_Alpha158_csi300_custom_step0_s_20261001_18,86a715a9d70d477ab3f17c9d51121c5f,0.01,,,
945,2026-09-30,SZ002602,-0.05146881825038532,EXP_DEnsembleModel_Alpha158_csi300_custom_step0_s_20261001_18,86a715a9d70d477ab3f17c9d51121c5f,0.01,,,
946,2026-09-30,SZ002600,-0.06778580337797838,EXP_DEnsembleModel_Alpha158_csi300_custom_step0_s_20261001_18,86a715a9d70d477ab3f17c9d51121c5f,0.01,,,
947,2026-09-30,SZ002594,0.020396485534501012,EXP_DEnsembleModel_Alpha158_csi300_custom_step0_s_20261001_18,86a715a9d70d477ab3f17c9d51121c5f,0.01,,,
948,2026-09-30,SZ002558,0.03904918639221177,EXP_DEnsembleModel_Alpha158_csi300_custom_step0_s_20261001_18,86a715a9d70d477ab3f17c9d51121c5f,0.01,,,
949,2026-09-30,SZ002532,-0.001631094521004592,EXP_DEnsembleModel_Alpha158_csi300_custom_step0_s_20261001_18,86a715a9d70d477ab3f17c9d51121c5f,0.01,,,
950,2026-09-30,SZ002709,0.08437182073086205,EXP_DEnsembleModel_Alpha158_csi300_custom_step0_s_20261001_18,86a715a9d70d477ab3f17c9d51121c5f,0.01,,,
951,2026-09-30,SZ001391,-0.05353863537311554,EXP_LinearModel_Alpha158_csi300_custom_step0_s_20261001_18,fd2318935efd4829b2d56c98827a3be7,0.055,,,
952,2026-09-30,SH605499,-0.024391310289502144,EXP_LinearModel_Alpha158_csi300_custom_step0_s_20261001_18,948d1ae38b0e47fbbf575abf7ec78efb,0.09,,,
953,2026-09-30,SH688009,-0.0010748663917183876,EXP_LinearModel_Alpha158_csi300_custom_step0_s_20261001_18,948d1ae38b0e47fbbf575abf7ec78efb,0.09,,,
954,2026-09-30,SH601006,0.024637818336486816,EXP_LinearModel_Alpha158_csi300_custom_step0_s_20261001_18,251c0cd7718a4cb4a1c6523897dc60fd,0.042,,,
955,2026-09-30,SH600999,-0.03447685390710831,EXP_LinearModel_Alpha158_csi300_custom_step0_s_20261001_18,251c0cd7718a4cb4a1c6523897dc60fd,0.042,,,
956,2026-09-30,SH600989,0.004885180853307247,EXP_LinearModel_Alpha158_csi300_custom_step0_s_20261001_18,251c0cd7718a4cb4a1c6523897dc60fd,0.042,,,
957,2026-09-30,SH600958,-0.02847764454782009,EXP_LinearModel_Alpha158_csi300_custom_step0_s_20261001_18,251c0cd7718a4cb4a1c6523897dc60fd,0.042,,,
958,2026-09-30,SH600941,-0.025820381939411163,EXP_LinearModel_Alpha158_csi300_custom_step0_s_20261001_18,251c0cd7718a4cb4a1c6523897dc60fd,0.042,,,
959,2026-09-30,SH600938,-0.014586112461984158,EXP_LinearModel_Alpha158_csi300_custom_step0_s_20261001_18,251c0cd7718a4cb4a1c6523897dc60fd,0.042,,,
960,2026-09-30,SH600930,-0.0019726906903088093,EXP_LinearModel_Alpha158_csi300_custom_step0_s_20261001_18,251c0cd7718a4cb4a1c6523897dc60fd,0.042,,,
961,2026-09-30,SH600926,0.06966292858123779,EXP_LinearModel_Alpha158_csi300_custom_step0_s_20261001_18,251c0cd7718a4cb4a1c6523897dc60fd,0.042,,,
962,2026-09-30,SH600919,-0.026347992941737175,EXP_LinearModel_Alpha158_csi300_custom_step0_s_20261001_18,251c0cd7718a4cb4a1c6523897dc60fd,0.042,,,
963,2026-09-30,SH600918,-0.03245935216546059,EXP_LinearModel_Alpha158_csi300_custom_step0_s_20261001_18,251c0cd7718a4cb4a1c6523897dc60fd,0.042,,,
964,2026-09-30,SH600905,0.011253772303462029,EXP_LinearModel_Alpha158_csi300_custom_step0_s_20261001_18,251c0cd7718a4cb4a1c6523897dc60fd,0.042,,,
965,2026-09-30,SH600900,0.06252256035804749,EXP_LinearModel_Alpha158_csi300_custom_step0_s_20261001_18,251c0cd7718a4cb4a1c6523897dc60fd,0.042,,,
966,2026-09-30,SH600893,-0.013153714127838612,EXP_LinearModel_Alpha158_csi300_custom_step0_s_20261001_18,251c0cd7718a4cb4a1c6523897dc60fd,0.042,,,
967,2026-09-30,SH600887,0.07534600049257278,EXP_LinearModel_Alpha158_csi300_custom_step0_s_20261001_18,251c0cd7718a4cb4a1c6523897dc60fd,0.042,,,
968,2026-09-30,SH600886,0.07705376297235489,EXP_LinearModel_Alpha158_csi300_custom_step0_s_20261001_18,251c0cd7718a4cb4a1c6523897dc60fd,0.042,,,
969,2026-09-30,SH601009,0.027496498078107834,EXP_LinearModel_Alpha158_csi300_custom_step0_s_20261001_18,251c0cd7718a4cb4a1c6523897dc60fd,0.042,,,
970,2026-09-30,SH601012,0.003771805902943015,EXP_LinearModel_Alpha158_csi300_custom_step0_s_20261001_18,251c0cd7718a4cb4a1c6523897dc60fd,0.042,,,
971,2026-09-30,SH601018,0.0919732004404068,EXP_LinearModel_Alpha158_csi300_custom_step0_s_20261001_18,251c0cd7718a4cb4a1c6523897dc60fd,0.042,,,
972,2026-09-30,SH601021,0.010689660906791687,EXP_LinearModel_Alpha158_csi300_custom_step0_s_20261001_18,251c0cd7718a4cb4a1c6523897dc60fd,0.042,,,
973,2026-09-30,SH601229,0.06533796340227127,EXP_LinearModel_Alpha158_csi300_custom_step0_s_20261001_18,251c0cd7718a4cb4a1c6523897dc60fd,0.042,,,
974,2026-09-30,SH601225,-0.03351863846182823,EXP_LinearModel_Alpha158_csi300_custom_step0_s_20261001_18,251c0cd7718a4cb4a1c6523897dc60fd,0.042,,,
975,2026-09-30,SH601211,-0.020430341362953186,EXP_LinearModel_Alpha158_csi300_custom_step0_s_20261001_18,251c0cd7718a4cb4a1c6523897dc60fd,0.042,,,
976,2026-09-30,SH601186,0.032394878566265106,EXP_LinearModel_Alpha158_csi300_custom_step0_s_20261001_18,251c0cd7718a4cb4a1c6523897dc60fd,0.042,,,
977,2026-09-30,SH601169,0.13058963418006897,EXP_LinearModel_Alpha158_csi300_custom_step0_s_20261001_18,251c0cd7718a4cb4a1c6523897dc60fd,0.042,,,
978,2026-09-30,SH601166,-0.005760618485510349,EXP_LinearModel_Alpha158_csi300_custom_step0_s_20261001_18,251c0cd7718a4cb4a1c6523897dc60fd,0.042,,,
979,2026-09-30,SH601138,-0.07060757279396057,EXP_LinearModel_Alpha158_csi300_custom_step0_s_20261001_18,251c0cd7718a4cb4a1c6523897dc60fd,0.042,,,
980,2026-09-30,SH600875,-0.035018570721149445,EXP_LinearModel_Alpha158_csi300_custom_step0_s_20261001_18,251c0cd7718a4cb4a1c6523897dc60fd,0.042,,,
981,2026-09-30,SH601136,-0.06363128125667572,EXP_LinearModel_Alpha158_csi300_custom_step0_s_20261001_18,251c0cd7718a4cb4a1c6523897dc60fd,0.042,,,
982,2026-09-30,SH601117,-0.042810555547475815,EXP_LinearModel_Alpha158_csi300_custom_step0_s_20261001_18,251c0cd7718a4cb4a1c6523897dc60fd,0.042,,,
983,2026-09-30,SH601111,0.009943507611751556,EXP_LinearModel_Alpha158_csi300_custom_step0_s_20261001_18,251c0cd7718a4cb4a1c6523897dc60fd,0.042,,,
984,2026-09-30,SH601100,0.0023956450168043375,EXP_LinearModel_Alpha158_csi300_custom_step0_s_20261001_18,251c0cd7718a4cb4a1c6523897dc60fd,0.042,,,
985,2026-09-30,SH601088,-0.03285667300224304,EXP_LinearModel_Alpha158_csi300_custom_step0_s_20261001_18,251c0cd7718a4cb4a1c6523897dc60fd,0.042,,,
986,2026-09-30,SH601077,0.01850358210504055,EXP_LinearModel_Alpha158_csi300_custom_step0_s_20261001_18,251c0cd7718a4cb4a1c6523897dc60fd,0.042,,,
987,2026-09-30,SH601066,-0.02093087136745453,EXP_LinearModel_Alpha158_csi300_custom_step0_s_20261001_18,251c0cd7718a4cb4a1c6523897dc60fd,0.042,,,
988,2026-09-30,SH601058,-0.005731725133955479,EXP_LinearModel_Alpha158_csi300_custom_step0_s_20261001_18,251c0cd7718a4cb4a1c6523897dc60fd,0.042,,,
989,2026-09-30,SH601127,0.002709029009565711,EXP_LinearModel_Alpha158_csi300_custom_step0_s_20261001_18,251c0cd7718a4cb4a1c6523897dc60fd,0.042,,,
990,2026-09-30,SH600845,-0.0031843429896980524,EXP_LinearModel_Alpha158_csi300_custom_step0_s_20261001_18,251c0cd7718a4cb4a1c6523897dc60fd,0.042,,,
991,2026-09-30,SH600809,-0.024045804515480995,EXP_LinearModel_Alpha158_csi300_custom_step0_s_20261001_18,251c0cd7718a4cb4a1c6523897dc60fd,0.042,,,
992,2026-09-30,SH600803,0.003454957390204072,EXP_LinearModel_Alpha158_csi300_custom_step0_s_20261001_18,251c0cd7718a4cb4a1c6523897dc60fd,0.042,,,
993,2026-09-30,SH600436,0.04633571207523346,EXP_LinearModel_Alpha158_csi300_custom_step0_s_20261001_18,251c0cd7718a4cb4a1c6523897dc60fd,0.042,,,
994,2026-09-30,SH600426,0.0021997997537255287,EXP_LinearModel_Alpha158_csi300_custom_step0_s_20261001_18,251c0cd7718a4cb4a1c6523897dc60fd,0.042,,,
995,2026-09-30,SH600415,0.061114776879549026,EXP_LinearModel_Alpha158_csi300_custom_step0_s_20261001_18,251c0cd7718a4cb4a1c6523897dc60fd,0.042,,,
996,2026-09-30,SH600406,-0.027859313413500786,EXP_LinearModel_Alpha158_csi300_custom_step0_s_20261001_18,251c0cd7718a4cb4a1c6523897dc60fd,0.042,,,
997,2026-09-30,SH600372,-0.044225919991731644,EXP_LinearModel_Alpha158_csi300_custom_step0_s_20261001_18,251c0cd7718a4cb4a1c6523897dc60fd,0.042,,,
998,2026-09-30,SH600362,-0.021205823868513107,EXP_LinearModel_Alpha158_csi300_custom_step0_s_20261001_18,251c0cd7718a4cb4a1c6523897dc60fd,0.042,,,
999,2026-09-30,SH600346,0.056612446904182434,EXP_LinearModel_Alpha158_csi300_custom_step0_s_20261001_18,251c0cd7718a4cb4a1c6523897dc60fd,0.042,,,
1000,2026-09-30,SH600438,-0.02182203158736229,EXP_LinearModel_Alpha158_csi300_custom_step0_s_20261001_18,251c0cd7718a4cb4a1c6523897dc60fd,0.042,,,
1001,2026-09-30,SH600309,0.006597641855478287,EXP_LinearModel_Alpha158_csi300_custom_step0_s_20261001_18,251c0cd7718a4cb4a1c6523897dc60fd,0.042,,,
1002,2026-09-30,SH600233,0.00561226811259985,EXP_LinearModel_Alpha158_csi300_custom_step0_s_20261001_18,251c0cd7718a4cb4a1c6523897dc60fd,0.042,,,
1003,2026-09-30,SH600221,0.040813472121953964,EXP_LinearModel_Alpha158_csi300_custom_step0_s_20261001_18,251c0cd7718a4cb4a1c6523897dc60fd,0.042,,,
1004,2026-09-30,SH600219,0.018408672884106636,EXP_LinearModel_Alpha158_csi300_custom_step0_s_20261001_18,251c0cd7718a4cb4a1c6523897dc60fd,0.042,,,
1005,2026-09-30,SH600196,0.03474358841776848,EXP_LinearModel_Alpha158_csi300_custom_step0_s_20261001_18,251c0cd7718a4cb4a1c6523897dc60fd,0.042,,,
1006,2026-09-30,SH600188,0.00945320539176464,EXP_LinearModel_Alpha158_csi300_custom_step0_s_20261001_18,251c0cd7718a4cb4a1c6523897dc60fd,0.042,,,
1007,2026-09-30,SH600183,-0.07681415975093842,EXP_LinearModel_Alpha158_csi300_custom_step0_s_20261001_18,251c0cd7718a4cb4a1c6523897dc60fd,0.042,,,
1008,2026-09-30,SH600176,-0.16889843344688416,EXP_LinearModel_Alpha158_csi300_custom_step0_s_20261001_18,251c0cd7718a4cb4a1c6523897dc60fd,0.042,,,
1009,2026-09-30,SH600276,-0.018087590113282204,EXP_LinearModel_Alpha158_csi300_custom_step0_s_20261001_18,251c0cd7718a4cb4a1c6523897dc60fd,0.042,,,
1010,2026-09-30,SH601238,,EXP_LinearModel_Alpha158_csi300_custom_step0_s_20261001_18,251c0cd7718a4cb4a1c6523897dc60fd,0.042,,,
1011,2026-09-30,SH600460,-0.15047548711299896,EXP_LinearModel_Alpha158_csi300_custom_step0_s_20261001_18,251c0cd7718a4cb4a1c6523897dc60fd,0.042,,,
1012,2026-09-30,SH600489,-0.019895480945706367,EXP_LinearModel_Alpha158_csi300_custom_step0_s_20261001_18,251c0cd7718a4cb4a1c6523897dc60fd,0.042,,,
1013,2026-09-30,SH600795,0.028593186289072037,EXP_LinearModel_Alpha158_csi300_custom_step0_s_20261001_18,251c0cd7718a4cb4a1c6523897dc60fd,0.042,,,
1014,2026-09-30,SH600760,0.01739165373146534,EXP_LinearModel_Alpha158_csi300_custom_step0_s_20261001_18,251c0cd7718a4cb4a1c6523897dc60fd,0.042,,,
1015,2026-09-30,SH600741,0.038127049803733826,EXP_LinearModel_Alpha158_csi300_custom_step0_s_20261001_18,251c0cd7718a4cb4a1c6523897dc60fd,0.042,,,
1016,2026-09-30,SH600690,0.035382721573114395,EXP_LinearModel_Alpha158_csi300_custom_step0_s_20261001_18,251c0cd7718a4cb4a1c6523897dc60fd,0.042,,,
1017,2026-09-30,SH600674,0.024978280067443848,EXP_LinearModel_Alpha158_csi300_custom_step0_s_20261001_18,251c0cd7718a4cb4a1c6523897dc60fd,0.042,,,
1018,2026-09-30,SH600660,0.004110408015549183,EXP_LinearModel_Alpha158_csi300_custom_step0_s_20261001_18,251c0cd7718a4cb4a1c6523897dc60fd,0.042,,,
1019,2026-09-30,SH600600,-0.027009638026356697,EXP_LinearModel_Alpha158_csi300_custom_step0_s_20261001_18,251c0cd7718a4cb4a1c6523897dc60fd,0.042,,,
1020,2026-09-30,SH600482,-0.010801773518323898,EXP_LinearModel_Alpha158_csi300_custom_step0_s_20261001_18,251c0cd7718a4cb4a1c6523897dc60fd,0.042,,,
1021,2026-09-30,SH600588,0.06953967362642288,EXP_LinearModel_Alpha158_csi300_custom_step0_s_20261001_18,251c0cd7718a4cb4a1c6523897dc60fd,0.042,,,
1022,2026-09-30,SH600584,-0.09641720354557037,EXP_LinearModel_Alpha158_csi300_custom_step0_s_20261001_18,251c0cd7718a4cb4a1c6523897dc60fd,0.042,,,
1023,2026-09-30,SH600570,-0.030770104378461838,EXP_LinearModel_Alpha158_csi300_custom_step0_s_20261001_18,251c0cd7718a4cb4a1c6523897dc60fd,0.042,,,
1024,2026-09-30,SH600549,-0.07435951381921768,EXP_LinearModel_Alpha158_csi300_custom_step0_s_20261001_18,251c0cd7718a4cb4a1c6523897dc60fd,0.042,,,
1025,2026-09-30,SH600547,0.010825466364622116,EXP_LinearModel_Alpha158_csi300_custom_step0_s_20261001_18,251c0cd7718a4cb4a1c6523897dc60fd,0.042,,,
1026,2026-09-30,SH600522,-0.16410651803016663,EXP_LinearModel_Alpha158_csi300_custom_step0_s_20261001_18,251c0cd7718a4cb4a1c6523897dc60fd,0.042,,,
1027,2026-09-30,SH600519,-0.03822365775704384,EXP_LinearModel_Alpha158_csi300_custom_step0_s_20261001_18,251c0cd7718a4cb4a1c6523897dc60fd,0.042,,,
1028,2026-09-30,SH600515,-0.04553048312664032,EXP_LinearModel_Alpha158_csi300_custom_step0_s_20261001_18,251c0cd7718a4cb4a1c6523897dc60fd,0.042,,,
1029,2026-09-30,SH600585,0.027838822454214096,EXP_LinearModel_Alpha158_csi300_custom_step0_s_20261001_18,251c0cd7718a4cb4a1c6523897dc60fd,0.042,,,
1030,2026-09-30,SH601288,0.03558393195271492,EXP_LinearModel_Alpha158_csi300_custom_step0_s_20261001_18,251c0cd7718a4cb4a1c6523897dc60fd,0.042,,,
1031,2026-09-30,SH601318,-0.03618720546364784,EXP_LinearModel_Alpha158_csi300_custom_step0_s_20261001_18,251c0cd7718a4cb4a1c6523897dc60fd,0.042,,,
1032,2026-09-30,SH601319,0.0836835578083992,EXP_LinearModel_Alpha158_csi300_custom_step0_s_20261001_18,251c0cd7718a4cb4a1c6523897dc60fd,0.042,,,
1033,2026-09-30,SH603986,-0.18311744928359985,EXP_LinearModel_Alpha158_csi300_custom_step0_s_20261001_18,251c0cd7718a4cb4a1c6523897dc60fd,0.042,,,
1034,2026-09-30,SH603893,0.07417009770870209,EXP_LinearModel_Alpha158_csi300_custom_step0_s_20261001_18,251c0cd7718a4cb4a1c6523897dc60fd,0.042,,,
1035,2026-09-30,SH603799,-0.03556715324521065,EXP_LinearModel_Alpha158_csi300_custom_step0_s_20261001_18,251c0cd7718a4cb4a1c6523897dc60fd,0.042,,,
1036,2026-09-30,SH603501,-0.019794512540102005,EXP_LinearModel_Alpha158_csi300_custom_step0_s_20261001_18,251c0cd7718a4cb4a1c6523897dc60fd,0.042,,,
1037,2026-09-30,SH603392,-0.04386270046234131,EXP_LinearModel_Alpha158_csi300_custom_step0_s_20261001_18,251c0cd7718a4cb4a1c6523897dc60fd,0.042,,,
1038,2026-09-30,SH603369,0.018899621441960335,EXP_LinearModel_Alpha158_csi300_custom_step0_s_20261001_18,251c0cd7718a4cb4a1c6523897dc60fd,0.042,,,
1039,2026-09-30,SH603296,0.0030328724533319473,EXP_LinearModel_Alpha158_csi300_custom_step0_s_20261001_18,251c0cd7718a4cb4a1c6523897dc60fd,0.042,,,
1040,2026-09-30,SH603993,-0.03436461463570595,EXP_LinearModel_Alpha158_csi300_custom_step0_s_20261001_18,251c0cd7718a4cb4a1c6523897dc60fd,0.042,,,
1041,2026-09-30,SH603288,-0.018320566043257713,EXP_LinearModel_Alpha158_csi300_custom_step0_s_20261001_18,251c0cd7718a4cb4a1c6523897dc60fd,0.042,,,
1042,2026-09-30,SH603259,-0.006132643669843674,EXP_LinearModel_Alpha158_csi300_custom_step0_s_20261001_18,251c0cd7718a4cb4a1c6523897dc60fd,0.042,,,
1043,2026-09-30,SH603019,0.0031159119680523872,EXP_LinearModel_Alpha158_csi300_custom_step0_s_20261001_18,251c0cd7718a4cb4a1c6523897dc60fd,0.042,,,
1044,2026-09-30,SH601998,0.007418883964419365,EXP_LinearModel_Alpha158_csi300_custom_step0_s_20261001_18,251c0cd7718a4cb4a1c6523897dc60fd,0.042,,,
1045,2026-09-30,SH601995,,EXP_LinearModel_Alpha158_csi300_custom_step0_s_20261001_18,251c0cd7718a4cb4a1c6523897dc60fd,0.042,,,
1046,2026-09-30,SH601988,0.07778575271368027,EXP_LinearModel_Alpha158_csi300_custom_step0_s_20261001_18,251c0cd7718a4cb4a1c6523897dc60fd,0.042,,,
1047,2026-09-30,SH601985,0.06409800052642822,EXP_LinearModel_Alpha158_csi300_custom_step0_s_20261001_18,251c0cd7718a4cb4a1c6523897dc60fd,0.042,,,
1048,2026-09-30,SH601939,0.038989078253507614,EXP_LinearModel_Alpha158_csi300_custom_step0_s_20261001_18,251c0cd7718a4cb4a1c6523897dc60fd,0.042,,,
1049,2026-09-30,SH603260,-0.11378046870231628,EXP_LinearModel_Alpha158_csi300_custom_step0_s_20261001_18,251c0cd7718a4cb4a1c6523897dc60fd,0.042,,,
1050,2026-09-30,SH601919,-0.025832723826169968,EXP_LinearModel_Alpha158_csi300_custom_step0_s_20261001_18,251c0cd7718a4cb4a1c6523897dc60fd,0.042,,,
1051,2026-09-30,SH605117,-0.03699463605880737,EXP_LinearModel_Alpha158_csi300_custom_step0_s_20261001_18,251c0cd7718a4cb4a1c6523897dc60fd,0.042,,,
1052,2026-09-30,SH688008,-0.0579717643558979,EXP_LinearModel_Alpha158_csi300_custom_step0_s_20261001_18,251c0cd7718a4cb4a1c6523897dc60fd,0.042,,,
1053,2026-09-30,SH688472,0.020148832350969315,EXP_LinearModel_Alpha158_csi300_custom_step0_s_20261001_18,251c0cd7718a4cb4a1c6523897dc60fd,0.042,,,
1054,2026-09-30,SH688396,-0.1651020646095276,EXP_LinearModel_Alpha158_csi300_custom_step0_s_20261001_18,251c0cd7718a4cb4a1c6523897dc60fd,0.042,,,
1055,2026-09-30,SH688303,-0.03178352862596512,EXP_LinearModel_Alpha158_csi300_custom_step0_s_20261001_18,251c0cd7718a4cb4a1c6523897dc60fd,0.042,,,
1056,2026-09-30,SH688271,-0.027844257652759552,EXP_LinearModel_Alpha158_csi300_custom_step0_s_20261001_18,251c0cd7718a4cb4a1c6523897dc60fd,0.042,,,
1057,2026-09-30,SH688256,-0.08750518411397934,EXP_LinearModel_Alpha158_csi300_custom_step0_s_20261001_18,251c0cd7718a4cb4a1c6523897dc60fd,0.042,,,
1058,2026-09-30,SH688223,0.007908297702670097,EXP_LinearModel_Alpha158_csi300_custom_step0_s_20261001_18,251c0cd7718a4cb4a1c6523897dc60fd,0.042,,,
1059,2026-09-30,SH688183,-0.035398997366428375,EXP_LinearModel_Alpha158_csi300_custom_step0_s_20261001_18,251c0cd7718a4cb4a1c6523897dc60fd,0.042,,,
1060,2026-09-30,SH605499,-0.044971853494644165,EXP_LinearModel_Alpha158_csi300_custom_step0_s_20261001_18,251c0cd7718a4cb4a1c6523897dc60fd,0.042,,,
1061,2026-09-30,SH688126,-0.1537529081106186,EXP_LinearModel_Alpha158_csi300_custom_step0_s_20261001_18,251c0cd7718a4cb4a1c6523897dc60fd,0.042,,,
1062,2026-09-30,SH688082,-0.16811703145503998,EXP_LinearModel_Alpha158_csi300_custom_step0_s_20261001_18,251c0cd7718a4cb4a1c6523897dc60fd,0.042,,,
1063,2026-09-30,SH688072,,EXP_LinearModel_Alpha158_csi300_custom_step0_s_20261001_18,251c0cd7718a4cb4a1c6523897dc60fd,0.042,,,
1064,2026-09-30,SH688047,-0.10648225992918015,EXP_LinearModel_Alpha158_csi300_custom_step0_s_20261001_18,251c0cd7718a4cb4a1c6523897dc60fd,0.042,,,
1065,2026-09-30,SH688041,-0.08810503780841827,EXP_LinearModel_Alpha158_csi300_custom_step0_s_20261001_18,251c0cd7718a4cb4a1c6523897dc60fd,0.042,,,
1066,2026-09-30,SH688036,-0.002186003141105175,EXP_LinearModel_Alpha158_csi300_custom_step0_s_20261001_18,251c0cd7718a4cb4a1c6523897dc60fd,0.042,,,
1067,2026-09-30,SH688012,-0.09703203290700912,EXP_LinearModel_Alpha158_csi300_custom_step0_s_20261001_18,251c0cd7718a4cb4a1c6523897dc60fd,0.042,,,
1068,2026-09-30,SH688009,-0.020348863676190376,EXP_LinearModel_Alpha158_csi300_custom_step0_s_20261001_18,251c0cd7718a4cb4a1c6523897dc60fd,0.042,,,
1069,2026-09-30,SH688111,0.028533577919006348,EXP_LinearModel_Alpha158_csi300_custom_step0_s_20261001_18,251c0cd7718a4cb4a1c6523897dc60fd,0.042,,,
1070,2026-09-30,SH600160,-0.017698081210255623,EXP_LinearModel_Alpha158_csi300_custom_step0_s_20261001_18,251c0cd7718a4cb4a1c6523897dc60fd,0.042,,,
1071,2026-09-30,SH601916,0.004840446636080742,EXP_LinearModel_Alpha158_csi300_custom_step0_s_20261001_18,251c0cd7718a4cb4a1c6523897dc60fd,0.042,,,
1072,2026-09-30,SH601899,0.004268043674528599,EXP_LinearModel_Alpha158_csi300_custom_step0_s_20261001_18,251c0cd7718a4cb4a1c6523897dc60fd,0.042,,,
1073,2026-09-30,SH601669,0.00917000137269497,EXP_LinearModel_Alpha158_csi300_custom_step0_s_20261001_18,251c0cd7718a4cb4a1c6523897dc60fd,0.042,,,
1074,2026-09-30,SH601668,0.04392213746905327,EXP_LinearModel_Alpha158_csi300_custom_step0_s_20261001_18,251c0cd7718a4cb4a1c6523897dc60fd,0.042,,,
1075,2026-09-30,SH601658,0.10483626276254654,EXP_LinearModel_Alpha158_csi300_custom_step0_s_20261001_18,251c0cd7718a4cb4a1c6523897dc60fd,0.042,,,
1076,2026-09-30,SH601633,-0.04506828635931015,EXP_LinearModel_Alpha158_csi300_custom_step0_s_20261001_18,251c0cd7718a4cb4a1c6523897dc60fd,0.042,,,
1077,2026-09-30,SH601628,-0.0032294015400111675,EXP_LinearModel_Alpha158_csi300_custom_step0_s_20261001_18,251c0cd7718a4cb4a1c6523897dc60fd,0.042,,,
1078,2026-09-30,SH601618,0.03475300967693329,EXP_LinearModel_Alpha158_csi300_custom_step0_s_20261001_18,251c0cd7718a4cb4a1c6523897dc60fd,0.042,,,
1079,2026-09-30,SH601607,0.03582178056240082,EXP_LinearModel_Alpha158_csi300_custom_step0_s_20261001_18,251c0cd7718a4cb4a1c6523897dc60fd,0.042,,,
1080,2026-09-30,SH601688,-0.0021560853347182274,EXP_LinearModel_Alpha158_csi300_custom_step0_s_20261001_18,251c0cd7718a4cb4a1c6523897dc60fd,0.042,,,
1081,2026-09-30,SH601601,-0.0596616268157959,EXP_LinearModel_Alpha158_csi300_custom_step0_s_20261001_18,251c0cd7718a4cb4a1c6523897dc60fd,0.042,,,
1082,2026-09-30,SH601456,-0.03603411838412285,EXP_LinearModel_Alpha158_csi300_custom_step0_s_20261001_18,251c0cd7718a4cb4a1c6523897dc60fd,0.042,,,
1083,2026-09-30,SH601398,0.05338145047426224,EXP_LinearModel_Alpha158_csi300_custom_step0_s_20261001_18,251c0cd7718a4cb4a1c6523897dc60fd,0.042,,,
1084,2026-09-30,SH601390,0.01080536749213934,EXP_LinearModel_Alpha158_csi300_custom_step0_s_20261001_18,251c0cd7718a4cb4a1c6523897dc60fd,0.042,,,
1085,2026-09-30,SH601377,-0.012681366875767708,EXP_LinearModel_Alpha158_csi300_custom_step0_s_20261001_18,251c0cd7718a4cb4a1c6523897dc60fd,0.042,,,
1086,2026-09-30,SH601360,-0.017762809991836548,EXP_LinearModel_Alpha158_csi300_custom_step0_s_20261001_18,251c0cd7718a4cb4a1c6523897dc60fd,0.042,,,
1087,2026-09-30,SH601336,-0.03682606294751167,EXP_LinearModel_Alpha158_csi300_custom_step0_s_20261001_18,251c0cd7718a4cb4a1c6523897dc60fd,0.042,,,
1088,2026-09-30,SH601328,0.11821244657039642,EXP_LinearModel_Alpha158_csi300_custom_step0_s_20261001_18,251c0cd7718a4cb4a1c6523897dc60fd,0.042,,,
1089,2026-09-30,SH601600,-0.05388755351305008,EXP_LinearModel_Alpha158_csi300_custom_step0_s_20261001_18,251c0cd7718a4cb4a1c6523897dc60fd,0.042,,,
1090,2026-09-30,SH601901,0.021872512996196747,EXP_LinearModel_Alpha158_csi300_custom_step0_s_20261001_18,251c0cd7718a4cb4a1c6523897dc60fd,0.042,,,
1091,2026-09-30,SH601689,-0.07889731228351593,EXP_LinearModel_Alpha158_csi300_custom_step0_s_20261001_18,251c0cd7718a4cb4a1c6523897dc60fd,0.042,,,
1092,2026-09-30,SH601727,-0.030860884115099907,EXP_LinearModel_Alpha158_csi300_custom_step0_s_20261001_18,251c0cd7718a4cb4a1c6523897dc60fd,0.042,,,
1093,2026-09-30,SH601898,0.01910771243274212,EXP_LinearModel_Alpha158_csi300_custom_step0_s_20261001_18,251c0cd7718a4cb4a1c6523897dc60fd,0.042,,,
1094,2026-09-30,SH601888,-0.02824041247367859,EXP_LinearModel_Alpha158_csi300_custom_step0_s_20261001_18,251c0cd7718a4cb4a1c6523897dc60fd,0.042,,,
1095,2026-09-30,SH601881,-0.03696772828698158,EXP_LinearModel_Alpha158_csi300_custom_step0_s_20261001_18,251c0cd7718a4cb4a1c6523897dc60fd,0.042,,,
1096,2026-09-30,SH601878,-0.01063433475792408,EXP_LinearModel_Alpha158_csi300_custom_step0_s_20261001_18,251c0cd7718a4cb4a1c6523897dc60fd,0.042,,,
1097,2026-09-30,SH601877,-0.01683812215924263,EXP_LinearModel_Alpha158_csi300_custom_step0_s_20261001_18,251c0cd7718a4cb4a1c6523897dc60fd,0.042,,,
1098,2026-09-30,SH601872,-0.03352917730808258,EXP_LinearModel_Alpha158_csi300_custom_step0_s_20261001_18,251c0cd7718a4cb4a1c6523897dc60fd,0.042,,,
1099,2026-09-30,SH601868,-0.024878349155187607,EXP_LinearModel_Alpha158_csi300_custom_step0_s_20261001_18,251c0cd7718a4cb4a1c6523897dc60fd,0.042,,,
1100,2026-09-30,SH601698,-0.09392809122800827,EXP_LinearModel_Alpha158_csi300_custom_step0_s_20261001_18,251c0cd7718a4cb4a1c6523897dc60fd,0.042,,,
1101,2026-09-30,SH601857,-0.00707579730078578,EXP_LinearModel_Alpha158_csi300_custom_step0_s_20261001_18,251c0cd7718a4cb4a1c6523897dc60fd,0.042,,,
1102,2026-09-30,SH601825,0.030601218342781067,EXP_LinearModel_Alpha158_csi300_custom_step0_s_20261001_18,251c0cd7718a4cb4a1c6523897dc60fd,0.042,,,
1103,2026-09-30,SH601818,0.0723080188035965,EXP_LinearModel_Alpha158_csi300_custom_step0_s_20261001_18,251c0cd7718a4cb4a1c6523897dc60fd,0.042,,,
1104,2026-09-30,SH601816,-0.015450142323970795,EXP_LinearModel_Alpha158_csi300_custom_step0_s_20261001_18,251c0cd7718a4cb4a1c6523897dc60fd,0.042,,,
1105,2026-09-30,SH601800,0.07164356112480164,EXP_LinearModel_Alpha158_csi300_custom_step0_s_20261001_18,251c0cd7718a4cb4a1c6523897dc60fd,0.042,,,
1106,2026-09-30,SH601788,-0.04701916500926018,EXP_LinearModel_Alpha158_csi300_custom_step0_s_20261001_18,251c0cd7718a4cb4a1c6523897dc60fd,0.042,,,
1107,2026-09-30,SH601766,-0.0022716489620506763,EXP_LinearModel_Alpha158_csi300_custom_step0_s_20261001_18,251c0cd7718a4cb4a1c6523897dc60fd,0.042,,,
1108,2026-09-30,SH601728,0.05637543275952339,EXP_LinearModel_Alpha158_csi300_custom_step0_s_20261001_18,251c0cd7718a4cb4a1c6523897dc60fd,0.042,,,
1109,2026-09-30,SH601838,0.050522007048130035,EXP_LinearModel_Alpha158_csi300_custom_step0_s_20261001_18,251c0cd7718a4cb4a1c6523897dc60fd,0.042,,,
1110,2026-09-30,SH688008,-0.027095608413219452,EXP_LinearModel_Alpha158_csi300_custom_step0_s_20261001_18,948d1ae38b0e47fbbf575abf7ec78efb,0.09,,,
1111,2026-09-30,SH600150,0.0067824418656528,EXP_LinearModel_Alpha158_csi300_custom_step0_s_20261001_18,251c0cd7718a4cb4a1c6523897dc60fd,0.042,,,
1112,2026-09-30,SH600115,-0.0010559007059782743,EXP_LinearModel_Alpha158_csi300_custom_step0_s_20261001_18,251c0cd7718a4cb4a1c6523897dc60fd,0.042,,,
1113,2026-09-30,SZ001979,0.032004330307245255,EXP_LinearModel_Alpha158_csi300_custom_step0_s_20261001_18,948d1ae38b0e47fbbf575abf7ec78efb,0.09,,,
1114,2026-09-30,SZ001965,0.04722147434949875,EXP_LinearModel_Alpha158_csi300_custom_step0_s_20261001_18,948d1ae38b0e47fbbf575abf7ec78efb,0.09,,,
1115,2026-09-30,SZ001391,0.020829735323786736,EXP_LinearModel_Alpha158_csi300_custom_step0_s_20261001_18,948d1ae38b0e47fbbf575abf7ec78efb,0.09,,,
1116,2026-09-30,SZ001280,-0.04783152788877487,EXP_LinearModel_Alpha158_csi300_custom_step0_s_20261001_18,948d1ae38b0e47fbbf575abf7ec78efb,0.09,,,
1117,2026-09-30,SZ000999,0.039402369409799576,EXP_LinearModel_Alpha158_csi300_custom_step0_s_20261001_18,948d1ae38b0e47fbbf575abf7ec78efb,0.09,,,
1118,2026-09-30,SZ000988,-0.07687164843082428,EXP_LinearModel_Alpha158_csi300_custom_step0_s_20261001_18,948d1ae38b0e47fbbf575abf7ec78efb,0.09,,,
1119,2026-09-30,SZ000977,0.0944574698805809,EXP_LinearModel_Alpha158_csi300_custom_step0_s_20261001_18,948d1ae38b0e47fbbf575abf7ec78efb,0.09,,,
1120,2026-09-30,SZ000975,-0.053666215389966965,EXP_LinearModel_Alpha158_csi300_custom_step0_s_20261001_18,948d1ae38b0e47fbbf575abf7ec78efb,0.09,,,
1121,2026-09-30,SZ000963,-0.01762833446264267,EXP_LinearModel_Alpha158_csi300_custom_step0_s_20261001_18,948d1ae38b0e47fbbf575abf7ec78efb,0.09,,,
1122,2026-09-30,SZ000938,0.07076606899499893,EXP_LinearModel_Alpha158_csi300_custom_step0_s_20261001_18,948d1ae38b0e47fbbf575abf7ec78efb,0.09,,,
1123,2026-09-30,SZ000895,0.0037455034907907248,EXP_LinearModel_Alpha158_csi300_custom_step0_s_20261001_18,948d1ae38b0e47fbbf575abf7ec78efb,0.09,,,
1124,2026-09-30,SZ000858,0.0013910350389778614,EXP_LinearModel_Alpha158_csi300_custom_step0_s_20261001_18,948d1ae38b0e47fbbf575abf7ec78efb,0.09,,,
1125,2026-09-30,SZ000807,-0.013169033452868462,EXP_LinearModel_Alpha158_csi300_custom_step0_s_20261001_18,948d1ae38b0e47fbbf575abf7ec78efb,0.09,,,
1126,2026-09-30,SZ000792,-0.042646825313568115,EXP_LinearModel_Alpha158_csi300_custom_step0_s_20261001_18,948d1ae38b0e47fbbf575abf7ec78efb,0.09,,,
1127,2026-09-30,SZ000776,-0.03154057636857033,EXP_LinearModel_Alpha158_csi300_custom_step0_s_20261001_18,948d1ae38b0e47fbbf575abf7ec78efb,0.09,,,
1128,2026-09-30,SZ002001,0.02480127289891243,EXP_LinearModel_Alpha158_csi300_custom_step0_s_20261001_18,948d1ae38b0e47fbbf575abf7ec78efb,0.09,,,
1129,2026-09-30,SZ002027,0.053332358598709106,EXP_LinearModel_Alpha158_csi300_custom_step0_s_20261001_18,948d1ae38b0e47fbbf575abf7ec78efb,0.09,,,
1130,2026-09-30,SZ002028,0.016922052949666977,EXP_LinearModel_Alpha158_csi300_custom_step0_s_20261001_18,948d1ae38b0e47fbbf575abf7ec78efb,0.09,,,
1131,2026-09-30,SZ002049,-0.0165498498827219,EXP_LinearModel_Alpha158_csi300_custom_step0_s_20261001_18,948d1ae38b0e47fbbf575abf7ec78efb,0.09,,,
1132,2026-09-30,SZ002422,0.025472301989793777,EXP_LinearModel_Alpha158_csi300_custom_step0_s_20261001_18,948d1ae38b0e47fbbf575abf7ec78efb,0.09,,,
1133,2026-09-30,SZ002415,-0.003990989178419113,EXP_LinearModel_Alpha158_csi300_custom_step0_s_20261001_18,948d1ae38b0e47fbbf575abf7ec78efb,0.09,,,
1134,2026-09-30,SZ002384,0.01933991350233555,EXP_LinearModel_Alpha158_csi300_custom_step0_s_20261001_18,948d1ae38b0e47fbbf575abf7ec78efb,0.09,,,
1135,2026-09-30,SZ002371,-0.018378842622041702,EXP_LinearModel_Alpha158_csi300_custom_step0_s_20261001_18,948d1ae38b0e47fbbf575abf7ec78efb,0.09,,,
1136,2026-09-30,SZ002353,-0.038266848772764206,EXP_LinearModel_Alpha158_csi300_custom_step0_s_20261001_18,948d1ae38b0e47fbbf575abf7ec78efb,0.09,,,
1137,2026-09-30,SZ002352,0.00302840955555439,EXP_LinearModel_Alpha158_csi300_custom_step0_s_20261001_18,948d1ae38b0e47fbbf575abf7ec78efb,0.09,,,
1138,2026-09-30,SZ002311,0.000604328466579318,EXP_LinearModel_Alpha158_csi300_custom_step0_s_20261001_18,948d1ae38b0e47fbbf575abf7ec78efb,0.09,,,
1139,2026-09-30,SZ000768,-0.0191293116658926,EXP_LinearModel_Alpha158_csi300_custom_step0_s_20261001_18,948d1ae38b0e47fbbf575abf7ec78efb,0.09,,,
1140,2026-09-30,SZ002304,-0.034405022859573364,EXP_LinearModel_Alpha158_csi300_custom_step0_s_20261001_18,948d1ae38b0e47fbbf575abf7ec78efb,0.09,,,
1141,2026-09-30,SZ002236,-0.01054441835731268,EXP_LinearModel_Alpha158_csi300_custom_step0_s_20261001_18,948d1ae38b0e47fbbf575abf7ec78efb,0.09,,,
1142,2026-09-30,SZ002230,-0.015890441834926605,EXP_LinearModel_Alpha158_csi300_custom_step0_s_20261001_18,948d1ae38b0e47fbbf575abf7ec78efb,0.09,,,
1143,2026-09-30,SZ002202,-0.0649920254945755,EXP_LinearModel_Alpha158_csi300_custom_step0_s_20261001_18,948d1ae38b0e47fbbf575abf7ec78efb,0.09,,,
1144,2026-09-30,SZ002179,-0.08256900310516357,EXP_LinearModel_Alpha158_csi300_custom_step0_s_20261001_18,948d1ae38b0e47fbbf575abf7ec78efb,0.09,,,
1145,2026-09-30,SZ002142,0.01822328381240368,EXP_LinearModel_Alpha158_csi300_custom_step0_s_20261001_18,948d1ae38b0e47fbbf575abf7ec78efb,0.09,,,
1146,2026-09-30,SZ002074,0.007862473838031292,EXP_LinearModel_Alpha158_csi300_custom_step0_s_20261001_18,948d1ae38b0e47fbbf575abf7ec78efb,0.09,,,
1147,2026-09-30,SZ002050,-0.0042633661068975925,EXP_LinearModel_Alpha158_csi300_custom_step0_s_20261001_18,948d1ae38b0e47fbbf575abf7ec78efb,0.09,,,
1148,2026-09-30,SZ002241,0.015161010436713696,EXP_LinearModel_Alpha158_csi300_custom_step0_s_20261001_18,948d1ae38b0e47fbbf575abf7ec78efb,0.09,,,
1149,2026-09-30,SZ000725,-0.044538531452417374,EXP_LinearModel_Alpha158_csi300_custom_step0_s_20261001_18,948d1ae38b0e47fbbf575abf7ec78efb,0.09,,,
1150,2026-09-30,SZ000708,0.011926306411623955,EXP_LinearModel_Alpha158_csi300_custom_step0_s_20261001_18,948d1ae38b0e47fbbf575abf7ec78efb,0.09,,,
1151,2026-09-30,SZ000657,-0.056407976895570755,EXP_LinearModel_Alpha158_csi300_custom_step0_s_20261001_18,948d1ae38b0e47fbbf575abf7ec78efb,0.09,,,
1152,2026-09-30,SH688506,-0.003974259365350008,EXP_LinearModel_Alpha158_csi300_custom_step0_s_20261001_18,948d1ae38b0e47fbbf575abf7ec78efb,0.09,,,
1153,2026-09-30,SH688472,-0.010280594229698181,EXP_LinearModel_Alpha158_csi300_custom_step0_s_20261001_18,948d1ae38b0e47fbbf575abf7ec78efb,0.09,,,
1154,2026-09-30,SH688396,-0.08218230307102203,EXP_LinearModel_Alpha158_csi300_custom_step0_s_20261001_18,948d1ae38b0e47fbbf575abf7ec78efb,0.09,,,
1155,2026-09-30,SH688303,-0.017099620774388313,EXP_LinearModel_Alpha158_csi300_custom_step0_s_20261001_18,948d1ae38b0e47fbbf575abf7ec78efb,0.09,,,
1156,2026-09-30,SH688271,-0.024482037872076035,EXP_LinearModel_Alpha158_csi300_custom_step0_s_20261001_18,948d1ae38b0e47fbbf575abf7ec78efb,0.09,,,
1157,2026-09-30,SH688256,-0.013422257266938686,EXP_LinearModel_Alpha158_csi300_custom_step0_s_20261001_18,948d1ae38b0e47fbbf575abf7ec78efb,0.09,,,
1158,2026-09-30,SH688223,0.0215024221688509,EXP_LinearModel_Alpha158_csi300_custom_step0_s_20261001_18,948d1ae38b0e47fbbf575abf7ec78efb,0.09,,,
1159,2026-09-30,SH688521,0.05481785535812378,EXP_LinearModel_Alpha158_csi300_custom_step0_s_20261001_18,948d1ae38b0e47fbbf575abf7ec78efb,0.09,,,
1160,2026-09-30,SH688183,-0.057484064251184464,EXP_LinearModel_Alpha158_csi300_custom_step0_s_20261001_18,948d1ae38b0e47fbbf575abf7ec78efb,0.09,,,
1161,2026-09-30,SH688111,0.01984921656548977,EXP_LinearModel_Alpha158_csi300_custom_step0_s_20261001_18,948d1ae38b0e47fbbf575abf7ec78efb,0.09,,,
1162,2026-09-30,SH688082,-0.11203097552061081,EXP_LinearModel_Alpha158_csi300_custom_step0_s_20261001_18,948d1ae38b0e47fbbf575abf7ec78efb,0.09,,,
1163,2026-09-30,SH688072,,EXP_LinearModel_Alpha158_csi300_custom_step0_s_20261001_18,948d1ae38b0e47fbbf575abf7ec78efb,0.09,,,
1164,2026-09-30,SH688047,-0.07019414007663727,EXP_LinearModel_Alpha158_csi300_custom_step0_s_20261001_18,948d1ae38b0e47fbbf575abf7ec78efb,0.09,,,
1165,2026-09-30,SH688041,-0.020386433228850365,EXP_LinearModel_Alpha158_csi300_custom_step0_s_20261001_18,948d1ae38b0e47fbbf575abf7ec78efb,0.09,,,
1166,2026-09-30,SH688036,-0.0066987453028559685,EXP_LinearModel_Alpha158_csi300_custom_step0_s_20261001_18,948d1ae38b0e47fbbf575abf7ec78efb,0.09,,,
1167,2026-09-30,SH688012,-0.04884258657693863,EXP_LinearModel_Alpha158_csi300_custom_step0_s_20261001_18,948d1ae38b0e47fbbf575abf7ec78efb,0.09,,,
1168,2026-09-30,SH688126,-0.06045463681221008,EXP_LinearModel_Alpha158_csi300_custom_step0_s_20261001_18,948d1ae38b0e47fbbf575abf7ec78efb,0.09,,,
1169,2026-09-30,SZ002460,-0.06293390691280365,EXP_LinearModel_Alpha158_csi300_custom_step0_s_20261001_18,948d1ae38b0e47fbbf575abf7ec78efb,0.09,,,
1170,2026-09-30,SH688981,0.012213246896862984,EXP_LinearModel_Alpha158_csi300_custom_step0_s_20261001_18,948d1ae38b0e47fbbf575abf7ec78efb,0.09,,,
1171,2026-09-30,SZ000002,0.09204524755477905,EXP_LinearModel_Alpha158_csi300_custom_step0_s_20261001_18,948d1ae38b0e47fbbf575abf7ec78efb,0.09,,,
1172,2026-09-30,SZ000651,0.021888630464673042,EXP_LinearModel_Alpha158_csi300_custom_step0_s_20261001_18,948d1ae38b0e47fbbf575abf7ec78efb,0.09,,,
1173,2026-09-30,SZ000630,0.02331223338842392,EXP_LinearModel_Alpha158_csi300_custom_step0_s_20261001_18,948d1ae38b0e47fbbf575abf7ec78efb,0.09,,,
1174,2026-09-30,SZ000625,-0.0221866387873888,EXP_LinearModel_Alpha158_csi300_custom_step0_s_20261001_18,948d1ae38b0e47fbbf575abf7ec78efb,0.09,,,
1175,2026-09-30,SZ000617,-0.007087461184710264,EXP_LinearModel_Alpha158_csi300_custom_step0_s_20261001_18,948d1ae38b0e47fbbf575abf7ec78efb,0.09,,,
1176,2026-09-30,SZ000596,0.028700999915599823,EXP_LinearModel_Alpha158_csi300_custom_step0_s_20261001_18,948d1ae38b0e47fbbf575abf7ec78efb,0.09,,,
1177,2026-09-30,SZ000568,0.0072706034407019615,EXP_LinearModel_Alpha158_csi300_custom_step0_s_20261001_18,948d1ae38b0e47fbbf575abf7ec78efb,0.09,,,
1178,2026-09-30,SZ000538,0.03683926910161972,EXP_LinearModel_Alpha158_csi300_custom_step0_s_20261001_18,948d1ae38b0e47fbbf575abf7ec78efb,0.09,,,
1179,2026-09-30,SZ000001,0.031056983396410942,EXP_LinearModel_Alpha158_csi300_custom_step0_s_20261001_18,948d1ae38b0e47fbbf575abf7ec78efb,0.09,,,
1180,2026-09-30,SZ000425,-0.02185194566845894,EXP_LinearModel_Alpha158_csi300_custom_step0_s_20261001_18,948d1ae38b0e47fbbf575abf7ec78efb,0.09,,,
1181,2026-09-30,SZ000338,-0.02423815056681633,EXP_LinearModel_Alpha158_csi300_custom_step0_s_20261001_18,948d1ae38b0e47fbbf575abf7ec78efb,0.09,,,
1182,2026-09-30,SZ000333,-0.01540507934987545,EXP_LinearModel_Alpha158_csi300_custom_step0_s_20261001_18,948d1ae38b0e47fbbf575abf7ec78efb,0.09,,,
1183,2026-09-30,SZ000301,-0.02597460336983204,EXP_LinearModel_Alpha158_csi300_custom_step0_s_20261001_18,948d1ae38b0e47fbbf575abf7ec78efb,0.09,,,
1184,2026-09-30,SZ000166,0.012585390359163284,EXP_LinearModel_Alpha158_csi300_custom_step0_s_20261001_18,948d1ae38b0e47fbbf575abf7ec78efb,0.09,,,
1185,2026-09-30,SZ000157,0.04620658606290817,EXP_LinearModel_Alpha158_csi300_custom_step0_s_20261001_18,948d1ae38b0e47fbbf575abf7ec78efb,0.09,,,
1186,2026-09-30,SZ000100,-0.0006388649344444275,EXP_LinearModel_Alpha158_csi300_custom_step0_s_20261001_18,948d1ae38b0e47fbbf575abf7ec78efb,0.09,,,
1187,2026-09-30,SZ000063,0.06243725121021271,EXP_LinearModel_Alpha158_csi300_custom_step0_s_20261001_18,948d1ae38b0e47fbbf575abf7ec78efb,0.09,,,
1188,2026-09-30,SZ000408,0.009489825926721096,EXP_LinearModel_Alpha158_csi300_custom_step0_s_20261001_18,948d1ae38b0e47fbbf575abf7ec78efb,0.09,,,
1189,2026-09-30,SZ002463,-0.019997315481305122,EXP_LinearModel_Alpha158_csi300_custom_step0_s_20261001_18,948d1ae38b0e47fbbf575abf7ec78efb,0.09,,,
1190,2026-09-30,SZ002466,-0.06258303672075272,EXP_LinearModel_Alpha158_csi300_custom_step0_s_20261001_18,948d1ae38b0e47fbbf575abf7ec78efb,0.09,,,
1191,2026-09-30,SZ002475,0.01229601539671421,EXP_LinearModel_Alpha158_csi300_custom_step0_s_20261001_18,948d1ae38b0e47fbbf575abf7ec78efb,0.09,,,
1192,2026-09-30,SH600016,0.0898846909403801,EXP_LinearModel_Alpha158_csi300_custom_step0_s_20261001_18,251c0cd7718a4cb4a1c6523897dc60fd,0.042,,,
1193,2026-09-30,SH600015,0.017950624227523804,EXP_LinearModel_Alpha158_csi300_custom_step0_s_20261001_18,251c0cd7718a4cb4a1c6523897dc60fd,0.042,,,
1194,2026-09-30,SH600011,0.03200371563434601,EXP_LinearModel_Alpha158_csi300_custom_step0_s_20261001_18,251c0cd7718a4cb4a1c6523897dc60fd,0.042,,,
1195,2026-09-30,SH600010,-0.03696000203490257,EXP_LinearModel_Alpha158_csi300_custom_step0_s_20261001_18,251c0cd7718a4cb4a1c6523897dc60fd,0.042,,,
1196,2026-09-30,SH600009,-0.010695245116949081,EXP_LinearModel_Alpha158_csi300_custom_step0_s_20261001_18,251c0cd7718a4cb4a1c6523897dc60fd,0.042,,,
1197,2026-09-30,SH600000,0.0745202898979187,EXP_LinearModel_Alpha158_csi300_custom_step0_s_20261001_18,251c0cd7718a4cb4a1c6523897dc60fd,0.042,,,
1198,2026-09-30,SZ302132,-0.025526463985443115,EXP_LinearModel_Alpha158_csi300_custom_step0_s_20261001_18,948d1ae38b0e47fbbf575abf7ec78efb,0.09,,,
1199,2026-09-30,SH600018,0.08293476700782776,EXP_LinearModel_Alpha158_csi300_custom_step0_s_20261001_18,251c0cd7718a4cb4a1c6523897dc60fd,0.042,,,
1200,2026-09-30,SZ301308,-0.12770327925682068,EXP_LinearModel_Alpha158_csi300_custom_step0_s_20261001_18,948d1ae38b0e47fbbf575abf7ec78efb,0.09,,,
1201,2026-09-30,SZ301236,-0.00604852382093668,EXP_LinearModel_Alpha158_csi300_custom_step0_s_20261001_18,948d1ae38b0e47fbbf575abf7ec78efb,0.09,,,
1202,2026-09-30,SZ301165,-0.008526786230504513,EXP_LinearModel_Alpha158_csi300_custom_step0_s_20261001_18,948d1ae38b0e47fbbf575abf7ec78efb,0.09,,,
1203,2026-09-30,SZ300999,-0.03253978490829468,EXP_LinearModel_Alpha158_csi300_custom_step0_s_20261001_18,948d1ae38b0e47fbbf575abf7ec78efb,0.09,,,
1204,2026-09-30,SZ300896,0.037401989102363586,EXP_LinearModel_Alpha158_csi300_custom_step0_s_20261001_18,948d1ae38b0e47fbbf575abf7ec78efb,0.09,,,
1205,2026-09-30,SZ300866,-0.016614489257335663,EXP_LinearModel_Alpha158_csi300_custom_step0_s_20261001_18,948d1ae38b0e47fbbf575abf7ec78efb,0.09,,,
1206,2026-09-30,SZ300832,-0.006653063464909792,EXP_LinearModel_Alpha158_csi300_custom_step0_s_20261001_18,948d1ae38b0e47fbbf575abf7ec78efb,0.09,,,
1207,2026-09-30,SZ300803,-0.013192272745072842,EXP_LinearModel_Alpha158_csi300_custom_step0_s_20261001_18,948d1ae38b0e47fbbf575abf7ec78efb,0.09,,,
1208,2026-09-30,SZ301269,-0.04600931331515312,EXP_LinearModel_Alpha158_csi300_custom_step0_s_20261001_18,948d1ae38b0e47fbbf575abf7ec78efb,0.09,,,
1209,2026-09-30,SZ300760,-0.010253164917230606,EXP_LinearModel_Alpha158_csi300_custom_step0_s_20261001_18,948d1ae38b0e47fbbf575abf7ec78efb,0.09,,,
1210,2026-09-30,SH600019,0.06395456939935684,EXP_LinearModel_Alpha158_csi300_custom_step0_s_20261001_18,251c0cd7718a4cb4a1c6523897dc60fd,0.042,,,
1211,2026-09-30,SH600025,0.03847817704081535,EXP_LinearModel_Alpha158_csi300_custom_step0_s_20261001_18,251c0cd7718a4cb4a1c6523897dc60fd,0.042,,,
1212,2026-09-30,SH600111,-0.05661698058247566,EXP_LinearModel_Alpha158_csi300_custom_step0_s_20261001_18,251c0cd7718a4cb4a1c6523897dc60fd,0.042,,,
1213,2026-09-30,SH600104,-0.03899918869137764,EXP_LinearModel_Alpha158_csi300_custom_step0_s_20261001_18,251c0cd7718a4cb4a1c6523897dc60fd,0.042,,,
1214,2026-09-30,SH600089,-0.010649447329342365,EXP_LinearModel_Alpha158_csi300_custom_step0_s_20261001_18,251c0cd7718a4cb4a1c6523897dc60fd,0.042,,,
1215,2026-09-30,SH600085,0.028236672282218933,EXP_LinearModel_Alpha158_csi300_custom_step0_s_20261001_18,251c0cd7718a4cb4a1c6523897dc60fd,0.042,,,
1216,2026-09-30,SH600066,0.011939148418605328,EXP_LinearModel_Alpha158_csi300_custom_step0_s_20261001_18,251c0cd7718a4cb4a1c6523897dc60fd,0.042,,,
1217,2026-09-30,SH600061,-0.014429409056901932,EXP_LinearModel_Alpha158_csi300_custom_step0_s_20261001_18,251c0cd7718a4cb4a1c6523897dc60fd,0.042,,,
1218,2026-09-30,SH600050,0.0349661149084568,EXP_LinearModel_Alpha158_csi300_custom_step0_s_20261001_18,251c0cd7718a4cb4a1c6523897dc60fd,0.042,,,
1219,2026-09-30,SH600023,0.06832890957593918,EXP_LinearModel_Alpha158_csi300_custom_step0_s_20261001_18,251c0cd7718a4cb4a1c6523897dc60fd,0.042,,,
1220,2026-09-30,SH600048,0.05347229167819023,EXP_LinearModel_Alpha158_csi300_custom_step0_s_20261001_18,251c0cd7718a4cb4a1c6523897dc60fd,0.042,,,
1221,2026-09-30,SH600036,0.030976908281445503,EXP_LinearModel_Alpha158_csi300_custom_step0_s_20261001_18,251c0cd7718a4cb4a1c6523897dc60fd,0.042,,,
1222,2026-09-30,SH600031,0.032974183559417725,EXP_LinearModel_Alpha158_csi300_custom_step0_s_20261001_18,251c0cd7718a4cb4a1c6523897dc60fd,0.042,,,
1223,2026-09-30,SH600030,-0.025802869349718094,EXP_LinearModel_Alpha158_csi300_custom_step0_s_20261001_18,251c0cd7718a4cb4a1c6523897dc60fd,0.042,,,
1224,2026-09-30,SH600029,-0.005091932602226734,EXP_LinearModel_Alpha158_csi300_custom_step0_s_20261001_18,251c0cd7718a4cb4a1c6523897dc60fd,0.042,,,
1225,2026-09-30,SH600028,-0.022750070318579674,EXP_LinearModel_Alpha158_csi300_custom_step0_s_20261001_18,251c0cd7718a4cb4a1c6523897dc60fd,0.042,,,
1226,2026-09-30,SH600027,0.083780437707901,EXP_LinearModel_Alpha158_csi300_custom_step0_s_20261001_18,251c0cd7718a4cb4a1c6523897dc60fd,0.042,,,
1227,2026-09-30,SH600026,-0.024018853902816772,EXP_LinearModel_Alpha158_csi300_custom_step0_s_20261001_18,251c0cd7718a4cb4a1c6523897dc60fd,0.042,,,
1228,2026-09-30,SH600039,-0.0059066577814519405,EXP_LinearModel_Alpha158_csi300_custom_step0_s_20261001_18,251c0cd7718a4cb4a1c6523897dc60fd,0.042,,,
1229,2026-09-30,SH600118,-0.1182355284690857,EXP_LinearModel_Alpha158_csi300_custom_step0_s_20261001_18,251c0cd7718a4cb4a1c6523897dc60fd,0.042,,,
1230,2026-09-30,SZ300750,0.07281000167131424,EXP_LinearModel_Alpha158_csi300_custom_step0_s_20261001_18,948d1ae38b0e47fbbf575abf7ec78efb,0.09,,,
1231,2026-09-30,SZ300628,0.02041846700012684,EXP_LinearModel_Alpha158_csi300_custom_step0_s_20261001_18,948d1ae38b0e47fbbf575abf7ec78efb,0.09,,,
1232,2026-09-30,SZ003816,0.03453334420919418,EXP_LinearModel_Alpha158_csi300_custom_step0_s_20261001_18,948d1ae38b0e47fbbf575abf7ec78efb,0.09,,,
1233,2026-09-30,SZ002938,-0.01478976383805275,EXP_LinearModel_Alpha158_csi300_custom_step0_s_20261001_18,948d1ae38b0e47fbbf575abf7ec78efb,0.09,,,
1234,2026-09-30,SZ002920,-0.010036800056695938,EXP_LinearModel_Alpha158_csi300_custom_step0_s_20261001_18,948d1ae38b0e47fbbf575abf7ec78efb,0.09,,,
1235,2026-09-30,SZ002916,-0.05568983405828476,EXP_LinearModel_Alpha158_csi300_custom_step0_s_20261001_18,948d1ae38b0e47fbbf575abf7ec78efb,0.09,,,
1236,2026-09-30,SZ002837,-0.053447872400283813,EXP_LinearModel_Alpha158_csi300_custom_step0_s_20261001_18,948d1ae38b0e47fbbf575abf7ec78efb,0.09,,,
1237,2026-09-30,SZ002736,-0.027857154607772827,EXP_LinearModel_Alpha158_csi300_custom_step0_s_20261001_18,948d1ae38b0e47fbbf575abf7ec78efb,0.09,,,
1238,2026-09-30,SZ002714,-0.03579750657081604,EXP_LinearModel_Alpha158_csi300_custom_step0_s_20261001_18,948d1ae38b0e47fbbf575abf7ec78efb,0.09,,,
1239,2026-09-30,SZ300014,-0.021948521956801414,EXP_LinearModel_Alpha158_csi300_custom_step0_s_20261001_18,948d1ae38b0e47fbbf575abf7ec78efb,0.09,,,
1240,2026-09-30,SZ002709,-0.09463676810264587,EXP_LinearModel_Alpha158_csi300_custom_step0_s_20261001_18,948d1ae38b0e47fbbf575abf7ec78efb,0.09,,,
1241,2026-09-30,SZ002625,0.059353306889534,EXP_LinearModel_Alpha158_csi300_custom_step0_s_20261001_18,948d1ae38b0e47fbbf575abf7ec78efb,0.09,,,
1242,2026-09-30,SZ002602,-0.05104641988873482,EXP_LinearModel_Alpha158_csi300_custom_step0_s_20261001_18,948d1ae38b0e47fbbf575abf7ec78efb,0.09,,,
1243,2026-09-30,SZ002600,-0.10916357487440109,EXP_LinearModel_Alpha158_csi300_custom_step0_s_20261001_18,948d1ae38b0e47fbbf575abf7ec78efb,0.09,,,
1244,2026-09-30,SZ002594,0.028397319838404655,EXP_LinearModel_Alpha158_csi300_custom_step0_s_20261001_18,948d1ae38b0e47fbbf575abf7ec78efb,0.09,,,
1245,2026-09-30,SZ002558,0.0034239282831549644,EXP_LinearModel_Alpha158_csi300_custom_step0_s_20261001_18,948d1ae38b0e47fbbf575abf7ec78efb,0.09,,,
1246,2026-09-30,SZ002532,-0.041274767369031906,EXP_LinearModel_Alpha158_csi300_custom_step0_s_20261001_18,948d1ae38b0e47fbbf575abf7ec78efb,0.09,,,
1247,2026-09-30,SZ002493,-0.051588039845228195,EXP_LinearModel_Alpha158_csi300_custom_step0_s_20261001_18,948d1ae38b0e47fbbf575abf7ec78efb,0.09,,,
1248,2026-09-30,SZ002648,-0.009844041429460049,EXP_LinearModel_Alpha158_csi300_custom_step0_s_20261001_18,948d1ae38b0e47fbbf575abf7ec78efb,0.09,,,
1249,2026-09-30,SZ300661,-0.06001172959804535,EXP_LinearModel_Alpha158_csi300_custom_step0_s_20261001_18,948d1ae38b0e47fbbf575abf7ec78efb,0.09,,,
1250,2026-09-30,SZ300015,-0.001864070538431406,EXP_LinearModel_Alpha158_csi300_custom_step0_s_20261001_18,948d1ae38b0e47fbbf575abf7ec78efb,0.09,,,
1251,2026-09-30,SZ300059,-0.009009654633700848,EXP_LinearModel_Alpha158_csi300_custom_step0_s_20261001_18,948d1ae38b0e47fbbf575abf7ec78efb,0.09,,,
1252,2026-09-30,SZ300502,0.016085410490632057,EXP_LinearModel_Alpha158_csi300_custom_step0_s_20261001_18,948d1ae38b0e47fbbf575abf7ec78efb,0.09,,,
1253,2026-09-30,SZ300498,-0.032710373401641846,EXP_LinearModel_Alpha158_csi300_custom_step0_s_20261001_18,948d1ae38b0e47fbbf575abf7ec78efb,0.09,,,
1254,2026-09-30,SZ300476,0.003186169546097517,EXP_LinearModel_Alpha158_csi300_custom_step0_s_20261001_18,948d1ae38b0e47fbbf575abf7ec78efb,0.09,,,
1255,2026-09-30,SZ300450,-0.024967612698674202,EXP_LinearModel_Alpha158_csi300_custom_step0_s_20261001_18,948d1ae38b0e47fbbf575abf7ec78efb,0.09,,,
1256,2026-09-30,SZ300442,-0.021341372281312943,EXP_LinearModel_Alpha158_csi300_custom_step0_s_20261001_18,948d1ae38b0e47fbbf575abf7ec78efb,0.09,,,
1257,2026-09-30,SZ300433,-0.12457600235939026,EXP_LinearModel_Alpha158_csi300_custom_step0_s_20261001_18,948d1ae38b0e47fbbf575abf7ec78efb,0.09,,,
1258,2026-09-30,SZ300418,-0.022790955379605293,EXP_LinearModel_Alpha158_csi300_custom_step0_s_20261001_18,948d1ae38b0e47fbbf575abf7ec78efb,0.09,,,
1259,2026-09-30,SZ300033,0.000680859200656414,EXP_LinearModel_Alpha158_csi300_custom_step0_s_20261001_18,948d1ae38b0e47fbbf575abf7ec78efb,0.09,,,
1260,2026-09-30,SZ300413,-0.034414902329444885,EXP_LinearModel_Alpha158_csi300_custom_step0_s_20261001_18,948d1ae38b0e47fbbf575abf7ec78efb,0.09,,,
1261,2026-09-30,SZ300394,-0.07045667618513107,EXP_LinearModel_Alpha158_csi300_custom_step0_s_20261001_18,948d1ae38b0e47fbbf575abf7ec78efb,0.09,,,
1262,2026-09-30,SZ300316,-0.04832904785871506,EXP_LinearModel_Alpha158_csi300_custom_step0_s_20261001_18,948d1ae38b0e47fbbf575abf7ec78efb,0.09,,,
1263,2026-09-30,SZ300308,0.027111077681183815,EXP_LinearModel_Alpha158_csi300_custom_step0_s_20261001_18,948d1ae38b0e47fbbf575abf7ec78efb,0.09,,,
1264,2026-09-30,SZ300274,0.04445461928844452,EXP_LinearModel_Alpha158_csi300_custom_step0_s_20261001_18,948d1ae38b0e47fbbf575abf7ec78efb,0.09,,,
1265,2026-09-30,SZ300251,-0.02923753671348095,EXP_LinearModel_Alpha158_csi300_custom_step0_s_20261001_18,948d1ae38b0e47fbbf575abf7ec78efb,0.09,,,
1266,2026-09-30,SZ300124,0.017467651516199112,EXP_LinearModel_Alpha158_csi300_custom_step0_s_20261001_18,948d1ae38b0e47fbbf575abf7ec78efb,0.09,,,
1267,2026-09-30,SZ300122,-0.0059942519292235374,EXP_LinearModel_Alpha158_csi300_custom_step0_s_20261001_18,948d1ae38b0e47fbbf575abf7ec78efb,0.09,,,
1268,2026-09-30,SZ300408,-0.06876983493566513,EXP_LinearModel_Alpha158_csi300_custom_step0_s_20261001_18,948d1ae38b0e47fbbf575abf7ec78efb,0.09,,,
1269,2026-09-30,SH601985,0.09020673090804751,EXP_DEnsembleModel_Alpha158_csi300_custom_step0_s_20261001_18,86a715a9d70d477ab3f17c9d51121c5f,0.01,,,
1270,2026-09-30,SZ001965,0.03626617416739464,EXP_LinearModel_Alpha158_csi300_custom_step0_s_20261001_18,fd2318935efd4829b2d56c98827a3be7,0.055,,,
1271,2026-09-30,SZ002001,-0.003333378117531538,EXP_LinearModel_Alpha158_csi300_custom_step0_s_20261001_18,fd2318935efd4829b2d56c98827a3be7,0.055,,,
1272,2026-09-30,SH688183,-0.01961052045226097,EXP_XGBModel_Alpha158_csi300_custom_step0_s_20261001_18,b57ce80944b143588916c49367247eb8,0.053,,,
1273,2026-09-30,SH688126,-0.046931177377700806,EXP_XGBModel_Alpha158_csi300_custom_step0_s_20261001_18,b57ce80944b143588916c49367247eb8,0.053,,,
1274,2026-09-30,SH688111,-0.031138505786657333,EXP_XGBModel_Alpha158_csi300_custom_step0_s_20261001_18,b57ce80944b143588916c49367247eb8,0.053,,,
1275,2026-09-30,SH688082,-0.04419056326150894,EXP_XGBModel_Alpha158_csi300_custom_step0_s_20261001_18,b57ce80944b143588916c49367247eb8,0.053,,,
1276,2026-09-30,SH688072,0.00016450337716378272,EXP_XGBModel_Alpha158_csi300_custom_step0_s_20261001_18,b57ce80944b143588916c49367247eb8,0.053,,,
1277,2026-09-30,SH688047,-0.05105433613061905,EXP_XGBModel_Alpha158_csi300_custom_step0_s_20261001_18,b57ce80944b143588916c49367247eb8,0.053,,,
1278,2026-09-30,SH688041,0.22115424275398254,EXP_XGBModel_Alpha158_csi300_custom_step0_s_20261001_18,b57ce80944b143588916c49367247eb8,0.053,,,
1279,2026-09-30,SH688036,-0.03709995001554489,EXP_XGBModel_Alpha158_csi300_custom_step0_s_20261001_18,b57ce80944b143588916c49367247eb8,0.053,,,
1280,2026-09-30,SH688012,-0.07670392841100693,EXP_XGBModel_Alpha158_csi300_custom_step0_s_20261001_18,b57ce80944b143588916c49367247eb8,0.053,,,
1281,2026-09-30,SH688009,-0.008503252640366554,EXP_XGBModel_Alpha158_csi300_custom_step0_s_20261001_18,b57ce80944b143588916c49367247eb8,0.053,,,
1282,2026-09-30,SH688008,-0.005731343291699886,EXP_XGBModel_Alpha158_csi300_custom_step0_s_20261001_18,b57ce80944b143588916c49367247eb8,0.053,,,
1283,2026-09-30,SH605499,-0.02264958620071411,EXP_XGBModel_Alpha158_csi300_custom_step0_s_20261001_18,b57ce80944b143588916c49367247eb8,0.053,,,
1284,2026-09-30,SH605117,-0.005055736284703016,EXP_XGBModel_Alpha158_csi300_custom_step0_s_20261001_18,b57ce80944b143588916c49367247eb8,0.053,,,
1285,2026-09-30,SH603993,-0.0141458073630929,EXP_XGBModel_Alpha158_csi300_custom_step0_s_20261001_18,b57ce80944b143588916c49367247eb8,0.053,,,
1286,2026-09-30,SH603986,-0.05116625502705574,EXP_XGBModel_Alpha158_csi300_custom_step0_s_20261001_18,b57ce80944b143588916c49367247eb8,0.053,,,
1287,2026-09-30,SH688223,-0.026927944272756577,EXP_XGBModel_Alpha158_csi300_custom_step0_s_20261001_18,b57ce80944b143588916c49367247eb8,0.053,,,
1288,2026-09-30,SH688256,-0.06584523618221283,EXP_XGBModel_Alpha158_csi300_custom_step0_s_20261001_18,b57ce80944b143588916c49367247eb8,0.053,,,
1289,2026-09-30,SH688271,-0.03321969509124756,EXP_XGBModel_Alpha158_csi300_custom_step0_s_20261001_18,b57ce80944b143588916c49367247eb8,0.053,,,
1290,2026-09-30,SH688303,-0.03366600349545479,EXP_XGBModel_Alpha158_csi300_custom_step0_s_20261001_18,b57ce80944b143588916c49367247eb8,0.053,,,
1291,2026-09-30,SZ000425,-0.02136984094977379,EXP_XGBModel_Alpha158_csi300_custom_step0_s_20261001_18,b57ce80944b143588916c49367247eb8,0.053,,,
1292,2026-09-30,SZ000408,-0.010723835788667202,EXP_XGBModel_Alpha158_csi300_custom_step0_s_20261001_18,b57ce80944b143588916c49367247eb8,0.053,,,
1293,2026-09-30,SZ000338,-0.04453105479478836,EXP_XGBModel_Alpha158_csi300_custom_step0_s_20261001_18,b57ce80944b143588916c49367247eb8,0.053,,,
1294,2026-09-30,SZ000333,0.005384521093219519,EXP_XGBModel_Alpha158_csi300_custom_step0_s_20261001_18,b57ce80944b143588916c49367247eb8,0.053,,,
1295,2026-09-30,SZ000301,-0.016982996836304665,EXP_XGBModel_Alpha158_csi300_custom_step0_s_20261001_18,b57ce80944b143588916c49367247eb8,0.053,,,
1296,2026-09-30,SZ000166,0.028798338025808334,EXP_XGBModel_Alpha158_csi300_custom_step0_s_20261001_18,b57ce80944b143588916c49367247eb8,0.053,,,
1297,2026-09-30,SZ000157,-0.0421428456902504,EXP_XGBModel_Alpha158_csi300_custom_step0_s_20261001_18,b57ce80944b143588916c49367247eb8,0.053,,,
1298,2026-09-30,SH603893,0.011846057139337063,EXP_XGBModel_Alpha158_csi300_custom_step0_s_20261001_18,b57ce80944b143588916c49367247eb8,0.053,,,
1299,2026-09-30,SZ000100,-0.04067080840468407,EXP_XGBModel_Alpha158_csi300_custom_step0_s_20261001_18,b57ce80944b143588916c49367247eb8,0.053,,,
1300,2026-09-30,SZ000002,0.022279635071754456,EXP_XGBModel_Alpha158_csi300_custom_step0_s_20261001_18,b57ce80944b143588916c49367247eb8,0.053,,,
1301,2026-09-30,SZ000001,0.055028706789016724,EXP_XGBModel_Alpha158_csi300_custom_step0_s_20261001_18,b57ce80944b143588916c49367247eb8,0.053,,,
1302,2026-09-30,SH688981,0.01890399679541588,EXP_XGBModel_Alpha158_csi300_custom_step0_s_20261001_18,b57ce80944b143588916c49367247eb8,0.053,,,
1303,2026-09-30,SH688521,-0.040828533470630646,EXP_XGBModel_Alpha158_csi300_custom_step0_s_20261001_18,b57ce80944b143588916c49367247eb8,0.053,,,
1304,2026-09-30,SH688506,-0.06771406531333923,EXP_XGBModel_Alpha158_csi300_custom_step0_s_20261001_18,b57ce80944b143588916c49367247eb8,0.053,,,
1305,2026-09-30,SH688472,-0.1850702464580536,EXP_XGBModel_Alpha158_csi300_custom_step0_s_20261001_18,b57ce80944b143588916c49367247eb8,0.053,,,
1306,2026-09-30,SH688396,-0.07019201666116714,EXP_XGBModel_Alpha158_csi300_custom_step0_s_20261001_18,b57ce80944b143588916c49367247eb8,0.053,,,
1307,2026-09-30,SZ000063,-0.05097893625497818,EXP_XGBModel_Alpha158_csi300_custom_step0_s_20261001_18,b57ce80944b143588916c49367247eb8,0.053,,,
1308,2026-09-30,SH603799,-0.03675252944231033,EXP_XGBModel_Alpha158_csi300_custom_step0_s_20261001_18,b57ce80944b143588916c49367247eb8,0.053,,,
1309,2026-09-30,SH603501,-0.02813638374209404,EXP_XGBModel_Alpha158_csi300_custom_step0_s_20261001_18,b57ce80944b143588916c49367247eb8,0.053,,,
1310,2026-09-30,SH603392,-0.0385400764644146,EXP_XGBModel_Alpha158_csi300_custom_step0_s_20261001_18,b57ce80944b143588916c49367247eb8,0.053,,,
1311,2026-09-30,SH601872,-0.02518833614885807,EXP_XGBModel_Alpha158_csi300_custom_step0_s_20261001_18,b57ce80944b143588916c49367247eb8,0.053,,,
1312,2026-09-30,SH601868,0.0069321319460868835,EXP_XGBModel_Alpha158_csi300_custom_step0_s_20261001_18,b57ce80944b143588916c49367247eb8,0.053,,,
1313,2026-09-30,SH601857,0.017313042655587196,EXP_XGBModel_Alpha158_csi300_custom_step0_s_20261001_18,b57ce80944b143588916c49367247eb8,0.053,,,
1314,2026-09-30,SH601838,0.019381804391741753,EXP_XGBModel_Alpha158_csi300_custom_step0_s_20261001_18,b57ce80944b143588916c49367247eb8,0.053,,,
1315,2026-09-30,SH601825,0.03268643841147423,EXP_XGBModel_Alpha158_csi300_custom_step0_s_20261001_18,b57ce80944b143588916c49367247eb8,0.053,,,
1316,2026-09-30,SH601818,0.062428951263427734,EXP_XGBModel_Alpha158_csi300_custom_step0_s_20261001_18,b57ce80944b143588916c49367247eb8,0.053,,,
1317,2026-09-30,SH601816,0.037902239710092545,EXP_XGBModel_Alpha158_csi300_custom_step0_s_20261001_18,b57ce80944b143588916c49367247eb8,0.053,,,
1318,2026-09-30,SH601877,0.04658230394124985,EXP_XGBModel_Alpha158_csi300_custom_step0_s_20261001_18,b57ce80944b143588916c49367247eb8,0.053,,,
1319,2026-09-30,SH601800,0.07237199693918228,EXP_XGBModel_Alpha158_csi300_custom_step0_s_20261001_18,b57ce80944b143588916c49367247eb8,0.053,,,
1320,2026-09-30,SH601766,0.017975633963942528,EXP_XGBModel_Alpha158_csi300_custom_step0_s_20261001_18,b57ce80944b143588916c49367247eb8,0.053,,,
1321,2026-09-30,SH601728,0.055220164358615875,EXP_XGBModel_Alpha158_csi300_custom_step0_s_20261001_18,b57ce80944b143588916c49367247eb8,0.053,,,
1322,2026-09-30,SH601727,-0.0021302683744579554,EXP_XGBModel_Alpha158_csi300_custom_step0_s_20261001_18,b57ce80944b143588916c49367247eb8,0.053,,,
1323,2026-09-30,SH601698,-0.041121505200862885,EXP_XGBModel_Alpha158_csi300_custom_step0_s_20261001_18,b57ce80944b143588916c49367247eb8,0.053,,,
1324,2026-09-30,SH601689,-0.055060479789972305,EXP_XGBModel_Alpha158_csi300_custom_step0_s_20261001_18,b57ce80944b143588916c49367247eb8,0.053,,,
1325,2026-09-30,SH601688,-0.005366259254515171,EXP_XGBModel_Alpha158_csi300_custom_step0_s_20261001_18,b57ce80944b143588916c49367247eb8,0.053,,,
1326,2026-09-30,SH601669,0.014134952798485756,EXP_XGBModel_Alpha158_csi300_custom_step0_s_20261001_18,b57ce80944b143588916c49367247eb8,0.053,,,
1327,2026-09-30,SH601788,-0.002778584137558937,EXP_XGBModel_Alpha158_csi300_custom_step0_s_20261001_18,b57ce80944b143588916c49367247eb8,0.053,,,
1328,2026-09-30,SZ000538,0.08883726596832275,EXP_XGBModel_Alpha158_csi300_custom_step0_s_20261001_18,b57ce80944b143588916c49367247eb8,0.053,,,
1329,2026-09-30,SH601878,0.011238183826208115,EXP_XGBModel_Alpha158_csi300_custom_step0_s_20261001_18,b57ce80944b143588916c49367247eb8,0.053,,,
1330,2026-09-30,SH601888,-0.00020152179058641195,EXP_XGBModel_Alpha158_csi300_custom_step0_s_20261001_18,b57ce80944b143588916c49367247eb8,0.053,,,
1331,2026-09-30,SH603369,-0.0735669806599617,EXP_XGBModel_Alpha158_csi300_custom_step0_s_20261001_18,b57ce80944b143588916c49367247eb8,0.053,,,
1332,2026-09-30,SH603296,-0.01523753721266985,EXP_XGBModel_Alpha158_csi300_custom_step0_s_20261001_18,b57ce80944b143588916c49367247eb8,0.053,,,
1333,2026-09-30,SH603288,-0.010906294919550419,EXP_XGBModel_Alpha158_csi300_custom_step0_s_20261001_18,b57ce80944b143588916c49367247eb8,0.053,,,
1334,2026-09-30,SH603260,-0.03515308350324631,EXP_XGBModel_Alpha158_csi300_custom_step0_s_20261001_18,b57ce80944b143588916c49367247eb8,0.053,,,
1335,2026-09-30,SH603259,-0.031102439388632774,EXP_XGBModel_Alpha158_csi300_custom_step0_s_20261001_18,b57ce80944b143588916c49367247eb8,0.053,,,
1336,2026-09-30,SH603019,-0.03253313899040222,EXP_XGBModel_Alpha158_csi300_custom_step0_s_20261001_18,b57ce80944b143588916c49367247eb8,0.053,,,
1337,2026-09-30,SH601998,0.13474926352500916,EXP_XGBModel_Alpha158_csi300_custom_step0_s_20261001_18,b57ce80944b143588916c49367247eb8,0.053,,,
1338,2026-09-30,SH601881,-0.013296390883624554,EXP_XGBModel_Alpha158_csi300_custom_step0_s_20261001_18,b57ce80944b143588916c49367247eb8,0.053,,,
1339,2026-09-30,SH601995,-0.030559083446860313,EXP_XGBModel_Alpha158_csi300_custom_step0_s_20261001_18,b57ce80944b143588916c49367247eb8,0.053,,,
1340,2026-09-30,SH601985,0.06549359112977982,EXP_XGBModel_Alpha158_csi300_custom_step0_s_20261001_18,b57ce80944b143588916c49367247eb8,0.053,,,
1341,2026-09-30,SH601939,0.09674926102161407,EXP_XGBModel_Alpha158_csi300_custom_step0_s_20261001_18,b57ce80944b143588916c49367247eb8,0.053,,,
1342,2026-09-30,SH601919,0.02596876583993435,EXP_XGBModel_Alpha158_csi300_custom_step0_s_20261001_18,b57ce80944b143588916c49367247eb8,0.053,,,
1343,2026-09-30,SH601916,0.03263935446739197,EXP_XGBModel_Alpha158_csi300_custom_step0_s_20261001_18,b57ce80944b143588916c49367247eb8,0.053,,,
1344,2026-09-30,SH601901,0.01660029962658882,EXP_XGBModel_Alpha158_csi300_custom_step0_s_20261001_18,b57ce80944b143588916c49367247eb8,0.053,,,
1345,2026-09-30,SH601899,-0.009518361650407314,EXP_XGBModel_Alpha158_csi300_custom_step0_s_20261001_18,b57ce80944b143588916c49367247eb8,0.053,,,
1346,2026-09-30,SH601898,0.02333439327776432,EXP_XGBModel_Alpha158_csi300_custom_step0_s_20261001_18,b57ce80944b143588916c49367247eb8,0.053,,,
1347,2026-09-30,SH601988,0.06610868871212006,EXP_XGBModel_Alpha158_csi300_custom_step0_s_20261001_18,b57ce80944b143588916c49367247eb8,0.053,,,
1348,2026-09-30,SH601668,0.005411922466009855,EXP_XGBModel_Alpha158_csi300_custom_step0_s_20261001_18,b57ce80944b143588916c49367247eb8,0.053,,,
1349,2026-09-30,SZ000568,-0.045608412474393845,EXP_XGBModel_Alpha158_csi300_custom_step0_s_20261001_18,b57ce80944b143588916c49367247eb8,0.053,,,
1350,2026-09-30,SZ000617,-0.016399724408984184,EXP_XGBModel_Alpha158_csi300_custom_step0_s_20261001_18,b57ce80944b143588916c49367247eb8,0.053,,,
1351,2026-09-30,SZ002709,-0.044977158308029175,EXP_XGBModel_Alpha158_csi300_custom_step0_s_20261001_18,b57ce80944b143588916c49367247eb8,0.053,,,
1352,2026-09-30,SZ002648,-0.002556737745180726,EXP_XGBModel_Alpha158_csi300_custom_step0_s_20261001_18,b57ce80944b143588916c49367247eb8,0.053,,,
1353,2026-09-30,SZ002625,-0.06497512012720108,EXP_XGBModel_Alpha158_csi300_custom_step0_s_20261001_18,b57ce80944b143588916c49367247eb8,0.053,,,
1354,2026-09-30,SZ002602,-0.03730042651295662,EXP_XGBModel_Alpha158_csi300_custom_step0_s_20261001_18,b57ce80944b143588916c49367247eb8,0.053,,,
1355,2026-09-30,SZ002600,-0.03787258267402649,EXP_XGBModel_Alpha158_csi300_custom_step0_s_20261001_18,b57ce80944b143588916c49367247eb8,0.053,,,
1356,2026-09-30,SZ002594,-0.002364273415878415,EXP_XGBModel_Alpha158_csi300_custom_step0_s_20261001_18,b57ce80944b143588916c49367247eb8,0.053,,,
1357,2026-09-30,SZ002558,-0.009637962095439434,EXP_XGBModel_Alpha158_csi300_custom_step0_s_20261001_18,b57ce80944b143588916c49367247eb8,0.053,,,
1358,2026-09-30,SZ002532,-0.030177785083651543,EXP_XGBModel_Alpha158_csi300_custom_step0_s_20261001_18,b57ce80944b143588916c49367247eb8,0.053,,,
1359,2026-09-30,SZ002493,-0.04293559491634369,EXP_XGBModel_Alpha158_csi300_custom_step0_s_20261001_18,b57ce80944b143588916c49367247eb8,0.053,,,
1360,2026-09-30,SZ002475,-0.03548340126872063,EXP_XGBModel_Alpha158_csi300_custom_step0_s_20261001_18,b57ce80944b143588916c49367247eb8,0.053,,,
1361,2026-09-30,SZ002466,-0.03571026027202606,EXP_XGBModel_Alpha158_csi300_custom_step0_s_20261001_18,b57ce80944b143588916c49367247eb8,0.053,,,
1362,2026-09-30,SZ002463,-0.027216533198952675,EXP_XGBModel_Alpha158_csi300_custom_step0_s_20261001_18,b57ce80944b143588916c49367247eb8,0.053,,,
1363,2026-09-30,SZ002460,0.05039440095424652,EXP_XGBModel_Alpha158_csi300_custom_step0_s_20261001_18,b57ce80944b143588916c49367247eb8,0.053,,,
1364,2026-09-30,SZ002422,-0.034648239612579346,EXP_XGBModel_Alpha158_csi300_custom_step0_s_20261001_18,b57ce80944b143588916c49367247eb8,0.053,,,
1365,2026-09-30,SZ002415,-0.006855803541839123,EXP_XGBModel_Alpha158_csi300_custom_step0_s_20261001_18,b57ce80944b143588916c49367247eb8,0.053,,,
1366,2026-09-30,SZ002714,0.012375342659652233,EXP_XGBModel_Alpha158_csi300_custom_step0_s_20261001_18,b57ce80944b143588916c49367247eb8,0.053,,,
1367,2026-09-30,SZ002736,0.022442296147346497,EXP_XGBModel_Alpha158_csi300_custom_step0_s_20261001_18,b57ce80944b143588916c49367247eb8,0.053,,,
1368,2026-09-30,SZ002837,-0.08274193108081818,EXP_XGBModel_Alpha158_csi300_custom_step0_s_20261001_18,b57ce80944b143588916c49367247eb8,0.053,,,
1369,2026-09-30,SZ002916,0.019121503457427025,EXP_XGBModel_Alpha158_csi300_custom_step0_s_20261001_18,b57ce80944b143588916c49367247eb8,0.053,,,
1370,2026-09-30,SZ300413,0.17103777825832367,EXP_XGBModel_Alpha158_csi300_custom_step0_s_20261001_18,b57ce80944b143588916c49367247eb8,0.053,,,
1371,2026-09-30,SZ300408,-0.04513925313949585,EXP_XGBModel_Alpha158_csi300_custom_step0_s_20261001_18,b57ce80944b143588916c49367247eb8,0.053,,,
1372,2026-09-30,SZ300394,-0.0859796553850174,EXP_XGBModel_Alpha158_csi300_custom_step0_s_20261001_18,b57ce80944b143588916c49367247eb8,0.053,,,
1373,2026-09-30,SZ300316,-0.2160772979259491,EXP_XGBModel_Alpha158_csi300_custom_step0_s_20261001_18,b57ce80944b143588916c49367247eb8,0.053,,,
1374,2026-09-30,SZ300308,-0.1303407847881317,EXP_XGBModel_Alpha158_csi300_custom_step0_s_20261001_18,b57ce80944b143588916c49367247eb8,0.053,,,
1375,2026-09-30,SZ300274,0.07869211584329605,EXP_XGBModel_Alpha158_csi300_custom_step0_s_20261001_18,b57ce80944b143588916c49367247eb8,0.053,,,
1376,2026-09-30,SZ300251,-0.002979627810418606,EXP_XGBModel_Alpha158_csi300_custom_step0_s_20261001_18,b57ce80944b143588916c49367247eb8,0.053,,,
1377,2026-09-30,SZ002384,-0.3031623661518097,EXP_XGBModel_Alpha158_csi300_custom_step0_s_20261001_18,b57ce80944b143588916c49367247eb8,0.053,,,
1378,2026-09-30,SZ300124,-0.004002224653959274,EXP_XGBModel_Alpha158_csi300_custom_step0_s_20261001_18,b57ce80944b143588916c49367247eb8,0.053,,,
1379,2026-09-30,SZ300059,-0.031236620619893074,EXP_XGBModel_Alpha158_csi300_custom_step0_s_20261001_18,b57ce80944b143588916c49367247eb8,0.053,,,
1380,2026-09-30,SZ300033,-0.0294373519718647,EXP_XGBModel_Alpha158_csi300_custom_step0_s_20261001_18,b57ce80944b143588916c49367247eb8,0.053,,,
1381,2026-09-30,SZ300015,-0.008423767052590847,EXP_XGBModel_Alpha158_csi300_custom_step0_s_20261001_18,b57ce80944b143588916c49367247eb8,0.053,,,
1382,2026-09-30,SZ300014,-0.04751721769571304,EXP_XGBModel_Alpha158_csi300_custom_step0_s_20261001_18,b57ce80944b143588916c49367247eb8,0.053,,,
1383,2026-09-30,SZ003816,0.03460081294178963,EXP_XGBModel_Alpha158_csi300_custom_step0_s_20261001_18,b57ce80944b143588916c49367247eb8,0.053,,,
1384,2026-09-30,SZ002938,-0.07493780553340912,EXP_XGBModel_Alpha158_csi300_custom_step0_s_20261001_18,b57ce80944b143588916c49367247eb8,0.053,,,
1385,2026-09-30,SZ002920,-0.012869304046034813,EXP_XGBModel_Alpha158_csi300_custom_step0_s_20261001_18,b57ce80944b143588916c49367247eb8,0.053,,,
1386,2026-09-30,SZ300122,0.031325072050094604,EXP_XGBModel_Alpha158_csi300_custom_step0_s_20261001_18,b57ce80944b143588916c49367247eb8,0.053,,,
1387,2026-09-30,SZ002371,-0.08177760243415833,EXP_XGBModel_Alpha158_csi300_custom_step0_s_20261001_18,b57ce80944b143588916c49367247eb8,0.053,,,
1388,2026-09-30,SZ002353,0.009243643842637539,EXP_XGBModel_Alpha158_csi300_custom_step0_s_20261001_18,b57ce80944b143588916c49367247eb8,0.053,,,
1389,2026-09-30,SZ002352,0.007947578094899654,EXP_XGBModel_Alpha158_csi300_custom_step0_s_20261001_18,b57ce80944b143588916c49367247eb8,0.053,,,
1390,2026-09-30,SZ000977,-0.07313289493322372,EXP_XGBModel_Alpha158_csi300_custom_step0_s_20261001_18,b57ce80944b143588916c49367247eb8,0.053,,,
1391,2026-09-30,SZ000975,-0.006905197165906429,EXP_XGBModel_Alpha158_csi300_custom_step0_s_20261001_18,b57ce80944b143588916c49367247eb8,0.053,,,
1392,2026-09-30,SZ000963,-0.03298742324113846,EXP_XGBModel_Alpha158_csi300_custom_step0_s_20261001_18,b57ce80944b143588916c49367247eb8,0.053,,,
1393,2026-09-30,SZ000938,-0.01505839079618454,EXP_XGBModel_Alpha158_csi300_custom_step0_s_20261001_18,b57ce80944b143588916c49367247eb8,0.053,,,
1394,2026-09-30,SZ000895,0.0223586056381464,EXP_XGBModel_Alpha158_csi300_custom_step0_s_20261001_18,b57ce80944b143588916c49367247eb8,0.053,,,
1395,2026-09-30,SZ000858,0.016740184277296066,EXP_XGBModel_Alpha158_csi300_custom_step0_s_20261001_18,b57ce80944b143588916c49367247eb8,0.053,,,
1396,2026-09-30,SZ000807,-0.006826136726886034,EXP_XGBModel_Alpha158_csi300_custom_step0_s_20261001_18,b57ce80944b143588916c49367247eb8,0.053,,,
1397,2026-09-30,SZ000988,-0.10605377703905106,EXP_XGBModel_Alpha158_csi300_custom_step0_s_20261001_18,b57ce80944b143588916c49367247eb8,0.053,,,
1398,2026-09-30,SZ000792,-0.029050219804048538,EXP_XGBModel_Alpha158_csi300_custom_step0_s_20261001_18,b57ce80944b143588916c49367247eb8,0.053,,,
1399,2026-09-30,SZ000768,0.010009192861616611,EXP_XGBModel_Alpha158_csi300_custom_step0_s_20261001_18,b57ce80944b143588916c49367247eb8,0.053,,,
1400,2026-09-30,SZ000725,-0.0832945704460144,EXP_XGBModel_Alpha158_csi300_custom_step0_s_20261001_18,b57ce80944b143588916c49367247eb8,0.053,,,
1401,2026-09-30,SZ000708,-0.005071074701845646,EXP_XGBModel_Alpha158_csi300_custom_step0_s_20261001_18,b57ce80944b143588916c49367247eb8,0.053,,,
1402,2026-09-30,SZ000657,-0.15414005517959595,EXP_XGBModel_Alpha158_csi300_custom_step0_s_20261001_18,b57ce80944b143588916c49367247eb8,0.053,,,
1403,2026-09-30,SZ000651,0.026056380942463875,EXP_XGBModel_Alpha158_csi300_custom_step0_s_20261001_18,b57ce80944b143588916c49367247eb8,0.053,,,
1404,2026-09-30,SZ000630,-0.020446928218007088,EXP_XGBModel_Alpha158_csi300_custom_step0_s_20261001_18,b57ce80944b143588916c49367247eb8,0.053,,,
1405,2026-09-30,SZ000625,0.01655556447803974,EXP_XGBModel_Alpha158_csi300_custom_step0_s_20261001_18,b57ce80944b143588916c49367247eb8,0.053,,,
1406,2026-09-30,SZ000776,-0.040890395641326904,EXP_XGBModel_Alpha158_csi300_custom_step0_s_20261001_18,b57ce80944b143588916c49367247eb8,0.053,,,
1407,2026-09-30,SZ000596,0.038629066199064255,EXP_XGBModel_Alpha158_csi300_custom_step0_s_20261001_18,b57ce80944b143588916c49367247eb8,0.053,,,
1408,2026-09-30,SZ000999,0.007693350315093994,EXP_XGBModel_Alpha158_csi300_custom_step0_s_20261001_18,b57ce80944b143588916c49367247eb8,0.053,,,
1409,2026-09-30,SZ001391,-0.012408936396241188,EXP_XGBModel_Alpha158_csi300_custom_step0_s_20261001_18,b57ce80944b143588916c49367247eb8,0.053,,,
1410,2026-09-30,SZ002311,-0.015140975825488567,EXP_XGBModel_Alpha158_csi300_custom_step0_s_20261001_18,b57ce80944b143588916c49367247eb8,0.053,,,
1411,2026-09-30,SZ002304,-0.018701352179050446,EXP_XGBModel_Alpha158_csi300_custom_step0_s_20261001_18,b57ce80944b143588916c49367247eb8,0.053,,,
1412,2026-09-30,SZ002241,-0.03310927376151085,EXP_XGBModel_Alpha158_csi300_custom_step0_s_20261001_18,b57ce80944b143588916c49367247eb8,0.053,,,
1413,2026-09-30,SZ002236,0.005379762500524521,EXP_XGBModel_Alpha158_csi300_custom_step0_s_20261001_18,b57ce80944b143588916c49367247eb8,0.053,,,
1414,2026-09-30,SZ002230,-0.01870029792189598,EXP_XGBModel_Alpha158_csi300_custom_step0_s_20261001_18,b57ce80944b143588916c49367247eb8,0.053,,,
1415,2026-09-30,SZ002202,-0.046835578978061676,EXP_XGBModel_Alpha158_csi300_custom_step0_s_20261001_18,b57ce80944b143588916c49367247eb8,0.053,,,
1416,2026-09-30,SZ002179,-0.04983397200703621,EXP_XGBModel_Alpha158_csi300_custom_step0_s_20261001_18,b57ce80944b143588916c49367247eb8,0.053,,,
1417,2026-09-30,SZ001280,-0.0337333120405674,EXP_XGBModel_Alpha158_csi300_custom_step0_s_20261001_18,b57ce80944b143588916c49367247eb8,0.053,,,
1418,2026-09-30,SZ002142,0.0674322247505188,EXP_XGBModel_Alpha158_csi300_custom_step0_s_20261001_18,b57ce80944b143588916c49367247eb8,0.053,,,
1419,2026-09-30,SZ002050,-0.04704143479466438,EXP_XGBModel_Alpha158_csi300_custom_step0_s_20261001_18,b57ce80944b143588916c49367247eb8,0.053,,,
1420,2026-09-30,SZ002049,-0.06394193321466446,EXP_XGBModel_Alpha158_csi300_custom_step0_s_20261001_18,b57ce80944b143588916c49367247eb8,0.053,,,
1421,2026-09-30,SZ002028,0.08280369639396667,EXP_XGBModel_Alpha158_csi300_custom_step0_s_20261001_18,b57ce80944b143588916c49367247eb8,0.053,,,
1422,2026-09-30,SZ002027,0.00018333690240979195,EXP_XGBModel_Alpha158_csi300_custom_step0_s_20261001_18,b57ce80944b143588916c49367247eb8,0.053,,,
1423,2026-09-30,SZ002001,-0.006369335576891899,EXP_XGBModel_Alpha158_csi300_custom_step0_s_20261001_18,b57ce80944b143588916c49367247eb8,0.053,,,
1424,2026-09-30,SZ001979,0.06868770718574524,EXP_XGBModel_Alpha158_csi300_custom_step0_s_20261001_18,b57ce80944b143588916c49367247eb8,0.053,,,
1425,2026-09-30,SZ001965,0.0522322840988636,EXP_XGBModel_Alpha158_csi300_custom_step0_s_20261001_18,b57ce80944b143588916c49367247eb8,0.053,,,
1426,2026-09-30,SZ002074,0.028097450733184814,EXP_XGBModel_Alpha158_csi300_custom_step0_s_20261001_18,b57ce80944b143588916c49367247eb8,0.053,,,
1427,2026-09-30,SH601658,-0.028111780062317848,EXP_XGBModel_Alpha158_csi300_custom_step0_s_20261001_18,b57ce80944b143588916c49367247eb8,0.053,,,
1428,2026-09-30,SH601633,-0.009715249761939049,EXP_XGBModel_Alpha158_csi300_custom_step0_s_20261001_18,b57ce80944b143588916c49367247eb8,0.053,,,
1429,2026-09-30,SH601628,-0.003543035825714469,EXP_XGBModel_Alpha158_csi300_custom_step0_s_20261001_18,b57ce80944b143588916c49367247eb8,0.053,,,
1430,2026-09-30,SH600050,0.045881662517786026,EXP_XGBModel_Alpha158_csi300_custom_step0_s_20261001_18,b57ce80944b143588916c49367247eb8,0.053,,,
1431,2026-09-30,SH600048,0.00860984344035387,EXP_XGBModel_Alpha158_csi300_custom_step0_s_20261001_18,b57ce80944b143588916c49367247eb8,0.053,,,
1432,2026-09-30,SH600039,0.0066243503242731094,EXP_XGBModel_Alpha158_csi300_custom_step0_s_20261001_18,b57ce80944b143588916c49367247eb8,0.053,,,
1433,2026-09-30,SH600036,0.06885097175836563,EXP_XGBModel_Alpha158_csi300_custom_step0_s_20261001_18,b57ce80944b143588916c49367247eb8,0.053,,,
1434,2026-09-30,SH600031,-0.015182766132056713,EXP_XGBModel_Alpha158_csi300_custom_step0_s_20261001_18,b57ce80944b143588916c49367247eb8,0.053,,,
1435,2026-09-30,SH600030,-0.008814901113510132,EXP_XGBModel_Alpha158_csi300_custom_step0_s_20261001_18,b57ce80944b143588916c49367247eb8,0.053,,,
1436,2026-09-30,SH600029,0.01657872088253498,EXP_XGBModel_Alpha158_csi300_custom_step0_s_20261001_18,b57ce80944b143588916c49367247eb8,0.053,,,
1437,2026-09-30,SH600028,-0.002705737017095089,EXP_XGBModel_Alpha158_csi300_custom_step0_s_20261001_18,b57ce80944b143588916c49367247eb8,0.053,,,
1438,2026-09-30,SH600027,0.0675521269440651,EXP_XGBModel_Alpha158_csi300_custom_step0_s_20261001_18,b57ce80944b143588916c49367247eb8,0.053,,,
1439,2026-09-30,SH600026,-0.006385640241205692,EXP_XGBModel_Alpha158_csi300_custom_step0_s_20261001_18,b57ce80944b143588916c49367247eb8,0.053,,,
1440,2026-09-30,SH600025,0.06320332735776901,EXP_XGBModel_Alpha158_csi300_custom_step0_s_20261001_18,b57ce80944b143588916c49367247eb8,0.053,,,
1441,2026-09-30,SH600023,0.05931345745921135,EXP_XGBModel_Alpha158_csi300_custom_step0_s_20261001_18,b57ce80944b143588916c49367247eb8,0.053,,,
1442,2026-09-30,SH600019,0.09300172328948975,EXP_XGBModel_Alpha158_csi300_custom_step0_s_20261001_18,b57ce80944b143588916c49367247eb8,0.053,,,
1443,2026-09-30,SH600018,0.030087118968367577,EXP_XGBModel_Alpha158_csi300_custom_step0_s_20261001_18,b57ce80944b143588916c49367247eb8,0.053,,,
1444,2026-09-30,SH600016,0.01793203502893448,EXP_XGBModel_Alpha158_csi300_custom_step0_s_20261001_18,b57ce80944b143588916c49367247eb8,0.053,,,
1445,2026-09-30,SH600061,0.008964034728705883,EXP_XGBModel_Alpha158_csi300_custom_step0_s_20261001_18,b57ce80944b143588916c49367247eb8,0.053,,,
1446,2026-09-30,SH600066,-0.0214144978672266,EXP_XGBModel_Alpha158_csi300_custom_step0_s_20261001_18,b57ce80944b143588916c49367247eb8,0.053,,,
1447,2026-09-30,SH600085,0.029589032754302025,EXP_XGBModel_Alpha158_csi300_custom_step0_s_20261001_18,b57ce80944b143588916c49367247eb8,0.053,,,
1448,2026-09-30,SH600089,-0.02537541463971138,EXP_XGBModel_Alpha158_csi300_custom_step0_s_20261001_18,b57ce80944b143588916c49367247eb8,0.053,,,
1449,2026-09-30,SH600346,-0.007461519446223974,EXP_XGBModel_Alpha158_csi300_custom_step0_s_20261001_18,b57ce80944b143588916c49367247eb8,0.053,,,
1450,2026-09-30,SH600309,-0.02870939113199711,EXP_XGBModel_Alpha158_csi300_custom_step0_s_20261001_18,b57ce80944b143588916c49367247eb8,0.053,,,
1451,2026-09-30,SH600276,-0.026680996641516685,EXP_XGBModel_Alpha158_csi300_custom_step0_s_20261001_18,b57ce80944b143588916c49367247eb8,0.053,,,
1452,2026-09-30,SH600233,-0.013825402595102787,EXP_XGBModel_Alpha158_csi300_custom_step0_s_20261001_18,b57ce80944b143588916c49367247eb8,0.053,,,
1453,2026-09-30,SH600221,0.005275029689073563,EXP_XGBModel_Alpha158_csi300_custom_step0_s_20261001_18,b57ce80944b143588916c49367247eb8,0.053,,,
1454,2026-09-30,SH600219,0.000159824441652745,EXP_XGBModel_Alpha158_csi300_custom_step0_s_20261001_18,b57ce80944b143588916c49367247eb8,0.053,,,
1455,2026-09-30,SH600196,-0.022277021780610085,EXP_XGBModel_Alpha158_csi300_custom_step0_s_20261001_18,b57ce80944b143588916c49367247eb8,0.053,,,
1456,2026-09-30,SH600015,0.013186882250010967,EXP_XGBModel_Alpha158_csi300_custom_step0_s_20261001_18,b57ce80944b143588916c49367247eb8,0.053,,,
1457,2026-09-30,SH600188,-0.020709553733468056,EXP_XGBModel_Alpha158_csi300_custom_step0_s_20261001_18,b57ce80944b143588916c49367247eb8,0.053,,,
1458,2026-09-30,SH600176,-0.0701189711689949,EXP_XGBModel_Alpha158_csi300_custom_step0_s_20261001_18,b57ce80944b143588916c49367247eb8,0.053,,,
1459,2026-09-30,SH600160,-0.034443631768226624,EXP_XGBModel_Alpha158_csi300_custom_step0_s_20261001_18,b57ce80944b143588916c49367247eb8,0.053,,,
1460,2026-09-30,SH600150,-0.009552393108606339,EXP_XGBModel_Alpha158_csi300_custom_step0_s_20261001_18,b57ce80944b143588916c49367247eb8,0.053,,,
1461,2026-09-30,SH600118,-0.07045242190361023,EXP_XGBModel_Alpha158_csi300_custom_step0_s_20261001_18,b57ce80944b143588916c49367247eb8,0.053,,,
1462,2026-09-30,SH600115,-0.018224641680717468,EXP_XGBModel_Alpha158_csi300_custom_step0_s_20261001_18,b57ce80944b143588916c49367247eb8,0.053,,,
1463,2026-09-30,SH600111,-0.03437728062272072,EXP_XGBModel_Alpha158_csi300_custom_step0_s_20261001_18,b57ce80944b143588916c49367247eb8,0.053,,,
1464,2026-09-30,SH600104,-0.026988554745912552,EXP_XGBModel_Alpha158_csi300_custom_step0_s_20261001_18,b57ce80944b143588916c49367247eb8,0.053,,,
1465,2026-09-30,SH600183,-0.004556601867079735,EXP_XGBModel_Alpha158_csi300_custom_step0_s_20261001_18,b57ce80944b143588916c49367247eb8,0.053,,,
1466,2026-09-30,SH600011,0.07003258913755417,EXP_XGBModel_Alpha158_csi300_custom_step0_s_20261001_18,b57ce80944b143588916c49367247eb8,0.053,,,
1467,2026-09-30,SH600010,0.012510422617197037,EXP_XGBModel_Alpha158_csi300_custom_step0_s_20261001_18,b57ce80944b143588916c49367247eb8,0.053,,,
1468,2026-09-30,SH600009,0.02316352352499962,EXP_XGBModel_Alpha158_csi300_custom_step0_s_20261001_18,b57ce80944b143588916c49367247eb8,0.053,,,
1469,2026-09-30,SZ300433,-0.07152850925922394,EXP_XGBModel_Alpha158_csi300_custom_step0_s_20261001_18,eb47f2deaed44513b7186e073d375855,0.103,,,
1470,2026-09-30,SZ300418,-0.05050208419561386,EXP_XGBModel_Alpha158_csi300_custom_step0_s_20261001_18,eb47f2deaed44513b7186e073d375855,0.103,,,
1471,2026-09-30,SZ300413,-0.0030763684771955013,EXP_XGBModel_Alpha158_csi300_custom_step0_s_20261001_18,eb47f2deaed44513b7186e073d375855,0.103,,,
1472,2026-09-30,SZ300408,0.0008394525502808392,EXP_XGBModel_Alpha158_csi300_custom_step0_s_20261001_18,eb47f2deaed44513b7186e073d375855,0.103,,,
1473,2026-09-30,SZ300394,0.028899122029542923,EXP_XGBModel_Alpha158_csi300_custom_step0_s_20261001_18,eb47f2deaed44513b7186e073d375855,0.103,,,
1474,2026-09-30,SZ300316,-0.05995465815067291,EXP_XGBModel_Alpha158_csi300_custom_step0_s_20261001_18,eb47f2deaed44513b7186e073d375855,0.103,,,
1475,2026-09-30,SZ300308,0.015186536125838757,EXP_XGBModel_Alpha158_csi300_custom_step0_s_20261001_18,eb47f2deaed44513b7186e073d375855,0.103,,,
1476,2026-09-30,SZ300442,-0.04842043295502663,EXP_XGBModel_Alpha158_csi300_custom_step0_s_20261001_18,eb47f2deaed44513b7186e073d375855,0.103,,,
1477,2026-09-30,SZ300274,0.05620855465531349,EXP_XGBModel_Alpha158_csi300_custom_step0_s_20261001_18,eb47f2deaed44513b7186e073d375855,0.103,,,
1478,2026-09-30,SZ300124,-0.007404772099107504,EXP_XGBModel_Alpha158_csi300_custom_step0_s_20261001_18,eb47f2deaed44513b7186e073d375855,0.103,,,
1479,2026-09-30,SZ300122,0.09791345149278641,EXP_XGBModel_Alpha158_csi300_custom_step0_s_20261001_18,eb47f2deaed44513b7186e073d375855,0.103,,,
1480,2026-09-30,SZ300059,-0.014118123799562454,EXP_XGBModel_Alpha158_csi300_custom_step0_s_20261001_18,eb47f2deaed44513b7186e073d375855,0.103,,,
1481,2026-09-30,SZ300033,-0.027753721922636032,EXP_XGBModel_Alpha158_csi300_custom_step0_s_20261001_18,eb47f2deaed44513b7186e073d375855,0.103,,,
1482,2026-09-30,SZ300015,4.983574035577476e-05,EXP_XGBModel_Alpha158_csi300_custom_step0_s_20261001_18,eb47f2deaed44513b7186e073d375855,0.103,,,
1483,2026-09-30,SZ300014,-0.022427668794989586,EXP_XGBModel_Alpha158_csi300_custom_step0_s_20261001_18,eb47f2deaed44513b7186e073d375855,0.103,,,
1484,2026-09-30,SZ003816,0.022801535204052925,EXP_XGBModel_Alpha158_csi300_custom_step0_s_20261001_18,eb47f2deaed44513b7186e073d375855,0.103,,,
1485,2026-09-30,SZ300251,-0.02124795876443386,EXP_XGBModel_Alpha158_csi300_custom_step0_s_20261001_18,eb47f2deaed44513b7186e073d375855,0.103,,,
1486,2026-09-30,SH600362,-0.02917415276169777,EXP_XGBModel_Alpha158_csi300_custom_step0_s_20261001_18,b57ce80944b143588916c49367247eb8,0.053,,,
1487,2026-09-30,SZ300450,0.0010270988568663597,EXP_XGBModel_Alpha158_csi300_custom_step0_s_20261001_18,eb47f2deaed44513b7186e073d375855,0.103,,,
1488,2026-09-30,SZ300498,0.012597952038049698,EXP_XGBModel_Alpha158_csi300_custom_step0_s_20261001_18,eb47f2deaed44513b7186e073d375855,0.103,,,
1489,2026-09-30,SH600000,-0.006895334459841251,EXP_XGBModel_Alpha158_csi300_custom_step0_s_20261001_18,b57ce80944b143588916c49367247eb8,0.053,,,
1490,2026-09-30,SZ302132,-0.0136813810095191,EXP_XGBModel_Alpha158_csi300_custom_step0_s_20261001_18,eb47f2deaed44513b7186e073d375855,0.103,,,
1491,2026-09-30,SZ301308,0.002888425486162305,EXP_XGBModel_Alpha158_csi300_custom_step0_s_20261001_18,eb47f2deaed44513b7186e073d375855,0.103,,,
1492,2026-09-30,SZ301269,-0.00993333850055933,EXP_XGBModel_Alpha158_csi300_custom_step0_s_20261001_18,eb47f2deaed44513b7186e073d375855,0.103,,,
1493,2026-09-30,SZ301236,-0.050858937203884125,EXP_XGBModel_Alpha158_csi300_custom_step0_s_20261001_18,eb47f2deaed44513b7186e073d375855,0.103,,,
1494,2026-09-30,SZ301165,-0.0386066809296608,EXP_XGBModel_Alpha158_csi300_custom_step0_s_20261001_18,eb47f2deaed44513b7186e073d375855,0.103,,,
1495,2026-09-30,SZ300999,-0.029307052493095398,EXP_XGBModel_Alpha158_csi300_custom_step0_s_20261001_18,eb47f2deaed44513b7186e073d375855,0.103,,,
1496,2026-09-30,SZ300476,0.00958345364779234,EXP_XGBModel_Alpha158_csi300_custom_step0_s_20261001_18,eb47f2deaed44513b7186e073d375855,0.103,,,
1497,2026-09-30,SZ300896,-0.007744672242552042,EXP_XGBModel_Alpha158_csi300_custom_step0_s_20261001_18,eb47f2deaed44513b7186e073d375855,0.103,,,
1498,2026-09-30,SZ300832,-0.04210840165615082,EXP_XGBModel_Alpha158_csi300_custom_step0_s_20261001_18,eb47f2deaed44513b7186e073d375855,0.103,,,
1499,2026-09-30,SZ300803,-0.02783244661986828,EXP_XGBModel_Alpha158_csi300_custom_step0_s_20261001_18,eb47f2deaed44513b7186e073d375855,0.103,,,
1500,2026-09-30,SZ300760,-0.009464793838560581,EXP_XGBModel_Alpha158_csi300_custom_step0_s_20261001_18,eb47f2deaed44513b7186e073d375855,0.103,,,
1501,2026-09-30,SZ300750,0.003934112843126059,EXP_XGBModel_Alpha158_csi300_custom_step0_s_20261001_18,eb47f2deaed44513b7186e073d375855,0.103,,,
1502,2026-09-30,SZ300661,-0.02856162190437317,EXP_XGBModel_Alpha158_csi300_custom_step0_s_20261001_18,eb47f2deaed44513b7186e073d375855,0.103,,,
1503,2026-09-30,SZ300628,-0.002592222299426794,EXP_XGBModel_Alpha158_csi300_custom_step0_s_20261001_18,eb47f2deaed44513b7186e073d375855,0.103,,,
1504,2026-09-30,SZ300502,0.02673937752842903,EXP_XGBModel_Alpha158_csi300_custom_step0_s_20261001_18,eb47f2deaed44513b7186e073d375855,0.103,,,
1505,2026-09-30,SZ300866,-0.018334055319428444,EXP_XGBModel_Alpha158_csi300_custom_step0_s_20261001_18,eb47f2deaed44513b7186e073d375855,0.103,,,
1506,2026-09-30,SH600372,0.01807256229221821,EXP_XGBModel_Alpha158_csi300_custom_step0_s_20261001_18,b57ce80944b143588916c49367247eb8,0.053,,,
1507,2026-09-30,SH600406,0.032663047313690186,EXP_XGBModel_Alpha158_csi300_custom_step0_s_20261001_18,b57ce80944b143588916c49367247eb8,0.053,,,
1508,2026-09-30,SH600415,-0.02102483995258808,EXP_XGBModel_Alpha158_csi300_custom_step0_s_20261001_18,b57ce80944b143588916c49367247eb8,0.053,,,
1509,2026-09-30,SH601166,0.039729777723550797,EXP_XGBModel_Alpha158_csi300_custom_step0_s_20261001_18,b57ce80944b143588916c49367247eb8,0.053,,,
1510,2026-09-30,SH601138,-0.03502893075346947,EXP_XGBModel_Alpha158_csi300_custom_step0_s_20261001_18,b57ce80944b143588916c49367247eb8,0.053,,,
1511,2026-09-30,SH601136,-0.02336074225604534,EXP_XGBModel_Alpha158_csi300_custom_step0_s_20261001_18,b57ce80944b143588916c49367247eb8,0.053,,,
1512,2026-09-30,SH601127,-0.018435629084706306,EXP_XGBModel_Alpha158_csi300_custom_step0_s_20261001_18,b57ce80944b143588916c49367247eb8,0.053,,,
1513,2026-09-30,SH601117,0.012817746959626675,EXP_XGBModel_Alpha158_csi300_custom_step0_s_20261001_18,b57ce80944b143588916c49367247eb8,0.053,,,
1514,2026-09-30,SH601111,0.07674942165613174,EXP_XGBModel_Alpha158_csi300_custom_step0_s_20261001_18,b57ce80944b143588916c49367247eb8,0.053,,,
1515,2026-09-30,SH601100,0.017392128705978394,EXP_XGBModel_Alpha158_csi300_custom_step0_s_20261001_18,b57ce80944b143588916c49367247eb8,0.053,,,
1516,2026-09-30,SH601169,0.04867882281541824,EXP_XGBModel_Alpha158_csi300_custom_step0_s_20261001_18,b57ce80944b143588916c49367247eb8,0.053,,,
1517,2026-09-30,SH601088,0.030322542414069176,EXP_XGBModel_Alpha158_csi300_custom_step0_s_20261001_18,b57ce80944b143588916c49367247eb8,0.053,,,
1518,2026-09-30,SH601066,0.011669935658574104,EXP_XGBModel_Alpha158_csi300_custom_step0_s_20261001_18,b57ce80944b143588916c49367247eb8,0.053,,,
1519,2026-09-30,SH601058,-0.004027916118502617,EXP_XGBModel_Alpha158_csi300_custom_step0_s_20261001_18,b57ce80944b143588916c49367247eb8,0.053,,,
1520,2026-09-30,SH601021,-0.017873352393507957,EXP_XGBModel_Alpha158_csi300_custom_step0_s_20261001_18,b57ce80944b143588916c49367247eb8,0.053,,,
1521,2026-09-30,SH601018,0.09431096911430359,EXP_XGBModel_Alpha158_csi300_custom_step0_s_20261001_18,b57ce80944b143588916c49367247eb8,0.053,,,
1522,2026-09-30,SH601012,-0.027110489085316658,EXP_XGBModel_Alpha158_csi300_custom_step0_s_20261001_18,b57ce80944b143588916c49367247eb8,0.053,,,
1523,2026-09-30,SH601009,0.02707720175385475,EXP_XGBModel_Alpha158_csi300_custom_step0_s_20261001_18,b57ce80944b143588916c49367247eb8,0.053,,,
1524,2026-09-30,SH601006,0.09966710209846497,EXP_XGBModel_Alpha158_csi300_custom_step0_s_20261001_18,b57ce80944b143588916c49367247eb8,0.053,,,
1525,2026-09-30,SH601077,0.030737847089767456,EXP_XGBModel_Alpha158_csi300_custom_step0_s_20261001_18,b57ce80944b143588916c49367247eb8,0.053,,,
1526,2026-09-30,SH600999,-0.02301892824470997,EXP_XGBModel_Alpha158_csi300_custom_step0_s_20261001_18,b57ce80944b143588916c49367247eb8,0.053,,,
1527,2026-09-30,SH601186,0.038381706923246384,EXP_XGBModel_Alpha158_csi300_custom_step0_s_20261001_18,b57ce80944b143588916c49367247eb8,0.053,,,
1528,2026-09-30,SH601225,0.01635451801121235,EXP_XGBModel_Alpha158_csi300_custom_step0_s_20261001_18,b57ce80944b143588916c49367247eb8,0.053,,,
1529,2026-09-30,SH601618,0.01954982429742813,EXP_XGBModel_Alpha158_csi300_custom_step0_s_20261001_18,b57ce80944b143588916c49367247eb8,0.053,,,
1530,2026-09-30,SH601607,0.0429052971303463,EXP_XGBModel_Alpha158_csi300_custom_step0_s_20261001_18,b57ce80944b143588916c49367247eb8,0.053,,,
1531,2026-09-30,SH601601,-0.03421405702829361,EXP_XGBModel_Alpha158_csi300_custom_step0_s_20261001_18,b57ce80944b143588916c49367247eb8,0.053,,,
1532,2026-09-30,SH601600,-0.007900649681687355,EXP_XGBModel_Alpha158_csi300_custom_step0_s_20261001_18,b57ce80944b143588916c49367247eb8,0.053,,,
1533,2026-09-30,SH601456,0.017650259658694267,EXP_XGBModel_Alpha158_csi300_custom_step0_s_20261001_18,b57ce80944b143588916c49367247eb8,0.053,,,
1534,2026-09-30,SH601398,0.10845579952001572,EXP_XGBModel_Alpha158_csi300_custom_step0_s_20261001_18,b57ce80944b143588916c49367247eb8,0.053,,,
1535,2026-09-30,SH601390,0.072342149913311,EXP_XGBModel_Alpha158_csi300_custom_step0_s_20261001_18,b57ce80944b143588916c49367247eb8,0.053,,,
1536,2026-09-30,SH601211,-0.01254808809608221,EXP_XGBModel_Alpha158_csi300_custom_step0_s_20261001_18,b57ce80944b143588916c49367247eb8,0.053,,,
1537,2026-09-30,SH601377,0.002540936693549156,EXP_XGBModel_Alpha158_csi300_custom_step0_s_20261001_18,b57ce80944b143588916c49367247eb8,0.053,,,
1538,2026-09-30,SH601336,-0.028313279151916504,EXP_XGBModel_Alpha158_csi300_custom_step0_s_20261001_18,b57ce80944b143588916c49367247eb8,0.053,,,
1539,2026-09-30,SH601328,0.08982663601636887,EXP_XGBModel_Alpha158_csi300_custom_step0_s_20261001_18,b57ce80944b143588916c49367247eb8,0.053,,,
1540,2026-09-30,SH601319,-0.035998255014419556,EXP_XGBModel_Alpha158_csi300_custom_step0_s_20261001_18,b57ce80944b143588916c49367247eb8,0.053,,,
1541,2026-09-30,SH601318,0.01933453232049942,EXP_XGBModel_Alpha158_csi300_custom_step0_s_20261001_18,b57ce80944b143588916c49367247eb8,0.053,,,
1542,2026-09-30,SH601288,0.05616958439350128,EXP_XGBModel_Alpha158_csi300_custom_step0_s_20261001_18,b57ce80944b143588916c49367247eb8,0.053,,,
1543,2026-09-30,SH601238,-0.04556964337825775,EXP_XGBModel_Alpha158_csi300_custom_step0_s_20261001_18,b57ce80944b143588916c49367247eb8,0.053,,,
1544,2026-09-30,SH601229,0.06702997535467148,EXP_XGBModel_Alpha158_csi300_custom_step0_s_20261001_18,b57ce80944b143588916c49367247eb8,0.053,,,
1545,2026-09-30,SH601360,-0.014057379215955734,EXP_XGBModel_Alpha158_csi300_custom_step0_s_20261001_18,b57ce80944b143588916c49367247eb8,0.053,,,
1546,2026-09-30,SZ300418,-0.12507417798042297,EXP_XGBModel_Alpha158_csi300_custom_step0_s_20261001_18,b57ce80944b143588916c49367247eb8,0.053,,,
1547,2026-09-30,SH600989,-0.002368633169680834,EXP_XGBModel_Alpha158_csi300_custom_step0_s_20261001_18,b57ce80944b143588916c49367247eb8,0.053,,,
1548,2026-09-30,SH600941,0.033991992473602295,EXP_XGBModel_Alpha158_csi300_custom_step0_s_20261001_18,b57ce80944b143588916c49367247eb8,0.053,,,
1549,2026-09-30,SH600600,0.01516498439013958,EXP_XGBModel_Alpha158_csi300_custom_step0_s_20261001_18,b57ce80944b143588916c49367247eb8,0.053,,,
1550,2026-09-30,SH600588,-0.01666160486638546,EXP_XGBModel_Alpha158_csi300_custom_step0_s_20261001_18,b57ce80944b143588916c49367247eb8,0.053,,,
1551,2026-09-30,SH600585,-0.04380664601922035,EXP_XGBModel_Alpha158_csi300_custom_step0_s_20261001_18,b57ce80944b143588916c49367247eb8,0.053,,,
1552,2026-09-30,SH600584,-0.07398738712072372,EXP_XGBModel_Alpha158_csi300_custom_step0_s_20261001_18,b57ce80944b143588916c49367247eb8,0.053,,,
1553,2026-09-30,SH600570,-0.02012752555310726,EXP_XGBModel_Alpha158_csi300_custom_step0_s_20261001_18,b57ce80944b143588916c49367247eb8,0.053,,,
1554,2026-09-30,SH600549,-0.05405347794294357,EXP_XGBModel_Alpha158_csi300_custom_step0_s_20261001_18,b57ce80944b143588916c49367247eb8,0.053,,,
1555,2026-09-30,SH600547,0.1649227738380432,EXP_XGBModel_Alpha158_csi300_custom_step0_s_20261001_18,b57ce80944b143588916c49367247eb8,0.053,,,
1556,2026-09-30,SH600660,0.00405803183093667,EXP_XGBModel_Alpha158_csi300_custom_step0_s_20261001_18,b57ce80944b143588916c49367247eb8,0.053,,,
1557,2026-09-30,SH600522,-0.1217409297823906,EXP_XGBModel_Alpha158_csi300_custom_step0_s_20261001_18,b57ce80944b143588916c49367247eb8,0.053,,,
1558,2026-09-30,SH600515,-0.021728774532675743,EXP_XGBModel_Alpha158_csi300_custom_step0_s_20261001_18,b57ce80944b143588916c49367247eb8,0.053,,,
1559,2026-09-30,SH600489,0.004115072079002857,EXP_XGBModel_Alpha158_csi300_custom_step0_s_20261001_18,b57ce80944b143588916c49367247eb8,0.053,,,
1560,2026-09-30,SH600482,-0.006811570376157761,EXP_XGBModel_Alpha158_csi300_custom_step0_s_20261001_18,b57ce80944b143588916c49367247eb8,0.053,,,
1561,2026-09-30,SH600460,-0.04000190645456314,EXP_XGBModel_Alpha158_csi300_custom_step0_s_20261001_18,b57ce80944b143588916c49367247eb8,0.053,,,
1562,2026-09-30,SH600438,-0.04969532787799835,EXP_XGBModel_Alpha158_csi300_custom_step0_s_20261001_18,b57ce80944b143588916c49367247eb8,0.053,,,
1563,2026-09-30,SH600436,-0.009190356358885765,EXP_XGBModel_Alpha158_csi300_custom_step0_s_20261001_18,b57ce80944b143588916c49367247eb8,0.053,,,
1564,2026-09-30,SH600426,-0.028504900634288788,EXP_XGBModel_Alpha158_csi300_custom_step0_s_20261001_18,b57ce80944b143588916c49367247eb8,0.053,,,
1565,2026-09-30,SH600519,0.029631124809384346,EXP_XGBModel_Alpha158_csi300_custom_step0_s_20261001_18,b57ce80944b143588916c49367247eb8,0.053,,,
1566,2026-09-30,SH600958,0.007854917086660862,EXP_XGBModel_Alpha158_csi300_custom_step0_s_20261001_18,b57ce80944b143588916c49367247eb8,0.053,,,
1567,2026-09-30,SH600674,0.023632915690541267,EXP_XGBModel_Alpha158_csi300_custom_step0_s_20261001_18,b57ce80944b143588916c49367247eb8,0.053,,,
1568,2026-09-30,SH600741,0.027333077043294907,EXP_XGBModel_Alpha158_csi300_custom_step0_s_20261001_18,b57ce80944b143588916c49367247eb8,0.053,,,
1569,2026-09-30,SH600938,0.043204352259635925,EXP_XGBModel_Alpha158_csi300_custom_step0_s_20261001_18,b57ce80944b143588916c49367247eb8,0.053,,,
1570,2026-09-30,SH600930,0.0009225953835994005,EXP_XGBModel_Alpha158_csi300_custom_step0_s_20261001_18,b57ce80944b143588916c49367247eb8,0.053,,,
1571,2026-09-30,SH600926,0.06869801878929138,EXP_XGBModel_Alpha158_csi300_custom_step0_s_20261001_18,b57ce80944b143588916c49367247eb8,0.053,,,
1572,2026-09-30,SH600919,0.04495018720626831,EXP_XGBModel_Alpha158_csi300_custom_step0_s_20261001_18,b57ce80944b143588916c49367247eb8,0.053,,,
1573,2026-09-30,SH600918,0.009837000630795956,EXP_XGBModel_Alpha158_csi300_custom_step0_s_20261001_18,b57ce80944b143588916c49367247eb8,0.053,,,
1574,2026-09-30,SH600905,0.0009688376449048519,EXP_XGBModel_Alpha158_csi300_custom_step0_s_20261001_18,b57ce80944b143588916c49367247eb8,0.053,,,
1575,2026-09-30,SH600900,0.06443119049072266,EXP_XGBModel_Alpha158_csi300_custom_step0_s_20261001_18,b57ce80944b143588916c49367247eb8,0.053,,,
1576,2026-09-30,SH600690,0.01852276548743248,EXP_XGBModel_Alpha158_csi300_custom_step0_s_20261001_18,b57ce80944b143588916c49367247eb8,0.053,,,
1577,2026-09-30,SH600893,-0.004455754533410072,EXP_XGBModel_Alpha158_csi300_custom_step0_s_20261001_18,b57ce80944b143588916c49367247eb8,0.053,,,
1578,2026-09-30,SH600886,0.002596863778308034,EXP_XGBModel_Alpha158_csi300_custom_step0_s_20261001_18,b57ce80944b143588916c49367247eb8,0.053,,,
1579,2026-09-30,SH600875,-0.04554390162229538,EXP_XGBModel_Alpha158_csi300_custom_step0_s_20261001_18,b57ce80944b143588916c49367247eb8,0.053,,,
1580,2026-09-30,SH600845,-0.03413756936788559,EXP_XGBModel_Alpha158_csi300_custom_step0_s_20261001_18,b57ce80944b143588916c49367247eb8,0.053,,,
1581,2026-09-30,SH600809,0.00036816211650148034,EXP_XGBModel_Alpha158_csi300_custom_step0_s_20261001_18,b57ce80944b143588916c49367247eb8,0.053,,,
1582,2026-09-30,SH600803,0.019882282242178917,EXP_XGBModel_Alpha158_csi300_custom_step0_s_20261001_18,b57ce80944b143588916c49367247eb8,0.053,,,
1583,2026-09-30,SH600795,0.022307656705379486,EXP_XGBModel_Alpha158_csi300_custom_step0_s_20261001_18,b57ce80944b143588916c49367247eb8,0.053,,,
1584,2026-09-30,SH600760,-0.010273308493196964,EXP_XGBModel_Alpha158_csi300_custom_step0_s_20261001_18,b57ce80944b143588916c49367247eb8,0.053,,,
1585,2026-09-30,SH600887,0.09059155732393265,EXP_XGBModel_Alpha158_csi300_custom_step0_s_20261001_18,b57ce80944b143588916c49367247eb8,0.053,,,
1586,2026-09-30,SZ300433,-0.07171954214572906,EXP_XGBModel_Alpha158_csi300_custom_step0_s_20261001_18,b57ce80944b143588916c49367247eb8,0.053,,,
1587,2026-09-30,SZ300442,-0.06005961820483208,EXP_XGBModel_Alpha158_csi300_custom_step0_s_20261001_18,b57ce80944b143588916c49367247eb8,0.053,,,
1588,2026-09-30,SZ300450,-0.02536400593817234,EXP_XGBModel_Alpha158_csi300_custom_step0_s_20261001_18,b57ce80944b143588916c49367247eb8,0.053,,,
1589,2026-09-30,SZ000338,-0.005167522933334112,EXP_XGBModel_Alpha158_csi300_custom_step0_s_20261001_18,5f923dc500e14624b10031b17148fd0f,0.04,,,
1590,2026-09-30,SZ000333,-0.027820348739624023,EXP_XGBModel_Alpha158_csi300_custom_step0_s_20261001_18,5f923dc500e14624b10031b17148fd0f,0.04,,,
1591,2026-09-30,SZ000301,-0.010538030415773392,EXP_XGBModel_Alpha158_csi300_custom_step0_s_20261001_18,5f923dc500e14624b10031b17148fd0f,0.04,,,
1592,2026-09-30,SZ000166,-0.0011576212709769607,EXP_XGBModel_Alpha158_csi300_custom_step0_s_20261001_18,5f923dc500e14624b10031b17148fd0f,0.04,,,
1593,2026-09-30,SZ000157,-0.009012013673782349,EXP_XGBModel_Alpha158_csi300_custom_step0_s_20261001_18,5f923dc500e14624b10031b17148fd0f,0.04,,,
1594,2026-09-30,SZ000100,-0.010247995145618916,EXP_XGBModel_Alpha158_csi300_custom_step0_s_20261001_18,5f923dc500e14624b10031b17148fd0f,0.04,,,
1595,2026-09-30,SZ000063,-0.03759027272462845,EXP_XGBModel_Alpha158_csi300_custom_step0_s_20261001_18,5f923dc500e14624b10031b17148fd0f,0.04,,,
1596,2026-09-30,SZ000002,-0.12411285936832428,EXP_XGBModel_Alpha158_csi300_custom_step0_s_20261001_18,5f923dc500e14624b10031b17148fd0f,0.04,,,
1597,2026-09-30,SZ000001,0.003797498531639576,EXP_XGBModel_Alpha158_csi300_custom_step0_s_20261001_18,5f923dc500e14624b10031b17148fd0f,0.04,,,
1598,2026-09-30,SH688981,-0.003142029047012329,EXP_XGBModel_Alpha158_csi300_custom_step0_s_20261001_18,5f923dc500e14624b10031b17148fd0f,0.04,,,
1599,2026-09-30,SH688521,0.5660585761070251,EXP_XGBModel_Alpha158_csi300_custom_step0_s_20261001_18,5f923dc500e14624b10031b17148fd0f,0.04,,,
1600,2026-09-30,SH688506,0.003311575623229146,EXP_XGBModel_Alpha158_csi300_custom_step0_s_20261001_18,5f923dc500e14624b10031b17148fd0f,0.04,,,
1601,2026-09-30,SH688472,0.014597419649362564,EXP_XGBModel_Alpha158_csi300_custom_step0_s_20261001_18,5f923dc500e14624b10031b17148fd0f,0.04,,,
1602,2026-09-30,SH688396,0.1253902018070221,EXP_XGBModel_Alpha158_csi300_custom_step0_s_20261001_18,5f923dc500e14624b10031b17148fd0f,0.04,,,
1603,2026-09-30,SH688303,-0.005414777901023626,EXP_XGBModel_Alpha158_csi300_custom_step0_s_20261001_18,5f923dc500e14624b10031b17148fd0f,0.04,,,
1604,2026-09-30,SZ000408,-0.005076498258858919,EXP_XGBModel_Alpha158_csi300_custom_step0_s_20261001_18,5f923dc500e14624b10031b17148fd0f,0.04,,,
1605,2026-09-30,SZ000425,-0.032509174197912216,EXP_XGBModel_Alpha158_csi300_custom_step0_s_20261001_18,5f923dc500e14624b10031b17148fd0f,0.04,,,
1606,2026-09-30,SZ000538,0.028905373066663742,EXP_XGBModel_Alpha158_csi300_custom_step0_s_20261001_18,5f923dc500e14624b10031b17148fd0f,0.04,,,
1607,2026-09-30,SZ000568,-0.01909284107387066,EXP_XGBModel_Alpha158_csi300_custom_step0_s_20261001_18,5f923dc500e14624b10031b17148fd0f,0.04,,,
1608,2026-09-30,SZ000963,-0.036763425916433334,EXP_XGBModel_Alpha158_csi300_custom_step0_s_20261001_18,5f923dc500e14624b10031b17148fd0f,0.04,,,
1609,2026-09-30,SZ000938,-0.032537419348955154,EXP_XGBModel_Alpha158_csi300_custom_step0_s_20261001_18,5f923dc500e14624b10031b17148fd0f,0.04,,,
1610,2026-09-30,SZ000895,-0.0009692251915112138,EXP_XGBModel_Alpha158_csi300_custom_step0_s_20261001_18,5f923dc500e14624b10031b17148fd0f,0.04,,,
1611,2026-09-30,SZ000858,-0.010455241426825523,EXP_XGBModel_Alpha158_csi300_custom_step0_s_20261001_18,5f923dc500e14624b10031b17148fd0f,0.04,,,
1612,2026-09-30,SZ000807,-0.00972440280020237,EXP_XGBModel_Alpha158_csi300_custom_step0_s_20261001_18,5f923dc500e14624b10031b17148fd0f,0.04,,,
1613,2026-09-30,SZ000792,-0.007117331027984619,EXP_XGBModel_Alpha158_csi300_custom_step0_s_20261001_18,5f923dc500e14624b10031b17148fd0f,0.04,,,
1614,2026-09-30,SZ000776,-0.03846892714500427,EXP_XGBModel_Alpha158_csi300_custom_step0_s_20261001_18,5f923dc500e14624b10031b17148fd0f,0.04,,,
1615,2026-09-30,SH688271,-0.00940908957272768,EXP_XGBModel_Alpha158_csi300_custom_step0_s_20261001_18,5f923dc500e14624b10031b17148fd0f,0.04,,,
1616,2026-09-30,SZ000768,0.004412297625094652,EXP_XGBModel_Alpha158_csi300_custom_step0_s_20261001_18,5f923dc500e14624b10031b17148fd0f,0.04,,,
1617,2026-09-30,SZ000708,-0.008105886168777943,EXP_XGBModel_Alpha158_csi300_custom_step0_s_20261001_18,5f923dc500e14624b10031b17148fd0f,0.04,,,
1618,2026-09-30,SZ000657,-0.0006078097503632307,EXP_XGBModel_Alpha158_csi300_custom_step0_s_20261001_18,5f923dc500e14624b10031b17148fd0f,0.04,,,
1619,2026-09-30,SZ000651,-0.002650684677064419,EXP_XGBModel_Alpha158_csi300_custom_step0_s_20261001_18,5f923dc500e14624b10031b17148fd0f,0.04,,,
1620,2026-09-30,SZ000630,-0.03744826465845108,EXP_XGBModel_Alpha158_csi300_custom_step0_s_20261001_18,5f923dc500e14624b10031b17148fd0f,0.04,,,
1621,2026-09-30,SZ000625,0.0010106668341904879,EXP_XGBModel_Alpha158_csi300_custom_step0_s_20261001_18,5f923dc500e14624b10031b17148fd0f,0.04,,,
1622,2026-09-30,SZ000617,-0.04878975450992584,EXP_XGBModel_Alpha158_csi300_custom_step0_s_20261001_18,5f923dc500e14624b10031b17148fd0f,0.04,,,
1623,2026-09-30,SZ000596,0.02795395627617836,EXP_XGBModel_Alpha158_csi300_custom_step0_s_20261001_18,5f923dc500e14624b10031b17148fd0f,0.04,,,
1624,2026-09-30,SZ000725,-0.010613681748509407,EXP_XGBModel_Alpha158_csi300_custom_step0_s_20261001_18,5f923dc500e14624b10031b17148fd0f,0.04,,,
1625,2026-09-30,SH688256,0.04116328805685043,EXP_XGBModel_Alpha158_csi300_custom_step0_s_20261001_18,5f923dc500e14624b10031b17148fd0f,0.04,,,
1626,2026-09-30,SH688223,-0.009015658870339394,EXP_XGBModel_Alpha158_csi300_custom_step0_s_20261001_18,5f923dc500e14624b10031b17148fd0f,0.04,,,
1627,2026-09-30,SH688183,0.008099844679236412,EXP_XGBModel_Alpha158_csi300_custom_step0_s_20261001_18,5f923dc500e14624b10031b17148fd0f,0.04,,,
1628,2026-09-30,SH603288,0.05256727710366249,EXP_XGBModel_Alpha158_csi300_custom_step0_s_20261001_18,5f923dc500e14624b10031b17148fd0f,0.04,,,
1629,2026-09-30,SH603260,0.014930227771401405,EXP_XGBModel_Alpha158_csi300_custom_step0_s_20261001_18,5f923dc500e14624b10031b17148fd0f,0.04,,,
1630,2026-09-30,SH603259,0.016980290412902832,EXP_XGBModel_Alpha158_csi300_custom_step0_s_20261001_18,5f923dc500e14624b10031b17148fd0f,0.04,,,
1631,2026-09-30,SH603019,-0.028668113052845,EXP_XGBModel_Alpha158_csi300_custom_step0_s_20261001_18,5f923dc500e14624b10031b17148fd0f,0.04,,,
1632,2026-09-30,SH601998,0.02224695309996605,EXP_XGBModel_Alpha158_csi300_custom_step0_s_20261001_18,5f923dc500e14624b10031b17148fd0f,0.04,,,
1633,2026-09-30,SH601995,-0.06479325145483017,EXP_XGBModel_Alpha158_csi300_custom_step0_s_20261001_18,5f923dc500e14624b10031b17148fd0f,0.04,,,
1634,2026-09-30,SH601988,0.0373975895345211,EXP_XGBModel_Alpha158_csi300_custom_step0_s_20261001_18,5f923dc500e14624b10031b17148fd0f,0.04,,,
1635,2026-09-30,SH603296,-0.030311455950140953,EXP_XGBModel_Alpha158_csi300_custom_step0_s_20261001_18,5f923dc500e14624b10031b17148fd0f,0.04,,,
1636,2026-09-30,SH601985,0.015885641798377037,EXP_XGBModel_Alpha158_csi300_custom_step0_s_20261001_18,5f923dc500e14624b10031b17148fd0f,0.04,,,
1637,2026-09-30,SH601919,0.004059227649122477,EXP_XGBModel_Alpha158_csi300_custom_step0_s_20261001_18,5f923dc500e14624b10031b17148fd0f,0.04,,,
1638,2026-09-30,SH601916,-0.00691997492685914,EXP_XGBModel_Alpha158_csi300_custom_step0_s_20261001_18,5f923dc500e14624b10031b17148fd0f,0.04,,,
1639,2026-09-30,SH601901,0.0031371130608022213,EXP_XGBModel_Alpha158_csi300_custom_step0_s_20261001_18,5f923dc500e14624b10031b17148fd0f,0.04,,,
1640,2026-09-30,SH601899,-0.011106768622994423,EXP_XGBModel_Alpha158_csi300_custom_step0_s_20261001_18,5f923dc500e14624b10031b17148fd0f,0.04,,,
1641,2026-09-30,SH601898,-0.021613189950585365,EXP_XGBModel_Alpha158_csi300_custom_step0_s_20261001_18,5f923dc500e14624b10031b17148fd0f,0.04,,,
1642,2026-09-30,SH601888,-0.012522494420409203,EXP_XGBModel_Alpha158_csi300_custom_step0_s_20261001_18,5f923dc500e14624b10031b17148fd0f,0.04,,,
1643,2026-09-30,SH601881,-0.023113176226615906,EXP_XGBModel_Alpha158_csi300_custom_step0_s_20261001_18,5f923dc500e14624b10031b17148fd0f,0.04,,,
1644,2026-09-30,SH601939,0.01627209223806858,EXP_XGBModel_Alpha158_csi300_custom_step0_s_20261001_18,5f923dc500e14624b10031b17148fd0f,0.04,,,
1645,2026-09-30,SZ000975,-0.0074705565348267555,EXP_XGBModel_Alpha158_csi300_custom_step0_s_20261001_18,5f923dc500e14624b10031b17148fd0f,0.04,,,
1646,2026-09-30,SH603369,-0.023038413375616074,EXP_XGBModel_Alpha158_csi300_custom_step0_s_20261001_18,5f923dc500e14624b10031b17148fd0f,0.04,,,
1647,2026-09-30,SH603501,0.009581301361322403,EXP_XGBModel_Alpha158_csi300_custom_step0_s_20261001_18,5f923dc500e14624b10031b17148fd0f,0.04,,,
1648,2026-09-30,SH688126,0.17479285597801208,EXP_XGBModel_Alpha158_csi300_custom_step0_s_20261001_18,5f923dc500e14624b10031b17148fd0f,0.04,,,
1649,2026-09-30,SH688111,-0.04012776538729668,EXP_XGBModel_Alpha158_csi300_custom_step0_s_20261001_18,5f923dc500e14624b10031b17148fd0f,0.04,,,
1650,2026-09-30,SH688082,0.016963860020041466,EXP_XGBModel_Alpha158_csi300_custom_step0_s_20261001_18,5f923dc500e14624b10031b17148fd0f,0.04,,,
1651,2026-09-30,SH688072,0.24293242394924164,EXP_XGBModel_Alpha158_csi300_custom_step0_s_20261001_18,5f923dc500e14624b10031b17148fd0f,0.04,,,
1652,2026-09-30,SH688047,-0.065200075507164,EXP_XGBModel_Alpha158_csi300_custom_step0_s_20261001_18,5f923dc500e14624b10031b17148fd0f,0.04,,,
1653,2026-09-30,SH688041,0.200997456908226,EXP_XGBModel_Alpha158_csi300_custom_step0_s_20261001_18,5f923dc500e14624b10031b17148fd0f,0.04,,,
1654,2026-09-30,SH688036,-0.012634914368391037,EXP_XGBModel_Alpha158_csi300_custom_step0_s_20261001_18,5f923dc500e14624b10031b17148fd0f,0.04,,,
1655,2026-09-30,SH603392,-0.0199318528175354,EXP_XGBModel_Alpha158_csi300_custom_step0_s_20261001_18,5f923dc500e14624b10031b17148fd0f,0.04,,,
1656,2026-09-30,SH688012,-0.019349468871951103,EXP_XGBModel_Alpha158_csi300_custom_step0_s_20261001_18,5f923dc500e14624b10031b17148fd0f,0.04,,,
1657,2026-09-30,SH688008,0.009036349132657051,EXP_XGBModel_Alpha158_csi300_custom_step0_s_20261001_18,5f923dc500e14624b10031b17148fd0f,0.04,,,
1658,2026-09-30,SH605499,-0.00040438302676193416,EXP_XGBModel_Alpha158_csi300_custom_step0_s_20261001_18,5f923dc500e14624b10031b17148fd0f,0.04,,,
1659,2026-09-30,SH605117,-0.014036211185157299,EXP_XGBModel_Alpha158_csi300_custom_step0_s_20261001_18,5f923dc500e14624b10031b17148fd0f,0.04,,,
1660,2026-09-30,SH603993,-0.03766578063368797,EXP_XGBModel_Alpha158_csi300_custom_step0_s_20261001_18,5f923dc500e14624b10031b17148fd0f,0.04,,,
1661,2026-09-30,SH603986,0.11140137910842896,EXP_XGBModel_Alpha158_csi300_custom_step0_s_20261001_18,5f923dc500e14624b10031b17148fd0f,0.04,,,
1662,2026-09-30,SH603893,-0.029212767258286476,EXP_XGBModel_Alpha158_csi300_custom_step0_s_20261001_18,5f923dc500e14624b10031b17148fd0f,0.04,,,
1663,2026-09-30,SH603799,-0.003997365478426218,EXP_XGBModel_Alpha158_csi300_custom_step0_s_20261001_18,5f923dc500e14624b10031b17148fd0f,0.04,,,
1664,2026-09-30,SH688009,-0.005409074481576681,EXP_XGBModel_Alpha158_csi300_custom_step0_s_20261001_18,5f923dc500e14624b10031b17148fd0f,0.04,,,
1665,2026-09-30,SZ000977,-0.020550694316625595,EXP_XGBModel_Alpha158_csi300_custom_step0_s_20261001_18,5f923dc500e14624b10031b17148fd0f,0.04,,,
1666,2026-09-30,SZ000988,0.6701873540878296,EXP_XGBModel_Alpha158_csi300_custom_step0_s_20261001_18,5f923dc500e14624b10031b17148fd0f,0.04,,,
1667,2026-09-30,SZ000999,-0.013332190923392773,EXP_XGBModel_Alpha158_csi300_custom_step0_s_20261001_18,5f923dc500e14624b10031b17148fd0f,0.04,,,
1668,2026-09-30,SZ300408,0.05981169641017914,EXP_XGBModel_Alpha158_csi300_custom_step0_s_20261001_18,5f923dc500e14624b10031b17148fd0f,0.04,,,
1669,2026-09-30,SZ300394,-0.0028780505526810884,EXP_XGBModel_Alpha158_csi300_custom_step0_s_20261001_18,5f923dc500e14624b10031b17148fd0f,0.04,,,
1670,2026-09-30,SZ300316,0.056891798973083496,EXP_XGBModel_Alpha158_csi300_custom_step0_s_20261001_18,5f923dc500e14624b10031b17148fd0f,0.04,,,
1671,2026-09-30,SZ300308,0.15564393997192383,EXP_XGBModel_Alpha158_csi300_custom_step0_s_20261001_18,5f923dc500e14624b10031b17148fd0f,0.04,,,
1672,2026-09-30,SZ300274,0.21935740113258362,EXP_XGBModel_Alpha158_csi300_custom_step0_s_20261001_18,5f923dc500e14624b10031b17148fd0f,0.04,,,
1673,2026-09-30,SZ300251,-0.0013955458998680115,EXP_XGBModel_Alpha158_csi300_custom_step0_s_20261001_18,5f923dc500e14624b10031b17148fd0f,0.04,,,
1674,2026-09-30,SZ300124,0.013613726012408733,EXP_XGBModel_Alpha158_csi300_custom_step0_s_20261001_18,5f923dc500e14624b10031b17148fd0f,0.04,,,
1675,2026-09-30,SZ300413,0.09235761314630508,EXP_XGBModel_Alpha158_csi300_custom_step0_s_20261001_18,5f923dc500e14624b10031b17148fd0f,0.04,,,
1676,2026-09-30,SZ300122,0.13193388283252716,EXP_XGBModel_Alpha158_csi300_custom_step0_s_20261001_18,5f923dc500e14624b10031b17148fd0f,0.04,,,
1677,2026-09-30,SZ300033,-0.03784646838903427,EXP_XGBModel_Alpha158_csi300_custom_step0_s_20261001_18,5f923dc500e14624b10031b17148fd0f,0.04,,,
1678,2026-09-30,SZ300015,-0.004546209238469601,EXP_XGBModel_Alpha158_csi300_custom_step0_s_20261001_18,5f923dc500e14624b10031b17148fd0f,0.04,,,
1679,2026-09-30,SZ300014,-0.007345433812588453,EXP_XGBModel_Alpha158_csi300_custom_step0_s_20261001_18,5f923dc500e14624b10031b17148fd0f,0.04,,,
1680,2026-09-30,SZ003816,-0.00809219479560852,EXP_XGBModel_Alpha158_csi300_custom_step0_s_20261001_18,5f923dc500e14624b10031b17148fd0f,0.04,,,
1681,2026-09-30,SZ002938,0.01156245730817318,EXP_XGBModel_Alpha158_csi300_custom_step0_s_20261001_18,5f923dc500e14624b10031b17148fd0f,0.04,,,
1682,2026-09-30,SZ002920,-0.020807133987545967,EXP_XGBModel_Alpha158_csi300_custom_step0_s_20261001_18,5f923dc500e14624b10031b17148fd0f,0.04,,,
1683,2026-09-30,SZ002916,0.03468764200806618,EXP_XGBModel_Alpha158_csi300_custom_step0_s_20261001_18,5f923dc500e14624b10031b17148fd0f,0.04,,,
1684,2026-09-30,SZ300059,-0.030482862144708633,EXP_XGBModel_Alpha158_csi300_custom_step0_s_20261001_18,5f923dc500e14624b10031b17148fd0f,0.04,,,
1685,2026-09-30,SZ002837,0.20764391124248505,EXP_XGBModel_Alpha158_csi300_custom_step0_s_20261001_18,5f923dc500e14624b10031b17148fd0f,0.04,,,
1686,2026-09-30,SZ300418,-0.030956702306866646,EXP_XGBModel_Alpha158_csi300_custom_step0_s_20261001_18,5f923dc500e14624b10031b17148fd0f,0.04,,,
1687,2026-09-30,SZ300442,-0.007479194551706314,EXP_XGBModel_Alpha158_csi300_custom_step0_s_20261001_18,5f923dc500e14624b10031b17148fd0f,0.04,,,
1688,2026-09-30,SZ301269,-0.020165571942925453,EXP_XGBModel_Alpha158_csi300_custom_step0_s_20261001_18,5f923dc500e14624b10031b17148fd0f,0.04,,,
1689,2026-09-30,SZ301236,-0.04597463831305504,EXP_XGBModel_Alpha158_csi300_custom_step0_s_20261001_18,5f923dc500e14624b10031b17148fd0f,0.04,,,
1690,2026-09-30,SZ301165,0.11792553961277008,EXP_XGBModel_Alpha158_csi300_custom_step0_s_20261001_18,5f923dc500e14624b10031b17148fd0f,0.04,,,
1691,2026-09-30,SZ300999,-0.04248430207371712,EXP_XGBModel_Alpha158_csi300_custom_step0_s_20261001_18,5f923dc500e14624b10031b17148fd0f,0.04,,,
1692,2026-09-30,SZ300896,-0.0014282430056482553,EXP_XGBModel_Alpha158_csi300_custom_step0_s_20261001_18,5f923dc500e14624b10031b17148fd0f,0.04,,,
1693,2026-09-30,SZ300866,-0.006245912052690983,EXP_XGBModel_Alpha158_csi300_custom_step0_s_20261001_18,5f923dc500e14624b10031b17148fd0f,0.04,,,
1694,2026-09-30,SZ300832,-0.018111512064933777,EXP_XGBModel_Alpha158_csi300_custom_step0_s_20261001_18,5f923dc500e14624b10031b17148fd0f,0.04,,,
1695,2026-09-30,SZ300433,0.041786130517721176,EXP_XGBModel_Alpha158_csi300_custom_step0_s_20261001_18,5f923dc500e14624b10031b17148fd0f,0.04,,,
1696,2026-09-30,SZ300803,-0.058129649609327316,EXP_XGBModel_Alpha158_csi300_custom_step0_s_20261001_18,5f923dc500e14624b10031b17148fd0f,0.04,,,
1697,2026-09-30,SZ300750,0.058569759130477905,EXP_XGBModel_Alpha158_csi300_custom_step0_s_20261001_18,5f923dc500e14624b10031b17148fd0f,0.04,,,
1698,2026-09-30,SZ300661,0.03698192536830902,EXP_XGBModel_Alpha158_csi300_custom_step0_s_20261001_18,5f923dc500e14624b10031b17148fd0f,0.04,,,
1699,2026-09-30,SZ300628,-0.024370592087507248,EXP_XGBModel_Alpha158_csi300_custom_step0_s_20261001_18,5f923dc500e14624b10031b17148fd0f,0.04,,,
1700,2026-09-30,SZ300502,0.23462647199630737,EXP_XGBModel_Alpha158_csi300_custom_step0_s_20261001_18,5f923dc500e14624b10031b17148fd0f,0.04,,,
1701,2026-09-30,SZ300498,-0.002208215184509754,EXP_XGBModel_Alpha158_csi300_custom_step0_s_20261001_18,5f923dc500e14624b10031b17148fd0f,0.04,,,
1702,2026-09-30,SZ300476,0.08185349404811859,EXP_XGBModel_Alpha158_csi300_custom_step0_s_20261001_18,5f923dc500e14624b10031b17148fd0f,0.04,,,
1703,2026-09-30,SZ300450,-0.003869084408506751,EXP_XGBModel_Alpha158_csi300_custom_step0_s_20261001_18,5f923dc500e14624b10031b17148fd0f,0.04,,,
1704,2026-09-30,SZ300760,-0.00395204545930028,EXP_XGBModel_Alpha158_csi300_custom_step0_s_20261001_18,5f923dc500e14624b10031b17148fd0f,0.04,,,
1705,2026-09-30,SH601878,-0.024673981592059135,EXP_XGBModel_Alpha158_csi300_custom_step0_s_20261001_18,5f923dc500e14624b10031b17148fd0f,0.04,,,
1706,2026-09-30,SZ002736,-0.0028713466599583626,EXP_XGBModel_Alpha158_csi300_custom_step0_s_20261001_18,5f923dc500e14624b10031b17148fd0f,0.04,,,
1707,2026-09-30,SZ002709,0.005191960372030735,EXP_XGBModel_Alpha158_csi300_custom_step0_s_20261001_18,5f923dc500e14624b10031b17148fd0f,0.04,,,
1708,2026-09-30,SZ002241,-0.03780810162425041,EXP_XGBModel_Alpha158_csi300_custom_step0_s_20261001_18,5f923dc500e14624b10031b17148fd0f,0.04,,,
1709,2026-09-30,SZ002236,-0.02185710519552231,EXP_XGBModel_Alpha158_csi300_custom_step0_s_20261001_18,5f923dc500e14624b10031b17148fd0f,0.04,,,
1710,2026-09-30,SZ002230,-0.027891408652067184,EXP_XGBModel_Alpha158_csi300_custom_step0_s_20261001_18,5f923dc500e14624b10031b17148fd0f,0.04,,,
1711,2026-09-30,SZ002202,-0.041167017072439194,EXP_XGBModel_Alpha158_csi300_custom_step0_s_20261001_18,5f923dc500e14624b10031b17148fd0f,0.04,,,
1712,2026-09-30,SZ002179,0.009119912050664425,EXP_XGBModel_Alpha158_csi300_custom_step0_s_20261001_18,5f923dc500e14624b10031b17148fd0f,0.04,,,
1713,2026-09-30,SZ002142,0.01719946414232254,EXP_XGBModel_Alpha158_csi300_custom_step0_s_20261001_18,5f923dc500e14624b10031b17148fd0f,0.04,,,
1714,2026-09-30,SZ002074,-0.019849048927426338,EXP_XGBModel_Alpha158_csi300_custom_step0_s_20261001_18,5f923dc500e14624b10031b17148fd0f,0.04,,,
1715,2026-09-30,SZ002304,-0.00891654472798109,EXP_XGBModel_Alpha158_csi300_custom_step0_s_20261001_18,5f923dc500e14624b10031b17148fd0f,0.04,,,
1716,2026-09-30,SZ002050,0.011127793230116367,EXP_XGBModel_Alpha158_csi300_custom_step0_s_20261001_18,5f923dc500e14624b10031b17148fd0f,0.04,,,
1717,2026-09-30,SZ002028,0.16350609064102173,EXP_XGBModel_Alpha158_csi300_custom_step0_s_20261001_18,5f923dc500e14624b10031b17148fd0f,0.04,,,
1718,2026-09-30,SZ002027,-0.0047343396581709385,EXP_XGBModel_Alpha158_csi300_custom_step0_s_20261001_18,5f923dc500e14624b10031b17148fd0f,0.04,,,
1719,2026-09-30,SZ002001,-0.0010180195095017552,EXP_XGBModel_Alpha158_csi300_custom_step0_s_20261001_18,5f923dc500e14624b10031b17148fd0f,0.04,,,
1720,2026-09-30,SZ001979,0.06380177289247513,EXP_XGBModel_Alpha158_csi300_custom_step0_s_20261001_18,5f923dc500e14624b10031b17148fd0f,0.04,,,
1721,2026-09-30,SZ001965,0.016537563875317574,EXP_XGBModel_Alpha158_csi300_custom_step0_s_20261001_18,5f923dc500e14624b10031b17148fd0f,0.04,,,
1722,2026-09-30,SZ001391,-0.006267786491662264,EXP_XGBModel_Alpha158_csi300_custom_step0_s_20261001_18,5f923dc500e14624b10031b17148fd0f,0.04,,,
1723,2026-09-30,SZ001280,-0.04965294525027275,EXP_XGBModel_Alpha158_csi300_custom_step0_s_20261001_18,5f923dc500e14624b10031b17148fd0f,0.04,,,
1724,2026-09-30,SZ002049,-0.01725895330309868,EXP_XGBModel_Alpha158_csi300_custom_step0_s_20261001_18,5f923dc500e14624b10031b17148fd0f,0.04,,,
1725,2026-09-30,SZ002714,-0.005156706087291241,EXP_XGBModel_Alpha158_csi300_custom_step0_s_20261001_18,5f923dc500e14624b10031b17148fd0f,0.04,,,
1726,2026-09-30,SZ002311,-0.010045095346868038,EXP_XGBModel_Alpha158_csi300_custom_step0_s_20261001_18,5f923dc500e14624b10031b17148fd0f,0.04,,,
1727,2026-09-30,SZ002353,0.0631219670176506,EXP_XGBModel_Alpha158_csi300_custom_step0_s_20261001_18,5f923dc500e14624b10031b17148fd0f,0.04,,,
1728,2026-09-30,SZ002648,-0.004047066904604435,EXP_XGBModel_Alpha158_csi300_custom_step0_s_20261001_18,5f923dc500e14624b10031b17148fd0f,0.04,,,
1729,2026-09-30,SZ002625,0.04110511764883995,EXP_XGBModel_Alpha158_csi300_custom_step0_s_20261001_18,5f923dc500e14624b10031b17148fd0f,0.04,,,
1730,2026-09-30,SZ002602,-0.023836299777030945,EXP_XGBModel_Alpha158_csi300_custom_step0_s_20261001_18,5f923dc500e14624b10031b17148fd0f,0.04,,,
1731,2026-09-30,SZ002600,-0.029575537890195847,EXP_XGBModel_Alpha158_csi300_custom_step0_s_20261001_18,5f923dc500e14624b10031b17148fd0f,0.04,,,
1732,2026-09-30,SZ002594,0.004573002923280001,EXP_XGBModel_Alpha158_csi300_custom_step0_s_20261001_18,5f923dc500e14624b10031b17148fd0f,0.04,,,
1733,2026-09-30,SZ002558,-0.029526082798838615,EXP_XGBModel_Alpha158_csi300_custom_step0_s_20261001_18,5f923dc500e14624b10031b17148fd0f,0.04,,,
1734,2026-09-30,SZ002532,-0.01453886553645134,EXP_XGBModel_Alpha158_csi300_custom_step0_s_20261001_18,5f923dc500e14624b10031b17148fd0f,0.04,,,
1735,2026-09-30,SZ002352,0.0029686023481190205,EXP_XGBModel_Alpha158_csi300_custom_step0_s_20261001_18,5f923dc500e14624b10031b17148fd0f,0.04,,,
1736,2026-09-30,SZ002493,-0.005883171223104,EXP_XGBModel_Alpha158_csi300_custom_step0_s_20261001_18,5f923dc500e14624b10031b17148fd0f,0.04,,,
1737,2026-09-30,SZ002466,-0.01631174050271511,EXP_XGBModel_Alpha158_csi300_custom_step0_s_20261001_18,5f923dc500e14624b10031b17148fd0f,0.04,,,
1738,2026-09-30,SZ002463,-0.013479981571435928,EXP_XGBModel_Alpha158_csi300_custom_step0_s_20261001_18,5f923dc500e14624b10031b17148fd0f,0.04,,,
1739,2026-09-30,SZ002460,0.0038233790546655655,EXP_XGBModel_Alpha158_csi300_custom_step0_s_20261001_18,5f923dc500e14624b10031b17148fd0f,0.04,,,
1740,2026-09-30,SZ002422,0.0017326122615486383,EXP_XGBModel_Alpha158_csi300_custom_step0_s_20261001_18,5f923dc500e14624b10031b17148fd0f,0.04,,,
1741,2026-09-30,SZ002415,-0.031097183004021645,EXP_XGBModel_Alpha158_csi300_custom_step0_s_20261001_18,5f923dc500e14624b10031b17148fd0f,0.04,,,
1742,2026-09-30,SZ002384,0.28241151571273804,EXP_XGBModel_Alpha158_csi300_custom_step0_s_20261001_18,5f923dc500e14624b10031b17148fd0f,0.04,,,
1743,2026-09-30,SZ002371,-0.02223999798297882,EXP_XGBModel_Alpha158_csi300_custom_step0_s_20261001_18,5f923dc500e14624b10031b17148fd0f,0.04,,,
1744,2026-09-30,SZ002475,-0.027749937027692795,EXP_XGBModel_Alpha158_csi300_custom_step0_s_20261001_18,5f923dc500e14624b10031b17148fd0f,0.04,,,
1745,2026-09-30,SZ002938,-0.04633747413754463,EXP_XGBModel_Alpha158_csi300_custom_step0_s_20261001_18,eb47f2deaed44513b7186e073d375855,0.103,,,
1746,2026-09-30,SH601877,-0.008627785369753838,EXP_XGBModel_Alpha158_csi300_custom_step0_s_20261001_18,5f923dc500e14624b10031b17148fd0f,0.04,,,
1747,2026-09-30,SH601868,-0.005558295175433159,EXP_XGBModel_Alpha158_csi300_custom_step0_s_20261001_18,5f923dc500e14624b10031b17148fd0f,0.04,,,
1748,2026-09-30,SH600276,-0.014841812662780285,EXP_XGBModel_Alpha158_csi300_custom_step0_s_20261001_18,5f923dc500e14624b10031b17148fd0f,0.04,,,
1749,2026-09-30,SH600233,-0.0032441336661577225,EXP_XGBModel_Alpha158_csi300_custom_step0_s_20261001_18,5f923dc500e14624b10031b17148fd0f,0.04,,,
1750,2026-09-30,SH600221,-0.003317379392683506,EXP_XGBModel_Alpha158_csi300_custom_step0_s_20261001_18,5f923dc500e14624b10031b17148fd0f,0.04,,,
1751,2026-09-30,SH600219,-0.006654026452451944,EXP_XGBModel_Alpha158_csi300_custom_step0_s_20261001_18,5f923dc500e14624b10031b17148fd0f,0.04,,,
1752,2026-09-30,SH600196,3.6833895137533545e-05,EXP_XGBModel_Alpha158_csi300_custom_step0_s_20261001_18,5f923dc500e14624b10031b17148fd0f,0.04,,,
1753,2026-09-30,SH600188,-0.005686212331056595,EXP_XGBModel_Alpha158_csi300_custom_step0_s_20261001_18,5f923dc500e14624b10031b17148fd0f,0.04,,,
1754,2026-09-30,SH600183,0.06332561373710632,EXP_XGBModel_Alpha158_csi300_custom_step0_s_20261001_18,5f923dc500e14624b10031b17148fd0f,0.04,,,
1755,2026-09-30,SH600176,0.3237612247467041,EXP_XGBModel_Alpha158_csi300_custom_step0_s_20261001_18,5f923dc500e14624b10031b17148fd0f,0.04,,,
1756,2026-09-30,SH600160,-0.008009437471628189,EXP_XGBModel_Alpha158_csi300_custom_step0_s_20261001_18,5f923dc500e14624b10031b17148fd0f,0.04,,,
1757,2026-09-30,SH600150,0.008717031218111515,EXP_XGBModel_Alpha158_csi300_custom_step0_s_20261001_18,5f923dc500e14624b10031b17148fd0f,0.04,,,
1758,2026-09-30,SH600118,-0.028022894635796547,EXP_XGBModel_Alpha158_csi300_custom_step0_s_20261001_18,5f923dc500e14624b10031b17148fd0f,0.04,,,
1759,2026-09-30,SH600115,-0.00093529571313411,EXP_XGBModel_Alpha158_csi300_custom_step0_s_20261001_18,5f923dc500e14624b10031b17148fd0f,0.04,,,
1760,2026-09-30,SH600111,-0.022937985137104988,EXP_XGBModel_Alpha158_csi300_custom_step0_s_20261001_18,5f923dc500e14624b10031b17148fd0f,0.04,,,
1761,2026-09-30,SH600104,-0.005205439869314432,EXP_XGBModel_Alpha158_csi300_custom_step0_s_20261001_18,5f923dc500e14624b10031b17148fd0f,0.04,,,
1762,2026-09-30,SH600089,-0.030324095860123634,EXP_XGBModel_Alpha158_csi300_custom_step0_s_20261001_18,5f923dc500e14624b10031b17148fd0f,0.04,,,
1763,2026-09-30,SH600309,-0.006751360837370157,EXP_XGBModel_Alpha158_csi300_custom_step0_s_20261001_18,5f923dc500e14624b10031b17148fd0f,0.04,,,
1764,2026-09-30,SH600346,-0.016282863914966583,EXP_XGBModel_Alpha158_csi300_custom_step0_s_20261001_18,5f923dc500e14624b10031b17148fd0f,0.04,,,
1765,2026-09-30,SH600362,-0.04714779555797577,EXP_XGBModel_Alpha158_csi300_custom_step0_s_20261001_18,5f923dc500e14624b10031b17148fd0f,0.04,,,
1766,2026-09-30,SH600372,-0.0023944596759974957,EXP_XGBModel_Alpha158_csi300_custom_step0_s_20261001_18,5f923dc500e14624b10031b17148fd0f,0.04,,,
1767,2026-09-30,SH600585,-0.02134082466363907,EXP_XGBModel_Alpha158_csi300_custom_step0_s_20261001_18,5f923dc500e14624b10031b17148fd0f,0.04,,,
1768,2026-09-30,SH600584,-0.005205425433814526,EXP_XGBModel_Alpha158_csi300_custom_step0_s_20261001_18,5f923dc500e14624b10031b17148fd0f,0.04,,,
1769,2026-09-30,SH600570,-0.037453439086675644,EXP_XGBModel_Alpha158_csi300_custom_step0_s_20261001_18,5f923dc500e14624b10031b17148fd0f,0.04,,,
1770,2026-09-30,SH600549,0.021072065457701683,EXP_XGBModel_Alpha158_csi300_custom_step0_s_20261001_18,5f923dc500e14624b10031b17148fd0f,0.04,,,
1771,2026-09-30,SH600547,-0.002961003454402089,EXP_XGBModel_Alpha158_csi300_custom_step0_s_20261001_18,5f923dc500e14624b10031b17148fd0f,0.04,,,
1772,2026-09-30,SH600522,0.380623459815979,EXP_XGBModel_Alpha158_csi300_custom_step0_s_20261001_18,5f923dc500e14624b10031b17148fd0f,0.04,,,
1773,2026-09-30,SH600519,-0.004546209238469601,EXP_XGBModel_Alpha158_csi300_custom_step0_s_20261001_18,5f923dc500e14624b10031b17148fd0f,0.04,,,
1774,2026-09-30,SH600085,-0.002341084647923708,EXP_XGBModel_Alpha158_csi300_custom_step0_s_20261001_18,5f923dc500e14624b10031b17148fd0f,0.04,,,
1775,2026-09-30,SH600515,-0.010706931352615356,EXP_XGBModel_Alpha158_csi300_custom_step0_s_20261001_18,5f923dc500e14624b10031b17148fd0f,0.04,,,
1776,2026-09-30,SH600482,0.0036139243748039007,EXP_XGBModel_Alpha158_csi300_custom_step0_s_20261001_18,5f923dc500e14624b10031b17148fd0f,0.04,,,
1777,2026-09-30,SH600460,0.07237021625041962,EXP_XGBModel_Alpha158_csi300_custom_step0_s_20261001_18,5f923dc500e14624b10031b17148fd0f,0.04,,,
1778,2026-09-30,SH600438,0.00612989068031311,EXP_XGBModel_Alpha158_csi300_custom_step0_s_20261001_18,5f923dc500e14624b10031b17148fd0f,0.04,,,
1779,2026-09-30,SH600436,-0.014011307619512081,EXP_XGBModel_Alpha158_csi300_custom_step0_s_20261001_18,5f923dc500e14624b10031b17148fd0f,0.04,,,
1780,2026-09-30,SH600426,-0.0065338448621332645,EXP_XGBModel_Alpha158_csi300_custom_step0_s_20261001_18,5f923dc500e14624b10031b17148fd0f,0.04,,,
1781,2026-09-30,SH600415,-0.011179924011230469,EXP_XGBModel_Alpha158_csi300_custom_step0_s_20261001_18,5f923dc500e14624b10031b17148fd0f,0.04,,,
1782,2026-09-30,SH600406,-0.005597463343292475,EXP_XGBModel_Alpha158_csi300_custom_step0_s_20261001_18,5f923dc500e14624b10031b17148fd0f,0.04,,,
1783,2026-09-30,SH600489,0.022117746993899345,EXP_XGBModel_Alpha158_csi300_custom_step0_s_20261001_18,5f923dc500e14624b10031b17148fd0f,0.04,,,
1784,2026-09-30,SH600066,-0.01278834417462349,EXP_XGBModel_Alpha158_csi300_custom_step0_s_20261001_18,5f923dc500e14624b10031b17148fd0f,0.04,,,
1785,2026-09-30,SH600061,-0.0030531464144587517,EXP_XGBModel_Alpha158_csi300_custom_step0_s_20261001_18,5f923dc500e14624b10031b17148fd0f,0.04,,,
1786,2026-09-30,SH600050,-0.004325891844928265,EXP_XGBModel_Alpha158_csi300_custom_step0_s_20261001_18,5f923dc500e14624b10031b17148fd0f,0.04,,,
1787,2026-09-30,SZ301308,-0.06711065024137497,EXP_XGBModel_Alpha158_csi300_custom_step0_s_20261001_18,b57ce80944b143588916c49367247eb8,0.053,,,
1788,2026-09-30,SZ301269,-0.036120906472206116,EXP_XGBModel_Alpha158_csi300_custom_step0_s_20261001_18,b57ce80944b143588916c49367247eb8,0.053,,,
1789,2026-09-30,SZ301236,-0.04194094240665436,EXP_XGBModel_Alpha158_csi300_custom_step0_s_20261001_18,b57ce80944b143588916c49367247eb8,0.053,,,
1790,2026-09-30,SZ301165,-0.04176255688071251,EXP_XGBModel_Alpha158_csi300_custom_step0_s_20261001_18,b57ce80944b143588916c49367247eb8,0.053,,,
1791,2026-09-30,SZ300999,-0.028974339365959167,EXP_XGBModel_Alpha158_csi300_custom_step0_s_20261001_18,b57ce80944b143588916c49367247eb8,0.053,,,
1792,2026-09-30,SZ300896,-0.038364965468645096,EXP_XGBModel_Alpha158_csi300_custom_step0_s_20261001_18,b57ce80944b143588916c49367247eb8,0.053,,,
1793,2026-09-30,SZ300866,-0.0043421778827905655,EXP_XGBModel_Alpha158_csi300_custom_step0_s_20261001_18,b57ce80944b143588916c49367247eb8,0.053,,,
1794,2026-09-30,SZ302132,-0.01535863522440195,EXP_XGBModel_Alpha158_csi300_custom_step0_s_20261001_18,b57ce80944b143588916c49367247eb8,0.053,,,
1795,2026-09-30,SZ300832,-0.02651485800743103,EXP_XGBModel_Alpha158_csi300_custom_step0_s_20261001_18,b57ce80944b143588916c49367247eb8,0.053,,,
1796,2026-09-30,SZ300760,-0.02358718030154705,EXP_XGBModel_Alpha158_csi300_custom_step0_s_20261001_18,b57ce80944b143588916c49367247eb8,0.053,,,
1797,2026-09-30,SZ300750,0.07598985731601715,EXP_XGBModel_Alpha158_csi300_custom_step0_s_20261001_18,b57ce80944b143588916c49367247eb8,0.053,,,
1798,2026-09-30,SZ300661,-0.03440108895301819,EXP_XGBModel_Alpha158_csi300_custom_step0_s_20261001_18,b57ce80944b143588916c49367247eb8,0.053,,,
1799,2026-09-30,SZ300628,-0.006366254761815071,EXP_XGBModel_Alpha158_csi300_custom_step0_s_20261001_18,b57ce80944b143588916c49367247eb8,0.053,,,
1800,2026-09-30,SZ300502,-0.15711545944213867,EXP_XGBModel_Alpha158_csi300_custom_step0_s_20261001_18,b57ce80944b143588916c49367247eb8,0.053,,,
1801,2026-09-30,SZ300498,0.03445000201463699,EXP_XGBModel_Alpha158_csi300_custom_step0_s_20261001_18,b57ce80944b143588916c49367247eb8,0.053,,,
1802,2026-09-30,SZ300476,-0.1869749277830124,EXP_XGBModel_Alpha158_csi300_custom_step0_s_20261001_18,b57ce80944b143588916c49367247eb8,0.053,,,
1803,2026-09-30,SZ300803,-0.036864884197711945,EXP_XGBModel_Alpha158_csi300_custom_step0_s_20261001_18,b57ce80944b143588916c49367247eb8,0.053,,,
1804,2026-09-30,SH600588,-0.051488783210515976,EXP_XGBModel_Alpha158_csi300_custom_step0_s_20261001_18,5f923dc500e14624b10031b17148fd0f,0.04,,,
1805,2026-09-30,SH600000,0.03078479878604412,EXP_XGBModel_Alpha158_csi300_custom_step0_s_20261001_18,5f923dc500e14624b10031b17148fd0f,0.04,,,
1806,2026-09-30,SH600010,-0.012094826437532902,EXP_XGBModel_Alpha158_csi300_custom_step0_s_20261001_18,5f923dc500e14624b10031b17148fd0f,0.04,,,
1807,2026-09-30,SH600048,0.10073630511760712,EXP_XGBModel_Alpha158_csi300_custom_step0_s_20261001_18,5f923dc500e14624b10031b17148fd0f,0.04,,,
1808,2026-09-30,SH600039,-0.004138091579079628,EXP_XGBModel_Alpha158_csi300_custom_step0_s_20261001_18,5f923dc500e14624b10031b17148fd0f,0.04,,,
1809,2026-09-30,SH600036,0.09818653017282486,EXP_XGBModel_Alpha158_csi300_custom_step0_s_20261001_18,5f923dc500e14624b10031b17148fd0f,0.04,,,
1810,2026-09-30,SH600031,-0.04115156829357147,EXP_XGBModel_Alpha158_csi300_custom_step0_s_20261001_18,5f923dc500e14624b10031b17148fd0f,0.04,,,
1811,2026-09-30,SH600030,-0.02262929454445839,EXP_XGBModel_Alpha158_csi300_custom_step0_s_20261001_18,5f923dc500e14624b10031b17148fd0f,0.04,,,
1812,2026-09-30,SH600029,-0.0040121981874108315,EXP_XGBModel_Alpha158_csi300_custom_step0_s_20261001_18,5f923dc500e14624b10031b17148fd0f,0.04,,,
1813,2026-09-30,SH600028,0.015301665291190147,EXP_XGBModel_Alpha158_csi300_custom_step0_s_20261001_18,5f923dc500e14624b10031b17148fd0f,0.04,,,
1814,2026-09-30,SH600009,-0.006287869531661272,EXP_XGBModel_Alpha158_csi300_custom_step0_s_20261001_18,5f923dc500e14624b10031b17148fd0f,0.04,,,
1815,2026-09-30,SH600027,0.018447183072566986,EXP_XGBModel_Alpha158_csi300_custom_step0_s_20261001_18,5f923dc500e14624b10031b17148fd0f,0.04,,,
1816,2026-09-30,SH600025,0.0022257021628320217,EXP_XGBModel_Alpha158_csi300_custom_step0_s_20261001_18,5f923dc500e14624b10031b17148fd0f,0.04,,,
1817,2026-09-30,SH600023,0.028231078758835793,EXP_XGBModel_Alpha158_csi300_custom_step0_s_20261001_18,5f923dc500e14624b10031b17148fd0f,0.04,,,
1818,2026-09-30,SH600019,0.016337625682353973,EXP_XGBModel_Alpha158_csi300_custom_step0_s_20261001_18,5f923dc500e14624b10031b17148fd0f,0.04,,,
1819,2026-09-30,SH600018,0.008296479471027851,EXP_XGBModel_Alpha158_csi300_custom_step0_s_20261001_18,5f923dc500e14624b10031b17148fd0f,0.04,,,
1820,2026-09-30,SH600016,0.015440581366419792,EXP_XGBModel_Alpha158_csi300_custom_step0_s_20261001_18,5f923dc500e14624b10031b17148fd0f,0.04,,,
1821,2026-09-30,SH600015,-0.009582871571183205,EXP_XGBModel_Alpha158_csi300_custom_step0_s_20261001_18,5f923dc500e14624b10031b17148fd0f,0.04,,,
1822,2026-09-30,SH600011,0.004035471007227898,EXP_XGBModel_Alpha158_csi300_custom_step0_s_20261001_18,5f923dc500e14624b10031b17148fd0f,0.04,,,
1823,2026-09-30,SH600026,0.005942734889686108,EXP_XGBModel_Alpha158_csi300_custom_step0_s_20261001_18,5f923dc500e14624b10031b17148fd0f,0.04,,,
1824,2026-09-30,SH600600,-0.001905099954456091,EXP_XGBModel_Alpha158_csi300_custom_step0_s_20261001_18,5f923dc500e14624b10031b17148fd0f,0.04,,,
1825,2026-09-30,SH600660,-0.012257092632353306,EXP_XGBModel_Alpha158_csi300_custom_step0_s_20261001_18,5f923dc500e14624b10031b17148fd0f,0.04,,,
1826,2026-09-30,SH600674,0.02718738466501236,EXP_XGBModel_Alpha158_csi300_custom_step0_s_20261001_18,5f923dc500e14624b10031b17148fd0f,0.04,,,
1827,2026-09-30,SH601601,-0.0026542125269770622,EXP_XGBModel_Alpha158_csi300_custom_step0_s_20261001_18,5f923dc500e14624b10031b17148fd0f,0.04,,,
1828,2026-09-30,SH601600,-0.007616584189236164,EXP_XGBModel_Alpha158_csi300_custom_step0_s_20261001_18,5f923dc500e14624b10031b17148fd0f,0.04,,,
1829,2026-09-30,SH601456,-0.0034141717478632927,EXP_XGBModel_Alpha158_csi300_custom_step0_s_20261001_18,5f923dc500e14624b10031b17148fd0f,0.04,,,
1830,2026-09-30,SH601398,0.03137446567416191,EXP_XGBModel_Alpha158_csi300_custom_step0_s_20261001_18,5f923dc500e14624b10031b17148fd0f,0.04,,,
1831,2026-09-30,SH601390,-0.005601096898317337,EXP_XGBModel_Alpha158_csi300_custom_step0_s_20261001_18,5f923dc500e14624b10031b17148fd0f,0.04,,,
1832,2026-09-30,SH601377,-0.023708269000053406,EXP_XGBModel_Alpha158_csi300_custom_step0_s_20261001_18,5f923dc500e14624b10031b17148fd0f,0.04,,,
1833,2026-09-30,SH601360,0.008782574906945229,EXP_XGBModel_Alpha158_csi300_custom_step0_s_20261001_18,5f923dc500e14624b10031b17148fd0f,0.04,,,
1834,2026-09-30,SH601607,-0.004325891844928265,EXP_XGBModel_Alpha158_csi300_custom_step0_s_20261001_18,5f923dc500e14624b10031b17148fd0f,0.04,,,
1835,2026-09-30,SH601336,-0.03052743896842003,EXP_XGBModel_Alpha158_csi300_custom_step0_s_20261001_18,5f923dc500e14624b10031b17148fd0f,0.04,,,
1836,2026-09-30,SH601319,0.012995795346796513,EXP_XGBModel_Alpha158_csi300_custom_step0_s_20261001_18,5f923dc500e14624b10031b17148fd0f,0.04,,,
1837,2026-09-30,SH601318,-0.002971555106341839,EXP_XGBModel_Alpha158_csi300_custom_step0_s_20261001_18,5f923dc500e14624b10031b17148fd0f,0.04,,,
1838,2026-09-30,SH601288,0.011692891828715801,EXP_XGBModel_Alpha158_csi300_custom_step0_s_20261001_18,5f923dc500e14624b10031b17148fd0f,0.04,,,
1839,2026-09-30,SH601238,-0.19442200660705566,EXP_XGBModel_Alpha158_csi300_custom_step0_s_20261001_18,5f923dc500e14624b10031b17148fd0f,0.04,,,
1840,2026-09-30,SH601229,-0.0017418008064851165,EXP_XGBModel_Alpha158_csi300_custom_step0_s_20261001_18,5f923dc500e14624b10031b17148fd0f,0.04,,,
1841,2026-09-30,SH601225,-0.00233492162078619,EXP_XGBModel_Alpha158_csi300_custom_step0_s_20261001_18,5f923dc500e14624b10031b17148fd0f,0.04,,,
1842,2026-09-30,SH601211,-0.002174289431422949,EXP_XGBModel_Alpha158_csi300_custom_step0_s_20261001_18,5f923dc500e14624b10031b17148fd0f,0.04,,,
1843,2026-09-30,SH601328,0.051358550786972046,EXP_XGBModel_Alpha158_csi300_custom_step0_s_20261001_18,5f923dc500e14624b10031b17148fd0f,0.04,,,
1844,2026-09-30,SH601186,0.002251686993986368,EXP_XGBModel_Alpha158_csi300_custom_step0_s_20261001_18,5f923dc500e14624b10031b17148fd0f,0.04,,,
1845,2026-09-30,SH601618,-0.0032971706241369247,EXP_XGBModel_Alpha158_csi300_custom_step0_s_20261001_18,5f923dc500e14624b10031b17148fd0f,0.04,,,
1846,2026-09-30,SH601633,-0.024441538378596306,EXP_XGBModel_Alpha158_csi300_custom_step0_s_20261001_18,5f923dc500e14624b10031b17148fd0f,0.04,,,
1847,2026-09-30,SH601857,-0.0005868707085028291,EXP_XGBModel_Alpha158_csi300_custom_step0_s_20261001_18,5f923dc500e14624b10031b17148fd0f,0.04,,,
1848,2026-09-30,SH601838,0.014410477131605148,EXP_XGBModel_Alpha158_csi300_custom_step0_s_20261001_18,5f923dc500e14624b10031b17148fd0f,0.04,,,
1849,2026-09-30,SH601825,0.002223729155957699,EXP_XGBModel_Alpha158_csi300_custom_step0_s_20261001_18,5f923dc500e14624b10031b17148fd0f,0.04,,,
1850,2026-09-30,SH601818,-0.004923107102513313,EXP_XGBModel_Alpha158_csi300_custom_step0_s_20261001_18,5f923dc500e14624b10031b17148fd0f,0.04,,,
1851,2026-09-30,SH601816,-0.006287869531661272,EXP_XGBModel_Alpha158_csi300_custom_step0_s_20261001_18,5f923dc500e14624b10031b17148fd0f,0.04,,,
1852,2026-09-30,SH601800,-0.008082147687673569,EXP_XGBModel_Alpha158_csi300_custom_step0_s_20261001_18,5f923dc500e14624b10031b17148fd0f,0.04,,,
1853,2026-09-30,SH601788,-0.03209080547094345,EXP_XGBModel_Alpha158_csi300_custom_step0_s_20261001_18,5f923dc500e14624b10031b17148fd0f,0.04,,,
1854,2026-09-30,SH601628,-0.028312653303146362,EXP_XGBModel_Alpha158_csi300_custom_step0_s_20261001_18,5f923dc500e14624b10031b17148fd0f,0.04,,,
1855,2026-09-30,SH601766,-0.007726510055363178,EXP_XGBModel_Alpha158_csi300_custom_step0_s_20261001_18,5f923dc500e14624b10031b17148fd0f,0.04,,,
1856,2026-09-30,SH601727,0.010415812954306602,EXP_XGBModel_Alpha158_csi300_custom_step0_s_20261001_18,5f923dc500e14624b10031b17148fd0f,0.04,,,
1857,2026-09-30,SH601698,-0.050030969083309174,EXP_XGBModel_Alpha158_csi300_custom_step0_s_20261001_18,5f923dc500e14624b10031b17148fd0f,0.04,,,
1858,2026-09-30,SH601689,0.008955692872405052,EXP_XGBModel_Alpha158_csi300_custom_step0_s_20261001_18,5f923dc500e14624b10031b17148fd0f,0.04,,,
1859,2026-09-30,SH601688,-0.016896547749638557,EXP_XGBModel_Alpha158_csi300_custom_step0_s_20261001_18,5f923dc500e14624b10031b17148fd0f,0.04,,,
1860,2026-09-30,SH601669,0.003640708513557911,EXP_XGBModel_Alpha158_csi300_custom_step0_s_20261001_18,5f923dc500e14624b10031b17148fd0f,0.04,,,
1861,2026-09-30,SH601668,-0.012263408862054348,EXP_XGBModel_Alpha158_csi300_custom_step0_s_20261001_18,5f923dc500e14624b10031b17148fd0f,0.04,,,
1862,2026-09-30,SH601658,0.006117583718150854,EXP_XGBModel_Alpha158_csi300_custom_step0_s_20261001_18,5f923dc500e14624b10031b17148fd0f,0.04,,,
1863,2026-09-30,SH601728,-0.008670044131577015,EXP_XGBModel_Alpha158_csi300_custom_step0_s_20261001_18,5f923dc500e14624b10031b17148fd0f,0.04,,,
1864,2026-09-30,SH601872,0.028522098436951637,EXP_XGBModel_Alpha158_csi300_custom_step0_s_20261001_18,5f923dc500e14624b10031b17148fd0f,0.04,,,
1865,2026-09-30,SH601169,0.011206524446606636,EXP_XGBModel_Alpha158_csi300_custom_step0_s_20261001_18,5f923dc500e14624b10031b17148fd0f,0.04,,,
1866,2026-09-30,SH601138,-0.03303453326225281,EXP_XGBModel_Alpha158_csi300_custom_step0_s_20261001_18,5f923dc500e14624b10031b17148fd0f,0.04,,,
1867,2026-09-30,SH600926,0.005967396777123213,EXP_XGBModel_Alpha158_csi300_custom_step0_s_20261001_18,5f923dc500e14624b10031b17148fd0f,0.04,,,
1868,2026-09-30,SH600919,0.007752232253551483,EXP_XGBModel_Alpha158_csi300_custom_step0_s_20261001_18,5f923dc500e14624b10031b17148fd0f,0.04,,,
1869,2026-09-30,SH600918,-0.011902395635843277,EXP_XGBModel_Alpha158_csi300_custom_step0_s_20261001_18,5f923dc500e14624b10031b17148fd0f,0.04,,,
1870,2026-09-30,SH600905,-0.021183732897043228,EXP_XGBModel_Alpha158_csi300_custom_step0_s_20261001_18,5f923dc500e14624b10031b17148fd0f,0.04,,,
1871,2026-09-30,SH600900,0.006160232238471508,EXP_XGBModel_Alpha158_csi300_custom_step0_s_20261001_18,5f923dc500e14624b10031b17148fd0f,0.04,,,
1872,2026-09-30,SH600893,-0.012106544338166714,EXP_XGBModel_Alpha158_csi300_custom_step0_s_20261001_18,5f923dc500e14624b10031b17148fd0f,0.04,,,
1873,2026-09-30,SH600887,0.028807800263166428,EXP_XGBModel_Alpha158_csi300_custom_step0_s_20261001_18,5f923dc500e14624b10031b17148fd0f,0.04,,,
1874,2026-09-30,SH600930,0.0006000514840707183,EXP_XGBModel_Alpha158_csi300_custom_step0_s_20261001_18,5f923dc500e14624b10031b17148fd0f,0.04,,,
1875,2026-09-30,SH600886,0.030724434182047844,EXP_XGBModel_Alpha158_csi300_custom_step0_s_20261001_18,5f923dc500e14624b10031b17148fd0f,0.04,,,
1876,2026-09-30,SH600845,-0.015838706865906715,EXP_XGBModel_Alpha158_csi300_custom_step0_s_20261001_18,5f923dc500e14624b10031b17148fd0f,0.04,,,
1877,2026-09-30,SH600809,-0.01563783548772335,EXP_XGBModel_Alpha158_csi300_custom_step0_s_20261001_18,5f923dc500e14624b10031b17148fd0f,0.04,,,
1878,2026-09-30,SH600803,-0.005826821085065603,EXP_XGBModel_Alpha158_csi300_custom_step0_s_20261001_18,5f923dc500e14624b10031b17148fd0f,0.04,,,
1879,2026-09-30,SH600795,-0.0017153387889266014,EXP_XGBModel_Alpha158_csi300_custom_step0_s_20261001_18,5f923dc500e14624b10031b17148fd0f,0.04,,,
1880,2026-09-30,SH600760,-0.004228866659104824,EXP_XGBModel_Alpha158_csi300_custom_step0_s_20261001_18,5f923dc500e14624b10031b17148fd0f,0.04,,,
1881,2026-09-30,SH600741,-0.010667766444385052,EXP_XGBModel_Alpha158_csi300_custom_step0_s_20261001_18,5f923dc500e14624b10031b17148fd0f,0.04,,,
1882,2026-09-30,SH600690,-0.013144996017217636,EXP_XGBModel_Alpha158_csi300_custom_step0_s_20261001_18,5f923dc500e14624b10031b17148fd0f,0.04,,,
1883,2026-09-30,SH600875,-0.017925160005688667,EXP_XGBModel_Alpha158_csi300_custom_step0_s_20261001_18,5f923dc500e14624b10031b17148fd0f,0.04,,,
1884,2026-09-30,SH601166,0.000889267772436142,EXP_XGBModel_Alpha158_csi300_custom_step0_s_20261001_18,5f923dc500e14624b10031b17148fd0f,0.04,,,
1885,2026-09-30,SH600938,3.88469488825649e-05,EXP_XGBModel_Alpha158_csi300_custom_step0_s_20261001_18,5f923dc500e14624b10031b17148fd0f,0.04,,,
1886,2026-09-30,SH600958,-0.02762717753648758,EXP_XGBModel_Alpha158_csi300_custom_step0_s_20261001_18,5f923dc500e14624b10031b17148fd0f,0.04,,,
1887,2026-09-30,SH601136,-0.051768772304058075,EXP_XGBModel_Alpha158_csi300_custom_step0_s_20261001_18,5f923dc500e14624b10031b17148fd0f,0.04,,,
1888,2026-09-30,SH601127,0.0034435789566487074,EXP_XGBModel_Alpha158_csi300_custom_step0_s_20261001_18,5f923dc500e14624b10031b17148fd0f,0.04,,,
1889,2026-09-30,SH601117,0.0014150697970762849,EXP_XGBModel_Alpha158_csi300_custom_step0_s_20261001_18,5f923dc500e14624b10031b17148fd0f,0.04,,,
1890,2026-09-30,SH601111,0.0010831875260919333,EXP_XGBModel_Alpha158_csi300_custom_step0_s_20261001_18,5f923dc500e14624b10031b17148fd0f,0.04,,,
1891,2026-09-30,SH601100,-0.015574982389807701,EXP_XGBModel_Alpha158_csi300_custom_step0_s_20261001_18,5f923dc500e14624b10031b17148fd0f,0.04,,,
1892,2026-09-30,SH601088,0.008659491315484047,EXP_XGBModel_Alpha158_csi300_custom_step0_s_20261001_18,5f923dc500e14624b10031b17148fd0f,0.04,,,
1893,2026-09-30,SH601077,-0.008408955298364162,EXP_XGBModel_Alpha158_csi300_custom_step0_s_20261001_18,5f923dc500e14624b10031b17148fd0f,0.04,,,
1894,2026-09-30,SH600941,0.006814760621637106,EXP_XGBModel_Alpha158_csi300_custom_step0_s_20261001_18,5f923dc500e14624b10031b17148fd0f,0.04,,,
1895,2026-09-30,SH601066,-0.02207660861313343,EXP_XGBModel_Alpha158_csi300_custom_step0_s_20261001_18,5f923dc500e14624b10031b17148fd0f,0.04,,,
1896,2026-09-30,SH601021,-0.011235620826482773,EXP_XGBModel_Alpha158_csi300_custom_step0_s_20261001_18,5f923dc500e14624b10031b17148fd0f,0.04,,,
1897,2026-09-30,SH601018,0.01056599896401167,EXP_XGBModel_Alpha158_csi300_custom_step0_s_20261001_18,5f923dc500e14624b10031b17148fd0f,0.04,,,
1898,2026-09-30,SH601012,-0.0059153917245566845,EXP_XGBModel_Alpha158_csi300_custom_step0_s_20261001_18,5f923dc500e14624b10031b17148fd0f,0.04,,,
1899,2026-09-30,SH601009,0.014152849093079567,EXP_XGBModel_Alpha158_csi300_custom_step0_s_20261001_18,5f923dc500e14624b10031b17148fd0f,0.04,,,
1900,2026-09-30,SH601006,-0.0066327922977507114,EXP_XGBModel_Alpha158_csi300_custom_step0_s_20261001_18,5f923dc500e14624b10031b17148fd0f,0.04,,,
1901,2026-09-30,SH600999,-0.03182206675410271,EXP_XGBModel_Alpha158_csi300_custom_step0_s_20261001_18,5f923dc500e14624b10031b17148fd0f,0.04,,,
1902,2026-09-30,SH600989,-0.009690947830677032,EXP_XGBModel_Alpha158_csi300_custom_step0_s_20261001_18,5f923dc500e14624b10031b17148fd0f,0.04,,,
1903,2026-09-30,SH601058,-0.03694953769445419,EXP_XGBModel_Alpha158_csi300_custom_step0_s_20261001_18,5f923dc500e14624b10031b17148fd0f,0.04,,,
1904,2026-09-30,SZ002920,-0.013581433333456516,EXP_XGBModel_Alpha158_csi300_custom_step0_s_20261001_18,eb47f2deaed44513b7186e073d375855,0.103,,,
1905,2026-09-30,SZ002916,-0.025858966633677483,EXP_XGBModel_Alpha158_csi300_custom_step0_s_20261001_18,eb47f2deaed44513b7186e073d375855,0.103,,,
1906,2026-09-30,SZ002837,-0.0388474240899086,EXP_XGBModel_Alpha158_csi300_custom_step0_s_20261001_18,eb47f2deaed44513b7186e073d375855,0.103,,,
1907,2026-09-30,SH601877,-0.028333693742752075,EXP_LinearModel_Alpha158_csi300_custom_step0_s_20261001_18,819ff4bdb88c40e596cd0000a38cb2fa,0.042,,,
1908,2026-09-30,SH601872,0.02677799202501774,EXP_LinearModel_Alpha158_csi300_custom_step0_s_20261001_18,819ff4bdb88c40e596cd0000a38cb2fa,0.042,,,
1909,2026-09-30,SH601868,-0.010114584118127823,EXP_LinearModel_Alpha158_csi300_custom_step0_s_20261001_18,819ff4bdb88c40e596cd0000a38cb2fa,0.042,,,
1910,2026-09-30,SH601857,-0.13136202096939087,EXP_LinearModel_Alpha158_csi300_custom_step0_s_20261001_18,819ff4bdb88c40e596cd0000a38cb2fa,0.042,,,
1911,2026-09-30,SH601838,-0.10179489105939865,EXP_LinearModel_Alpha158_csi300_custom_step0_s_20261001_18,819ff4bdb88c40e596cd0000a38cb2fa,0.042,,,
1912,2026-09-30,SH601825,-0.07897093147039413,EXP_LinearModel_Alpha158_csi300_custom_step0_s_20261001_18,819ff4bdb88c40e596cd0000a38cb2fa,0.042,,,
1913,2026-09-30,SH601818,0.015366407111287117,EXP_LinearModel_Alpha158_csi300_custom_step0_s_20261001_18,819ff4bdb88c40e596cd0000a38cb2fa,0.042,,,
1914,2026-09-30,SH601816,-0.0481293685734272,EXP_LinearModel_Alpha158_csi300_custom_step0_s_20261001_18,819ff4bdb88c40e596cd0000a38cb2fa,0.042,,,
1915,2026-09-30,SH601800,-0.006194973364472389,EXP_LinearModel_Alpha158_csi300_custom_step0_s_20261001_18,819ff4bdb88c40e596cd0000a38cb2fa,0.042,,,
1916,2026-09-30,SH601788,-0.03255361318588257,EXP_LinearModel_Alpha158_csi300_custom_step0_s_20261001_18,819ff4bdb88c40e596cd0000a38cb2fa,0.042,,,
1917,2026-09-30,SH601766,-0.1318989098072052,EXP_LinearModel_Alpha158_csi300_custom_step0_s_20261001_18,819ff4bdb88c40e596cd0000a38cb2fa,0.042,,,
1918,2026-09-30,SH601728,-0.08640193939208984,EXP_LinearModel_Alpha158_csi300_custom_step0_s_20261001_18,819ff4bdb88c40e596cd0000a38cb2fa,0.042,,,
1919,2026-09-30,SH601727,-0.12959671020507812,EXP_LinearModel_Alpha158_csi300_custom_step0_s_20261001_18,819ff4bdb88c40e596cd0000a38cb2fa,0.042,,,
1920,2026-09-30,SH601698,-0.03421568125486374,EXP_LinearModel_Alpha158_csi300_custom_step0_s_20261001_18,819ff4bdb88c40e596cd0000a38cb2fa,0.042,,,
1921,2026-09-30,SH601689,0.0016802027821540833,EXP_LinearModel_Alpha158_csi300_custom_step0_s_20261001_18,819ff4bdb88c40e596cd0000a38cb2fa,0.042,,,
1922,2026-09-30,SH601878,-0.05511772632598877,EXP_LinearModel_Alpha158_csi300_custom_step0_s_20261001_18,819ff4bdb88c40e596cd0000a38cb2fa,0.042,,,
1923,2026-09-30,SH601881,-0.043476223945617676,EXP_LinearModel_Alpha158_csi300_custom_step0_s_20261001_18,819ff4bdb88c40e596cd0000a38cb2fa,0.042,,,
1924,2026-09-30,SH601888,-0.035977836698293686,EXP_LinearModel_Alpha158_csi300_custom_step0_s_20261001_18,819ff4bdb88c40e596cd0000a38cb2fa,0.042,,,
1925,2026-09-30,SH601898,-0.02401835285127163,EXP_LinearModel_Alpha158_csi300_custom_step0_s_20261001_18,819ff4bdb88c40e596cd0000a38cb2fa,0.042,,,
1926,2026-09-30,SH603392,0.013264842331409454,EXP_LinearModel_Alpha158_csi300_custom_step0_s_20261001_18,819ff4bdb88c40e596cd0000a38cb2fa,0.042,,,
1927,2026-09-30,SH603369,-0.029041433706879616,EXP_LinearModel_Alpha158_csi300_custom_step0_s_20261001_18,819ff4bdb88c40e596cd0000a38cb2fa,0.042,,,
1928,2026-09-30,SH603296,0.02617366798222065,EXP_LinearModel_Alpha158_csi300_custom_step0_s_20261001_18,819ff4bdb88c40e596cd0000a38cb2fa,0.042,,,
1929,2026-09-30,SH603288,-0.05318490415811539,EXP_LinearModel_Alpha158_csi300_custom_step0_s_20261001_18,819ff4bdb88c40e596cd0000a38cb2fa,0.042,,,
1930,2026-09-30,SH603260,-0.08657915890216827,EXP_LinearModel_Alpha158_csi300_custom_step0_s_20261001_18,819ff4bdb88c40e596cd0000a38cb2fa,0.042,,,
1931,2026-09-30,SH603259,-0.01816844567656517,EXP_LinearModel_Alpha158_csi300_custom_step0_s_20261001_18,819ff4bdb88c40e596cd0000a38cb2fa,0.042,,,
1932,2026-09-30,SH603019,0.027681764215230942,EXP_LinearModel_Alpha158_csi300_custom_step0_s_20261001_18,819ff4bdb88c40e596cd0000a38cb2fa,0.042,,,
1933,2026-09-30,SH601688,0.020656974986195564,EXP_LinearModel_Alpha158_csi300_custom_step0_s_20261001_18,819ff4bdb88c40e596cd0000a38cb2fa,0.042,,,
1934,2026-09-30,SH601998,0.008495757356286049,EXP_LinearModel_Alpha158_csi300_custom_step0_s_20261001_18,819ff4bdb88c40e596cd0000a38cb2fa,0.042,,,
1935,2026-09-30,SH601988,0.12033946067094803,EXP_LinearModel_Alpha158_csi300_custom_step0_s_20261001_18,819ff4bdb88c40e596cd0000a38cb2fa,0.042,,,
1936,2026-09-30,SH601985,-0.009432796388864517,EXP_LinearModel_Alpha158_csi300_custom_step0_s_20261001_18,819ff4bdb88c40e596cd0000a38cb2fa,0.042,,,
1937,2026-09-30,SH601939,0.007780925370752811,EXP_LinearModel_Alpha158_csi300_custom_step0_s_20261001_18,819ff4bdb88c40e596cd0000a38cb2fa,0.042,,,
1938,2026-09-30,SH601919,-0.12983623147010803,EXP_LinearModel_Alpha158_csi300_custom_step0_s_20261001_18,819ff4bdb88c40e596cd0000a38cb2fa,0.042,,,
1939,2026-09-30,SH601916,-0.045225970447063446,EXP_LinearModel_Alpha158_csi300_custom_step0_s_20261001_18,819ff4bdb88c40e596cd0000a38cb2fa,0.042,,,
1940,2026-09-30,SH601901,-0.016732122749090195,EXP_LinearModel_Alpha158_csi300_custom_step0_s_20261001_18,819ff4bdb88c40e596cd0000a38cb2fa,0.042,,,
1941,2026-09-30,SH601899,0.03557306528091431,EXP_LinearModel_Alpha158_csi300_custom_step0_s_20261001_18,819ff4bdb88c40e596cd0000a38cb2fa,0.042,,,
1942,2026-09-30,SH601995,,EXP_LinearModel_Alpha158_csi300_custom_step0_s_20261001_18,819ff4bdb88c40e596cd0000a38cb2fa,0.042,,,
1943,2026-09-30,SH601669,-0.02743605338037014,EXP_LinearModel_Alpha158_csi300_custom_step0_s_20261001_18,819ff4bdb88c40e596cd0000a38cb2fa,0.042,,,
1944,2026-09-30,SH601668,0.02363021858036518,EXP_LinearModel_Alpha158_csi300_custom_step0_s_20261001_18,819ff4bdb88c40e596cd0000a38cb2fa,0.042,,,
1945,2026-09-30,SH601658,-0.0014766193926334381,EXP_LinearModel_Alpha158_csi300_custom_step0_s_20261001_18,819ff4bdb88c40e596cd0000a38cb2fa,0.042,,,
1946,2026-09-30,SH601186,0.012489521875977516,EXP_LinearModel_Alpha158_csi300_custom_step0_s_20261001_18,819ff4bdb88c40e596cd0000a38cb2fa,0.042,,,
1947,2026-09-30,SH601169,0.023538045585155487,EXP_LinearModel_Alpha158_csi300_custom_step0_s_20261001_18,819ff4bdb88c40e596cd0000a38cb2fa,0.042,,,
1948,2026-09-30,SH601166,-0.09444783627986908,EXP_LinearModel_Alpha158_csi300_custom_step0_s_20261001_18,819ff4bdb88c40e596cd0000a38cb2fa,0.042,,,
1949,2026-09-30,SH601138,0.013281712308526039,EXP_LinearModel_Alpha158_csi300_custom_step0_s_20261001_18,819ff4bdb88c40e596cd0000a38cb2fa,0.042,,,
1950,2026-09-30,SH601136,-0.06956102699041367,EXP_LinearModel_Alpha158_csi300_custom_step0_s_20261001_18,819ff4bdb88c40e596cd0000a38cb2fa,0.042,,,
1951,2026-09-30,SH601127,0.036805205047130585,EXP_LinearModel_Alpha158_csi300_custom_step0_s_20261001_18,819ff4bdb88c40e596cd0000a38cb2fa,0.042,,,
1952,2026-09-30,SH601117,-0.07406862080097198,EXP_LinearModel_Alpha158_csi300_custom_step0_s_20261001_18,819ff4bdb88c40e596cd0000a38cb2fa,0.042,,,
1953,2026-09-30,SH601211,0.01984960213303566,EXP_LinearModel_Alpha158_csi300_custom_step0_s_20261001_18,819ff4bdb88c40e596cd0000a38cb2fa,0.042,,,
1954,2026-09-30,SH601111,-0.04137447848916054,EXP_LinearModel_Alpha158_csi300_custom_step0_s_20261001_18,819ff4bdb88c40e596cd0000a38cb2fa,0.042,,,
1955,2026-09-30,SH601088,-0.09908511489629745,EXP_LinearModel_Alpha158_csi300_custom_step0_s_20261001_18,819ff4bdb88c40e596cd0000a38cb2fa,0.042,,,
1956,2026-09-30,SH601077,-0.10455916821956635,EXP_LinearModel_Alpha158_csi300_custom_step0_s_20261001_18,819ff4bdb88c40e596cd0000a38cb2fa,0.042,,,
1957,2026-09-30,SH601066,0.04656301438808441,EXP_LinearModel_Alpha158_csi300_custom_step0_s_20261001_18,819ff4bdb88c40e596cd0000a38cb2fa,0.042,,,
1958,2026-09-30,SH601058,-0.06402882933616638,EXP_LinearModel_Alpha158_csi300_custom_step0_s_20261001_18,819ff4bdb88c40e596cd0000a38cb2fa,0.042,,,
1959,2026-09-30,SH601021,-0.032315026968717575,EXP_LinearModel_Alpha158_csi300_custom_step0_s_20261001_18,819ff4bdb88c40e596cd0000a38cb2fa,0.042,,,
1960,2026-09-30,SH601018,0.008345691487193108,EXP_LinearModel_Alpha158_csi300_custom_step0_s_20261001_18,819ff4bdb88c40e596cd0000a38cb2fa,0.042,,,
1961,2026-09-30,SH601012,-0.012193017639219761,EXP_LinearModel_Alpha158_csi300_custom_step0_s_20261001_18,819ff4bdb88c40e596cd0000a38cb2fa,0.042,,,
1962,2026-09-30,SH601100,-0.0555434413254261,EXP_LinearModel_Alpha158_csi300_custom_step0_s_20261001_18,819ff4bdb88c40e596cd0000a38cb2fa,0.042,,,
1963,2026-09-30,SH603501,-0.0033510662615299225,EXP_LinearModel_Alpha158_csi300_custom_step0_s_20261001_18,819ff4bdb88c40e596cd0000a38cb2fa,0.042,,,
1964,2026-09-30,SH601225,-0.16678452491760254,EXP_LinearModel_Alpha158_csi300_custom_step0_s_20261001_18,819ff4bdb88c40e596cd0000a38cb2fa,0.042,,,
1965,2026-09-30,SH601238,,EXP_LinearModel_Alpha158_csi300_custom_step0_s_20261001_18,819ff4bdb88c40e596cd0000a38cb2fa,0.042,,,
1966,2026-09-30,SH601633,-0.07735900580883026,EXP_LinearModel_Alpha158_csi300_custom_step0_s_20261001_18,819ff4bdb88c40e596cd0000a38cb2fa,0.042,,,
1967,2026-09-30,SH601628,-0.046200476586818695,EXP_LinearModel_Alpha158_csi300_custom_step0_s_20261001_18,819ff4bdb88c40e596cd0000a38cb2fa,0.042,,,
1968,2026-09-30,SH601618,0.048127979040145874,EXP_LinearModel_Alpha158_csi300_custom_step0_s_20261001_18,819ff4bdb88c40e596cd0000a38cb2fa,0.042,,,
1969,2026-09-30,SH601607,-0.02371271513402462,EXP_LinearModel_Alpha158_csi300_custom_step0_s_20261001_18,819ff4bdb88c40e596cd0000a38cb2fa,0.042,,,
1970,2026-09-30,SH601601,-0.07442118227481842,EXP_LinearModel_Alpha158_csi300_custom_step0_s_20261001_18,819ff4bdb88c40e596cd0000a38cb2fa,0.042,,,
1971,2026-09-30,SH601600,-0.042880043387413025,EXP_LinearModel_Alpha158_csi300_custom_step0_s_20261001_18,819ff4bdb88c40e596cd0000a38cb2fa,0.042,,,
1972,2026-09-30,SH601456,-0.002949284389615059,EXP_LinearModel_Alpha158_csi300_custom_step0_s_20261001_18,819ff4bdb88c40e596cd0000a38cb2fa,0.042,,,
1973,2026-09-30,SH601229,-0.061376191675662994,EXP_LinearModel_Alpha158_csi300_custom_step0_s_20261001_18,819ff4bdb88c40e596cd0000a38cb2fa,0.042,,,
1974,2026-09-30,SH601398,0.06311015784740448,EXP_LinearModel_Alpha158_csi300_custom_step0_s_20261001_18,819ff4bdb88c40e596cd0000a38cb2fa,0.042,,,
1975,2026-09-30,SH601377,0.020334575325250626,EXP_LinearModel_Alpha158_csi300_custom_step0_s_20261001_18,819ff4bdb88c40e596cd0000a38cb2fa,0.042,,,
1976,2026-09-30,SH601360,-0.0018184548243880272,EXP_LinearModel_Alpha158_csi300_custom_step0_s_20261001_18,819ff4bdb88c40e596cd0000a38cb2fa,0.042,,,
1977,2026-09-30,SH601336,0.008888766169548035,EXP_LinearModel_Alpha158_csi300_custom_step0_s_20261001_18,819ff4bdb88c40e596cd0000a38cb2fa,0.042,,,
1978,2026-09-30,SH601328,0.08706658333539963,EXP_LinearModel_Alpha158_csi300_custom_step0_s_20261001_18,819ff4bdb88c40e596cd0000a38cb2fa,0.042,,,
1979,2026-09-30,SH601319,0.09440906345844269,EXP_LinearModel_Alpha158_csi300_custom_step0_s_20261001_18,819ff4bdb88c40e596cd0000a38cb2fa,0.042,,,
1980,2026-09-30,SH601318,-0.12073999643325806,EXP_LinearModel_Alpha158_csi300_custom_step0_s_20261001_18,819ff4bdb88c40e596cd0000a38cb2fa,0.042,,,
1981,2026-09-30,SH601288,-0.014383411034941673,EXP_LinearModel_Alpha158_csi300_custom_step0_s_20261001_18,819ff4bdb88c40e596cd0000a38cb2fa,0.042,,,
1982,2026-09-30,SH601390,0.01379244402050972,EXP_LinearModel_Alpha158_csi300_custom_step0_s_20261001_18,819ff4bdb88c40e596cd0000a38cb2fa,0.042,,,
1983,2026-09-30,SH603799,-0.015428144484758377,EXP_LinearModel_Alpha158_csi300_custom_step0_s_20261001_18,819ff4bdb88c40e596cd0000a38cb2fa,0.042,,,
1984,2026-09-30,SH603893,0.1268077790737152,EXP_LinearModel_Alpha158_csi300_custom_step0_s_20261001_18,819ff4bdb88c40e596cd0000a38cb2fa,0.042,,,
1985,2026-09-30,SH603986,0.013927236199378967,EXP_LinearModel_Alpha158_csi300_custom_step0_s_20261001_18,819ff4bdb88c40e596cd0000a38cb2fa,0.042,,,
1986,2026-09-30,SZ000999,-0.0648009404540062,EXP_LinearModel_Alpha158_csi300_custom_step0_s_20261001_18,819ff4bdb88c40e596cd0000a38cb2fa,0.042,,,
1987,2026-09-30,SZ000988,0.0030892081558704376,EXP_LinearModel_Alpha158_csi300_custom_step0_s_20261001_18,819ff4bdb88c40e596cd0000a38cb2fa,0.042,,,
1988,2026-09-30,SZ000977,0.15794554352760315,EXP_LinearModel_Alpha158_csi300_custom_step0_s_20261001_18,819ff4bdb88c40e596cd0000a38cb2fa,0.042,,,
1989,2026-09-30,SZ000975,-0.06268130987882614,EXP_LinearModel_Alpha158_csi300_custom_step0_s_20261001_18,819ff4bdb88c40e596cd0000a38cb2fa,0.042,,,
1990,2026-09-30,SZ000963,-0.020866891369223595,EXP_LinearModel_Alpha158_csi300_custom_step0_s_20261001_18,819ff4bdb88c40e596cd0000a38cb2fa,0.042,,,
1991,2026-09-30,SZ000938,0.21018806099891663,EXP_LinearModel_Alpha158_csi300_custom_step0_s_20261001_18,819ff4bdb88c40e596cd0000a38cb2fa,0.042,,,
1992,2026-09-30,SZ000895,-0.09220164269208908,EXP_LinearModel_Alpha158_csi300_custom_step0_s_20261001_18,819ff4bdb88c40e596cd0000a38cb2fa,0.042,,,
1993,2026-09-30,SZ001280,0.055472228676080704,EXP_LinearModel_Alpha158_csi300_custom_step0_s_20261001_18,819ff4bdb88c40e596cd0000a38cb2fa,0.042,,,
1994,2026-09-30,SZ000858,-0.08241992443799973,EXP_LinearModel_Alpha158_csi300_custom_step0_s_20261001_18,819ff4bdb88c40e596cd0000a38cb2fa,0.042,,,
1995,2026-09-30,SZ000792,0.0859287828207016,EXP_LinearModel_Alpha158_csi300_custom_step0_s_20261001_18,819ff4bdb88c40e596cd0000a38cb2fa,0.042,,,
1996,2026-09-30,SZ000776,0.014716055244207382,EXP_LinearModel_Alpha158_csi300_custom_step0_s_20261001_18,819ff4bdb88c40e596cd0000a38cb2fa,0.042,,,
1997,2026-09-30,SZ000768,-0.024258166551589966,EXP_LinearModel_Alpha158_csi300_custom_step0_s_20261001_18,819ff4bdb88c40e596cd0000a38cb2fa,0.042,,,
1998,2026-09-30,SZ000725,-0.10286740213632584,EXP_LinearModel_Alpha158_csi300_custom_step0_s_20261001_18,819ff4bdb88c40e596cd0000a38cb2fa,0.042,,,
1999,2026-09-30,SZ000708,0.042066313326358795,EXP_LinearModel_Alpha158_csi300_custom_step0_s_20261001_18,819ff4bdb88c40e596cd0000a38cb2fa,0.042,,,
2000,2026-09-30,SZ000657,0.0897085890173912,EXP_LinearModel_Alpha158_csi300_custom_step0_s_20261001_18,819ff4bdb88c40e596cd0000a38cb2fa,0.042,,,
2001,2026-09-30,SZ000651,-0.03245756775140762,EXP_LinearModel_Alpha158_csi300_custom_step0_s_20261001_18,819ff4bdb88c40e596cd0000a38cb2fa,0.042,,,
2002,2026-09-30,SZ000807,-0.010658740065991879,EXP_LinearModel_Alpha158_csi300_custom_step0_s_20261001_18,819ff4bdb88c40e596cd0000a38cb2fa,0.042,,,
2003,2026-09-30,SZ000630,0.1459604650735855,EXP_LinearModel_Alpha158_csi300_custom_step0_s_20261001_18,819ff4bdb88c40e596cd0000a38cb2fa,0.042,,,
2004,2026-09-30,SZ001391,-0.02545047178864479,EXP_LinearModel_Alpha158_csi300_custom_step0_s_20261001_18,819ff4bdb88c40e596cd0000a38cb2fa,0.042,,,
2005,2026-09-30,SZ001979,-0.09295926243066788,EXP_LinearModel_Alpha158_csi300_custom_step0_s_20261001_18,819ff4bdb88c40e596cd0000a38cb2fa,0.042,,,
2006,2026-09-30,SZ002353,-0.021063491702079773,EXP_LinearModel_Alpha158_csi300_custom_step0_s_20261001_18,819ff4bdb88c40e596cd0000a38cb2fa,0.042,,,
2007,2026-09-30,SZ002352,0.004481921903789043,EXP_LinearModel_Alpha158_csi300_custom_step0_s_20261001_18,819ff4bdb88c40e596cd0000a38cb2fa,0.042,,,
2008,2026-09-30,SZ002311,0.04745878279209137,EXP_LinearModel_Alpha158_csi300_custom_step0_s_20261001_18,819ff4bdb88c40e596cd0000a38cb2fa,0.042,,,
2009,2026-09-30,SZ002304,-0.048096396028995514,EXP_LinearModel_Alpha158_csi300_custom_step0_s_20261001_18,819ff4bdb88c40e596cd0000a38cb2fa,0.042,,,
2010,2026-09-30,SZ002241,-0.050902362912893295,EXP_LinearModel_Alpha158_csi300_custom_step0_s_20261001_18,819ff4bdb88c40e596cd0000a38cb2fa,0.042,,,
2011,2026-09-30,SZ002236,0.021552303805947304,EXP_LinearModel_Alpha158_csi300_custom_step0_s_20261001_18,819ff4bdb88c40e596cd0000a38cb2fa,0.042,,,
2012,2026-09-30,SZ002230,0.026190169155597687,EXP_LinearModel_Alpha158_csi300_custom_step0_s_20261001_18,819ff4bdb88c40e596cd0000a38cb2fa,0.042,,,
2013,2026-09-30,SZ001965,0.10068687796592712,EXP_LinearModel_Alpha158_csi300_custom_step0_s_20261001_18,819ff4bdb88c40e596cd0000a38cb2fa,0.042,,,
2014,2026-09-30,SZ002202,-0.07976894080638885,EXP_LinearModel_Alpha158_csi300_custom_step0_s_20261001_18,819ff4bdb88c40e596cd0000a38cb2fa,0.042,,,
2015,2026-09-30,SZ002142,-0.029822953045368195,EXP_LinearModel_Alpha158_csi300_custom_step0_s_20261001_18,819ff4bdb88c40e596cd0000a38cb2fa,0.042,,,
2016,2026-09-30,SZ002074,0.03899037837982178,EXP_LinearModel_Alpha158_csi300_custom_step0_s_20261001_18,819ff4bdb88c40e596cd0000a38cb2fa,0.042,,,
2017,2026-09-30,SZ002050,-0.032242804765701294,EXP_LinearModel_Alpha158_csi300_custom_step0_s_20261001_18,819ff4bdb88c40e596cd0000a38cb2fa,0.042,,,
2018,2026-09-30,SZ002049,-0.05719909444451332,EXP_LinearModel_Alpha158_csi300_custom_step0_s_20261001_18,819ff4bdb88c40e596cd0000a38cb2fa,0.042,,,
2019,2026-09-30,SZ002028,0.07561899721622467,EXP_LinearModel_Alpha158_csi300_custom_step0_s_20261001_18,819ff4bdb88c40e596cd0000a38cb2fa,0.042,,,
2020,2026-09-30,SZ002027,-0.011118791997432709,EXP_LinearModel_Alpha158_csi300_custom_step0_s_20261001_18,819ff4bdb88c40e596cd0000a38cb2fa,0.042,,,
2021,2026-09-30,SZ002001,0.06238241866230965,EXP_LinearModel_Alpha158_csi300_custom_step0_s_20261001_18,819ff4bdb88c40e596cd0000a38cb2fa,0.042,,,
2022,2026-09-30,SZ002179,-0.029337335377931595,EXP_LinearModel_Alpha158_csi300_custom_step0_s_20261001_18,819ff4bdb88c40e596cd0000a38cb2fa,0.042,,,
2023,2026-09-30,SH601009,-0.11312324553728104,EXP_LinearModel_Alpha158_csi300_custom_step0_s_20261001_18,819ff4bdb88c40e596cd0000a38cb2fa,0.042,,,
2024,2026-09-30,SZ000625,-0.06179027631878853,EXP_LinearModel_Alpha158_csi300_custom_step0_s_20261001_18,819ff4bdb88c40e596cd0000a38cb2fa,0.042,,,
2025,2026-09-30,SZ000596,-0.16567720472812653,EXP_LinearModel_Alpha158_csi300_custom_step0_s_20261001_18,819ff4bdb88c40e596cd0000a38cb2fa,0.042,,,
2026,2026-09-30,SH688256,0.1017552837729454,EXP_LinearModel_Alpha158_csi300_custom_step0_s_20261001_18,819ff4bdb88c40e596cd0000a38cb2fa,0.042,,,
2027,2026-09-30,SH688223,0.04754209145903587,EXP_LinearModel_Alpha158_csi300_custom_step0_s_20261001_18,819ff4bdb88c40e596cd0000a38cb2fa,0.042,,,
2028,2026-09-30,SH688183,0.1648409068584442,EXP_LinearModel_Alpha158_csi300_custom_step0_s_20261001_18,819ff4bdb88c40e596cd0000a38cb2fa,0.042,,,
2029,2026-09-30,SH688126,-0.08560598641633987,EXP_LinearModel_Alpha158_csi300_custom_step0_s_20261001_18,819ff4bdb88c40e596cd0000a38cb2fa,0.042,,,
2030,2026-09-30,SH688111,0.03133321553468704,EXP_LinearModel_Alpha158_csi300_custom_step0_s_20261001_18,819ff4bdb88c40e596cd0000a38cb2fa,0.042,,,
2031,2026-09-30,SH688082,-0.14419247210025787,EXP_LinearModel_Alpha158_csi300_custom_step0_s_20261001_18,819ff4bdb88c40e596cd0000a38cb2fa,0.042,,,
2032,2026-09-30,SH688072,,EXP_LinearModel_Alpha158_csi300_custom_step0_s_20261001_18,819ff4bdb88c40e596cd0000a38cb2fa,0.042,,,
2033,2026-09-30,SH688271,-0.058309126645326614,EXP_LinearModel_Alpha158_csi300_custom_step0_s_20261001_18,819ff4bdb88c40e596cd0000a38cb2fa,0.042,,,
2034,2026-09-30,SH688047,-0.05974192172288895,EXP_LinearModel_Alpha158_csi300_custom_step0_s_20261001_18,819ff4bdb88c40e596cd0000a38cb2fa,0.042,,,
2035,2026-09-30,SH688036,-0.045525580644607544,EXP_LinearModel_Alpha158_csi300_custom_step0_s_20261001_18,819ff4bdb88c40e596cd0000a38cb2fa,0.042,,,
2036,2026-09-30,SH688012,-0.012648053467273712,EXP_LinearModel_Alpha158_csi300_custom_step0_s_20261001_18,819ff4bdb88c40e596cd0000a38cb2fa,0.042,,,
2037,2026-09-30,SH688009,0.01580859161913395,EXP_LinearModel_Alpha158_csi300_custom_step0_s_20261001_18,819ff4bdb88c40e596cd0000a38cb2fa,0.042,,,
2038,2026-09-30,SH688008,-0.03845905512571335,EXP_LinearModel_Alpha158_csi300_custom_step0_s_20261001_18,819ff4bdb88c40e596cd0000a38cb2fa,0.042,,,
2039,2026-09-30,SH605499,-0.06042913347482681,EXP_LinearModel_Alpha158_csi300_custom_step0_s_20261001_18,819ff4bdb88c40e596cd0000a38cb2fa,0.042,,,
2040,2026-09-30,SH605117,0.03666768968105316,EXP_LinearModel_Alpha158_csi300_custom_step0_s_20261001_18,819ff4bdb88c40e596cd0000a38cb2fa,0.042,,,
2041,2026-09-30,SH603993,0.03319191187620163,EXP_LinearModel_Alpha158_csi300_custom_step0_s_20261001_18,819ff4bdb88c40e596cd0000a38cb2fa,0.042,,,
2042,2026-09-30,SH688041,0.026706824079155922,EXP_LinearModel_Alpha158_csi300_custom_step0_s_20261001_18,819ff4bdb88c40e596cd0000a38cb2fa,0.042,,,
2043,2026-09-30,SZ000617,-0.012606330215930939,EXP_LinearModel_Alpha158_csi300_custom_step0_s_20261001_18,819ff4bdb88c40e596cd0000a38cb2fa,0.042,,,
2044,2026-09-30,SH688303,-0.07981400936841965,EXP_LinearModel_Alpha158_csi300_custom_step0_s_20261001_18,819ff4bdb88c40e596cd0000a38cb2fa,0.042,,,
2045,2026-09-30,SH688472,-0.03484465554356575,EXP_LinearModel_Alpha158_csi300_custom_step0_s_20261001_18,819ff4bdb88c40e596cd0000a38cb2fa,0.042,,,
2046,2026-09-30,SZ000568,0.01791028305888176,EXP_LinearModel_Alpha158_csi300_custom_step0_s_20261001_18,819ff4bdb88c40e596cd0000a38cb2fa,0.042,,,
2047,2026-09-30,SZ000538,-0.04430537298321724,EXP_LinearModel_Alpha158_csi300_custom_step0_s_20261001_18,819ff4bdb88c40e596cd0000a38cb2fa,0.042,,,
2048,2026-09-30,SZ000425,-0.08555930107831955,EXP_LinearModel_Alpha158_csi300_custom_step0_s_20261001_18,819ff4bdb88c40e596cd0000a38cb2fa,0.042,,,
2049,2026-09-30,SZ000408,0.006192733533680439,EXP_LinearModel_Alpha158_csi300_custom_step0_s_20261001_18,819ff4bdb88c40e596cd0000a38cb2fa,0.042,,,
2050,2026-09-30,SZ000338,0.031940750777721405,EXP_LinearModel_Alpha158_csi300_custom_step0_s_20261001_18,819ff4bdb88c40e596cd0000a38cb2fa,0.042,,,
2051,2026-09-30,SZ000333,-0.05054964870214462,EXP_LinearModel_Alpha158_csi300_custom_step0_s_20261001_18,819ff4bdb88c40e596cd0000a38cb2fa,0.042,,,
2052,2026-09-30,SZ000301,-0.08143319189548492,EXP_LinearModel_Alpha158_csi300_custom_step0_s_20261001_18,819ff4bdb88c40e596cd0000a38cb2fa,0.042,,,
2053,2026-09-30,SH688396,-0.02434055134654045,EXP_LinearModel_Alpha158_csi300_custom_step0_s_20261001_18,819ff4bdb88c40e596cd0000a38cb2fa,0.042,,,
2054,2026-09-30,SZ000166,-6.923824548721313e-05,EXP_LinearModel_Alpha158_csi300_custom_step0_s_20261001_18,819ff4bdb88c40e596cd0000a38cb2fa,0.042,,,
2055,2026-09-30,SZ000100,-0.026871435344219208,EXP_LinearModel_Alpha158_csi300_custom_step0_s_20261001_18,819ff4bdb88c40e596cd0000a38cb2fa,0.042,,,
2056,2026-09-30,SZ000063,-0.06271091848611832,EXP_LinearModel_Alpha158_csi300_custom_step0_s_20261001_18,819ff4bdb88c40e596cd0000a38cb2fa,0.042,,,
2057,2026-09-30,SZ000002,-0.06597048789262772,EXP_LinearModel_Alpha158_csi300_custom_step0_s_20261001_18,819ff4bdb88c40e596cd0000a38cb2fa,0.042,,,
2058,2026-09-30,SZ000001,-0.12338517606258392,EXP_LinearModel_Alpha158_csi300_custom_step0_s_20261001_18,819ff4bdb88c40e596cd0000a38cb2fa,0.042,,,
2059,2026-09-30,SH688981,0.10067325085401535,EXP_LinearModel_Alpha158_csi300_custom_step0_s_20261001_18,819ff4bdb88c40e596cd0000a38cb2fa,0.042,,,
2060,2026-09-30,SH688521,0.24466411769390106,EXP_LinearModel_Alpha158_csi300_custom_step0_s_20261001_18,819ff4bdb88c40e596cd0000a38cb2fa,0.042,,,
2061,2026-09-30,SH688506,0.052080437541007996,EXP_LinearModel_Alpha158_csi300_custom_step0_s_20261001_18,819ff4bdb88c40e596cd0000a38cb2fa,0.042,,,
2062,2026-09-30,SZ000157,-0.022363461554050446,EXP_LinearModel_Alpha158_csi300_custom_step0_s_20261001_18,819ff4bdb88c40e596cd0000a38cb2fa,0.042,,,
2063,2026-09-30,SZ002371,-0.01117868721485138,EXP_LinearModel_Alpha158_csi300_custom_step0_s_20261001_18,819ff4bdb88c40e596cd0000a38cb2fa,0.042,,,
2064,2026-09-30,SH601006,-0.015332261100411415,EXP_LinearModel_Alpha158_csi300_custom_step0_s_20261001_18,819ff4bdb88c40e596cd0000a38cb2fa,0.042,,,
2065,2026-09-30,SH600989,0.0561404749751091,EXP_LinearModel_Alpha158_csi300_custom_step0_s_20261001_18,819ff4bdb88c40e596cd0000a38cb2fa,0.042,,,
2066,2026-09-30,SZ300442,0.036716632544994354,EXP_LinearModel_Alpha158_csi300_custom_step0_s_20261001_18,fd2318935efd4829b2d56c98827a3be7,0.055,,,
2067,2026-09-30,SZ300433,0.16586816310882568,EXP_LinearModel_Alpha158_csi300_custom_step0_s_20261001_18,fd2318935efd4829b2d56c98827a3be7,0.055,,,
2068,2026-09-30,SZ300418,0.1034303680062294,EXP_LinearModel_Alpha158_csi300_custom_step0_s_20261001_18,fd2318935efd4829b2d56c98827a3be7,0.055,,,
2069,2026-09-30,SZ300413,0.13738025724887848,EXP_LinearModel_Alpha158_csi300_custom_step0_s_20261001_18,fd2318935efd4829b2d56c98827a3be7,0.055,,,
2070,2026-09-30,SZ300408,0.11468473076820374,EXP_LinearModel_Alpha158_csi300_custom_step0_s_20261001_18,fd2318935efd4829b2d56c98827a3be7,0.055,,,
2071,2026-09-30,SZ300394,0.1383775770664215,EXP_LinearModel_Alpha158_csi300_custom_step0_s_20261001_18,fd2318935efd4829b2d56c98827a3be7,0.055,,,
2072,2026-09-30,SZ300316,0.0845412015914917,EXP_LinearModel_Alpha158_csi300_custom_step0_s_20261001_18,fd2318935efd4829b2d56c98827a3be7,0.055,,,
2073,2026-09-30,SZ300308,0.11799043416976929,EXP_LinearModel_Alpha158_csi300_custom_step0_s_20261001_18,fd2318935efd4829b2d56c98827a3be7,0.055,,,
2074,2026-09-30,SZ300274,0.16446943581104279,EXP_LinearModel_Alpha158_csi300_custom_step0_s_20261001_18,fd2318935efd4829b2d56c98827a3be7,0.055,,,
2075,2026-09-30,SZ300251,-0.0013597842771559954,EXP_LinearModel_Alpha158_csi300_custom_step0_s_20261001_18,fd2318935efd4829b2d56c98827a3be7,0.055,,,
2076,2026-09-30,SZ300124,0.08467480540275574,EXP_LinearModel_Alpha158_csi300_custom_step0_s_20261001_18,fd2318935efd4829b2d56c98827a3be7,0.055,,,
2077,2026-09-30,SZ300122,0.0047139935195446014,EXP_LinearModel_Alpha158_csi300_custom_step0_s_20261001_18,fd2318935efd4829b2d56c98827a3be7,0.055,,,
2078,2026-09-30,SZ300059,-0.06654350459575653,EXP_LinearModel_Alpha158_csi300_custom_step0_s_20261001_18,fd2318935efd4829b2d56c98827a3be7,0.055,,,
2079,2026-09-30,SZ300033,0.0016015626024454832,EXP_LinearModel_Alpha158_csi300_custom_step0_s_20261001_18,fd2318935efd4829b2d56c98827a3be7,0.055,,,
2080,2026-09-30,SZ300015,-0.028767477720975876,EXP_LinearModel_Alpha158_csi300_custom_step0_s_20261001_18,fd2318935efd4829b2d56c98827a3be7,0.055,,,
2081,2026-09-30,SZ300450,0.04919544607400894,EXP_LinearModel_Alpha158_csi300_custom_step0_s_20261001_18,fd2318935efd4829b2d56c98827a3be7,0.055,,,
2082,2026-09-30,SZ300476,0.11882334202528,EXP_LinearModel_Alpha158_csi300_custom_step0_s_20261001_18,fd2318935efd4829b2d56c98827a3be7,0.055,,,
2083,2026-09-30,SZ300498,0.005920846480876207,EXP_LinearModel_Alpha158_csi300_custom_step0_s_20261001_18,fd2318935efd4829b2d56c98827a3be7,0.055,,,
2084,2026-09-30,SZ300502,0.1400589495897293,EXP_LinearModel_Alpha158_csi300_custom_step0_s_20261001_18,fd2318935efd4829b2d56c98827a3be7,0.055,,,
2085,2026-09-30,SH600009,-0.04754023253917694,EXP_LinearModel_Alpha158_csi300_custom_step0_s_20261001_18,819ff4bdb88c40e596cd0000a38cb2fa,0.042,,,
2086,2026-09-30,SH600000,-0.04960217326879501,EXP_LinearModel_Alpha158_csi300_custom_step0_s_20261001_18,819ff4bdb88c40e596cd0000a38cb2fa,0.042,,,
2087,2026-09-30,SZ302132,-0.007498139515519142,EXP_LinearModel_Alpha158_csi300_custom_step0_s_20261001_18,fd2318935efd4829b2d56c98827a3be7,0.055,,,
2088,2026-09-30,SZ301308,0.17467182874679565,EXP_LinearModel_Alpha158_csi300_custom_step0_s_20261001_18,fd2318935efd4829b2d56c98827a3be7,0.055,,,
2089,2026-09-30,SZ301269,0.03669792413711548,EXP_LinearModel_Alpha158_csi300_custom_step0_s_20261001_18,fd2318935efd4829b2d56c98827a3be7,0.055,,,
2090,2026-09-30,SZ301236,0.027945131063461304,EXP_LinearModel_Alpha158_csi300_custom_step0_s_20261001_18,fd2318935efd4829b2d56c98827a3be7,0.055,,,
2091,2026-09-30,SZ301165,0.037316106259822845,EXP_LinearModel_Alpha158_csi300_custom_step0_s_20261001_18,fd2318935efd4829b2d56c98827a3be7,0.055,,,
2092,2026-09-30,SZ300014,0.05443078652024269,EXP_LinearModel_Alpha158_csi300_custom_step0_s_20261001_18,fd2318935efd4829b2d56c98827a3be7,0.055,,,
2093,2026-09-30,SZ300999,-0.07018876075744629,EXP_LinearModel_Alpha158_csi300_custom_step0_s_20261001_18,fd2318935efd4829b2d56c98827a3be7,0.055,,,
2094,2026-09-30,SZ300866,-0.05374135449528694,EXP_LinearModel_Alpha158_csi300_custom_step0_s_20261001_18,fd2318935efd4829b2d56c98827a3be7,0.055,,,
2095,2026-09-30,SZ300832,-0.013018365018069744,EXP_LinearModel_Alpha158_csi300_custom_step0_s_20261001_18,fd2318935efd4829b2d56c98827a3be7,0.055,,,
2096,2026-09-30,SZ300803,0.013576175086200237,EXP_LinearModel_Alpha158_csi300_custom_step0_s_20261001_18,fd2318935efd4829b2d56c98827a3be7,0.055,,,
2097,2026-09-30,SZ300760,-0.08763039857149124,EXP_LinearModel_Alpha158_csi300_custom_step0_s_20261001_18,fd2318935efd4829b2d56c98827a3be7,0.055,,,
2098,2026-09-30,SZ300750,0.04463132098317146,EXP_LinearModel_Alpha158_csi300_custom_step0_s_20261001_18,fd2318935efd4829b2d56c98827a3be7,0.055,,,
2099,2026-09-30,SZ300661,0.11431242525577545,EXP_LinearModel_Alpha158_csi300_custom_step0_s_20261001_18,fd2318935efd4829b2d56c98827a3be7,0.055,,,
2100,2026-09-30,SZ300628,-0.028039559721946716,EXP_LinearModel_Alpha158_csi300_custom_step0_s_20261001_18,fd2318935efd4829b2d56c98827a3be7,0.055,,,
2101,2026-09-30,SZ300896,0.019750870764255524,EXP_LinearModel_Alpha158_csi300_custom_step0_s_20261001_18,fd2318935efd4829b2d56c98827a3be7,0.055,,,
2102,2026-09-30,SZ003816,-0.024291887879371643,EXP_LinearModel_Alpha158_csi300_custom_step0_s_20261001_18,fd2318935efd4829b2d56c98827a3be7,0.055,,,
2103,2026-09-30,SZ002938,0.006698018871247768,EXP_LinearModel_Alpha158_csi300_custom_step0_s_20261001_18,fd2318935efd4829b2d56c98827a3be7,0.055,,,
2104,2026-09-30,SZ002920,-0.02539910189807415,EXP_LinearModel_Alpha158_csi300_custom_step0_s_20261001_18,fd2318935efd4829b2d56c98827a3be7,0.055,,,
2105,2026-09-30,SZ002371,0.0562385693192482,EXP_LinearModel_Alpha158_csi300_custom_step0_s_20261001_18,fd2318935efd4829b2d56c98827a3be7,0.055,,,
2106,2026-09-30,SZ002353,0.05822275951504707,EXP_LinearModel_Alpha158_csi300_custom_step0_s_20261001_18,fd2318935efd4829b2d56c98827a3be7,0.055,,,
2107,2026-09-30,SZ002352,0.03573070093989372,EXP_LinearModel_Alpha158_csi300_custom_step0_s_20261001_18,fd2318935efd4829b2d56c98827a3be7,0.055,,,
2108,2026-09-30,SZ002311,-0.010486576706171036,EXP_LinearModel_Alpha158_csi300_custom_step0_s_20261001_18,fd2318935efd4829b2d56c98827a3be7,0.055,,,
2109,2026-09-30,SZ002304,-0.0646413117647171,EXP_LinearModel_Alpha158_csi300_custom_step0_s_20261001_18,fd2318935efd4829b2d56c98827a3be7,0.055,,,
2110,2026-09-30,SZ002241,0.00816328451037407,EXP_LinearModel_Alpha158_csi300_custom_step0_s_20261001_18,fd2318935efd4829b2d56c98827a3be7,0.055,,,
2111,2026-09-30,SZ002236,-0.007026271894574165,EXP_LinearModel_Alpha158_csi300_custom_step0_s_20261001_18,fd2318935efd4829b2d56c98827a3be7,0.055,,,
2112,2026-09-30,SZ002384,0.07049328833818436,EXP_LinearModel_Alpha158_csi300_custom_step0_s_20261001_18,fd2318935efd4829b2d56c98827a3be7,0.055,,,
2113,2026-09-30,SZ002230,-0.06323442608118057,EXP_LinearModel_Alpha158_csi300_custom_step0_s_20261001_18,fd2318935efd4829b2d56c98827a3be7,0.055,,,
2114,2026-09-30,SZ002179,0.06389422714710236,EXP_LinearModel_Alpha158_csi300_custom_step0_s_20261001_18,fd2318935efd4829b2d56c98827a3be7,0.055,,,
2115,2026-09-30,SZ002142,-0.0007589758606627584,EXP_LinearModel_Alpha158_csi300_custom_step0_s_20261001_18,fd2318935efd4829b2d56c98827a3be7,0.055,,,
2116,2026-09-30,SZ002074,-0.14195457100868225,EXP_LinearModel_Alpha158_csi300_custom_step0_s_20261001_18,fd2318935efd4829b2d56c98827a3be7,0.055,,,
2117,2026-09-30,SZ002050,0.056774526834487915,EXP_LinearModel_Alpha158_csi300_custom_step0_s_20261001_18,fd2318935efd4829b2d56c98827a3be7,0.055,,,
2118,2026-09-30,SZ002049,0.0414469912648201,EXP_LinearModel_Alpha158_csi300_custom_step0_s_20261001_18,fd2318935efd4829b2d56c98827a3be7,0.055,,,
2119,2026-09-30,SZ002028,0.09423708915710449,EXP_LinearModel_Alpha158_csi300_custom_step0_s_20261001_18,fd2318935efd4829b2d56c98827a3be7,0.055,,,
2120,2026-09-30,SZ002027,-0.028668951243162155,EXP_LinearModel_Alpha158_csi300_custom_step0_s_20261001_18,fd2318935efd4829b2d56c98827a3be7,0.055,,,
2121,2026-09-30,SZ002202,-0.0680738314986229,EXP_LinearModel_Alpha158_csi300_custom_step0_s_20261001_18,fd2318935efd4829b2d56c98827a3be7,0.055,,,
2122,2026-09-30,SH600010,-0.03494715318083763,EXP_LinearModel_Alpha158_csi300_custom_step0_s_20261001_18,819ff4bdb88c40e596cd0000a38cb2fa,0.042,,,
2123,2026-09-30,SZ002415,-0.05988785997033119,EXP_LinearModel_Alpha158_csi300_custom_step0_s_20261001_18,fd2318935efd4829b2d56c98827a3be7,0.055,,,
2124,2026-09-30,SZ002460,0.08397379517555237,EXP_LinearModel_Alpha158_csi300_custom_step0_s_20261001_18,fd2318935efd4829b2d56c98827a3be7,0.055,,,
2125,2026-09-30,SZ002916,0.11691466718912125,EXP_LinearModel_Alpha158_csi300_custom_step0_s_20261001_18,fd2318935efd4829b2d56c98827a3be7,0.055,,,
2126,2026-09-30,SZ002837,0.15205325186252594,EXP_LinearModel_Alpha158_csi300_custom_step0_s_20261001_18,fd2318935efd4829b2d56c98827a3be7,0.055,,,
2127,2026-09-30,SZ002736,-0.006021670997142792,EXP_LinearModel_Alpha158_csi300_custom_step0_s_20261001_18,fd2318935efd4829b2d56c98827a3be7,0.055,,,
2128,2026-09-30,SZ002714,-0.04562676325440407,EXP_LinearModel_Alpha158_csi300_custom_step0_s_20261001_18,fd2318935efd4829b2d56c98827a3be7,0.055,,,
2129,2026-09-30,SZ002709,0.09411009401082993,EXP_LinearModel_Alpha158_csi300_custom_step0_s_20261001_18,fd2318935efd4829b2d56c98827a3be7,0.055,,,
2130,2026-09-30,SZ002648,0.01941353641450405,EXP_LinearModel_Alpha158_csi300_custom_step0_s_20261001_18,fd2318935efd4829b2d56c98827a3be7,0.055,,,
2131,2026-09-30,SZ002625,0.054782964289188385,EXP_LinearModel_Alpha158_csi300_custom_step0_s_20261001_18,fd2318935efd4829b2d56c98827a3be7,0.055,,,
2132,2026-09-30,SZ002422,0.07076522707939148,EXP_LinearModel_Alpha158_csi300_custom_step0_s_20261001_18,fd2318935efd4829b2d56c98827a3be7,0.055,,,
2133,2026-09-30,SZ002602,-0.06128977984189987,EXP_LinearModel_Alpha158_csi300_custom_step0_s_20261001_18,fd2318935efd4829b2d56c98827a3be7,0.055,,,
2134,2026-09-30,SZ002594,0.01809127815067768,EXP_LinearModel_Alpha158_csi300_custom_step0_s_20261001_18,fd2318935efd4829b2d56c98827a3be7,0.055,,,
2135,2026-09-30,SZ002558,0.02592368610203266,EXP_LinearModel_Alpha158_csi300_custom_step0_s_20261001_18,fd2318935efd4829b2d56c98827a3be7,0.055,,,
2136,2026-09-30,SZ002532,-0.04020189493894577,EXP_LinearModel_Alpha158_csi300_custom_step0_s_20261001_18,fd2318935efd4829b2d56c98827a3be7,0.055,,,
2137,2026-09-30,SZ002493,0.03550953418016434,EXP_LinearModel_Alpha158_csi300_custom_step0_s_20261001_18,fd2318935efd4829b2d56c98827a3be7,0.055,,,
2138,2026-09-30,SZ002475,0.055950846523046494,EXP_LinearModel_Alpha158_csi300_custom_step0_s_20261001_18,fd2318935efd4829b2d56c98827a3be7,0.055,,,
2139,2026-09-30,SZ002466,0.09869161248207092,EXP_LinearModel_Alpha158_csi300_custom_step0_s_20261001_18,fd2318935efd4829b2d56c98827a3be7,0.055,,,
2140,2026-09-30,SZ002463,0.06874223053455353,EXP_LinearModel_Alpha158_csi300_custom_step0_s_20261001_18,fd2318935efd4829b2d56c98827a3be7,0.055,,,
2141,2026-09-30,SZ002600,-0.08019432425498962,EXP_LinearModel_Alpha158_csi300_custom_step0_s_20261001_18,fd2318935efd4829b2d56c98827a3be7,0.055,,,
2142,2026-09-30,SH600011,-0.00017887912690639496,EXP_LinearModel_Alpha158_csi300_custom_step0_s_20261001_18,819ff4bdb88c40e596cd0000a38cb2fa,0.042,,,
2143,2026-09-30,SH600015,-0.006109458394348621,EXP_LinearModel_Alpha158_csi300_custom_step0_s_20261001_18,819ff4bdb88c40e596cd0000a38cb2fa,0.042,,,
2144,2026-09-30,SH600016,0.03769553825259209,EXP_LinearModel_Alpha158_csi300_custom_step0_s_20261001_18,819ff4bdb88c40e596cd0000a38cb2fa,0.042,,,
2145,2026-09-30,SH600674,0.02904946357011795,EXP_LinearModel_Alpha158_csi300_custom_step0_s_20261001_18,819ff4bdb88c40e596cd0000a38cb2fa,0.042,,,
2146,2026-09-30,SH600660,-0.028675945475697517,EXP_LinearModel_Alpha158_csi300_custom_step0_s_20261001_18,819ff4bdb88c40e596cd0000a38cb2fa,0.042,,,
2147,2026-09-30,SH600600,-0.10899262130260468,EXP_LinearModel_Alpha158_csi300_custom_step0_s_20261001_18,819ff4bdb88c40e596cd0000a38cb2fa,0.042,,,
2148,2026-09-30,SH600588,0.004176144488155842,EXP_LinearModel_Alpha158_csi300_custom_step0_s_20261001_18,819ff4bdb88c40e596cd0000a38cb2fa,0.042,,,
2149,2026-09-30,SH600585,-0.023310327902436256,EXP_LinearModel_Alpha158_csi300_custom_step0_s_20261001_18,819ff4bdb88c40e596cd0000a38cb2fa,0.042,,,
2150,2026-09-30,SH600584,0.00494157150387764,EXP_LinearModel_Alpha158_csi300_custom_step0_s_20261001_18,819ff4bdb88c40e596cd0000a38cb2fa,0.042,,,
2151,2026-09-30,SH600570,0.07182149589061737,EXP_LinearModel_Alpha158_csi300_custom_step0_s_20261001_18,819ff4bdb88c40e596cd0000a38cb2fa,0.042,,,
2152,2026-09-30,SH600690,-0.00745003018528223,EXP_LinearModel_Alpha158_csi300_custom_step0_s_20261001_18,819ff4bdb88c40e596cd0000a38cb2fa,0.042,,,
2153,2026-09-30,SH600549,0.08669190108776093,EXP_LinearModel_Alpha158_csi300_custom_step0_s_20261001_18,819ff4bdb88c40e596cd0000a38cb2fa,0.042,,,
2154,2026-09-30,SH600522,0.03946743905544281,EXP_LinearModel_Alpha158_csi300_custom_step0_s_20261001_18,819ff4bdb88c40e596cd0000a38cb2fa,0.042,,,
2155,2026-09-30,SH600519,-0.04833955317735672,EXP_LinearModel_Alpha158_csi300_custom_step0_s_20261001_18,819ff4bdb88c40e596cd0000a38cb2fa,0.042,,,
2156,2026-09-30,SH600515,-0.013974505476653576,EXP_LinearModel_Alpha158_csi300_custom_step0_s_20261001_18,819ff4bdb88c40e596cd0000a38cb2fa,0.042,,,
2157,2026-09-30,SH600489,0.04668187350034714,EXP_LinearModel_Alpha158_csi300_custom_step0_s_20261001_18,819ff4bdb88c40e596cd0000a38cb2fa,0.042,,,
2158,2026-09-30,SH600482,0.06419561058282852,EXP_LinearModel_Alpha158_csi300_custom_step0_s_20261001_18,819ff4bdb88c40e596cd0000a38cb2fa,0.042,,,
2159,2026-09-30,SH600460,-0.0774187296628952,EXP_LinearModel_Alpha158_csi300_custom_step0_s_20261001_18,819ff4bdb88c40e596cd0000a38cb2fa,0.042,,,
2160,2026-09-30,SH600438,-0.11689196527004242,EXP_LinearModel_Alpha158_csi300_custom_step0_s_20261001_18,819ff4bdb88c40e596cd0000a38cb2fa,0.042,,,
2161,2026-09-30,SH600547,0.1951594054698944,EXP_LinearModel_Alpha158_csi300_custom_step0_s_20261001_18,819ff4bdb88c40e596cd0000a38cb2fa,0.042,,,
2162,2026-09-30,SH600436,-0.07341886311769485,EXP_LinearModel_Alpha158_csi300_custom_step0_s_20261001_18,819ff4bdb88c40e596cd0000a38cb2fa,0.042,,,
2163,2026-09-30,SH600741,-0.010295207612216473,EXP_LinearModel_Alpha158_csi300_custom_step0_s_20261001_18,819ff4bdb88c40e596cd0000a38cb2fa,0.042,,,
2164,2026-09-30,SH600795,-0.022887377068400383,EXP_LinearModel_Alpha158_csi300_custom_step0_s_20261001_18,819ff4bdb88c40e596cd0000a38cb2fa,0.042,,,
2165,2026-09-30,SH600958,0.012071389704942703,EXP_LinearModel_Alpha158_csi300_custom_step0_s_20261001_18,819ff4bdb88c40e596cd0000a38cb2fa,0.042,,,
2166,2026-09-30,SH600941,-0.15505057573318481,EXP_LinearModel_Alpha158_csi300_custom_step0_s_20261001_18,819ff4bdb88c40e596cd0000a38cb2fa,0.042,,,
2167,2026-09-30,SH600938,0.011606516316533089,EXP_LinearModel_Alpha158_csi300_custom_step0_s_20261001_18,819ff4bdb88c40e596cd0000a38cb2fa,0.042,,,
2168,2026-09-30,SH600930,0.02178839221596718,EXP_LinearModel_Alpha158_csi300_custom_step0_s_20261001_18,819ff4bdb88c40e596cd0000a38cb2fa,0.042,,,
2169,2026-09-30,SH600926,-0.027811381965875626,EXP_LinearModel_Alpha158_csi300_custom_step0_s_20261001_18,819ff4bdb88c40e596cd0000a38cb2fa,0.042,,,
2170,2026-09-30,SH600919,-0.11130894720554352,EXP_LinearModel_Alpha158_csi300_custom_step0_s_20261001_18,819ff4bdb88c40e596cd0000a38cb2fa,0.042,,,
2171,2026-09-30,SH600918,-0.0677579715847969,EXP_LinearModel_Alpha158_csi300_custom_step0_s_20261001_18,819ff4bdb88c40e596cd0000a38cb2fa,0.042,,,
2172,2026-09-30,SH600760,-0.03609953448176384,EXP_LinearModel_Alpha158_csi300_custom_step0_s_20261001_18,819ff4bdb88c40e596cd0000a38cb2fa,0.042,,,
2173,2026-09-30,SH600905,-0.02486778423190117,EXP_LinearModel_Alpha158_csi300_custom_step0_s_20261001_18,819ff4bdb88c40e596cd0000a38cb2fa,0.042,,,
2174,2026-09-30,SH600893,0.02123476006090641,EXP_LinearModel_Alpha158_csi300_custom_step0_s_20261001_18,819ff4bdb88c40e596cd0000a38cb2fa,0.042,,,
2175,2026-09-30,SH600887,0.14074184000492096,EXP_LinearModel_Alpha158_csi300_custom_step0_s_20261001_18,819ff4bdb88c40e596cd0000a38cb2fa,0.042,,,
2176,2026-09-30,SH600886,0.05432528257369995,EXP_LinearModel_Alpha158_csi300_custom_step0_s_20261001_18,819ff4bdb88c40e596cd0000a38cb2fa,0.042,,,
2177,2026-09-30,SH600875,0.06823988258838654,EXP_LinearModel_Alpha158_csi300_custom_step0_s_20261001_18,819ff4bdb88c40e596cd0000a38cb2fa,0.042,,,
2178,2026-09-30,SH600845,-0.05683986842632294,EXP_LinearModel_Alpha158_csi300_custom_step0_s_20261001_18,819ff4bdb88c40e596cd0000a38cb2fa,0.042,,,
2179,2026-09-30,SH600809,-0.09981237351894379,EXP_LinearModel_Alpha158_csi300_custom_step0_s_20261001_18,819ff4bdb88c40e596cd0000a38cb2fa,0.042,,,
2180,2026-09-30,SH600803,-0.11323510110378265,EXP_LinearModel_Alpha158_csi300_custom_step0_s_20261001_18,819ff4bdb88c40e596cd0000a38cb2fa,0.042,,,
2181,2026-09-30,SH600900,-0.08624722063541412,EXP_LinearModel_Alpha158_csi300_custom_step0_s_20261001_18,819ff4bdb88c40e596cd0000a38cb2fa,0.042,,,
2182,2026-09-30,SH600999,-0.006168052554130554,EXP_LinearModel_Alpha158_csi300_custom_step0_s_20261001_18,819ff4bdb88c40e596cd0000a38cb2fa,0.042,,,
2183,2026-09-30,SH600426,0.020875688642263412,EXP_LinearModel_Alpha158_csi300_custom_step0_s_20261001_18,819ff4bdb88c40e596cd0000a38cb2fa,0.042,,,
2184,2026-09-30,SH600406,-0.05935439467430115,EXP_LinearModel_Alpha158_csi300_custom_step0_s_20261001_18,819ff4bdb88c40e596cd0000a38cb2fa,0.042,,,
2185,2026-09-30,SH600066,0.08435280621051788,EXP_LinearModel_Alpha158_csi300_custom_step0_s_20261001_18,819ff4bdb88c40e596cd0000a38cb2fa,0.042,,,
2186,2026-09-30,SH600061,7.445551455020905e-05,EXP_LinearModel_Alpha158_csi300_custom_step0_s_20261001_18,819ff4bdb88c40e596cd0000a38cb2fa,0.042,,,
2187,2026-09-30,SH600050,0.02203310653567314,EXP_LinearModel_Alpha158_csi300_custom_step0_s_20261001_18,819ff4bdb88c40e596cd0000a38cb2fa,0.042,,,
2188,2026-09-30,SH600048,-0.018324989825487137,EXP_LinearModel_Alpha158_csi300_custom_step0_s_20261001_18,819ff4bdb88c40e596cd0000a38cb2fa,0.042,,,
2189,2026-09-30,SH600039,-0.08275458216667175,EXP_LinearModel_Alpha158_csi300_custom_step0_s_20261001_18,819ff4bdb88c40e596cd0000a38cb2fa,0.042,,,
2190,2026-09-30,SH600036,-0.04651733860373497,EXP_LinearModel_Alpha158_csi300_custom_step0_s_20261001_18,819ff4bdb88c40e596cd0000a38cb2fa,0.042,,,
2191,2026-09-30,SH600031,0.063422791659832,EXP_LinearModel_Alpha158_csi300_custom_step0_s_20261001_18,819ff4bdb88c40e596cd0000a38cb2fa,0.042,,,
2192,2026-09-30,SH600085,-0.05928638577461243,EXP_LinearModel_Alpha158_csi300_custom_step0_s_20261001_18,819ff4bdb88c40e596cd0000a38cb2fa,0.042,,,
2193,2026-09-30,SH600030,0.01571832224726677,EXP_LinearModel_Alpha158_csi300_custom_step0_s_20261001_18,819ff4bdb88c40e596cd0000a38cb2fa,0.042,,,
2194,2026-09-30,SH600028,-0.006948498077690601,EXP_LinearModel_Alpha158_csi300_custom_step0_s_20261001_18,819ff4bdb88c40e596cd0000a38cb2fa,0.042,,,
2195,2026-09-30,SH600027,0.06716976314783096,EXP_LinearModel_Alpha158_csi300_custom_step0_s_20261001_18,819ff4bdb88c40e596cd0000a38cb2fa,0.042,,,
2196,2026-09-30,SH600026,0.10499465465545654,EXP_LinearModel_Alpha158_csi300_custom_step0_s_20261001_18,819ff4bdb88c40e596cd0000a38cb2fa,0.042,,,
2197,2026-09-30,SH600025,-0.07641416788101196,EXP_LinearModel_Alpha158_csi300_custom_step0_s_20261001_18,819ff4bdb88c40e596cd0000a38cb2fa,0.042,,,
2198,2026-09-30,SH600023,0.12075550854206085,EXP_LinearModel_Alpha158_csi300_custom_step0_s_20261001_18,819ff4bdb88c40e596cd0000a38cb2fa,0.042,,,
2199,2026-09-30,SH600019,0.007752679288387299,EXP_LinearModel_Alpha158_csi300_custom_step0_s_20261001_18,819ff4bdb88c40e596cd0000a38cb2fa,0.042,,,
2200,2026-09-30,SH600018,-0.09922781586647034,EXP_LinearModel_Alpha158_csi300_custom_step0_s_20261001_18,819ff4bdb88c40e596cd0000a38cb2fa,0.042,,,
2201,2026-09-30,SH600029,-0.03131507709622383,EXP_LinearModel_Alpha158_csi300_custom_step0_s_20261001_18,819ff4bdb88c40e596cd0000a38cb2fa,0.042,,,
2202,2026-09-30,SH600415,0.13558946549892426,EXP_LinearModel_Alpha158_csi300_custom_step0_s_20261001_18,819ff4bdb88c40e596cd0000a38cb2fa,0.042,,,
2203,2026-09-30,SH600089,0.053075313568115234,EXP_LinearModel_Alpha158_csi300_custom_step0_s_20261001_18,819ff4bdb88c40e596cd0000a38cb2fa,0.042,,,
2204,2026-09-30,SH600111,0.04177149012684822,EXP_LinearModel_Alpha158_csi300_custom_step0_s_20261001_18,819ff4bdb88c40e596cd0000a38cb2fa,0.042,,,
2205,2026-09-30,SH600372,-0.018956642597913742,EXP_LinearModel_Alpha158_csi300_custom_step0_s_20261001_18,819ff4bdb88c40e596cd0000a38cb2fa,0.042,,,
2206,2026-09-30,SH600362,0.04666024446487427,EXP_LinearModel_Alpha158_csi300_custom_step0_s_20261001_18,819ff4bdb88c40e596cd0000a38cb2fa,0.042,,,
2207,2026-09-30,SH600346,-0.01938609778881073,EXP_LinearModel_Alpha158_csi300_custom_step0_s_20261001_18,819ff4bdb88c40e596cd0000a38cb2fa,0.042,,,
2208,2026-09-30,SH600309,0.022459443658590317,EXP_LinearModel_Alpha158_csi300_custom_step0_s_20261001_18,819ff4bdb88c40e596cd0000a38cb2fa,0.042,,,
2209,2026-09-30,SH600276,0.04012998566031456,EXP_LinearModel_Alpha158_csi300_custom_step0_s_20261001_18,819ff4bdb88c40e596cd0000a38cb2fa,0.042,,,
2210,2026-09-30,SH600233,0.08888742327690125,EXP_LinearModel_Alpha158_csi300_custom_step0_s_20261001_18,819ff4bdb88c40e596cd0000a38cb2fa,0.042,,,
2211,2026-09-30,SH600221,-0.05633823573589325,EXP_LinearModel_Alpha158_csi300_custom_step0_s_20261001_18,819ff4bdb88c40e596cd0000a38cb2fa,0.042,,,
2212,2026-09-30,SH600104,-0.029149407520890236,EXP_LinearModel_Alpha158_csi300_custom_step0_s_20261001_18,819ff4bdb88c40e596cd0000a38cb2fa,0.042,,,
2213,2026-09-30,SH600219,-0.003094191662967205,EXP_LinearModel_Alpha158_csi300_custom_step0_s_20261001_18,819ff4bdb88c40e596cd0000a38cb2fa,0.042,,,
2214,2026-09-30,SH600188,0.08905892074108124,EXP_LinearModel_Alpha158_csi300_custom_step0_s_20261001_18,819ff4bdb88c40e596cd0000a38cb2fa,0.042,,,
2215,2026-09-30,SH600183,0.07128068059682846,EXP_LinearModel_Alpha158_csi300_custom_step0_s_20261001_18,819ff4bdb88c40e596cd0000a38cb2fa,0.042,,,
2216,2026-09-30,SH600176,0.00781303085386753,EXP_LinearModel_Alpha158_csi300_custom_step0_s_20261001_18,819ff4bdb88c40e596cd0000a38cb2fa,0.042,,,
2217,2026-09-30,SH600160,-0.022922247648239136,EXP_LinearModel_Alpha158_csi300_custom_step0_s_20261001_18,819ff4bdb88c40e596cd0000a38cb2fa,0.042,,,
2218,2026-09-30,SH600150,0.09783902019262314,EXP_LinearModel_Alpha158_csi300_custom_step0_s_20261001_18,819ff4bdb88c40e596cd0000a38cb2fa,0.042,,,
2219,2026-09-30,SH600118,-0.020323239266872406,EXP_LinearModel_Alpha158_csi300_custom_step0_s_20261001_18,819ff4bdb88c40e596cd0000a38cb2fa,0.042,,,
2220,2026-09-30,SH600115,-0.04545336216688156,EXP_LinearModel_Alpha158_csi300_custom_step0_s_20261001_18,819ff4bdb88c40e596cd0000a38cb2fa,0.042,,,
2221,2026-09-30,SH600196,0.09084714204072952,EXP_LinearModel_Alpha158_csi300_custom_step0_s_20261001_18,819ff4bdb88c40e596cd0000a38cb2fa,0.042,,,
2222,2026-09-30,SZ001979,-0.047392383217811584,EXP_LinearModel_Alpha158_csi300_custom_step0_s_20261001_18,fd2318935efd4829b2d56c98827a3be7,0.055,,,
2223,2026-09-30,SZ002384,0.07777354121208191,EXP_LinearModel_Alpha158_csi300_custom_step0_s_20261001_18,819ff4bdb88c40e596cd0000a38cb2fa,0.042,,,
2224,2026-09-30,SZ002422,-0.004254613071680069,EXP_LinearModel_Alpha158_csi300_custom_step0_s_20261001_18,819ff4bdb88c40e596cd0000a38cb2fa,0.042,,,
2225,2026-09-30,SH603369,-0.040554795414209366,EXP_XGBModel_Alpha158_csi300_custom_step0_s_20261001_18,eb47f2deaed44513b7186e073d375855,0.103,,,
2226,2026-09-30,SH603296,-0.017239945009350777,EXP_XGBModel_Alpha158_csi300_custom_step0_s_20261001_18,eb47f2deaed44513b7186e073d375855,0.103,,,
2227,2026-09-30,SH603288,0.023552289232611656,EXP_XGBModel_Alpha158_csi300_custom_step0_s_20261001_18,eb47f2deaed44513b7186e073d375855,0.103,,,
2228,2026-09-30,SH603260,-0.053696975111961365,EXP_XGBModel_Alpha158_csi300_custom_step0_s_20261001_18,eb47f2deaed44513b7186e073d375855,0.103,,,
2229,2026-09-30,SH603259,-0.0275286678224802,EXP_XGBModel_Alpha158_csi300_custom_step0_s_20261001_18,eb47f2deaed44513b7186e073d375855,0.103,,,
2230,2026-09-30,SH603019,0.000649322581011802,EXP_XGBModel_Alpha158_csi300_custom_step0_s_20261001_18,eb47f2deaed44513b7186e073d375855,0.103,,,
2231,2026-09-30,SH601998,0.2855773866176605,EXP_XGBModel_Alpha158_csi300_custom_step0_s_20261001_18,eb47f2deaed44513b7186e073d375855,0.103,,,
2232,2026-09-30,SH601995,-0.04146617278456688,EXP_XGBModel_Alpha158_csi300_custom_step0_s_20261001_18,eb47f2deaed44513b7186e073d375855,0.103,,,
2233,2026-09-30,SH601988,0.01800837367773056,EXP_XGBModel_Alpha158_csi300_custom_step0_s_20261001_18,eb47f2deaed44513b7186e073d375855,0.103,,,
2234,2026-09-30,SH601985,0.13664975762367249,EXP_XGBModel_Alpha158_csi300_custom_step0_s_20261001_18,eb47f2deaed44513b7186e073d375855,0.103,,,
2235,2026-09-30,SH601939,0.08052698522806168,EXP_XGBModel_Alpha158_csi300_custom_step0_s_20261001_18,eb47f2deaed44513b7186e073d375855,0.103,,,
2236,2026-09-30,SH601919,0.03810667246580124,EXP_XGBModel_Alpha158_csi300_custom_step0_s_20261001_18,eb47f2deaed44513b7186e073d375855,0.103,,,
2237,2026-09-30,SH601916,0.03987472504377365,EXP_XGBModel_Alpha158_csi300_custom_step0_s_20261001_18,eb47f2deaed44513b7186e073d375855,0.103,,,
2238,2026-09-30,SH601901,0.018550895154476166,EXP_XGBModel_Alpha158_csi300_custom_step0_s_20261001_18,eb47f2deaed44513b7186e073d375855,0.103,,,
2239,2026-09-30,SH601899,-0.003232872812077403,EXP_XGBModel_Alpha158_csi300_custom_step0_s_20261001_18,eb47f2deaed44513b7186e073d375855,0.103,,,
2240,2026-09-30,SH603392,-0.024415194988250732,EXP_XGBModel_Alpha158_csi300_custom_step0_s_20261001_18,eb47f2deaed44513b7186e073d375855,0.103,,,
2241,2026-09-30,SH603501,-0.014782247133553028,EXP_XGBModel_Alpha158_csi300_custom_step0_s_20261001_18,eb47f2deaed44513b7186e073d375855,0.103,,,
2242,2026-09-30,SH603799,0.003885899903252721,EXP_XGBModel_Alpha158_csi300_custom_step0_s_20261001_18,eb47f2deaed44513b7186e073d375855,0.103,,,
2243,2026-09-30,SH603893,0.05319919437170029,EXP_XGBModel_Alpha158_csi300_custom_step0_s_20261001_18,eb47f2deaed44513b7186e073d375855,0.103,,,
2244,2026-09-30,SH688223,-0.015989098697900772,EXP_XGBModel_Alpha158_csi300_custom_step0_s_20261001_18,eb47f2deaed44513b7186e073d375855,0.103,,,
2245,2026-09-30,SH688183,-0.03649897500872612,EXP_XGBModel_Alpha158_csi300_custom_step0_s_20261001_18,eb47f2deaed44513b7186e073d375855,0.103,,,
2246,2026-09-30,SH688126,-0.013110224157571793,EXP_XGBModel_Alpha158_csi300_custom_step0_s_20261001_18,eb47f2deaed44513b7186e073d375855,0.103,,,
2247,2026-09-30,SH688111,-0.017005570232868195,EXP_XGBModel_Alpha158_csi300_custom_step0_s_20261001_18,eb47f2deaed44513b7186e073d375855,0.103,,,
2248,2026-09-30,SH688082,-0.0350210927426815,EXP_XGBModel_Alpha158_csi300_custom_step0_s_20261001_18,eb47f2deaed44513b7186e073d375855,0.103,,,
2249,2026-09-30,SH688072,-0.0305097084492445,EXP_XGBModel_Alpha158_csi300_custom_step0_s_20261001_18,eb47f2deaed44513b7186e073d375855,0.103,,,
2250,2026-09-30,SH688047,-0.02805580198764801,EXP_XGBModel_Alpha158_csi300_custom_step0_s_20261001_18,eb47f2deaed44513b7186e073d375855,0.103,,,
2251,2026-09-30,SH601898,0.008078213781118393,EXP_XGBModel_Alpha158_csi300_custom_step0_s_20261001_18,eb47f2deaed44513b7186e073d375855,0.103,,,
2252,2026-09-30,SH688041,0.03167960047721863,EXP_XGBModel_Alpha158_csi300_custom_step0_s_20261001_18,eb47f2deaed44513b7186e073d375855,0.103,,,
2253,2026-09-30,SH688012,-0.008520922623574734,EXP_XGBModel_Alpha158_csi300_custom_step0_s_20261001_18,eb47f2deaed44513b7186e073d375855,0.103,,,
2254,2026-09-30,SH688009,0.007183801382780075,EXP_XGBModel_Alpha158_csi300_custom_step0_s_20261001_18,eb47f2deaed44513b7186e073d375855,0.103,,,
2255,2026-09-30,SH688008,-0.028523540124297142,EXP_XGBModel_Alpha158_csi300_custom_step0_s_20261001_18,eb47f2deaed44513b7186e073d375855,0.103,,,
2256,2026-09-30,SH605499,-0.018365636467933655,EXP_XGBModel_Alpha158_csi300_custom_step0_s_20261001_18,eb47f2deaed44513b7186e073d375855,0.103,,,
2257,2026-09-30,SH605117,-0.010607919655740261,EXP_XGBModel_Alpha158_csi300_custom_step0_s_20261001_18,eb47f2deaed44513b7186e073d375855,0.103,,,
2258,2026-09-30,SH603993,-0.018373236060142517,EXP_XGBModel_Alpha158_csi300_custom_step0_s_20261001_18,eb47f2deaed44513b7186e073d375855,0.103,,,
2259,2026-09-30,SH603986,0.0840068832039833,EXP_XGBModel_Alpha158_csi300_custom_step0_s_20261001_18,eb47f2deaed44513b7186e073d375855,0.103,,,
2260,2026-09-30,SH688036,-0.03320278227329254,EXP_XGBModel_Alpha158_csi300_custom_step0_s_20261001_18,eb47f2deaed44513b7186e073d375855,0.103,,,
2261,2026-09-30,SH601888,-0.005864711944013834,EXP_XGBModel_Alpha158_csi300_custom_step0_s_20261001_18,eb47f2deaed44513b7186e073d375855,0.103,,,
2262,2026-09-30,SH601881,-0.007081094663590193,EXP_XGBModel_Alpha158_csi300_custom_step0_s_20261001_18,eb47f2deaed44513b7186e073d375855,0.103,,,
2263,2026-09-30,SH601878,0.014406926929950714,EXP_XGBModel_Alpha158_csi300_custom_step0_s_20261001_18,eb47f2deaed44513b7186e073d375855,0.103,,,
2264,2026-09-30,SH601628,-0.010772550478577614,EXP_XGBModel_Alpha158_csi300_custom_step0_s_20261001_18,eb47f2deaed44513b7186e073d375855,0.103,,,
2265,2026-09-30,SH601618,0.02088693156838417,EXP_XGBModel_Alpha158_csi300_custom_step0_s_20261001_18,eb47f2deaed44513b7186e073d375855,0.103,,,
2266,2026-09-30,SH601607,0.059096191078424454,EXP_XGBModel_Alpha158_csi300_custom_step0_s_20261001_18,eb47f2deaed44513b7186e073d375855,0.103,,,
2267,2026-09-30,SH601601,-0.01493675634264946,EXP_XGBModel_Alpha158_csi300_custom_step0_s_20261001_18,eb47f2deaed44513b7186e073d375855,0.103,,,
2268,2026-09-30,SH601600,-0.017540596425533295,EXP_XGBModel_Alpha158_csi300_custom_step0_s_20261001_18,eb47f2deaed44513b7186e073d375855,0.103,,,
2269,2026-09-30,SH601456,0.020350096747279167,EXP_XGBModel_Alpha158_csi300_custom_step0_s_20261001_18,eb47f2deaed44513b7186e073d375855,0.103,,,
2270,2026-09-30,SH601398,0.1475294828414917,EXP_XGBModel_Alpha158_csi300_custom_step0_s_20261001_18,eb47f2deaed44513b7186e073d375855,0.103,,,
2271,2026-09-30,SH601633,-0.006520469672977924,EXP_XGBModel_Alpha158_csi300_custom_step0_s_20261001_18,eb47f2deaed44513b7186e073d375855,0.103,,,
2272,2026-09-30,SH601390,0.0518527626991272,EXP_XGBModel_Alpha158_csi300_custom_step0_s_20261001_18,eb47f2deaed44513b7186e073d375855,0.103,,,
2273,2026-09-30,SH601360,-0.004416391719132662,EXP_XGBModel_Alpha158_csi300_custom_step0_s_20261001_18,eb47f2deaed44513b7186e073d375855,0.103,,,
2274,2026-09-30,SH601336,-0.013046832755208015,EXP_XGBModel_Alpha158_csi300_custom_step0_s_20261001_18,eb47f2deaed44513b7186e073d375855,0.103,,,
2275,2026-09-30,SH601328,0.08676306158304214,EXP_XGBModel_Alpha158_csi300_custom_step0_s_20261001_18,eb47f2deaed44513b7186e073d375855,0.103,,,
2276,2026-09-30,SH601319,0.028334125876426697,EXP_XGBModel_Alpha158_csi300_custom_step0_s_20261001_18,eb47f2deaed44513b7186e073d375855,0.103,,,
2277,2026-09-30,SH601318,0.020085524767637253,EXP_XGBModel_Alpha158_csi300_custom_step0_s_20261001_18,eb47f2deaed44513b7186e073d375855,0.103,,,
2278,2026-09-30,SH601288,0.06378135085105896,EXP_XGBModel_Alpha158_csi300_custom_step0_s_20261001_18,eb47f2deaed44513b7186e073d375855,0.103,,,
2279,2026-09-30,SH601238,0.34584400057792664,EXP_XGBModel_Alpha158_csi300_custom_step0_s_20261001_18,eb47f2deaed44513b7186e073d375855,0.103,,,
2280,2026-09-30,SH601377,0.01801014132797718,EXP_XGBModel_Alpha158_csi300_custom_step0_s_20261001_18,eb47f2deaed44513b7186e073d375855,0.103,,,
2281,2026-09-30,SH688256,0.007324264384806156,EXP_XGBModel_Alpha158_csi300_custom_step0_s_20261001_18,eb47f2deaed44513b7186e073d375855,0.103,,,
2282,2026-09-30,SH601658,0.040339238941669464,EXP_XGBModel_Alpha158_csi300_custom_step0_s_20261001_18,eb47f2deaed44513b7186e073d375855,0.103,,,
2283,2026-09-30,SH601669,0.0497434101998806,EXP_XGBModel_Alpha158_csi300_custom_step0_s_20261001_18,eb47f2deaed44513b7186e073d375855,0.103,,,
2284,2026-09-30,SH601877,0.010894881561398506,EXP_XGBModel_Alpha158_csi300_custom_step0_s_20261001_18,eb47f2deaed44513b7186e073d375855,0.103,,,
2285,2026-09-30,SH601872,-0.10562363266944885,EXP_XGBModel_Alpha158_csi300_custom_step0_s_20261001_18,eb47f2deaed44513b7186e073d375855,0.103,,,
2286,2026-09-30,SH601868,0.02872241474688053,EXP_XGBModel_Alpha158_csi300_custom_step0_s_20261001_18,eb47f2deaed44513b7186e073d375855,0.103,,,
2287,2026-09-30,SH601857,0.0181378535926342,EXP_XGBModel_Alpha158_csi300_custom_step0_s_20261001_18,eb47f2deaed44513b7186e073d375855,0.103,,,
2288,2026-09-30,SH601838,0.051101718097925186,EXP_XGBModel_Alpha158_csi300_custom_step0_s_20261001_18,eb47f2deaed44513b7186e073d375855,0.103,,,
2289,2026-09-30,SH601825,0.06072598323225975,EXP_XGBModel_Alpha158_csi300_custom_step0_s_20261001_18,eb47f2deaed44513b7186e073d375855,0.103,,,
2290,2026-09-30,SH601818,0.06682545691728592,EXP_XGBModel_Alpha158_csi300_custom_step0_s_20261001_18,eb47f2deaed44513b7186e073d375855,0.103,,,
2291,2026-09-30,SH601668,0.029004424810409546,EXP_XGBModel_Alpha158_csi300_custom_step0_s_20261001_18,eb47f2deaed44513b7186e073d375855,0.103,,,
2292,2026-09-30,SH601816,0.06236926466226578,EXP_XGBModel_Alpha158_csi300_custom_step0_s_20261001_18,eb47f2deaed44513b7186e073d375855,0.103,,,
2293,2026-09-30,SH601788,-0.0022351425141096115,EXP_XGBModel_Alpha158_csi300_custom_step0_s_20261001_18,eb47f2deaed44513b7186e073d375855,0.103,,,
2294,2026-09-30,SH601766,0.10628674924373627,EXP_XGBModel_Alpha158_csi300_custom_step0_s_20261001_18,eb47f2deaed44513b7186e073d375855,0.103,,,
2295,2026-09-30,SH601728,0.06630446016788483,EXP_XGBModel_Alpha158_csi300_custom_step0_s_20261001_18,eb47f2deaed44513b7186e073d375855,0.103,,,
2296,2026-09-30,SH601727,0.0003205231041647494,EXP_XGBModel_Alpha158_csi300_custom_step0_s_20261001_18,eb47f2deaed44513b7186e073d375855,0.103,,,
2297,2026-09-30,SH601698,-0.002727033570408821,EXP_XGBModel_Alpha158_csi300_custom_step0_s_20261001_18,eb47f2deaed44513b7186e073d375855,0.103,,,
2298,2026-09-30,SH601689,-0.023889821022748947,EXP_XGBModel_Alpha158_csi300_custom_step0_s_20261001_18,eb47f2deaed44513b7186e073d375855,0.103,,,
2299,2026-09-30,SH601688,-0.0007888478576205671,EXP_XGBModel_Alpha158_csi300_custom_step0_s_20261001_18,eb47f2deaed44513b7186e073d375855,0.103,,,
2300,2026-09-30,SH601800,0.06148262694478035,EXP_XGBModel_Alpha158_csi300_custom_step0_s_20261001_18,eb47f2deaed44513b7186e073d375855,0.103,,,
2301,2026-09-30,SH688271,-0.009388321079313755,EXP_XGBModel_Alpha158_csi300_custom_step0_s_20261001_18,eb47f2deaed44513b7186e073d375855,0.103,,,
2302,2026-09-30,SH688303,-0.007042854558676481,EXP_XGBModel_Alpha158_csi300_custom_step0_s_20261001_18,eb47f2deaed44513b7186e073d375855,0.103,,,
2303,2026-09-30,SH688396,0.03911401703953743,EXP_XGBModel_Alpha158_csi300_custom_step0_s_20261001_18,eb47f2deaed44513b7186e073d375855,0.103,,,
2304,2026-09-30,SZ002352,0.015571530908346176,EXP_XGBModel_Alpha158_csi300_custom_step0_s_20261001_18,eb47f2deaed44513b7186e073d375855,0.103,,,
2305,2026-09-30,SZ002311,-0.003887093858793378,EXP_XGBModel_Alpha158_csi300_custom_step0_s_20261001_18,eb47f2deaed44513b7186e073d375855,0.103,,,
2306,2026-09-30,SZ002304,-0.005237835459411144,EXP_XGBModel_Alpha158_csi300_custom_step0_s_20261001_18,eb47f2deaed44513b7186e073d375855,0.103,,,
2307,2026-09-30,SZ002241,-0.029552562162280083,EXP_XGBModel_Alpha158_csi300_custom_step0_s_20261001_18,eb47f2deaed44513b7186e073d375855,0.103,,,
2308,2026-09-30,SZ002236,0.0016597026260569692,EXP_XGBModel_Alpha158_csi300_custom_step0_s_20261001_18,eb47f2deaed44513b7186e073d375855,0.103,,,
2309,2026-09-30,SZ002230,-0.026615263894200325,EXP_XGBModel_Alpha158_csi300_custom_step0_s_20261001_18,eb47f2deaed44513b7186e073d375855,0.103,,,
2310,2026-09-30,SZ002202,-0.043482985347509384,EXP_XGBModel_Alpha158_csi300_custom_step0_s_20261001_18,eb47f2deaed44513b7186e073d375855,0.103,,,
2311,2026-09-30,SZ002353,0.04950598627328873,EXP_XGBModel_Alpha158_csi300_custom_step0_s_20261001_18,eb47f2deaed44513b7186e073d375855,0.103,,,
2312,2026-09-30,SZ002179,-0.029578397050499916,EXP_XGBModel_Alpha158_csi300_custom_step0_s_20261001_18,eb47f2deaed44513b7186e073d375855,0.103,,,
2313,2026-09-30,SZ002074,0.01763785257935524,EXP_XGBModel_Alpha158_csi300_custom_step0_s_20261001_18,eb47f2deaed44513b7186e073d375855,0.103,,,
2314,2026-09-30,SZ002050,-0.04811765253543854,EXP_XGBModel_Alpha158_csi300_custom_step0_s_20261001_18,eb47f2deaed44513b7186e073d375855,0.103,,,
2315,2026-09-30,SZ002049,0.003258536336943507,EXP_XGBModel_Alpha158_csi300_custom_step0_s_20261001_18,eb47f2deaed44513b7186e073d375855,0.103,,,
2316,2026-09-30,SZ002028,0.07011152058839798,EXP_XGBModel_Alpha158_csi300_custom_step0_s_20261001_18,eb47f2deaed44513b7186e073d375855,0.103,,,
2317,2026-09-30,SZ002027,0.013940775766968727,EXP_XGBModel_Alpha158_csi300_custom_step0_s_20261001_18,eb47f2deaed44513b7186e073d375855,0.103,,,
2318,2026-09-30,SZ002001,0.002062527695670724,EXP_XGBModel_Alpha158_csi300_custom_step0_s_20261001_18,eb47f2deaed44513b7186e073d375855,0.103,,,
2319,2026-09-30,SZ001979,0.007313696201890707,EXP_XGBModel_Alpha158_csi300_custom_step0_s_20261001_18,eb47f2deaed44513b7186e073d375855,0.103,,,
2320,2026-09-30,SZ002142,0.057932108640670776,EXP_XGBModel_Alpha158_csi300_custom_step0_s_20261001_18,eb47f2deaed44513b7186e073d375855,0.103,,,
2321,2026-09-30,SZ001965,0.03798278793692589,EXP_XGBModel_Alpha158_csi300_custom_step0_s_20261001_18,eb47f2deaed44513b7186e073d375855,0.103,,,
2322,2026-09-30,SZ002371,-0.04200230911374092,EXP_XGBModel_Alpha158_csi300_custom_step0_s_20261001_18,eb47f2deaed44513b7186e073d375855,0.103,,,
2323,2026-09-30,SZ002415,0.005520111881196499,EXP_XGBModel_Alpha158_csi300_custom_step0_s_20261001_18,eb47f2deaed44513b7186e073d375855,0.103,,,
2324,2026-09-30,SZ002736,0.019732074812054634,EXP_XGBModel_Alpha158_csi300_custom_step0_s_20261001_18,eb47f2deaed44513b7186e073d375855,0.103,,,
2325,2026-09-30,SZ002714,-0.002828225726261735,EXP_XGBModel_Alpha158_csi300_custom_step0_s_20261001_18,eb47f2deaed44513b7186e073d375855,0.103,,,
2326,2026-09-30,SZ002709,-0.07068631052970886,EXP_XGBModel_Alpha158_csi300_custom_step0_s_20261001_18,eb47f2deaed44513b7186e073d375855,0.103,,,
2327,2026-09-30,SZ002648,-0.0018784935818985105,EXP_XGBModel_Alpha158_csi300_custom_step0_s_20261001_18,eb47f2deaed44513b7186e073d375855,0.103,,,
2328,2026-09-30,SZ002625,0.015094831585884094,EXP_XGBModel_Alpha158_csi300_custom_step0_s_20261001_18,eb47f2deaed44513b7186e073d375855,0.103,,,
2329,2026-09-30,SZ002602,-0.014711687341332436,EXP_XGBModel_Alpha158_csi300_custom_step0_s_20261001_18,eb47f2deaed44513b7186e073d375855,0.103,,,
2330,2026-09-30,SZ002600,-0.019217852503061295,EXP_XGBModel_Alpha158_csi300_custom_step0_s_20261001_18,eb47f2deaed44513b7186e073d375855,0.103,,,
2331,2026-09-30,SZ002384,0.023448830470442772,EXP_XGBModel_Alpha158_csi300_custom_step0_s_20261001_18,eb47f2deaed44513b7186e073d375855,0.103,,,
2332,2026-09-30,SZ002594,0.001702438690699637,EXP_XGBModel_Alpha158_csi300_custom_step0_s_20261001_18,eb47f2deaed44513b7186e073d375855,0.103,,,
2333,2026-09-30,SZ002532,-0.021174531430006027,EXP_XGBModel_Alpha158_csi300_custom_step0_s_20261001_18,eb47f2deaed44513b7186e073d375855,0.103,,,
2334,2026-09-30,SZ002493,-0.03932076320052147,EXP_XGBModel_Alpha158_csi300_custom_step0_s_20261001_18,eb47f2deaed44513b7186e073d375855,0.103,,,
2335,2026-09-30,SZ002475,-0.018810132518410683,EXP_XGBModel_Alpha158_csi300_custom_step0_s_20261001_18,eb47f2deaed44513b7186e073d375855,0.103,,,
2336,2026-09-30,SZ002466,-0.025900421664118767,EXP_XGBModel_Alpha158_csi300_custom_step0_s_20261001_18,eb47f2deaed44513b7186e073d375855,0.103,,,
2337,2026-09-30,SZ002463,-0.019408177584409714,EXP_XGBModel_Alpha158_csi300_custom_step0_s_20261001_18,eb47f2deaed44513b7186e073d375855,0.103,,,
2338,2026-09-30,SZ002460,-0.028633667156100273,EXP_XGBModel_Alpha158_csi300_custom_step0_s_20261001_18,eb47f2deaed44513b7186e073d375855,0.103,,,
2339,2026-09-30,SZ002422,0.007626253180205822,EXP_XGBModel_Alpha158_csi300_custom_step0_s_20261001_18,eb47f2deaed44513b7186e073d375855,0.103,,,
2340,2026-09-30,SZ002558,-0.004066040273755789,EXP_XGBModel_Alpha158_csi300_custom_step0_s_20261001_18,eb47f2deaed44513b7186e073d375855,0.103,,,
2341,2026-09-30,SH601229,0.08120624721050262,EXP_XGBModel_Alpha158_csi300_custom_step0_s_20261001_18,eb47f2deaed44513b7186e073d375855,0.103,,,
2342,2026-09-30,SZ001391,0.0039683254435658455,EXP_XGBModel_Alpha158_csi300_custom_step0_s_20261001_18,eb47f2deaed44513b7186e073d375855,0.103,,,
2343,2026-09-30,SZ000999,0.021856967359781265,EXP_XGBModel_Alpha158_csi300_custom_step0_s_20261001_18,eb47f2deaed44513b7186e073d375855,0.103,,,
2344,2026-09-30,SZ000538,0.06804146617650986,EXP_XGBModel_Alpha158_csi300_custom_step0_s_20261001_18,eb47f2deaed44513b7186e073d375855,0.103,,,
2345,2026-09-30,SZ000425,-0.02121245302259922,EXP_XGBModel_Alpha158_csi300_custom_step0_s_20261001_18,eb47f2deaed44513b7186e073d375855,0.103,,,
2346,2026-09-30,SZ000408,-0.01417187787592411,EXP_XGBModel_Alpha158_csi300_custom_step0_s_20261001_18,eb47f2deaed44513b7186e073d375855,0.103,,,
2347,2026-09-30,SZ000338,-0.028714973479509354,EXP_XGBModel_Alpha158_csi300_custom_step0_s_20261001_18,eb47f2deaed44513b7186e073d375855,0.103,,,
2348,2026-09-30,SZ000333,-0.021073319017887115,EXP_XGBModel_Alpha158_csi300_custom_step0_s_20261001_18,eb47f2deaed44513b7186e073d375855,0.103,,,
2349,2026-09-30,SZ000301,-0.015473438426852226,EXP_XGBModel_Alpha158_csi300_custom_step0_s_20261001_18,eb47f2deaed44513b7186e073d375855,0.103,,,
2350,2026-09-30,SZ000166,0.02641133964061737,EXP_XGBModel_Alpha158_csi300_custom_step0_s_20261001_18,eb47f2deaed44513b7186e073d375855,0.103,,,
2351,2026-09-30,SZ000568,-0.012059357948601246,EXP_XGBModel_Alpha158_csi300_custom_step0_s_20261001_18,eb47f2deaed44513b7186e073d375855,0.103,,,
2352,2026-09-30,SZ000157,-0.0008712353301234543,EXP_XGBModel_Alpha158_csi300_custom_step0_s_20261001_18,eb47f2deaed44513b7186e073d375855,0.103,,,
2353,2026-09-30,SZ000063,0.003674300853163004,EXP_XGBModel_Alpha158_csi300_custom_step0_s_20261001_18,eb47f2deaed44513b7186e073d375855,0.103,,,
2354,2026-09-30,SZ000002,-0.16309703886508942,EXP_XGBModel_Alpha158_csi300_custom_step0_s_20261001_18,eb47f2deaed44513b7186e073d375855,0.103,,,
2355,2026-09-30,SZ000001,0.06658122688531876,EXP_XGBModel_Alpha158_csi300_custom_step0_s_20261001_18,eb47f2deaed44513b7186e073d375855,0.103,,,
2356,2026-09-30,SH688981,0.011253279633820057,EXP_XGBModel_Alpha158_csi300_custom_step0_s_20261001_18,eb47f2deaed44513b7186e073d375855,0.103,,,
2357,2026-09-30,SH688521,0.18169592320919037,EXP_XGBModel_Alpha158_csi300_custom_step0_s_20261001_18,eb47f2deaed44513b7186e073d375855,0.103,,,
2358,2026-09-30,SH688506,-0.0089754993095994,EXP_XGBModel_Alpha158_csi300_custom_step0_s_20261001_18,eb47f2deaed44513b7186e073d375855,0.103,,,
2359,2026-09-30,SH688472,-0.010550717823207378,EXP_XGBModel_Alpha158_csi300_custom_step0_s_20261001_18,eb47f2deaed44513b7186e073d375855,0.103,,,
2360,2026-09-30,SZ000100,-0.0064384825527668,EXP_XGBModel_Alpha158_csi300_custom_step0_s_20261001_18,eb47f2deaed44513b7186e073d375855,0.103,,,
2361,2026-09-30,SZ001280,-0.02247963659465313,EXP_XGBModel_Alpha158_csi300_custom_step0_s_20261001_18,eb47f2deaed44513b7186e073d375855,0.103,,,
2362,2026-09-30,SZ000596,0.04181210324168205,EXP_XGBModel_Alpha158_csi300_custom_step0_s_20261001_18,eb47f2deaed44513b7186e073d375855,0.103,,,
2363,2026-09-30,SZ000625,0.026436984539031982,EXP_XGBModel_Alpha158_csi300_custom_step0_s_20261001_18,eb47f2deaed44513b7186e073d375855,0.103,,,
2364,2026-09-30,SZ000988,-0.12694098055362701,EXP_XGBModel_Alpha158_csi300_custom_step0_s_20261001_18,eb47f2deaed44513b7186e073d375855,0.103,,,
2365,2026-09-30,SZ000977,-0.01872996613383293,EXP_XGBModel_Alpha158_csi300_custom_step0_s_20261001_18,eb47f2deaed44513b7186e073d375855,0.103,,,
2366,2026-09-30,SZ000975,0.011633332818746567,EXP_XGBModel_Alpha158_csi300_custom_step0_s_20261001_18,eb47f2deaed44513b7186e073d375855,0.103,,,
2367,2026-09-30,SZ000963,-0.022661516442894936,EXP_XGBModel_Alpha158_csi300_custom_step0_s_20261001_18,eb47f2deaed44513b7186e073d375855,0.103,,,
2368,2026-09-30,SZ000938,-0.046874068677425385,EXP_XGBModel_Alpha158_csi300_custom_step0_s_20261001_18,eb47f2deaed44513b7186e073d375855,0.103,,,
2369,2026-09-30,SZ000895,0.023672619834542274,EXP_XGBModel_Alpha158_csi300_custom_step0_s_20261001_18,eb47f2deaed44513b7186e073d375855,0.103,,,
2370,2026-09-30,SZ000858,0.015432905405759811,EXP_XGBModel_Alpha158_csi300_custom_step0_s_20261001_18,eb47f2deaed44513b7186e073d375855,0.103,,,
2371,2026-09-30,SZ000617,-0.025024721398949623,EXP_XGBModel_Alpha158_csi300_custom_step0_s_20261001_18,eb47f2deaed44513b7186e073d375855,0.103,,,
2372,2026-09-30,SZ000807,-0.000956603093072772,EXP_XGBModel_Alpha158_csi300_custom_step0_s_20261001_18,eb47f2deaed44513b7186e073d375855,0.103,,,
2373,2026-09-30,SZ000776,-0.014359815046191216,EXP_XGBModel_Alpha158_csi300_custom_step0_s_20261001_18,eb47f2deaed44513b7186e073d375855,0.103,,,
2374,2026-09-30,SZ000768,-0.005378607660531998,EXP_XGBModel_Alpha158_csi300_custom_step0_s_20261001_18,eb47f2deaed44513b7186e073d375855,0.103,,,
2375,2026-09-30,SZ000725,-0.04931535944342613,EXP_XGBModel_Alpha158_csi300_custom_step0_s_20261001_18,eb47f2deaed44513b7186e073d375855,0.103,,,
2376,2026-09-30,SZ000708,-0.018087098374962807,EXP_XGBModel_Alpha158_csi300_custom_step0_s_20261001_18,eb47f2deaed44513b7186e073d375855,0.103,,,
2377,2026-09-30,SZ000657,-0.03480811044573784,EXP_XGBModel_Alpha158_csi300_custom_step0_s_20261001_18,eb47f2deaed44513b7186e073d375855,0.103,,,
2378,2026-09-30,SZ000651,0.04570094496011734,EXP_XGBModel_Alpha158_csi300_custom_step0_s_20261001_18,eb47f2deaed44513b7186e073d375855,0.103,,,
2379,2026-09-30,SZ000630,-0.013266067020595074,EXP_XGBModel_Alpha158_csi300_custom_step0_s_20261001_18,eb47f2deaed44513b7186e073d375855,0.103,,,
2380,2026-09-30,SZ000792,-0.017874564975500107,EXP_XGBModel_Alpha158_csi300_custom_step0_s_20261001_18,eb47f2deaed44513b7186e073d375855,0.103,,,
2381,2026-09-30,SZ002415,-0.06613941490650177,EXP_LinearModel_Alpha158_csi300_custom_step0_s_20261001_18,819ff4bdb88c40e596cd0000a38cb2fa,0.042,,,
2382,2026-09-30,SH601225,0.02963770367205143,EXP_XGBModel_Alpha158_csi300_custom_step0_s_20261001_18,eb47f2deaed44513b7186e073d375855,0.103,,,
2383,2026-09-30,SH601186,0.05871674790978432,EXP_XGBModel_Alpha158_csi300_custom_step0_s_20261001_18,eb47f2deaed44513b7186e073d375855,0.103,,,
2384,2026-09-30,SH600000,0.024140099063515663,EXP_XGBModel_Alpha158_csi300_custom_step0_s_20261001_18,eb47f2deaed44513b7186e073d375855,0.103,,,
2385,2026-09-30,SZ302132,0.027699563652276993,EXP_LinearModel_Alpha158_csi300_custom_step0_s_20261001_18,819ff4bdb88c40e596cd0000a38cb2fa,0.042,,,
2386,2026-09-30,SZ301308,0.09109444916248322,EXP_LinearModel_Alpha158_csi300_custom_step0_s_20261001_18,819ff4bdb88c40e596cd0000a38cb2fa,0.042,,,
2387,2026-09-30,SZ301269,-0.07594331353902817,EXP_LinearModel_Alpha158_csi300_custom_step0_s_20261001_18,819ff4bdb88c40e596cd0000a38cb2fa,0.042,,,
2388,2026-09-30,SZ301236,0.08559385687112808,EXP_LinearModel_Alpha158_csi300_custom_step0_s_20261001_18,819ff4bdb88c40e596cd0000a38cb2fa,0.042,,,
2389,2026-09-30,SZ301165,0.14551033079624176,EXP_LinearModel_Alpha158_csi300_custom_step0_s_20261001_18,819ff4bdb88c40e596cd0000a38cb2fa,0.042,,,
2390,2026-09-30,SZ300999,-0.02653476409614086,EXP_LinearModel_Alpha158_csi300_custom_step0_s_20261001_18,819ff4bdb88c40e596cd0000a38cb2fa,0.042,,,
2391,2026-09-30,SZ300896,0.03197664022445679,EXP_LinearModel_Alpha158_csi300_custom_step0_s_20261001_18,819ff4bdb88c40e596cd0000a38cb2fa,0.042,,,
2392,2026-09-30,SZ300866,-0.011930695734918118,EXP_LinearModel_Alpha158_csi300_custom_step0_s_20261001_18,819ff4bdb88c40e596cd0000a38cb2fa,0.042,,,
2393,2026-09-30,SZ300832,-0.03599952161312103,EXP_LinearModel_Alpha158_csi300_custom_step0_s_20261001_18,819ff4bdb88c40e596cd0000a38cb2fa,0.042,,,
2394,2026-09-30,SZ300803,-0.016062695533037186,EXP_LinearModel_Alpha158_csi300_custom_step0_s_20261001_18,819ff4bdb88c40e596cd0000a38cb2fa,0.042,,,
2395,2026-09-30,SZ300760,-0.06015278026461601,EXP_LinearModel_Alpha158_csi300_custom_step0_s_20261001_18,819ff4bdb88c40e596cd0000a38cb2fa,0.042,,,
2396,2026-09-30,SZ300750,-0.09490213543176651,EXP_LinearModel_Alpha158_csi300_custom_step0_s_20261001_18,819ff4bdb88c40e596cd0000a38cb2fa,0.042,,,
2397,2026-09-30,SZ300661,-0.18796895444393158,EXP_LinearModel_Alpha158_csi300_custom_step0_s_20261001_18,819ff4bdb88c40e596cd0000a38cb2fa,0.042,,,
2398,2026-09-30,SZ300628,-0.09204217791557312,EXP_LinearModel_Alpha158_csi300_custom_step0_s_20261001_18,819ff4bdb88c40e596cd0000a38cb2fa,0.042,,,
2399,2026-09-30,SH600009,0.02655227854847908,EXP_XGBModel_Alpha158_csi300_custom_step0_s_20261001_18,eb47f2deaed44513b7186e073d375855,0.103,,,
2400,2026-09-30,SH600010,0.001294299610890448,EXP_XGBModel_Alpha158_csi300_custom_step0_s_20261001_18,eb47f2deaed44513b7186e073d375855,0.103,,,
2401,2026-09-30,SH600011,0.06822627037763596,EXP_XGBModel_Alpha158_csi300_custom_step0_s_20261001_18,eb47f2deaed44513b7186e073d375855,0.103,,,
2402,2026-09-30,SH600015,0.014039468951523304,EXP_XGBModel_Alpha158_csi300_custom_step0_s_20261001_18,eb47f2deaed44513b7186e073d375855,0.103,,,
2403,2026-09-30,SH600061,0.011349482461810112,EXP_XGBModel_Alpha158_csi300_custom_step0_s_20261001_18,eb47f2deaed44513b7186e073d375855,0.103,,,
2404,2026-09-30,SH600050,0.06668306887149811,EXP_XGBModel_Alpha158_csi300_custom_step0_s_20261001_18,eb47f2deaed44513b7186e073d375855,0.103,,,
2405,2026-09-30,SH600048,-0.03191960230469704,EXP_XGBModel_Alpha158_csi300_custom_step0_s_20261001_18,eb47f2deaed44513b7186e073d375855,0.103,,,
2406,2026-09-30,SH600039,-0.004251555074006319,EXP_XGBModel_Alpha158_csi300_custom_step0_s_20261001_18,eb47f2deaed44513b7186e073d375855,0.103,,,
2407,2026-09-30,SH600036,0.06182068586349487,EXP_XGBModel_Alpha158_csi300_custom_step0_s_20261001_18,eb47f2deaed44513b7186e073d375855,0.103,,,
2408,2026-09-30,SH600031,-0.013375204056501389,EXP_XGBModel_Alpha158_csi300_custom_step0_s_20261001_18,eb47f2deaed44513b7186e073d375855,0.103,,,
2409,2026-09-30,SH600030,0.0021210145205259323,EXP_XGBModel_Alpha158_csi300_custom_step0_s_20261001_18,eb47f2deaed44513b7186e073d375855,0.103,,,
2410,2026-09-30,SZ300502,0.012604739516973495,EXP_LinearModel_Alpha158_csi300_custom_step0_s_20261001_18,819ff4bdb88c40e596cd0000a38cb2fa,0.042,,,
2411,2026-09-30,SH600029,0.021729260683059692,EXP_XGBModel_Alpha158_csi300_custom_step0_s_20261001_18,eb47f2deaed44513b7186e073d375855,0.103,,,
2412,2026-09-30,SH600027,0.023862577974796295,EXP_XGBModel_Alpha158_csi300_custom_step0_s_20261001_18,eb47f2deaed44513b7186e073d375855,0.103,,,
2413,2026-09-30,SH600026,-0.05822381004691124,EXP_XGBModel_Alpha158_csi300_custom_step0_s_20261001_18,eb47f2deaed44513b7186e073d375855,0.103,,,
2414,2026-09-30,SH600025,0.06978214532136917,EXP_XGBModel_Alpha158_csi300_custom_step0_s_20261001_18,eb47f2deaed44513b7186e073d375855,0.103,,,
2415,2026-09-30,SH600023,0.031779222190380096,EXP_XGBModel_Alpha158_csi300_custom_step0_s_20261001_18,eb47f2deaed44513b7186e073d375855,0.103,,,
2416,2026-09-30,SH600019,0.12481037527322769,EXP_XGBModel_Alpha158_csi300_custom_step0_s_20261001_18,eb47f2deaed44513b7186e073d375855,0.103,,,
2417,2026-09-30,SH600018,0.04069097340106964,EXP_XGBModel_Alpha158_csi300_custom_step0_s_20261001_18,eb47f2deaed44513b7186e073d375855,0.103,,,
2418,2026-09-30,SH600016,0.05833933502435684,EXP_XGBModel_Alpha158_csi300_custom_step0_s_20261001_18,eb47f2deaed44513b7186e073d375855,0.103,,,
2419,2026-09-30,SH600028,-0.009571840986609459,EXP_XGBModel_Alpha158_csi300_custom_step0_s_20261001_18,eb47f2deaed44513b7186e073d375855,0.103,,,
2420,2026-09-30,SZ300498,-0.01628607138991356,EXP_LinearModel_Alpha158_csi300_custom_step0_s_20261001_18,819ff4bdb88c40e596cd0000a38cb2fa,0.042,,,
2421,2026-09-30,SZ300476,-0.07531872391700745,EXP_LinearModel_Alpha158_csi300_custom_step0_s_20261001_18,819ff4bdb88c40e596cd0000a38cb2fa,0.042,,,
2422,2026-09-30,SZ300450,-0.01635943353176117,EXP_LinearModel_Alpha158_csi300_custom_step0_s_20261001_18,819ff4bdb88c40e596cd0000a38cb2fa,0.042,,,
2423,2026-09-30,SZ002837,0.08108025044202805,EXP_LinearModel_Alpha158_csi300_custom_step0_s_20261001_18,819ff4bdb88c40e596cd0000a38cb2fa,0.042,,,
2424,2026-09-30,SZ002736,-0.01052166149020195,EXP_LinearModel_Alpha158_csi300_custom_step0_s_20261001_18,819ff4bdb88c40e596cd0000a38cb2fa,0.042,,,
2425,2026-09-30,SZ002714,0.06286835670471191,EXP_LinearModel_Alpha158_csi300_custom_step0_s_20261001_18,819ff4bdb88c40e596cd0000a38cb2fa,0.042,,,
2426,2026-09-30,SZ002709,-0.008438736200332642,EXP_LinearModel_Alpha158_csi300_custom_step0_s_20261001_18,819ff4bdb88c40e596cd0000a38cb2fa,0.042,,,
2427,2026-09-30,SZ002648,-0.0032123737037181854,EXP_LinearModel_Alpha158_csi300_custom_step0_s_20261001_18,819ff4bdb88c40e596cd0000a38cb2fa,0.042,,,
2428,2026-09-30,SZ002625,0.05230046436190605,EXP_LinearModel_Alpha158_csi300_custom_step0_s_20261001_18,819ff4bdb88c40e596cd0000a38cb2fa,0.042,,,
2429,2026-09-30,SZ002602,-0.14146435260772705,EXP_LinearModel_Alpha158_csi300_custom_step0_s_20261001_18,819ff4bdb88c40e596cd0000a38cb2fa,0.042,,,
2430,2026-09-30,SZ002916,-0.0040216706693172455,EXP_LinearModel_Alpha158_csi300_custom_step0_s_20261001_18,819ff4bdb88c40e596cd0000a38cb2fa,0.042,,,
2431,2026-09-30,SZ002600,-0.05456484109163284,EXP_LinearModel_Alpha158_csi300_custom_step0_s_20261001_18,819ff4bdb88c40e596cd0000a38cb2fa,0.042,,,
2432,2026-09-30,SZ002558,0.03158518671989441,EXP_LinearModel_Alpha158_csi300_custom_step0_s_20261001_18,819ff4bdb88c40e596cd0000a38cb2fa,0.042,,,
2433,2026-09-30,SZ002532,-0.008312981575727463,EXP_LinearModel_Alpha158_csi300_custom_step0_s_20261001_18,819ff4bdb88c40e596cd0000a38cb2fa,0.042,,,
2434,2026-09-30,SZ002493,-0.06375320255756378,EXP_LinearModel_Alpha158_csi300_custom_step0_s_20261001_18,819ff4bdb88c40e596cd0000a38cb2fa,0.042,,,
2435,2026-09-30,SZ002475,0.06995939463376999,EXP_LinearModel_Alpha158_csi300_custom_step0_s_20261001_18,819ff4bdb88c40e596cd0000a38cb2fa,0.042,,,
2436,2026-09-30,SZ002466,0.06609863042831421,EXP_LinearModel_Alpha158_csi300_custom_step0_s_20261001_18,819ff4bdb88c40e596cd0000a38cb2fa,0.042,,,
2437,2026-09-30,SZ002463,-0.02576187625527382,EXP_LinearModel_Alpha158_csi300_custom_step0_s_20261001_18,819ff4bdb88c40e596cd0000a38cb2fa,0.042,,,
2438,2026-09-30,SZ002460,0.05862508714199066,EXP_LinearModel_Alpha158_csi300_custom_step0_s_20261001_18,819ff4bdb88c40e596cd0000a38cb2fa,0.042,,,
2439,2026-09-30,SZ002594,-0.06465143710374832,EXP_LinearModel_Alpha158_csi300_custom_step0_s_20261001_18,819ff4bdb88c40e596cd0000a38cb2fa,0.042,,,
2440,2026-09-30,SH600066,-0.004635137505829334,EXP_XGBModel_Alpha158_csi300_custom_step0_s_20261001_18,eb47f2deaed44513b7186e073d375855,0.103,,,
2441,2026-09-30,SZ002920,0.09336596727371216,EXP_LinearModel_Alpha158_csi300_custom_step0_s_20261001_18,819ff4bdb88c40e596cd0000a38cb2fa,0.042,,,
2442,2026-09-30,SZ003816,0.007317011710256338,EXP_LinearModel_Alpha158_csi300_custom_step0_s_20261001_18,819ff4bdb88c40e596cd0000a38cb2fa,0.042,,,
2443,2026-09-30,SZ300442,-0.019191060215234756,EXP_LinearModel_Alpha158_csi300_custom_step0_s_20261001_18,819ff4bdb88c40e596cd0000a38cb2fa,0.042,,,
2444,2026-09-30,SZ300433,-0.02152271382510662,EXP_LinearModel_Alpha158_csi300_custom_step0_s_20261001_18,819ff4bdb88c40e596cd0000a38cb2fa,0.042,,,
2445,2026-09-30,SZ300418,0.024649344384670258,EXP_LinearModel_Alpha158_csi300_custom_step0_s_20261001_18,819ff4bdb88c40e596cd0000a38cb2fa,0.042,,,
2446,2026-09-30,SZ300413,0.262098103761673,EXP_LinearModel_Alpha158_csi300_custom_step0_s_20261001_18,819ff4bdb88c40e596cd0000a38cb2fa,0.042,,,
2447,2026-09-30,SZ300408,0.04201884567737579,EXP_LinearModel_Alpha158_csi300_custom_step0_s_20261001_18,819ff4bdb88c40e596cd0000a38cb2fa,0.042,,,
2448,2026-09-30,SZ300394,-0.07014074176549911,EXP_LinearModel_Alpha158_csi300_custom_step0_s_20261001_18,819ff4bdb88c40e596cd0000a38cb2fa,0.042,,,
2449,2026-09-30,SZ300316,-0.028025493025779724,EXP_LinearModel_Alpha158_csi300_custom_step0_s_20261001_18,819ff4bdb88c40e596cd0000a38cb2fa,0.042,,,
2450,2026-09-30,SZ002938,0.04732421040534973,EXP_LinearModel_Alpha158_csi300_custom_step0_s_20261001_18,819ff4bdb88c40e596cd0000a38cb2fa,0.042,,,
2451,2026-09-30,SZ300308,0.11874902993440628,EXP_LinearModel_Alpha158_csi300_custom_step0_s_20261001_18,819ff4bdb88c40e596cd0000a38cb2fa,0.042,,,
2452,2026-09-30,SZ300251,-0.01233578845858574,EXP_LinearModel_Alpha158_csi300_custom_step0_s_20261001_18,819ff4bdb88c40e596cd0000a38cb2fa,0.042,,,
2453,2026-09-30,SZ300124,0.03995411843061447,EXP_LinearModel_Alpha158_csi300_custom_step0_s_20261001_18,819ff4bdb88c40e596cd0000a38cb2fa,0.042,,,
2454,2026-09-30,SZ300122,-0.11286525428295135,EXP_LinearModel_Alpha158_csi300_custom_step0_s_20261001_18,819ff4bdb88c40e596cd0000a38cb2fa,0.042,,,
2455,2026-09-30,SZ300059,-0.05317749083042145,EXP_LinearModel_Alpha158_csi300_custom_step0_s_20261001_18,819ff4bdb88c40e596cd0000a38cb2fa,0.042,,,
2456,2026-09-30,SZ300033,0.057221878319978714,EXP_LinearModel_Alpha158_csi300_custom_step0_s_20261001_18,819ff4bdb88c40e596cd0000a38cb2fa,0.042,,,
2457,2026-09-30,SZ300015,0.012366192415356636,EXP_LinearModel_Alpha158_csi300_custom_step0_s_20261001_18,819ff4bdb88c40e596cd0000a38cb2fa,0.042,,,
2458,2026-09-30,SZ300014,-0.030789360404014587,EXP_LinearModel_Alpha158_csi300_custom_step0_s_20261001_18,819ff4bdb88c40e596cd0000a38cb2fa,0.042,,,
2459,2026-09-30,SZ300274,0.007690900936722755,EXP_LinearModel_Alpha158_csi300_custom_step0_s_20261001_18,819ff4bdb88c40e596cd0000a38cb2fa,0.042,,,
2460,2026-09-30,SH600085,0.049715377390384674,EXP_XGBModel_Alpha158_csi300_custom_step0_s_20261001_18,eb47f2deaed44513b7186e073d375855,0.103,,,
2461,2026-09-30,SH600089,-0.0046181706711649895,EXP_XGBModel_Alpha158_csi300_custom_step0_s_20261001_18,eb47f2deaed44513b7186e073d375855,0.103,,,
2462,2026-09-30,SH600104,-0.026450103148818016,EXP_XGBModel_Alpha158_csi300_custom_step0_s_20261001_18,eb47f2deaed44513b7186e073d375855,0.103,,,
2463,2026-09-30,SH600941,0.050658371299505234,EXP_XGBModel_Alpha158_csi300_custom_step0_s_20261001_18,eb47f2deaed44513b7186e073d375855,0.103,,,
2464,2026-09-30,SH600938,0.06768086552619934,EXP_XGBModel_Alpha158_csi300_custom_step0_s_20261001_18,eb47f2deaed44513b7186e073d375855,0.103,,,
2465,2026-09-30,SH600930,-0.0029230767395347357,EXP_XGBModel_Alpha158_csi300_custom_step0_s_20261001_18,eb47f2deaed44513b7186e073d375855,0.103,,,
2466,2026-09-30,SH600926,0.0752745121717453,EXP_XGBModel_Alpha158_csi300_custom_step0_s_20261001_18,eb47f2deaed44513b7186e073d375855,0.103,,,
2467,2026-09-30,SH600919,0.10440828651189804,EXP_XGBModel_Alpha158_csi300_custom_step0_s_20261001_18,eb47f2deaed44513b7186e073d375855,0.103,,,
2468,2026-09-30,SH600918,0.0025380898732692003,EXP_XGBModel_Alpha158_csi300_custom_step0_s_20261001_18,eb47f2deaed44513b7186e073d375855,0.103,,,
2469,2026-09-30,SH600905,0.022059371694922447,EXP_XGBModel_Alpha158_csi300_custom_step0_s_20261001_18,eb47f2deaed44513b7186e073d375855,0.103,,,
2470,2026-09-30,SH600958,0.015832947567105293,EXP_XGBModel_Alpha158_csi300_custom_step0_s_20261001_18,eb47f2deaed44513b7186e073d375855,0.103,,,
2471,2026-09-30,SH600900,0.07757746428251266,EXP_XGBModel_Alpha158_csi300_custom_step0_s_20261001_18,eb47f2deaed44513b7186e073d375855,0.103,,,
2472,2026-09-30,SH600887,0.10519620776176453,EXP_XGBModel_Alpha158_csi300_custom_step0_s_20261001_18,eb47f2deaed44513b7186e073d375855,0.103,,,
2473,2026-09-30,SH600886,0.026725538074970245,EXP_XGBModel_Alpha158_csi300_custom_step0_s_20261001_18,eb47f2deaed44513b7186e073d375855,0.103,,,
2474,2026-09-30,SH600875,-0.01864151656627655,EXP_XGBModel_Alpha158_csi300_custom_step0_s_20261001_18,eb47f2deaed44513b7186e073d375855,0.103,,,
2475,2026-09-30,SH600845,-0.04739595204591751,EXP_XGBModel_Alpha158_csi300_custom_step0_s_20261001_18,eb47f2deaed44513b7186e073d375855,0.103,,,
2476,2026-09-30,SH600809,-0.039839163422584534,EXP_XGBModel_Alpha158_csi300_custom_step0_s_20261001_18,eb47f2deaed44513b7186e073d375855,0.103,,,
2477,2026-09-30,SH600803,0.04969371110200882,EXP_XGBModel_Alpha158_csi300_custom_step0_s_20261001_18,eb47f2deaed44513b7186e073d375855,0.103,,,
2478,2026-09-30,SH600795,0.029434937983751297,EXP_XGBModel_Alpha158_csi300_custom_step0_s_20261001_18,eb47f2deaed44513b7186e073d375855,0.103,,,
2479,2026-09-30,SH600893,-0.015170407481491566,EXP_XGBModel_Alpha158_csi300_custom_step0_s_20261001_18,eb47f2deaed44513b7186e073d375855,0.103,,,
2480,2026-09-30,SH600760,-0.007239236030727625,EXP_XGBModel_Alpha158_csi300_custom_step0_s_20261001_18,eb47f2deaed44513b7186e073d375855,0.103,,,
2481,2026-09-30,SH600989,-0.006904667243361473,EXP_XGBModel_Alpha158_csi300_custom_step0_s_20261001_18,eb47f2deaed44513b7186e073d375855,0.103,,,
2482,2026-09-30,SH601006,0.05192263051867485,EXP_XGBModel_Alpha158_csi300_custom_step0_s_20261001_18,eb47f2deaed44513b7186e073d375855,0.103,,,
2483,2026-09-30,SH601169,0.021095622330904007,EXP_XGBModel_Alpha158_csi300_custom_step0_s_20261001_18,eb47f2deaed44513b7186e073d375855,0.103,,,
2484,2026-09-30,SH601166,0.05072122439742088,EXP_XGBModel_Alpha158_csi300_custom_step0_s_20261001_18,eb47f2deaed44513b7186e073d375855,0.103,,,
2485,2026-09-30,SH601138,-0.031342945992946625,EXP_XGBModel_Alpha158_csi300_custom_step0_s_20261001_18,eb47f2deaed44513b7186e073d375855,0.103,,,
2486,2026-09-30,SH601136,-0.03533729165792465,EXP_XGBModel_Alpha158_csi300_custom_step0_s_20261001_18,eb47f2deaed44513b7186e073d375855,0.103,,,
2487,2026-09-30,SH601127,-0.010191138833761215,EXP_XGBModel_Alpha158_csi300_custom_step0_s_20261001_18,eb47f2deaed44513b7186e073d375855,0.103,,,
2488,2026-09-30,SH601117,0.025531986728310585,EXP_XGBModel_Alpha158_csi300_custom_step0_s_20261001_18,eb47f2deaed44513b7186e073d375855,0.103,,,
2489,2026-09-30,SH601111,0.0604572594165802,EXP_XGBModel_Alpha158_csi300_custom_step0_s_20261001_18,eb47f2deaed44513b7186e073d375855,0.103,,,
2490,2026-09-30,SH600999,-0.027517719194293022,EXP_XGBModel_Alpha158_csi300_custom_step0_s_20261001_18,eb47f2deaed44513b7186e073d375855,0.103,,,
2491,2026-09-30,SH601100,0.019180340692400932,EXP_XGBModel_Alpha158_csi300_custom_step0_s_20261001_18,eb47f2deaed44513b7186e073d375855,0.103,,,
2492,2026-09-30,SH601077,0.014118121936917305,EXP_XGBModel_Alpha158_csi300_custom_step0_s_20261001_18,eb47f2deaed44513b7186e073d375855,0.103,,,
2493,2026-09-30,SH601066,-0.013761111535131931,EXP_XGBModel_Alpha158_csi300_custom_step0_s_20261001_18,eb47f2deaed44513b7186e073d375855,0.103,,,
2494,2026-09-30,SH601058,-0.019807962700724602,EXP_XGBModel_Alpha158_csi300_custom_step0_s_20261001_18,eb47f2deaed44513b7186e073d375855,0.103,,,
2495,2026-09-30,SH601021,0.0031604350078850985,EXP_XGBModel_Alpha158_csi300_custom_step0_s_20261001_18,eb47f2deaed44513b7186e073d375855,0.103,,,
2496,2026-09-30,SH601018,0.1073470190167427,EXP_XGBModel_Alpha158_csi300_custom_step0_s_20261001_18,eb47f2deaed44513b7186e073d375855,0.103,,,
2497,2026-09-30,SH601012,-0.009093995206058025,EXP_XGBModel_Alpha158_csi300_custom_step0_s_20261001_18,eb47f2deaed44513b7186e073d375855,0.103,,,
2498,2026-09-30,SH601009,0.05999390035867691,EXP_XGBModel_Alpha158_csi300_custom_step0_s_20261001_18,eb47f2deaed44513b7186e073d375855,0.103,,,
2499,2026-09-30,SH601088,0.034374404698610306,EXP_XGBModel_Alpha158_csi300_custom_step0_s_20261001_18,eb47f2deaed44513b7186e073d375855,0.103,,,
2500,2026-09-30,SH601211,-0.001963919959962368,EXP_XGBModel_Alpha158_csi300_custom_step0_s_20261001_18,eb47f2deaed44513b7186e073d375855,0.103,,,
2501,2026-09-30,SH600741,0.05799199268221855,EXP_XGBModel_Alpha158_csi300_custom_step0_s_20261001_18,eb47f2deaed44513b7186e073d375855,0.103,,,
2502,2026-09-30,SH600674,0.08314529061317444,EXP_XGBModel_Alpha158_csi300_custom_step0_s_20261001_18,eb47f2deaed44513b7186e073d375855,0.103,,,
2503,2026-09-30,SH600362,-0.017140589654445648,EXP_XGBModel_Alpha158_csi300_custom_step0_s_20261001_18,eb47f2deaed44513b7186e073d375855,0.103,,,
2504,2026-09-30,SH600346,-0.01719198375940323,EXP_XGBModel_Alpha158_csi300_custom_step0_s_20261001_18,eb47f2deaed44513b7186e073d375855,0.103,,,
2505,2026-09-30,SH600309,-0.02822176180779934,EXP_XGBModel_Alpha158_csi300_custom_step0_s_20261001_18,eb47f2deaed44513b7186e073d375855,0.103,,,
2506,2026-09-30,SH600276,-0.01747369021177292,EXP_XGBModel_Alpha158_csi300_custom_step0_s_20261001_18,eb47f2deaed44513b7186e073d375855,0.103,,,
2507,2026-09-30,SH600233,-0.006265701726078987,EXP_XGBModel_Alpha158_csi300_custom_step0_s_20261001_18,eb47f2deaed44513b7186e073d375855,0.103,,,
2508,2026-09-30,SH600221,0.00987901072949171,EXP_XGBModel_Alpha158_csi300_custom_step0_s_20261001_18,eb47f2deaed44513b7186e073d375855,0.103,,,
2509,2026-09-30,SH600219,-0.008023522794246674,EXP_XGBModel_Alpha158_csi300_custom_step0_s_20261001_18,eb47f2deaed44513b7186e073d375855,0.103,,,
2510,2026-09-30,SH600372,0.015000925399363041,EXP_XGBModel_Alpha158_csi300_custom_step0_s_20261001_18,eb47f2deaed44513b7186e073d375855,0.103,,,
2511,2026-09-30,SH600196,0.016636868938803673,EXP_XGBModel_Alpha158_csi300_custom_step0_s_20261001_18,eb47f2deaed44513b7186e073d375855,0.103,,,
2512,2026-09-30,SH600183,-0.04383992403745651,EXP_XGBModel_Alpha158_csi300_custom_step0_s_20261001_18,eb47f2deaed44513b7186e073d375855,0.103,,,
2513,2026-09-30,SH600176,0.051738105714321136,EXP_XGBModel_Alpha158_csi300_custom_step0_s_20261001_18,eb47f2deaed44513b7186e073d375855,0.103,,,
2514,2026-09-30,SH600160,-0.005347623955458403,EXP_XGBModel_Alpha158_csi300_custom_step0_s_20261001_18,eb47f2deaed44513b7186e073d375855,0.103,,,
2515,2026-09-30,SH600150,-0.01923455111682415,EXP_XGBModel_Alpha158_csi300_custom_step0_s_20261001_18,eb47f2deaed44513b7186e073d375855,0.103,,,
2516,2026-09-30,SH600118,-0.07265108078718185,EXP_XGBModel_Alpha158_csi300_custom_step0_s_20261001_18,eb47f2deaed44513b7186e073d375855,0.103,,,
2517,2026-09-30,SH600115,0.010778914205729961,EXP_XGBModel_Alpha158_csi300_custom_step0_s_20261001_18,eb47f2deaed44513b7186e073d375855,0.103,,,
2518,2026-09-30,SH600111,-0.019004303961992264,EXP_XGBModel_Alpha158_csi300_custom_step0_s_20261001_18,eb47f2deaed44513b7186e073d375855,0.103,,,
2519,2026-09-30,SH600188,-0.02005842514336109,EXP_XGBModel_Alpha158_csi300_custom_step0_s_20261001_18,eb47f2deaed44513b7186e073d375855,0.103,,,
2520,2026-09-30,SH600690,0.022828154265880585,EXP_XGBModel_Alpha158_csi300_custom_step0_s_20261001_18,eb47f2deaed44513b7186e073d375855,0.103,,,
2521,2026-09-30,SH600406,0.019637860357761383,EXP_XGBModel_Alpha158_csi300_custom_step0_s_20261001_18,eb47f2deaed44513b7186e073d375855,0.103,,,
2522,2026-09-30,SH600426,-0.01761629432439804,EXP_XGBModel_Alpha158_csi300_custom_step0_s_20261001_18,eb47f2deaed44513b7186e073d375855,0.103,,,
2523,2026-09-30,SH600660,-0.00316153303720057,EXP_XGBModel_Alpha158_csi300_custom_step0_s_20261001_18,eb47f2deaed44513b7186e073d375855,0.103,,,
2524,2026-09-30,SH600600,0.03751852735877037,EXP_XGBModel_Alpha158_csi300_custom_step0_s_20261001_18,eb47f2deaed44513b7186e073d375855,0.103,,,
2525,2026-09-30,SH600588,-0.033541832119226456,EXP_XGBModel_Alpha158_csi300_custom_step0_s_20261001_18,eb47f2deaed44513b7186e073d375855,0.103,,,
2526,2026-09-30,SH600585,-0.005442885681986809,EXP_XGBModel_Alpha158_csi300_custom_step0_s_20261001_18,eb47f2deaed44513b7186e073d375855,0.103,,,
2527,2026-09-30,SH600584,0.02196573093533516,EXP_XGBModel_Alpha158_csi300_custom_step0_s_20261001_18,eb47f2deaed44513b7186e073d375855,0.103,,,
2528,2026-09-30,SH600570,-0.019918112084269524,EXP_XGBModel_Alpha158_csi300_custom_step0_s_20261001_18,eb47f2deaed44513b7186e073d375855,0.103,,,
2529,2026-09-30,SH600549,-0.05266759544610977,EXP_XGBModel_Alpha158_csi300_custom_step0_s_20261001_18,eb47f2deaed44513b7186e073d375855,0.103,,,
2530,2026-09-30,SH600415,-0.01608608104288578,EXP_XGBModel_Alpha158_csi300_custom_step0_s_20261001_18,eb47f2deaed44513b7186e073d375855,0.103,,,
2531,2026-09-30,SH600547,0.06251128762960434,EXP_XGBModel_Alpha158_csi300_custom_step0_s_20261001_18,eb47f2deaed44513b7186e073d375855,0.103,,,
2532,2026-09-30,SH600519,0.038121528923511505,EXP_XGBModel_Alpha158_csi300_custom_step0_s_20261001_18,eb47f2deaed44513b7186e073d375855,0.103,,,
2533,2026-09-30,SH600515,0.009405223652720451,EXP_XGBModel_Alpha158_csi300_custom_step0_s_20261001_18,eb47f2deaed44513b7186e073d375855,0.103,,,
2534,2026-09-30,SH600489,0.0011518176179379225,EXP_XGBModel_Alpha158_csi300_custom_step0_s_20261001_18,eb47f2deaed44513b7186e073d375855,0.103,,,
2535,2026-09-30,SH600482,0.012847201898694038,EXP_XGBModel_Alpha158_csi300_custom_step0_s_20261001_18,eb47f2deaed44513b7186e073d375855,0.103,,,
2536,2026-09-30,SH600460,-0.00196605222299695,EXP_XGBModel_Alpha158_csi300_custom_step0_s_20261001_18,eb47f2deaed44513b7186e073d375855,0.103,,,
2537,2026-09-30,SH600438,-0.018810972571372986,EXP_XGBModel_Alpha158_csi300_custom_step0_s_20261001_18,eb47f2deaed44513b7186e073d375855,0.103,,,
2538,2026-09-30,SH600436,-0.011773963458836079,EXP_XGBModel_Alpha158_csi300_custom_step0_s_20261001_18,eb47f2deaed44513b7186e073d375855,0.103,,,
2539,2026-09-30,SH600522,0.025464626029133797,EXP_XGBModel_Alpha158_csi300_custom_step0_s_20261001_18,eb47f2deaed44513b7186e073d375855,0.103,,,
2540,2026-09-30,SZ301308,0.3413953185081482,EXP_XGBModel_Alpha158_csi300_custom_step0_s_20261001_18,5f923dc500e14624b10031b17148fd0f,0.04,,,
2541,2026-09-30,SH601939,0.14138428529942104,EXP_DEnsembleModel_Alpha158_csi300_custom_step0_s_20261001_18,86a715a9d70d477ab3f17c9d51121c5f,0.01,,,
2542,2026-09-30,SH601916,0.070218027747852,EXP_DEnsembleModel_Alpha158_csi300_custom_step0_s_20261001_18,86a715a9d70d477ab3f17c9d51121c5f,0.01,,,
2543,2026-09-30,SZ002594,0.004576339854098854,EXP_CatBoostModel_Alpha158_csi300_custom_step0_s_20261001_20,d2c242947a384e0a9d8432a950534829,0.035,,,
2544,2026-09-30,SZ002558,-0.011784228074987989,EXP_CatBoostModel_Alpha158_csi300_custom_step0_s_20261001_20,d2c242947a384e0a9d8432a950534829,0.035,,,
2545,2026-09-30,SZ002532,-0.012617660529239412,EXP_CatBoostModel_Alpha158_csi300_custom_step0_s_20261001_20,d2c242947a384e0a9d8432a950534829,0.035,,,
2546,2026-09-30,SZ002493,-0.005832318445946498,EXP_CatBoostModel_Alpha158_csi300_custom_step0_s_20261001_20,d2c242947a384e0a9d8432a950534829,0.035,,,
2547,2026-09-30,SZ002475,-0.012905960630335583,EXP_CatBoostModel_Alpha158_csi300_custom_step0_s_20261001_20,d2c242947a384e0a9d8432a950534829,0.035,,,
2548,2026-09-30,SZ002466,-0.01178469998149653,EXP_CatBoostModel_Alpha158_csi300_custom_step0_s_20261001_20,d2c242947a384e0a9d8432a950534829,0.035,,,
2549,2026-09-30,SZ002463,-0.013423400968035792,EXP_CatBoostModel_Alpha158_csi300_custom_step0_s_20261001_20,d2c242947a384e0a9d8432a950534829,0.035,,,
2550,2026-09-30,SZ002460,-0.0058575952012362145,EXP_CatBoostModel_Alpha158_csi300_custom_step0_s_20261001_20,d2c242947a384e0a9d8432a950534829,0.035,,,
2551,2026-09-30,SZ002422,-0.00922995036890503,EXP_CatBoostModel_Alpha158_csi300_custom_step0_s_20261001_20,d2c242947a384e0a9d8432a950534829,0.035,,,
2552,2026-09-30,SZ002415,0.002008731909828675,EXP_CatBoostModel_Alpha158_csi300_custom_step0_s_20261001_20,d2c242947a384e0a9d8432a950534829,0.035,,,
2553,2026-09-30,SZ002384,-0.02135058421485758,EXP_CatBoostModel_Alpha158_csi300_custom_step0_s_20261001_20,d2c242947a384e0a9d8432a950534829,0.035,,,
2554,2026-09-30,SZ002371,-0.02055381877487317,EXP_CatBoostModel_Alpha158_csi300_custom_step0_s_20261001_20,d2c242947a384e0a9d8432a950534829,0.035,,,
2555,2026-09-30,SZ002353,0.0033219917711947286,EXP_CatBoostModel_Alpha158_csi300_custom_step0_s_20261001_20,d2c242947a384e0a9d8432a950534829,0.035,,,
2556,2026-09-30,SZ002352,-0.0011251430588921833,EXP_CatBoostModel_Alpha158_csi300_custom_step0_s_20261001_20,d2c242947a384e0a9d8432a950534829,0.035,,,
2557,2026-09-30,SZ002311,-0.00017322587902148857,EXP_CatBoostModel_Alpha158_csi300_custom_step0_s_20261001_20,d2c242947a384e0a9d8432a950534829,0.035,,,
2558,2026-09-30,SZ002600,-0.013411370404574756,EXP_CatBoostModel_Alpha158_csi300_custom_step0_s_20261001_20,d2c242947a384e0a9d8432a950534829,0.035,,,
2559,2026-09-30,SZ002602,-0.01613477088396079,EXP_CatBoostModel_Alpha158_csi300_custom_step0_s_20261001_20,d2c242947a384e0a9d8432a950534829,0.035,,,
2560,2026-09-30,SZ002625,-0.021767046809087025,EXP_CatBoostModel_Alpha158_csi300_custom_step0_s_20261001_20,d2c242947a384e0a9d8432a950534829,0.035,,,
2561,2026-09-30,SZ002648,0.0055816216266434,EXP_CatBoostModel_Alpha158_csi300_custom_step0_s_20261001_20,d2c242947a384e0a9d8432a950534829,0.035,,,
2562,2026-09-30,SZ300274,0.07141654212672671,EXP_CatBoostModel_Alpha158_csi300_custom_step0_s_20261001_20,d2c242947a384e0a9d8432a950534829,0.035,,,
2563,2026-09-30,SZ300251,0.0018565606202941161,EXP_CatBoostModel_Alpha158_csi300_custom_step0_s_20261001_20,d2c242947a384e0a9d8432a950534829,0.035,,,
2564,2026-09-30,SZ300124,-0.005615445336300697,EXP_CatBoostModel_Alpha158_csi300_custom_step0_s_20261001_20,d2c242947a384e0a9d8432a950534829,0.035,,,
2565,2026-09-30,SZ300122,-0.00415416138279924,EXP_CatBoostModel_Alpha158_csi300_custom_step0_s_20261001_20,d2c242947a384e0a9d8432a950534829,0.035,,,
2566,2026-09-30,SZ300059,-0.013636122768593328,EXP_CatBoostModel_Alpha158_csi300_custom_step0_s_20261001_20,d2c242947a384e0a9d8432a950534829,0.035,,,
2567,2026-09-30,SZ300033,-0.016934386053116247,EXP_CatBoostModel_Alpha158_csi300_custom_step0_s_20261001_20,d2c242947a384e0a9d8432a950534829,0.035,,,
2568,2026-09-30,SZ300015,0.003095234722262526,EXP_CatBoostModel_Alpha158_csi300_custom_step0_s_20261001_20,d2c242947a384e0a9d8432a950534829,0.035,,,
2569,2026-09-30,SZ002304,-0.0042328219534193585,EXP_CatBoostModel_Alpha158_csi300_custom_step0_s_20261001_20,d2c242947a384e0a9d8432a950534829,0.035,,,
2570,2026-09-30,SZ300014,-0.012923440321430581,EXP_CatBoostModel_Alpha158_csi300_custom_step0_s_20261001_20,d2c242947a384e0a9d8432a950534829,0.035,,,
2571,2026-09-30,SZ002938,-0.009462469342123424,EXP_CatBoostModel_Alpha158_csi300_custom_step0_s_20261001_20,d2c242947a384e0a9d8432a950534829,0.035,,,
2572,2026-09-30,SZ002920,-0.01283445342251209,EXP_CatBoostModel_Alpha158_csi300_custom_step0_s_20261001_20,d2c242947a384e0a9d8432a950534829,0.035,,,
2573,2026-09-30,SZ002916,-0.011339980123219268,EXP_CatBoostModel_Alpha158_csi300_custom_step0_s_20261001_20,d2c242947a384e0a9d8432a950534829,0.035,,,
2574,2026-09-30,SZ002837,-0.01468587620960889,EXP_CatBoostModel_Alpha158_csi300_custom_step0_s_20261001_20,d2c242947a384e0a9d8432a950534829,0.035,,,
2575,2026-09-30,SZ002736,0.0066387012766871345,EXP_CatBoostModel_Alpha158_csi300_custom_step0_s_20261001_20,d2c242947a384e0a9d8432a950534829,0.035,,,
2576,2026-09-30,SZ002714,0.009215439778732532,EXP_CatBoostModel_Alpha158_csi300_custom_step0_s_20261001_20,d2c242947a384e0a9d8432a950534829,0.035,,,
2577,2026-09-30,SZ002709,-0.0089512926434857,EXP_CatBoostModel_Alpha158_csi300_custom_step0_s_20261001_20,d2c242947a384e0a9d8432a950534829,0.035,,,
2578,2026-09-30,SZ003816,0.014484427485824836,EXP_CatBoostModel_Alpha158_csi300_custom_step0_s_20261001_20,d2c242947a384e0a9d8432a950534829,0.035,,,
2579,2026-09-30,SZ002241,-0.00952027699306659,EXP_CatBoostModel_Alpha158_csi300_custom_step0_s_20261001_20,d2c242947a384e0a9d8432a950534829,0.035,,,
2580,2026-09-30,SZ002236,-0.003414689690411714,EXP_CatBoostModel_Alpha158_csi300_custom_step0_s_20261001_20,d2c242947a384e0a9d8432a950534829,0.035,,,
2581,2026-09-30,SZ002230,-0.008937595447715281,EXP_CatBoostModel_Alpha158_csi300_custom_step0_s_20261001_20,d2c242947a384e0a9d8432a950534829,0.035,,,
2582,2026-09-30,SZ000858,0.007772906420810194,EXP_CatBoostModel_Alpha158_csi300_custom_step0_s_20261001_20,d2c242947a384e0a9d8432a950534829,0.035,,,
2583,2026-09-30,SZ000807,-0.012617660529239412,EXP_CatBoostModel_Alpha158_csi300_custom_step0_s_20261001_20,d2c242947a384e0a9d8432a950534829,0.035,,,
2584,2026-09-30,SZ000792,-0.007458571316967528,EXP_CatBoostModel_Alpha158_csi300_custom_step0_s_20261001_20,d2c242947a384e0a9d8432a950534829,0.035,,,
2585,2026-09-30,SZ000776,-0.012512643034360697,EXP_CatBoostModel_Alpha158_csi300_custom_step0_s_20261001_20,d2c242947a384e0a9d8432a950534829,0.035,,,
2586,2026-09-30,SZ000768,0.007338872833448217,EXP_CatBoostModel_Alpha158_csi300_custom_step0_s_20261001_20,d2c242947a384e0a9d8432a950534829,0.035,,,
2587,2026-09-30,SZ000725,-0.01908805241874381,EXP_CatBoostModel_Alpha158_csi300_custom_step0_s_20261001_20,d2c242947a384e0a9d8432a950534829,0.035,,,
2588,2026-09-30,SZ000708,0.0073587220918335215,EXP_CatBoostModel_Alpha158_csi300_custom_step0_s_20261001_20,d2c242947a384e0a9d8432a950534829,0.035,,,
2589,2026-09-30,SZ000895,0.0038413446735523936,EXP_CatBoostModel_Alpha158_csi300_custom_step0_s_20261001_20,d2c242947a384e0a9d8432a950534829,0.035,,,
2590,2026-09-30,SZ000657,-0.016934386053116247,EXP_CatBoostModel_Alpha158_csi300_custom_step0_s_20261001_20,d2c242947a384e0a9d8432a950534829,0.035,,,
2591,2026-09-30,SZ000630,-0.01178469998149653,EXP_CatBoostModel_Alpha158_csi300_custom_step0_s_20261001_20,d2c242947a384e0a9d8432a950534829,0.035,,,
2592,2026-09-30,SZ000625,0.008048280185535498,EXP_CatBoostModel_Alpha158_csi300_custom_step0_s_20261001_20,d2c242947a384e0a9d8432a950534829,0.035,,,
2593,2026-09-30,SZ000617,-0.014509184948339473,EXP_CatBoostModel_Alpha158_csi300_custom_step0_s_20261001_20,d2c242947a384e0a9d8432a950534829,0.035,,,
2594,2026-09-30,SZ000596,-0.0053234409949368304,EXP_CatBoostModel_Alpha158_csi300_custom_step0_s_20261001_20,d2c242947a384e0a9d8432a950534829,0.035,,,
2595,2026-09-30,SZ000568,-0.005274003919874469,EXP_CatBoostModel_Alpha158_csi300_custom_step0_s_20261001_20,d2c242947a384e0a9d8432a950534829,0.035,,,
2596,2026-09-30,SZ000538,0.018668962826538255,EXP_CatBoostModel_Alpha158_csi300_custom_step0_s_20261001_20,d2c242947a384e0a9d8432a950534829,0.035,,,
2597,2026-09-30,SZ000425,-0.011807567801889603,EXP_CatBoostModel_Alpha158_csi300_custom_step0_s_20261001_20,d2c242947a384e0a9d8432a950534829,0.035,,,
2598,2026-09-30,SZ000651,0.012748013560428987,EXP_CatBoostModel_Alpha158_csi300_custom_step0_s_20261001_20,d2c242947a384e0a9d8432a950534829,0.035,,,
2599,2026-09-30,SZ300308,-0.02109798638671399,EXP_CatBoostModel_Alpha158_csi300_custom_step0_s_20261001_20,d2c242947a384e0a9d8432a950534829,0.035,,,
2600,2026-09-30,SZ000938,-0.014509184948339473,EXP_CatBoostModel_Alpha158_csi300_custom_step0_s_20261001_20,d2c242947a384e0a9d8432a950534829,0.035,,,
2601,2026-09-30,SZ000975,-0.010466811444200365,EXP_CatBoostModel_Alpha158_csi300_custom_step0_s_20261001_20,d2c242947a384e0a9d8432a950534829,0.035,,,
2602,2026-09-30,SZ002202,0.004280107029280235,EXP_CatBoostModel_Alpha158_csi300_custom_step0_s_20261001_20,d2c242947a384e0a9d8432a950534829,0.035,,,
2603,2026-09-30,SZ002179,-0.007552478065311657,EXP_CatBoostModel_Alpha158_csi300_custom_step0_s_20261001_20,d2c242947a384e0a9d8432a950534829,0.035,,,
2604,2026-09-30,SZ002142,0.021059521402259522,EXP_CatBoostModel_Alpha158_csi300_custom_step0_s_20261001_20,d2c242947a384e0a9d8432a950534829,0.035,,,
2605,2026-09-30,SZ002074,-0.0021302781073361237,EXP_CatBoostModel_Alpha158_csi300_custom_step0_s_20261001_20,d2c242947a384e0a9d8432a950534829,0.035,,,
2606,2026-09-30,SZ002050,-0.00895180445465096,EXP_CatBoostModel_Alpha158_csi300_custom_step0_s_20261001_20,d2c242947a384e0a9d8432a950534829,0.035,,,
2607,2026-09-30,SZ002049,-0.0203996828551698,EXP_CatBoostModel_Alpha158_csi300_custom_step0_s_20261001_20,d2c242947a384e0a9d8432a950534829,0.035,,,
2608,2026-09-30,SZ002028,0.11159162362067099,EXP_CatBoostModel_Alpha158_csi300_custom_step0_s_20261001_20,d2c242947a384e0a9d8432a950534829,0.035,,,
2609,2026-09-30,SZ000963,-0.004552326128817049,EXP_CatBoostModel_Alpha158_csi300_custom_step0_s_20261001_20,d2c242947a384e0a9d8432a950534829,0.035,,,
2610,2026-09-30,SZ002027,0.0038258185510844558,EXP_CatBoostModel_Alpha158_csi300_custom_step0_s_20261001_20,d2c242947a384e0a9d8432a950534829,0.035,,,
2611,2026-09-30,SZ001979,-0.005892595012241632,EXP_CatBoostModel_Alpha158_csi300_custom_step0_s_20261001_20,d2c242947a384e0a9d8432a950534829,0.035,,,
2612,2026-09-30,SZ001965,0.01981820379487686,EXP_CatBoostModel_Alpha158_csi300_custom_step0_s_20261001_20,d2c242947a384e0a9d8432a950534829,0.035,,,
2613,2026-09-30,SZ001391,-0.01178469998149653,EXP_CatBoostModel_Alpha158_csi300_custom_step0_s_20261001_20,d2c242947a384e0a9d8432a950534829,0.035,,,
2614,2026-09-30,SZ001280,-0.012101074116966398,EXP_CatBoostModel_Alpha158_csi300_custom_step0_s_20261001_20,d2c242947a384e0a9d8432a950534829,0.035,,,
2615,2026-09-30,SZ000999,0.009155186594775688,EXP_CatBoostModel_Alpha158_csi300_custom_step0_s_20261001_20,d2c242947a384e0a9d8432a950534829,0.035,,,
2616,2026-09-30,SZ000988,-0.021362840382735827,EXP_CatBoostModel_Alpha158_csi300_custom_step0_s_20261001_20,d2c242947a384e0a9d8432a950534829,0.035,,,
2617,2026-09-30,SZ000977,-0.019925144485379163,EXP_CatBoostModel_Alpha158_csi300_custom_step0_s_20261001_20,d2c242947a384e0a9d8432a950534829,0.035,,,
2618,2026-09-30,SZ002001,-0.0032164025649618643,EXP_CatBoostModel_Alpha158_csi300_custom_step0_s_20261001_20,d2c242947a384e0a9d8432a950534829,0.035,,,
2619,2026-09-30,SZ000408,-0.011225043167465944,EXP_CatBoostModel_Alpha158_csi300_custom_step0_s_20261001_20,d2c242947a384e0a9d8432a950534829,0.035,,,
2620,2026-09-30,SZ300316,-0.013847987963121606,EXP_CatBoostModel_Alpha158_csi300_custom_step0_s_20261001_20,d2c242947a384e0a9d8432a950534829,0.035,,,
2621,2026-09-30,SZ300408,-0.0017694870885529765,EXP_CatBoostModel_Alpha158_csi300_custom_step0_s_20261001_20,d2c242947a384e0a9d8432a950534829,0.035,,,
2622,2026-09-30,SH600188,0.0011315202940958237,EXP_LGBModel_Alpha158_csi300_custom_step0_s_20261001_20,4efc3642ebeb4b989c5b9f1de51346b1,0.113,,,
2623,2026-09-30,SH600183,0.0011252129670925217,EXP_LGBModel_Alpha158_csi300_custom_step0_s_20261001_20,4efc3642ebeb4b989c5b9f1de51346b1,0.113,,,
2624,2026-09-30,SH600176,0.0011252129670925217,EXP_LGBModel_Alpha158_csi300_custom_step0_s_20261001_20,4efc3642ebeb4b989c5b9f1de51346b1,0.113,,,
2625,2026-09-30,SH600160,0.0011252129670925217,EXP_LGBModel_Alpha158_csi300_custom_step0_s_20261001_20,4efc3642ebeb4b989c5b9f1de51346b1,0.113,,,
2626,2026-09-30,SH600150,-0.002229381097098141,EXP_LGBModel_Alpha158_csi300_custom_step0_s_20261001_20,4efc3642ebeb4b989c5b9f1de51346b1,0.113,,,
2627,2026-09-30,SH600118,0.0011252129670925217,EXP_LGBModel_Alpha158_csi300_custom_step0_s_20261001_20,4efc3642ebeb4b989c5b9f1de51346b1,0.113,,,
2628,2026-09-30,SH600115,-1.0385510510181694e-10,EXP_LGBModel_Alpha158_csi300_custom_step0_s_20261001_20,4efc3642ebeb4b989c5b9f1de51346b1,0.113,,,
2629,2026-09-30,SH600111,0.0011252129670925217,EXP_LGBModel_Alpha158_csi300_custom_step0_s_20261001_20,4efc3642ebeb4b989c5b9f1de51346b1,0.113,,,
2630,2026-09-30,SH600104,-0.002229381097098141,EXP_LGBModel_Alpha158_csi300_custom_step0_s_20261001_20,4efc3642ebeb4b989c5b9f1de51346b1,0.113,,,
2631,2026-09-30,SH600089,-0.0007729442065242505,EXP_LGBModel_Alpha158_csi300_custom_step0_s_20261001_20,4efc3642ebeb4b989c5b9f1de51346b1,0.113,,,
2632,2026-09-30,SH600085,0.0026131171133118424,EXP_LGBModel_Alpha158_csi300_custom_step0_s_20261001_20,4efc3642ebeb4b989c5b9f1de51346b1,0.113,,,
2633,2026-09-30,SH600066,-1.0385510510181694e-10,EXP_LGBModel_Alpha158_csi300_custom_step0_s_20261001_20,4efc3642ebeb4b989c5b9f1de51346b1,0.113,,,
2634,2026-09-30,SH600061,-1.0385510510181694e-10,EXP_LGBModel_Alpha158_csi300_custom_step0_s_20261001_20,4efc3642ebeb4b989c5b9f1de51346b1,0.113,,,
2635,2026-09-30,SH600050,0.0026131171133118424,EXP_LGBModel_Alpha158_csi300_custom_step0_s_20261001_20,4efc3642ebeb4b989c5b9f1de51346b1,0.113,,,
2636,2026-09-30,SH600048,-0.002229381097098141,EXP_LGBModel_Alpha158_csi300_custom_step0_s_20261001_20,4efc3642ebeb4b989c5b9f1de51346b1,0.113,,,
2637,2026-09-30,SH600196,-1.0385510510181694e-10,EXP_LGBModel_Alpha158_csi300_custom_step0_s_20261001_20,4efc3642ebeb4b989c5b9f1de51346b1,0.113,,,
2638,2026-09-30,SH600219,-1.0385510510181694e-10,EXP_LGBModel_Alpha158_csi300_custom_step0_s_20261001_20,4efc3642ebeb4b989c5b9f1de51346b1,0.113,,,
2639,2026-09-30,SH600221,-1.0385510510181694e-10,EXP_LGBModel_Alpha158_csi300_custom_step0_s_20261001_20,4efc3642ebeb4b989c5b9f1de51346b1,0.113,,,
2640,2026-09-30,SH600233,-1.0385510510181694e-10,EXP_LGBModel_Alpha158_csi300_custom_step0_s_20261001_20,4efc3642ebeb4b989c5b9f1de51346b1,0.113,,,
2641,2026-09-30,SH600522,-0.002251075548246775,EXP_LGBModel_Alpha158_csi300_custom_step0_s_20261001_20,4efc3642ebeb4b989c5b9f1de51346b1,0.113,,,
2642,2026-09-30,SH600519,0.0018281511690229474,EXP_LGBModel_Alpha158_csi300_custom_step0_s_20261001_20,4efc3642ebeb4b989c5b9f1de51346b1,0.113,,,
2643,2026-09-30,SH600515,-1.0385510510181694e-10,EXP_LGBModel_Alpha158_csi300_custom_step0_s_20261001_20,4efc3642ebeb4b989c5b9f1de51346b1,0.113,,,
2644,2026-09-30,SH600489,0.0011315202940958237,EXP_LGBModel_Alpha158_csi300_custom_step0_s_20261001_20,4efc3642ebeb4b989c5b9f1de51346b1,0.113,,,
2645,2026-09-30,SH600482,0.002465945789878042,EXP_LGBModel_Alpha158_csi300_custom_step0_s_20261001_20,4efc3642ebeb4b989c5b9f1de51346b1,0.113,,,
2646,2026-09-30,SH600460,-0.0007730305759483088,EXP_LGBModel_Alpha158_csi300_custom_step0_s_20261001_20,4efc3642ebeb4b989c5b9f1de51346b1,0.113,,,
2647,2026-09-30,SH600438,-0.002229381097098141,EXP_LGBModel_Alpha158_csi300_custom_step0_s_20261001_20,4efc3642ebeb4b989c5b9f1de51346b1,0.113,,,
2648,2026-09-30,SH600039,-0.002229381097098141,EXP_LGBModel_Alpha158_csi300_custom_step0_s_20261001_20,4efc3642ebeb4b989c5b9f1de51346b1,0.113,,,
2649,2026-09-30,SH600436,0.0011315202940958237,EXP_LGBModel_Alpha158_csi300_custom_step0_s_20261001_20,4efc3642ebeb4b989c5b9f1de51346b1,0.113,,,
2650,2026-09-30,SH600415,0.0011315202940958237,EXP_LGBModel_Alpha158_csi300_custom_step0_s_20261001_20,4efc3642ebeb4b989c5b9f1de51346b1,0.113,,,
2651,2026-09-30,SH600406,0.0026131171133118424,EXP_LGBModel_Alpha158_csi300_custom_step0_s_20261001_20,4efc3642ebeb4b989c5b9f1de51346b1,0.113,,,
2652,2026-09-30,SH600372,-1.0385510510181694e-10,EXP_LGBModel_Alpha158_csi300_custom_step0_s_20261001_20,4efc3642ebeb4b989c5b9f1de51346b1,0.113,,,
2653,2026-09-30,SH600362,0.0011315202940958237,EXP_LGBModel_Alpha158_csi300_custom_step0_s_20261001_20,4efc3642ebeb4b989c5b9f1de51346b1,0.113,,,
2654,2026-09-30,SH600346,-1.0385510510181694e-10,EXP_LGBModel_Alpha158_csi300_custom_step0_s_20261001_20,4efc3642ebeb4b989c5b9f1de51346b1,0.113,,,
2655,2026-09-30,SH600309,-0.0007729442065242505,EXP_LGBModel_Alpha158_csi300_custom_step0_s_20261001_20,4efc3642ebeb4b989c5b9f1de51346b1,0.113,,,
2656,2026-09-30,SH600276,-0.002229381097098141,EXP_LGBModel_Alpha158_csi300_custom_step0_s_20261001_20,4efc3642ebeb4b989c5b9f1de51346b1,0.113,,,
2657,2026-09-30,SH600426,0.0011315202940958237,EXP_LGBModel_Alpha158_csi300_custom_step0_s_20261001_20,4efc3642ebeb4b989c5b9f1de51346b1,0.113,,,
2658,2026-09-30,SH600036,0.0026131171133118424,EXP_LGBModel_Alpha158_csi300_custom_step0_s_20261001_20,4efc3642ebeb4b989c5b9f1de51346b1,0.113,,,
2659,2026-09-30,SH600031,-0.0007729442065242505,EXP_LGBModel_Alpha158_csi300_custom_step0_s_20261001_20,4efc3642ebeb4b989c5b9f1de51346b1,0.113,,,
2660,2026-09-30,SH600030,-1.0385510510181694e-10,EXP_LGBModel_Alpha158_csi300_custom_step0_s_20261001_20,4efc3642ebeb4b989c5b9f1de51346b1,0.113,,,
2661,2026-09-30,SZ300896,-0.006571658452290308,EXP_CatBoostModel_Alpha158_csi300_custom_step0_s_20261001_20,d2c242947a384e0a9d8432a950534829,0.035,,,
2662,2026-09-30,SZ300866,0.0046102084550011125,EXP_CatBoostModel_Alpha158_csi300_custom_step0_s_20261001_20,d2c242947a384e0a9d8432a950534829,0.035,,,
2663,2026-09-30,SZ300832,0.0024369624275478053,EXP_CatBoostModel_Alpha158_csi300_custom_step0_s_20261001_20,d2c242947a384e0a9d8432a950534829,0.035,,,
2664,2026-09-30,SZ300803,-0.01532411178121473,EXP_CatBoostModel_Alpha158_csi300_custom_step0_s_20261001_20,d2c242947a384e0a9d8432a950534829,0.035,,,
2665,2026-09-30,SZ300760,0.00034883382191111317,EXP_CatBoostModel_Alpha158_csi300_custom_step0_s_20261001_20,d2c242947a384e0a9d8432a950534829,0.035,,,
2666,2026-09-30,SZ300750,0.006219148051958089,EXP_CatBoostModel_Alpha158_csi300_custom_step0_s_20261001_20,d2c242947a384e0a9d8432a950534829,0.035,,,
2667,2026-09-30,SZ300661,-0.010798447131447484,EXP_CatBoostModel_Alpha158_csi300_custom_step0_s_20261001_20,d2c242947a384e0a9d8432a950534829,0.035,,,
2668,2026-09-30,SZ300999,-0.011308999818490052,EXP_CatBoostModel_Alpha158_csi300_custom_step0_s_20261001_20,d2c242947a384e0a9d8432a950534829,0.035,,,
2669,2026-09-30,SZ300628,-0.001252491216158817,EXP_CatBoostModel_Alpha158_csi300_custom_step0_s_20261001_20,d2c242947a384e0a9d8432a950534829,0.035,,,
2670,2026-09-30,SZ300498,0.01174961991730698,EXP_CatBoostModel_Alpha158_csi300_custom_step0_s_20261001_20,d2c242947a384e0a9d8432a950534829,0.035,,,
2671,2026-09-30,SZ300476,-0.018717918566868046,EXP_CatBoostModel_Alpha158_csi300_custom_step0_s_20261001_20,d2c242947a384e0a9d8432a950534829,0.035,,,
2672,2026-09-30,SZ300450,0.005256905885293446,EXP_CatBoostModel_Alpha158_csi300_custom_step0_s_20261001_20,d2c242947a384e0a9d8432a950534829,0.035,,,
2673,2026-09-30,SZ300442,-0.01760909208451272,EXP_CatBoostModel_Alpha158_csi300_custom_step0_s_20261001_20,d2c242947a384e0a9d8432a950534829,0.035,,,
2674,2026-09-30,SZ300433,-0.012225448781605565,EXP_CatBoostModel_Alpha158_csi300_custom_step0_s_20261001_20,d2c242947a384e0a9d8432a950534829,0.035,,,
2675,2026-09-30,SZ300418,-0.017940312841965535,EXP_CatBoostModel_Alpha158_csi300_custom_step0_s_20261001_20,d2c242947a384e0a9d8432a950534829,0.035,,,
2676,2026-09-30,SZ300413,0.049759024261590935,EXP_CatBoostModel_Alpha158_csi300_custom_step0_s_20261001_20,d2c242947a384e0a9d8432a950534829,0.035,,,
2677,2026-09-30,SZ300502,-0.004331905090986321,EXP_CatBoostModel_Alpha158_csi300_custom_step0_s_20261001_20,d2c242947a384e0a9d8432a950534829,0.035,,,
2678,2026-09-30,SZ300394,-0.011599477572511873,EXP_CatBoostModel_Alpha158_csi300_custom_step0_s_20261001_20,d2c242947a384e0a9d8432a950534829,0.035,,,
2679,2026-09-30,SZ301165,-0.013503258159490184,EXP_CatBoostModel_Alpha158_csi300_custom_step0_s_20261001_20,d2c242947a384e0a9d8432a950534829,0.035,,,
2680,2026-09-30,SZ301269,-0.011204071943285196,EXP_CatBoostModel_Alpha158_csi300_custom_step0_s_20261001_20,d2c242947a384e0a9d8432a950534829,0.035,,,
2681,2026-09-30,SH600029,0.0026131171133118424,EXP_LGBModel_Alpha158_csi300_custom_step0_s_20261001_20,4efc3642ebeb4b989c5b9f1de51346b1,0.113,,,
2682,2026-09-30,SH600028,0.0018281511690229474,EXP_LGBModel_Alpha158_csi300_custom_step0_s_20261001_20,4efc3642ebeb4b989c5b9f1de51346b1,0.113,,,
2683,2026-09-30,SH600027,0.000965691268292079,EXP_LGBModel_Alpha158_csi300_custom_step0_s_20261001_20,4efc3642ebeb4b989c5b9f1de51346b1,0.113,,,
2684,2026-09-30,SH600026,-1.0385510510181694e-10,EXP_LGBModel_Alpha158_csi300_custom_step0_s_20261001_20,4efc3642ebeb4b989c5b9f1de51346b1,0.113,,,
2685,2026-09-30,SH600025,0.0026131171133118424,EXP_LGBModel_Alpha158_csi300_custom_step0_s_20261001_20,4efc3642ebeb4b989c5b9f1de51346b1,0.113,,,
2686,2026-09-30,SH600023,0.0018281511690229474,EXP_LGBModel_Alpha158_csi300_custom_step0_s_20261001_20,4efc3642ebeb4b989c5b9f1de51346b1,0.113,,,
2687,2026-09-30,SH600019,0.0026131171133118424,EXP_LGBModel_Alpha158_csi300_custom_step0_s_20261001_20,4efc3642ebeb4b989c5b9f1de51346b1,0.113,,,
2688,2026-09-30,SZ301236,-0.010175850968030963,EXP_CatBoostModel_Alpha158_csi300_custom_step0_s_20261001_20,d2c242947a384e0a9d8432a950534829,0.035,,,
2689,2026-09-30,SH600018,-1.0385510510181694e-10,EXP_LGBModel_Alpha158_csi300_custom_step0_s_20261001_20,4efc3642ebeb4b989c5b9f1de51346b1,0.113,,,
2690,2026-09-30,SH600015,-1.0385510510181694e-10,EXP_LGBModel_Alpha158_csi300_custom_step0_s_20261001_20,4efc3642ebeb4b989c5b9f1de51346b1,0.113,,,
2691,2026-09-30,SH600011,0.0026131171133118424,EXP_LGBModel_Alpha158_csi300_custom_step0_s_20261001_20,4efc3642ebeb4b989c5b9f1de51346b1,0.113,,,
2692,2026-09-30,SH600010,-1.0385510510181694e-10,EXP_LGBModel_Alpha158_csi300_custom_step0_s_20261001_20,4efc3642ebeb4b989c5b9f1de51346b1,0.113,,,
2693,2026-09-30,SH600009,-1.0385510510181694e-10,EXP_LGBModel_Alpha158_csi300_custom_step0_s_20261001_20,4efc3642ebeb4b989c5b9f1de51346b1,0.113,,,
2694,2026-09-30,SH600000,0.000965691268292079,EXP_LGBModel_Alpha158_csi300_custom_step0_s_20261001_20,4efc3642ebeb4b989c5b9f1de51346b1,0.113,,,
2695,2026-09-30,SZ302132,-0.010420346692397725,EXP_CatBoostModel_Alpha158_csi300_custom_step0_s_20261001_20,d2c242947a384e0a9d8432a950534829,0.035,,,
2696,2026-09-30,SZ301308,-0.0027818315813441436,EXP_CatBoostModel_Alpha158_csi300_custom_step0_s_20261001_20,d2c242947a384e0a9d8432a950534829,0.035,,,
2697,2026-09-30,SH600016,0.0026131171133118424,EXP_LGBModel_Alpha158_csi300_custom_step0_s_20261001_20,4efc3642ebeb4b989c5b9f1de51346b1,0.113,,,
2698,2026-09-30,SZ000338,-0.009236739717355797,EXP_CatBoostModel_Alpha158_csi300_custom_step0_s_20261001_20,d2c242947a384e0a9d8432a950534829,0.035,,,
2699,2026-09-30,SZ000333,-0.009177087591101458,EXP_CatBoostModel_Alpha158_csi300_custom_step0_s_20261001_20,d2c242947a384e0a9d8432a950534829,0.035,,,
2700,2026-09-30,SZ000301,-0.011611733740390122,EXP_CatBoostModel_Alpha158_csi300_custom_step0_s_20261001_20,d2c242947a384e0a9d8432a950534829,0.035,,,
2701,2026-09-30,SH601100,-0.004390138952592699,EXP_CatBoostModel_Alpha158_csi300_custom_step0_s_20261001_20,d2c242947a384e0a9d8432a950534829,0.035,,,
2702,2026-09-30,SH601088,0.017057456373768327,EXP_CatBoostModel_Alpha158_csi300_custom_step0_s_20261001_20,d2c242947a384e0a9d8432a950534829,0.035,,,
2703,2026-09-30,SH601077,0.015167960080077678,EXP_CatBoostModel_Alpha158_csi300_custom_step0_s_20261001_20,d2c242947a384e0a9d8432a950534829,0.035,,,
2704,2026-09-30,SH601066,-0.007312198596117361,EXP_CatBoostModel_Alpha158_csi300_custom_step0_s_20261001_20,d2c242947a384e0a9d8432a950534829,0.035,,,
2705,2026-09-30,SH601058,-0.011465473407859557,EXP_CatBoostModel_Alpha158_csi300_custom_step0_s_20261001_20,d2c242947a384e0a9d8432a950534829,0.035,,,
2706,2026-09-30,SH601021,-0.004711954440681676,EXP_CatBoostModel_Alpha158_csi300_custom_step0_s_20261001_20,d2c242947a384e0a9d8432a950534829,0.035,,,
2707,2026-09-30,SH601018,0.01707937205342512,EXP_CatBoostModel_Alpha158_csi300_custom_step0_s_20261001_20,d2c242947a384e0a9d8432a950534829,0.035,,,
2708,2026-09-30,SH601012,-0.005411839150591435,EXP_CatBoostModel_Alpha158_csi300_custom_step0_s_20261001_20,d2c242947a384e0a9d8432a950534829,0.035,,,
2709,2026-09-30,SH601009,0.016252970323413052,EXP_CatBoostModel_Alpha158_csi300_custom_step0_s_20261001_20,d2c242947a384e0a9d8432a950534829,0.035,,,
2710,2026-09-30,SH601006,0.01672492147064895,EXP_CatBoostModel_Alpha158_csi300_custom_step0_s_20261001_20,d2c242947a384e0a9d8432a950534829,0.035,,,
2711,2026-09-30,SH600999,-0.009169924179181674,EXP_CatBoostModel_Alpha158_csi300_custom_step0_s_20261001_20,d2c242947a384e0a9d8432a950534829,0.035,,,
2712,2026-09-30,SH600989,-0.010454555276322117,EXP_CatBoostModel_Alpha158_csi300_custom_step0_s_20261001_20,d2c242947a384e0a9d8432a950534829,0.035,,,
2713,2026-09-30,SH600958,0.0008311644519569544,EXP_CatBoostModel_Alpha158_csi300_custom_step0_s_20261001_20,d2c242947a384e0a9d8432a950534829,0.035,,,
2714,2026-09-30,SH600941,0.014370054161350357,EXP_CatBoostModel_Alpha158_csi300_custom_step0_s_20261001_20,d2c242947a384e0a9d8432a950534829,0.035,,,
2715,2026-09-30,SH600938,0.008546815828006368,EXP_CatBoostModel_Alpha158_csi300_custom_step0_s_20261001_20,d2c242947a384e0a9d8432a950534829,0.035,,,
2716,2026-09-30,SH601111,0.014030783526030231,EXP_CatBoostModel_Alpha158_csi300_custom_step0_s_20261001_20,d2c242947a384e0a9d8432a950534829,0.035,,,
2717,2026-09-30,SH601117,0.0071443109656669805,EXP_CatBoostModel_Alpha158_csi300_custom_step0_s_20261001_20,d2c242947a384e0a9d8432a950534829,0.035,,,
2718,2026-09-30,SH601127,-0.006740816125398638,EXP_CatBoostModel_Alpha158_csi300_custom_step0_s_20261001_20,d2c242947a384e0a9d8432a950534829,0.035,,,
2719,2026-09-30,SH601136,-0.012271071588318501,EXP_CatBoostModel_Alpha158_csi300_custom_step0_s_20261001_20,d2c242947a384e0a9d8432a950534829,0.035,,,
2720,2026-09-30,SH601390,0.01272537403994893,EXP_CatBoostModel_Alpha158_csi300_custom_step0_s_20261001_20,d2c242947a384e0a9d8432a950534829,0.035,,,
2721,2026-09-30,SH601377,-0.00027693801832305006,EXP_CatBoostModel_Alpha158_csi300_custom_step0_s_20261001_20,d2c242947a384e0a9d8432a950534829,0.035,,,
2722,2026-09-30,SH601360,-0.0034338716654717626,EXP_CatBoostModel_Alpha158_csi300_custom_step0_s_20261001_20,d2c242947a384e0a9d8432a950534829,0.035,,,
2723,2026-09-30,SH601336,-0.010082302300595244,EXP_CatBoostModel_Alpha158_csi300_custom_step0_s_20261001_20,d2c242947a384e0a9d8432a950534829,0.035,,,
2724,2026-09-30,SH601328,0.025715246098951133,EXP_CatBoostModel_Alpha158_csi300_custom_step0_s_20261001_20,d2c242947a384e0a9d8432a950534829,0.035,,,
2725,2026-09-30,SH601319,0.004279452716484378,EXP_CatBoostModel_Alpha158_csi300_custom_step0_s_20261001_20,d2c242947a384e0a9d8432a950534829,0.035,,,
2726,2026-09-30,SH601318,0.006269456477877765,EXP_CatBoostModel_Alpha158_csi300_custom_step0_s_20261001_20,d2c242947a384e0a9d8432a950534829,0.035,,,
2727,2026-09-30,SH600930,0.004296639212589723,EXP_CatBoostModel_Alpha158_csi300_custom_step0_s_20261001_20,d2c242947a384e0a9d8432a950534829,0.035,,,
2728,2026-09-30,SH601288,0.020116672829463476,EXP_CatBoostModel_Alpha158_csi300_custom_step0_s_20261001_20,d2c242947a384e0a9d8432a950534829,0.035,,,
2729,2026-09-30,SH601229,0.019509782960602857,EXP_CatBoostModel_Alpha158_csi300_custom_step0_s_20261001_20,d2c242947a384e0a9d8432a950534829,0.035,,,
2730,2026-09-30,SH601225,0.014321962000025903,EXP_CatBoostModel_Alpha158_csi300_custom_step0_s_20261001_20,d2c242947a384e0a9d8432a950534829,0.035,,,
2731,2026-09-30,SH601211,-0.008451223840893312,EXP_CatBoostModel_Alpha158_csi300_custom_step0_s_20261001_20,d2c242947a384e0a9d8432a950534829,0.035,,,
2732,2026-09-30,SH601186,0.012079075229877976,EXP_CatBoostModel_Alpha158_csi300_custom_step0_s_20261001_20,d2c242947a384e0a9d8432a950534829,0.035,,,
2733,2026-09-30,SH601169,0.014784120921121517,EXP_CatBoostModel_Alpha158_csi300_custom_step0_s_20261001_20,d2c242947a384e0a9d8432a950534829,0.035,,,
2734,2026-09-30,SH601166,0.014790454518593642,EXP_CatBoostModel_Alpha158_csi300_custom_step0_s_20261001_20,d2c242947a384e0a9d8432a950534829,0.035,,,
2735,2026-09-30,SH601138,-0.015453920894476319,EXP_CatBoostModel_Alpha158_csi300_custom_step0_s_20261001_20,d2c242947a384e0a9d8432a950534829,0.035,,,
2736,2026-09-30,SH601238,-0.003502031120466535,EXP_CatBoostModel_Alpha158_csi300_custom_step0_s_20261001_20,d2c242947a384e0a9d8432a950534829,0.035,,,
2737,2026-09-30,SH600926,0.02509666865249323,EXP_CatBoostModel_Alpha158_csi300_custom_step0_s_20261001_20,d2c242947a384e0a9d8432a950534829,0.035,,,
2738,2026-09-30,SH600919,0.014591015442889634,EXP_CatBoostModel_Alpha158_csi300_custom_step0_s_20261001_20,d2c242947a384e0a9d8432a950534829,0.035,,,
2739,2026-09-30,SH600918,0.009725684141740978,EXP_CatBoostModel_Alpha158_csi300_custom_step0_s_20261001_20,d2c242947a384e0a9d8432a950534829,0.035,,,
2740,2026-09-30,SH600549,-0.018540061336830498,EXP_CatBoostModel_Alpha158_csi300_custom_step0_s_20261001_20,d2c242947a384e0a9d8432a950534829,0.035,,,
2741,2026-09-30,SH600547,0.06734926007420204,EXP_CatBoostModel_Alpha158_csi300_custom_step0_s_20261001_20,d2c242947a384e0a9d8432a950534829,0.035,,,
2742,2026-09-30,SH600522,-0.020227104480624945,EXP_CatBoostModel_Alpha158_csi300_custom_step0_s_20261001_20,d2c242947a384e0a9d8432a950534829,0.035,,,
2743,2026-09-30,SH600519,0.0049823610225211866,EXP_CatBoostModel_Alpha158_csi300_custom_step0_s_20261001_20,d2c242947a384e0a9d8432a950534829,0.035,,,
2744,2026-09-30,SH600515,0.005713909709360041,EXP_CatBoostModel_Alpha158_csi300_custom_step0_s_20261001_20,d2c242947a384e0a9d8432a950534829,0.035,,,
2745,2026-09-30,SH600489,-0.011599477572511873,EXP_CatBoostModel_Alpha158_csi300_custom_step0_s_20261001_20,d2c242947a384e0a9d8432a950534829,0.035,,,
2746,2026-09-30,SH600482,-0.004433473336047011,EXP_CatBoostModel_Alpha158_csi300_custom_step0_s_20261001_20,d2c242947a384e0a9d8432a950534829,0.035,,,
2747,2026-09-30,SH600570,-0.012512643034360697,EXP_CatBoostModel_Alpha158_csi300_custom_step0_s_20261001_20,d2c242947a384e0a9d8432a950534829,0.035,,,
2748,2026-09-30,SH600460,-0.007411842208357516,EXP_CatBoostModel_Alpha158_csi300_custom_step0_s_20261001_20,d2c242947a384e0a9d8432a950534829,0.035,,,
2749,2026-09-30,SH600436,0.0018089704057750045,EXP_CatBoostModel_Alpha158_csi300_custom_step0_s_20261001_20,d2c242947a384e0a9d8432a950534829,0.035,,,
2750,2026-09-30,SH600426,-0.011611733740390122,EXP_CatBoostModel_Alpha158_csi300_custom_step0_s_20261001_20,d2c242947a384e0a9d8432a950534829,0.035,,,
2751,2026-09-30,SH600415,-0.01583616247513067,EXP_CatBoostModel_Alpha158_csi300_custom_step0_s_20261001_20,d2c242947a384e0a9d8432a950534829,0.035,,,
2752,2026-09-30,SH600406,0.013687596853558996,EXP_CatBoostModel_Alpha158_csi300_custom_step0_s_20261001_20,d2c242947a384e0a9d8432a950534829,0.035,,,
2753,2026-09-30,SH600372,0.012011077997603505,EXP_CatBoostModel_Alpha158_csi300_custom_step0_s_20261001_20,d2c242947a384e0a9d8432a950534829,0.035,,,
2754,2026-09-30,SH600362,-0.011472738233049656,EXP_CatBoostModel_Alpha158_csi300_custom_step0_s_20261001_20,d2c242947a384e0a9d8432a950534829,0.035,,,
2755,2026-09-30,SH600346,-0.007767368933378275,EXP_CatBoostModel_Alpha158_csi300_custom_step0_s_20261001_20,d2c242947a384e0a9d8432a950534829,0.035,,,
2756,2026-09-30,SH600438,-0.012062787276189594,EXP_CatBoostModel_Alpha158_csi300_custom_step0_s_20261001_20,d2c242947a384e0a9d8432a950534829,0.035,,,
2757,2026-09-30,SH601398,0.023319916543026408,EXP_CatBoostModel_Alpha158_csi300_custom_step0_s_20261001_20,d2c242947a384e0a9d8432a950534829,0.035,,,
2758,2026-09-30,SH600584,-0.015453920894476319,EXP_CatBoostModel_Alpha158_csi300_custom_step0_s_20261001_20,d2c242947a384e0a9d8432a950534829,0.035,,,
2759,2026-09-30,SH600588,-0.011651835372393386,EXP_CatBoostModel_Alpha158_csi300_custom_step0_s_20261001_20,d2c242947a384e0a9d8432a950534829,0.035,,,
2760,2026-09-30,SH600905,-0.0022224527798526505,EXP_CatBoostModel_Alpha158_csi300_custom_step0_s_20261001_20,d2c242947a384e0a9d8432a950534829,0.035,,,
2761,2026-09-30,SH600900,0.019081138624326782,EXP_CatBoostModel_Alpha158_csi300_custom_step0_s_20261001_20,d2c242947a384e0a9d8432a950534829,0.035,,,
2762,2026-09-30,SH600893,-0.0036323793566150325,EXP_CatBoostModel_Alpha158_csi300_custom_step0_s_20261001_20,d2c242947a384e0a9d8432a950534829,0.035,,,
2763,2026-09-30,SH600887,0.02494488623552499,EXP_CatBoostModel_Alpha158_csi300_custom_step0_s_20261001_20,d2c242947a384e0a9d8432a950534829,0.035,,,
2764,2026-09-30,SH600886,-0.001206183802924357,EXP_CatBoostModel_Alpha158_csi300_custom_step0_s_20261001_20,d2c242947a384e0a9d8432a950534829,0.035,,,
2765,2026-09-30,SH600875,-0.012750525138342557,EXP_CatBoostModel_Alpha158_csi300_custom_step0_s_20261001_20,d2c242947a384e0a9d8432a950534829,0.035,,,
2766,2026-09-30,SH600845,-0.017670556712500222,EXP_CatBoostModel_Alpha158_csi300_custom_step0_s_20261001_20,d2c242947a384e0a9d8432a950534829,0.035,,,
2767,2026-09-30,SH600585,0.006972504502324736,EXP_CatBoostModel_Alpha158_csi300_custom_step0_s_20261001_20,d2c242947a384e0a9d8432a950534829,0.035,,,
2768,2026-09-30,SH600809,0.00011037001295726066,EXP_CatBoostModel_Alpha158_csi300_custom_step0_s_20261001_20,d2c242947a384e0a9d8432a950534829,0.035,,,
2769,2026-09-30,SH600795,0.014146425257590533,EXP_CatBoostModel_Alpha158_csi300_custom_step0_s_20261001_20,d2c242947a384e0a9d8432a950534829,0.035,,,
2770,2026-09-30,SH600760,-0.00904782153061156,EXP_CatBoostModel_Alpha158_csi300_custom_step0_s_20261001_20,d2c242947a384e0a9d8432a950534829,0.035,,,
2771,2026-09-30,SH600741,0.011946835526443444,EXP_CatBoostModel_Alpha158_csi300_custom_step0_s_20261001_20,d2c242947a384e0a9d8432a950534829,0.035,,,
2772,2026-09-30,SH600690,0.0008790618160054433,EXP_CatBoostModel_Alpha158_csi300_custom_step0_s_20261001_20,d2c242947a384e0a9d8432a950534829,0.035,,,
2773,2026-09-30,SH600674,0.011046122976176898,EXP_CatBoostModel_Alpha158_csi300_custom_step0_s_20261001_20,d2c242947a384e0a9d8432a950534829,0.035,,,
2774,2026-09-30,SH600660,0.00621505273223428,EXP_CatBoostModel_Alpha158_csi300_custom_step0_s_20261001_20,d2c242947a384e0a9d8432a950534829,0.035,,,
2775,2026-09-30,SH600600,0.005898627086533753,EXP_CatBoostModel_Alpha158_csi300_custom_step0_s_20261001_20,d2c242947a384e0a9d8432a950534829,0.035,,,
2776,2026-09-30,SH600803,0.01567598896779638,EXP_CatBoostModel_Alpha158_csi300_custom_step0_s_20261001_20,d2c242947a384e0a9d8432a950534829,0.035,,,
2777,2026-09-30,SH601456,0.004836872260009699,EXP_CatBoostModel_Alpha158_csi300_custom_step0_s_20261001_20,d2c242947a384e0a9d8432a950534829,0.035,,,
2778,2026-09-30,SH601600,-0.010877846581969372,EXP_CatBoostModel_Alpha158_csi300_custom_step0_s_20261001_20,d2c242947a384e0a9d8432a950534829,0.035,,,
2779,2026-09-30,SH601601,-0.011161367569065885,EXP_CatBoostModel_Alpha158_csi300_custom_step0_s_20261001_20,d2c242947a384e0a9d8432a950534829,0.035,,,
2780,2026-09-30,SH688047,-0.014464452681198427,EXP_CatBoostModel_Alpha158_csi300_custom_step0_s_20261001_20,d2c242947a384e0a9d8432a950534829,0.035,,,
2781,2026-09-30,SH688041,-0.015356649823724419,EXP_CatBoostModel_Alpha158_csi300_custom_step0_s_20261001_20,d2c242947a384e0a9d8432a950534829,0.035,,,
2782,2026-09-30,SH688036,-0.011166189396675512,EXP_CatBoostModel_Alpha158_csi300_custom_step0_s_20261001_20,d2c242947a384e0a9d8432a950534829,0.035,,,
2783,2026-09-30,SH688012,-0.024830256165666077,EXP_CatBoostModel_Alpha158_csi300_custom_step0_s_20261001_20,d2c242947a384e0a9d8432a950534829,0.035,,,
2784,2026-09-30,SH688009,0.001608282036271486,EXP_CatBoostModel_Alpha158_csi300_custom_step0_s_20261001_20,d2c242947a384e0a9d8432a950534829,0.035,,,
2785,2026-09-30,SH688008,-0.009599747274291588,EXP_CatBoostModel_Alpha158_csi300_custom_step0_s_20261001_20,d2c242947a384e0a9d8432a950534829,0.035,,,
2786,2026-09-30,SH605499,-0.002597176645684424,EXP_CatBoostModel_Alpha158_csi300_custom_step0_s_20261001_20,d2c242947a384e0a9d8432a950534829,0.035,,,
2787,2026-09-30,SH688072,-0.0009599210105976554,EXP_CatBoostModel_Alpha158_csi300_custom_step0_s_20261001_20,d2c242947a384e0a9d8432a950534829,0.035,,,
2788,2026-09-30,SH605117,-0.00879423894447211,EXP_CatBoostModel_Alpha158_csi300_custom_step0_s_20261001_20,d2c242947a384e0a9d8432a950534829,0.035,,,
2789,2026-09-30,SH603986,-0.01955420404834554,EXP_CatBoostModel_Alpha158_csi300_custom_step0_s_20261001_20,d2c242947a384e0a9d8432a950534829,0.035,,,
2790,2026-09-30,SH603893,-0.011722462359294233,EXP_CatBoostModel_Alpha158_csi300_custom_step0_s_20261001_20,d2c242947a384e0a9d8432a950534829,0.035,,,
2791,2026-09-30,SH603799,-0.016590621362566702,EXP_CatBoostModel_Alpha158_csi300_custom_step0_s_20261001_20,d2c242947a384e0a9d8432a950534829,0.035,,,
2792,2026-09-30,SH603501,-0.00605708751780635,EXP_CatBoostModel_Alpha158_csi300_custom_step0_s_20261001_20,d2c242947a384e0a9d8432a950534829,0.035,,,
2793,2026-09-30,SH603392,-0.011499711687533316,EXP_CatBoostModel_Alpha158_csi300_custom_step0_s_20261001_20,d2c242947a384e0a9d8432a950534829,0.035,,,
2794,2026-09-30,SH603369,-0.01063850762272394,EXP_CatBoostModel_Alpha158_csi300_custom_step0_s_20261001_20,d2c242947a384e0a9d8432a950534829,0.035,,,
2795,2026-09-30,SH603296,-0.011611733740390122,EXP_CatBoostModel_Alpha158_csi300_custom_step0_s_20261001_20,d2c242947a384e0a9d8432a950534829,0.035,,,
2796,2026-09-30,SH603993,-0.01109514732811711,EXP_CatBoostModel_Alpha158_csi300_custom_step0_s_20261001_20,d2c242947a384e0a9d8432a950534829,0.035,,,
2797,2026-09-30,SH603288,-0.003150876584678562,EXP_CatBoostModel_Alpha158_csi300_custom_step0_s_20261001_20,d2c242947a384e0a9d8432a950534829,0.035,,,
2798,2026-09-30,SH688082,-0.011829446646679778,EXP_CatBoostModel_Alpha158_csi300_custom_step0_s_20261001_20,d2c242947a384e0a9d8432a950534829,0.035,,,
2799,2026-09-30,SH688126,-0.012291168457965657,EXP_CatBoostModel_Alpha158_csi300_custom_step0_s_20261001_20,d2c242947a384e0a9d8432a950534829,0.035,,,
2800,2026-09-30,SZ000166,0.008622136467070976,EXP_CatBoostModel_Alpha158_csi300_custom_step0_s_20261001_20,d2c242947a384e0a9d8432a950534829,0.035,,,
2801,2026-09-30,SZ000157,-0.011138613305337924,EXP_CatBoostModel_Alpha158_csi300_custom_step0_s_20261001_20,d2c242947a384e0a9d8432a950534829,0.035,,,
2802,2026-09-30,SZ000100,-0.009403435713143364,EXP_CatBoostModel_Alpha158_csi300_custom_step0_s_20261001_20,d2c242947a384e0a9d8432a950534829,0.035,,,
2803,2026-09-30,SZ000063,-0.017940312841965535,EXP_CatBoostModel_Alpha158_csi300_custom_step0_s_20261001_20,d2c242947a384e0a9d8432a950534829,0.035,,,
2804,2026-09-30,SZ000002,0.020174788224081332,EXP_CatBoostModel_Alpha158_csi300_custom_step0_s_20261001_20,d2c242947a384e0a9d8432a950534829,0.035,,,
2805,2026-09-30,SZ000001,0.016655251705486134,EXP_CatBoostModel_Alpha158_csi300_custom_step0_s_20261001_20,d2c242947a384e0a9d8432a950534829,0.035,,,
2806,2026-09-30,SH688981,-0.02365811405855445,EXP_CatBoostModel_Alpha158_csi300_custom_step0_s_20261001_20,d2c242947a384e0a9d8432a950534829,0.035,,,
2807,2026-09-30,SH688111,-0.011176135209386907,EXP_CatBoostModel_Alpha158_csi300_custom_step0_s_20261001_20,d2c242947a384e0a9d8432a950534829,0.035,,,
2808,2026-09-30,SH688521,0.010406988319325223,EXP_CatBoostModel_Alpha158_csi300_custom_step0_s_20261001_20,d2c242947a384e0a9d8432a950534829,0.035,,,
2809,2026-09-30,SH688472,-0.004705371326103612,EXP_CatBoostModel_Alpha158_csi300_custom_step0_s_20261001_20,d2c242947a384e0a9d8432a950534829,0.035,,,
2810,2026-09-30,SH688396,-0.011683133721505763,EXP_CatBoostModel_Alpha158_csi300_custom_step0_s_20261001_20,d2c242947a384e0a9d8432a950534829,0.035,,,
2811,2026-09-30,SH688303,-0.0068002973326981705,EXP_CatBoostModel_Alpha158_csi300_custom_step0_s_20261001_20,d2c242947a384e0a9d8432a950534829,0.035,,,
2812,2026-09-30,SH688271,-0.013120355017964444,EXP_CatBoostModel_Alpha158_csi300_custom_step0_s_20261001_20,d2c242947a384e0a9d8432a950534829,0.035,,,
2813,2026-09-30,SH688256,-0.01019041239498759,EXP_CatBoostModel_Alpha158_csi300_custom_step0_s_20261001_20,d2c242947a384e0a9d8432a950534829,0.035,,,
2814,2026-09-30,SH688223,-0.006705989238016439,EXP_CatBoostModel_Alpha158_csi300_custom_step0_s_20261001_20,d2c242947a384e0a9d8432a950534829,0.035,,,
2815,2026-09-30,SH688183,-0.010546888162460723,EXP_CatBoostModel_Alpha158_csi300_custom_step0_s_20261001_20,d2c242947a384e0a9d8432a950534829,0.035,,,
2816,2026-09-30,SH688506,-0.013003577555328041,EXP_CatBoostModel_Alpha158_csi300_custom_step0_s_20261001_20,d2c242947a384e0a9d8432a950534829,0.035,,,
2817,2026-09-30,SH600547,0.004261049412203715,EXP_LGBModel_Alpha158_csi300_custom_step0_s_20261001_20,4efc3642ebeb4b989c5b9f1de51346b1,0.113,,,
2818,2026-09-30,SH603260,-0.009964682770219961,EXP_CatBoostModel_Alpha158_csi300_custom_step0_s_20261001_20,d2c242947a384e0a9d8432a950534829,0.035,,,
2819,2026-09-30,SH603019,-0.010859166111472116,EXP_CatBoostModel_Alpha158_csi300_custom_step0_s_20261001_20,d2c242947a384e0a9d8432a950534829,0.035,,,
2820,2026-09-30,SH601816,0.012596109924644007,EXP_CatBoostModel_Alpha158_csi300_custom_step0_s_20261001_20,d2c242947a384e0a9d8432a950534829,0.035,,,
2821,2026-09-30,SH601800,0.015430266541965575,EXP_CatBoostModel_Alpha158_csi300_custom_step0_s_20261001_20,d2c242947a384e0a9d8432a950534829,0.035,,,
2822,2026-09-30,SH601788,0.0003998801201157528,EXP_CatBoostModel_Alpha158_csi300_custom_step0_s_20261001_20,d2c242947a384e0a9d8432a950534829,0.035,,,
2823,2026-09-30,SH601766,0.015421387845290593,EXP_CatBoostModel_Alpha158_csi300_custom_step0_s_20261001_20,d2c242947a384e0a9d8432a950534829,0.035,,,
2824,2026-09-30,SH601728,0.015455887738620087,EXP_CatBoostModel_Alpha158_csi300_custom_step0_s_20261001_20,d2c242947a384e0a9d8432a950534829,0.035,,,
2825,2026-09-30,SH601727,0.003239180461012764,EXP_CatBoostModel_Alpha158_csi300_custom_step0_s_20261001_20,d2c242947a384e0a9d8432a950534829,0.035,,,
2826,2026-09-30,SH601698,-0.013691167210944172,EXP_CatBoostModel_Alpha158_csi300_custom_step0_s_20261001_20,d2c242947a384e0a9d8432a950534829,0.035,,,
2827,2026-09-30,SH601818,0.014061348970375951,EXP_CatBoostModel_Alpha158_csi300_custom_step0_s_20261001_20,d2c242947a384e0a9d8432a950534829,0.035,,,
2828,2026-09-30,SH601689,-0.013344344528445917,EXP_CatBoostModel_Alpha158_csi300_custom_step0_s_20261001_20,d2c242947a384e0a9d8432a950534829,0.035,,,
2829,2026-09-30,SH601669,0.007355048686781957,EXP_CatBoostModel_Alpha158_csi300_custom_step0_s_20261001_20,d2c242947a384e0a9d8432a950534829,0.035,,,
2830,2026-09-30,SH601668,0.015255865947266918,EXP_CatBoostModel_Alpha158_csi300_custom_step0_s_20261001_20,d2c242947a384e0a9d8432a950534829,0.035,,,
2831,2026-09-30,SH601658,0.014576988494340713,EXP_CatBoostModel_Alpha158_csi300_custom_step0_s_20261001_20,d2c242947a384e0a9d8432a950534829,0.035,,,
2832,2026-09-30,SH601633,-0.0067090722558441245,EXP_CatBoostModel_Alpha158_csi300_custom_step0_s_20261001_20,d2c242947a384e0a9d8432a950534829,0.035,,,
2833,2026-09-30,SH601628,-0.008769623674821724,EXP_CatBoostModel_Alpha158_csi300_custom_step0_s_20261001_20,d2c242947a384e0a9d8432a950534829,0.035,,,
2834,2026-09-30,SH601618,0.007927931853189785,EXP_CatBoostModel_Alpha158_csi300_custom_step0_s_20261001_20,d2c242947a384e0a9d8432a950534829,0.035,,,
2835,2026-09-30,SH601607,0.011509888089650071,EXP_CatBoostModel_Alpha158_csi300_custom_step0_s_20261001_20,d2c242947a384e0a9d8432a950534829,0.035,,,
2836,2026-09-30,SH601688,-0.007767458757271012,EXP_CatBoostModel_Alpha158_csi300_custom_step0_s_20261001_20,d2c242947a384e0a9d8432a950534829,0.035,,,
2837,2026-09-30,SH603259,-0.010680158860231714,EXP_CatBoostModel_Alpha158_csi300_custom_step0_s_20261001_20,d2c242947a384e0a9d8432a950534829,0.035,,,
2838,2026-09-30,SH601825,0.014916776812544295,EXP_CatBoostModel_Alpha158_csi300_custom_step0_s_20261001_20,d2c242947a384e0a9d8432a950534829,0.035,,,
2839,2026-09-30,SH601857,-0.0005980119878238785,EXP_CatBoostModel_Alpha158_csi300_custom_step0_s_20261001_20,d2c242947a384e0a9d8432a950534829,0.035,,,
2840,2026-09-30,SH601998,0.027835579425802382,EXP_CatBoostModel_Alpha158_csi300_custom_step0_s_20261001_20,d2c242947a384e0a9d8432a950534829,0.035,,,
2841,2026-09-30,SH601995,-0.008841653498224024,EXP_CatBoostModel_Alpha158_csi300_custom_step0_s_20261001_20,d2c242947a384e0a9d8432a950534829,0.035,,,
2842,2026-09-30,SH601988,0.024419681473166324,EXP_CatBoostModel_Alpha158_csi300_custom_step0_s_20261001_20,d2c242947a384e0a9d8432a950534829,0.035,,,
2843,2026-09-30,SH601985,0.0177132353520081,EXP_CatBoostModel_Alpha158_csi300_custom_step0_s_20261001_20,d2c242947a384e0a9d8432a950534829,0.035,,,
2844,2026-09-30,SH601939,0.021637324116156514,EXP_CatBoostModel_Alpha158_csi300_custom_step0_s_20261001_20,d2c242947a384e0a9d8432a950534829,0.035,,,
2845,2026-09-30,SH601919,0.014257278965150964,EXP_CatBoostModel_Alpha158_csi300_custom_step0_s_20261001_20,d2c242947a384e0a9d8432a950534829,0.035,,,
2846,2026-09-30,SH601916,0.014773325959629269,EXP_CatBoostModel_Alpha158_csi300_custom_step0_s_20261001_20,d2c242947a384e0a9d8432a950534829,0.035,,,
2847,2026-09-30,SH601838,0.01616546733331286,EXP_CatBoostModel_Alpha158_csi300_custom_step0_s_20261001_20,d2c242947a384e0a9d8432a950534829,0.035,,,
2848,2026-09-30,SH601901,0.00813664534887271,EXP_CatBoostModel_Alpha158_csi300_custom_step0_s_20261001_20,d2c242947a384e0a9d8432a950534829,0.035,,,
2849,2026-09-30,SH601898,-0.0009566802284715234,EXP_CatBoostModel_Alpha158_csi300_custom_step0_s_20261001_20,d2c242947a384e0a9d8432a950534829,0.035,,,
2850,2026-09-30,SH601888,0.0034877757797345983,EXP_CatBoostModel_Alpha158_csi300_custom_step0_s_20261001_20,d2c242947a384e0a9d8432a950534829,0.035,,,
2851,2026-09-30,SH601881,-0.011861112917182934,EXP_CatBoostModel_Alpha158_csi300_custom_step0_s_20261001_20,d2c242947a384e0a9d8432a950534829,0.035,,,
2852,2026-09-30,SH601878,0.007158309678627845,EXP_CatBoostModel_Alpha158_csi300_custom_step0_s_20261001_20,d2c242947a384e0a9d8432a950534829,0.035,,,
2853,2026-09-30,SH601877,0.008623666778763217,EXP_CatBoostModel_Alpha158_csi300_custom_step0_s_20261001_20,d2c242947a384e0a9d8432a950534829,0.035,,,
2854,2026-09-30,SH601872,-0.007675960542468143,EXP_CatBoostModel_Alpha158_csi300_custom_step0_s_20261001_20,d2c242947a384e0a9d8432a950534829,0.035,,,
2855,2026-09-30,SH601868,0.004139044950903647,EXP_CatBoostModel_Alpha158_csi300_custom_step0_s_20261001_20,d2c242947a384e0a9d8432a950534829,0.035,,,
2856,2026-09-30,SH601899,-0.010466811444200365,EXP_CatBoostModel_Alpha158_csi300_custom_step0_s_20261001_20,d2c242947a384e0a9d8432a950534829,0.035,,,
2857,2026-09-30,SH600549,-0.0007729442065242505,EXP_LGBModel_Alpha158_csi300_custom_step0_s_20261001_20,4efc3642ebeb4b989c5b9f1de51346b1,0.113,,,
2858,2026-09-30,SH600570,-0.0007729442065242505,EXP_LGBModel_Alpha158_csi300_custom_step0_s_20261001_20,4efc3642ebeb4b989c5b9f1de51346b1,0.113,,,
2859,2026-09-30,SH600584,-0.0007730305759483088,EXP_LGBModel_Alpha158_csi300_custom_step0_s_20261001_20,4efc3642ebeb4b989c5b9f1de51346b1,0.113,,,
2860,2026-09-30,SZ300124,0.0011252129670925217,EXP_LGBModel_Alpha158_csi300_custom_step0_s_20261001_20,4efc3642ebeb4b989c5b9f1de51346b1,0.113,,,
2861,2026-09-30,SZ300122,-0.002229381097098141,EXP_LGBModel_Alpha158_csi300_custom_step0_s_20261001_20,4efc3642ebeb4b989c5b9f1de51346b1,0.113,,,
2862,2026-09-30,SZ300059,-1.0385510510181694e-10,EXP_LGBModel_Alpha158_csi300_custom_step0_s_20261001_20,4efc3642ebeb4b989c5b9f1de51346b1,0.113,,,
2863,2026-09-30,SZ300033,0.0011252129670925217,EXP_LGBModel_Alpha158_csi300_custom_step0_s_20261001_20,4efc3642ebeb4b989c5b9f1de51346b1,0.113,,,
2864,2026-09-30,SZ300015,-1.0385510510181694e-10,EXP_LGBModel_Alpha158_csi300_custom_step0_s_20261001_20,4efc3642ebeb4b989c5b9f1de51346b1,0.113,,,
2865,2026-09-30,SZ300014,-0.002229381097098141,EXP_LGBModel_Alpha158_csi300_custom_step0_s_20261001_20,4efc3642ebeb4b989c5b9f1de51346b1,0.113,,,
2866,2026-09-30,SZ003816,0.0026131171133118424,EXP_LGBModel_Alpha158_csi300_custom_step0_s_20261001_20,4efc3642ebeb4b989c5b9f1de51346b1,0.113,,,
2867,2026-09-30,SZ002938,-0.002251075548246775,EXP_LGBModel_Alpha158_csi300_custom_step0_s_20261001_20,4efc3642ebeb4b989c5b9f1de51346b1,0.113,,,
2868,2026-09-30,SZ002920,0.0011252129670925217,EXP_LGBModel_Alpha158_csi300_custom_step0_s_20261001_20,4efc3642ebeb4b989c5b9f1de51346b1,0.113,,,
2869,2026-09-30,SZ002916,-0.002229381097098141,EXP_LGBModel_Alpha158_csi300_custom_step0_s_20261001_20,4efc3642ebeb4b989c5b9f1de51346b1,0.113,,,
2870,2026-09-30,SZ002837,-0.0007730305759483088,EXP_LGBModel_Alpha158_csi300_custom_step0_s_20261001_20,4efc3642ebeb4b989c5b9f1de51346b1,0.113,,,
2871,2026-09-30,SZ002736,0.0026131171133118424,EXP_LGBModel_Alpha158_csi300_custom_step0_s_20261001_20,4efc3642ebeb4b989c5b9f1de51346b1,0.113,,,
2872,2026-09-30,SZ002714,-0.002229381097098141,EXP_LGBModel_Alpha158_csi300_custom_step0_s_20261001_20,4efc3642ebeb4b989c5b9f1de51346b1,0.113,,,
2873,2026-09-30,SZ002709,-1.0385510510181694e-10,EXP_LGBModel_Alpha158_csi300_custom_step0_s_20261001_20,4efc3642ebeb4b989c5b9f1de51346b1,0.113,,,
2874,2026-09-30,SZ002648,0.0011315202940958237,EXP_LGBModel_Alpha158_csi300_custom_step0_s_20261001_20,4efc3642ebeb4b989c5b9f1de51346b1,0.113,,,
2875,2026-09-30,SZ300251,-1.0385510510181694e-10,EXP_LGBModel_Alpha158_csi300_custom_step0_s_20261001_20,4efc3642ebeb4b989c5b9f1de51346b1,0.113,,,
2876,2026-09-30,SZ300274,-1.0385510510181694e-10,EXP_LGBModel_Alpha158_csi300_custom_step0_s_20261001_20,4efc3642ebeb4b989c5b9f1de51346b1,0.113,,,
2877,2026-09-30,SZ300308,-0.0007730305759483088,EXP_LGBModel_Alpha158_csi300_custom_step0_s_20261001_20,4efc3642ebeb4b989c5b9f1de51346b1,0.113,,,
2878,2026-09-30,SZ300316,-0.0007730305759483088,EXP_LGBModel_Alpha158_csi300_custom_step0_s_20261001_20,4efc3642ebeb4b989c5b9f1de51346b1,0.113,,,
2879,2026-09-30,SZ300832,-1.0385510510181694e-10,EXP_LGBModel_Alpha158_csi300_custom_step0_s_20261001_20,4efc3642ebeb4b989c5b9f1de51346b1,0.113,,,
2880,2026-09-30,SZ300803,-0.002251075548246775,EXP_LGBModel_Alpha158_csi300_custom_step0_s_20261001_20,4efc3642ebeb4b989c5b9f1de51346b1,0.113,,,
2881,2026-09-30,SZ300760,-0.002229381097098141,EXP_LGBModel_Alpha158_csi300_custom_step0_s_20261001_20,4efc3642ebeb4b989c5b9f1de51346b1,0.113,,,
2882,2026-09-30,SZ300750,-1.0385510510181694e-10,EXP_LGBModel_Alpha158_csi300_custom_step0_s_20261001_20,4efc3642ebeb4b989c5b9f1de51346b1,0.113,,,
2883,2026-09-30,SZ300661,-0.0007730305759483088,EXP_LGBModel_Alpha158_csi300_custom_step0_s_20261001_20,4efc3642ebeb4b989c5b9f1de51346b1,0.113,,,
2884,2026-09-30,SZ300628,-0.002251075548246775,EXP_LGBModel_Alpha158_csi300_custom_step0_s_20261001_20,4efc3642ebeb4b989c5b9f1de51346b1,0.113,,,
2885,2026-09-30,SZ300502,-0.0007730305759483088,EXP_LGBModel_Alpha158_csi300_custom_step0_s_20261001_20,4efc3642ebeb4b989c5b9f1de51346b1,0.113,,,
2886,2026-09-30,SZ002625,0.0011315202940958237,EXP_LGBModel_Alpha158_csi300_custom_step0_s_20261001_20,4efc3642ebeb4b989c5b9f1de51346b1,0.113,,,
2887,2026-09-30,SZ300498,0.0026131171133118424,EXP_LGBModel_Alpha158_csi300_custom_step0_s_20261001_20,4efc3642ebeb4b989c5b9f1de51346b1,0.113,,,
2888,2026-09-30,SZ300450,-1.0385510510181694e-10,EXP_LGBModel_Alpha158_csi300_custom_step0_s_20261001_20,4efc3642ebeb4b989c5b9f1de51346b1,0.113,,,
2889,2026-09-30,SZ300442,-0.002251075548246775,EXP_LGBModel_Alpha158_csi300_custom_step0_s_20261001_20,4efc3642ebeb4b989c5b9f1de51346b1,0.113,,,
2890,2026-09-30,SZ300433,-0.0007729442065242505,EXP_LGBModel_Alpha158_csi300_custom_step0_s_20261001_20,4efc3642ebeb4b989c5b9f1de51346b1,0.113,,,
2891,2026-09-30,SZ300418,-0.002251075548246775,EXP_LGBModel_Alpha158_csi300_custom_step0_s_20261001_20,4efc3642ebeb4b989c5b9f1de51346b1,0.113,,,
2892,2026-09-30,SZ300413,-0.002229381097098141,EXP_LGBModel_Alpha158_csi300_custom_step0_s_20261001_20,4efc3642ebeb4b989c5b9f1de51346b1,0.113,,,
2893,2026-09-30,SZ300408,-0.002229381097098141,EXP_LGBModel_Alpha158_csi300_custom_step0_s_20261001_20,4efc3642ebeb4b989c5b9f1de51346b1,0.113,,,
2894,2026-09-30,SZ300394,-0.002229381097098141,EXP_LGBModel_Alpha158_csi300_custom_step0_s_20261001_20,4efc3642ebeb4b989c5b9f1de51346b1,0.113,,,
2895,2026-09-30,SZ300476,0.0011252129670925217,EXP_LGBModel_Alpha158_csi300_custom_step0_s_20261001_20,4efc3642ebeb4b989c5b9f1de51346b1,0.113,,,
2896,2026-09-30,SZ002602,-0.002251075548246775,EXP_LGBModel_Alpha158_csi300_custom_step0_s_20261001_20,4efc3642ebeb4b989c5b9f1de51346b1,0.113,,,
2897,2026-09-30,SZ002600,-1.0385510510181694e-10,EXP_LGBModel_Alpha158_csi300_custom_step0_s_20261001_20,4efc3642ebeb4b989c5b9f1de51346b1,0.113,,,
2898,2026-09-30,SZ002594,0.0026131171133118424,EXP_LGBModel_Alpha158_csi300_custom_step0_s_20261001_20,4efc3642ebeb4b989c5b9f1de51346b1,0.113,,,
2899,2026-09-30,SZ002142,0.000965691268292079,EXP_LGBModel_Alpha158_csi300_custom_step0_s_20261001_20,4efc3642ebeb4b989c5b9f1de51346b1,0.113,,,
2900,2026-09-30,SZ002074,-0.002229381097098141,EXP_LGBModel_Alpha158_csi300_custom_step0_s_20261001_20,4efc3642ebeb4b989c5b9f1de51346b1,0.113,,,
2901,2026-09-30,SZ002050,-0.002229381097098141,EXP_LGBModel_Alpha158_csi300_custom_step0_s_20261001_20,4efc3642ebeb4b989c5b9f1de51346b1,0.113,,,
2902,2026-09-30,SZ002049,-0.0007730305759483088,EXP_LGBModel_Alpha158_csi300_custom_step0_s_20261001_20,4efc3642ebeb4b989c5b9f1de51346b1,0.113,,,
2903,2026-09-30,SZ002028,0.004261049412203715,EXP_LGBModel_Alpha158_csi300_custom_step0_s_20261001_20,4efc3642ebeb4b989c5b9f1de51346b1,0.113,,,
2904,2026-09-30,SZ002027,-1.0385510510181694e-10,EXP_LGBModel_Alpha158_csi300_custom_step0_s_20261001_20,4efc3642ebeb4b989c5b9f1de51346b1,0.113,,,
2905,2026-09-30,SZ002001,-0.0008592413258303976,EXP_LGBModel_Alpha158_csi300_custom_step0_s_20261001_20,4efc3642ebeb4b989c5b9f1de51346b1,0.113,,,
2906,2026-09-30,SZ002179,-1.0385510510181694e-10,EXP_LGBModel_Alpha158_csi300_custom_step0_s_20261001_20,4efc3642ebeb4b989c5b9f1de51346b1,0.113,,,
2907,2026-09-30,SZ001979,-0.002229381097098141,EXP_LGBModel_Alpha158_csi300_custom_step0_s_20261001_20,4efc3642ebeb4b989c5b9f1de51346b1,0.113,,,
2908,2026-09-30,SZ001391,-1.0385510510181694e-10,EXP_LGBModel_Alpha158_csi300_custom_step0_s_20261001_20,4efc3642ebeb4b989c5b9f1de51346b1,0.113,,,
2909,2026-09-30,SZ001280,-1.0385510510181694e-10,EXP_LGBModel_Alpha158_csi300_custom_step0_s_20261001_20,4efc3642ebeb4b989c5b9f1de51346b1,0.113,,,
2910,2026-09-30,SZ000999,-1.0385510510181694e-10,EXP_LGBModel_Alpha158_csi300_custom_step0_s_20261001_20,4efc3642ebeb4b989c5b9f1de51346b1,0.113,,,
2911,2026-09-30,SZ000988,-0.0007730305759483088,EXP_LGBModel_Alpha158_csi300_custom_step0_s_20261001_20,4efc3642ebeb4b989c5b9f1de51346b1,0.113,,,
2912,2026-09-30,SZ000977,-0.002251075548246775,EXP_LGBModel_Alpha158_csi300_custom_step0_s_20261001_20,4efc3642ebeb4b989c5b9f1de51346b1,0.113,,,
2913,2026-09-30,SZ000975,0.0011315202940958237,EXP_LGBModel_Alpha158_csi300_custom_step0_s_20261001_20,4efc3642ebeb4b989c5b9f1de51346b1,0.113,,,
2914,2026-09-30,SZ000963,-1.0385510510181694e-10,EXP_LGBModel_Alpha158_csi300_custom_step0_s_20261001_20,4efc3642ebeb4b989c5b9f1de51346b1,0.113,,,
2915,2026-09-30,SZ001965,0.0026131171133118424,EXP_LGBModel_Alpha158_csi300_custom_step0_s_20261001_20,4efc3642ebeb4b989c5b9f1de51346b1,0.113,,,
2916,2026-09-30,SZ300866,-0.002229381097098141,EXP_LGBModel_Alpha158_csi300_custom_step0_s_20261001_20,4efc3642ebeb4b989c5b9f1de51346b1,0.113,,,
2917,2026-09-30,SZ002202,-1.0385510510181694e-10,EXP_LGBModel_Alpha158_csi300_custom_step0_s_20261001_20,4efc3642ebeb4b989c5b9f1de51346b1,0.113,,,
2918,2026-09-30,SZ002236,0.0026131171133118424,EXP_LGBModel_Alpha158_csi300_custom_step0_s_20261001_20,4efc3642ebeb4b989c5b9f1de51346b1,0.113,,,
2919,2026-09-30,SZ002558,-0.0007729442065242505,EXP_LGBModel_Alpha158_csi300_custom_step0_s_20261001_20,4efc3642ebeb4b989c5b9f1de51346b1,0.113,,,
2920,2026-09-30,SZ002532,0.0011315202940958237,EXP_LGBModel_Alpha158_csi300_custom_step0_s_20261001_20,4efc3642ebeb4b989c5b9f1de51346b1,0.113,,,
2921,2026-09-30,SZ002493,-0.002229381097098141,EXP_LGBModel_Alpha158_csi300_custom_step0_s_20261001_20,4efc3642ebeb4b989c5b9f1de51346b1,0.113,,,
2922,2026-09-30,SZ002475,0.0011252129670925217,EXP_LGBModel_Alpha158_csi300_custom_step0_s_20261001_20,4efc3642ebeb4b989c5b9f1de51346b1,0.113,,,
2923,2026-09-30,SZ002466,-1.0385510510181694e-10,EXP_LGBModel_Alpha158_csi300_custom_step0_s_20261001_20,4efc3642ebeb4b989c5b9f1de51346b1,0.113,,,
2924,2026-09-30,SZ002463,-0.002251075548246775,EXP_LGBModel_Alpha158_csi300_custom_step0_s_20261001_20,4efc3642ebeb4b989c5b9f1de51346b1,0.113,,,
2925,2026-09-30,SZ002460,-1.0385510510181694e-10,EXP_LGBModel_Alpha158_csi300_custom_step0_s_20261001_20,4efc3642ebeb4b989c5b9f1de51346b1,0.113,,,
2926,2026-09-30,SZ002230,-1.0385510510181694e-10,EXP_LGBModel_Alpha158_csi300_custom_step0_s_20261001_20,4efc3642ebeb4b989c5b9f1de51346b1,0.113,,,
2927,2026-09-30,SZ002422,0.0011315202940958237,EXP_LGBModel_Alpha158_csi300_custom_step0_s_20261001_20,4efc3642ebeb4b989c5b9f1de51346b1,0.113,,,
2928,2026-09-30,SZ002384,-0.0007730305759483088,EXP_LGBModel_Alpha158_csi300_custom_step0_s_20261001_20,4efc3642ebeb4b989c5b9f1de51346b1,0.113,,,
2929,2026-09-30,SZ002371,-0.0007730305759483088,EXP_LGBModel_Alpha158_csi300_custom_step0_s_20261001_20,4efc3642ebeb4b989c5b9f1de51346b1,0.113,,,
2930,2026-09-30,SZ002353,-1.0385510510181694e-10,EXP_LGBModel_Alpha158_csi300_custom_step0_s_20261001_20,4efc3642ebeb4b989c5b9f1de51346b1,0.113,,,
2931,2026-09-30,SZ002352,0.0026131171133118424,EXP_LGBModel_Alpha158_csi300_custom_step0_s_20261001_20,4efc3642ebeb4b989c5b9f1de51346b1,0.113,,,
2932,2026-09-30,SZ002311,-0.0007729442065242505,EXP_LGBModel_Alpha158_csi300_custom_step0_s_20261001_20,4efc3642ebeb4b989c5b9f1de51346b1,0.113,,,
2933,2026-09-30,SZ002304,-1.0385510510181694e-10,EXP_LGBModel_Alpha158_csi300_custom_step0_s_20261001_20,4efc3642ebeb4b989c5b9f1de51346b1,0.113,,,
2934,2026-09-30,SZ002241,-1.0385510510181694e-10,EXP_LGBModel_Alpha158_csi300_custom_step0_s_20261001_20,4efc3642ebeb4b989c5b9f1de51346b1,0.113,,,
2935,2026-09-30,SZ002415,-1.0385510510181694e-10,EXP_LGBModel_Alpha158_csi300_custom_step0_s_20261001_20,4efc3642ebeb4b989c5b9f1de51346b1,0.113,,,
2936,2026-09-30,SZ300896,-0.002229381097098141,EXP_LGBModel_Alpha158_csi300_custom_step0_s_20261001_20,4efc3642ebeb4b989c5b9f1de51346b1,0.113,,,
2937,2026-09-30,SZ300999,-0.0007729442065242505,EXP_LGBModel_Alpha158_csi300_custom_step0_s_20261001_20,4efc3642ebeb4b989c5b9f1de51346b1,0.113,,,
2938,2026-09-30,SZ301165,-0.0007730305759483088,EXP_LGBModel_Alpha158_csi300_custom_step0_s_20261001_20,4efc3642ebeb4b989c5b9f1de51346b1,0.113,,,
2939,2026-09-30,SH600519,0.008258615918565429,EXP_LGBModel_Alpha158_csi300_custom_step0_s_20261001_20,234de275c25240099ec14ad53312a960,0.082,,,
2940,2026-09-30,SH600515,0.0005389998347031539,EXP_LGBModel_Alpha158_csi300_custom_step0_s_20261001_20,234de275c25240099ec14ad53312a960,0.082,,,
2941,2026-09-30,SH600489,6.698239518289264e-05,EXP_LGBModel_Alpha158_csi300_custom_step0_s_20261001_20,234de275c25240099ec14ad53312a960,0.082,,,
2942,2026-09-30,SH600482,0.003276121293473393,EXP_LGBModel_Alpha158_csi300_custom_step0_s_20261001_20,234de275c25240099ec14ad53312a960,0.082,,,
2943,2026-09-30,SH600460,-0.020121904246453,EXP_LGBModel_Alpha158_csi300_custom_step0_s_20261001_20,234de275c25240099ec14ad53312a960,0.082,,,
2944,2026-09-30,SH600438,-0.01940736555523348,EXP_LGBModel_Alpha158_csi300_custom_step0_s_20261001_20,234de275c25240099ec14ad53312a960,0.082,,,
2945,2026-09-30,SH600436,0.004372045801969178,EXP_LGBModel_Alpha158_csi300_custom_step0_s_20261001_20,234de275c25240099ec14ad53312a960,0.082,,,
2946,2026-09-30,SH600522,-0.016124752121051564,EXP_LGBModel_Alpha158_csi300_custom_step0_s_20261001_20,234de275c25240099ec14ad53312a960,0.082,,,
2947,2026-09-30,SH600426,-0.01823165762023915,EXP_LGBModel_Alpha158_csi300_custom_step0_s_20261001_20,234de275c25240099ec14ad53312a960,0.082,,,
2948,2026-09-30,SH600406,0.013970581968916684,EXP_LGBModel_Alpha158_csi300_custom_step0_s_20261001_20,234de275c25240099ec14ad53312a960,0.082,,,
2949,2026-09-30,SH600372,0.006436046310417687,EXP_LGBModel_Alpha158_csi300_custom_step0_s_20261001_20,234de275c25240099ec14ad53312a960,0.082,,,
2950,2026-09-30,SH600362,-0.013048834062920022,EXP_LGBModel_Alpha158_csi300_custom_step0_s_20261001_20,234de275c25240099ec14ad53312a960,0.082,,,
2951,2026-09-30,SH600346,-0.0005794026480990455,EXP_LGBModel_Alpha158_csi300_custom_step0_s_20261001_20,234de275c25240099ec14ad53312a960,0.082,,,
2952,2026-09-30,SH600309,-0.013941321183496662,EXP_LGBModel_Alpha158_csi300_custom_step0_s_20261001_20,234de275c25240099ec14ad53312a960,0.082,,,
2953,2026-09-30,SH600276,-0.01571285769487327,EXP_LGBModel_Alpha158_csi300_custom_step0_s_20261001_20,234de275c25240099ec14ad53312a960,0.082,,,
2954,2026-09-30,SH600233,0.005903428230754234,EXP_LGBModel_Alpha158_csi300_custom_step0_s_20261001_20,234de275c25240099ec14ad53312a960,0.082,,,
2955,2026-09-30,SH600415,-0.003454849177244818,EXP_LGBModel_Alpha158_csi300_custom_step0_s_20261001_20,234de275c25240099ec14ad53312a960,0.082,,,
2956,2026-09-30,SH600221,0.00964884879561746,EXP_LGBModel_Alpha158_csi300_custom_step0_s_20261001_20,234de275c25240099ec14ad53312a960,0.082,,,
2957,2026-09-30,SH600547,0.03317090611493499,EXP_LGBModel_Alpha158_csi300_custom_step0_s_20261001_20,234de275c25240099ec14ad53312a960,0.082,,,
2958,2026-09-30,SH600570,-0.01483626830873394,EXP_LGBModel_Alpha158_csi300_custom_step0_s_20261001_20,234de275c25240099ec14ad53312a960,0.082,,,
2959,2026-09-30,SH600887,0.0204513091825044,EXP_LGBModel_Alpha158_csi300_custom_step0_s_20261001_20,234de275c25240099ec14ad53312a960,0.082,,,
2960,2026-09-30,SH600886,0.006396409840682628,EXP_LGBModel_Alpha158_csi300_custom_step0_s_20261001_20,234de275c25240099ec14ad53312a960,0.082,,,
2961,2026-09-30,SH600875,-0.02059179574332564,EXP_LGBModel_Alpha158_csi300_custom_step0_s_20261001_20,234de275c25240099ec14ad53312a960,0.082,,,
2962,2026-09-30,SH600845,-0.009761669936472631,EXP_LGBModel_Alpha158_csi300_custom_step0_s_20261001_20,234de275c25240099ec14ad53312a960,0.082,,,
2963,2026-09-30,SH600809,-0.012090395646888519,EXP_LGBModel_Alpha158_csi300_custom_step0_s_20261001_20,234de275c25240099ec14ad53312a960,0.082,,,
2964,2026-09-30,SH600803,0.009232479810217874,EXP_LGBModel_Alpha158_csi300_custom_step0_s_20261001_20,234de275c25240099ec14ad53312a960,0.082,,,
2965,2026-09-30,SH600795,0.021530236967216003,EXP_LGBModel_Alpha158_csi300_custom_step0_s_20261001_20,234de275c25240099ec14ad53312a960,0.082,,,
2966,2026-09-30,SH600549,-0.012527200924480883,EXP_LGBModel_Alpha158_csi300_custom_step0_s_20261001_20,234de275c25240099ec14ad53312a960,0.082,,,
2967,2026-09-30,SH600760,0.004153555862814021,EXP_LGBModel_Alpha158_csi300_custom_step0_s_20261001_20,234de275c25240099ec14ad53312a960,0.082,,,
2968,2026-09-30,SH600690,0.00812750536626906,EXP_LGBModel_Alpha158_csi300_custom_step0_s_20261001_20,234de275c25240099ec14ad53312a960,0.082,,,
2969,2026-09-30,SH600674,0.01321333260219783,EXP_LGBModel_Alpha158_csi300_custom_step0_s_20261001_20,234de275c25240099ec14ad53312a960,0.082,,,
2970,2026-09-30,SH600660,0.009927576312844414,EXP_LGBModel_Alpha158_csi300_custom_step0_s_20261001_20,234de275c25240099ec14ad53312a960,0.082,,,
2971,2026-09-30,SH600600,0.0006739437301194269,EXP_LGBModel_Alpha158_csi300_custom_step0_s_20261001_20,234de275c25240099ec14ad53312a960,0.082,,,
2972,2026-09-30,SH600588,-0.015126680625483956,EXP_LGBModel_Alpha158_csi300_custom_step0_s_20261001_20,234de275c25240099ec14ad53312a960,0.082,,,
2973,2026-09-30,SH600585,-0.009428393443300615,EXP_LGBModel_Alpha158_csi300_custom_step0_s_20261001_20,234de275c25240099ec14ad53312a960,0.082,,,
2974,2026-09-30,SH600584,-0.020121904246453,EXP_LGBModel_Alpha158_csi300_custom_step0_s_20261001_20,234de275c25240099ec14ad53312a960,0.082,,,
2975,2026-09-30,SH600741,0.02198798910066701,EXP_LGBModel_Alpha158_csi300_custom_step0_s_20261001_20,234de275c25240099ec14ad53312a960,0.082,,,
2976,2026-09-30,SZ000938,-0.002251075548246775,EXP_LGBModel_Alpha158_csi300_custom_step0_s_20261001_20,4efc3642ebeb4b989c5b9f1de51346b1,0.113,,,
2977,2026-09-30,SH600219,-0.007391168504491282,EXP_LGBModel_Alpha158_csi300_custom_step0_s_20261001_20,234de275c25240099ec14ad53312a960,0.082,,,
2978,2026-09-30,SH600188,-0.005877703015757923,EXP_LGBModel_Alpha158_csi300_custom_step0_s_20261001_20,234de275c25240099ec14ad53312a960,0.082,,,
2979,2026-09-30,SH600027,0.02455684546373383,EXP_LGBModel_Alpha158_csi300_custom_step0_s_20261001_20,234de275c25240099ec14ad53312a960,0.082,,,
2980,2026-09-30,SH600026,-0.009660979556213157,EXP_LGBModel_Alpha158_csi300_custom_step0_s_20261001_20,234de275c25240099ec14ad53312a960,0.082,,,
2981,2026-09-30,SH600025,0.022524050775717112,EXP_LGBModel_Alpha158_csi300_custom_step0_s_20261001_20,234de275c25240099ec14ad53312a960,0.082,,,
2982,2026-09-30,SH600023,0.024544898278492745,EXP_LGBModel_Alpha158_csi300_custom_step0_s_20261001_20,234de275c25240099ec14ad53312a960,0.082,,,
2983,2026-09-30,SH600019,0.02455684546373383,EXP_LGBModel_Alpha158_csi300_custom_step0_s_20261001_20,234de275c25240099ec14ad53312a960,0.082,,,
2984,2026-09-30,SH600018,0.011652238158817746,EXP_LGBModel_Alpha158_csi300_custom_step0_s_20261001_20,234de275c25240099ec14ad53312a960,0.082,,,
2985,2026-09-30,SH600016,0.01567968816233671,EXP_LGBModel_Alpha158_csi300_custom_step0_s_20261001_20,234de275c25240099ec14ad53312a960,0.082,,,
2986,2026-09-30,SH600028,-0.00655405431569326,EXP_LGBModel_Alpha158_csi300_custom_step0_s_20261001_20,234de275c25240099ec14ad53312a960,0.082,,,
2987,2026-09-30,SH600015,0.00021943328843622998,EXP_LGBModel_Alpha158_csi300_custom_step0_s_20261001_20,234de275c25240099ec14ad53312a960,0.082,,,
2988,2026-09-30,SH600010,0.00964884879561746,EXP_LGBModel_Alpha158_csi300_custom_step0_s_20261001_20,234de275c25240099ec14ad53312a960,0.082,,,
2989,2026-09-30,SH600009,0.013817347228887071,EXP_LGBModel_Alpha158_csi300_custom_step0_s_20261001_20,234de275c25240099ec14ad53312a960,0.082,,,
2990,2026-09-30,SH600000,0.00023190060364482366,EXP_LGBModel_Alpha158_csi300_custom_step0_s_20261001_20,234de275c25240099ec14ad53312a960,0.082,,,
2991,2026-09-30,SZ302132,-0.002229381097098141,EXP_LGBModel_Alpha158_csi300_custom_step0_s_20261001_20,4efc3642ebeb4b989c5b9f1de51346b1,0.113,,,
2992,2026-09-30,SZ301308,-0.0007730305759483088,EXP_LGBModel_Alpha158_csi300_custom_step0_s_20261001_20,4efc3642ebeb4b989c5b9f1de51346b1,0.113,,,
2993,2026-09-30,SZ301269,-0.0007730305759483088,EXP_LGBModel_Alpha158_csi300_custom_step0_s_20261001_20,4efc3642ebeb4b989c5b9f1de51346b1,0.113,,,
2994,2026-09-30,SZ301236,-0.002251075548246775,EXP_LGBModel_Alpha158_csi300_custom_step0_s_20261001_20,4efc3642ebeb4b989c5b9f1de51346b1,0.113,,,
2995,2026-09-30,SH600011,0.0204513091825044,EXP_LGBModel_Alpha158_csi300_custom_step0_s_20261001_20,234de275c25240099ec14ad53312a960,0.082,,,
2996,2026-09-30,SH600196,-0.006669876634116738,EXP_LGBModel_Alpha158_csi300_custom_step0_s_20261001_20,234de275c25240099ec14ad53312a960,0.082,,,
2997,2026-09-30,SH600029,0.00791146759785233,EXP_LGBModel_Alpha158_csi300_custom_step0_s_20261001_20,234de275c25240099ec14ad53312a960,0.082,,,
2998,2026-09-30,SH600031,-0.0017797909953368172,EXP_LGBModel_Alpha158_csi300_custom_step0_s_20261001_20,234de275c25240099ec14ad53312a960,0.082,,,
2999,2026-09-30,SH600183,-0.014110557316738201,EXP_LGBModel_Alpha158_csi300_custom_step0_s_20261001_20,234de275c25240099ec14ad53312a960,0.082,,,
3000,2026-09-30,SH600176,-0.01444945610383384,EXP_LGBModel_Alpha158_csi300_custom_step0_s_20261001_20,234de275c25240099ec14ad53312a960,0.082,,,
3001,2026-09-30,SH600160,-0.003964110304420454,EXP_LGBModel_Alpha158_csi300_custom_step0_s_20261001_20,234de275c25240099ec14ad53312a960,0.082,,,
3002,2026-09-30,SH600150,0.007003021828199278,EXP_LGBModel_Alpha158_csi300_custom_step0_s_20261001_20,234de275c25240099ec14ad53312a960,0.082,,,
3003,2026-09-30,SH600118,-0.015233517821668957,EXP_LGBModel_Alpha158_csi300_custom_step0_s_20261001_20,234de275c25240099ec14ad53312a960,0.082,,,
3004,2026-09-30,SH600115,-0.01643602180122784,EXP_LGBModel_Alpha158_csi300_custom_step0_s_20261001_20,234de275c25240099ec14ad53312a960,0.082,,,
3005,2026-09-30,SH600111,-0.004667796968785886,EXP_LGBModel_Alpha158_csi300_custom_step0_s_20261001_20,234de275c25240099ec14ad53312a960,0.082,,,
3006,2026-09-30,SH600030,-0.005753201977038921,EXP_LGBModel_Alpha158_csi300_custom_step0_s_20261001_20,234de275c25240099ec14ad53312a960,0.082,,,
3007,2026-09-30,SH600104,-0.016208812723146865,EXP_LGBModel_Alpha158_csi300_custom_step0_s_20261001_20,234de275c25240099ec14ad53312a960,0.082,,,
3008,2026-09-30,SH600085,0.013685032846834465,EXP_LGBModel_Alpha158_csi300_custom_step0_s_20261001_20,234de275c25240099ec14ad53312a960,0.082,,,
3009,2026-09-30,SH600066,-0.007352738482255964,EXP_LGBModel_Alpha158_csi300_custom_step0_s_20261001_20,234de275c25240099ec14ad53312a960,0.082,,,
3010,2026-09-30,SH600061,0.011623890386089004,EXP_LGBModel_Alpha158_csi300_custom_step0_s_20261001_20,234de275c25240099ec14ad53312a960,0.082,,,
3011,2026-09-30,SH600050,0.02198798910066701,EXP_LGBModel_Alpha158_csi300_custom_step0_s_20261001_20,234de275c25240099ec14ad53312a960,0.082,,,
3012,2026-09-30,SH600048,-0.0026291633411305144,EXP_LGBModel_Alpha158_csi300_custom_step0_s_20261001_20,234de275c25240099ec14ad53312a960,0.082,,,
3013,2026-09-30,SH600039,0.0011315475904468794,EXP_LGBModel_Alpha158_csi300_custom_step0_s_20261001_20,234de275c25240099ec14ad53312a960,0.082,,,
3014,2026-09-30,SH600036,0.02455684546373383,EXP_LGBModel_Alpha158_csi300_custom_step0_s_20261001_20,234de275c25240099ec14ad53312a960,0.082,,,
3015,2026-09-30,SH600089,-0.003435364975625208,EXP_LGBModel_Alpha158_csi300_custom_step0_s_20261001_20,234de275c25240099ec14ad53312a960,0.082,,,
3016,2026-09-30,SH600309,-0.006531092465815414,EXP_CatBoostModel_Alpha158_csi300_custom_step0_s_20261001_20,d2c242947a384e0a9d8432a950534829,0.035,,,
3017,2026-09-30,SZ000895,-1.0385510510181694e-10,EXP_LGBModel_Alpha158_csi300_custom_step0_s_20261001_20,4efc3642ebeb4b989c5b9f1de51346b1,0.113,,,
3018,2026-09-30,SZ000807,0.0011315202940958237,EXP_LGBModel_Alpha158_csi300_custom_step0_s_20261001_20,4efc3642ebeb4b989c5b9f1de51346b1,0.113,,,
3019,2026-09-30,SH601360,-0.0008592413258303976,EXP_LGBModel_Alpha158_csi300_custom_step0_s_20261001_20,4efc3642ebeb4b989c5b9f1de51346b1,0.113,,,
3020,2026-09-30,SH601336,-1.0385510510181694e-10,EXP_LGBModel_Alpha158_csi300_custom_step0_s_20261001_20,4efc3642ebeb4b989c5b9f1de51346b1,0.113,,,
3021,2026-09-30,SH601328,0.000965691268292079,EXP_LGBModel_Alpha158_csi300_custom_step0_s_20261001_20,4efc3642ebeb4b989c5b9f1de51346b1,0.113,,,
3022,2026-09-30,SH601319,-1.0385510510181694e-10,EXP_LGBModel_Alpha158_csi300_custom_step0_s_20261001_20,4efc3642ebeb4b989c5b9f1de51346b1,0.113,,,
3023,2026-09-30,SH601318,-0.002229381097098141,EXP_LGBModel_Alpha158_csi300_custom_step0_s_20261001_20,4efc3642ebeb4b989c5b9f1de51346b1,0.113,,,
3024,2026-09-30,SH601288,0.0026131171133118424,EXP_LGBModel_Alpha158_csi300_custom_step0_s_20261001_20,4efc3642ebeb4b989c5b9f1de51346b1,0.113,,,
3025,2026-09-30,SH601238,0.0018281511690229474,EXP_LGBModel_Alpha158_csi300_custom_step0_s_20261001_20,4efc3642ebeb4b989c5b9f1de51346b1,0.113,,,
3026,2026-09-30,SH601229,0.0026131171133118424,EXP_LGBModel_Alpha158_csi300_custom_step0_s_20261001_20,4efc3642ebeb4b989c5b9f1de51346b1,0.113,,,
3027,2026-09-30,SH601225,-1.0385510510181694e-10,EXP_LGBModel_Alpha158_csi300_custom_step0_s_20261001_20,4efc3642ebeb4b989c5b9f1de51346b1,0.113,,,
3028,2026-09-30,SH601211,-1.0385510510181694e-10,EXP_LGBModel_Alpha158_csi300_custom_step0_s_20261001_20,4efc3642ebeb4b989c5b9f1de51346b1,0.113,,,
3029,2026-09-30,SH601186,0.0026131171133118424,EXP_LGBModel_Alpha158_csi300_custom_step0_s_20261001_20,4efc3642ebeb4b989c5b9f1de51346b1,0.113,,,
3030,2026-09-30,SH601169,0.0026131171133118424,EXP_LGBModel_Alpha158_csi300_custom_step0_s_20261001_20,4efc3642ebeb4b989c5b9f1de51346b1,0.113,,,
3031,2026-09-30,SH601166,-1.0385510510181694e-10,EXP_LGBModel_Alpha158_csi300_custom_step0_s_20261001_20,4efc3642ebeb4b989c5b9f1de51346b1,0.113,,,
3032,2026-09-30,SH601138,-1.0385510510181694e-10,EXP_LGBModel_Alpha158_csi300_custom_step0_s_20261001_20,4efc3642ebeb4b989c5b9f1de51346b1,0.113,,,
3033,2026-09-30,SH601136,-1.0385510510181694e-10,EXP_LGBModel_Alpha158_csi300_custom_step0_s_20261001_20,4efc3642ebeb4b989c5b9f1de51346b1,0.113,,,
3034,2026-09-30,SH601377,0.0026131171133118424,EXP_LGBModel_Alpha158_csi300_custom_step0_s_20261001_20,4efc3642ebeb4b989c5b9f1de51346b1,0.113,,,
3035,2026-09-30,SH601390,0.000965691268292079,EXP_LGBModel_Alpha158_csi300_custom_step0_s_20261001_20,4efc3642ebeb4b989c5b9f1de51346b1,0.113,,,
3036,2026-09-30,SH601398,0.0026131171133118424,EXP_LGBModel_Alpha158_csi300_custom_step0_s_20261001_20,4efc3642ebeb4b989c5b9f1de51346b1,0.113,,,
3037,2026-09-30,SH601456,0.0026131171133118424,EXP_LGBModel_Alpha158_csi300_custom_step0_s_20261001_20,4efc3642ebeb4b989c5b9f1de51346b1,0.113,,,
3038,2026-09-30,SH601788,-1.0385510510181694e-10,EXP_LGBModel_Alpha158_csi300_custom_step0_s_20261001_20,4efc3642ebeb4b989c5b9f1de51346b1,0.113,,,
3039,2026-09-30,SH601766,0.0026131171133118424,EXP_LGBModel_Alpha158_csi300_custom_step0_s_20261001_20,4efc3642ebeb4b989c5b9f1de51346b1,0.113,,,
3040,2026-09-30,SH601728,0.0026131171133118424,EXP_LGBModel_Alpha158_csi300_custom_step0_s_20261001_20,4efc3642ebeb4b989c5b9f1de51346b1,0.113,,,
3041,2026-09-30,SH601727,0.0026131171133118424,EXP_LGBModel_Alpha158_csi300_custom_step0_s_20261001_20,4efc3642ebeb4b989c5b9f1de51346b1,0.113,,,
3042,2026-09-30,SH601698,-0.0007730305759483088,EXP_LGBModel_Alpha158_csi300_custom_step0_s_20261001_20,4efc3642ebeb4b989c5b9f1de51346b1,0.113,,,
3043,2026-09-30,SH601689,-0.002229381097098141,EXP_LGBModel_Alpha158_csi300_custom_step0_s_20261001_20,4efc3642ebeb4b989c5b9f1de51346b1,0.113,,,
3044,2026-09-30,SH601688,-1.0385510510181694e-10,EXP_LGBModel_Alpha158_csi300_custom_step0_s_20261001_20,4efc3642ebeb4b989c5b9f1de51346b1,0.113,,,
3045,2026-09-30,SH601127,-0.002229381097098141,EXP_LGBModel_Alpha158_csi300_custom_step0_s_20261001_20,4efc3642ebeb4b989c5b9f1de51346b1,0.113,,,
3046,2026-09-30,SH601669,0.0026131171133118424,EXP_LGBModel_Alpha158_csi300_custom_step0_s_20261001_20,4efc3642ebeb4b989c5b9f1de51346b1,0.113,,,
3047,2026-09-30,SH601658,-1.0385510510181694e-10,EXP_LGBModel_Alpha158_csi300_custom_step0_s_20261001_20,4efc3642ebeb4b989c5b9f1de51346b1,0.113,,,
3048,2026-09-30,SH601633,-0.0007729442065242505,EXP_LGBModel_Alpha158_csi300_custom_step0_s_20261001_20,4efc3642ebeb4b989c5b9f1de51346b1,0.113,,,
3049,2026-09-30,SH601628,-1.0385510510181694e-10,EXP_LGBModel_Alpha158_csi300_custom_step0_s_20261001_20,4efc3642ebeb4b989c5b9f1de51346b1,0.113,,,
3050,2026-09-30,SH601618,-1.0385510510181694e-10,EXP_LGBModel_Alpha158_csi300_custom_step0_s_20261001_20,4efc3642ebeb4b989c5b9f1de51346b1,0.113,,,
3051,2026-09-30,SH601607,0.0026131171133118424,EXP_LGBModel_Alpha158_csi300_custom_step0_s_20261001_20,4efc3642ebeb4b989c5b9f1de51346b1,0.113,,,
3052,2026-09-30,SH601601,-0.002229381097098141,EXP_LGBModel_Alpha158_csi300_custom_step0_s_20261001_20,4efc3642ebeb4b989c5b9f1de51346b1,0.113,,,
3053,2026-09-30,SH601600,0.0011315202940958237,EXP_LGBModel_Alpha158_csi300_custom_step0_s_20261001_20,4efc3642ebeb4b989c5b9f1de51346b1,0.113,,,
3054,2026-09-30,SH601668,0.000965691268292079,EXP_LGBModel_Alpha158_csi300_custom_step0_s_20261001_20,4efc3642ebeb4b989c5b9f1de51346b1,0.113,,,
3055,2026-09-30,SH601117,0.0026131171133118424,EXP_LGBModel_Alpha158_csi300_custom_step0_s_20261001_20,4efc3642ebeb4b989c5b9f1de51346b1,0.113,,,
3056,2026-09-30,SH601111,0.000965691268292079,EXP_LGBModel_Alpha158_csi300_custom_step0_s_20261001_20,4efc3642ebeb4b989c5b9f1de51346b1,0.113,,,
3057,2026-09-30,SH601100,0.0011252129670925217,EXP_LGBModel_Alpha158_csi300_custom_step0_s_20261001_20,4efc3642ebeb4b989c5b9f1de51346b1,0.113,,,
3058,2026-09-30,SH600893,-0.002229381097098141,EXP_LGBModel_Alpha158_csi300_custom_step0_s_20261001_20,4efc3642ebeb4b989c5b9f1de51346b1,0.113,,,
3059,2026-09-30,SH600887,0.0026131171133118424,EXP_LGBModel_Alpha158_csi300_custom_step0_s_20261001_20,4efc3642ebeb4b989c5b9f1de51346b1,0.113,,,
3060,2026-09-30,SH600886,-1.0385510510181694e-10,EXP_LGBModel_Alpha158_csi300_custom_step0_s_20261001_20,4efc3642ebeb4b989c5b9f1de51346b1,0.113,,,
3061,2026-09-30,SH600875,-0.001831927308153401,EXP_LGBModel_Alpha158_csi300_custom_step0_s_20261001_20,4efc3642ebeb4b989c5b9f1de51346b1,0.113,,,
3062,2026-09-30,SH600845,-1.0385510510181694e-10,EXP_LGBModel_Alpha158_csi300_custom_step0_s_20261001_20,4efc3642ebeb4b989c5b9f1de51346b1,0.113,,,
3063,2026-09-30,SH600809,-1.0385510510181694e-10,EXP_LGBModel_Alpha158_csi300_custom_step0_s_20261001_20,4efc3642ebeb4b989c5b9f1de51346b1,0.113,,,
3064,2026-09-30,SH600803,0.000965691268292079,EXP_LGBModel_Alpha158_csi300_custom_step0_s_20261001_20,4efc3642ebeb4b989c5b9f1de51346b1,0.113,,,
3065,2026-09-30,SH600900,0.0026131171133118424,EXP_LGBModel_Alpha158_csi300_custom_step0_s_20261001_20,4efc3642ebeb4b989c5b9f1de51346b1,0.113,,,
3066,2026-09-30,SH600795,0.0026131171133118424,EXP_LGBModel_Alpha158_csi300_custom_step0_s_20261001_20,4efc3642ebeb4b989c5b9f1de51346b1,0.113,,,
3067,2026-09-30,SH600741,0.0026131171133118424,EXP_LGBModel_Alpha158_csi300_custom_step0_s_20261001_20,4efc3642ebeb4b989c5b9f1de51346b1,0.113,,,
3068,2026-09-30,SH600690,0.0018281511690229474,EXP_LGBModel_Alpha158_csi300_custom_step0_s_20261001_20,4efc3642ebeb4b989c5b9f1de51346b1,0.113,,,
3069,2026-09-30,SH600674,0.000965691268292079,EXP_LGBModel_Alpha158_csi300_custom_step0_s_20261001_20,4efc3642ebeb4b989c5b9f1de51346b1,0.113,,,
3070,2026-09-30,SH600660,-1.0385510510181694e-10,EXP_LGBModel_Alpha158_csi300_custom_step0_s_20261001_20,4efc3642ebeb4b989c5b9f1de51346b1,0.113,,,
3071,2026-09-30,SH600600,-1.0385510510181694e-10,EXP_LGBModel_Alpha158_csi300_custom_step0_s_20261001_20,4efc3642ebeb4b989c5b9f1de51346b1,0.113,,,
3072,2026-09-30,SH600588,-0.0007729442065242505,EXP_LGBModel_Alpha158_csi300_custom_step0_s_20261001_20,4efc3642ebeb4b989c5b9f1de51346b1,0.113,,,
3073,2026-09-30,SH600585,-1.0385510510181694e-10,EXP_LGBModel_Alpha158_csi300_custom_step0_s_20261001_20,4efc3642ebeb4b989c5b9f1de51346b1,0.113,,,
3074,2026-09-30,SH600760,0.0011315202940958237,EXP_LGBModel_Alpha158_csi300_custom_step0_s_20261001_20,4efc3642ebeb4b989c5b9f1de51346b1,0.113,,,
3075,2026-09-30,SH601800,0.0026131171133118424,EXP_LGBModel_Alpha158_csi300_custom_step0_s_20261001_20,4efc3642ebeb4b989c5b9f1de51346b1,0.113,,,
3076,2026-09-30,SH600905,-1.0385510510181694e-10,EXP_LGBModel_Alpha158_csi300_custom_step0_s_20261001_20,4efc3642ebeb4b989c5b9f1de51346b1,0.113,,,
3077,2026-09-30,SH600919,0.0026131171133118424,EXP_LGBModel_Alpha158_csi300_custom_step0_s_20261001_20,4efc3642ebeb4b989c5b9f1de51346b1,0.113,,,
3078,2026-09-30,SH601088,0.000965691268292079,EXP_LGBModel_Alpha158_csi300_custom_step0_s_20261001_20,4efc3642ebeb4b989c5b9f1de51346b1,0.113,,,
3079,2026-09-30,SH601077,-0.0008592413258303976,EXP_LGBModel_Alpha158_csi300_custom_step0_s_20261001_20,4efc3642ebeb4b989c5b9f1de51346b1,0.113,,,
3080,2026-09-30,SH601066,-1.0385510510181694e-10,EXP_LGBModel_Alpha158_csi300_custom_step0_s_20261001_20,4efc3642ebeb4b989c5b9f1de51346b1,0.113,,,
3081,2026-09-30,SH601058,0.0011315202940958237,EXP_LGBModel_Alpha158_csi300_custom_step0_s_20261001_20,4efc3642ebeb4b989c5b9f1de51346b1,0.113,,,
3082,2026-09-30,SH601021,0.0011315202940958237,EXP_LGBModel_Alpha158_csi300_custom_step0_s_20261001_20,4efc3642ebeb4b989c5b9f1de51346b1,0.113,,,
3083,2026-09-30,SH601018,0.0026131171133118424,EXP_LGBModel_Alpha158_csi300_custom_step0_s_20261001_20,4efc3642ebeb4b989c5b9f1de51346b1,0.113,,,
3084,2026-09-30,SH601012,-0.0007729442065242505,EXP_LGBModel_Alpha158_csi300_custom_step0_s_20261001_20,4efc3642ebeb4b989c5b9f1de51346b1,0.113,,,
3085,2026-09-30,SH600918,0.0026131171133118424,EXP_LGBModel_Alpha158_csi300_custom_step0_s_20261001_20,4efc3642ebeb4b989c5b9f1de51346b1,0.113,,,
3086,2026-09-30,SH601009,0.0026131171133118424,EXP_LGBModel_Alpha158_csi300_custom_step0_s_20261001_20,4efc3642ebeb4b989c5b9f1de51346b1,0.113,,,
3087,2026-09-30,SH600999,-1.0385510510181694e-10,EXP_LGBModel_Alpha158_csi300_custom_step0_s_20261001_20,4efc3642ebeb4b989c5b9f1de51346b1,0.113,,,
3088,2026-09-30,SH600989,0.0011315202940958237,EXP_LGBModel_Alpha158_csi300_custom_step0_s_20261001_20,4efc3642ebeb4b989c5b9f1de51346b1,0.113,,,
3089,2026-09-30,SH600958,-1.0385510510181694e-10,EXP_LGBModel_Alpha158_csi300_custom_step0_s_20261001_20,4efc3642ebeb4b989c5b9f1de51346b1,0.113,,,
3090,2026-09-30,SH600941,0.0026131171133118424,EXP_LGBModel_Alpha158_csi300_custom_step0_s_20261001_20,4efc3642ebeb4b989c5b9f1de51346b1,0.113,,,
3091,2026-09-30,SH600938,-1.0385510510181694e-10,EXP_LGBModel_Alpha158_csi300_custom_step0_s_20261001_20,4efc3642ebeb4b989c5b9f1de51346b1,0.113,,,
3092,2026-09-30,SH600930,-1.0385510510181694e-10,EXP_LGBModel_Alpha158_csi300_custom_step0_s_20261001_20,4efc3642ebeb4b989c5b9f1de51346b1,0.113,,,
3093,2026-09-30,SH600926,0.0026131171133118424,EXP_LGBModel_Alpha158_csi300_custom_step0_s_20261001_20,4efc3642ebeb4b989c5b9f1de51346b1,0.113,,,
3094,2026-09-30,SH601006,0.0026131171133118424,EXP_LGBModel_Alpha158_csi300_custom_step0_s_20261001_20,4efc3642ebeb4b989c5b9f1de51346b1,0.113,,,
3095,2026-09-30,SH601816,0.0026131171133118424,EXP_LGBModel_Alpha158_csi300_custom_step0_s_20261001_20,4efc3642ebeb4b989c5b9f1de51346b1,0.113,,,
3096,2026-09-30,SH601818,0.0026131171133118424,EXP_LGBModel_Alpha158_csi300_custom_step0_s_20261001_20,4efc3642ebeb4b989c5b9f1de51346b1,0.113,,,
3097,2026-09-30,SH601825,0.0026131171133118424,EXP_LGBModel_Alpha158_csi300_custom_step0_s_20261001_20,4efc3642ebeb4b989c5b9f1de51346b1,0.113,,,
3098,2026-09-30,SZ000100,0.0018281511690229474,EXP_LGBModel_Alpha158_csi300_custom_step0_s_20261001_20,4efc3642ebeb4b989c5b9f1de51346b1,0.113,,,
3099,2026-09-30,SZ000063,-1.0385510510181694e-10,EXP_LGBModel_Alpha158_csi300_custom_step0_s_20261001_20,4efc3642ebeb4b989c5b9f1de51346b1,0.113,,,
3100,2026-09-30,SZ000002,-0.002229381097098141,EXP_LGBModel_Alpha158_csi300_custom_step0_s_20261001_20,4efc3642ebeb4b989c5b9f1de51346b1,0.113,,,
3101,2026-09-30,SZ000001,0.000965691268292079,EXP_LGBModel_Alpha158_csi300_custom_step0_s_20261001_20,4efc3642ebeb4b989c5b9f1de51346b1,0.113,,,
3102,2026-09-30,SH688981,-0.0007730305759483088,EXP_LGBModel_Alpha158_csi300_custom_step0_s_20261001_20,4efc3642ebeb4b989c5b9f1de51346b1,0.113,,,
3103,2026-09-30,SH688521,-0.0007730305759483088,EXP_LGBModel_Alpha158_csi300_custom_step0_s_20261001_20,4efc3642ebeb4b989c5b9f1de51346b1,0.113,,,
3104,2026-09-30,SH688506,-0.002229381097098141,EXP_LGBModel_Alpha158_csi300_custom_step0_s_20261001_20,4efc3642ebeb4b989c5b9f1de51346b1,0.113,,,
3105,2026-09-30,SZ000157,-0.0007729442065242505,EXP_LGBModel_Alpha158_csi300_custom_step0_s_20261001_20,4efc3642ebeb4b989c5b9f1de51346b1,0.113,,,
3106,2026-09-30,SH688472,-1.0385510510181694e-10,EXP_LGBModel_Alpha158_csi300_custom_step0_s_20261001_20,4efc3642ebeb4b989c5b9f1de51346b1,0.113,,,
3107,2026-09-30,SH688303,-0.0007729442065242505,EXP_LGBModel_Alpha158_csi300_custom_step0_s_20261001_20,4efc3642ebeb4b989c5b9f1de51346b1,0.113,,,
3108,2026-09-30,SH688271,-0.002229381097098141,EXP_LGBModel_Alpha158_csi300_custom_step0_s_20261001_20,4efc3642ebeb4b989c5b9f1de51346b1,0.113,,,
3109,2026-09-30,SH688256,-1.0385510510181694e-10,EXP_LGBModel_Alpha158_csi300_custom_step0_s_20261001_20,4efc3642ebeb4b989c5b9f1de51346b1,0.113,,,
3110,2026-09-30,SH688223,-0.0007729442065242505,EXP_LGBModel_Alpha158_csi300_custom_step0_s_20261001_20,4efc3642ebeb4b989c5b9f1de51346b1,0.113,,,
3111,2026-09-30,SH688183,-0.002229381097098141,EXP_LGBModel_Alpha158_csi300_custom_step0_s_20261001_20,4efc3642ebeb4b989c5b9f1de51346b1,0.113,,,
3112,2026-09-30,SH688126,0.0011252129670925217,EXP_LGBModel_Alpha158_csi300_custom_step0_s_20261001_20,4efc3642ebeb4b989c5b9f1de51346b1,0.113,,,
3113,2026-09-30,SH688111,0.0011315202940958237,EXP_LGBModel_Alpha158_csi300_custom_step0_s_20261001_20,4efc3642ebeb4b989c5b9f1de51346b1,0.113,,,
3114,2026-09-30,SH688396,-0.0007730305759483088,EXP_LGBModel_Alpha158_csi300_custom_step0_s_20261001_20,4efc3642ebeb4b989c5b9f1de51346b1,0.113,,,
3115,2026-09-30,SH688082,-0.002229381097098141,EXP_LGBModel_Alpha158_csi300_custom_step0_s_20261001_20,4efc3642ebeb4b989c5b9f1de51346b1,0.113,,,
3116,2026-09-30,SZ000166,0.0026131171133118424,EXP_LGBModel_Alpha158_csi300_custom_step0_s_20261001_20,4efc3642ebeb4b989c5b9f1de51346b1,0.113,,,
3117,2026-09-30,SZ000333,-1.0385510510181694e-10,EXP_LGBModel_Alpha158_csi300_custom_step0_s_20261001_20,4efc3642ebeb4b989c5b9f1de51346b1,0.113,,,
3118,2026-09-30,SZ000792,-0.0007729442065242505,EXP_LGBModel_Alpha158_csi300_custom_step0_s_20261001_20,4efc3642ebeb4b989c5b9f1de51346b1,0.113,,,
3119,2026-09-30,SZ000776,-1.0385510510181694e-10,EXP_LGBModel_Alpha158_csi300_custom_step0_s_20261001_20,4efc3642ebeb4b989c5b9f1de51346b1,0.113,,,
3120,2026-09-30,SZ000768,-0.002229381097098141,EXP_LGBModel_Alpha158_csi300_custom_step0_s_20261001_20,4efc3642ebeb4b989c5b9f1de51346b1,0.113,,,
3121,2026-09-30,SZ000725,-0.002251075548246775,EXP_LGBModel_Alpha158_csi300_custom_step0_s_20261001_20,4efc3642ebeb4b989c5b9f1de51346b1,0.113,,,
3122,2026-09-30,SZ000708,-1.0385510510181694e-10,EXP_LGBModel_Alpha158_csi300_custom_step0_s_20261001_20,4efc3642ebeb4b989c5b9f1de51346b1,0.113,,,
3123,2026-09-30,SZ000657,-0.0007730305759483088,EXP_LGBModel_Alpha158_csi300_custom_step0_s_20261001_20,4efc3642ebeb4b989c5b9f1de51346b1,0.113,,,
3124,2026-09-30,SZ000651,0.0026131171133118424,EXP_LGBModel_Alpha158_csi300_custom_step0_s_20261001_20,4efc3642ebeb4b989c5b9f1de51346b1,0.113,,,
3125,2026-09-30,SZ000301,0.0011315202940958237,EXP_LGBModel_Alpha158_csi300_custom_step0_s_20261001_20,4efc3642ebeb4b989c5b9f1de51346b1,0.113,,,
3126,2026-09-30,SZ000630,-0.0007729442065242505,EXP_LGBModel_Alpha158_csi300_custom_step0_s_20261001_20,4efc3642ebeb4b989c5b9f1de51346b1,0.113,,,
3127,2026-09-30,SZ000617,-1.0385510510181694e-10,EXP_LGBModel_Alpha158_csi300_custom_step0_s_20261001_20,4efc3642ebeb4b989c5b9f1de51346b1,0.113,,,
3128,2026-09-30,SZ000596,0.0011315202940958237,EXP_LGBModel_Alpha158_csi300_custom_step0_s_20261001_20,4efc3642ebeb4b989c5b9f1de51346b1,0.113,,,
3129,2026-09-30,SZ000568,-0.0007729442065242505,EXP_LGBModel_Alpha158_csi300_custom_step0_s_20261001_20,4efc3642ebeb4b989c5b9f1de51346b1,0.113,,,
3130,2026-09-30,SZ000538,0.0026131171133118424,EXP_LGBModel_Alpha158_csi300_custom_step0_s_20261001_20,4efc3642ebeb4b989c5b9f1de51346b1,0.113,,,
3131,2026-09-30,SZ000425,-0.0007729442065242505,EXP_LGBModel_Alpha158_csi300_custom_step0_s_20261001_20,4efc3642ebeb4b989c5b9f1de51346b1,0.113,,,
3132,2026-09-30,SZ000408,-0.001831927308153401,EXP_LGBModel_Alpha158_csi300_custom_step0_s_20261001_20,4efc3642ebeb4b989c5b9f1de51346b1,0.113,,,
3133,2026-09-30,SZ000338,-0.001831927308153401,EXP_LGBModel_Alpha158_csi300_custom_step0_s_20261001_20,4efc3642ebeb4b989c5b9f1de51346b1,0.113,,,
3134,2026-09-30,SZ000625,0.000965691268292079,EXP_LGBModel_Alpha158_csi300_custom_step0_s_20261001_20,4efc3642ebeb4b989c5b9f1de51346b1,0.113,,,
3135,2026-09-30,SZ000858,0.000965691268292079,EXP_LGBModel_Alpha158_csi300_custom_step0_s_20261001_20,4efc3642ebeb4b989c5b9f1de51346b1,0.113,,,
3136,2026-09-30,SH688072,-0.0007730305759483088,EXP_LGBModel_Alpha158_csi300_custom_step0_s_20261001_20,4efc3642ebeb4b989c5b9f1de51346b1,0.113,,,
3137,2026-09-30,SH688041,-0.0007730305759483088,EXP_LGBModel_Alpha158_csi300_custom_step0_s_20261001_20,4efc3642ebeb4b989c5b9f1de51346b1,0.113,,,
3138,2026-09-30,SH601988,0.000965691268292079,EXP_LGBModel_Alpha158_csi300_custom_step0_s_20261001_20,4efc3642ebeb4b989c5b9f1de51346b1,0.113,,,
3139,2026-09-30,SH601985,0.0026131171133118424,EXP_LGBModel_Alpha158_csi300_custom_step0_s_20261001_20,4efc3642ebeb4b989c5b9f1de51346b1,0.113,,,
3140,2026-09-30,SH601939,0.0026131171133118424,EXP_LGBModel_Alpha158_csi300_custom_step0_s_20261001_20,4efc3642ebeb4b989c5b9f1de51346b1,0.113,,,
3141,2026-09-30,SH601919,0.0026131171133118424,EXP_LGBModel_Alpha158_csi300_custom_step0_s_20261001_20,4efc3642ebeb4b989c5b9f1de51346b1,0.113,,,
3142,2026-09-30,SH601916,0.0026131171133118424,EXP_LGBModel_Alpha158_csi300_custom_step0_s_20261001_20,4efc3642ebeb4b989c5b9f1de51346b1,0.113,,,
3143,2026-09-30,SH601901,0.0026131171133118424,EXP_LGBModel_Alpha158_csi300_custom_step0_s_20261001_20,4efc3642ebeb4b989c5b9f1de51346b1,0.113,,,
3144,2026-09-30,SH601899,0.0011315202940958237,EXP_LGBModel_Alpha158_csi300_custom_step0_s_20261001_20,4efc3642ebeb4b989c5b9f1de51346b1,0.113,,,
3145,2026-09-30,SH601995,-1.0385510510181694e-10,EXP_LGBModel_Alpha158_csi300_custom_step0_s_20261001_20,4efc3642ebeb4b989c5b9f1de51346b1,0.113,,,
3146,2026-09-30,SH601898,-1.0385510510181694e-10,EXP_LGBModel_Alpha158_csi300_custom_step0_s_20261001_20,4efc3642ebeb4b989c5b9f1de51346b1,0.113,,,
3147,2026-09-30,SH601881,-1.0385510510181694e-10,EXP_LGBModel_Alpha158_csi300_custom_step0_s_20261001_20,4efc3642ebeb4b989c5b9f1de51346b1,0.113,,,
3148,2026-09-30,SH601878,-1.0385510510181694e-10,EXP_LGBModel_Alpha158_csi300_custom_step0_s_20261001_20,4efc3642ebeb4b989c5b9f1de51346b1,0.113,,,
3149,2026-09-30,SH601877,-1.0385510510181694e-10,EXP_LGBModel_Alpha158_csi300_custom_step0_s_20261001_20,4efc3642ebeb4b989c5b9f1de51346b1,0.113,,,
3150,2026-09-30,SH601872,-1.0385510510181694e-10,EXP_LGBModel_Alpha158_csi300_custom_step0_s_20261001_20,4efc3642ebeb4b989c5b9f1de51346b1,0.113,,,
3151,2026-09-30,SH601868,0.0026131171133118424,EXP_LGBModel_Alpha158_csi300_custom_step0_s_20261001_20,4efc3642ebeb4b989c5b9f1de51346b1,0.113,,,
3152,2026-09-30,SH601857,0.0026131171133118424,EXP_LGBModel_Alpha158_csi300_custom_step0_s_20261001_20,4efc3642ebeb4b989c5b9f1de51346b1,0.113,,,
3153,2026-09-30,SH601838,0.000965691268292079,EXP_LGBModel_Alpha158_csi300_custom_step0_s_20261001_20,4efc3642ebeb4b989c5b9f1de51346b1,0.113,,,
3154,2026-09-30,SH601888,-1.0385510510181694e-10,EXP_LGBModel_Alpha158_csi300_custom_step0_s_20261001_20,4efc3642ebeb4b989c5b9f1de51346b1,0.113,,,
3155,2026-09-30,SH688047,-0.0007730305759483088,EXP_LGBModel_Alpha158_csi300_custom_step0_s_20261001_20,4efc3642ebeb4b989c5b9f1de51346b1,0.113,,,
3156,2026-09-30,SH601998,0.0026131171133118424,EXP_LGBModel_Alpha158_csi300_custom_step0_s_20261001_20,4efc3642ebeb4b989c5b9f1de51346b1,0.113,,,
3157,2026-09-30,SH603259,-0.002229381097098141,EXP_LGBModel_Alpha158_csi300_custom_step0_s_20261001_20,4efc3642ebeb4b989c5b9f1de51346b1,0.113,,,
3158,2026-09-30,SH688036,-1.0385510510181694e-10,EXP_LGBModel_Alpha158_csi300_custom_step0_s_20261001_20,4efc3642ebeb4b989c5b9f1de51346b1,0.113,,,
3159,2026-09-30,SH688012,-0.0007730305759483088,EXP_LGBModel_Alpha158_csi300_custom_step0_s_20261001_20,4efc3642ebeb4b989c5b9f1de51346b1,0.113,,,
3160,2026-09-30,SH688009,0.0018281511690229474,EXP_LGBModel_Alpha158_csi300_custom_step0_s_20261001_20,4efc3642ebeb4b989c5b9f1de51346b1,0.113,,,
3161,2026-09-30,SH688008,-0.0007730305759483088,EXP_LGBModel_Alpha158_csi300_custom_step0_s_20261001_20,4efc3642ebeb4b989c5b9f1de51346b1,0.113,,,
3162,2026-09-30,SH605499,-0.002229381097098141,EXP_LGBModel_Alpha158_csi300_custom_step0_s_20261001_20,4efc3642ebeb4b989c5b9f1de51346b1,0.113,,,
3163,2026-09-30,SH605117,-0.0007729442065242505,EXP_LGBModel_Alpha158_csi300_custom_step0_s_20261001_20,4efc3642ebeb4b989c5b9f1de51346b1,0.113,,,
3164,2026-09-30,SH603993,-0.0007729442065242505,EXP_LGBModel_Alpha158_csi300_custom_step0_s_20261001_20,4efc3642ebeb4b989c5b9f1de51346b1,0.113,,,
3165,2026-09-30,SH603019,-1.0385510510181694e-10,EXP_LGBModel_Alpha158_csi300_custom_step0_s_20261001_20,4efc3642ebeb4b989c5b9f1de51346b1,0.113,,,
3166,2026-09-30,SH603986,-0.0007730305759483088,EXP_LGBModel_Alpha158_csi300_custom_step0_s_20261001_20,4efc3642ebeb4b989c5b9f1de51346b1,0.113,,,
3167,2026-09-30,SH603799,-0.0007729442065242505,EXP_LGBModel_Alpha158_csi300_custom_step0_s_20261001_20,4efc3642ebeb4b989c5b9f1de51346b1,0.113,,,
3168,2026-09-30,SH603501,-0.002229381097098141,EXP_LGBModel_Alpha158_csi300_custom_step0_s_20261001_20,4efc3642ebeb4b989c5b9f1de51346b1,0.113,,,
3169,2026-09-30,SH603392,-0.002229381097098141,EXP_LGBModel_Alpha158_csi300_custom_step0_s_20261001_20,4efc3642ebeb4b989c5b9f1de51346b1,0.113,,,
3170,2026-09-30,SH603369,0.0011315202940958237,EXP_LGBModel_Alpha158_csi300_custom_step0_s_20261001_20,4efc3642ebeb4b989c5b9f1de51346b1,0.113,,,
3171,2026-09-30,SH603296,-1.0385510510181694e-10,EXP_LGBModel_Alpha158_csi300_custom_step0_s_20261001_20,4efc3642ebeb4b989c5b9f1de51346b1,0.113,,,
3172,2026-09-30,SH603288,-1.0385510510181694e-10,EXP_LGBModel_Alpha158_csi300_custom_step0_s_20261001_20,4efc3642ebeb4b989c5b9f1de51346b1,0.113,,,
3173,2026-09-30,SH603260,-0.0007729442065242505,EXP_LGBModel_Alpha158_csi300_custom_step0_s_20261001_20,4efc3642ebeb4b989c5b9f1de51346b1,0.113,,,
3174,2026-09-30,SH603893,-1.0385510510181694e-10,EXP_LGBModel_Alpha158_csi300_custom_step0_s_20261001_20,4efc3642ebeb4b989c5b9f1de51346b1,0.113,,,
3175,2026-09-30,SH600276,-0.006441478139172407,EXP_CatBoostModel_Alpha158_csi300_custom_step0_s_20261001_20,d2c242947a384e0a9d8432a950534829,0.035,,,
3176,2026-09-30,SH600233,-0.0068298173830625445,EXP_CatBoostModel_Alpha158_csi300_custom_step0_s_20261001_20,d2c242947a384e0a9d8432a950534829,0.035,,,
3177,2026-09-30,SH600221,0.0002945551555277464,EXP_CatBoostModel_Alpha158_csi300_custom_step0_s_20261001_20,d2c242947a384e0a9d8432a950534829,0.035,,,
3178,2026-09-30,SZ000895,-0.00023784521953793317,EXP_CatBoostModel_Alpha158_csi300_custom_step0_s_20261001_20,f691f8295a2d48728df8c5d71adb788a,0.075,,,
3179,2026-09-30,SZ000858,0.0025496316930185754,EXP_CatBoostModel_Alpha158_csi300_custom_step0_s_20261001_20,f691f8295a2d48728df8c5d71adb788a,0.075,,,
3180,2026-09-30,SZ000807,-0.00023784521953793317,EXP_CatBoostModel_Alpha158_csi300_custom_step0_s_20261001_20,f691f8295a2d48728df8c5d71adb788a,0.075,,,
3181,2026-09-30,SZ000792,-0.0018949065458016558,EXP_CatBoostModel_Alpha158_csi300_custom_step0_s_20261001_20,f691f8295a2d48728df8c5d71adb788a,0.075,,,
3182,2026-09-30,SZ000776,-0.0010316349130260194,EXP_CatBoostModel_Alpha158_csi300_custom_step0_s_20261001_20,f691f8295a2d48728df8c5d71adb788a,0.075,,,
3183,2026-09-30,SZ000768,-0.00023784521953793317,EXP_CatBoostModel_Alpha158_csi300_custom_step0_s_20261001_20,f691f8295a2d48728df8c5d71adb788a,0.075,,,
3184,2026-09-30,SZ000725,-0.0010316349130260194,EXP_CatBoostModel_Alpha158_csi300_custom_step0_s_20261001_20,f691f8295a2d48728df8c5d71adb788a,0.075,,,
3185,2026-09-30,SZ000708,0.00150414683260152,EXP_CatBoostModel_Alpha158_csi300_custom_step0_s_20261001_20,f691f8295a2d48728df8c5d71adb788a,0.075,,,
3186,2026-09-30,SZ000657,-0.0010316349130260194,EXP_CatBoostModel_Alpha158_csi300_custom_step0_s_20261001_20,f691f8295a2d48728df8c5d71adb788a,0.075,,,
3187,2026-09-30,SZ000651,0.0015379668295818516,EXP_CatBoostModel_Alpha158_csi300_custom_step0_s_20261001_20,f691f8295a2d48728df8c5d71adb788a,0.075,,,
3188,2026-09-30,SZ000630,-0.0010316349130260194,EXP_CatBoostModel_Alpha158_csi300_custom_step0_s_20261001_20,f691f8295a2d48728df8c5d71adb788a,0.075,,,
3189,2026-09-30,SZ000625,0.0025496316930185754,EXP_CatBoostModel_Alpha158_csi300_custom_step0_s_20261001_20,f691f8295a2d48728df8c5d71adb788a,0.075,,,
3190,2026-09-30,SZ000617,0.0003928022311212402,EXP_CatBoostModel_Alpha158_csi300_custom_step0_s_20261001_20,f691f8295a2d48728df8c5d71adb788a,0.075,,,
3191,2026-09-30,SZ000596,-0.00023784521953793317,EXP_CatBoostModel_Alpha158_csi300_custom_step0_s_20261001_20,f691f8295a2d48728df8c5d71adb788a,0.075,,,
3192,2026-09-30,SZ000568,-0.00023784521953793317,EXP_CatBoostModel_Alpha158_csi300_custom_step0_s_20261001_20,f691f8295a2d48728df8c5d71adb788a,0.075,,,
3193,2026-09-30,SZ000938,-0.0010316349130260194,EXP_CatBoostModel_Alpha158_csi300_custom_step0_s_20261001_20,f691f8295a2d48728df8c5d71adb788a,0.075,,,
3194,2026-09-30,SZ000963,-0.00023784521953793317,EXP_CatBoostModel_Alpha158_csi300_custom_step0_s_20261001_20,f691f8295a2d48728df8c5d71adb788a,0.075,,,
3195,2026-09-30,SZ000975,-0.0018949065458016558,EXP_CatBoostModel_Alpha158_csi300_custom_step0_s_20261001_20,f691f8295a2d48728df8c5d71adb788a,0.075,,,
3196,2026-09-30,SZ000977,-0.0010316349130260194,EXP_CatBoostModel_Alpha158_csi300_custom_step0_s_20261001_20,f691f8295a2d48728df8c5d71adb788a,0.075,,,
3197,2026-09-30,SZ002230,-0.0004471669665720658,EXP_CatBoostModel_Alpha158_csi300_custom_step0_s_20261001_20,f691f8295a2d48728df8c5d71adb788a,0.075,,,
3198,2026-09-30,SZ002202,-0.0018949065458016558,EXP_CatBoostModel_Alpha158_csi300_custom_step0_s_20261001_20,f691f8295a2d48728df8c5d71adb788a,0.075,,,
3199,2026-09-30,SZ002179,-0.0004471669665720658,EXP_CatBoostModel_Alpha158_csi300_custom_step0_s_20261001_20,f691f8295a2d48728df8c5d71adb788a,0.075,,,
3200,2026-09-30,SZ002142,0.0036265426368197328,EXP_CatBoostModel_Alpha158_csi300_custom_step0_s_20261001_20,f691f8295a2d48728df8c5d71adb788a,0.075,,,
3201,2026-09-30,SZ002074,0.012657661360924357,EXP_CatBoostModel_Alpha158_csi300_custom_step0_s_20261001_20,f691f8295a2d48728df8c5d71adb788a,0.075,,,
3202,2026-09-30,SZ002050,-0.002941615901928251,EXP_CatBoostModel_Alpha158_csi300_custom_step0_s_20261001_20,f691f8295a2d48728df8c5d71adb788a,0.075,,,
3203,2026-09-30,SZ002049,-0.0010316349130260194,EXP_CatBoostModel_Alpha158_csi300_custom_step0_s_20261001_20,f691f8295a2d48728df8c5d71adb788a,0.075,,,
3204,2026-09-30,SZ000538,0.0015379668295818516,EXP_CatBoostModel_Alpha158_csi300_custom_step0_s_20261001_20,f691f8295a2d48728df8c5d71adb788a,0.075,,,
3205,2026-09-30,SZ002028,-0.0010316349130260194,EXP_CatBoostModel_Alpha158_csi300_custom_step0_s_20261001_20,f691f8295a2d48728df8c5d71adb788a,0.075,,,
3206,2026-09-30,SZ002001,-0.00023784521953793317,EXP_CatBoostModel_Alpha158_csi300_custom_step0_s_20261001_20,f691f8295a2d48728df8c5d71adb788a,0.075,,,
3207,2026-09-30,SZ001979,-0.00023784521953793317,EXP_CatBoostModel_Alpha158_csi300_custom_step0_s_20261001_20,f691f8295a2d48728df8c5d71adb788a,0.075,,,
3208,2026-09-30,SZ001965,0.0015379668295818516,EXP_CatBoostModel_Alpha158_csi300_custom_step0_s_20261001_20,f691f8295a2d48728df8c5d71adb788a,0.075,,,
3209,2026-09-30,SZ001391,-0.0018949065458016558,EXP_CatBoostModel_Alpha158_csi300_custom_step0_s_20261001_20,f691f8295a2d48728df8c5d71adb788a,0.075,,,
3210,2026-09-30,SZ001280,-0.0010316349130260194,EXP_CatBoostModel_Alpha158_csi300_custom_step0_s_20261001_20,f691f8295a2d48728df8c5d71adb788a,0.075,,,
3211,2026-09-30,SZ000999,0.0025496316930185754,EXP_CatBoostModel_Alpha158_csi300_custom_step0_s_20261001_20,f691f8295a2d48728df8c5d71adb788a,0.075,,,
3212,2026-09-30,SZ000988,-0.0010316349130260194,EXP_CatBoostModel_Alpha158_csi300_custom_step0_s_20261001_20,f691f8295a2d48728df8c5d71adb788a,0.075,,,
3213,2026-09-30,SZ002027,0.00150414683260152,EXP_CatBoostModel_Alpha158_csi300_custom_step0_s_20261001_20,f691f8295a2d48728df8c5d71adb788a,0.075,,,
3214,2026-09-30,SZ000425,-0.0018949065458016558,EXP_CatBoostModel_Alpha158_csi300_custom_step0_s_20261001_20,f691f8295a2d48728df8c5d71adb788a,0.075,,,
3215,2026-09-30,SZ000408,-0.0010316349130260194,EXP_CatBoostModel_Alpha158_csi300_custom_step0_s_20261001_20,f691f8295a2d48728df8c5d71adb788a,0.075,,,
3216,2026-09-30,SZ000338,-0.0010316349130260194,EXP_CatBoostModel_Alpha158_csi300_custom_step0_s_20261001_20,f691f8295a2d48728df8c5d71adb788a,0.075,,,
3217,2026-09-30,SH688082,-0.0010316349130260194,EXP_CatBoostModel_Alpha158_csi300_custom_step0_s_20261001_20,f691f8295a2d48728df8c5d71adb788a,0.075,,,
3218,2026-09-30,SH688072,-0.0010316349130260194,EXP_CatBoostModel_Alpha158_csi300_custom_step0_s_20261001_20,f691f8295a2d48728df8c5d71adb788a,0.075,,,
3219,2026-09-30,SH688047,-0.0010316349130260194,EXP_CatBoostModel_Alpha158_csi300_custom_step0_s_20261001_20,f691f8295a2d48728df8c5d71adb788a,0.075,,,
3220,2026-09-30,SH688041,-0.0010316349130260194,EXP_CatBoostModel_Alpha158_csi300_custom_step0_s_20261001_20,f691f8295a2d48728df8c5d71adb788a,0.075,,,
3221,2026-09-30,SH688036,-0.00023784521953793317,EXP_CatBoostModel_Alpha158_csi300_custom_step0_s_20261001_20,f691f8295a2d48728df8c5d71adb788a,0.075,,,
3222,2026-09-30,SH688012,-0.0010316349130260194,EXP_CatBoostModel_Alpha158_csi300_custom_step0_s_20261001_20,f691f8295a2d48728df8c5d71adb788a,0.075,,,
3223,2026-09-30,SH688009,-0.00023784521953793317,EXP_CatBoostModel_Alpha158_csi300_custom_step0_s_20261001_20,f691f8295a2d48728df8c5d71adb788a,0.075,,,
3224,2026-09-30,SH688111,-0.0018949065458016558,EXP_CatBoostModel_Alpha158_csi300_custom_step0_s_20261001_20,f691f8295a2d48728df8c5d71adb788a,0.075,,,
3225,2026-09-30,SH688008,-0.0010316349130260194,EXP_CatBoostModel_Alpha158_csi300_custom_step0_s_20261001_20,f691f8295a2d48728df8c5d71adb788a,0.075,,,
3226,2026-09-30,SH605117,0.0003928022311212402,EXP_CatBoostModel_Alpha158_csi300_custom_step0_s_20261001_20,f691f8295a2d48728df8c5d71adb788a,0.075,,,
3227,2026-09-30,SH603993,-0.0018949065458016558,EXP_CatBoostModel_Alpha158_csi300_custom_step0_s_20261001_20,f691f8295a2d48728df8c5d71adb788a,0.075,,,
3228,2026-09-30,SH603986,-0.0010316349130260194,EXP_CatBoostModel_Alpha158_csi300_custom_step0_s_20261001_20,f691f8295a2d48728df8c5d71adb788a,0.075,,,
3229,2026-09-30,SH603893,-0.001400409434708625,EXP_CatBoostModel_Alpha158_csi300_custom_step0_s_20261001_20,f691f8295a2d48728df8c5d71adb788a,0.075,,,
3230,2026-09-30,SH603799,-0.00023784521953793317,EXP_CatBoostModel_Alpha158_csi300_custom_step0_s_20261001_20,f691f8295a2d48728df8c5d71adb788a,0.075,,,
3231,2026-09-30,SH603501,-0.00023784521953793317,EXP_CatBoostModel_Alpha158_csi300_custom_step0_s_20261001_20,f691f8295a2d48728df8c5d71adb788a,0.075,,,
3232,2026-09-30,SH603392,-0.00023784521953793317,EXP_CatBoostModel_Alpha158_csi300_custom_step0_s_20261001_20,f691f8295a2d48728df8c5d71adb788a,0.075,,,
3233,2026-09-30,SH605499,-0.00023784521953793317,EXP_CatBoostModel_Alpha158_csi300_custom_step0_s_20261001_20,f691f8295a2d48728df8c5d71adb788a,0.075,,,
3234,2026-09-30,SZ002236,0.0017759471113795093,EXP_CatBoostModel_Alpha158_csi300_custom_step0_s_20261001_20,f691f8295a2d48728df8c5d71adb788a,0.075,,,
3235,2026-09-30,SH688126,-0.0010316349130260194,EXP_CatBoostModel_Alpha158_csi300_custom_step0_s_20261001_20,f691f8295a2d48728df8c5d71adb788a,0.075,,,
3236,2026-09-30,SH688223,-0.00023784521953793317,EXP_CatBoostModel_Alpha158_csi300_custom_step0_s_20261001_20,f691f8295a2d48728df8c5d71adb788a,0.075,,,
3237,2026-09-30,SZ000333,0.0003928022311212402,EXP_CatBoostModel_Alpha158_csi300_custom_step0_s_20261001_20,f691f8295a2d48728df8c5d71adb788a,0.075,,,
3238,2026-09-30,SZ000301,-0.0018949065458016558,EXP_CatBoostModel_Alpha158_csi300_custom_step0_s_20261001_20,f691f8295a2d48728df8c5d71adb788a,0.075,,,
3239,2026-09-30,SZ000166,0.0017759471113795093,EXP_CatBoostModel_Alpha158_csi300_custom_step0_s_20261001_20,f691f8295a2d48728df8c5d71adb788a,0.075,,,
3240,2026-09-30,SZ000157,-0.0018949065458016558,EXP_CatBoostModel_Alpha158_csi300_custom_step0_s_20261001_20,f691f8295a2d48728df8c5d71adb788a,0.075,,,
3241,2026-09-30,SZ000100,0.0003928022311212402,EXP_CatBoostModel_Alpha158_csi300_custom_step0_s_20261001_20,f691f8295a2d48728df8c5d71adb788a,0.075,,,
3242,2026-09-30,SZ000063,-0.0010316349130260194,EXP_CatBoostModel_Alpha158_csi300_custom_step0_s_20261001_20,f691f8295a2d48728df8c5d71adb788a,0.075,,,
3243,2026-09-30,SZ000002,-0.005668666654627101,EXP_CatBoostModel_Alpha158_csi300_custom_step0_s_20261001_20,f691f8295a2d48728df8c5d71adb788a,0.075,,,
3244,2026-09-30,SH688183,-0.0010316349130260194,EXP_CatBoostModel_Alpha158_csi300_custom_step0_s_20261001_20,f691f8295a2d48728df8c5d71adb788a,0.075,,,
3245,2026-09-30,SZ000001,0.0015379668295818516,EXP_CatBoostModel_Alpha158_csi300_custom_step0_s_20261001_20,f691f8295a2d48728df8c5d71adb788a,0.075,,,
3246,2026-09-30,SH688521,-0.0010316349130260194,EXP_CatBoostModel_Alpha158_csi300_custom_step0_s_20261001_20,f691f8295a2d48728df8c5d71adb788a,0.075,,,
3247,2026-09-30,SH688506,-0.00023784521953793317,EXP_CatBoostModel_Alpha158_csi300_custom_step0_s_20261001_20,f691f8295a2d48728df8c5d71adb788a,0.075,,,
3248,2026-09-30,SH688472,0.0003928022311212402,EXP_CatBoostModel_Alpha158_csi300_custom_step0_s_20261001_20,f691f8295a2d48728df8c5d71adb788a,0.075,,,
3249,2026-09-30,SH688396,-0.0010316349130260194,EXP_CatBoostModel_Alpha158_csi300_custom_step0_s_20261001_20,f691f8295a2d48728df8c5d71adb788a,0.075,,,
3250,2026-09-30,SH688303,-0.00023784521953793317,EXP_CatBoostModel_Alpha158_csi300_custom_step0_s_20261001_20,f691f8295a2d48728df8c5d71adb788a,0.075,,,
3251,2026-09-30,SH688271,0.0015379668295818516,EXP_CatBoostModel_Alpha158_csi300_custom_step0_s_20261001_20,f691f8295a2d48728df8c5d71adb788a,0.075,,,
3252,2026-09-30,SH688256,-0.0010316349130260194,EXP_CatBoostModel_Alpha158_csi300_custom_step0_s_20261001_20,f691f8295a2d48728df8c5d71adb788a,0.075,,,
3253,2026-09-30,SH688981,-0.0010316349130260194,EXP_CatBoostModel_Alpha158_csi300_custom_step0_s_20261001_20,f691f8295a2d48728df8c5d71adb788a,0.075,,,
3254,2026-09-30,SZ002241,-0.0010316349130260194,EXP_CatBoostModel_Alpha158_csi300_custom_step0_s_20261001_20,f691f8295a2d48728df8c5d71adb788a,0.075,,,
3255,2026-09-30,SZ002304,-0.0004471669665720658,EXP_CatBoostModel_Alpha158_csi300_custom_step0_s_20261001_20,f691f8295a2d48728df8c5d71adb788a,0.075,,,
3256,2026-09-30,SZ002311,-0.00023784521953793317,EXP_CatBoostModel_Alpha158_csi300_custom_step0_s_20261001_20,f691f8295a2d48728df8c5d71adb788a,0.075,,,
3257,2026-09-30,SZ301165,-0.0010316349130260194,EXP_CatBoostModel_Alpha158_csi300_custom_step0_s_20261001_20,f691f8295a2d48728df8c5d71adb788a,0.075,,,
3258,2026-09-30,SZ300999,-0.0018949065458016558,EXP_CatBoostModel_Alpha158_csi300_custom_step0_s_20261001_20,f691f8295a2d48728df8c5d71adb788a,0.075,,,
3259,2026-09-30,SZ300896,0.0015379668295818516,EXP_CatBoostModel_Alpha158_csi300_custom_step0_s_20261001_20,f691f8295a2d48728df8c5d71adb788a,0.075,,,
3260,2026-09-30,SZ300866,0.0003928022311212402,EXP_CatBoostModel_Alpha158_csi300_custom_step0_s_20261001_20,f691f8295a2d48728df8c5d71adb788a,0.075,,,
3261,2026-09-30,SZ300832,-0.00023784521953793317,EXP_CatBoostModel_Alpha158_csi300_custom_step0_s_20261001_20,f691f8295a2d48728df8c5d71adb788a,0.075,,,
3262,2026-09-30,SZ300803,-0.0010316349130260194,EXP_CatBoostModel_Alpha158_csi300_custom_step0_s_20261001_20,f691f8295a2d48728df8c5d71adb788a,0.075,,,
3263,2026-09-30,SZ300760,-0.00023784521953793317,EXP_CatBoostModel_Alpha158_csi300_custom_step0_s_20261001_20,f691f8295a2d48728df8c5d71adb788a,0.075,,,
3264,2026-09-30,SZ301236,0.0017759471113795093,EXP_CatBoostModel_Alpha158_csi300_custom_step0_s_20261001_20,f691f8295a2d48728df8c5d71adb788a,0.075,,,
3265,2026-09-30,SZ300750,-0.0010316349130260194,EXP_CatBoostModel_Alpha158_csi300_custom_step0_s_20261001_20,f691f8295a2d48728df8c5d71adb788a,0.075,,,
3266,2026-09-30,SZ300628,0.0017759471113795093,EXP_CatBoostModel_Alpha158_csi300_custom_step0_s_20261001_20,f691f8295a2d48728df8c5d71adb788a,0.075,,,
3267,2026-09-30,SZ300502,-0.0010316349130260194,EXP_CatBoostModel_Alpha158_csi300_custom_step0_s_20261001_20,f691f8295a2d48728df8c5d71adb788a,0.075,,,
3268,2026-09-30,SZ300498,0.0003928022311212402,EXP_CatBoostModel_Alpha158_csi300_custom_step0_s_20261001_20,f691f8295a2d48728df8c5d71adb788a,0.075,,,
3269,2026-09-30,SZ300476,-0.0010316349130260194,EXP_CatBoostModel_Alpha158_csi300_custom_step0_s_20261001_20,f691f8295a2d48728df8c5d71adb788a,0.075,,,
3270,2026-09-30,SZ300450,-0.00023784521953793317,EXP_CatBoostModel_Alpha158_csi300_custom_step0_s_20261001_20,f691f8295a2d48728df8c5d71adb788a,0.075,,,
3271,2026-09-30,SZ300442,-0.0010316349130260194,EXP_CatBoostModel_Alpha158_csi300_custom_step0_s_20261001_20,f691f8295a2d48728df8c5d71adb788a,0.075,,,
3272,2026-09-30,SZ300433,-0.0018949065458016558,EXP_CatBoostModel_Alpha158_csi300_custom_step0_s_20261001_20,f691f8295a2d48728df8c5d71adb788a,0.075,,,
3273,2026-09-30,SZ300661,-0.0010316349130260194,EXP_CatBoostModel_Alpha158_csi300_custom_step0_s_20261001_20,f691f8295a2d48728df8c5d71adb788a,0.075,,,
3274,2026-09-30,SZ300418,-0.0010316349130260194,EXP_CatBoostModel_Alpha158_csi300_custom_step0_s_20261001_20,f691f8295a2d48728df8c5d71adb788a,0.075,,,
3275,2026-09-30,SZ301269,-0.0010316349130260194,EXP_CatBoostModel_Alpha158_csi300_custom_step0_s_20261001_20,f691f8295a2d48728df8c5d71adb788a,0.075,,,
3276,2026-09-30,SZ302132,-0.0018949065458016558,EXP_CatBoostModel_Alpha158_csi300_custom_step0_s_20261001_20,f691f8295a2d48728df8c5d71adb788a,0.075,,,
3277,2026-09-30,SH600031,-0.0037488285843450915,EXP_CatBoostModel_Alpha158_csi300_custom_step0_s_20261001_20,17cc074ba4f94596ac63c3bdeeeafa4f,0.067,,,
3278,2026-09-30,SH600030,-0.0025218609276885778,EXP_CatBoostModel_Alpha158_csi300_custom_step0_s_20261001_20,17cc074ba4f94596ac63c3bdeeeafa4f,0.067,,,
3279,2026-09-30,SH600029,0.005274527344782556,EXP_CatBoostModel_Alpha158_csi300_custom_step0_s_20261001_20,17cc074ba4f94596ac63c3bdeeeafa4f,0.067,,,
3280,2026-09-30,SH600028,0.001574692876538649,EXP_CatBoostModel_Alpha158_csi300_custom_step0_s_20261001_20,17cc074ba4f94596ac63c3bdeeeafa4f,0.067,,,
3281,2026-09-30,SH600027,0.010521480866756576,EXP_CatBoostModel_Alpha158_csi300_custom_step0_s_20261001_20,17cc074ba4f94596ac63c3bdeeeafa4f,0.067,,,
3282,2026-09-30,SH600026,-0.0028958696298170155,EXP_CatBoostModel_Alpha158_csi300_custom_step0_s_20261001_20,17cc074ba4f94596ac63c3bdeeeafa4f,0.067,,,
3283,2026-09-30,SH600025,0.010518631400885407,EXP_CatBoostModel_Alpha158_csi300_custom_step0_s_20261001_20,17cc074ba4f94596ac63c3bdeeeafa4f,0.067,,,
3284,2026-09-30,SZ301308,-0.0010316349130260194,EXP_CatBoostModel_Alpha158_csi300_custom_step0_s_20261001_20,f691f8295a2d48728df8c5d71adb788a,0.075,,,
3285,2026-09-30,SH600023,0.012134750547448052,EXP_CatBoostModel_Alpha158_csi300_custom_step0_s_20261001_20,17cc074ba4f94596ac63c3bdeeeafa4f,0.067,,,
3286,2026-09-30,SH600018,0.009146515423622237,EXP_CatBoostModel_Alpha158_csi300_custom_step0_s_20261001_20,17cc074ba4f94596ac63c3bdeeeafa4f,0.067,,,
3287,2026-09-30,SH600016,0.007641634768229636,EXP_CatBoostModel_Alpha158_csi300_custom_step0_s_20261001_20,17cc074ba4f94596ac63c3bdeeeafa4f,0.067,,,
3288,2026-09-30,SH600015,0.004106909863826694,EXP_CatBoostModel_Alpha158_csi300_custom_step0_s_20261001_20,17cc074ba4f94596ac63c3bdeeeafa4f,0.067,,,
3289,2026-09-30,SH600011,0.01068903241525072,EXP_CatBoostModel_Alpha158_csi300_custom_step0_s_20261001_20,17cc074ba4f94596ac63c3bdeeeafa4f,0.067,,,
3290,2026-09-30,SH600010,-0.0009241084007136388,EXP_CatBoostModel_Alpha158_csi300_custom_step0_s_20261001_20,17cc074ba4f94596ac63c3bdeeeafa4f,0.067,,,
3291,2026-09-30,SH600009,0.006322021061789435,EXP_CatBoostModel_Alpha158_csi300_custom_step0_s_20261001_20,17cc074ba4f94596ac63c3bdeeeafa4f,0.067,,,
3292,2026-09-30,SH600000,0.00338456901146628,EXP_CatBoostModel_Alpha158_csi300_custom_step0_s_20261001_20,17cc074ba4f94596ac63c3bdeeeafa4f,0.067,,,
3293,2026-09-30,SH600019,0.01399852104699551,EXP_CatBoostModel_Alpha158_csi300_custom_step0_s_20261001_20,17cc074ba4f94596ac63c3bdeeeafa4f,0.067,,,
3294,2026-09-30,SH603369,-0.00023784521953793317,EXP_CatBoostModel_Alpha158_csi300_custom_step0_s_20261001_20,f691f8295a2d48728df8c5d71adb788a,0.075,,,
3295,2026-09-30,SZ300413,-0.005668666654627101,EXP_CatBoostModel_Alpha158_csi300_custom_step0_s_20261001_20,f691f8295a2d48728df8c5d71adb788a,0.075,,,
3296,2026-09-30,SZ300394,-0.001400409434708625,EXP_CatBoostModel_Alpha158_csi300_custom_step0_s_20261001_20,f691f8295a2d48728df8c5d71adb788a,0.075,,,
3297,2026-09-30,SZ002602,0.0003928022311212402,EXP_CatBoostModel_Alpha158_csi300_custom_step0_s_20261001_20,f691f8295a2d48728df8c5d71adb788a,0.075,,,
3298,2026-09-30,SZ002600,0.0003928022311212402,EXP_CatBoostModel_Alpha158_csi300_custom_step0_s_20261001_20,f691f8295a2d48728df8c5d71adb788a,0.075,,,
3299,2026-09-30,SZ002594,-0.00023784521953793317,EXP_CatBoostModel_Alpha158_csi300_custom_step0_s_20261001_20,f691f8295a2d48728df8c5d71adb788a,0.075,,,
3300,2026-09-30,SZ002558,-0.0018949065458016558,EXP_CatBoostModel_Alpha158_csi300_custom_step0_s_20261001_20,f691f8295a2d48728df8c5d71adb788a,0.075,,,
3301,2026-09-30,SZ002532,-0.0010316349130260194,EXP_CatBoostModel_Alpha158_csi300_custom_step0_s_20261001_20,f691f8295a2d48728df8c5d71adb788a,0.075,,,
3302,2026-09-30,SZ002493,-0.00023784521953793317,EXP_CatBoostModel_Alpha158_csi300_custom_step0_s_20261001_20,f691f8295a2d48728df8c5d71adb788a,0.075,,,
3303,2026-09-30,SZ002475,-0.0010316349130260194,EXP_CatBoostModel_Alpha158_csi300_custom_step0_s_20261001_20,f691f8295a2d48728df8c5d71adb788a,0.075,,,
3304,2026-09-30,SZ002625,-0.00023784521953793317,EXP_CatBoostModel_Alpha158_csi300_custom_step0_s_20261001_20,f691f8295a2d48728df8c5d71adb788a,0.075,,,
3305,2026-09-30,SZ002466,-0.0010316349130260194,EXP_CatBoostModel_Alpha158_csi300_custom_step0_s_20261001_20,f691f8295a2d48728df8c5d71adb788a,0.075,,,
3306,2026-09-30,SZ002460,-0.0010316349130260194,EXP_CatBoostModel_Alpha158_csi300_custom_step0_s_20261001_20,f691f8295a2d48728df8c5d71adb788a,0.075,,,
3307,2026-09-30,SZ002422,-0.00023784521953793317,EXP_CatBoostModel_Alpha158_csi300_custom_step0_s_20261001_20,f691f8295a2d48728df8c5d71adb788a,0.075,,,
3308,2026-09-30,SZ002415,-0.0018949065458016558,EXP_CatBoostModel_Alpha158_csi300_custom_step0_s_20261001_20,f691f8295a2d48728df8c5d71adb788a,0.075,,,
3309,2026-09-30,SZ002384,-0.0010316349130260194,EXP_CatBoostModel_Alpha158_csi300_custom_step0_s_20261001_20,f691f8295a2d48728df8c5d71adb788a,0.075,,,
3310,2026-09-30,SZ002371,-0.0010316349130260194,EXP_CatBoostModel_Alpha158_csi300_custom_step0_s_20261001_20,f691f8295a2d48728df8c5d71adb788a,0.075,,,
3311,2026-09-30,SZ002353,-0.0010316349130260194,EXP_CatBoostModel_Alpha158_csi300_custom_step0_s_20261001_20,f691f8295a2d48728df8c5d71adb788a,0.075,,,
3312,2026-09-30,SZ002352,-0.00023784521953793317,EXP_CatBoostModel_Alpha158_csi300_custom_step0_s_20261001_20,f691f8295a2d48728df8c5d71adb788a,0.075,,,
3313,2026-09-30,SZ002463,-0.0010316349130260194,EXP_CatBoostModel_Alpha158_csi300_custom_step0_s_20261001_20,f691f8295a2d48728df8c5d71adb788a,0.075,,,
3314,2026-09-30,SZ300408,-0.0010316349130260194,EXP_CatBoostModel_Alpha158_csi300_custom_step0_s_20261001_20,f691f8295a2d48728df8c5d71adb788a,0.075,,,
3315,2026-09-30,SZ002648,-0.002941615901928251,EXP_CatBoostModel_Alpha158_csi300_custom_step0_s_20261001_20,f691f8295a2d48728df8c5d71adb788a,0.075,,,
3316,2026-09-30,SZ002714,-0.00023784521953793317,EXP_CatBoostModel_Alpha158_csi300_custom_step0_s_20261001_20,f691f8295a2d48728df8c5d71adb788a,0.075,,,
3317,2026-09-30,SZ300316,-0.0010316349130260194,EXP_CatBoostModel_Alpha158_csi300_custom_step0_s_20261001_20,f691f8295a2d48728df8c5d71adb788a,0.075,,,
3318,2026-09-30,SZ300308,-0.0010316349130260194,EXP_CatBoostModel_Alpha158_csi300_custom_step0_s_20261001_20,f691f8295a2d48728df8c5d71adb788a,0.075,,,
3319,2026-09-30,SZ300274,-0.0010316349130260194,EXP_CatBoostModel_Alpha158_csi300_custom_step0_s_20261001_20,f691f8295a2d48728df8c5d71adb788a,0.075,,,
3320,2026-09-30,SZ300251,-0.0018949065458016558,EXP_CatBoostModel_Alpha158_csi300_custom_step0_s_20261001_20,f691f8295a2d48728df8c5d71adb788a,0.075,,,
3321,2026-09-30,SZ300124,0.0003928022311212402,EXP_CatBoostModel_Alpha158_csi300_custom_step0_s_20261001_20,f691f8295a2d48728df8c5d71adb788a,0.075,,,
3322,2026-09-30,SZ300122,-0.00023784521953793317,EXP_CatBoostModel_Alpha158_csi300_custom_step0_s_20261001_20,f691f8295a2d48728df8c5d71adb788a,0.075,,,
3323,2026-09-30,SZ300059,-0.0010316349130260194,EXP_CatBoostModel_Alpha158_csi300_custom_step0_s_20261001_20,f691f8295a2d48728df8c5d71adb788a,0.075,,,
3324,2026-09-30,SZ002709,-0.0010316349130260194,EXP_CatBoostModel_Alpha158_csi300_custom_step0_s_20261001_20,f691f8295a2d48728df8c5d71adb788a,0.075,,,
3325,2026-09-30,SZ300033,-0.0010316349130260194,EXP_CatBoostModel_Alpha158_csi300_custom_step0_s_20261001_20,f691f8295a2d48728df8c5d71adb788a,0.075,,,
3326,2026-09-30,SZ300014,-0.00023784521953793317,EXP_CatBoostModel_Alpha158_csi300_custom_step0_s_20261001_20,f691f8295a2d48728df8c5d71adb788a,0.075,,,
3327,2026-09-30,SZ003816,0.0003928022311212402,EXP_CatBoostModel_Alpha158_csi300_custom_step0_s_20261001_20,f691f8295a2d48728df8c5d71adb788a,0.075,,,
3328,2026-09-30,SZ002938,-0.0010316349130260194,EXP_CatBoostModel_Alpha158_csi300_custom_step0_s_20261001_20,f691f8295a2d48728df8c5d71adb788a,0.075,,,
3329,2026-09-30,SZ002920,-0.0010316349130260194,EXP_CatBoostModel_Alpha158_csi300_custom_step0_s_20261001_20,f691f8295a2d48728df8c5d71adb788a,0.075,,,
3330,2026-09-30,SZ002916,-0.0010316349130260194,EXP_CatBoostModel_Alpha158_csi300_custom_step0_s_20261001_20,f691f8295a2d48728df8c5d71adb788a,0.075,,,
3331,2026-09-30,SZ002837,-0.0010316349130260194,EXP_CatBoostModel_Alpha158_csi300_custom_step0_s_20261001_20,f691f8295a2d48728df8c5d71adb788a,0.075,,,
3332,2026-09-30,SZ002736,0.00150414683260152,EXP_CatBoostModel_Alpha158_csi300_custom_step0_s_20261001_20,f691f8295a2d48728df8c5d71adb788a,0.075,,,
3333,2026-09-30,SZ300015,-0.00023784521953793317,EXP_CatBoostModel_Alpha158_csi300_custom_step0_s_20261001_20,f691f8295a2d48728df8c5d71adb788a,0.075,,,
3334,2026-09-30,SH600036,0.009224250018776975,EXP_CatBoostModel_Alpha158_csi300_custom_step0_s_20261001_20,17cc074ba4f94596ac63c3bdeeeafa4f,0.067,,,
3335,2026-09-30,SH603296,-0.0010316349130260194,EXP_CatBoostModel_Alpha158_csi300_custom_step0_s_20261001_20,f691f8295a2d48728df8c5d71adb788a,0.075,,,
3336,2026-09-30,SH603260,-0.00023784521953793317,EXP_CatBoostModel_Alpha158_csi300_custom_step0_s_20261001_20,f691f8295a2d48728df8c5d71adb788a,0.075,,,
3337,2026-09-30,SH600570,-0.0010316349130260194,EXP_CatBoostModel_Alpha158_csi300_custom_step0_s_20261001_20,f691f8295a2d48728df8c5d71adb788a,0.075,,,
3338,2026-09-30,SH600549,-0.0010316349130260194,EXP_CatBoostModel_Alpha158_csi300_custom_step0_s_20261001_20,f691f8295a2d48728df8c5d71adb788a,0.075,,,
3339,2026-09-30,SH600547,-5.336184334599942e-05,EXP_CatBoostModel_Alpha158_csi300_custom_step0_s_20261001_20,f691f8295a2d48728df8c5d71adb788a,0.075,,,
3340,2026-09-30,SH600522,-0.0010316349130260194,EXP_CatBoostModel_Alpha158_csi300_custom_step0_s_20261001_20,f691f8295a2d48728df8c5d71adb788a,0.075,,,
3341,2026-09-30,SH600519,0.0017759471113795093,EXP_CatBoostModel_Alpha158_csi300_custom_step0_s_20261001_20,f691f8295a2d48728df8c5d71adb788a,0.075,,,
3342,2026-09-30,SH600515,-0.0008986781368188598,EXP_CatBoostModel_Alpha158_csi300_custom_step0_s_20261001_20,f691f8295a2d48728df8c5d71adb788a,0.075,,,
3343,2026-09-30,SH600489,-0.00023784521953793317,EXP_CatBoostModel_Alpha158_csi300_custom_step0_s_20261001_20,f691f8295a2d48728df8c5d71adb788a,0.075,,,
3344,2026-09-30,SH600482,0.0003928022311212402,EXP_CatBoostModel_Alpha158_csi300_custom_step0_s_20261001_20,f691f8295a2d48728df8c5d71adb788a,0.075,,,
3345,2026-09-30,SH600460,-0.0010316349130260194,EXP_CatBoostModel_Alpha158_csi300_custom_step0_s_20261001_20,f691f8295a2d48728df8c5d71adb788a,0.075,,,
3346,2026-09-30,SH600438,-0.00023784521953793317,EXP_CatBoostModel_Alpha158_csi300_custom_step0_s_20261001_20,f691f8295a2d48728df8c5d71adb788a,0.075,,,
3347,2026-09-30,SH600436,-0.00023784521953793317,EXP_CatBoostModel_Alpha158_csi300_custom_step0_s_20261001_20,f691f8295a2d48728df8c5d71adb788a,0.075,,,
3348,2026-09-30,SH600426,-0.0018949065458016558,EXP_CatBoostModel_Alpha158_csi300_custom_step0_s_20261001_20,f691f8295a2d48728df8c5d71adb788a,0.075,,,
3349,2026-09-30,SH600415,-0.0018949065458016558,EXP_CatBoostModel_Alpha158_csi300_custom_step0_s_20261001_20,f691f8295a2d48728df8c5d71adb788a,0.075,,,
3350,2026-09-30,SH600406,0.0015379668295818516,EXP_CatBoostModel_Alpha158_csi300_custom_step0_s_20261001_20,f691f8295a2d48728df8c5d71adb788a,0.075,,,
3351,2026-09-30,SH600372,-0.0018949065458016558,EXP_CatBoostModel_Alpha158_csi300_custom_step0_s_20261001_20,f691f8295a2d48728df8c5d71adb788a,0.075,,,
3352,2026-09-30,SH600584,-0.0010316349130260194,EXP_CatBoostModel_Alpha158_csi300_custom_step0_s_20261001_20,f691f8295a2d48728df8c5d71adb788a,0.075,,,
3353,2026-09-30,SH600585,-0.00013841027832332904,EXP_CatBoostModel_Alpha158_csi300_custom_step0_s_20261001_20,f691f8295a2d48728df8c5d71adb788a,0.075,,,
3354,2026-09-30,SH600588,0.0003928022311212402,EXP_CatBoostModel_Alpha158_csi300_custom_step0_s_20261001_20,f691f8295a2d48728df8c5d71adb788a,0.075,,,
3355,2026-09-30,SH600600,0.0025496316930185754,EXP_CatBoostModel_Alpha158_csi300_custom_step0_s_20261001_20,f691f8295a2d48728df8c5d71adb788a,0.075,,,
3356,2026-09-30,SH600918,0.0017759471113795093,EXP_CatBoostModel_Alpha158_csi300_custom_step0_s_20261001_20,f691f8295a2d48728df8c5d71adb788a,0.075,,,
3357,2026-09-30,SH600905,0.00150414683260152,EXP_CatBoostModel_Alpha158_csi300_custom_step0_s_20261001_20,f691f8295a2d48728df8c5d71adb788a,0.075,,,
3358,2026-09-30,SH600900,0.0015379668295818516,EXP_CatBoostModel_Alpha158_csi300_custom_step0_s_20261001_20,f691f8295a2d48728df8c5d71adb788a,0.075,,,
3359,2026-09-30,SH600893,-0.00023784521953793317,EXP_CatBoostModel_Alpha158_csi300_custom_step0_s_20261001_20,f691f8295a2d48728df8c5d71adb788a,0.075,,,
3360,2026-09-30,SH600887,0.0015379668295818516,EXP_CatBoostModel_Alpha158_csi300_custom_step0_s_20261001_20,f691f8295a2d48728df8c5d71adb788a,0.075,,,
3361,2026-09-30,SH600886,-0.00023784521953793317,EXP_CatBoostModel_Alpha158_csi300_custom_step0_s_20261001_20,f691f8295a2d48728df8c5d71adb788a,0.075,,,
3362,2026-09-30,SH600875,-0.0010316349130260194,EXP_CatBoostModel_Alpha158_csi300_custom_step0_s_20261001_20,f691f8295a2d48728df8c5d71adb788a,0.075,,,
3363,2026-09-30,SH600362,-0.0010316349130260194,EXP_CatBoostModel_Alpha158_csi300_custom_step0_s_20261001_20,f691f8295a2d48728df8c5d71adb788a,0.075,,,
3364,2026-09-30,SH600845,-0.0012241608867596505,EXP_CatBoostModel_Alpha158_csi300_custom_step0_s_20261001_20,f691f8295a2d48728df8c5d71adb788a,0.075,,,
3365,2026-09-30,SH600803,-0.00023784521953793317,EXP_CatBoostModel_Alpha158_csi300_custom_step0_s_20261001_20,f691f8295a2d48728df8c5d71adb788a,0.075,,,
3366,2026-09-30,SH600795,0.0015379668295818516,EXP_CatBoostModel_Alpha158_csi300_custom_step0_s_20261001_20,f691f8295a2d48728df8c5d71adb788a,0.075,,,
3367,2026-09-30,SH600760,-0.00023784521953793317,EXP_CatBoostModel_Alpha158_csi300_custom_step0_s_20261001_20,f691f8295a2d48728df8c5d71adb788a,0.075,,,
3368,2026-09-30,SH600741,0.0025496316930185754,EXP_CatBoostModel_Alpha158_csi300_custom_step0_s_20261001_20,f691f8295a2d48728df8c5d71adb788a,0.075,,,
3369,2026-09-30,SH600690,-0.0004471669665720658,EXP_CatBoostModel_Alpha158_csi300_custom_step0_s_20261001_20,f691f8295a2d48728df8c5d71adb788a,0.075,,,
3370,2026-09-30,SH600674,0.0015379668295818516,EXP_CatBoostModel_Alpha158_csi300_custom_step0_s_20261001_20,f691f8295a2d48728df8c5d71adb788a,0.075,,,
3371,2026-09-30,SH600660,-0.00023784521953793317,EXP_CatBoostModel_Alpha158_csi300_custom_step0_s_20261001_20,f691f8295a2d48728df8c5d71adb788a,0.075,,,
3372,2026-09-30,SH600809,-0.00023784521953793317,EXP_CatBoostModel_Alpha158_csi300_custom_step0_s_20261001_20,f691f8295a2d48728df8c5d71adb788a,0.075,,,
3373,2026-09-30,SH600346,-0.0010316349130260194,EXP_CatBoostModel_Alpha158_csi300_custom_step0_s_20261001_20,f691f8295a2d48728df8c5d71adb788a,0.075,,,
3374,2026-09-30,SH600309,-0.0018949065458016558,EXP_CatBoostModel_Alpha158_csi300_custom_step0_s_20261001_20,f691f8295a2d48728df8c5d71adb788a,0.075,,,
3375,2026-09-30,SH600276,-0.00023784521953793317,EXP_CatBoostModel_Alpha158_csi300_custom_step0_s_20261001_20,f691f8295a2d48728df8c5d71adb788a,0.075,,,
3376,2026-09-30,SH600036,0.0015379668295818516,EXP_CatBoostModel_Alpha158_csi300_custom_step0_s_20261001_20,f691f8295a2d48728df8c5d71adb788a,0.075,,,
3377,2026-09-30,SH600031,-0.0018949065458016558,EXP_CatBoostModel_Alpha158_csi300_custom_step0_s_20261001_20,f691f8295a2d48728df8c5d71adb788a,0.075,,,
3378,2026-09-30,SH600030,0.0003928022311212402,EXP_CatBoostModel_Alpha158_csi300_custom_step0_s_20261001_20,f691f8295a2d48728df8c5d71adb788a,0.075,,,
3379,2026-09-30,SH600029,0.0025496316930185754,EXP_CatBoostModel_Alpha158_csi300_custom_step0_s_20261001_20,f691f8295a2d48728df8c5d71adb788a,0.075,,,
3380,2026-09-30,SH600028,-0.0012241608867596505,EXP_CatBoostModel_Alpha158_csi300_custom_step0_s_20261001_20,f691f8295a2d48728df8c5d71adb788a,0.075,,,
3381,2026-09-30,SH600027,-0.00023784521953793317,EXP_CatBoostModel_Alpha158_csi300_custom_step0_s_20261001_20,f691f8295a2d48728df8c5d71adb788a,0.075,,,
3382,2026-09-30,SH600026,-0.001400409434708625,EXP_CatBoostModel_Alpha158_csi300_custom_step0_s_20261001_20,f691f8295a2d48728df8c5d71adb788a,0.075,,,
3383,2026-09-30,SH600039,0.0003928022311212402,EXP_CatBoostModel_Alpha158_csi300_custom_step0_s_20261001_20,f691f8295a2d48728df8c5d71adb788a,0.075,,,
3384,2026-09-30,SH600025,0.0015379668295818516,EXP_CatBoostModel_Alpha158_csi300_custom_step0_s_20261001_20,f691f8295a2d48728df8c5d71adb788a,0.075,,,
3385,2026-09-30,SH600019,0.010053334679025909,EXP_CatBoostModel_Alpha158_csi300_custom_step0_s_20261001_20,f691f8295a2d48728df8c5d71adb788a,0.075,,,
3386,2026-09-30,SH600018,0.0015379668295818516,EXP_CatBoostModel_Alpha158_csi300_custom_step0_s_20261001_20,f691f8295a2d48728df8c5d71adb788a,0.075,,,
3387,2026-09-30,SH600016,0.0015379668295818516,EXP_CatBoostModel_Alpha158_csi300_custom_step0_s_20261001_20,f691f8295a2d48728df8c5d71adb788a,0.075,,,
3388,2026-09-30,SH600015,-0.00023784521953793317,EXP_CatBoostModel_Alpha158_csi300_custom_step0_s_20261001_20,f691f8295a2d48728df8c5d71adb788a,0.075,,,
3389,2026-09-30,SH600011,0.0015379668295818516,EXP_CatBoostModel_Alpha158_csi300_custom_step0_s_20261001_20,f691f8295a2d48728df8c5d71adb788a,0.075,,,
3390,2026-09-30,SH600010,-0.0018949065458016558,EXP_CatBoostModel_Alpha158_csi300_custom_step0_s_20261001_20,f691f8295a2d48728df8c5d71adb788a,0.075,,,
3391,2026-09-30,SH600009,0.00150414683260152,EXP_CatBoostModel_Alpha158_csi300_custom_step0_s_20261001_20,f691f8295a2d48728df8c5d71adb788a,0.075,,,
3392,2026-09-30,SH600023,0.0015379668295818516,EXP_CatBoostModel_Alpha158_csi300_custom_step0_s_20261001_20,f691f8295a2d48728df8c5d71adb788a,0.075,,,
3393,2026-09-30,SH600919,0.0015379668295818516,EXP_CatBoostModel_Alpha158_csi300_custom_step0_s_20261001_20,f691f8295a2d48728df8c5d71adb788a,0.075,,,
3394,2026-09-30,SH600048,-0.005668666654627101,EXP_CatBoostModel_Alpha158_csi300_custom_step0_s_20261001_20,f691f8295a2d48728df8c5d71adb788a,0.075,,,
3395,2026-09-30,SH600061,0.0017759471113795093,EXP_CatBoostModel_Alpha158_csi300_custom_step0_s_20261001_20,f691f8295a2d48728df8c5d71adb788a,0.075,,,
3396,2026-09-30,SH600233,0.0003928022311212402,EXP_CatBoostModel_Alpha158_csi300_custom_step0_s_20261001_20,f691f8295a2d48728df8c5d71adb788a,0.075,,,
3397,2026-09-30,SH600221,-0.00023784521953793317,EXP_CatBoostModel_Alpha158_csi300_custom_step0_s_20261001_20,f691f8295a2d48728df8c5d71adb788a,0.075,,,
3398,2026-09-30,SH600219,-0.00023784521953793317,EXP_CatBoostModel_Alpha158_csi300_custom_step0_s_20261001_20,f691f8295a2d48728df8c5d71adb788a,0.075,,,
3399,2026-09-30,SH600196,-0.00023784521953793317,EXP_CatBoostModel_Alpha158_csi300_custom_step0_s_20261001_20,f691f8295a2d48728df8c5d71adb788a,0.075,,,
3400,2026-09-30,SH600188,-0.0018949065458016558,EXP_CatBoostModel_Alpha158_csi300_custom_step0_s_20261001_20,f691f8295a2d48728df8c5d71adb788a,0.075,,,
3401,2026-09-30,SH600183,-0.0010316349130260194,EXP_CatBoostModel_Alpha158_csi300_custom_step0_s_20261001_20,f691f8295a2d48728df8c5d71adb788a,0.075,,,
3402,2026-09-30,SH600176,-0.0010316349130260194,EXP_CatBoostModel_Alpha158_csi300_custom_step0_s_20261001_20,f691f8295a2d48728df8c5d71adb788a,0.075,,,
3403,2026-09-30,SH600050,0.0025496316930185754,EXP_CatBoostModel_Alpha158_csi300_custom_step0_s_20261001_20,f691f8295a2d48728df8c5d71adb788a,0.075,,,
3404,2026-09-30,SH600160,-0.0010316349130260194,EXP_CatBoostModel_Alpha158_csi300_custom_step0_s_20261001_20,f691f8295a2d48728df8c5d71adb788a,0.075,,,
3405,2026-09-30,SH600118,-0.0010316349130260194,EXP_CatBoostModel_Alpha158_csi300_custom_step0_s_20261001_20,f691f8295a2d48728df8c5d71adb788a,0.075,,,
3406,2026-09-30,SH600115,0.0014904091445262647,EXP_CatBoostModel_Alpha158_csi300_custom_step0_s_20261001_20,f691f8295a2d48728df8c5d71adb788a,0.075,,,
3407,2026-09-30,SH600111,-0.0010316349130260194,EXP_CatBoostModel_Alpha158_csi300_custom_step0_s_20261001_20,f691f8295a2d48728df8c5d71adb788a,0.075,,,
3408,2026-09-30,SH600104,-0.00023784521953793317,EXP_CatBoostModel_Alpha158_csi300_custom_step0_s_20261001_20,f691f8295a2d48728df8c5d71adb788a,0.075,,,
3409,2026-09-30,SH600089,-0.0018949065458016558,EXP_CatBoostModel_Alpha158_csi300_custom_step0_s_20261001_20,f691f8295a2d48728df8c5d71adb788a,0.075,,,
3410,2026-09-30,SH600085,0.0025496316930185754,EXP_CatBoostModel_Alpha158_csi300_custom_step0_s_20261001_20,f691f8295a2d48728df8c5d71adb788a,0.075,,,
3411,2026-09-30,SH600066,-0.00023784521953793317,EXP_CatBoostModel_Alpha158_csi300_custom_step0_s_20261001_20,f691f8295a2d48728df8c5d71adb788a,0.075,,,
3412,2026-09-30,SH600150,0.0003928022311212402,EXP_CatBoostModel_Alpha158_csi300_custom_step0_s_20261001_20,f691f8295a2d48728df8c5d71adb788a,0.075,,,
3413,2026-09-30,SH600926,0.0015379668295818516,EXP_CatBoostModel_Alpha158_csi300_custom_step0_s_20261001_20,f691f8295a2d48728df8c5d71adb788a,0.075,,,
3414,2026-09-30,SH600930,0.0025496316930185754,EXP_CatBoostModel_Alpha158_csi300_custom_step0_s_20261001_20,f691f8295a2d48728df8c5d71adb788a,0.075,,,
3415,2026-09-30,SH600938,0.00150414683260152,EXP_CatBoostModel_Alpha158_csi300_custom_step0_s_20261001_20,f691f8295a2d48728df8c5d71adb788a,0.075,,,
3416,2026-09-30,SH601825,0.0015379668295818516,EXP_CatBoostModel_Alpha158_csi300_custom_step0_s_20261001_20,f691f8295a2d48728df8c5d71adb788a,0.075,,,
3417,2026-09-30,SH601818,0.00441087800395465,EXP_CatBoostModel_Alpha158_csi300_custom_step0_s_20261001_20,f691f8295a2d48728df8c5d71adb788a,0.075,,,
3418,2026-09-30,SH601816,0.0014904091445262647,EXP_CatBoostModel_Alpha158_csi300_custom_step0_s_20261001_20,f691f8295a2d48728df8c5d71adb788a,0.075,,,
3419,2026-09-30,SH601800,0.00441087800395465,EXP_CatBoostModel_Alpha158_csi300_custom_step0_s_20261001_20,f691f8295a2d48728df8c5d71adb788a,0.075,,,
3420,2026-09-30,SH601788,-0.0018949065458016558,EXP_CatBoostModel_Alpha158_csi300_custom_step0_s_20261001_20,f691f8295a2d48728df8c5d71adb788a,0.075,,,
3421,2026-09-30,SH601766,0.0015379668295818516,EXP_CatBoostModel_Alpha158_csi300_custom_step0_s_20261001_20,f691f8295a2d48728df8c5d71adb788a,0.075,,,
3422,2026-09-30,SH601728,0.0015379668295818516,EXP_CatBoostModel_Alpha158_csi300_custom_step0_s_20261001_20,f691f8295a2d48728df8c5d71adb788a,0.075,,,
3423,2026-09-30,SH601838,-0.00023784521953793317,EXP_CatBoostModel_Alpha158_csi300_custom_step0_s_20261001_20,f691f8295a2d48728df8c5d71adb788a,0.075,,,
3424,2026-09-30,SH601727,0.00150414683260152,EXP_CatBoostModel_Alpha158_csi300_custom_step0_s_20261001_20,f691f8295a2d48728df8c5d71adb788a,0.075,,,
3425,2026-09-30,SH601689,0.0003928022311212402,EXP_CatBoostModel_Alpha158_csi300_custom_step0_s_20261001_20,f691f8295a2d48728df8c5d71adb788a,0.075,,,
3426,2026-09-30,SH601688,0.0003928022311212402,EXP_CatBoostModel_Alpha158_csi300_custom_step0_s_20261001_20,f691f8295a2d48728df8c5d71adb788a,0.075,,,
3427,2026-09-30,SH601669,0.0025496316930185754,EXP_CatBoostModel_Alpha158_csi300_custom_step0_s_20261001_20,f691f8295a2d48728df8c5d71adb788a,0.075,,,
3428,2026-09-30,SH601668,0.0025496316930185754,EXP_CatBoostModel_Alpha158_csi300_custom_step0_s_20261001_20,f691f8295a2d48728df8c5d71adb788a,0.075,,,
3429,2026-09-30,SH601658,-0.00023784521953793317,EXP_CatBoostModel_Alpha158_csi300_custom_step0_s_20261001_20,f691f8295a2d48728df8c5d71adb788a,0.075,,,
3430,2026-09-30,SH601633,-0.0018949065458016558,EXP_CatBoostModel_Alpha158_csi300_custom_step0_s_20261001_20,f691f8295a2d48728df8c5d71adb788a,0.075,,,
3431,2026-09-30,SH601628,0.0017759471113795093,EXP_CatBoostModel_Alpha158_csi300_custom_step0_s_20261001_20,f691f8295a2d48728df8c5d71adb788a,0.075,,,
3432,2026-09-30,SH601698,-0.0010316349130260194,EXP_CatBoostModel_Alpha158_csi300_custom_step0_s_20261001_20,f691f8295a2d48728df8c5d71adb788a,0.075,,,
3433,2026-09-30,SH601618,0.0014904091445262647,EXP_CatBoostModel_Alpha158_csi300_custom_step0_s_20261001_20,f691f8295a2d48728df8c5d71adb788a,0.075,,,
3434,2026-09-30,SH601857,0.0015379668295818516,EXP_CatBoostModel_Alpha158_csi300_custom_step0_s_20261001_20,f691f8295a2d48728df8c5d71adb788a,0.075,,,
3435,2026-09-30,SH601872,-0.001400409434708625,EXP_CatBoostModel_Alpha158_csi300_custom_step0_s_20261001_20,f691f8295a2d48728df8c5d71adb788a,0.075,,,
3436,2026-09-30,SH603259,-0.001400409434708625,EXP_CatBoostModel_Alpha158_csi300_custom_step0_s_20261001_20,f691f8295a2d48728df8c5d71adb788a,0.075,,,
3437,2026-09-30,SH603019,-0.0004471669665720658,EXP_CatBoostModel_Alpha158_csi300_custom_step0_s_20261001_20,f691f8295a2d48728df8c5d71adb788a,0.075,,,
3438,2026-09-30,SH601998,0.0015379668295818516,EXP_CatBoostModel_Alpha158_csi300_custom_step0_s_20261001_20,f691f8295a2d48728df8c5d71adb788a,0.075,,,
3439,2026-09-30,SH601995,-0.0010316349130260194,EXP_CatBoostModel_Alpha158_csi300_custom_step0_s_20261001_20,f691f8295a2d48728df8c5d71adb788a,0.075,,,
3440,2026-09-30,SH601988,-0.00023784521953793317,EXP_CatBoostModel_Alpha158_csi300_custom_step0_s_20261001_20,f691f8295a2d48728df8c5d71adb788a,0.075,,,
3441,2026-09-30,SH601985,0.00441087800395465,EXP_CatBoostModel_Alpha158_csi300_custom_step0_s_20261001_20,f691f8295a2d48728df8c5d71adb788a,0.075,,,
3442,2026-09-30,SH601939,0.0015379668295818516,EXP_CatBoostModel_Alpha158_csi300_custom_step0_s_20261001_20,f691f8295a2d48728df8c5d71adb788a,0.075,,,
3443,2026-09-30,SH601868,0.0017759471113795093,EXP_CatBoostModel_Alpha158_csi300_custom_step0_s_20261001_20,f691f8295a2d48728df8c5d71adb788a,0.075,,,
3444,2026-09-30,SH601919,0.0014904091445262647,EXP_CatBoostModel_Alpha158_csi300_custom_step0_s_20261001_20,f691f8295a2d48728df8c5d71adb788a,0.075,,,
3445,2026-09-30,SH601901,0.00150414683260152,EXP_CatBoostModel_Alpha158_csi300_custom_step0_s_20261001_20,f691f8295a2d48728df8c5d71adb788a,0.075,,,
3446,2026-09-30,SH601899,-0.0018949065458016558,EXP_CatBoostModel_Alpha158_csi300_custom_step0_s_20261001_20,f691f8295a2d48728df8c5d71adb788a,0.075,,,
3447,2026-09-30,SH601898,0.0003928022311212402,EXP_CatBoostModel_Alpha158_csi300_custom_step0_s_20261001_20,f691f8295a2d48728df8c5d71adb788a,0.075,,,
3448,2026-09-30,SH601888,0.0014904091445262647,EXP_CatBoostModel_Alpha158_csi300_custom_step0_s_20261001_20,f691f8295a2d48728df8c5d71adb788a,0.075,,,
3449,2026-09-30,SH601881,0.0017759471113795093,EXP_CatBoostModel_Alpha158_csi300_custom_step0_s_20261001_20,f691f8295a2d48728df8c5d71adb788a,0.075,,,
3450,2026-09-30,SH601878,0.0017759471113795093,EXP_CatBoostModel_Alpha158_csi300_custom_step0_s_20261001_20,f691f8295a2d48728df8c5d71adb788a,0.075,,,
3451,2026-09-30,SH601877,0.00150414683260152,EXP_CatBoostModel_Alpha158_csi300_custom_step0_s_20261001_20,f691f8295a2d48728df8c5d71adb788a,0.075,,,
3452,2026-09-30,SH601916,0.0017759471113795093,EXP_CatBoostModel_Alpha158_csi300_custom_step0_s_20261001_20,f691f8295a2d48728df8c5d71adb788a,0.075,,,
3453,2026-09-30,SH603288,0.00150414683260152,EXP_CatBoostModel_Alpha158_csi300_custom_step0_s_20261001_20,f691f8295a2d48728df8c5d71adb788a,0.075,,,
3454,2026-09-30,SH601607,0.0025496316930185754,EXP_CatBoostModel_Alpha158_csi300_custom_step0_s_20261001_20,f691f8295a2d48728df8c5d71adb788a,0.075,,,
3455,2026-09-30,SH601600,-0.00023784521953793317,EXP_CatBoostModel_Alpha158_csi300_custom_step0_s_20261001_20,f691f8295a2d48728df8c5d71adb788a,0.075,,,
3456,2026-09-30,SH601117,0.0014904091445262647,EXP_CatBoostModel_Alpha158_csi300_custom_step0_s_20261001_20,f691f8295a2d48728df8c5d71adb788a,0.075,,,
3457,2026-09-30,SH601111,0.00441087800395465,EXP_CatBoostModel_Alpha158_csi300_custom_step0_s_20261001_20,f691f8295a2d48728df8c5d71adb788a,0.075,,,
3458,2026-09-30,SH601100,0.0003928022311212402,EXP_CatBoostModel_Alpha158_csi300_custom_step0_s_20261001_20,f691f8295a2d48728df8c5d71adb788a,0.075,,,
3459,2026-09-30,SH601088,0.0015379668295818516,EXP_CatBoostModel_Alpha158_csi300_custom_step0_s_20261001_20,f691f8295a2d48728df8c5d71adb788a,0.075,,,
3460,2026-09-30,SH601077,0.00150414683260152,EXP_CatBoostModel_Alpha158_csi300_custom_step0_s_20261001_20,f691f8295a2d48728df8c5d71adb788a,0.075,,,
3461,2026-09-30,SH601066,0.0003928022311212402,EXP_CatBoostModel_Alpha158_csi300_custom_step0_s_20261001_20,f691f8295a2d48728df8c5d71adb788a,0.075,,,
3462,2026-09-30,SH601058,-0.0018949065458016558,EXP_CatBoostModel_Alpha158_csi300_custom_step0_s_20261001_20,f691f8295a2d48728df8c5d71adb788a,0.075,,,
3463,2026-09-30,SH601127,-0.0010316349130260194,EXP_CatBoostModel_Alpha158_csi300_custom_step0_s_20261001_20,f691f8295a2d48728df8c5d71adb788a,0.075,,,
3464,2026-09-30,SH601021,-0.00023784521953793317,EXP_CatBoostModel_Alpha158_csi300_custom_step0_s_20261001_20,f691f8295a2d48728df8c5d71adb788a,0.075,,,
3465,2026-09-30,SH601012,-0.00023784521953793317,EXP_CatBoostModel_Alpha158_csi300_custom_step0_s_20261001_20,f691f8295a2d48728df8c5d71adb788a,0.075,,,
3466,2026-09-30,SH601009,0.0015379668295818516,EXP_CatBoostModel_Alpha158_csi300_custom_step0_s_20261001_20,f691f8295a2d48728df8c5d71adb788a,0.075,,,
3467,2026-09-30,SH601006,0.0025496316930185754,EXP_CatBoostModel_Alpha158_csi300_custom_step0_s_20261001_20,f691f8295a2d48728df8c5d71adb788a,0.075,,,
3468,2026-09-30,SH600999,-0.0010316349130260194,EXP_CatBoostModel_Alpha158_csi300_custom_step0_s_20261001_20,f691f8295a2d48728df8c5d71adb788a,0.075,,,
3469,2026-09-30,SH600989,0.0003928022311212402,EXP_CatBoostModel_Alpha158_csi300_custom_step0_s_20261001_20,f691f8295a2d48728df8c5d71adb788a,0.075,,,
3470,2026-09-30,SH600958,0.0017759471113795093,EXP_CatBoostModel_Alpha158_csi300_custom_step0_s_20261001_20,f691f8295a2d48728df8c5d71adb788a,0.075,,,
3471,2026-09-30,SH600941,0.0015379668295818516,EXP_CatBoostModel_Alpha158_csi300_custom_step0_s_20261001_20,f691f8295a2d48728df8c5d71adb788a,0.075,,,
3472,2026-09-30,SH601018,0.0015379668295818516,EXP_CatBoostModel_Alpha158_csi300_custom_step0_s_20261001_20,f691f8295a2d48728df8c5d71adb788a,0.075,,,
3473,2026-09-30,SH601601,-0.0018949065458016558,EXP_CatBoostModel_Alpha158_csi300_custom_step0_s_20261001_20,f691f8295a2d48728df8c5d71adb788a,0.075,,,
3474,2026-09-30,SH601136,-0.0010316349130260194,EXP_CatBoostModel_Alpha158_csi300_custom_step0_s_20261001_20,f691f8295a2d48728df8c5d71adb788a,0.075,,,
3475,2026-09-30,SH601166,0.0015379668295818516,EXP_CatBoostModel_Alpha158_csi300_custom_step0_s_20261001_20,f691f8295a2d48728df8c5d71adb788a,0.075,,,
3476,2026-09-30,SH601456,0.0017759471113795093,EXP_CatBoostModel_Alpha158_csi300_custom_step0_s_20261001_20,f691f8295a2d48728df8c5d71adb788a,0.075,,,
3477,2026-09-30,SH601398,0.0015379668295818516,EXP_CatBoostModel_Alpha158_csi300_custom_step0_s_20261001_20,f691f8295a2d48728df8c5d71adb788a,0.075,,,
3478,2026-09-30,SH601390,0.0025496316930185754,EXP_CatBoostModel_Alpha158_csi300_custom_step0_s_20261001_20,f691f8295a2d48728df8c5d71adb788a,0.075,,,
3479,2026-09-30,SH601377,0.0017759471113795093,EXP_CatBoostModel_Alpha158_csi300_custom_step0_s_20261001_20,f691f8295a2d48728df8c5d71adb788a,0.075,,,
3480,2026-09-30,SH601360,-0.0012241608867596505,EXP_CatBoostModel_Alpha158_csi300_custom_step0_s_20261001_20,f691f8295a2d48728df8c5d71adb788a,0.075,,,
3481,2026-09-30,SH601336,-0.0018949065458016558,EXP_CatBoostModel_Alpha158_csi300_custom_step0_s_20261001_20,f691f8295a2d48728df8c5d71adb788a,0.075,,,
3482,2026-09-30,SH601328,0.0036265426368197328,EXP_CatBoostModel_Alpha158_csi300_custom_step0_s_20261001_20,f691f8295a2d48728df8c5d71adb788a,0.075,,,
3483,2026-09-30,SH601138,-0.0010316349130260194,EXP_CatBoostModel_Alpha158_csi300_custom_step0_s_20261001_20,f691f8295a2d48728df8c5d71adb788a,0.075,,,
3484,2026-09-30,SH601319,0.0003928022311212402,EXP_CatBoostModel_Alpha158_csi300_custom_step0_s_20261001_20,f691f8295a2d48728df8c5d71adb788a,0.075,,,
3485,2026-09-30,SH601288,0.0015379668295818516,EXP_CatBoostModel_Alpha158_csi300_custom_step0_s_20261001_20,f691f8295a2d48728df8c5d71adb788a,0.075,,,
3486,2026-09-30,SH601238,-0.0010316349130260194,EXP_CatBoostModel_Alpha158_csi300_custom_step0_s_20261001_20,f691f8295a2d48728df8c5d71adb788a,0.075,,,
3487,2026-09-30,SH601229,0.0015379668295818516,EXP_CatBoostModel_Alpha158_csi300_custom_step0_s_20261001_20,f691f8295a2d48728df8c5d71adb788a,0.075,,,
3488,2026-09-30,SH601225,-0.002941615901928251,EXP_CatBoostModel_Alpha158_csi300_custom_step0_s_20261001_20,f691f8295a2d48728df8c5d71adb788a,0.075,,,
3489,2026-09-30,SH601211,0.0017759471113795093,EXP_CatBoostModel_Alpha158_csi300_custom_step0_s_20261001_20,f691f8295a2d48728df8c5d71adb788a,0.075,,,
3490,2026-09-30,SH601186,0.0025496316930185754,EXP_CatBoostModel_Alpha158_csi300_custom_step0_s_20261001_20,f691f8295a2d48728df8c5d71adb788a,0.075,,,
3491,2026-09-30,SH601169,-0.00023784521953793317,EXP_CatBoostModel_Alpha158_csi300_custom_step0_s_20261001_20,f691f8295a2d48728df8c5d71adb788a,0.075,,,
3492,2026-09-30,SH601318,-0.0018949065458016558,EXP_CatBoostModel_Alpha158_csi300_custom_step0_s_20261001_20,f691f8295a2d48728df8c5d71adb788a,0.075,,,
3493,2026-09-30,SH600893,-0.015622873041827197,EXP_LGBModel_Alpha158_csi300_custom_step0_s_20261001_20,234de275c25240099ec14ad53312a960,0.082,,,
3494,2026-09-30,SH600039,-0.0011419631054011854,EXP_CatBoostModel_Alpha158_csi300_custom_step0_s_20261001_20,17cc074ba4f94596ac63c3bdeeeafa4f,0.067,,,
3495,2026-09-30,SH600050,0.009871387992769019,EXP_CatBoostModel_Alpha158_csi300_custom_step0_s_20261001_20,17cc074ba4f94596ac63c3bdeeeafa4f,0.067,,,
3496,2026-09-30,SZ002202,-0.006967302969210332,EXP_CatBoostModel_Alpha158_csi300_custom_step0_s_20261001_20,17cc074ba4f94596ac63c3bdeeeafa4f,0.067,,,
3497,2026-09-30,SZ002179,-0.0069263059928766045,EXP_CatBoostModel_Alpha158_csi300_custom_step0_s_20261001_20,17cc074ba4f94596ac63c3bdeeeafa4f,0.067,,,
3498,2026-09-30,SZ002142,0.012062065214225877,EXP_CatBoostModel_Alpha158_csi300_custom_step0_s_20261001_20,17cc074ba4f94596ac63c3bdeeeafa4f,0.067,,,
3499,2026-09-30,SZ002074,0.0026742781785432496,EXP_CatBoostModel_Alpha158_csi300_custom_step0_s_20261001_20,17cc074ba4f94596ac63c3bdeeeafa4f,0.067,,,
3500,2026-09-30,SZ002050,-0.005775759480967713,EXP_CatBoostModel_Alpha158_csi300_custom_step0_s_20261001_20,17cc074ba4f94596ac63c3bdeeeafa4f,0.067,,,
3501,2026-09-30,SZ002049,-0.015493527003097047,EXP_CatBoostModel_Alpha158_csi300_custom_step0_s_20261001_20,17cc074ba4f94596ac63c3bdeeeafa4f,0.067,,,
3502,2026-09-30,SZ002028,0.031092613089978564,EXP_CatBoostModel_Alpha158_csi300_custom_step0_s_20261001_20,17cc074ba4f94596ac63c3bdeeeafa4f,0.067,,,
3503,2026-09-30,SZ002027,0.0029304335933896665,EXP_CatBoostModel_Alpha158_csi300_custom_step0_s_20261001_20,17cc074ba4f94596ac63c3bdeeeafa4f,0.067,,,
3504,2026-09-30,SZ002001,-0.005766287582741157,EXP_CatBoostModel_Alpha158_csi300_custom_step0_s_20261001_20,17cc074ba4f94596ac63c3bdeeeafa4f,0.067,,,
3505,2026-09-30,SZ001979,0.014857325193006957,EXP_CatBoostModel_Alpha158_csi300_custom_step0_s_20261001_20,17cc074ba4f94596ac63c3bdeeeafa4f,0.067,,,
3506,2026-09-30,SZ001965,0.009791051777520255,EXP_CatBoostModel_Alpha158_csi300_custom_step0_s_20261001_20,17cc074ba4f94596ac63c3bdeeeafa4f,0.067,,,
3507,2026-09-30,SZ001391,-0.004667239591158951,EXP_CatBoostModel_Alpha158_csi300_custom_step0_s_20261001_20,17cc074ba4f94596ac63c3bdeeeafa4f,0.067,,,
3508,2026-09-30,SZ001280,-0.006967302969210332,EXP_CatBoostModel_Alpha158_csi300_custom_step0_s_20261001_20,17cc074ba4f94596ac63c3bdeeeafa4f,0.067,,,
3509,2026-09-30,SZ000999,0.0013588737293973871,EXP_CatBoostModel_Alpha158_csi300_custom_step0_s_20261001_20,17cc074ba4f94596ac63c3bdeeeafa4f,0.067,,,
3510,2026-09-30,SZ000988,-0.011991211057897433,EXP_CatBoostModel_Alpha158_csi300_custom_step0_s_20261001_20,17cc074ba4f94596ac63c3bdeeeafa4f,0.067,,,
3511,2026-09-30,SZ002230,-0.006967302969210332,EXP_CatBoostModel_Alpha158_csi300_custom_step0_s_20261001_20,17cc074ba4f94596ac63c3bdeeeafa4f,0.067,,,
3512,2026-09-30,SZ002236,-0.0028711437243018898,EXP_CatBoostModel_Alpha158_csi300_custom_step0_s_20261001_20,17cc074ba4f94596ac63c3bdeeeafa4f,0.067,,,
3513,2026-09-30,SZ002241,-0.00517231209308262,EXP_CatBoostModel_Alpha158_csi300_custom_step0_s_20261001_20,17cc074ba4f94596ac63c3bdeeeafa4f,0.067,,,
3514,2026-09-30,SZ002304,-0.0005201603238046534,EXP_CatBoostModel_Alpha158_csi300_custom_step0_s_20261001_20,17cc074ba4f94596ac63c3bdeeeafa4f,0.067,,,
3515,2026-09-30,SZ002600,-0.011617699110569885,EXP_CatBoostModel_Alpha158_csi300_custom_step0_s_20261001_20,17cc074ba4f94596ac63c3bdeeeafa4f,0.067,,,
3516,2026-09-30,SZ002594,-0.003849137537831824,EXP_CatBoostModel_Alpha158_csi300_custom_step0_s_20261001_20,17cc074ba4f94596ac63c3bdeeeafa4f,0.067,,,
3517,2026-09-30,SZ002558,-0.0040405375071023205,EXP_CatBoostModel_Alpha158_csi300_custom_step0_s_20261001_20,17cc074ba4f94596ac63c3bdeeeafa4f,0.067,,,
3518,2026-09-30,SZ002532,-0.007740264342065241,EXP_CatBoostModel_Alpha158_csi300_custom_step0_s_20261001_20,17cc074ba4f94596ac63c3bdeeeafa4f,0.067,,,
3519,2026-09-30,SZ002493,-0.005567815024733524,EXP_CatBoostModel_Alpha158_csi300_custom_step0_s_20261001_20,17cc074ba4f94596ac63c3bdeeeafa4f,0.067,,,
3520,2026-09-30,SZ002475,-0.007039836269695058,EXP_CatBoostModel_Alpha158_csi300_custom_step0_s_20261001_20,17cc074ba4f94596ac63c3bdeeeafa4f,0.067,,,
3521,2026-09-30,SZ002466,-0.007039836269695058,EXP_CatBoostModel_Alpha158_csi300_custom_step0_s_20261001_20,17cc074ba4f94596ac63c3bdeeeafa4f,0.067,,,
3522,2026-09-30,SZ000977,-0.012065883854923002,EXP_CatBoostModel_Alpha158_csi300_custom_step0_s_20261001_20,17cc074ba4f94596ac63c3bdeeeafa4f,0.067,,,
3523,2026-09-30,SZ002463,-0.006789670530052524,EXP_CatBoostModel_Alpha158_csi300_custom_step0_s_20261001_20,17cc074ba4f94596ac63c3bdeeeafa4f,0.067,,,
3524,2026-09-30,SZ002422,-0.005588655143583349,EXP_CatBoostModel_Alpha158_csi300_custom_step0_s_20261001_20,17cc074ba4f94596ac63c3bdeeeafa4f,0.067,,,
3525,2026-09-30,SZ002415,-0.0026626831856497468,EXP_CatBoostModel_Alpha158_csi300_custom_step0_s_20261001_20,17cc074ba4f94596ac63c3bdeeeafa4f,0.067,,,
3526,2026-09-30,SZ002384,-0.009067469992875972,EXP_CatBoostModel_Alpha158_csi300_custom_step0_s_20261001_20,17cc074ba4f94596ac63c3bdeeeafa4f,0.067,,,
3527,2026-09-30,SZ002371,-0.009577617403027601,EXP_CatBoostModel_Alpha158_csi300_custom_step0_s_20261001_20,17cc074ba4f94596ac63c3bdeeeafa4f,0.067,,,
3528,2026-09-30,SZ002353,0.015308487947305022,EXP_CatBoostModel_Alpha158_csi300_custom_step0_s_20261001_20,17cc074ba4f94596ac63c3bdeeeafa4f,0.067,,,
3529,2026-09-30,SZ002352,0.0015262443216111496,EXP_CatBoostModel_Alpha158_csi300_custom_step0_s_20261001_20,17cc074ba4f94596ac63c3bdeeeafa4f,0.067,,,
3530,2026-09-30,SZ002311,-0.0030506252899008715,EXP_CatBoostModel_Alpha158_csi300_custom_step0_s_20261001_20,17cc074ba4f94596ac63c3bdeeeafa4f,0.067,,,
3531,2026-09-30,SZ002460,0.007565172188155235,EXP_CatBoostModel_Alpha158_csi300_custom_step0_s_20261001_20,17cc074ba4f94596ac63c3bdeeeafa4f,0.067,,,
3532,2026-09-30,SZ000975,-0.0038777487889399102,EXP_CatBoostModel_Alpha158_csi300_custom_step0_s_20261001_20,17cc074ba4f94596ac63c3bdeeeafa4f,0.067,,,
3533,2026-09-30,SZ000963,-0.005791371010709565,EXP_CatBoostModel_Alpha158_csi300_custom_step0_s_20261001_20,17cc074ba4f94596ac63c3bdeeeafa4f,0.067,,,
3534,2026-09-30,SZ000938,-0.0045807892266529985,EXP_CatBoostModel_Alpha158_csi300_custom_step0_s_20261001_20,17cc074ba4f94596ac63c3bdeeeafa4f,0.067,,,
3535,2026-09-30,SZ000301,-0.008906473053168433,EXP_CatBoostModel_Alpha158_csi300_custom_step0_s_20261001_20,17cc074ba4f94596ac63c3bdeeeafa4f,0.067,,,
3536,2026-09-30,SZ000166,0.004161290929205201,EXP_CatBoostModel_Alpha158_csi300_custom_step0_s_20261001_20,17cc074ba4f94596ac63c3bdeeeafa4f,0.067,,,
3537,2026-09-30,SZ000157,-0.003138211448460659,EXP_CatBoostModel_Alpha158_csi300_custom_step0_s_20261001_20,17cc074ba4f94596ac63c3bdeeeafa4f,0.067,,,
3538,2026-09-30,SZ000100,-0.00654578457335662,EXP_CatBoostModel_Alpha158_csi300_custom_step0_s_20261001_20,17cc074ba4f94596ac63c3bdeeeafa4f,0.067,,,
3539,2026-09-30,SZ000063,-0.012168843497055241,EXP_CatBoostModel_Alpha158_csi300_custom_step0_s_20261001_20,17cc074ba4f94596ac63c3bdeeeafa4f,0.067,,,
3540,2026-09-30,SZ000002,-0.012010764450856543,EXP_CatBoostModel_Alpha158_csi300_custom_step0_s_20261001_20,17cc074ba4f94596ac63c3bdeeeafa4f,0.067,,,
3541,2026-09-30,SZ000001,0.010311644645625407,EXP_CatBoostModel_Alpha158_csi300_custom_step0_s_20261001_20,17cc074ba4f94596ac63c3bdeeeafa4f,0.067,,,
3542,2026-09-30,SZ000333,-0.004240421510678987,EXP_CatBoostModel_Alpha158_csi300_custom_step0_s_20261001_20,17cc074ba4f94596ac63c3bdeeeafa4f,0.067,,,
3543,2026-09-30,SH688981,-0.0012627825465049043,EXP_CatBoostModel_Alpha158_csi300_custom_step0_s_20261001_20,17cc074ba4f94596ac63c3bdeeeafa4f,0.067,,,
3544,2026-09-30,SH688506,-0.0070853090048716965,EXP_CatBoostModel_Alpha158_csi300_custom_step0_s_20261001_20,17cc074ba4f94596ac63c3bdeeeafa4f,0.067,,,
3545,2026-09-30,SH688472,0.004107580090110759,EXP_CatBoostModel_Alpha158_csi300_custom_step0_s_20261001_20,17cc074ba4f94596ac63c3bdeeeafa4f,0.067,,,
3546,2026-09-30,SH688396,-0.012480395520239735,EXP_CatBoostModel_Alpha158_csi300_custom_step0_s_20261001_20,17cc074ba4f94596ac63c3bdeeeafa4f,0.067,,,
3547,2026-09-30,SH688303,-0.007974982970743045,EXP_CatBoostModel_Alpha158_csi300_custom_step0_s_20261001_20,17cc074ba4f94596ac63c3bdeeeafa4f,0.067,,,
3548,2026-09-30,SH688271,-0.0009210936164490947,EXP_CatBoostModel_Alpha158_csi300_custom_step0_s_20261001_20,17cc074ba4f94596ac63c3bdeeeafa4f,0.067,,,
3549,2026-09-30,SH688256,-0.006748673553718797,EXP_CatBoostModel_Alpha158_csi300_custom_step0_s_20261001_20,17cc074ba4f94596ac63c3bdeeeafa4f,0.067,,,
3550,2026-09-30,SH688223,-0.005588655143583349,EXP_CatBoostModel_Alpha158_csi300_custom_step0_s_20261001_20,17cc074ba4f94596ac63c3bdeeeafa4f,0.067,,,
3551,2026-09-30,SH688521,-0.0029430892729758714,EXP_CatBoostModel_Alpha158_csi300_custom_step0_s_20261001_20,17cc074ba4f94596ac63c3bdeeeafa4f,0.067,,,
3552,2026-09-30,SZ002602,-0.006967302969210332,EXP_CatBoostModel_Alpha158_csi300_custom_step0_s_20261001_20,17cc074ba4f94596ac63c3bdeeeafa4f,0.067,,,
3553,2026-09-30,SZ000338,-0.006789670530052524,EXP_CatBoostModel_Alpha158_csi300_custom_step0_s_20261001_20,17cc074ba4f94596ac63c3bdeeeafa4f,0.067,,,
3554,2026-09-30,SZ000425,-0.004626242614825223,EXP_CatBoostModel_Alpha158_csi300_custom_step0_s_20261001_20,17cc074ba4f94596ac63c3bdeeeafa4f,0.067,,,
3555,2026-09-30,SZ000895,0.003268248004461594,EXP_CatBoostModel_Alpha158_csi300_custom_step0_s_20261001_20,17cc074ba4f94596ac63c3bdeeeafa4f,0.067,,,
3556,2026-09-30,SZ000858,0.006133865361478273,EXP_CatBoostModel_Alpha158_csi300_custom_step0_s_20261001_20,17cc074ba4f94596ac63c3bdeeeafa4f,0.067,,,
3557,2026-09-30,SZ000807,-0.0045224189935458,EXP_CatBoostModel_Alpha158_csi300_custom_step0_s_20261001_20,17cc074ba4f94596ac63c3bdeeeafa4f,0.067,,,
3558,2026-09-30,SZ000792,-0.004626242614825223,EXP_CatBoostModel_Alpha158_csi300_custom_step0_s_20261001_20,17cc074ba4f94596ac63c3bdeeeafa4f,0.067,,,
3559,2026-09-30,SZ000776,-0.003995555455662705,EXP_CatBoostModel_Alpha158_csi300_custom_step0_s_20261001_20,17cc074ba4f94596ac63c3bdeeeafa4f,0.067,,,
3560,2026-09-30,SZ000768,-9.651519470941936e-05,EXP_CatBoostModel_Alpha158_csi300_custom_step0_s_20261001_20,17cc074ba4f94596ac63c3bdeeeafa4f,0.067,,,
3561,2026-09-30,SZ000725,-0.009876378563203824,EXP_CatBoostModel_Alpha158_csi300_custom_step0_s_20261001_20,17cc074ba4f94596ac63c3bdeeeafa4f,0.067,,,
3562,2026-09-30,SZ000408,-0.005092062837817587,EXP_CatBoostModel_Alpha158_csi300_custom_step0_s_20261001_20,17cc074ba4f94596ac63c3bdeeeafa4f,0.067,,,
3563,2026-09-30,SZ000708,-0.002232728400301742,EXP_CatBoostModel_Alpha158_csi300_custom_step0_s_20261001_20,17cc074ba4f94596ac63c3bdeeeafa4f,0.067,,,
3564,2026-09-30,SZ000651,0.0068104873863032945,EXP_CatBoostModel_Alpha158_csi300_custom_step0_s_20261001_20,17cc074ba4f94596ac63c3bdeeeafa4f,0.067,,,
3565,2026-09-30,SZ000630,-0.004667239591158951,EXP_CatBoostModel_Alpha158_csi300_custom_step0_s_20261001_20,17cc074ba4f94596ac63c3bdeeeafa4f,0.067,,,
3566,2026-09-30,SZ000625,0.009072604203967525,EXP_CatBoostModel_Alpha158_csi300_custom_step0_s_20261001_20,17cc074ba4f94596ac63c3bdeeeafa4f,0.067,,,
3567,2026-09-30,SZ000617,-0.006789670530052524,EXP_CatBoostModel_Alpha158_csi300_custom_step0_s_20261001_20,17cc074ba4f94596ac63c3bdeeeafa4f,0.067,,,
3568,2026-09-30,SZ000596,-0.0057850582747472346,EXP_CatBoostModel_Alpha158_csi300_custom_step0_s_20261001_20,17cc074ba4f94596ac63c3bdeeeafa4f,0.067,,,
3569,2026-09-30,SZ000568,-0.005924890806404467,EXP_CatBoostModel_Alpha158_csi300_custom_step0_s_20261001_20,17cc074ba4f94596ac63c3bdeeeafa4f,0.067,,,
3570,2026-09-30,SZ000538,0.012230530782385307,EXP_CatBoostModel_Alpha158_csi300_custom_step0_s_20261001_20,17cc074ba4f94596ac63c3bdeeeafa4f,0.067,,,
3571,2026-09-30,SZ000657,-0.011991211057897433,EXP_CatBoostModel_Alpha158_csi300_custom_step0_s_20261001_20,17cc074ba4f94596ac63c3bdeeeafa4f,0.067,,,
3572,2026-09-30,SZ002625,-0.005637379794240584,EXP_CatBoostModel_Alpha158_csi300_custom_step0_s_20261001_20,17cc074ba4f94596ac63c3bdeeeafa4f,0.067,,,
3573,2026-09-30,SZ002648,0.00016004484123640007,EXP_CatBoostModel_Alpha158_csi300_custom_step0_s_20261001_20,17cc074ba4f94596ac63c3bdeeeafa4f,0.067,,,
3574,2026-09-30,SZ002709,-0.0019874761659887585,EXP_CatBoostModel_Alpha158_csi300_custom_step0_s_20261001_20,17cc074ba4f94596ac63c3bdeeeafa4f,0.067,,,
3575,2026-09-30,SH600030,-0.006098409844304865,EXP_CatBoostModel_Alpha158_csi300_custom_step0_s_20261001_20,d2c242947a384e0a9d8432a950534829,0.035,,,
3576,2026-09-30,SH600029,0.006612871080699469,EXP_CatBoostModel_Alpha158_csi300_custom_step0_s_20261001_20,d2c242947a384e0a9d8432a950534829,0.035,,,
3577,2026-09-30,SH600028,0.007524435804968435,EXP_CatBoostModel_Alpha158_csi300_custom_step0_s_20261001_20,d2c242947a384e0a9d8432a950534829,0.035,,,
3578,2026-09-30,SH600027,0.020491107325593304,EXP_CatBoostModel_Alpha158_csi300_custom_step0_s_20261001_20,d2c242947a384e0a9d8432a950534829,0.035,,,
3579,2026-09-30,SH600026,-0.009537406448035274,EXP_CatBoostModel_Alpha158_csi300_custom_step0_s_20261001_20,d2c242947a384e0a9d8432a950534829,0.035,,,
3580,2026-09-30,SH600025,0.017721245473437956,EXP_CatBoostModel_Alpha158_csi300_custom_step0_s_20261001_20,d2c242947a384e0a9d8432a950534829,0.035,,,
3581,2026-09-30,SH600023,0.02198680888881266,EXP_CatBoostModel_Alpha158_csi300_custom_step0_s_20261001_20,d2c242947a384e0a9d8432a950534829,0.035,,,
3582,2026-09-30,SH600031,-0.010327102643249679,EXP_CatBoostModel_Alpha158_csi300_custom_step0_s_20261001_20,d2c242947a384e0a9d8432a950534829,0.035,,,
3583,2026-09-30,SH600019,0.029641233063612576,EXP_CatBoostModel_Alpha158_csi300_custom_step0_s_20261001_20,d2c242947a384e0a9d8432a950534829,0.035,,,
3584,2026-09-30,SH600016,0.014784120921121517,EXP_CatBoostModel_Alpha158_csi300_custom_step0_s_20261001_20,d2c242947a384e0a9d8432a950534829,0.035,,,
3585,2026-09-30,SH600015,0.0055445556549573215,EXP_CatBoostModel_Alpha158_csi300_custom_step0_s_20261001_20,d2c242947a384e0a9d8432a950534829,0.035,,,
3586,2026-09-30,SH600011,0.014805830306889096,EXP_CatBoostModel_Alpha158_csi300_custom_step0_s_20261001_20,d2c242947a384e0a9d8432a950534829,0.035,,,
3587,2026-09-30,SH600010,0.0007253436917109867,EXP_CatBoostModel_Alpha158_csi300_custom_step0_s_20261001_20,d2c242947a384e0a9d8432a950534829,0.035,,,
3588,2026-09-30,SH600009,0.004676702780555181,EXP_CatBoostModel_Alpha158_csi300_custom_step0_s_20261001_20,d2c242947a384e0a9d8432a950534829,0.035,,,
3589,2026-09-30,SH600000,0.019178913994987397,EXP_CatBoostModel_Alpha158_csi300_custom_step0_s_20261001_20,d2c242947a384e0a9d8432a950534829,0.035,,,
3590,2026-09-30,SZ302132,-0.007146727325533403,EXP_CatBoostModel_Alpha158_csi300_custom_step0_s_20261001_20,17cc074ba4f94596ac63c3bdeeeafa4f,0.067,,,
3591,2026-09-30,SH600018,0.018277217010540244,EXP_CatBoostModel_Alpha158_csi300_custom_step0_s_20261001_20,d2c242947a384e0a9d8432a950534829,0.035,,,
3592,2026-09-30,SZ301308,-0.011991211057897433,EXP_CatBoostModel_Alpha158_csi300_custom_step0_s_20261001_20,17cc074ba4f94596ac63c3bdeeeafa4f,0.067,,,
3593,2026-09-30,SH600036,0.01655946032862914,EXP_CatBoostModel_Alpha158_csi300_custom_step0_s_20261001_20,d2c242947a384e0a9d8432a950534829,0.035,,,
3594,2026-09-30,SH600048,-0.028054407944883515,EXP_CatBoostModel_Alpha158_csi300_custom_step0_s_20261001_20,d2c242947a384e0a9d8432a950534829,0.035,,,
3595,2026-09-30,SH600219,-0.0075930605539609765,EXP_CatBoostModel_Alpha158_csi300_custom_step0_s_20261001_20,d2c242947a384e0a9d8432a950534829,0.035,,,
3596,2026-09-30,SH600196,-0.0058534152083422825,EXP_CatBoostModel_Alpha158_csi300_custom_step0_s_20261001_20,d2c242947a384e0a9d8432a950534829,0.035,,,
3597,2026-09-30,SH600188,-0.006813887014258292,EXP_CatBoostModel_Alpha158_csi300_custom_step0_s_20261001_20,d2c242947a384e0a9d8432a950534829,0.035,,,
3598,2026-09-30,SH600183,-0.015441664726598074,EXP_CatBoostModel_Alpha158_csi300_custom_step0_s_20261001_20,d2c242947a384e0a9d8432a950534829,0.035,,,
3599,2026-09-30,SH600176,-0.012715513734040139,EXP_CatBoostModel_Alpha158_csi300_custom_step0_s_20261001_20,d2c242947a384e0a9d8432a950534829,0.035,,,
3600,2026-09-30,SH600160,-0.0110166552966291,EXP_CatBoostModel_Alpha158_csi300_custom_step0_s_20261001_20,d2c242947a384e0a9d8432a950534829,0.035,,,
3601,2026-09-30,SH600150,-0.006540763157888071,EXP_CatBoostModel_Alpha158_csi300_custom_step0_s_20261001_20,d2c242947a384e0a9d8432a950534829,0.035,,,
3602,2026-09-30,SH600039,0.0005395765545992452,EXP_CatBoostModel_Alpha158_csi300_custom_step0_s_20261001_20,d2c242947a384e0a9d8432a950534829,0.035,,,
3603,2026-09-30,SH600118,-0.013691167210944172,EXP_CatBoostModel_Alpha158_csi300_custom_step0_s_20261001_20,d2c242947a384e0a9d8432a950534829,0.035,,,
3604,2026-09-30,SH600111,-0.015453920894476319,EXP_CatBoostModel_Alpha158_csi300_custom_step0_s_20261001_20,d2c242947a384e0a9d8432a950534829,0.035,,,
3605,2026-09-30,SH600104,-0.008316293156440183,EXP_CatBoostModel_Alpha158_csi300_custom_step0_s_20261001_20,d2c242947a384e0a9d8432a950534829,0.035,,,
3606,2026-09-30,SH600089,-0.008547187063976374,EXP_CatBoostModel_Alpha158_csi300_custom_step0_s_20261001_20,d2c242947a384e0a9d8432a950534829,0.035,,,
3607,2026-09-30,SH600085,0.008962732417683982,EXP_CatBoostModel_Alpha158_csi300_custom_step0_s_20261001_20,d2c242947a384e0a9d8432a950534829,0.035,,,
3608,2026-09-30,SH600066,-0.0024795038136667695,EXP_CatBoostModel_Alpha158_csi300_custom_step0_s_20261001_20,d2c242947a384e0a9d8432a950534829,0.035,,,
3609,2026-09-30,SH600061,0.007760568738318771,EXP_CatBoostModel_Alpha158_csi300_custom_step0_s_20261001_20,d2c242947a384e0a9d8432a950534829,0.035,,,
3610,2026-09-30,SH600050,0.008381940224679753,EXP_CatBoostModel_Alpha158_csi300_custom_step0_s_20261001_20,d2c242947a384e0a9d8432a950534829,0.035,,,
3611,2026-09-30,SH600115,-0.007583322897334805,EXP_CatBoostModel_Alpha158_csi300_custom_step0_s_20261001_20,d2c242947a384e0a9d8432a950534829,0.035,,,
3612,2026-09-30,SH688183,-0.004062613531538034,EXP_CatBoostModel_Alpha158_csi300_custom_step0_s_20261001_20,17cc074ba4f94596ac63c3bdeeeafa4f,0.067,,,
3613,2026-09-30,SZ301269,-0.0074646595163536935,EXP_CatBoostModel_Alpha158_csi300_custom_step0_s_20261001_20,17cc074ba4f94596ac63c3bdeeeafa4f,0.067,,,
3614,2026-09-30,SZ301165,-0.0045807892266529985,EXP_CatBoostModel_Alpha158_csi300_custom_step0_s_20261001_20,17cc074ba4f94596ac63c3bdeeeafa4f,0.067,,,
3615,2026-09-30,SZ300308,-0.015315894563939239,EXP_CatBoostModel_Alpha158_csi300_custom_step0_s_20261001_20,17cc074ba4f94596ac63c3bdeeeafa4f,0.067,,,
3616,2026-09-30,SZ300274,0.02187250848475486,EXP_CatBoostModel_Alpha158_csi300_custom_step0_s_20261001_20,17cc074ba4f94596ac63c3bdeeeafa4f,0.067,,,
3617,2026-09-30,SZ300251,0.0007455553376476993,EXP_CatBoostModel_Alpha158_csi300_custom_step0_s_20261001_20,17cc074ba4f94596ac63c3bdeeeafa4f,0.067,,,
3618,2026-09-30,SZ300124,-0.002833756146150451,EXP_CatBoostModel_Alpha158_csi300_custom_step0_s_20261001_20,17cc074ba4f94596ac63c3bdeeeafa4f,0.067,,,
3619,2026-09-30,SZ300122,0.0424933548775553,EXP_CatBoostModel_Alpha158_csi300_custom_step0_s_20261001_20,17cc074ba4f94596ac63c3bdeeeafa4f,0.067,,,
3620,2026-09-30,SZ300059,-0.007598579100380379,EXP_CatBoostModel_Alpha158_csi300_custom_step0_s_20261001_20,17cc074ba4f94596ac63c3bdeeeafa4f,0.067,,,
3621,2026-09-30,SZ300033,-0.004667239591158951,EXP_CatBoostModel_Alpha158_csi300_custom_step0_s_20261001_20,17cc074ba4f94596ac63c3bdeeeafa4f,0.067,,,
3622,2026-09-30,SZ300316,-0.010292839124284898,EXP_CatBoostModel_Alpha158_csi300_custom_step0_s_20261001_20,17cc074ba4f94596ac63c3bdeeeafa4f,0.067,,,
3623,2026-09-30,SZ300015,0.00040796604387702994,EXP_CatBoostModel_Alpha158_csi300_custom_step0_s_20261001_20,17cc074ba4f94596ac63c3bdeeeafa4f,0.067,,,
3624,2026-09-30,SZ003816,0.0038012338679893304,EXP_CatBoostModel_Alpha158_csi300_custom_step0_s_20261001_20,17cc074ba4f94596ac63c3bdeeeafa4f,0.067,,,
3625,2026-09-30,SZ002938,-0.006789670530052524,EXP_CatBoostModel_Alpha158_csi300_custom_step0_s_20261001_20,17cc074ba4f94596ac63c3bdeeeafa4f,0.067,,,
3626,2026-09-30,SZ002920,-0.004667239591158951,EXP_CatBoostModel_Alpha158_csi300_custom_step0_s_20261001_20,17cc074ba4f94596ac63c3bdeeeafa4f,0.067,,,
3627,2026-09-30,SZ002916,-0.008247770150936938,EXP_CatBoostModel_Alpha158_csi300_custom_step0_s_20261001_20,17cc074ba4f94596ac63c3bdeeeafa4f,0.067,,,
3628,2026-09-30,SZ002837,-0.0048639236576659235,EXP_CatBoostModel_Alpha158_csi300_custom_step0_s_20261001_20,17cc074ba4f94596ac63c3bdeeeafa4f,0.067,,,
3629,2026-09-30,SZ002736,0.0040912443836131785,EXP_CatBoostModel_Alpha158_csi300_custom_step0_s_20261001_20,17cc074ba4f94596ac63c3bdeeeafa4f,0.067,,,
3630,2026-09-30,SZ002714,0.0032955106830985658,EXP_CatBoostModel_Alpha158_csi300_custom_step0_s_20261001_20,17cc074ba4f94596ac63c3bdeeeafa4f,0.067,,,
3631,2026-09-30,SZ300014,-0.0052100688734789515,EXP_CatBoostModel_Alpha158_csi300_custom_step0_s_20261001_20,17cc074ba4f94596ac63c3bdeeeafa4f,0.067,,,
3632,2026-09-30,SZ301236,-0.011617699110569885,EXP_CatBoostModel_Alpha158_csi300_custom_step0_s_20261001_20,17cc074ba4f94596ac63c3bdeeeafa4f,0.067,,,
3633,2026-09-30,SZ300394,-0.004868927862709956,EXP_CatBoostModel_Alpha158_csi300_custom_step0_s_20261001_20,17cc074ba4f94596ac63c3bdeeeafa4f,0.067,,,
3634,2026-09-30,SZ300413,0.0037702675071439756,EXP_CatBoostModel_Alpha158_csi300_custom_step0_s_20261001_20,17cc074ba4f94596ac63c3bdeeeafa4f,0.067,,,
3635,2026-09-30,SZ300999,-0.006814753958020933,EXP_CatBoostModel_Alpha158_csi300_custom_step0_s_20261001_20,17cc074ba4f94596ac63c3bdeeeafa4f,0.067,,,
3636,2026-09-30,SZ300896,-0.003708155354898795,EXP_CatBoostModel_Alpha158_csi300_custom_step0_s_20261001_20,17cc074ba4f94596ac63c3bdeeeafa4f,0.067,,,
3637,2026-09-30,SZ300866,-0.001332498608968489,EXP_CatBoostModel_Alpha158_csi300_custom_step0_s_20261001_20,17cc074ba4f94596ac63c3bdeeeafa4f,0.067,,,
3638,2026-09-30,SZ300832,0.002811210254483855,EXP_CatBoostModel_Alpha158_csi300_custom_step0_s_20261001_20,17cc074ba4f94596ac63c3bdeeeafa4f,0.067,,,
3639,2026-09-30,SZ300803,-0.007192229861483227,EXP_CatBoostModel_Alpha158_csi300_custom_step0_s_20261001_20,17cc074ba4f94596ac63c3bdeeeafa4f,0.067,,,
3640,2026-09-30,SZ300760,0.0017420756742973632,EXP_CatBoostModel_Alpha158_csi300_custom_step0_s_20261001_20,17cc074ba4f94596ac63c3bdeeeafa4f,0.067,,,
3641,2026-09-30,SZ300750,0.01918239667804794,EXP_CatBoostModel_Alpha158_csi300_custom_step0_s_20261001_20,17cc074ba4f94596ac63c3bdeeeafa4f,0.067,,,
3642,2026-09-30,SZ300408,-0.011440066671412077,EXP_CatBoostModel_Alpha158_csi300_custom_step0_s_20261001_20,17cc074ba4f94596ac63c3bdeeeafa4f,0.067,,,
3643,2026-09-30,SZ300661,-0.01175161869459657,EXP_CatBoostModel_Alpha158_csi300_custom_step0_s_20261001_20,17cc074ba4f94596ac63c3bdeeeafa4f,0.067,,,
3644,2026-09-30,SZ300502,-0.009067469992875972,EXP_CatBoostModel_Alpha158_csi300_custom_step0_s_20261001_20,17cc074ba4f94596ac63c3bdeeeafa4f,0.067,,,
3645,2026-09-30,SZ300498,0.009967587281744983,EXP_CatBoostModel_Alpha158_csi300_custom_step0_s_20261001_20,17cc074ba4f94596ac63c3bdeeeafa4f,0.067,,,
3646,2026-09-30,SZ300476,-0.011617699110569885,EXP_CatBoostModel_Alpha158_csi300_custom_step0_s_20261001_20,17cc074ba4f94596ac63c3bdeeeafa4f,0.067,,,
3647,2026-09-30,SZ300450,-0.0030354724295240778,EXP_CatBoostModel_Alpha158_csi300_custom_step0_s_20261001_20,17cc074ba4f94596ac63c3bdeeeafa4f,0.067,,,
3648,2026-09-30,SZ300442,-0.009311605594730269,EXP_CatBoostModel_Alpha158_csi300_custom_step0_s_20261001_20,17cc074ba4f94596ac63c3bdeeeafa4f,0.067,,,
3649,2026-09-30,SZ300433,-0.009473819231773125,EXP_CatBoostModel_Alpha158_csi300_custom_step0_s_20261001_20,17cc074ba4f94596ac63c3bdeeeafa4f,0.067,,,
3650,2026-09-30,SZ300418,-0.011617699110569885,EXP_CatBoostModel_Alpha158_csi300_custom_step0_s_20261001_20,17cc074ba4f94596ac63c3bdeeeafa4f,0.067,,,
3651,2026-09-30,SZ300628,-0.0022313567401952817,EXP_CatBoostModel_Alpha158_csi300_custom_step0_s_20261001_20,17cc074ba4f94596ac63c3bdeeeafa4f,0.067,,,
3652,2026-09-30,SH600048,0.0017389393954887061,EXP_CatBoostModel_Alpha158_csi300_custom_step0_s_20261001_20,17cc074ba4f94596ac63c3bdeeeafa4f,0.067,,,
3653,2026-09-30,SH688126,-0.00974245897917714,EXP_CatBoostModel_Alpha158_csi300_custom_step0_s_20261001_20,17cc074ba4f94596ac63c3bdeeeafa4f,0.067,,,
3654,2026-09-30,SH688082,-0.007866454606406796,EXP_CatBoostModel_Alpha158_csi300_custom_step0_s_20261001_20,17cc074ba4f94596ac63c3bdeeeafa4f,0.067,,,
3655,2026-09-30,SH600905,-0.0028816955562729024,EXP_CatBoostModel_Alpha158_csi300_custom_step0_s_20261001_20,17cc074ba4f94596ac63c3bdeeeafa4f,0.067,,,
3656,2026-09-30,SH600900,0.012049578458955228,EXP_CatBoostModel_Alpha158_csi300_custom_step0_s_20261001_20,17cc074ba4f94596ac63c3bdeeeafa4f,0.067,,,
3657,2026-09-30,SH600893,-0.002349969676214081,EXP_CatBoostModel_Alpha158_csi300_custom_step0_s_20261001_20,17cc074ba4f94596ac63c3bdeeeafa4f,0.067,,,
3658,2026-09-30,SH600887,0.014077263470971556,EXP_CatBoostModel_Alpha158_csi300_custom_step0_s_20261001_20,17cc074ba4f94596ac63c3bdeeeafa4f,0.067,,,
3659,2026-09-30,SH600886,3.939237245721185e-05,EXP_CatBoostModel_Alpha158_csi300_custom_step0_s_20261001_20,17cc074ba4f94596ac63c3bdeeeafa4f,0.067,,,
3660,2026-09-30,SH600875,-0.011440066671412077,EXP_CatBoostModel_Alpha158_csi300_custom_step0_s_20261001_20,17cc074ba4f94596ac63c3bdeeeafa4f,0.067,,,
3661,2026-09-30,SH600845,-0.010054011002361632,EXP_CatBoostModel_Alpha158_csi300_custom_step0_s_20261001_20,17cc074ba4f94596ac63c3bdeeeafa4f,0.067,,,
3662,2026-09-30,SH600809,-0.00893386001231509,EXP_CatBoostModel_Alpha158_csi300_custom_step0_s_20261001_20,17cc074ba4f94596ac63c3bdeeeafa4f,0.067,,,
3663,2026-09-30,SH600803,0.0018942401557036884,EXP_CatBoostModel_Alpha158_csi300_custom_step0_s_20261001_20,17cc074ba4f94596ac63c3bdeeeafa4f,0.067,,,
3664,2026-09-30,SH600795,0.00650843342529859,EXP_CatBoostModel_Alpha158_csi300_custom_step0_s_20261001_20,17cc074ba4f94596ac63c3bdeeeafa4f,0.067,,,
3665,2026-09-30,SH600760,-0.0030704346722265174,EXP_CatBoostModel_Alpha158_csi300_custom_step0_s_20261001_20,17cc074ba4f94596ac63c3bdeeeafa4f,0.067,,,
3666,2026-09-30,SH600741,0.003545900181548339,EXP_CatBoostModel_Alpha158_csi300_custom_step0_s_20261001_20,17cc074ba4f94596ac63c3bdeeeafa4f,0.067,,,
3667,2026-09-30,SH600690,0.0041145448099758645,EXP_CatBoostModel_Alpha158_csi300_custom_step0_s_20261001_20,17cc074ba4f94596ac63c3bdeeeafa4f,0.067,,,
3668,2026-09-30,SH600674,0.002826454110906912,EXP_CatBoostModel_Alpha158_csi300_custom_step0_s_20261001_20,17cc074ba4f94596ac63c3bdeeeafa4f,0.067,,,
3669,2026-09-30,SH600660,0.0032933314324300024,EXP_CatBoostModel_Alpha158_csi300_custom_step0_s_20261001_20,17cc074ba4f94596ac63c3bdeeeafa4f,0.067,,,
3670,2026-09-30,SH600918,0.0030473791859387334,EXP_CatBoostModel_Alpha158_csi300_custom_step0_s_20261001_20,17cc074ba4f94596ac63c3bdeeeafa4f,0.067,,,
3671,2026-09-30,SH600919,0.007659894814891576,EXP_CatBoostModel_Alpha158_csi300_custom_step0_s_20261001_20,17cc074ba4f94596ac63c3bdeeeafa4f,0.067,,,
3672,2026-09-30,SH600926,0.00988143243923126,EXP_CatBoostModel_Alpha158_csi300_custom_step0_s_20261001_20,17cc074ba4f94596ac63c3bdeeeafa4f,0.067,,,
3673,2026-09-30,SH600930,0.0002782023981824947,EXP_CatBoostModel_Alpha158_csi300_custom_step0_s_20261001_20,17cc074ba4f94596ac63c3bdeeeafa4f,0.067,,,
3674,2026-09-30,SH601111,0.010548890491702413,EXP_CatBoostModel_Alpha158_csi300_custom_step0_s_20261001_20,17cc074ba4f94596ac63c3bdeeeafa4f,0.067,,,
3675,2026-09-30,SH601100,-0.0011186414863235852,EXP_CatBoostModel_Alpha158_csi300_custom_step0_s_20261001_20,17cc074ba4f94596ac63c3bdeeeafa4f,0.067,,,
3676,2026-09-30,SH601088,0.008339958567604824,EXP_CatBoostModel_Alpha158_csi300_custom_step0_s_20261001_20,17cc074ba4f94596ac63c3bdeeeafa4f,0.067,,,
3677,2026-09-30,SH601077,0.006029587323238891,EXP_CatBoostModel_Alpha158_csi300_custom_step0_s_20261001_20,17cc074ba4f94596ac63c3bdeeeafa4f,0.067,,,
3678,2026-09-30,SH601066,-0.005035279864185853,EXP_CatBoostModel_Alpha158_csi300_custom_step0_s_20261001_20,17cc074ba4f94596ac63c3bdeeeafa4f,0.067,,,
3679,2026-09-30,SH601058,-0.0035661967657554176,EXP_CatBoostModel_Alpha158_csi300_custom_step0_s_20261001_20,17cc074ba4f94596ac63c3bdeeeafa4f,0.067,,,
3680,2026-09-30,SH601021,-0.005184985445510544,EXP_CatBoostModel_Alpha158_csi300_custom_step0_s_20261001_20,17cc074ba4f94596ac63c3bdeeeafa4f,0.067,,,
3681,2026-09-30,SH600600,0.007091653264501281,EXP_CatBoostModel_Alpha158_csi300_custom_step0_s_20261001_20,17cc074ba4f94596ac63c3bdeeeafa4f,0.067,,,
3682,2026-09-30,SH601018,0.01215178835840926,EXP_CatBoostModel_Alpha158_csi300_custom_step0_s_20261001_20,17cc074ba4f94596ac63c3bdeeeafa4f,0.067,,,
3683,2026-09-30,SH601009,0.007762551026839442,EXP_CatBoostModel_Alpha158_csi300_custom_step0_s_20261001_20,17cc074ba4f94596ac63c3bdeeeafa4f,0.067,,,
3684,2026-09-30,SH601006,0.00985239180945372,EXP_CatBoostModel_Alpha158_csi300_custom_step0_s_20261001_20,17cc074ba4f94596ac63c3bdeeeafa4f,0.067,,,
3685,2026-09-30,SH600999,-0.0074646595163536935,EXP_CatBoostModel_Alpha158_csi300_custom_step0_s_20261001_20,17cc074ba4f94596ac63c3bdeeeafa4f,0.067,,,
3686,2026-09-30,SH600989,-0.0035661967657554176,EXP_CatBoostModel_Alpha158_csi300_custom_step0_s_20261001_20,17cc074ba4f94596ac63c3bdeeeafa4f,0.067,,,
3687,2026-09-30,SH600958,-0.0003200941579210244,EXP_CatBoostModel_Alpha158_csi300_custom_step0_s_20261001_20,17cc074ba4f94596ac63c3bdeeeafa4f,0.067,,,
3688,2026-09-30,SH600941,0.011484657673460496,EXP_CatBoostModel_Alpha158_csi300_custom_step0_s_20261001_20,17cc074ba4f94596ac63c3bdeeeafa4f,0.067,,,
3689,2026-09-30,SH600938,0.001268859668058541,EXP_CatBoostModel_Alpha158_csi300_custom_step0_s_20261001_20,17cc074ba4f94596ac63c3bdeeeafa4f,0.067,,,
3690,2026-09-30,SH601012,-0.005588655143583349,EXP_CatBoostModel_Alpha158_csi300_custom_step0_s_20261001_20,17cc074ba4f94596ac63c3bdeeeafa4f,0.067,,,
3691,2026-09-30,SH600588,-0.0060911870360796936,EXP_CatBoostModel_Alpha158_csi300_custom_step0_s_20261001_20,17cc074ba4f94596ac63c3bdeeeafa4f,0.067,,,
3692,2026-09-30,SH600585,-0.009066050928594888,EXP_CatBoostModel_Alpha158_csi300_custom_step0_s_20261001_20,17cc074ba4f94596ac63c3bdeeeafa4f,0.067,,,
3693,2026-09-30,SH600584,-0.00916226720858863,EXP_CatBoostModel_Alpha158_csi300_custom_step0_s_20261001_20,17cc074ba4f94596ac63c3bdeeeafa4f,0.067,,,
3694,2026-09-30,SH600221,-0.0017028112663189457,EXP_CatBoostModel_Alpha158_csi300_custom_step0_s_20261001_20,17cc074ba4f94596ac63c3bdeeeafa4f,0.067,,,
3695,2026-09-30,SH600219,-0.0029936877313172096,EXP_CatBoostModel_Alpha158_csi300_custom_step0_s_20261001_20,17cc074ba4f94596ac63c3bdeeeafa4f,0.067,,,
3696,2026-09-30,SH600196,0.0012390167256010718,EXP_CatBoostModel_Alpha158_csi300_custom_step0_s_20261001_20,17cc074ba4f94596ac63c3bdeeeafa4f,0.067,,,
3697,2026-09-30,SH600188,-0.0038901345141655525,EXP_CatBoostModel_Alpha158_csi300_custom_step0_s_20261001_20,17cc074ba4f94596ac63c3bdeeeafa4f,0.067,,,
3698,2026-09-30,SH600183,-0.00916226720858863,EXP_CatBoostModel_Alpha158_csi300_custom_step0_s_20261001_20,17cc074ba4f94596ac63c3bdeeeafa4f,0.067,,,
3699,2026-09-30,SH600176,-0.0027835220409596333,EXP_CatBoostModel_Alpha158_csi300_custom_step0_s_20261001_20,17cc074ba4f94596ac63c3bdeeeafa4f,0.067,,,
3700,2026-09-30,SH600160,-0.004836583382073196,EXP_CatBoostModel_Alpha158_csi300_custom_step0_s_20261001_20,17cc074ba4f94596ac63c3bdeeeafa4f,0.067,,,
3701,2026-09-30,SH600233,-0.0014116568982562466,EXP_CatBoostModel_Alpha158_csi300_custom_step0_s_20261001_20,17cc074ba4f94596ac63c3bdeeeafa4f,0.067,,,
3702,2026-09-30,SH600150,-0.00434020229125014,EXP_CatBoostModel_Alpha158_csi300_custom_step0_s_20261001_20,17cc074ba4f94596ac63c3bdeeeafa4f,0.067,,,
3703,2026-09-30,SH600115,-0.003404279299018516,EXP_CatBoostModel_Alpha158_csi300_custom_step0_s_20261001_20,17cc074ba4f94596ac63c3bdeeeafa4f,0.067,,,
3704,2026-09-30,SH600111,-0.007217468708852866,EXP_CatBoostModel_Alpha158_csi300_custom_step0_s_20261001_20,17cc074ba4f94596ac63c3bdeeeafa4f,0.067,,,
3705,2026-09-30,SH600104,-0.0038536175104742633,EXP_CatBoostModel_Alpha158_csi300_custom_step0_s_20261001_20,17cc074ba4f94596ac63c3bdeeeafa4f,0.067,,,
3706,2026-09-30,SH600089,-0.004844872030316759,EXP_CatBoostModel_Alpha158_csi300_custom_step0_s_20261001_20,17cc074ba4f94596ac63c3bdeeeafa4f,0.067,,,
3707,2026-09-30,SH600085,0.004430872536603413,EXP_CatBoostModel_Alpha158_csi300_custom_step0_s_20261001_20,17cc074ba4f94596ac63c3bdeeeafa4f,0.067,,,
3708,2026-09-30,SH600066,-0.007602493948400973,EXP_CatBoostModel_Alpha158_csi300_custom_step0_s_20261001_20,17cc074ba4f94596ac63c3bdeeeafa4f,0.067,,,
3709,2026-09-30,SH600061,0.0030473791859387334,EXP_CatBoostModel_Alpha158_csi300_custom_step0_s_20261001_20,17cc074ba4f94596ac63c3bdeeeafa4f,0.067,,,
3710,2026-09-30,SH600118,-0.011617699110569885,EXP_CatBoostModel_Alpha158_csi300_custom_step0_s_20261001_20,17cc074ba4f94596ac63c3bdeeeafa4f,0.067,,,
3711,2026-09-30,SH601117,0.005325047027153231,EXP_CatBoostModel_Alpha158_csi300_custom_step0_s_20261001_20,17cc074ba4f94596ac63c3bdeeeafa4f,0.067,,,
3712,2026-09-30,SH600276,-0.005791371010709565,EXP_CatBoostModel_Alpha158_csi300_custom_step0_s_20261001_20,17cc074ba4f94596ac63c3bdeeeafa4f,0.067,,,
3713,2026-09-30,SH600346,-0.003039684087082804,EXP_CatBoostModel_Alpha158_csi300_custom_step0_s_20261001_20,17cc074ba4f94596ac63c3bdeeeafa4f,0.067,,,
3714,2026-09-30,SH600570,-0.009067469992875972,EXP_CatBoostModel_Alpha158_csi300_custom_step0_s_20261001_20,17cc074ba4f94596ac63c3bdeeeafa4f,0.067,,,
3715,2026-09-30,SH600549,-0.00916226720858863,EXP_CatBoostModel_Alpha158_csi300_custom_step0_s_20261001_20,17cc074ba4f94596ac63c3bdeeeafa4f,0.067,,,
3716,2026-09-30,SH600547,0.04291764080227792,EXP_CatBoostModel_Alpha158_csi300_custom_step0_s_20261001_20,17cc074ba4f94596ac63c3bdeeeafa4f,0.067,,,
3717,2026-09-30,SH600522,-0.00916226720858863,EXP_CatBoostModel_Alpha158_csi300_custom_step0_s_20261001_20,17cc074ba4f94596ac63c3bdeeeafa4f,0.067,,,
3718,2026-09-30,SH600519,0.0034450684991722226,EXP_CatBoostModel_Alpha158_csi300_custom_step0_s_20261001_20,17cc074ba4f94596ac63c3bdeeeafa4f,0.067,,,
3719,2026-09-30,SH600515,0.0022685956707499243,EXP_CatBoostModel_Alpha158_csi300_custom_step0_s_20261001_20,17cc074ba4f94596ac63c3bdeeeafa4f,0.067,,,
3720,2026-09-30,SH600489,-0.0027464969238163825,EXP_CatBoostModel_Alpha158_csi300_custom_step0_s_20261001_20,17cc074ba4f94596ac63c3bdeeeafa4f,0.067,,,
3721,2026-09-30,SH600309,-0.0030704346722265174,EXP_CatBoostModel_Alpha158_csi300_custom_step0_s_20261001_20,17cc074ba4f94596ac63c3bdeeeafa4f,0.067,,,
3722,2026-09-30,SH600482,-0.0026635980825272794,EXP_CatBoostModel_Alpha158_csi300_custom_step0_s_20261001_20,17cc074ba4f94596ac63c3bdeeeafa4f,0.067,,,
3723,2026-09-30,SH600438,-0.004487612318179815,EXP_CatBoostModel_Alpha158_csi300_custom_step0_s_20261001_20,17cc074ba4f94596ac63c3bdeeeafa4f,0.067,,,
3724,2026-09-30,SH600436,-0.0045894426870575315,EXP_CatBoostModel_Alpha158_csi300_custom_step0_s_20261001_20,17cc074ba4f94596ac63c3bdeeeafa4f,0.067,,,
3725,2026-09-30,SH600426,-0.0038133875732562447,EXP_CatBoostModel_Alpha158_csi300_custom_step0_s_20261001_20,17cc074ba4f94596ac63c3bdeeeafa4f,0.067,,,
3726,2026-09-30,SH600415,-0.01001038966239939,EXP_CatBoostModel_Alpha158_csi300_custom_step0_s_20261001_20,17cc074ba4f94596ac63c3bdeeeafa4f,0.067,,,
3727,2026-09-30,SH600406,0.005638466712507025,EXP_CatBoostModel_Alpha158_csi300_custom_step0_s_20261001_20,17cc074ba4f94596ac63c3bdeeeafa4f,0.067,,,
3728,2026-09-30,SH600372,0.0022276793439996987,EXP_CatBoostModel_Alpha158_csi300_custom_step0_s_20261001_20,17cc074ba4f94596ac63c3bdeeeafa4f,0.067,,,
3729,2026-09-30,SH600362,-0.00568862770464899,EXP_CatBoostModel_Alpha158_csi300_custom_step0_s_20261001_20,17cc074ba4f94596ac63c3bdeeeafa4f,0.067,,,
3730,2026-09-30,SH600460,-0.007287027077195886,EXP_CatBoostModel_Alpha158_csi300_custom_step0_s_20261001_20,17cc074ba4f94596ac63c3bdeeeafa4f,0.067,,,
3731,2026-09-30,SH601127,-0.006179429179040518,EXP_CatBoostModel_Alpha158_csi300_custom_step0_s_20261001_20,17cc074ba4f94596ac63c3bdeeeafa4f,0.067,,,
3732,2026-09-30,SH601136,-0.005092062837817587,EXP_CatBoostModel_Alpha158_csi300_custom_step0_s_20261001_20,17cc074ba4f94596ac63c3bdeeeafa4f,0.067,,,
3733,2026-09-30,SH601138,-0.009067469992875972,EXP_CatBoostModel_Alpha158_csi300_custom_step0_s_20261001_20,17cc074ba4f94596ac63c3bdeeeafa4f,0.067,,,
3734,2026-09-30,SH603019,-0.009339899647746439,EXP_CatBoostModel_Alpha158_csi300_custom_step0_s_20261001_20,17cc074ba4f94596ac63c3bdeeeafa4f,0.067,,,
3735,2026-09-30,SH601998,0.006095378084026657,EXP_CatBoostModel_Alpha158_csi300_custom_step0_s_20261001_20,17cc074ba4f94596ac63c3bdeeeafa4f,0.067,,,
3736,2026-09-30,SH601995,-0.002840707285923471,EXP_CatBoostModel_Alpha158_csi300_custom_step0_s_20261001_20,17cc074ba4f94596ac63c3bdeeeafa4f,0.067,,,
3737,2026-09-30,SH601988,0.007212243018936446,EXP_CatBoostModel_Alpha158_csi300_custom_step0_s_20261001_20,17cc074ba4f94596ac63c3bdeeeafa4f,0.067,,,
3738,2026-09-30,SH601985,0.008986181109798975,EXP_CatBoostModel_Alpha158_csi300_custom_step0_s_20261001_20,17cc074ba4f94596ac63c3bdeeeafa4f,0.067,,,
3739,2026-09-30,SH601939,0.014541433911799764,EXP_CatBoostModel_Alpha158_csi300_custom_step0_s_20261001_20,17cc074ba4f94596ac63c3bdeeeafa4f,0.067,,,
3740,2026-09-30,SH601919,0.003585188964735628,EXP_CatBoostModel_Alpha158_csi300_custom_step0_s_20261001_20,17cc074ba4f94596ac63c3bdeeeafa4f,0.067,,,
3741,2026-09-30,SH603259,-0.00434020229125014,EXP_CatBoostModel_Alpha158_csi300_custom_step0_s_20261001_20,17cc074ba4f94596ac63c3bdeeeafa4f,0.067,,,
3742,2026-09-30,SH601916,0.007270832930212239,EXP_CatBoostModel_Alpha158_csi300_custom_step0_s_20261001_20,17cc074ba4f94596ac63c3bdeeeafa4f,0.067,,,
3743,2026-09-30,SH601899,-0.0035661967657554176,EXP_CatBoostModel_Alpha158_csi300_custom_step0_s_20261001_20,17cc074ba4f94596ac63c3bdeeeafa4f,0.067,,,
3744,2026-09-30,SH601898,0.0005464734098806975,EXP_CatBoostModel_Alpha158_csi300_custom_step0_s_20261001_20,17cc074ba4f94596ac63c3bdeeeafa4f,0.067,,,
3745,2026-09-30,SH601888,0.0015652551795867346,EXP_CatBoostModel_Alpha158_csi300_custom_step0_s_20261001_20,17cc074ba4f94596ac63c3bdeeeafa4f,0.067,,,
3746,2026-09-30,SH601881,-0.004667239591158951,EXP_CatBoostModel_Alpha158_csi300_custom_step0_s_20261001_20,17cc074ba4f94596ac63c3bdeeeafa4f,0.067,,,
3747,2026-09-30,SH601878,0.002049226456154939,EXP_CatBoostModel_Alpha158_csi300_custom_step0_s_20261001_20,17cc074ba4f94596ac63c3bdeeeafa4f,0.067,,,
3748,2026-09-30,SH601877,0.00326331482050022,EXP_CatBoostModel_Alpha158_csi300_custom_step0_s_20261001_20,17cc074ba4f94596ac63c3bdeeeafa4f,0.067,,,
3749,2026-09-30,SH601872,-0.006113714978336458,EXP_CatBoostModel_Alpha158_csi300_custom_step0_s_20261001_20,17cc074ba4f94596ac63c3bdeeeafa4f,0.067,,,
3750,2026-09-30,SH601901,0.00403593273825088,EXP_CatBoostModel_Alpha158_csi300_custom_step0_s_20261001_20,17cc074ba4f94596ac63c3bdeeeafa4f,0.067,,,
3751,2026-09-30,SH601868,0.0016865537344158616,EXP_CatBoostModel_Alpha158_csi300_custom_step0_s_20261001_20,17cc074ba4f94596ac63c3bdeeeafa4f,0.067,,,
3752,2026-09-30,SH603260,-0.006147603127271297,EXP_CatBoostModel_Alpha158_csi300_custom_step0_s_20261001_20,17cc074ba4f94596ac63c3bdeeeafa4f,0.067,,,
3753,2026-09-30,SH603296,-0.004240421510678987,EXP_CatBoostModel_Alpha158_csi300_custom_step0_s_20261001_20,17cc074ba4f94596ac63c3bdeeeafa4f,0.067,,,
3754,2026-09-30,SH688072,-0.010064593267230292,EXP_CatBoostModel_Alpha158_csi300_custom_step0_s_20261001_20,17cc074ba4f94596ac63c3bdeeeafa4f,0.067,,,
3755,2026-09-30,SH688047,-0.00974245897917714,EXP_CatBoostModel_Alpha158_csi300_custom_step0_s_20261001_20,17cc074ba4f94596ac63c3bdeeeafa4f,0.067,,,
3756,2026-09-30,SH688041,-0.00099057945178202,EXP_CatBoostModel_Alpha158_csi300_custom_step0_s_20261001_20,17cc074ba4f94596ac63c3bdeeeafa4f,0.067,,,
3757,2026-09-30,SH688036,-0.008189353135837546,EXP_CatBoostModel_Alpha158_csi300_custom_step0_s_20261001_20,17cc074ba4f94596ac63c3bdeeeafa4f,0.067,,,
3758,2026-09-30,SH688012,-0.010479943461669262,EXP_CatBoostModel_Alpha158_csi300_custom_step0_s_20261001_20,17cc074ba4f94596ac63c3bdeeeafa4f,0.067,,,
3759,2026-09-30,SH688009,0.0038834510819098986,EXP_CatBoostModel_Alpha158_csi300_custom_step0_s_20261001_20,17cc074ba4f94596ac63c3bdeeeafa4f,0.067,,,
3760,2026-09-30,SH688008,-0.00974245897917714,EXP_CatBoostModel_Alpha158_csi300_custom_step0_s_20261001_20,17cc074ba4f94596ac63c3bdeeeafa4f,0.067,,,
3761,2026-09-30,SH603288,-0.0014139518388333184,EXP_CatBoostModel_Alpha158_csi300_custom_step0_s_20261001_20,17cc074ba4f94596ac63c3bdeeeafa4f,0.067,,,
3762,2026-09-30,SH605499,0.0005212040273686507,EXP_CatBoostModel_Alpha158_csi300_custom_step0_s_20261001_20,17cc074ba4f94596ac63c3bdeeeafa4f,0.067,,,
3763,2026-09-30,SH603993,-0.004667239591158951,EXP_CatBoostModel_Alpha158_csi300_custom_step0_s_20261001_20,17cc074ba4f94596ac63c3bdeeeafa4f,0.067,,,
3764,2026-09-30,SH603986,-0.00916226720858863,EXP_CatBoostModel_Alpha158_csi300_custom_step0_s_20261001_20,17cc074ba4f94596ac63c3bdeeeafa4f,0.067,,,
3765,2026-09-30,SH603893,-0.004789805736381205,EXP_CatBoostModel_Alpha158_csi300_custom_step0_s_20261001_20,17cc074ba4f94596ac63c3bdeeeafa4f,0.067,,,
3766,2026-09-30,SH603799,-0.005766287582741157,EXP_CatBoostModel_Alpha158_csi300_custom_step0_s_20261001_20,17cc074ba4f94596ac63c3bdeeeafa4f,0.067,,,
3767,2026-09-30,SH603501,-0.005766287582741157,EXP_CatBoostModel_Alpha158_csi300_custom_step0_s_20261001_20,17cc074ba4f94596ac63c3bdeeeafa4f,0.067,,,
3768,2026-09-30,SH603392,-0.004642733887871728,EXP_CatBoostModel_Alpha158_csi300_custom_step0_s_20261001_20,17cc074ba4f94596ac63c3bdeeeafa4f,0.067,,,
3769,2026-09-30,SH603369,-0.004487612318179815,EXP_CatBoostModel_Alpha158_csi300_custom_step0_s_20261001_20,17cc074ba4f94596ac63c3bdeeeafa4f,0.067,,,
3770,2026-09-30,SH605117,-0.004667239591158951,EXP_CatBoostModel_Alpha158_csi300_custom_step0_s_20261001_20,17cc074ba4f94596ac63c3bdeeeafa4f,0.067,,,
3771,2026-09-30,SH688111,-0.0060911870360796936,EXP_CatBoostModel_Alpha158_csi300_custom_step0_s_20261001_20,17cc074ba4f94596ac63c3bdeeeafa4f,0.067,,,
3772,2026-09-30,SH601857,-0.004262581568706016,EXP_CatBoostModel_Alpha158_csi300_custom_step0_s_20261001_20,17cc074ba4f94596ac63c3bdeeeafa4f,0.067,,,
3773,2026-09-30,SH601825,0.0057601890555100165,EXP_CatBoostModel_Alpha158_csi300_custom_step0_s_20261001_20,17cc074ba4f94596ac63c3bdeeeafa4f,0.067,,,
3774,2026-09-30,SH601398,0.014077263470971556,EXP_CatBoostModel_Alpha158_csi300_custom_step0_s_20261001_20,17cc074ba4f94596ac63c3bdeeeafa4f,0.067,,,
3775,2026-09-30,SH601390,0.0063153048762223385,EXP_CatBoostModel_Alpha158_csi300_custom_step0_s_20261001_20,17cc074ba4f94596ac63c3bdeeeafa4f,0.067,,,
3776,2026-09-30,SH601377,0.0022662119213660596,EXP_CatBoostModel_Alpha158_csi300_custom_step0_s_20261001_20,17cc074ba4f94596ac63c3bdeeeafa4f,0.067,,,
3777,2026-09-30,SH601360,-0.0020998962162885448,EXP_CatBoostModel_Alpha158_csi300_custom_step0_s_20261001_20,17cc074ba4f94596ac63c3bdeeeafa4f,0.067,,,
3778,2026-09-30,SH601336,-0.003995555455662705,EXP_CatBoostModel_Alpha158_csi300_custom_step0_s_20261001_20,17cc074ba4f94596ac63c3bdeeeafa4f,0.067,,,
3779,2026-09-30,SH601328,0.010521480866756576,EXP_CatBoostModel_Alpha158_csi300_custom_step0_s_20261001_20,17cc074ba4f94596ac63c3bdeeeafa4f,0.067,,,
3780,2026-09-30,SH601319,0.0005495092159265168,EXP_CatBoostModel_Alpha158_csi300_custom_step0_s_20261001_20,17cc074ba4f94596ac63c3bdeeeafa4f,0.067,,,
3781,2026-09-30,SH601456,0.0011533196619002409,EXP_CatBoostModel_Alpha158_csi300_custom_step0_s_20261001_20,17cc074ba4f94596ac63c3bdeeeafa4f,0.067,,,
3782,2026-09-30,SH601318,0.002811210254483855,EXP_CatBoostModel_Alpha158_csi300_custom_step0_s_20261001_20,17cc074ba4f94596ac63c3bdeeeafa4f,0.067,,,
3783,2026-09-30,SH601238,0.008492637427783611,EXP_CatBoostModel_Alpha158_csi300_custom_step0_s_20261001_20,17cc074ba4f94596ac63c3bdeeeafa4f,0.067,,,
3784,2026-09-30,SH601229,0.010130692322195328,EXP_CatBoostModel_Alpha158_csi300_custom_step0_s_20261001_20,17cc074ba4f94596ac63c3bdeeeafa4f,0.067,,,
3785,2026-09-30,SH601225,0.0034450684991722226,EXP_CatBoostModel_Alpha158_csi300_custom_step0_s_20261001_20,17cc074ba4f94596ac63c3bdeeeafa4f,0.067,,,
3786,2026-09-30,SH601211,-0.004844872030316759,EXP_CatBoostModel_Alpha158_csi300_custom_step0_s_20261001_20,17cc074ba4f94596ac63c3bdeeeafa4f,0.067,,,
3787,2026-09-30,SH601186,0.009045797130932216,EXP_CatBoostModel_Alpha158_csi300_custom_step0_s_20261001_20,17cc074ba4f94596ac63c3bdeeeafa4f,0.067,,,
3788,2026-09-30,SH601169,0.007057086753073908,EXP_CatBoostModel_Alpha158_csi300_custom_step0_s_20261001_20,17cc074ba4f94596ac63c3bdeeeafa4f,0.067,,,
3789,2026-09-30,SH601166,0.009950130416745065,EXP_CatBoostModel_Alpha158_csi300_custom_step0_s_20261001_20,17cc074ba4f94596ac63c3bdeeeafa4f,0.067,,,
3790,2026-09-30,SH601288,0.012230530782385307,EXP_CatBoostModel_Alpha158_csi300_custom_step0_s_20261001_20,17cc074ba4f94596ac63c3bdeeeafa4f,0.067,,,
3791,2026-09-30,SH601838,0.00868133715397272,EXP_CatBoostModel_Alpha158_csi300_custom_step0_s_20261001_20,17cc074ba4f94596ac63c3bdeeeafa4f,0.067,,,
3792,2026-09-30,SH601600,-0.004497335565577392,EXP_CatBoostModel_Alpha158_csi300_custom_step0_s_20261001_20,17cc074ba4f94596ac63c3bdeeeafa4f,0.067,,,
3793,2026-09-30,SH601607,0.010414300857573272,EXP_CatBoostModel_Alpha158_csi300_custom_step0_s_20261001_20,17cc074ba4f94596ac63c3bdeeeafa4f,0.067,,,
3794,2026-09-30,SH601818,0.009651735798607026,EXP_CatBoostModel_Alpha158_csi300_custom_step0_s_20261001_20,17cc074ba4f94596ac63c3bdeeeafa4f,0.067,,,
3795,2026-09-30,SH601816,0.009555160377280448,EXP_CatBoostModel_Alpha158_csi300_custom_step0_s_20261001_20,17cc074ba4f94596ac63c3bdeeeafa4f,0.067,,,
3796,2026-09-30,SH601800,0.009050174615223157,EXP_CatBoostModel_Alpha158_csi300_custom_step0_s_20261001_20,17cc074ba4f94596ac63c3bdeeeafa4f,0.067,,,
3797,2026-09-30,SH601788,-0.0017438082426526737,EXP_CatBoostModel_Alpha158_csi300_custom_step0_s_20261001_20,17cc074ba4f94596ac63c3bdeeeafa4f,0.067,,,
3798,2026-09-30,SH601766,0.00039465161522120876,EXP_CatBoostModel_Alpha158_csi300_custom_step0_s_20261001_20,17cc074ba4f94596ac63c3bdeeeafa4f,0.067,,,
3799,2026-09-30,SH601728,0.008022514093813568,EXP_CatBoostModel_Alpha158_csi300_custom_step0_s_20261001_20,17cc074ba4f94596ac63c3bdeeeafa4f,0.067,,,
3800,2026-09-30,SH601727,0.0017103784252820219,EXP_CatBoostModel_Alpha158_csi300_custom_step0_s_20261001_20,17cc074ba4f94596ac63c3bdeeeafa4f,0.067,,,
3801,2026-09-30,SH601601,-0.004808887588761884,EXP_CatBoostModel_Alpha158_csi300_custom_step0_s_20261001_20,17cc074ba4f94596ac63c3bdeeeafa4f,0.067,,,
3802,2026-09-30,SH601698,-0.011617699110569885,EXP_CatBoostModel_Alpha158_csi300_custom_step0_s_20261001_20,17cc074ba4f94596ac63c3bdeeeafa4f,0.067,,,
3803,2026-09-30,SH601688,-0.0019021249909819875,EXP_CatBoostModel_Alpha158_csi300_custom_step0_s_20261001_20,17cc074ba4f94596ac63c3bdeeeafa4f,0.067,,,
3804,2026-09-30,SH601669,0.009335017159525585,EXP_CatBoostModel_Alpha158_csi300_custom_step0_s_20261001_20,17cc074ba4f94596ac63c3bdeeeafa4f,0.067,,,
3805,2026-09-30,SH601668,0.006985337829841142,EXP_CatBoostModel_Alpha158_csi300_custom_step0_s_20261001_20,17cc074ba4f94596ac63c3bdeeeafa4f,0.067,,,
3806,2026-09-30,SH601658,0.00868133715397272,EXP_CatBoostModel_Alpha158_csi300_custom_step0_s_20261001_20,17cc074ba4f94596ac63c3bdeeeafa4f,0.067,,,
3807,2026-09-30,SH601633,-0.003152548086851095,EXP_CatBoostModel_Alpha158_csi300_custom_step0_s_20261001_20,17cc074ba4f94596ac63c3bdeeeafa4f,0.067,,,
3808,2026-09-30,SH601628,-0.003995555455662705,EXP_CatBoostModel_Alpha158_csi300_custom_step0_s_20261001_20,17cc074ba4f94596ac63c3bdeeeafa4f,0.067,,,
3809,2026-09-30,SH601618,0.005494091498676476,EXP_CatBoostModel_Alpha158_csi300_custom_step0_s_20261001_20,17cc074ba4f94596ac63c3bdeeeafa4f,0.067,,,
3810,2026-09-30,SH601689,-0.005766287582741157,EXP_CatBoostModel_Alpha158_csi300_custom_step0_s_20261001_20,17cc074ba4f94596ac63c3bdeeeafa4f,0.067,,,
3811,2026-09-30,SH601919,0.09127403146199273,EXP_DEnsembleModel_Alpha158_csi300_custom_step0_s_20261001_18,86a715a9d70d477ab3f17c9d51121c5f,0.01,,,
3812,2026-09-30,SH600900,0.02455684546373383,EXP_LGBModel_Alpha158_csi300_custom_step0_s_20261001_20,234de275c25240099ec14ad53312a960,0.082,,,
3813,2026-09-30,SH600918,0.010717817221937362,EXP_LGBModel_Alpha158_csi300_custom_step0_s_20261001_20,234de275c25240099ec14ad53312a960,0.082,,,
3814,2026-09-30,SH600150,-0.03610740447876638,EXP_DEnsembleModel_Alpha158_csi300_custom_step0_s_20261001_18,bcfbc80e95d54994845bc976d31d741e,0.061,,,
3815,2026-09-30,SH600118,-0.0503268158570241,EXP_DEnsembleModel_Alpha158_csi300_custom_step0_s_20261001_18,bcfbc80e95d54994845bc976d31d741e,0.061,,,
3816,2026-09-30,SH600115,-0.06171570946532813,EXP_DEnsembleModel_Alpha158_csi300_custom_step0_s_20261001_18,bcfbc80e95d54994845bc976d31d741e,0.061,,,
3817,2026-09-30,SH600111,-0.04372135851223502,EXP_DEnsembleModel_Alpha158_csi300_custom_step0_s_20261001_18,bcfbc80e95d54994845bc976d31d741e,0.061,,,
3818,2026-09-30,SH600104,-0.0935189369578551,EXP_DEnsembleModel_Alpha158_csi300_custom_step0_s_20261001_18,bcfbc80e95d54994845bc976d31d741e,0.061,,,
3819,2026-09-30,SH600089,-0.024526922945620738,EXP_DEnsembleModel_Alpha158_csi300_custom_step0_s_20261001_18,bcfbc80e95d54994845bc976d31d741e,0.061,,,
3820,2026-09-30,SH600085,0.12586928082284893,EXP_DEnsembleModel_Alpha158_csi300_custom_step0_s_20261001_18,bcfbc80e95d54994845bc976d31d741e,0.061,,,
3821,2026-09-30,SH600066,0.03383189405062365,EXP_DEnsembleModel_Alpha158_csi300_custom_step0_s_20261001_18,bcfbc80e95d54994845bc976d31d741e,0.061,,,
3822,2026-09-30,SH600061,0.06566237682304954,EXP_DEnsembleModel_Alpha158_csi300_custom_step0_s_20261001_18,bcfbc80e95d54994845bc976d31d741e,0.061,,,
3823,2026-09-30,SH600050,0.1102173348953278,EXP_DEnsembleModel_Alpha158_csi300_custom_step0_s_20261001_18,bcfbc80e95d54994845bc976d31d741e,0.061,,,
3824,2026-09-30,SH600048,0.04128229554616268,EXP_DEnsembleModel_Alpha158_csi300_custom_step0_s_20261001_18,bcfbc80e95d54994845bc976d31d741e,0.061,,,
3825,2026-09-30,SH600039,0.012728911754505084,EXP_DEnsembleModel_Alpha158_csi300_custom_step0_s_20261001_18,bcfbc80e95d54994845bc976d31d741e,0.061,,,
3826,2026-09-30,SH600036,0.14104910971741533,EXP_DEnsembleModel_Alpha158_csi300_custom_step0_s_20261001_18,bcfbc80e95d54994845bc976d31d741e,0.061,,,
3827,2026-09-30,SH600031,-0.04499465138404008,EXP_DEnsembleModel_Alpha158_csi300_custom_step0_s_20261001_18,bcfbc80e95d54994845bc976d31d741e,0.061,,,
3828,2026-09-30,SH600030,-0.006896435812836411,EXP_DEnsembleModel_Alpha158_csi300_custom_step0_s_20261001_18,bcfbc80e95d54994845bc976d31d741e,0.061,,,
3829,2026-09-30,SH600160,-0.06192778012882824,EXP_DEnsembleModel_Alpha158_csi300_custom_step0_s_20261001_18,bcfbc80e95d54994845bc976d31d741e,0.061,,,
3830,2026-09-30,SH600176,-0.10712323438852792,EXP_DEnsembleModel_Alpha158_csi300_custom_step0_s_20261001_18,bcfbc80e95d54994845bc976d31d741e,0.061,,,
3831,2026-09-30,SH600183,-0.12629718723835504,EXP_DEnsembleModel_Alpha158_csi300_custom_step0_s_20261001_18,bcfbc80e95d54994845bc976d31d741e,0.061,,,
3832,2026-09-30,SH600188,-0.006078942645488358,EXP_DEnsembleModel_Alpha158_csi300_custom_step0_s_20261001_18,bcfbc80e95d54994845bc976d31d741e,0.061,,,
3833,2026-09-30,SH600482,-0.0037549068300516413,EXP_DEnsembleModel_Alpha158_csi300_custom_step0_s_20261001_18,bcfbc80e95d54994845bc976d31d741e,0.061,,,
3834,2026-09-30,SH600460,-0.10658268160371928,EXP_DEnsembleModel_Alpha158_csi300_custom_step0_s_20261001_18,bcfbc80e95d54994845bc976d31d741e,0.061,,,
3835,2026-09-30,SH600438,-0.10784688949868508,EXP_DEnsembleModel_Alpha158_csi300_custom_step0_s_20261001_18,bcfbc80e95d54994845bc976d31d741e,0.061,,,
3836,2026-09-30,SH600436,0.06367258932365298,EXP_DEnsembleModel_Alpha158_csi300_custom_step0_s_20261001_18,bcfbc80e95d54994845bc976d31d741e,0.061,,,
3837,2026-09-30,SH600426,-0.002342237822805891,EXP_DEnsembleModel_Alpha158_csi300_custom_step0_s_20261001_18,bcfbc80e95d54994845bc976d31d741e,0.061,,,
3838,2026-09-30,SH600415,-0.0006366665100406306,EXP_DEnsembleModel_Alpha158_csi300_custom_step0_s_20261001_18,bcfbc80e95d54994845bc976d31d741e,0.061,,,
3839,2026-09-30,SH600406,0.04977856956885094,EXP_DEnsembleModel_Alpha158_csi300_custom_step0_s_20261001_18,bcfbc80e95d54994845bc976d31d741e,0.061,,,
3840,2026-09-30,SH600029,0.04209563098176035,EXP_DEnsembleModel_Alpha158_csi300_custom_step0_s_20261001_18,bcfbc80e95d54994845bc976d31d741e,0.061,,,
3841,2026-09-30,SH600372,0.09219208452072668,EXP_DEnsembleModel_Alpha158_csi300_custom_step0_s_20261001_18,bcfbc80e95d54994845bc976d31d741e,0.061,,,
3842,2026-09-30,SH600346,0.03919501868810212,EXP_DEnsembleModel_Alpha158_csi300_custom_step0_s_20261001_18,bcfbc80e95d54994845bc976d31d741e,0.061,,,
3843,2026-09-30,SH600309,-0.01600263050056182,EXP_DEnsembleModel_Alpha158_csi300_custom_step0_s_20261001_18,bcfbc80e95d54994845bc976d31d741e,0.061,,,
3844,2026-09-30,SH600276,0.015220721551967855,EXP_DEnsembleModel_Alpha158_csi300_custom_step0_s_20261001_18,bcfbc80e95d54994845bc976d31d741e,0.061,,,
3845,2026-09-30,SH600233,-0.016910968254967945,EXP_DEnsembleModel_Alpha158_csi300_custom_step0_s_20261001_18,bcfbc80e95d54994845bc976d31d741e,0.061,,,
3846,2026-09-30,SH600221,0.04078491263930238,EXP_DEnsembleModel_Alpha158_csi300_custom_step0_s_20261001_18,bcfbc80e95d54994845bc976d31d741e,0.061,,,
3847,2026-09-30,SH600219,0.0239350732108687,EXP_DEnsembleModel_Alpha158_csi300_custom_step0_s_20261001_18,bcfbc80e95d54994845bc976d31d741e,0.061,,,
3848,2026-09-30,SH600196,0.021691930630891535,EXP_DEnsembleModel_Alpha158_csi300_custom_step0_s_20261001_18,bcfbc80e95d54994845bc976d31d741e,0.061,,,
3849,2026-09-30,SH600362,-0.008081811766098014,EXP_DEnsembleModel_Alpha158_csi300_custom_step0_s_20261001_18,bcfbc80e95d54994845bc976d31d741e,0.061,,,
3850,2026-09-30,SH600028,-0.06268719870573425,EXP_DEnsembleModel_Alpha158_csi300_custom_step0_s_20261001_18,bcfbc80e95d54994845bc976d31d741e,0.061,,,
3851,2026-09-30,SH600027,0.1242472330743422,EXP_DEnsembleModel_Alpha158_csi300_custom_step0_s_20261001_18,bcfbc80e95d54994845bc976d31d741e,0.061,,,
3852,2026-09-30,SH600026,-0.06512791589657577,EXP_DEnsembleModel_Alpha158_csi300_custom_step0_s_20261001_18,bcfbc80e95d54994845bc976d31d741e,0.061,,,
3853,2026-09-30,SZ300760,-0.051075399745129715,EXP_DEnsembleModel_Alpha158_csi300_custom_step0_s_20261001_18,ec6f51d61d9f48828d787190a2bb34d7,0.106,,,
3854,2026-09-30,SZ300750,-0.01033633883084549,EXP_DEnsembleModel_Alpha158_csi300_custom_step0_s_20261001_18,ec6f51d61d9f48828d787190a2bb34d7,0.106,,,
3855,2026-09-30,SZ300661,-0.18691198795330735,EXP_DEnsembleModel_Alpha158_csi300_custom_step0_s_20261001_18,ec6f51d61d9f48828d787190a2bb34d7,0.106,,,
3856,2026-09-30,SZ300628,-0.022346987654366476,EXP_DEnsembleModel_Alpha158_csi300_custom_step0_s_20261001_18,ec6f51d61d9f48828d787190a2bb34d7,0.106,,,
3857,2026-09-30,SZ300502,0.03386586461902283,EXP_DEnsembleModel_Alpha158_csi300_custom_step0_s_20261001_18,ec6f51d61d9f48828d787190a2bb34d7,0.106,,,
3858,2026-09-30,SZ300498,-0.012434671435450342,EXP_DEnsembleModel_Alpha158_csi300_custom_step0_s_20261001_18,ec6f51d61d9f48828d787190a2bb34d7,0.106,,,
3859,2026-09-30,SZ300476,-0.020888277330866383,EXP_DEnsembleModel_Alpha158_csi300_custom_step0_s_20261001_18,ec6f51d61d9f48828d787190a2bb34d7,0.106,,,
3860,2026-09-30,SZ300803,-0.13204500327704835,EXP_DEnsembleModel_Alpha158_csi300_custom_step0_s_20261001_18,ec6f51d61d9f48828d787190a2bb34d7,0.106,,,
3861,2026-09-30,SZ300450,0.05290179131808019,EXP_DEnsembleModel_Alpha158_csi300_custom_step0_s_20261001_18,ec6f51d61d9f48828d787190a2bb34d7,0.106,,,
3862,2026-09-30,SZ300433,-0.17802789016932924,EXP_DEnsembleModel_Alpha158_csi300_custom_step0_s_20261001_18,ec6f51d61d9f48828d787190a2bb34d7,0.106,,,
3863,2026-09-30,SZ300418,-0.1978809795785403,EXP_DEnsembleModel_Alpha158_csi300_custom_step0_s_20261001_18,ec6f51d61d9f48828d787190a2bb34d7,0.106,,,
3864,2026-09-30,SZ300413,-0.0003247236935512294,EXP_DEnsembleModel_Alpha158_csi300_custom_step0_s_20261001_18,ec6f51d61d9f48828d787190a2bb34d7,0.106,,,
3865,2026-09-30,SZ300408,-0.11683889230294078,EXP_DEnsembleModel_Alpha158_csi300_custom_step0_s_20261001_18,ec6f51d61d9f48828d787190a2bb34d7,0.106,,,
3866,2026-09-30,SZ300394,-0.08742356798056604,EXP_DEnsembleModel_Alpha158_csi300_custom_step0_s_20261001_18,ec6f51d61d9f48828d787190a2bb34d7,0.106,,,
3867,2026-09-30,SZ300316,-0.09841106559093774,EXP_DEnsembleModel_Alpha158_csi300_custom_step0_s_20261001_18,ec6f51d61d9f48828d787190a2bb34d7,0.106,,,
3868,2026-09-30,SZ300308,-0.013499549058805101,EXP_DEnsembleModel_Alpha158_csi300_custom_step0_s_20261001_18,ec6f51d61d9f48828d787190a2bb34d7,0.106,,,
3869,2026-09-30,SZ300442,-0.13241728868661534,EXP_DEnsembleModel_Alpha158_csi300_custom_step0_s_20261001_18,ec6f51d61d9f48828d787190a2bb34d7,0.106,,,
3870,2026-09-30,SH600489,0.04555185656930536,EXP_DEnsembleModel_Alpha158_csi300_custom_step0_s_20261001_18,bcfbc80e95d54994845bc976d31d741e,0.061,,,
3871,2026-09-30,SZ300832,-0.07785405219540158,EXP_DEnsembleModel_Alpha158_csi300_custom_step0_s_20261001_18,ec6f51d61d9f48828d787190a2bb34d7,0.106,,,
3872,2026-09-30,SZ300896,0.08340701920979612,EXP_DEnsembleModel_Alpha158_csi300_custom_step0_s_20261001_18,ec6f51d61d9f48828d787190a2bb34d7,0.106,,,
3873,2026-09-30,SH600025,0.13874505878011006,EXP_DEnsembleModel_Alpha158_csi300_custom_step0_s_20261001_18,bcfbc80e95d54994845bc976d31d741e,0.061,,,
3874,2026-09-30,SH600023,0.10201912825162408,EXP_DEnsembleModel_Alpha158_csi300_custom_step0_s_20261001_18,bcfbc80e95d54994845bc976d31d741e,0.061,,,
3875,2026-09-30,SH600019,0.1590865170272364,EXP_DEnsembleModel_Alpha158_csi300_custom_step0_s_20261001_18,bcfbc80e95d54994845bc976d31d741e,0.061,,,
3876,2026-09-30,SH600018,0.05719813696813135,EXP_DEnsembleModel_Alpha158_csi300_custom_step0_s_20261001_18,bcfbc80e95d54994845bc976d31d741e,0.061,,,
3877,2026-09-30,SH600016,0.07775451213900786,EXP_DEnsembleModel_Alpha158_csi300_custom_step0_s_20261001_18,bcfbc80e95d54994845bc976d31d741e,0.061,,,
3878,2026-09-30,SH600015,0.017391431276694864,EXP_DEnsembleModel_Alpha158_csi300_custom_step0_s_20261001_18,bcfbc80e95d54994845bc976d31d741e,0.061,,,
3879,2026-09-30,SH600011,0.13266751728288853,EXP_DEnsembleModel_Alpha158_csi300_custom_step0_s_20261001_18,bcfbc80e95d54994845bc976d31d741e,0.061,,,
3880,2026-09-30,SZ300866,-0.09591273643800081,EXP_DEnsembleModel_Alpha158_csi300_custom_step0_s_20261001_18,ec6f51d61d9f48828d787190a2bb34d7,0.106,,,
3881,2026-09-30,SH600010,-0.004720167179728672,EXP_DEnsembleModel_Alpha158_csi300_custom_step0_s_20261001_18,bcfbc80e95d54994845bc976d31d741e,0.061,,,
3882,2026-09-30,SH600000,0.016295744378381043,EXP_DEnsembleModel_Alpha158_csi300_custom_step0_s_20261001_18,bcfbc80e95d54994845bc976d31d741e,0.061,,,
3883,2026-09-30,SZ302132,-0.01460574765165193,EXP_DEnsembleModel_Alpha158_csi300_custom_step0_s_20261001_18,ec6f51d61d9f48828d787190a2bb34d7,0.106,,,
3884,2026-09-30,SZ301308,0.05697171875265634,EXP_DEnsembleModel_Alpha158_csi300_custom_step0_s_20261001_18,ec6f51d61d9f48828d787190a2bb34d7,0.106,,,
3885,2026-09-30,SZ301269,-0.0627582756568373,EXP_DEnsembleModel_Alpha158_csi300_custom_step0_s_20261001_18,ec6f51d61d9f48828d787190a2bb34d7,0.106,,,
3886,2026-09-30,SZ301236,-0.11016032709150138,EXP_DEnsembleModel_Alpha158_csi300_custom_step0_s_20261001_18,ec6f51d61d9f48828d787190a2bb34d7,0.106,,,
3887,2026-09-30,SZ301165,-0.0661351286549517,EXP_DEnsembleModel_Alpha158_csi300_custom_step0_s_20261001_18,ec6f51d61d9f48828d787190a2bb34d7,0.106,,,
3888,2026-09-30,SZ300999,-0.08545998732242929,EXP_DEnsembleModel_Alpha158_csi300_custom_step0_s_20261001_18,ec6f51d61d9f48828d787190a2bb34d7,0.106,,,
3889,2026-09-30,SH600009,0.10876727856690342,EXP_DEnsembleModel_Alpha158_csi300_custom_step0_s_20261001_18,bcfbc80e95d54994845bc976d31d741e,0.061,,,
3890,2026-09-30,SZ300274,0.11087737726284991,EXP_DEnsembleModel_Alpha158_csi300_custom_step0_s_20261001_18,ec6f51d61d9f48828d787190a2bb34d7,0.106,,,
3891,2026-09-30,SH600515,-0.007658571123980522,EXP_DEnsembleModel_Alpha158_csi300_custom_step0_s_20261001_18,bcfbc80e95d54994845bc976d31d741e,0.061,,,
3892,2026-09-30,SH600522,-0.11176750717164322,EXP_DEnsembleModel_Alpha158_csi300_custom_step0_s_20261001_18,bcfbc80e95d54994845bc976d31d741e,0.061,,,
3893,2026-09-30,SH601318,0.024087575836018393,EXP_DEnsembleModel_Alpha158_csi300_custom_step0_s_20261001_18,bcfbc80e95d54994845bc976d31d741e,0.061,,,
3894,2026-09-30,SH601288,0.10769319804042737,EXP_DEnsembleModel_Alpha158_csi300_custom_step0_s_20261001_18,bcfbc80e95d54994845bc976d31d741e,0.061,,,
3895,2026-09-30,SH601238,0.09509130034864342,EXP_DEnsembleModel_Alpha158_csi300_custom_step0_s_20261001_18,bcfbc80e95d54994845bc976d31d741e,0.061,,,
3896,2026-09-30,SH601229,0.1345787004638734,EXP_DEnsembleModel_Alpha158_csi300_custom_step0_s_20261001_18,bcfbc80e95d54994845bc976d31d741e,0.061,,,
3897,2026-09-30,SH601225,0.037196438877746235,EXP_DEnsembleModel_Alpha158_csi300_custom_step0_s_20261001_18,bcfbc80e95d54994845bc976d31d741e,0.061,,,
3898,2026-09-30,SH601211,-0.04289240153359765,EXP_DEnsembleModel_Alpha158_csi300_custom_step0_s_20261001_18,bcfbc80e95d54994845bc976d31d741e,0.061,,,
3899,2026-09-30,SH601186,0.09719640105333544,EXP_DEnsembleModel_Alpha158_csi300_custom_step0_s_20261001_18,bcfbc80e95d54994845bc976d31d741e,0.061,,,
3900,2026-09-30,SH601169,0.06866416958049085,EXP_DEnsembleModel_Alpha158_csi300_custom_step0_s_20261001_18,bcfbc80e95d54994845bc976d31d741e,0.061,,,
3901,2026-09-30,SH601166,0.1188375071398206,EXP_DEnsembleModel_Alpha158_csi300_custom_step0_s_20261001_18,bcfbc80e95d54994845bc976d31d741e,0.061,,,
3902,2026-09-30,SH601138,-0.12397388758120684,EXP_DEnsembleModel_Alpha158_csi300_custom_step0_s_20261001_18,bcfbc80e95d54994845bc976d31d741e,0.061,,,
3903,2026-09-30,SH601136,-0.054954666747434114,EXP_DEnsembleModel_Alpha158_csi300_custom_step0_s_20261001_18,bcfbc80e95d54994845bc976d31d741e,0.061,,,
3904,2026-09-30,SH601127,-0.05265855879228537,EXP_DEnsembleModel_Alpha158_csi300_custom_step0_s_20261001_18,bcfbc80e95d54994845bc976d31d741e,0.061,,,
3905,2026-09-30,SH601117,0.02102016502855991,EXP_DEnsembleModel_Alpha158_csi300_custom_step0_s_20261001_18,bcfbc80e95d54994845bc976d31d741e,0.061,,,
3906,2026-09-30,SH601111,0.09606702109028187,EXP_DEnsembleModel_Alpha158_csi300_custom_step0_s_20261001_18,bcfbc80e95d54994845bc976d31d741e,0.061,,,
3907,2026-09-30,SH601100,0.02063389302980031,EXP_DEnsembleModel_Alpha158_csi300_custom_step0_s_20261001_18,bcfbc80e95d54994845bc976d31d741e,0.061,,,
3908,2026-09-30,SH601319,0.01802901939598531,EXP_DEnsembleModel_Alpha158_csi300_custom_step0_s_20261001_18,bcfbc80e95d54994845bc976d31d741e,0.061,,,
3909,2026-09-30,SH601328,0.15345293075697408,EXP_DEnsembleModel_Alpha158_csi300_custom_step0_s_20261001_18,bcfbc80e95d54994845bc976d31d741e,0.061,,,
3910,2026-09-30,SH601336,-0.051861341492634,EXP_DEnsembleModel_Alpha158_csi300_custom_step0_s_20261001_18,bcfbc80e95d54994845bc976d31d741e,0.061,,,
3911,2026-09-30,SH601360,-0.05444930868298112,EXP_DEnsembleModel_Alpha158_csi300_custom_step0_s_20261001_18,bcfbc80e95d54994845bc976d31d741e,0.061,,,
3912,2026-09-30,SH601698,-0.04708897575922249,EXP_DEnsembleModel_Alpha158_csi300_custom_step0_s_20261001_18,bcfbc80e95d54994845bc976d31d741e,0.061,,,
3913,2026-09-30,SH601689,-0.10729747037070528,EXP_DEnsembleModel_Alpha158_csi300_custom_step0_s_20261001_18,bcfbc80e95d54994845bc976d31d741e,0.061,,,
3914,2026-09-30,SH601688,-0.014260275358587256,EXP_DEnsembleModel_Alpha158_csi300_custom_step0_s_20261001_18,bcfbc80e95d54994845bc976d31d741e,0.061,,,
3915,2026-09-30,SH601669,0.04151081496149062,EXP_DEnsembleModel_Alpha158_csi300_custom_step0_s_20261001_18,bcfbc80e95d54994845bc976d31d741e,0.061,,,
3916,2026-09-30,SH601668,0.03993920039030425,EXP_DEnsembleModel_Alpha158_csi300_custom_step0_s_20261001_18,bcfbc80e95d54994845bc976d31d741e,0.061,,,
3917,2026-09-30,SH601658,0.02811403925996814,EXP_DEnsembleModel_Alpha158_csi300_custom_step0_s_20261001_18,bcfbc80e95d54994845bc976d31d741e,0.061,,,
3918,2026-09-30,SH601633,-0.07614505478989139,EXP_DEnsembleModel_Alpha158_csi300_custom_step0_s_20261001_18,bcfbc80e95d54994845bc976d31d741e,0.061,,,
3919,2026-09-30,SH601088,0.03123412563344461,EXP_DEnsembleModel_Alpha158_csi300_custom_step0_s_20261001_18,bcfbc80e95d54994845bc976d31d741e,0.061,,,
3920,2026-09-30,SH601628,-0.001936085765213632,EXP_DEnsembleModel_Alpha158_csi300_custom_step0_s_20261001_18,bcfbc80e95d54994845bc976d31d741e,0.061,,,
3921,2026-09-30,SH601607,0.12106091968733967,EXP_DEnsembleModel_Alpha158_csi300_custom_step0_s_20261001_18,bcfbc80e95d54994845bc976d31d741e,0.061,,,
3922,2026-09-30,SH601601,-0.055628982974724496,EXP_DEnsembleModel_Alpha158_csi300_custom_step0_s_20261001_18,bcfbc80e95d54994845bc976d31d741e,0.061,,,
3923,2026-09-30,SH601600,-0.0035472984462781285,EXP_DEnsembleModel_Alpha158_csi300_custom_step0_s_20261001_18,bcfbc80e95d54994845bc976d31d741e,0.061,,,
3924,2026-09-30,SH601456,0.004772446769305512,EXP_DEnsembleModel_Alpha158_csi300_custom_step0_s_20261001_18,bcfbc80e95d54994845bc976d31d741e,0.061,,,
3925,2026-09-30,SH601398,0.13023505165204255,EXP_DEnsembleModel_Alpha158_csi300_custom_step0_s_20261001_18,bcfbc80e95d54994845bc976d31d741e,0.061,,,
3926,2026-09-30,SH601390,0.10588129981363348,EXP_DEnsembleModel_Alpha158_csi300_custom_step0_s_20261001_18,bcfbc80e95d54994845bc976d31d741e,0.061,,,
3927,2026-09-30,SH601377,0.011173471851709605,EXP_DEnsembleModel_Alpha158_csi300_custom_step0_s_20261001_18,bcfbc80e95d54994845bc976d31d741e,0.061,,,
3928,2026-09-30,SH601618,0.06252765875224503,EXP_DEnsembleModel_Alpha158_csi300_custom_step0_s_20261001_18,bcfbc80e95d54994845bc976d31d741e,0.061,,,
3929,2026-09-30,SH601077,0.06400394652088738,EXP_DEnsembleModel_Alpha158_csi300_custom_step0_s_20261001_18,bcfbc80e95d54994845bc976d31d741e,0.061,,,
3930,2026-09-30,SH601066,-0.05670087252281517,EXP_DEnsembleModel_Alpha158_csi300_custom_step0_s_20261001_18,bcfbc80e95d54994845bc976d31d741e,0.061,,,
3931,2026-09-30,SH601058,0.015618178718677177,EXP_DEnsembleModel_Alpha158_csi300_custom_step0_s_20261001_18,bcfbc80e95d54994845bc976d31d741e,0.061,,,
3932,2026-09-30,SH600845,-0.030497493325501078,EXP_DEnsembleModel_Alpha158_csi300_custom_step0_s_20261001_18,bcfbc80e95d54994845bc976d31d741e,0.061,,,
3933,2026-09-30,SH600809,-0.06698188340651876,EXP_DEnsembleModel_Alpha158_csi300_custom_step0_s_20261001_18,bcfbc80e95d54994845bc976d31d741e,0.061,,,
3934,2026-09-30,SH600803,0.07771026291602912,EXP_DEnsembleModel_Alpha158_csi300_custom_step0_s_20261001_18,bcfbc80e95d54994845bc976d31d741e,0.061,,,
3935,2026-09-30,SH600795,0.08527116471386864,EXP_DEnsembleModel_Alpha158_csi300_custom_step0_s_20261001_18,bcfbc80e95d54994845bc976d31d741e,0.061,,,
3936,2026-09-30,SH600760,0.005071490836988952,EXP_DEnsembleModel_Alpha158_csi300_custom_step0_s_20261001_18,bcfbc80e95d54994845bc976d31d741e,0.061,,,
3937,2026-09-30,SH600741,0.09201134447570597,EXP_DEnsembleModel_Alpha158_csi300_custom_step0_s_20261001_18,bcfbc80e95d54994845bc976d31d741e,0.061,,,
3938,2026-09-30,SH600690,0.1313341856717438,EXP_DEnsembleModel_Alpha158_csi300_custom_step0_s_20261001_18,bcfbc80e95d54994845bc976d31d741e,0.061,,,
3939,2026-09-30,SH600875,-0.07580159562675018,EXP_DEnsembleModel_Alpha158_csi300_custom_step0_s_20261001_18,bcfbc80e95d54994845bc976d31d741e,0.061,,,
3940,2026-09-30,SH600674,-0.0007853247482169953,EXP_DEnsembleModel_Alpha158_csi300_custom_step0_s_20261001_18,bcfbc80e95d54994845bc976d31d741e,0.061,,,
3941,2026-09-30,SH600600,0.06119797756328192,EXP_DEnsembleModel_Alpha158_csi300_custom_step0_s_20261001_18,bcfbc80e95d54994845bc976d31d741e,0.061,,,
3942,2026-09-30,SH600588,-0.00674793209906725,EXP_DEnsembleModel_Alpha158_csi300_custom_step0_s_20261001_18,bcfbc80e95d54994845bc976d31d741e,0.061,,,
3943,2026-09-30,SH600585,-0.0827534404936085,EXP_DEnsembleModel_Alpha158_csi300_custom_step0_s_20261001_18,bcfbc80e95d54994845bc976d31d741e,0.061,,,
3944,2026-09-30,SH600584,-0.0775259635892381,EXP_DEnsembleModel_Alpha158_csi300_custom_step0_s_20261001_18,bcfbc80e95d54994845bc976d31d741e,0.061,,,
3945,2026-09-30,SH600570,-0.026108992889811132,EXP_DEnsembleModel_Alpha158_csi300_custom_step0_s_20261001_18,bcfbc80e95d54994845bc976d31d741e,0.061,,,
3946,2026-09-30,SH600549,-0.08357572764754097,EXP_DEnsembleModel_Alpha158_csi300_custom_step0_s_20261001_18,bcfbc80e95d54994845bc976d31d741e,0.061,,,
3947,2026-09-30,SH600547,0.22812136117901263,EXP_DEnsembleModel_Alpha158_csi300_custom_step0_s_20261001_18,bcfbc80e95d54994845bc976d31d741e,0.061,,,
3948,2026-09-30,SH600660,0.08083373123881794,EXP_DEnsembleModel_Alpha158_csi300_custom_step0_s_20261001_18,bcfbc80e95d54994845bc976d31d741e,0.061,,,
3949,2026-09-30,SH600519,0.07272032110916325,EXP_DEnsembleModel_Alpha158_csi300_custom_step0_s_20261001_18,bcfbc80e95d54994845bc976d31d741e,0.061,,,
3950,2026-09-30,SH600886,0.010363586274825589,EXP_DEnsembleModel_Alpha158_csi300_custom_step0_s_20261001_18,bcfbc80e95d54994845bc976d31d741e,0.061,,,
3951,2026-09-30,SH600893,-0.025952204596409793,EXP_DEnsembleModel_Alpha158_csi300_custom_step0_s_20261001_18,bcfbc80e95d54994845bc976d31d741e,0.061,,,
3952,2026-09-30,SH601021,-0.015392371869457914,EXP_DEnsembleModel_Alpha158_csi300_custom_step0_s_20261001_18,bcfbc80e95d54994845bc976d31d741e,0.061,,,
3953,2026-09-30,SH601018,0.1721076787803831,EXP_DEnsembleModel_Alpha158_csi300_custom_step0_s_20261001_18,bcfbc80e95d54994845bc976d31d741e,0.061,,,
3954,2026-09-30,SH601012,-0.06391797712598131,EXP_DEnsembleModel_Alpha158_csi300_custom_step0_s_20261001_18,bcfbc80e95d54994845bc976d31d741e,0.061,,,
3955,2026-09-30,SH601009,0.125582009336941,EXP_DEnsembleModel_Alpha158_csi300_custom_step0_s_20261001_18,bcfbc80e95d54994845bc976d31d741e,0.061,,,
3956,2026-09-30,SH601006,0.12838179524947402,EXP_DEnsembleModel_Alpha158_csi300_custom_step0_s_20261001_18,bcfbc80e95d54994845bc976d31d741e,0.061,,,
3957,2026-09-30,SH600999,-0.03351044201867716,EXP_DEnsembleModel_Alpha158_csi300_custom_step0_s_20261001_18,bcfbc80e95d54994845bc976d31d741e,0.061,,,
3958,2026-09-30,SH600989,0.014190284447541572,EXP_DEnsembleModel_Alpha158_csi300_custom_step0_s_20261001_18,bcfbc80e95d54994845bc976d31d741e,0.061,,,
3959,2026-09-30,SH600887,0.16448266276967366,EXP_DEnsembleModel_Alpha158_csi300_custom_step0_s_20261001_18,bcfbc80e95d54994845bc976d31d741e,0.061,,,
3960,2026-09-30,SH600958,0.017444215190752257,EXP_DEnsembleModel_Alpha158_csi300_custom_step0_s_20261001_18,bcfbc80e95d54994845bc976d31d741e,0.061,,,
3961,2026-09-30,SH600938,0.06866298705245713,EXP_DEnsembleModel_Alpha158_csi300_custom_step0_s_20261001_18,bcfbc80e95d54994845bc976d31d741e,0.061,,,
3962,2026-09-30,SH600930,-0.0006883042423440094,EXP_DEnsembleModel_Alpha158_csi300_custom_step0_s_20261001_18,bcfbc80e95d54994845bc976d31d741e,0.061,,,
3963,2026-09-30,SH600926,0.12947811536835901,EXP_DEnsembleModel_Alpha158_csi300_custom_step0_s_20261001_18,bcfbc80e95d54994845bc976d31d741e,0.061,,,
3964,2026-09-30,SH600919,0.11336493641186457,EXP_DEnsembleModel_Alpha158_csi300_custom_step0_s_20261001_18,bcfbc80e95d54994845bc976d31d741e,0.061,,,
3965,2026-09-30,SH600918,0.06747271599223771,EXP_DEnsembleModel_Alpha158_csi300_custom_step0_s_20261001_18,bcfbc80e95d54994845bc976d31d741e,0.061,,,
3966,2026-09-30,SH600905,-0.009027564363533332,EXP_DEnsembleModel_Alpha158_csi300_custom_step0_s_20261001_18,bcfbc80e95d54994845bc976d31d741e,0.061,,,
3967,2026-09-30,SH600900,0.13630970996758207,EXP_DEnsembleModel_Alpha158_csi300_custom_step0_s_20261001_18,bcfbc80e95d54994845bc976d31d741e,0.061,,,
3968,2026-09-30,SH600941,0.08141593400876823,EXP_DEnsembleModel_Alpha158_csi300_custom_step0_s_20261001_18,bcfbc80e95d54994845bc976d31d741e,0.061,,,
3969,2026-09-30,SZ300251,-0.03373808430263744,EXP_DEnsembleModel_Alpha158_csi300_custom_step0_s_20261001_18,ec6f51d61d9f48828d787190a2bb34d7,0.106,,,
3970,2026-09-30,SZ300124,-0.006107196752675884,EXP_DEnsembleModel_Alpha158_csi300_custom_step0_s_20261001_18,ec6f51d61d9f48828d787190a2bb34d7,0.106,,,
3971,2026-09-30,SZ300122,0.09272531144131059,EXP_DEnsembleModel_Alpha158_csi300_custom_step0_s_20261001_18,ec6f51d61d9f48828d787190a2bb34d7,0.106,,,
3972,2026-09-30,SH688008,-0.06723064796414226,EXP_DEnsembleModel_Alpha158_csi300_custom_step0_s_20261001_18,ec6f51d61d9f48828d787190a2bb34d7,0.106,,,
3973,2026-09-30,SH605499,-0.010631906226608229,EXP_DEnsembleModel_Alpha158_csi300_custom_step0_s_20261001_18,ec6f51d61d9f48828d787190a2bb34d7,0.106,,,
3974,2026-09-30,SH605117,-0.0061237095490405385,EXP_DEnsembleModel_Alpha158_csi300_custom_step0_s_20261001_18,ec6f51d61d9f48828d787190a2bb34d7,0.106,,,
3975,2026-09-30,SH603993,-0.0015618135792147788,EXP_DEnsembleModel_Alpha158_csi300_custom_step0_s_20261001_18,ec6f51d61d9f48828d787190a2bb34d7,0.106,,,
3976,2026-09-30,SH603986,0.022651562759040036,EXP_DEnsembleModel_Alpha158_csi300_custom_step0_s_20261001_18,ec6f51d61d9f48828d787190a2bb34d7,0.106,,,
3977,2026-09-30,SH603893,0.06283578309519634,EXP_DEnsembleModel_Alpha158_csi300_custom_step0_s_20261001_18,ec6f51d61d9f48828d787190a2bb34d7,0.106,,,
3978,2026-09-30,SH603799,-0.1142248674604225,EXP_DEnsembleModel_Alpha158_csi300_custom_step0_s_20261001_18,ec6f51d61d9f48828d787190a2bb34d7,0.106,,,
3979,2026-09-30,SH603501,0.018620456730161307,EXP_DEnsembleModel_Alpha158_csi300_custom_step0_s_20261001_18,ec6f51d61d9f48828d787190a2bb34d7,0.106,,,
3980,2026-09-30,SH603392,-0.0308219834140764,EXP_DEnsembleModel_Alpha158_csi300_custom_step0_s_20261001_18,ec6f51d61d9f48828d787190a2bb34d7,0.106,,,
3981,2026-09-30,SH603369,-0.057069595146946796,EXP_DEnsembleModel_Alpha158_csi300_custom_step0_s_20261001_18,ec6f51d61d9f48828d787190a2bb34d7,0.106,,,
3982,2026-09-30,SH603296,0.002273254770416241,EXP_DEnsembleModel_Alpha158_csi300_custom_step0_s_20261001_18,ec6f51d61d9f48828d787190a2bb34d7,0.106,,,
3983,2026-09-30,SH603288,0.04068600201500203,EXP_DEnsembleModel_Alpha158_csi300_custom_step0_s_20261001_18,ec6f51d61d9f48828d787190a2bb34d7,0.106,,,
3984,2026-09-30,SH603260,-0.10972362871333369,EXP_DEnsembleModel_Alpha158_csi300_custom_step0_s_20261001_18,ec6f51d61d9f48828d787190a2bb34d7,0.106,,,
3985,2026-09-30,SH603259,-0.10511508181330115,EXP_DEnsembleModel_Alpha158_csi300_custom_step0_s_20261001_18,ec6f51d61d9f48828d787190a2bb34d7,0.106,,,
3986,2026-09-30,SH603019,-0.004654422590803153,EXP_DEnsembleModel_Alpha158_csi300_custom_step0_s_20261001_18,ec6f51d61d9f48828d787190a2bb34d7,0.106,,,
3987,2026-09-30,SH688009,0.013571874084905764,EXP_DEnsembleModel_Alpha158_csi300_custom_step0_s_20261001_18,ec6f51d61d9f48828d787190a2bb34d7,0.106,,,
3988,2026-09-30,SH688012,-0.0886563539426267,EXP_DEnsembleModel_Alpha158_csi300_custom_step0_s_20261001_18,ec6f51d61d9f48828d787190a2bb34d7,0.106,,,
3989,2026-09-30,SH688036,-0.07083840994044364,EXP_DEnsembleModel_Alpha158_csi300_custom_step0_s_20261001_18,ec6f51d61d9f48828d787190a2bb34d7,0.106,,,
3990,2026-09-30,SH688041,0.07797017932809325,EXP_DEnsembleModel_Alpha158_csi300_custom_step0_s_20261001_18,ec6f51d61d9f48828d787190a2bb34d7,0.106,,,
3991,2026-09-30,SZ000001,0.09383082874506708,EXP_DEnsembleModel_Alpha158_csi300_custom_step0_s_20261001_18,ec6f51d61d9f48828d787190a2bb34d7,0.106,,,
3992,2026-09-30,SH688981,0.00076312135005247,EXP_DEnsembleModel_Alpha158_csi300_custom_step0_s_20261001_18,ec6f51d61d9f48828d787190a2bb34d7,0.106,,,
3993,2026-09-30,SH688521,0.1799477494456275,EXP_DEnsembleModel_Alpha158_csi300_custom_step0_s_20261001_18,ec6f51d61d9f48828d787190a2bb34d7,0.106,,,
3994,2026-09-30,SH688506,0.07707801936318734,EXP_DEnsembleModel_Alpha158_csi300_custom_step0_s_20261001_18,ec6f51d61d9f48828d787190a2bb34d7,0.106,,,
3995,2026-09-30,SH688472,-0.011292662574743755,EXP_DEnsembleModel_Alpha158_csi300_custom_step0_s_20261001_18,ec6f51d61d9f48828d787190a2bb34d7,0.106,,,
3996,2026-09-30,SH688396,-0.06276093024785885,EXP_DEnsembleModel_Alpha158_csi300_custom_step0_s_20261001_18,ec6f51d61d9f48828d787190a2bb34d7,0.106,,,
3997,2026-09-30,SH688303,-0.043690695569190564,EXP_DEnsembleModel_Alpha158_csi300_custom_step0_s_20261001_18,ec6f51d61d9f48828d787190a2bb34d7,0.106,,,
3998,2026-09-30,SH601998,0.05621005718556566,EXP_DEnsembleModel_Alpha158_csi300_custom_step0_s_20261001_18,ec6f51d61d9f48828d787190a2bb34d7,0.106,,,
3999,2026-09-30,SH688271,0.02478720536750328,EXP_DEnsembleModel_Alpha158_csi300_custom_step0_s_20261001_18,ec6f51d61d9f48828d787190a2bb34d7,0.106,,,
4000,2026-09-30,SH688223,-0.06532101029951408,EXP_DEnsembleModel_Alpha158_csi300_custom_step0_s_20261001_18,ec6f51d61d9f48828d787190a2bb34d7,0.106,,,
4001,2026-09-30,SH688183,-0.10040453129052472,EXP_DEnsembleModel_Alpha158_csi300_custom_step0_s_20261001_18,ec6f51d61d9f48828d787190a2bb34d7,0.106,,,
4002,2026-09-30,SH688126,0.019319491448810587,EXP_DEnsembleModel_Alpha158_csi300_custom_step0_s_20261001_18,ec6f51d61d9f48828d787190a2bb34d7,0.106,,,
4003,2026-09-30,SH688111,-0.0580861283107795,EXP_DEnsembleModel_Alpha158_csi300_custom_step0_s_20261001_18,ec6f51d61d9f48828d787190a2bb34d7,0.106,,,
4004,2026-09-30,SH688082,-0.10794062666149407,EXP_DEnsembleModel_Alpha158_csi300_custom_step0_s_20261001_18,ec6f51d61d9f48828d787190a2bb34d7,0.106,,,
4005,2026-09-30,SH688072,-0.05584663644097456,EXP_DEnsembleModel_Alpha158_csi300_custom_step0_s_20261001_18,ec6f51d61d9f48828d787190a2bb34d7,0.106,,,
4006,2026-09-30,SH688047,0.005904262074655054,EXP_DEnsembleModel_Alpha158_csi300_custom_step0_s_20261001_18,ec6f51d61d9f48828d787190a2bb34d7,0.106,,,
4007,2026-09-30,SH688256,0.017489231003712916,EXP_DEnsembleModel_Alpha158_csi300_custom_step0_s_20261001_18,ec6f51d61d9f48828d787190a2bb34d7,0.106,,,
4008,2026-09-30,SH601995,-0.031154749784274346,EXP_DEnsembleModel_Alpha158_csi300_custom_step0_s_20261001_18,ec6f51d61d9f48828d787190a2bb34d7,0.106,,,
4009,2026-09-30,SH601988,0.06558846878079658,EXP_DEnsembleModel_Alpha158_csi300_custom_step0_s_20261001_18,ec6f51d61d9f48828d787190a2bb34d7,0.106,,,
4010,2026-09-30,SH601985,0.10290763260768977,EXP_DEnsembleModel_Alpha158_csi300_custom_step0_s_20261001_18,ec6f51d61d9f48828d787190a2bb34d7,0.106,,,
4011,2026-09-30,SH601728,0.10545162008279392,EXP_DEnsembleModel_Alpha158_csi300_custom_step0_s_20261001_18,ec6f51d61d9f48828d787190a2bb34d7,0.106,,,
4012,2026-09-30,SH601727,0.01122518222055619,EXP_DEnsembleModel_Alpha158_csi300_custom_step0_s_20261001_18,ec6f51d61d9f48828d787190a2bb34d7,0.106,,,
4013,2026-09-30,SH601698,-0.02686958468666344,EXP_DEnsembleModel_Alpha158_csi300_custom_step0_s_20261001_18,ec6f51d61d9f48828d787190a2bb34d7,0.106,,,
4014,2026-09-30,SH601689,-0.11804458197448418,EXP_DEnsembleModel_Alpha158_csi300_custom_step0_s_20261001_18,ec6f51d61d9f48828d787190a2bb34d7,0.106,,,
4015,2026-09-30,SH601688,-0.01348930715562264,EXP_DEnsembleModel_Alpha158_csi300_custom_step0_s_20261001_18,ec6f51d61d9f48828d787190a2bb34d7,0.106,,,
4016,2026-09-30,SH601669,0.07111292605438925,EXP_DEnsembleModel_Alpha158_csi300_custom_step0_s_20261001_18,ec6f51d61d9f48828d787190a2bb34d7,0.106,,,
4017,2026-09-30,SH601668,0.0692788578000733,EXP_DEnsembleModel_Alpha158_csi300_custom_step0_s_20261001_18,ec6f51d61d9f48828d787190a2bb34d7,0.106,,,
4018,2026-09-30,SH601766,0.10308046570747069,EXP_DEnsembleModel_Alpha158_csi300_custom_step0_s_20261001_18,ec6f51d61d9f48828d787190a2bb34d7,0.106,,,
4019,2026-09-30,SH601658,0.05059160649891542,EXP_DEnsembleModel_Alpha158_csi300_custom_step0_s_20261001_18,ec6f51d61d9f48828d787190a2bb34d7,0.106,,,
4020,2026-09-30,SH601628,0.015826256657197182,EXP_DEnsembleModel_Alpha158_csi300_custom_step0_s_20261001_18,ec6f51d61d9f48828d787190a2bb34d7,0.106,,,
4021,2026-09-30,SH601618,0.06373917567438957,EXP_DEnsembleModel_Alpha158_csi300_custom_step0_s_20261001_18,ec6f51d61d9f48828d787190a2bb34d7,0.106,,,
4022,2026-09-30,SH601607,0.13458957843773012,EXP_DEnsembleModel_Alpha158_csi300_custom_step0_s_20261001_18,ec6f51d61d9f48828d787190a2bb34d7,0.106,,,
4023,2026-09-30,SH601601,-0.03271204552551065,EXP_DEnsembleModel_Alpha158_csi300_custom_step0_s_20261001_18,ec6f51d61d9f48828d787190a2bb34d7,0.106,,,
4024,2026-09-30,SH601600,-0.034727860820687635,EXP_DEnsembleModel_Alpha158_csi300_custom_step0_s_20261001_18,ec6f51d61d9f48828d787190a2bb34d7,0.106,,,
4025,2026-09-30,SH601456,0.02597102622622449,EXP_DEnsembleModel_Alpha158_csi300_custom_step0_s_20261001_18,ec6f51d61d9f48828d787190a2bb34d7,0.106,,,
4026,2026-09-30,SH601398,0.11827421186945294,EXP_DEnsembleModel_Alpha158_csi300_custom_step0_s_20261001_18,ec6f51d61d9f48828d787190a2bb34d7,0.106,,,
4027,2026-09-30,SH601633,-0.03125987342951272,EXP_DEnsembleModel_Alpha158_csi300_custom_step0_s_20261001_18,ec6f51d61d9f48828d787190a2bb34d7,0.106,,,
4028,2026-09-30,SZ000002,-0.14147099279959643,EXP_DEnsembleModel_Alpha158_csi300_custom_step0_s_20261001_18,ec6f51d61d9f48828d787190a2bb34d7,0.106,,,
4029,2026-09-30,SH601788,-0.012008693632655163,EXP_DEnsembleModel_Alpha158_csi300_custom_step0_s_20261001_18,ec6f51d61d9f48828d787190a2bb34d7,0.106,,,
4030,2026-09-30,SH601816,0.14300628289818607,EXP_DEnsembleModel_Alpha158_csi300_custom_step0_s_20261001_18,ec6f51d61d9f48828d787190a2bb34d7,0.106,,,
4031,2026-09-30,SH601939,0.09120344598073211,EXP_DEnsembleModel_Alpha158_csi300_custom_step0_s_20261001_18,ec6f51d61d9f48828d787190a2bb34d7,0.106,,,
4032,2026-09-30,SH601919,0.08599386914068151,EXP_DEnsembleModel_Alpha158_csi300_custom_step0_s_20261001_18,ec6f51d61d9f48828d787190a2bb34d7,0.106,,,
4033,2026-09-30,SH601916,0.09923774556750864,EXP_DEnsembleModel_Alpha158_csi300_custom_step0_s_20261001_18,ec6f51d61d9f48828d787190a2bb34d7,0.106,,,
4034,2026-09-30,SH601901,0.028861405513078593,EXP_DEnsembleModel_Alpha158_csi300_custom_step0_s_20261001_18,ec6f51d61d9f48828d787190a2bb34d7,0.106,,,
4035,2026-09-30,SH601899,0.018230862335560576,EXP_DEnsembleModel_Alpha158_csi300_custom_step0_s_20261001_18,ec6f51d61d9f48828d787190a2bb34d7,0.106,,,
4036,2026-09-30,SH601898,0.0498930440340713,EXP_DEnsembleModel_Alpha158_csi300_custom_step0_s_20261001_18,ec6f51d61d9f48828d787190a2bb34d7,0.106,,,
4037,2026-09-30,SH601888,-0.00394667131192975,EXP_DEnsembleModel_Alpha158_csi300_custom_step0_s_20261001_18,ec6f51d61d9f48828d787190a2bb34d7,0.106,,,
4038,2026-09-30,SH601800,0.11658235468292098,EXP_DEnsembleModel_Alpha158_csi300_custom_step0_s_20261001_18,ec6f51d61d9f48828d787190a2bb34d7,0.106,,,
4039,2026-09-30,SH601881,-0.005716273971518524,EXP_DEnsembleModel_Alpha158_csi300_custom_step0_s_20261001_18,ec6f51d61d9f48828d787190a2bb34d7,0.106,,,
4040,2026-09-30,SH601877,0.018585019759341216,EXP_DEnsembleModel_Alpha158_csi300_custom_step0_s_20261001_18,ec6f51d61d9f48828d787190a2bb34d7,0.106,,,
4041,2026-09-30,SH601872,-0.06498046849780091,EXP_DEnsembleModel_Alpha158_csi300_custom_step0_s_20261001_18,ec6f51d61d9f48828d787190a2bb34d7,0.106,,,
4042,2026-09-30,SH601868,0.048726589758864104,EXP_DEnsembleModel_Alpha158_csi300_custom_step0_s_20261001_18,ec6f51d61d9f48828d787190a2bb34d7,0.106,,,
4043,2026-09-30,SH601857,0.02843183092161447,EXP_DEnsembleModel_Alpha158_csi300_custom_step0_s_20261001_18,ec6f51d61d9f48828d787190a2bb34d7,0.106,,,
4044,2026-09-30,SH601838,0.09356481133631578,EXP_DEnsembleModel_Alpha158_csi300_custom_step0_s_20261001_18,ec6f51d61d9f48828d787190a2bb34d7,0.106,,,
4045,2026-09-30,SH601825,0.11148695491634181,EXP_DEnsembleModel_Alpha158_csi300_custom_step0_s_20261001_18,ec6f51d61d9f48828d787190a2bb34d7,0.106,,,
4046,2026-09-30,SH601818,0.12079472521082676,EXP_DEnsembleModel_Alpha158_csi300_custom_step0_s_20261001_18,ec6f51d61d9f48828d787190a2bb34d7,0.106,,,
4047,2026-09-30,SH601878,0.013373766916738788,EXP_DEnsembleModel_Alpha158_csi300_custom_step0_s_20261001_18,ec6f51d61d9f48828d787190a2bb34d7,0.106,,,
4048,2026-09-30,SZ000063,-0.08503234178791824,EXP_DEnsembleModel_Alpha158_csi300_custom_step0_s_20261001_18,ec6f51d61d9f48828d787190a2bb34d7,0.106,,,
4049,2026-09-30,SZ000100,-0.06640087514321699,EXP_DEnsembleModel_Alpha158_csi300_custom_step0_s_20261001_18,ec6f51d61d9f48828d787190a2bb34d7,0.106,,,
4050,2026-09-30,SZ000157,0.01230895792051853,EXP_DEnsembleModel_Alpha158_csi300_custom_step0_s_20261001_18,ec6f51d61d9f48828d787190a2bb34d7,0.106,,,
4051,2026-09-30,SZ002475,-0.03601235187239558,EXP_DEnsembleModel_Alpha158_csi300_custom_step0_s_20261001_18,ec6f51d61d9f48828d787190a2bb34d7,0.106,,,
4052,2026-09-30,SZ002466,-0.07213557498413226,EXP_DEnsembleModel_Alpha158_csi300_custom_step0_s_20261001_18,ec6f51d61d9f48828d787190a2bb34d7,0.106,,,
4053,2026-09-30,SZ002463,-0.07089668852864008,EXP_DEnsembleModel_Alpha158_csi300_custom_step0_s_20261001_18,ec6f51d61d9f48828d787190a2bb34d7,0.106,,,
4054,2026-09-30,SZ002460,-0.05491295318283956,EXP_DEnsembleModel_Alpha158_csi300_custom_step0_s_20261001_18,ec6f51d61d9f48828d787190a2bb34d7,0.106,,,
4055,2026-09-30,SZ002422,-0.008287454798133287,EXP_DEnsembleModel_Alpha158_csi300_custom_step0_s_20261001_18,ec6f51d61d9f48828d787190a2bb34d7,0.106,,,
4056,2026-09-30,SZ002415,0.012922934470810275,EXP_DEnsembleModel_Alpha158_csi300_custom_step0_s_20261001_18,ec6f51d61d9f48828d787190a2bb34d7,0.106,,,
4057,2026-09-30,SZ002384,0.03553874027355618,EXP_DEnsembleModel_Alpha158_csi300_custom_step0_s_20261001_18,ec6f51d61d9f48828d787190a2bb34d7,0.106,,,
4058,2026-09-30,SZ002493,-0.11100119771263685,EXP_DEnsembleModel_Alpha158_csi300_custom_step0_s_20261001_18,ec6f51d61d9f48828d787190a2bb34d7,0.106,,,
4059,2026-09-30,SZ002371,-0.026133815183529762,EXP_DEnsembleModel_Alpha158_csi300_custom_step0_s_20261001_18,ec6f51d61d9f48828d787190a2bb34d7,0.106,,,
4060,2026-09-30,SZ002352,0.0344361637561459,EXP_DEnsembleModel_Alpha158_csi300_custom_step0_s_20261001_18,ec6f51d61d9f48828d787190a2bb34d7,0.106,,,
4061,2026-09-30,SZ002311,0.005727466490847967,EXP_DEnsembleModel_Alpha158_csi300_custom_step0_s_20261001_18,ec6f51d61d9f48828d787190a2bb34d7,0.106,,,
4062,2026-09-30,SZ002304,-0.055993320131158895,EXP_DEnsembleModel_Alpha158_csi300_custom_step0_s_20261001_18,ec6f51d61d9f48828d787190a2bb34d7,0.106,,,
4063,2026-09-30,SZ002241,-0.0867782714451589,EXP_DEnsembleModel_Alpha158_csi300_custom_step0_s_20261001_18,ec6f51d61d9f48828d787190a2bb34d7,0.106,,,
4064,2026-09-30,SZ002236,0.007362220339272159,EXP_DEnsembleModel_Alpha158_csi300_custom_step0_s_20261001_18,ec6f51d61d9f48828d787190a2bb34d7,0.106,,,
4065,2026-09-30,SZ002230,-0.05471184607642228,EXP_DEnsembleModel_Alpha158_csi300_custom_step0_s_20261001_18,ec6f51d61d9f48828d787190a2bb34d7,0.106,,,
4066,2026-09-30,SZ002202,-0.06097637219722412,EXP_DEnsembleModel_Alpha158_csi300_custom_step0_s_20261001_18,ec6f51d61d9f48828d787190a2bb34d7,0.106,,,
4067,2026-09-30,SZ002353,0.04436811552471079,EXP_DEnsembleModel_Alpha158_csi300_custom_step0_s_20261001_18,ec6f51d61d9f48828d787190a2bb34d7,0.106,,,
4068,2026-09-30,SZ002179,-0.08341738504366687,EXP_DEnsembleModel_Alpha158_csi300_custom_step0_s_20261001_18,ec6f51d61d9f48828d787190a2bb34d7,0.106,,,
4069,2026-09-30,SZ002532,-0.0029514572704564535,EXP_DEnsembleModel_Alpha158_csi300_custom_step0_s_20261001_18,ec6f51d61d9f48828d787190a2bb34d7,0.106,,,
4070,2026-09-30,SZ002594,0.01260343332079244,EXP_DEnsembleModel_Alpha158_csi300_custom_step0_s_20261001_18,ec6f51d61d9f48828d787190a2bb34d7,0.106,,,
4071,2026-09-30,SZ300059,-0.027538672580835085,EXP_DEnsembleModel_Alpha158_csi300_custom_step0_s_20261001_18,ec6f51d61d9f48828d787190a2bb34d7,0.106,,,
4072,2026-09-30,SZ300033,-0.06165834989008252,EXP_DEnsembleModel_Alpha158_csi300_custom_step0_s_20261001_18,ec6f51d61d9f48828d787190a2bb34d7,0.106,,,
4073,2026-09-30,SZ300015,-0.04200578754604507,EXP_DEnsembleModel_Alpha158_csi300_custom_step0_s_20261001_18,ec6f51d61d9f48828d787190a2bb34d7,0.106,,,
4074,2026-09-30,SZ300014,-0.04778778979353574,EXP_DEnsembleModel_Alpha158_csi300_custom_step0_s_20261001_18,ec6f51d61d9f48828d787190a2bb34d7,0.106,,,
4075,2026-09-30,SZ003816,0.02537415254896187,EXP_DEnsembleModel_Alpha158_csi300_custom_step0_s_20261001_18,ec6f51d61d9f48828d787190a2bb34d7,0.106,,,
4076,2026-09-30,SZ002938,-0.16355181237230101,EXP_DEnsembleModel_Alpha158_csi300_custom_step0_s_20261001_18,ec6f51d61d9f48828d787190a2bb34d7,0.106,,,
4077,2026-09-30,SZ002920,-0.06530741613390582,EXP_DEnsembleModel_Alpha158_csi300_custom_step0_s_20261001_18,ec6f51d61d9f48828d787190a2bb34d7,0.106,,,
4078,2026-09-30,SZ002558,0.08269586490484697,EXP_DEnsembleModel_Alpha158_csi300_custom_step0_s_20261001_18,ec6f51d61d9f48828d787190a2bb34d7,0.106,,,
4079,2026-09-30,SZ002916,-0.10855662196569489,EXP_DEnsembleModel_Alpha158_csi300_custom_step0_s_20261001_18,ec6f51d61d9f48828d787190a2bb34d7,0.106,,,
4080,2026-09-30,SZ002736,0.05841637216918968,EXP_DEnsembleModel_Alpha158_csi300_custom_step0_s_20261001_18,ec6f51d61d9f48828d787190a2bb34d7,0.106,,,
4081,2026-09-30,SZ002714,-0.025798985221968,EXP_DEnsembleModel_Alpha158_csi300_custom_step0_s_20261001_18,ec6f51d61d9f48828d787190a2bb34d7,0.106,,,
4082,2026-09-30,SZ002709,-0.07242784583037509,EXP_DEnsembleModel_Alpha158_csi300_custom_step0_s_20261001_18,ec6f51d61d9f48828d787190a2bb34d7,0.106,,,
4083,2026-09-30,SZ002648,-0.017711514148428142,EXP_DEnsembleModel_Alpha158_csi300_custom_step0_s_20261001_18,ec6f51d61d9f48828d787190a2bb34d7,0.106,,,
4084,2026-09-30,SZ002625,0.08661486689619101,EXP_DEnsembleModel_Alpha158_csi300_custom_step0_s_20261001_18,ec6f51d61d9f48828d787190a2bb34d7,0.106,,,
4085,2026-09-30,SZ002602,-0.023342233051758306,EXP_DEnsembleModel_Alpha158_csi300_custom_step0_s_20261001_18,ec6f51d61d9f48828d787190a2bb34d7,0.106,,,
4086,2026-09-30,SZ002600,-0.05817970833047001,EXP_DEnsembleModel_Alpha158_csi300_custom_step0_s_20261001_18,ec6f51d61d9f48828d787190a2bb34d7,0.106,,,
4087,2026-09-30,SZ002837,-0.12878965733591435,EXP_DEnsembleModel_Alpha158_csi300_custom_step0_s_20261001_18,ec6f51d61d9f48828d787190a2bb34d7,0.106,,,
4088,2026-09-30,SH601727,0.008458094374326468,EXP_DEnsembleModel_Alpha158_csi300_custom_step0_s_20261001_18,bcfbc80e95d54994845bc976d31d741e,0.061,,,
4089,2026-09-30,SZ002142,0.12679118038302012,EXP_DEnsembleModel_Alpha158_csi300_custom_step0_s_20261001_18,ec6f51d61d9f48828d787190a2bb34d7,0.106,,,
4090,2026-09-30,SZ002050,-0.07702917691032758,EXP_DEnsembleModel_Alpha158_csi300_custom_step0_s_20261001_18,ec6f51d61d9f48828d787190a2bb34d7,0.106,,,
4091,2026-09-30,SZ000725,-0.15785240371973708,EXP_DEnsembleModel_Alpha158_csi300_custom_step0_s_20261001_18,ec6f51d61d9f48828d787190a2bb34d7,0.106,,,
4092,2026-09-30,SZ000708,0.0023378992995474203,EXP_DEnsembleModel_Alpha158_csi300_custom_step0_s_20261001_18,ec6f51d61d9f48828d787190a2bb34d7,0.106,,,
4093,2026-09-30,SZ000657,-0.07668959051422393,EXP_DEnsembleModel_Alpha158_csi300_custom_step0_s_20261001_18,ec6f51d61d9f48828d787190a2bb34d7,0.106,,,
4094,2026-09-30,SZ000651,0.11909252248387277,EXP_DEnsembleModel_Alpha158_csi300_custom_step0_s_20261001_18,ec6f51d61d9f48828d787190a2bb34d7,0.106,,,
4095,2026-09-30,SZ000630,-0.020711369668090972,EXP_DEnsembleModel_Alpha158_csi300_custom_step0_s_20261001_18,ec6f51d61d9f48828d787190a2bb34d7,0.106,,,
4096,2026-09-30,SZ000625,0.028134931483884774,EXP_DEnsembleModel_Alpha158_csi300_custom_step0_s_20261001_18,ec6f51d61d9f48828d787190a2bb34d7,0.106,,,
4097,2026-09-30,SZ000617,-0.02033534804771983,EXP_DEnsembleModel_Alpha158_csi300_custom_step0_s_20261001_18,ec6f51d61d9f48828d787190a2bb34d7,0.106,,,
4098,2026-09-30,SZ000768,-0.02783169713195454,EXP_DEnsembleModel_Alpha158_csi300_custom_step0_s_20261001_18,ec6f51d61d9f48828d787190a2bb34d7,0.106,,,
4099,2026-09-30,SZ000596,0.039292867260954385,EXP_DEnsembleModel_Alpha158_csi300_custom_step0_s_20261001_18,ec6f51d61d9f48828d787190a2bb34d7,0.106,,,
4100,2026-09-30,SZ000538,0.15081060528364448,EXP_DEnsembleModel_Alpha158_csi300_custom_step0_s_20261001_18,ec6f51d61d9f48828d787190a2bb34d7,0.106,,,
4101,2026-09-30,SZ000425,0.0065361232190929005,EXP_DEnsembleModel_Alpha158_csi300_custom_step0_s_20261001_18,ec6f51d61d9f48828d787190a2bb34d7,0.106,,,
4102,2026-09-30,SZ000408,-0.028245098148533408,EXP_DEnsembleModel_Alpha158_csi300_custom_step0_s_20261001_18,ec6f51d61d9f48828d787190a2bb34d7,0.106,,,
4103,2026-09-30,SZ000338,-0.09969528438893725,EXP_DEnsembleModel_Alpha158_csi300_custom_step0_s_20261001_18,ec6f51d61d9f48828d787190a2bb34d7,0.106,,,
4104,2026-09-30,SZ000333,0.0023067955043868283,EXP_DEnsembleModel_Alpha158_csi300_custom_step0_s_20261001_18,ec6f51d61d9f48828d787190a2bb34d7,0.106,,,
4105,2026-09-30,SZ000301,-0.025978202483973124,EXP_DEnsembleModel_Alpha158_csi300_custom_step0_s_20261001_18,ec6f51d61d9f48828d787190a2bb34d7,0.106,,,
4106,2026-09-30,SZ000166,0.06290572033455824,EXP_DEnsembleModel_Alpha158_csi300_custom_step0_s_20261001_18,ec6f51d61d9f48828d787190a2bb34d7,0.106,,,
4107,2026-09-30,SZ000568,-0.0684101210539088,EXP_DEnsembleModel_Alpha158_csi300_custom_step0_s_20261001_18,ec6f51d61d9f48828d787190a2bb34d7,0.106,,,
4108,2026-09-30,SZ002074,0.08650394546012302,EXP_DEnsembleModel_Alpha158_csi300_custom_step0_s_20261001_18,ec6f51d61d9f48828d787190a2bb34d7,0.106,,,
4109,2026-09-30,SZ000776,-0.08108476015569462,EXP_DEnsembleModel_Alpha158_csi300_custom_step0_s_20261001_18,ec6f51d61d9f48828d787190a2bb34d7,0.106,,,
4110,2026-09-30,SZ000807,0.005505616365469612,EXP_DEnsembleModel_Alpha158_csi300_custom_step0_s_20261001_18,ec6f51d61d9f48828d787190a2bb34d7,0.106,,,
4111,2026-09-30,SZ002049,-0.06169944785562082,EXP_DEnsembleModel_Alpha158_csi300_custom_step0_s_20261001_18,ec6f51d61d9f48828d787190a2bb34d7,0.106,,,
4112,2026-09-30,SZ002028,0.1970408776075618,EXP_DEnsembleModel_Alpha158_csi300_custom_step0_s_20261001_18,ec6f51d61d9f48828d787190a2bb34d7,0.106,,,
4113,2026-09-30,SZ002027,0.027584481270129073,EXP_DEnsembleModel_Alpha158_csi300_custom_step0_s_20261001_18,ec6f51d61d9f48828d787190a2bb34d7,0.106,,,
4114,2026-09-30,SZ002001,0.0632310427744513,EXP_DEnsembleModel_Alpha158_csi300_custom_step0_s_20261001_18,ec6f51d61d9f48828d787190a2bb34d7,0.106,,,
4115,2026-09-30,SZ001979,0.07492522947997873,EXP_DEnsembleModel_Alpha158_csi300_custom_step0_s_20261001_18,ec6f51d61d9f48828d787190a2bb34d7,0.106,,,
4116,2026-09-30,SZ001965,0.08037771253836981,EXP_DEnsembleModel_Alpha158_csi300_custom_step0_s_20261001_18,ec6f51d61d9f48828d787190a2bb34d7,0.106,,,
4117,2026-09-30,SZ001391,0.05733303254941908,EXP_DEnsembleModel_Alpha158_csi300_custom_step0_s_20261001_18,ec6f51d61d9f48828d787190a2bb34d7,0.106,,,
4118,2026-09-30,SZ000792,-0.0629187909650788,EXP_DEnsembleModel_Alpha158_csi300_custom_step0_s_20261001_18,ec6f51d61d9f48828d787190a2bb34d7,0.106,,,
4119,2026-09-30,SZ001280,-0.08942146372886921,EXP_DEnsembleModel_Alpha158_csi300_custom_step0_s_20261001_18,ec6f51d61d9f48828d787190a2bb34d7,0.106,,,
4120,2026-09-30,SZ000988,-0.03419836798680597,EXP_DEnsembleModel_Alpha158_csi300_custom_step0_s_20261001_18,ec6f51d61d9f48828d787190a2bb34d7,0.106,,,
4121,2026-09-30,SZ000977,-0.03221057078923485,EXP_DEnsembleModel_Alpha158_csi300_custom_step0_s_20261001_18,ec6f51d61d9f48828d787190a2bb34d7,0.106,,,
4122,2026-09-30,SZ000975,0.019749099727118673,EXP_DEnsembleModel_Alpha158_csi300_custom_step0_s_20261001_18,ec6f51d61d9f48828d787190a2bb34d7,0.106,,,
4123,2026-09-30,SZ000963,0.07687287050526477,EXP_DEnsembleModel_Alpha158_csi300_custom_step0_s_20261001_18,ec6f51d61d9f48828d787190a2bb34d7,0.106,,,
4124,2026-09-30,SZ000938,-0.0742490017156397,EXP_DEnsembleModel_Alpha158_csi300_custom_step0_s_20261001_18,ec6f51d61d9f48828d787190a2bb34d7,0.106,,,
4125,2026-09-30,SZ000895,0.07043548947052664,EXP_DEnsembleModel_Alpha158_csi300_custom_step0_s_20261001_18,ec6f51d61d9f48828d787190a2bb34d7,0.106,,,
4126,2026-09-30,SZ000858,-0.005482661499531299,EXP_DEnsembleModel_Alpha158_csi300_custom_step0_s_20261001_18,ec6f51d61d9f48828d787190a2bb34d7,0.106,,,
4127,2026-09-30,SZ000999,0.03722175158880749,EXP_DEnsembleModel_Alpha158_csi300_custom_step0_s_20261001_18,ec6f51d61d9f48828d787190a2bb34d7,0.106,,,
4128,2026-09-30,SH601728,0.12191891492178177,EXP_DEnsembleModel_Alpha158_csi300_custom_step0_s_20261001_18,bcfbc80e95d54994845bc976d31d741e,0.061,,,
4129,2026-09-30,SH601766,0.09309899837304067,EXP_DEnsembleModel_Alpha158_csi300_custom_step0_s_20261001_18,bcfbc80e95d54994845bc976d31d741e,0.061,,,
4130,2026-09-30,SH601788,-0.0019260710139112167,EXP_DEnsembleModel_Alpha158_csi300_custom_step0_s_20261001_18,bcfbc80e95d54994845bc976d31d741e,0.061,,,
4131,2026-09-30,SH600438,-0.07138825594927928,EXP_DEnsembleModel_Alpha158_csi300_custom_step0_s_20261001_18,86a715a9d70d477ab3f17c9d51121c5f,0.01,,,
4132,2026-09-30,SH600436,0.035084913712486114,EXP_DEnsembleModel_Alpha158_csi300_custom_step0_s_20261001_18,86a715a9d70d477ab3f17c9d51121c5f,0.01,,,
4133,2026-09-30,SH600426,-0.007990761693588519,EXP_DEnsembleModel_Alpha158_csi300_custom_step0_s_20261001_18,86a715a9d70d477ab3f17c9d51121c5f,0.01,,,
4134,2026-09-30,SH600415,-0.018790398536042474,EXP_DEnsembleModel_Alpha158_csi300_custom_step0_s_20261001_18,86a715a9d70d477ab3f17c9d51121c5f,0.01,,,
4135,2026-09-30,SH600406,0.053733710987877305,EXP_DEnsembleModel_Alpha158_csi300_custom_step0_s_20261001_18,86a715a9d70d477ab3f17c9d51121c5f,0.01,,,
4136,2026-09-30,SH600372,0.07736407494867283,EXP_DEnsembleModel_Alpha158_csi300_custom_step0_s_20261001_18,86a715a9d70d477ab3f17c9d51121c5f,0.01,,,
4137,2026-09-30,SH600362,0.019266032807964944,EXP_DEnsembleModel_Alpha158_csi300_custom_step0_s_20261001_18,86a715a9d70d477ab3f17c9d51121c5f,0.01,,,
4138,2026-09-30,SH600346,0.14758066785334278,EXP_DEnsembleModel_Alpha158_csi300_custom_step0_s_20261001_18,86a715a9d70d477ab3f17c9d51121c5f,0.01,,,
4139,2026-09-30,SH600309,0.024561594654351256,EXP_DEnsembleModel_Alpha158_csi300_custom_step0_s_20261001_18,86a715a9d70d477ab3f17c9d51121c5f,0.01,,,
4140,2026-09-30,SH600276,-0.07425009599360131,EXP_DEnsembleModel_Alpha158_csi300_custom_step0_s_20261001_18,86a715a9d70d477ab3f17c9d51121c5f,0.01,,,
4141,2026-09-30,SH600233,-0.055568172305911455,EXP_DEnsembleModel_Alpha158_csi300_custom_step0_s_20261001_18,86a715a9d70d477ab3f17c9d51121c5f,0.01,,,
4142,2026-09-30,SH600221,0.039584158773661414,EXP_DEnsembleModel_Alpha158_csi300_custom_step0_s_20261001_18,86a715a9d70d477ab3f17c9d51121c5f,0.01,,,
4143,2026-09-30,SH600219,0.03701926715371446,EXP_DEnsembleModel_Alpha158_csi300_custom_step0_s_20261001_18,86a715a9d70d477ab3f17c9d51121c5f,0.01,,,
4144,2026-09-30,SH600196,-0.03666106248506956,EXP_DEnsembleModel_Alpha158_csi300_custom_step0_s_20261001_18,86a715a9d70d477ab3f17c9d51121c5f,0.01,,,
4145,2026-09-30,SH600188,0.05083768875114932,EXP_DEnsembleModel_Alpha158_csi300_custom_step0_s_20261001_18,86a715a9d70d477ab3f17c9d51121c5f,0.01,,,
4146,2026-09-30,SH600460,-0.004106624058008834,EXP_DEnsembleModel_Alpha158_csi300_custom_step0_s_20261001_18,86a715a9d70d477ab3f17c9d51121c5f,0.01,,,
4147,2026-09-30,SH600482,0.06278923902624339,EXP_DEnsembleModel_Alpha158_csi300_custom_step0_s_20261001_18,86a715a9d70d477ab3f17c9d51121c5f,0.01,,,
4148,2026-09-30,SH600489,0.10320547411311654,EXP_DEnsembleModel_Alpha158_csi300_custom_step0_s_20261001_18,86a715a9d70d477ab3f17c9d51121c5f,0.01,,,
4149,2026-09-30,SH600515,0.05787150826527798,EXP_DEnsembleModel_Alpha158_csi300_custom_step0_s_20261001_18,86a715a9d70d477ab3f17c9d51121c5f,0.01,,,
4150,2026-09-30,SH600803,0.11418128721790975,EXP_DEnsembleModel_Alpha158_csi300_custom_step0_s_20261001_18,86a715a9d70d477ab3f17c9d51121c5f,0.01,,,
4151,2026-09-30,SH600795,0.08799803309140104,EXP_DEnsembleModel_Alpha158_csi300_custom_step0_s_20261001_18,86a715a9d70d477ab3f17c9d51121c5f,0.01,,,
4152,2026-09-30,SH600760,0.01885600598185062,EXP_DEnsembleModel_Alpha158_csi300_custom_step0_s_20261001_18,86a715a9d70d477ab3f17c9d51121c5f,0.01,,,
4153,2026-09-30,SH600741,0.08885444163824274,EXP_DEnsembleModel_Alpha158_csi300_custom_step0_s_20261001_18,86a715a9d70d477ab3f17c9d51121c5f,0.01,,,
4154,2026-09-30,SH600690,0.09830005326687606,EXP_DEnsembleModel_Alpha158_csi300_custom_step0_s_20261001_18,86a715a9d70d477ab3f17c9d51121c5f,0.01,,,
4155,2026-09-30,SH600674,0.07769986699740473,EXP_DEnsembleModel_Alpha158_csi300_custom_step0_s_20261001_18,86a715a9d70d477ab3f17c9d51121c5f,0.01,,,
4156,2026-09-30,SH600660,0.011668789219590772,EXP_DEnsembleModel_Alpha158_csi300_custom_step0_s_20261001_18,86a715a9d70d477ab3f17c9d51121c5f,0.01,,,
4157,2026-09-30,SH600183,-0.053132082925000976,EXP_DEnsembleModel_Alpha158_csi300_custom_step0_s_20261001_18,86a715a9d70d477ab3f17c9d51121c5f,0.01,,,
4158,2026-09-30,SH600600,0.015708444292238666,EXP_DEnsembleModel_Alpha158_csi300_custom_step0_s_20261001_18,86a715a9d70d477ab3f17c9d51121c5f,0.01,,,
4159,2026-09-30,SH600585,0.00886524312040333,EXP_DEnsembleModel_Alpha158_csi300_custom_step0_s_20261001_18,86a715a9d70d477ab3f17c9d51121c5f,0.01,,,
4160,2026-09-30,SH600584,-0.0756401026410544,EXP_DEnsembleModel_Alpha158_csi300_custom_step0_s_20261001_18,86a715a9d70d477ab3f17c9d51121c5f,0.01,,,
4161,2026-09-30,SH600570,-0.06803666950070954,EXP_DEnsembleModel_Alpha158_csi300_custom_step0_s_20261001_18,86a715a9d70d477ab3f17c9d51121c5f,0.01,,,
4162,2026-09-30,SH600549,-0.008921837547581572,EXP_DEnsembleModel_Alpha158_csi300_custom_step0_s_20261001_18,86a715a9d70d477ab3f17c9d51121c5f,0.01,,,
4163,2026-09-30,SH600547,0.1940681187180341,EXP_DEnsembleModel_Alpha158_csi300_custom_step0_s_20261001_18,86a715a9d70d477ab3f17c9d51121c5f,0.01,,,
4164,2026-09-30,SH600522,-0.0523240171964054,EXP_DEnsembleModel_Alpha158_csi300_custom_step0_s_20261001_18,86a715a9d70d477ab3f17c9d51121c5f,0.01,,,
4165,2026-09-30,SH600519,0.012905308350553745,EXP_DEnsembleModel_Alpha158_csi300_custom_step0_s_20261001_18,86a715a9d70d477ab3f17c9d51121c5f,0.01,,,
4166,2026-09-30,SH600588,-0.06873173966118334,EXP_DEnsembleModel_Alpha158_csi300_custom_step0_s_20261001_18,86a715a9d70d477ab3f17c9d51121c5f,0.01,,,
4167,2026-09-30,SH600176,0.042814404996892534,EXP_DEnsembleModel_Alpha158_csi300_custom_step0_s_20261001_18,86a715a9d70d477ab3f17c9d51121c5f,0.01,,,
4168,2026-09-30,SH600160,0.044513108632424046,EXP_DEnsembleModel_Alpha158_csi300_custom_step0_s_20261001_18,86a715a9d70d477ab3f17c9d51121c5f,0.01,,,
4169,2026-09-30,SH600150,0.010986661593779954,EXP_DEnsembleModel_Alpha158_csi300_custom_step0_s_20261001_18,86a715a9d70d477ab3f17c9d51121c5f,0.01,,,
4170,2026-09-30,SH600019,0.17544166311230877,EXP_DEnsembleModel_Alpha158_csi300_custom_step0_s_20261001_18,86a715a9d70d477ab3f17c9d51121c5f,0.01,,,
4171,2026-09-30,SH600018,0.0625911744835099,EXP_DEnsembleModel_Alpha158_csi300_custom_step0_s_20261001_18,86a715a9d70d477ab3f17c9d51121c5f,0.01,,,
4172,2026-09-30,SH600016,0.12510359636666843,EXP_DEnsembleModel_Alpha158_csi300_custom_step0_s_20261001_18,86a715a9d70d477ab3f17c9d51121c5f,0.01,,,
4173,2026-09-30,SH600015,0.04602926488552305,EXP_DEnsembleModel_Alpha158_csi300_custom_step0_s_20261001_18,86a715a9d70d477ab3f17c9d51121c5f,0.01,,,
4174,2026-09-30,SH600011,0.09886799726157411,EXP_DEnsembleModel_Alpha158_csi300_custom_step0_s_20261001_18,86a715a9d70d477ab3f17c9d51121c5f,0.01,,,
4175,2026-09-30,SH600010,0.016290344389810762,EXP_DEnsembleModel_Alpha158_csi300_custom_step0_s_20261001_18,86a715a9d70d477ab3f17c9d51121c5f,0.01,,,
4176,2026-09-30,SH600009,0.02427472420917475,EXP_DEnsembleModel_Alpha158_csi300_custom_step0_s_20261001_18,86a715a9d70d477ab3f17c9d51121c5f,0.01,,,
4177,2026-09-30,SH600023,0.12579076928889746,EXP_DEnsembleModel_Alpha158_csi300_custom_step0_s_20261001_18,86a715a9d70d477ab3f17c9d51121c5f,0.01,,,
4178,2026-09-30,SH600000,0.03482876760251891,EXP_DEnsembleModel_Alpha158_csi300_custom_step0_s_20261001_18,86a715a9d70d477ab3f17c9d51121c5f,0.01,,,
4179,2026-09-30,SZ301308,-0.11562123217575764,EXP_DEnsembleModel_Alpha158_csi300_custom_step0_s_20261001_18,bcfbc80e95d54994845bc976d31d741e,0.061,,,
4180,2026-09-30,SZ301269,-0.0813590120853693,EXP_DEnsembleModel_Alpha158_csi300_custom_step0_s_20261001_18,bcfbc80e95d54994845bc976d31d741e,0.061,,,
4181,2026-09-30,SZ301236,-0.06974871747161965,EXP_DEnsembleModel_Alpha158_csi300_custom_step0_s_20261001_18,bcfbc80e95d54994845bc976d31d741e,0.061,,,
4182,2026-09-30,SZ301165,-0.0765083450108083,EXP_DEnsembleModel_Alpha158_csi300_custom_step0_s_20261001_18,bcfbc80e95d54994845bc976d31d741e,0.061,,,
4183,2026-09-30,SZ300999,-0.08678159189107806,EXP_DEnsembleModel_Alpha158_csi300_custom_step0_s_20261001_18,bcfbc80e95d54994845bc976d31d741e,0.061,,,
4184,2026-09-30,SZ300896,0.03753344455934717,EXP_DEnsembleModel_Alpha158_csi300_custom_step0_s_20261001_18,bcfbc80e95d54994845bc976d31d741e,0.061,,,
4185,2026-09-30,SZ300866,-0.016946714639173816,EXP_DEnsembleModel_Alpha158_csi300_custom_step0_s_20261001_18,bcfbc80e95d54994845bc976d31d741e,0.061,,,
4186,2026-09-30,SZ302132,-0.013191682753653084,EXP_DEnsembleModel_Alpha158_csi300_custom_step0_s_20261001_18,bcfbc80e95d54994845bc976d31d741e,0.061,,,
4187,2026-09-30,SH600809,-0.0699601438215241,EXP_DEnsembleModel_Alpha158_csi300_custom_step0_s_20261001_18,86a715a9d70d477ab3f17c9d51121c5f,0.01,,,
4188,2026-09-30,SH600025,0.11843744640317248,EXP_DEnsembleModel_Alpha158_csi300_custom_step0_s_20261001_18,86a715a9d70d477ab3f17c9d51121c5f,0.01,,,
4189,2026-09-30,SH600027,0.13626671386540606,EXP_DEnsembleModel_Alpha158_csi300_custom_step0_s_20261001_18,86a715a9d70d477ab3f17c9d51121c5f,0.01,,,
4190,2026-09-30,SH600118,-0.0764437910289098,EXP_DEnsembleModel_Alpha158_csi300_custom_step0_s_20261001_18,86a715a9d70d477ab3f17c9d51121c5f,0.01,,,
4191,2026-09-30,SH600115,0.02031685519082416,EXP_DEnsembleModel_Alpha158_csi300_custom_step0_s_20261001_18,86a715a9d70d477ab3f17c9d51121c5f,0.01,,,
4192,2026-09-30,SH600111,-0.09074492461060903,EXP_DEnsembleModel_Alpha158_csi300_custom_step0_s_20261001_18,86a715a9d70d477ab3f17c9d51121c5f,0.01,,,
4193,2026-09-30,SH600104,-0.04840301027422721,EXP_DEnsembleModel_Alpha158_csi300_custom_step0_s_20261001_18,86a715a9d70d477ab3f17c9d51121c5f,0.01,,,
4194,2026-09-30,SH600089,-0.022283906312711054,EXP_DEnsembleModel_Alpha158_csi300_custom_step0_s_20261001_18,86a715a9d70d477ab3f17c9d51121c5f,0.01,,,
4195,2026-09-30,SH600085,0.04740084942098105,EXP_DEnsembleModel_Alpha158_csi300_custom_step0_s_20261001_18,86a715a9d70d477ab3f17c9d51121c5f,0.01,,,
4196,2026-09-30,SH600066,-0.04192876622457499,EXP_DEnsembleModel_Alpha158_csi300_custom_step0_s_20261001_18,86a715a9d70d477ab3f17c9d51121c5f,0.01,,,
4197,2026-09-30,SH600026,-0.0017279188628403453,EXP_DEnsembleModel_Alpha158_csi300_custom_step0_s_20261001_18,86a715a9d70d477ab3f17c9d51121c5f,0.01,,,
4198,2026-09-30,SH600061,0.061774081948671046,EXP_DEnsembleModel_Alpha158_csi300_custom_step0_s_20261001_18,86a715a9d70d477ab3f17c9d51121c5f,0.01,,,
4199,2026-09-30,SH600048,-0.02467829126765675,EXP_DEnsembleModel_Alpha158_csi300_custom_step0_s_20261001_18,86a715a9d70d477ab3f17c9d51121c5f,0.01,,,
4200,2026-09-30,SH600039,0.021316734827422277,EXP_DEnsembleModel_Alpha158_csi300_custom_step0_s_20261001_18,86a715a9d70d477ab3f17c9d51121c5f,0.01,,,
4201,2026-09-30,SH600036,0.1263986419068517,EXP_DEnsembleModel_Alpha158_csi300_custom_step0_s_20261001_18,86a715a9d70d477ab3f17c9d51121c5f,0.01,,,
4202,2026-09-30,SH600031,-0.06506730104404078,EXP_DEnsembleModel_Alpha158_csi300_custom_step0_s_20261001_18,86a715a9d70d477ab3f17c9d51121c5f,0.01,,,
4203,2026-09-30,SH600030,-0.02845689025561977,EXP_DEnsembleModel_Alpha158_csi300_custom_step0_s_20261001_18,86a715a9d70d477ab3f17c9d51121c5f,0.01,,,
4204,2026-09-30,SH600029,0.027070808435029764,EXP_DEnsembleModel_Alpha158_csi300_custom_step0_s_20261001_18,86a715a9d70d477ab3f17c9d51121c5f,0.01,,,
4205,2026-09-30,SH600028,-0.02855657185304368,EXP_DEnsembleModel_Alpha158_csi300_custom_step0_s_20261001_18,86a715a9d70d477ab3f17c9d51121c5f,0.01,,,
4206,2026-09-30,SH600050,0.09483604522209951,EXP_DEnsembleModel_Alpha158_csi300_custom_step0_s_20261001_18,86a715a9d70d477ab3f17c9d51121c5f,0.01,,,
4207,2026-09-30,SH600845,-0.07927438199108197,EXP_DEnsembleModel_Alpha158_csi300_custom_step0_s_20261001_18,86a715a9d70d477ab3f17c9d51121c5f,0.01,,,
4208,2026-09-30,SH600875,-0.06813804782919933,EXP_DEnsembleModel_Alpha158_csi300_custom_step0_s_20261001_18,86a715a9d70d477ab3f17c9d51121c5f,0.01,,,
4209,2026-09-30,SH600886,0.04713377722119219,EXP_DEnsembleModel_Alpha158_csi300_custom_step0_s_20261001_18,86a715a9d70d477ab3f17c9d51121c5f,0.01,,,
4210,2026-09-30,SH601689,-0.14295536586374225,EXP_DEnsembleModel_Alpha158_csi300_custom_step0_s_20261001_18,86a715a9d70d477ab3f17c9d51121c5f,0.01,,,
4211,2026-09-30,SH601688,-0.03758714825531606,EXP_DEnsembleModel_Alpha158_csi300_custom_step0_s_20261001_18,86a715a9d70d477ab3f17c9d51121c5f,0.01,,,
4212,2026-09-30,SH601669,-0.0041955379282694275,EXP_DEnsembleModel_Alpha158_csi300_custom_step0_s_20261001_18,86a715a9d70d477ab3f17c9d51121c5f,0.01,,,
4213,2026-09-30,SH601668,0.06284874743039574,EXP_DEnsembleModel_Alpha158_csi300_custom_step0_s_20261001_18,86a715a9d70d477ab3f17c9d51121c5f,0.01,,,
4214,2026-09-30,SH601658,0.09123762040888435,EXP_DEnsembleModel_Alpha158_csi300_custom_step0_s_20261001_18,86a715a9d70d477ab3f17c9d51121c5f,0.01,,,
4215,2026-09-30,SH601633,-0.017140751879163488,EXP_DEnsembleModel_Alpha158_csi300_custom_step0_s_20261001_18,86a715a9d70d477ab3f17c9d51121c5f,0.01,,,
4216,2026-09-30,SH601628,-0.04236000123924508,EXP_DEnsembleModel_Alpha158_csi300_custom_step0_s_20261001_18,86a715a9d70d477ab3f17c9d51121c5f,0.01,,,
4217,2026-09-30,SH601698,-0.06181474618627071,EXP_DEnsembleModel_Alpha158_csi300_custom_step0_s_20261001_18,86a715a9d70d477ab3f17c9d51121c5f,0.01,,,
4218,2026-09-30,SH601618,0.049332182525673896,EXP_DEnsembleModel_Alpha158_csi300_custom_step0_s_20261001_18,86a715a9d70d477ab3f17c9d51121c5f,0.01,,,
4219,2026-09-30,SH601601,-0.002023592086233048,EXP_DEnsembleModel_Alpha158_csi300_custom_step0_s_20261001_18,86a715a9d70d477ab3f17c9d51121c5f,0.01,,,
4220,2026-09-30,SH601600,0.011599219111503748,EXP_DEnsembleModel_Alpha158_csi300_custom_step0_s_20261001_18,86a715a9d70d477ab3f17c9d51121c5f,0.01,,,
4221,2026-09-30,SH601456,-0.0025224222935939745,EXP_DEnsembleModel_Alpha158_csi300_custom_step0_s_20261001_18,86a715a9d70d477ab3f17c9d51121c5f,0.01,,,
4222,2026-09-30,SH601398,0.12050613457992675,EXP_DEnsembleModel_Alpha158_csi300_custom_step0_s_20261001_18,86a715a9d70d477ab3f17c9d51121c5f,0.01,,,
4223,2026-09-30,SH601390,0.04822783107338119,EXP_DEnsembleModel_Alpha158_csi300_custom_step0_s_20261001_18,86a715a9d70d477ab3f17c9d51121c5f,0.01,,,
4224,2026-09-30,SH601377,-0.014504684639272047,EXP_DEnsembleModel_Alpha158_csi300_custom_step0_s_20261001_18,86a715a9d70d477ab3f17c9d51121c5f,0.01,,,
4225,2026-09-30,SH601360,-0.021889752008514264,EXP_DEnsembleModel_Alpha158_csi300_custom_step0_s_20261001_18,86a715a9d70d477ab3f17c9d51121c5f,0.01,,,
4226,2026-09-30,SH601607,0.08890002199135831,EXP_DEnsembleModel_Alpha158_csi300_custom_step0_s_20261001_18,86a715a9d70d477ab3f17c9d51121c5f,0.01,,,
4227,2026-09-30,SH601336,-0.07534298861241272,EXP_DEnsembleModel_Alpha158_csi300_custom_step0_s_20261001_18,86a715a9d70d477ab3f17c9d51121c5f,0.01,,,
4228,2026-09-30,SH601727,-0.022474888311249833,EXP_DEnsembleModel_Alpha158_csi300_custom_step0_s_20261001_18,86a715a9d70d477ab3f17c9d51121c5f,0.01,,,
4229,2026-09-30,SH601766,0.07644228159040418,EXP_DEnsembleModel_Alpha158_csi300_custom_step0_s_20261001_18,86a715a9d70d477ab3f17c9d51121c5f,0.01,,,
4230,2026-09-30,SH601901,0.027530250661948953,EXP_DEnsembleModel_Alpha158_csi300_custom_step0_s_20261001_18,86a715a9d70d477ab3f17c9d51121c5f,0.01,,,
4231,2026-09-30,SH601899,0.04448151007294644,EXP_DEnsembleModel_Alpha158_csi300_custom_step0_s_20261001_18,86a715a9d70d477ab3f17c9d51121c5f,0.01,,,
4232,2026-09-30,SH601898,0.0705569729845752,EXP_DEnsembleModel_Alpha158_csi300_custom_step0_s_20261001_18,86a715a9d70d477ab3f17c9d51121c5f,0.01,,,
4233,2026-09-30,SH601888,0.023870253013240892,EXP_DEnsembleModel_Alpha158_csi300_custom_step0_s_20261001_18,86a715a9d70d477ab3f17c9d51121c5f,0.01,,,
4234,2026-09-30,SH601881,-0.021501234773659415,EXP_DEnsembleModel_Alpha158_csi300_custom_step0_s_20261001_18,86a715a9d70d477ab3f17c9d51121c5f,0.01,,,
4235,2026-09-30,SH601878,0.010219223381237416,EXP_DEnsembleModel_Alpha158_csi300_custom_step0_s_20261001_18,86a715a9d70d477ab3f17c9d51121c5f,0.01,,,
4236,2026-09-30,SH601877,0.06439946545047276,EXP_DEnsembleModel_Alpha158_csi300_custom_step0_s_20261001_18,86a715a9d70d477ab3f17c9d51121c5f,0.01,,,
4237,2026-09-30,SH601728,0.05058939934830243,EXP_DEnsembleModel_Alpha158_csi300_custom_step0_s_20261001_18,86a715a9d70d477ab3f17c9d51121c5f,0.01,,,
4238,2026-09-30,SH601872,0.03460893093748503,EXP_DEnsembleModel_Alpha158_csi300_custom_step0_s_20261001_18,86a715a9d70d477ab3f17c9d51121c5f,0.01,,,
4239,2026-09-30,SH601857,0.031547001767306536,EXP_DEnsembleModel_Alpha158_csi300_custom_step0_s_20261001_18,86a715a9d70d477ab3f17c9d51121c5f,0.01,,,
4240,2026-09-30,SH601838,0.16095552508240035,EXP_DEnsembleModel_Alpha158_csi300_custom_step0_s_20261001_18,86a715a9d70d477ab3f17c9d51121c5f,0.01,,,
4241,2026-09-30,SH601825,0.14648030015749025,EXP_DEnsembleModel_Alpha158_csi300_custom_step0_s_20261001_18,86a715a9d70d477ab3f17c9d51121c5f,0.01,,,
4242,2026-09-30,SH601818,0.126109253007635,EXP_DEnsembleModel_Alpha158_csi300_custom_step0_s_20261001_18,86a715a9d70d477ab3f17c9d51121c5f,0.01,,,
4243,2026-09-30,SH601816,0.07416681867498036,EXP_DEnsembleModel_Alpha158_csi300_custom_step0_s_20261001_18,86a715a9d70d477ab3f17c9d51121c5f,0.01,,,
4244,2026-09-30,SH601800,0.09109154144779001,EXP_DEnsembleModel_Alpha158_csi300_custom_step0_s_20261001_18,86a715a9d70d477ab3f17c9d51121c5f,0.01,,,
4245,2026-09-30,SH601788,-0.02736143652219705,EXP_DEnsembleModel_Alpha158_csi300_custom_step0_s_20261001_18,86a715a9d70d477ab3f17c9d51121c5f,0.01,,,
4246,2026-09-30,SH601868,0.0379569812695699,EXP_DEnsembleModel_Alpha158_csi300_custom_step0_s_20261001_18,86a715a9d70d477ab3f17c9d51121c5f,0.01,,,
4247,2026-09-30,SZ300832,-0.059511254683842336,EXP_DEnsembleModel_Alpha158_csi300_custom_step0_s_20261001_18,bcfbc80e95d54994845bc976d31d741e,0.061,,,
4248,2026-09-30,SH601328,0.18564981241264505,EXP_DEnsembleModel_Alpha158_csi300_custom_step0_s_20261001_18,86a715a9d70d477ab3f17c9d51121c5f,0.01,,,
4249,2026-09-30,SH601318,0.05319021663378096,EXP_DEnsembleModel_Alpha158_csi300_custom_step0_s_20261001_18,86a715a9d70d477ab3f17c9d51121c5f,0.01,,,
4250,2026-09-30,SH601012,-0.0714993279592557,EXP_DEnsembleModel_Alpha158_csi300_custom_step0_s_20261001_18,86a715a9d70d477ab3f17c9d51121c5f,0.01,,,
4251,2026-09-30,SH601009,0.12737424851854443,EXP_DEnsembleModel_Alpha158_csi300_custom_step0_s_20261001_18,86a715a9d70d477ab3f17c9d51121c5f,0.01,,,
4252,2026-09-30,SH601006,0.11771796760459825,EXP_DEnsembleModel_Alpha158_csi300_custom_step0_s_20261001_18,86a715a9d70d477ab3f17c9d51121c5f,0.01,,,
4253,2026-09-30,SH600999,-0.046521431299204274,EXP_DEnsembleModel_Alpha158_csi300_custom_step0_s_20261001_18,86a715a9d70d477ab3f17c9d51121c5f,0.01,,,
4254,2026-09-30,SH600989,0.026229169469484937,EXP_DEnsembleModel_Alpha158_csi300_custom_step0_s_20261001_18,86a715a9d70d477ab3f17c9d51121c5f,0.01,,,
4255,2026-09-30,SH600958,0.006892163234866008,EXP_DEnsembleModel_Alpha158_csi300_custom_step0_s_20261001_18,86a715a9d70d477ab3f17c9d51121c5f,0.01,,,
4256,2026-09-30,SH600941,0.10126975413739145,EXP_DEnsembleModel_Alpha158_csi300_custom_step0_s_20261001_18,86a715a9d70d477ab3f17c9d51121c5f,0.01,,,
4257,2026-09-30,SH601018,0.18010502679034007,EXP_DEnsembleModel_Alpha158_csi300_custom_step0_s_20261001_18,86a715a9d70d477ab3f17c9d51121c5f,0.01,,,
4258,2026-09-30,SH600938,0.073287350436252,EXP_DEnsembleModel_Alpha158_csi300_custom_step0_s_20261001_18,86a715a9d70d477ab3f17c9d51121c5f,0.01,,,
4259,2026-09-30,SH600926,0.10108369802014795,EXP_DEnsembleModel_Alpha158_csi300_custom_step0_s_20261001_18,86a715a9d70d477ab3f17c9d51121c5f,0.01,,,
4260,2026-09-30,SH600919,0.11481027245633788,EXP_DEnsembleModel_Alpha158_csi300_custom_step0_s_20261001_18,86a715a9d70d477ab3f17c9d51121c5f,0.01,,,
4261,2026-09-30,SH600918,0.052396629789320026,EXP_DEnsembleModel_Alpha158_csi300_custom_step0_s_20261001_18,86a715a9d70d477ab3f17c9d51121c5f,0.01,,,
4262,2026-09-30,SH600905,-0.0365054883492084,EXP_DEnsembleModel_Alpha158_csi300_custom_step0_s_20261001_18,86a715a9d70d477ab3f17c9d51121c5f,0.01,,,
4263,2026-09-30,SH600900,0.08035465377589607,EXP_DEnsembleModel_Alpha158_csi300_custom_step0_s_20261001_18,86a715a9d70d477ab3f17c9d51121c5f,0.01,,,
4264,2026-09-30,SH600893,0.004322163264720337,EXP_DEnsembleModel_Alpha158_csi300_custom_step0_s_20261001_18,86a715a9d70d477ab3f17c9d51121c5f,0.01,,,
4265,2026-09-30,SH600887,0.13864070787950278,EXP_DEnsembleModel_Alpha158_csi300_custom_step0_s_20261001_18,86a715a9d70d477ab3f17c9d51121c5f,0.01,,,
4266,2026-09-30,SH600930,0.003535491500243953,EXP_DEnsembleModel_Alpha158_csi300_custom_step0_s_20261001_18,86a715a9d70d477ab3f17c9d51121c5f,0.01,,,
4267,2026-09-30,SH601319,0.01686304094826732,EXP_DEnsembleModel_Alpha158_csi300_custom_step0_s_20261001_18,86a715a9d70d477ab3f17c9d51121c5f,0.01,,,
4268,2026-09-30,SH601021,-0.0634128087990333,EXP_DEnsembleModel_Alpha158_csi300_custom_step0_s_20261001_18,86a715a9d70d477ab3f17c9d51121c5f,0.01,,,
4269,2026-09-30,SH601066,-0.08604737804132113,EXP_DEnsembleModel_Alpha158_csi300_custom_step0_s_20261001_18,86a715a9d70d477ab3f17c9d51121c5f,0.01,,,
4270,2026-09-30,SH601288,0.08298762063453013,EXP_DEnsembleModel_Alpha158_csi300_custom_step0_s_20261001_18,86a715a9d70d477ab3f17c9d51121c5f,0.01,,,
4271,2026-09-30,SH601238,0.027847937119167027,EXP_DEnsembleModel_Alpha158_csi300_custom_step0_s_20261001_18,86a715a9d70d477ab3f17c9d51121c5f,0.01,,,
4272,2026-09-30,SH601229,0.147705042873845,EXP_DEnsembleModel_Alpha158_csi300_custom_step0_s_20261001_18,86a715a9d70d477ab3f17c9d51121c5f,0.01,,,
4273,2026-09-30,SH601225,0.035199729203391324,EXP_DEnsembleModel_Alpha158_csi300_custom_step0_s_20261001_18,86a715a9d70d477ab3f17c9d51121c5f,0.01,,,
4274,2026-09-30,SH601211,-0.01551543206676431,EXP_DEnsembleModel_Alpha158_csi300_custom_step0_s_20261001_18,86a715a9d70d477ab3f17c9d51121c5f,0.01,,,
4275,2026-09-30,SH601186,0.04865631986224761,EXP_DEnsembleModel_Alpha158_csi300_custom_step0_s_20261001_18,86a715a9d70d477ab3f17c9d51121c5f,0.01,,,
4276,2026-09-30,SH601169,0.0761909452735659,EXP_DEnsembleModel_Alpha158_csi300_custom_step0_s_20261001_18,86a715a9d70d477ab3f17c9d51121c5f,0.01,,,
4277,2026-09-30,SH601058,0.023434107297906473,EXP_DEnsembleModel_Alpha158_csi300_custom_step0_s_20261001_18,86a715a9d70d477ab3f17c9d51121c5f,0.01,,,
4278,2026-09-30,SH601166,0.12396250350204568,EXP_DEnsembleModel_Alpha158_csi300_custom_step0_s_20261001_18,86a715a9d70d477ab3f17c9d51121c5f,0.01,,,
4279,2026-09-30,SH601136,-0.1261845454569247,EXP_DEnsembleModel_Alpha158_csi300_custom_step0_s_20261001_18,86a715a9d70d477ab3f17c9d51121c5f,0.01,,,
4280,2026-09-30,SH601127,-0.04427463552335713,EXP_DEnsembleModel_Alpha158_csi300_custom_step0_s_20261001_18,86a715a9d70d477ab3f17c9d51121c5f,0.01,,,
4281,2026-09-30,SH601117,0.025932751401839996,EXP_DEnsembleModel_Alpha158_csi300_custom_step0_s_20261001_18,86a715a9d70d477ab3f17c9d51121c5f,0.01,,,
4282,2026-09-30,SH601111,0.0683365929142474,EXP_DEnsembleModel_Alpha158_csi300_custom_step0_s_20261001_18,86a715a9d70d477ab3f17c9d51121c5f,0.01,,,
4283,2026-09-30,SH601100,-0.036258619409520604,EXP_DEnsembleModel_Alpha158_csi300_custom_step0_s_20261001_18,86a715a9d70d477ab3f17c9d51121c5f,0.01,,,
4284,2026-09-30,SH601088,0.06777703245167187,EXP_DEnsembleModel_Alpha158_csi300_custom_step0_s_20261001_18,86a715a9d70d477ab3f17c9d51121c5f,0.01,,,
4285,2026-09-30,SH601077,0.07130911045645931,EXP_DEnsembleModel_Alpha158_csi300_custom_step0_s_20261001_18,86a715a9d70d477ab3f17c9d51121c5f,0.01,,,
4286,2026-09-30,SH601138,-0.12338187145855206,EXP_DEnsembleModel_Alpha158_csi300_custom_step0_s_20261001_18,86a715a9d70d477ab3f17c9d51121c5f,0.01,,,
4287,2026-09-30,SH601390,0.06249219546340733,EXP_DEnsembleModel_Alpha158_csi300_custom_step0_s_20261001_18,ec6f51d61d9f48828d787190a2bb34d7,0.106,,,
4288,2026-09-30,SZ300803,-0.10230339072498433,EXP_DEnsembleModel_Alpha158_csi300_custom_step0_s_20261001_18,bcfbc80e95d54994845bc976d31d741e,0.061,,,
4289,2026-09-30,SZ300750,0.07413532038874383,EXP_DEnsembleModel_Alpha158_csi300_custom_step0_s_20261001_18,bcfbc80e95d54994845bc976d31d741e,0.061,,,
4290,2026-09-30,SH688521,-0.10359441931316482,EXP_DEnsembleModel_Alpha158_csi300_custom_step0_s_20261001_18,bcfbc80e95d54994845bc976d31d741e,0.061,,,
4291,2026-09-30,SH688506,-0.06379242634086275,EXP_DEnsembleModel_Alpha158_csi300_custom_step0_s_20261001_18,bcfbc80e95d54994845bc976d31d741e,0.061,,,
4292,2026-09-30,SH688472,0.09398826847220962,EXP_DEnsembleModel_Alpha158_csi300_custom_step0_s_20261001_18,bcfbc80e95d54994845bc976d31d741e,0.061,,,
4293,2026-09-30,SH688396,-0.18618927393435322,EXP_DEnsembleModel_Alpha158_csi300_custom_step0_s_20261001_18,bcfbc80e95d54994845bc976d31d741e,0.061,,,
4294,2026-09-30,SH688303,-0.07589423831441267,EXP_DEnsembleModel_Alpha158_csi300_custom_step0_s_20261001_18,bcfbc80e95d54994845bc976d31d741e,0.061,,,
4295,2026-09-30,SH688271,-0.0213150339779263,EXP_DEnsembleModel_Alpha158_csi300_custom_step0_s_20261001_18,bcfbc80e95d54994845bc976d31d741e,0.061,,,
4296,2026-09-30,SH688256,-0.12643623382653876,EXP_DEnsembleModel_Alpha158_csi300_custom_step0_s_20261001_18,bcfbc80e95d54994845bc976d31d741e,0.061,,,
4297,2026-09-30,SH688223,-0.05180407342155735,EXP_DEnsembleModel_Alpha158_csi300_custom_step0_s_20261001_18,bcfbc80e95d54994845bc976d31d741e,0.061,,,
4298,2026-09-30,SH688183,-0.099383699686954,EXP_DEnsembleModel_Alpha158_csi300_custom_step0_s_20261001_18,bcfbc80e95d54994845bc976d31d741e,0.061,,,
4299,2026-09-30,SH688126,-0.09224102011512833,EXP_DEnsembleModel_Alpha158_csi300_custom_step0_s_20261001_18,bcfbc80e95d54994845bc976d31d741e,0.061,,,
4300,2026-09-30,SH688111,-0.042359345190670764,EXP_DEnsembleModel_Alpha158_csi300_custom_step0_s_20261001_18,bcfbc80e95d54994845bc976d31d741e,0.061,,,
4301,2026-09-30,SH688082,-0.1387108843463213,EXP_DEnsembleModel_Alpha158_csi300_custom_step0_s_20261001_18,bcfbc80e95d54994845bc976d31d741e,0.061,,,
4302,2026-09-30,SH688072,-0.11014049452841035,EXP_DEnsembleModel_Alpha158_csi300_custom_step0_s_20261001_18,bcfbc80e95d54994845bc976d31d741e,0.061,,,
4303,2026-09-30,SH688047,-0.07736397943941185,EXP_DEnsembleModel_Alpha158_csi300_custom_step0_s_20261001_18,bcfbc80e95d54994845bc976d31d741e,0.061,,,
4304,2026-09-30,SH688041,-0.014708332716204453,EXP_DEnsembleModel_Alpha158_csi300_custom_step0_s_20261001_18,bcfbc80e95d54994845bc976d31d741e,0.061,,,
4305,2026-09-30,SH688981,0.005707692903700373,EXP_DEnsembleModel_Alpha158_csi300_custom_step0_s_20261001_18,bcfbc80e95d54994845bc976d31d741e,0.061,,,
4306,2026-09-30,SZ000001,0.12036291606219036,EXP_DEnsembleModel_Alpha158_csi300_custom_step0_s_20261001_18,bcfbc80e95d54994845bc976d31d741e,0.061,,,
4307,2026-09-30,SZ000002,0.030262654720552676,EXP_DEnsembleModel_Alpha158_csi300_custom_step0_s_20261001_18,bcfbc80e95d54994845bc976d31d741e,0.061,,,
4308,2026-09-30,SZ000063,-0.08580532910964515,EXP_DEnsembleModel_Alpha158_csi300_custom_step0_s_20261001_18,bcfbc80e95d54994845bc976d31d741e,0.061,,,
4309,2026-09-30,SZ000657,-0.13695933507179292,EXP_DEnsembleModel_Alpha158_csi300_custom_step0_s_20261001_18,bcfbc80e95d54994845bc976d31d741e,0.061,,,
4310,2026-09-30,SZ000651,0.12097525653380642,EXP_DEnsembleModel_Alpha158_csi300_custom_step0_s_20261001_18,bcfbc80e95d54994845bc976d31d741e,0.061,,,
4311,2026-09-30,SZ000630,-0.036656566400595184,EXP_DEnsembleModel_Alpha158_csi300_custom_step0_s_20261001_18,bcfbc80e95d54994845bc976d31d741e,0.061,,,
4312,2026-09-30,SZ000625,0.05889060306434253,EXP_DEnsembleModel_Alpha158_csi300_custom_step0_s_20261001_18,bcfbc80e95d54994845bc976d31d741e,0.061,,,
4313,2026-09-30,SZ000617,-0.044007521642572385,EXP_DEnsembleModel_Alpha158_csi300_custom_step0_s_20261001_18,bcfbc80e95d54994845bc976d31d741e,0.061,,,
4314,2026-09-30,SZ000596,0.02829982569448741,EXP_DEnsembleModel_Alpha158_csi300_custom_step0_s_20261001_18,bcfbc80e95d54994845bc976d31d741e,0.061,,,
4315,2026-09-30,SZ000568,-0.11143629794387976,EXP_DEnsembleModel_Alpha158_csi300_custom_step0_s_20261001_18,bcfbc80e95d54994845bc976d31d741e,0.061,,,
4316,2026-09-30,SH688036,-0.0894412358497051,EXP_DEnsembleModel_Alpha158_csi300_custom_step0_s_20261001_18,bcfbc80e95d54994845bc976d31d741e,0.061,,,
4317,2026-09-30,SZ000538,0.1480288175341189,EXP_DEnsembleModel_Alpha158_csi300_custom_step0_s_20261001_18,bcfbc80e95d54994845bc976d31d741e,0.061,,,
4318,2026-09-30,SZ000408,-0.03997873436616922,EXP_DEnsembleModel_Alpha158_csi300_custom_step0_s_20261001_18,bcfbc80e95d54994845bc976d31d741e,0.061,,,
4319,2026-09-30,SZ000338,-0.06216721901384232,EXP_DEnsembleModel_Alpha158_csi300_custom_step0_s_20261001_18,bcfbc80e95d54994845bc976d31d741e,0.061,,,
4320,2026-09-30,SZ000333,0.030435369315121894,EXP_DEnsembleModel_Alpha158_csi300_custom_step0_s_20261001_18,bcfbc80e95d54994845bc976d31d741e,0.061,,,
4321,2026-09-30,SZ000301,-0.04711880393164161,EXP_DEnsembleModel_Alpha158_csi300_custom_step0_s_20261001_18,bcfbc80e95d54994845bc976d31d741e,0.061,,,
4322,2026-09-30,SZ000166,0.06298558746543415,EXP_DEnsembleModel_Alpha158_csi300_custom_step0_s_20261001_18,bcfbc80e95d54994845bc976d31d741e,0.061,,,
4323,2026-09-30,SZ000157,-0.026534965792092902,EXP_DEnsembleModel_Alpha158_csi300_custom_step0_s_20261001_18,bcfbc80e95d54994845bc976d31d741e,0.061,,,
4324,2026-09-30,SZ000100,-0.0859602122882462,EXP_DEnsembleModel_Alpha158_csi300_custom_step0_s_20261001_18,bcfbc80e95d54994845bc976d31d741e,0.061,,,
4325,2026-09-30,SZ000425,-0.07879930206381645,EXP_DEnsembleModel_Alpha158_csi300_custom_step0_s_20261001_18,bcfbc80e95d54994845bc976d31d741e,0.061,,,
4326,2026-09-30,SH688012,-0.15583559138467598,EXP_DEnsembleModel_Alpha158_csi300_custom_step0_s_20261001_18,bcfbc80e95d54994845bc976d31d741e,0.061,,,
4327,2026-09-30,SH688009,0.006625636107733496,EXP_DEnsembleModel_Alpha158_csi300_custom_step0_s_20261001_18,bcfbc80e95d54994845bc976d31d741e,0.061,,,
4328,2026-09-30,SH688008,-0.11895674546719234,EXP_DEnsembleModel_Alpha158_csi300_custom_step0_s_20261001_18,bcfbc80e95d54994845bc976d31d741e,0.061,,,
4329,2026-09-30,SH601916,0.08486730366912629,EXP_DEnsembleModel_Alpha158_csi300_custom_step0_s_20261001_18,bcfbc80e95d54994845bc976d31d741e,0.061,,,
4330,2026-09-30,SH601901,0.03092512743015384,EXP_DEnsembleModel_Alpha158_csi300_custom_step0_s_20261001_18,bcfbc80e95d54994845bc976d31d741e,0.061,,,
4331,2026-09-30,SH601899,0.0014693148838429743,EXP_DEnsembleModel_Alpha158_csi300_custom_step0_s_20261001_18,bcfbc80e95d54994845bc976d31d741e,0.061,,,
4332,2026-09-30,SH601898,0.07052790340365045,EXP_DEnsembleModel_Alpha158_csi300_custom_step0_s_20261001_18,bcfbc80e95d54994845bc976d31d741e,0.061,,,
4333,2026-09-30,SH601888,0.05107013798265795,EXP_DEnsembleModel_Alpha158_csi300_custom_step0_s_20261001_18,bcfbc80e95d54994845bc976d31d741e,0.061,,,
4334,2026-09-30,SH601881,-0.0027334216293137597,EXP_DEnsembleModel_Alpha158_csi300_custom_step0_s_20261001_18,bcfbc80e95d54994845bc976d31d741e,0.061,,,
4335,2026-09-30,SH601878,0.019335202969051304,EXP_DEnsembleModel_Alpha158_csi300_custom_step0_s_20261001_18,bcfbc80e95d54994845bc976d31d741e,0.061,,,
4336,2026-09-30,SH601919,0.0756745311379529,EXP_DEnsembleModel_Alpha158_csi300_custom_step0_s_20261001_18,bcfbc80e95d54994845bc976d31d741e,0.061,,,
4337,2026-09-30,SH601877,0.03007326513711787,EXP_DEnsembleModel_Alpha158_csi300_custom_step0_s_20261001_18,bcfbc80e95d54994845bc976d31d741e,0.061,,,
4338,2026-09-30,SH601868,0.027960825142922956,EXP_DEnsembleModel_Alpha158_csi300_custom_step0_s_20261001_18,bcfbc80e95d54994845bc976d31d741e,0.061,,,
4339,2026-09-30,SH601857,0.017846275628079594,EXP_DEnsembleModel_Alpha158_csi300_custom_step0_s_20261001_18,bcfbc80e95d54994845bc976d31d741e,0.061,,,
4340,2026-09-30,SH601838,0.09935810002986005,EXP_DEnsembleModel_Alpha158_csi300_custom_step0_s_20261001_18,bcfbc80e95d54994845bc976d31d741e,0.061,,,
4341,2026-09-30,SH601825,0.11509842549916573,EXP_DEnsembleModel_Alpha158_csi300_custom_step0_s_20261001_18,bcfbc80e95d54994845bc976d31d741e,0.061,,,
4342,2026-09-30,SH601818,0.12421938757650268,EXP_DEnsembleModel_Alpha158_csi300_custom_step0_s_20261001_18,bcfbc80e95d54994845bc976d31d741e,0.061,,,
4343,2026-09-30,SH601816,0.11603942937770477,EXP_DEnsembleModel_Alpha158_csi300_custom_step0_s_20261001_18,bcfbc80e95d54994845bc976d31d741e,0.061,,,
4344,2026-09-30,SH601800,0.11846207692649546,EXP_DEnsembleModel_Alpha158_csi300_custom_step0_s_20261001_18,bcfbc80e95d54994845bc976d31d741e,0.061,,,
4345,2026-09-30,SH601872,-0.03353043379531097,EXP_DEnsembleModel_Alpha158_csi300_custom_step0_s_20261001_18,bcfbc80e95d54994845bc976d31d741e,0.061,,,
4346,2026-09-30,SZ000708,0.053570892325756375,EXP_DEnsembleModel_Alpha158_csi300_custom_step0_s_20261001_18,bcfbc80e95d54994845bc976d31d741e,0.061,,,
4347,2026-09-30,SH601939,0.12317599524565208,EXP_DEnsembleModel_Alpha158_csi300_custom_step0_s_20261001_18,bcfbc80e95d54994845bc976d31d741e,0.061,,,
4348,2026-09-30,SH601988,0.1045492351331233,EXP_DEnsembleModel_Alpha158_csi300_custom_step0_s_20261001_18,bcfbc80e95d54994845bc976d31d741e,0.061,,,
4349,2026-09-30,SH605499,-0.02610052566833378,EXP_DEnsembleModel_Alpha158_csi300_custom_step0_s_20261001_18,bcfbc80e95d54994845bc976d31d741e,0.061,,,
4350,2026-09-30,SH605117,0.04377324250925623,EXP_DEnsembleModel_Alpha158_csi300_custom_step0_s_20261001_18,bcfbc80e95d54994845bc976d31d741e,0.061,,,
4351,2026-09-30,SH603993,-0.018682667574822145,EXP_DEnsembleModel_Alpha158_csi300_custom_step0_s_20261001_18,bcfbc80e95d54994845bc976d31d741e,0.061,,,
4352,2026-09-30,SH603986,-0.12191069379930189,EXP_DEnsembleModel_Alpha158_csi300_custom_step0_s_20261001_18,bcfbc80e95d54994845bc976d31d741e,0.061,,,
4353,2026-09-30,SH603893,0.008731370088972934,EXP_DEnsembleModel_Alpha158_csi300_custom_step0_s_20261001_18,bcfbc80e95d54994845bc976d31d741e,0.061,,,
4354,2026-09-30,SH603799,-0.05833866250293832,EXP_DEnsembleModel_Alpha158_csi300_custom_step0_s_20261001_18,bcfbc80e95d54994845bc976d31d741e,0.061,,,
4355,2026-09-30,SH603501,-0.052595403761306635,EXP_DEnsembleModel_Alpha158_csi300_custom_step0_s_20261001_18,bcfbc80e95d54994845bc976d31d741e,0.061,,,
4356,2026-09-30,SH601985,0.11966939214362196,EXP_DEnsembleModel_Alpha158_csi300_custom_step0_s_20261001_18,bcfbc80e95d54994845bc976d31d741e,0.061,,,
4357,2026-09-30,SH603392,-0.084027867281024,EXP_DEnsembleModel_Alpha158_csi300_custom_step0_s_20261001_18,bcfbc80e95d54994845bc976d31d741e,0.061,,,
4358,2026-09-30,SH603296,-0.0029055701210853506,EXP_DEnsembleModel_Alpha158_csi300_custom_step0_s_20261001_18,bcfbc80e95d54994845bc976d31d741e,0.061,,,
4359,2026-09-30,SH603288,-0.0058086784215987545,EXP_DEnsembleModel_Alpha158_csi300_custom_step0_s_20261001_18,bcfbc80e95d54994845bc976d31d741e,0.061,,,
4360,2026-09-30,SH603260,-0.10224790283946578,EXP_DEnsembleModel_Alpha158_csi300_custom_step0_s_20261001_18,bcfbc80e95d54994845bc976d31d741e,0.061,,,
4361,2026-09-30,SH603259,-0.12358252438818759,EXP_DEnsembleModel_Alpha158_csi300_custom_step0_s_20261001_18,bcfbc80e95d54994845bc976d31d741e,0.061,,,
4362,2026-09-30,SH603019,-0.01113528636614087,EXP_DEnsembleModel_Alpha158_csi300_custom_step0_s_20261001_18,bcfbc80e95d54994845bc976d31d741e,0.061,,,
4363,2026-09-30,SH601998,0.0755199338808698,EXP_DEnsembleModel_Alpha158_csi300_custom_step0_s_20261001_18,bcfbc80e95d54994845bc976d31d741e,0.061,,,
4364,2026-09-30,SH601995,-0.047753271615247755,EXP_DEnsembleModel_Alpha158_csi300_custom_step0_s_20261001_18,bcfbc80e95d54994845bc976d31d741e,0.061,,,
4365,2026-09-30,SH603369,-0.015634321905701788,EXP_DEnsembleModel_Alpha158_csi300_custom_step0_s_20261001_18,bcfbc80e95d54994845bc976d31d741e,0.061,,,
4366,2026-09-30,SZ000725,-0.186888719098833,EXP_DEnsembleModel_Alpha158_csi300_custom_step0_s_20261001_18,bcfbc80e95d54994845bc976d31d741e,0.061,,,
4367,2026-09-30,SZ000768,0.018990328199224357,EXP_DEnsembleModel_Alpha158_csi300_custom_step0_s_20261001_18,bcfbc80e95d54994845bc976d31d741e,0.061,,,
4368,2026-09-30,SZ000776,-0.07602441048471732,EXP_DEnsembleModel_Alpha158_csi300_custom_step0_s_20261001_18,bcfbc80e95d54994845bc976d31d741e,0.061,,,
4369,2026-09-30,SZ300015,-0.02444348529853347,EXP_DEnsembleModel_Alpha158_csi300_custom_step0_s_20261001_18,bcfbc80e95d54994845bc976d31d741e,0.061,,,
4370,2026-09-30,SZ300014,-0.12854520475792305,EXP_DEnsembleModel_Alpha158_csi300_custom_step0_s_20261001_18,bcfbc80e95d54994845bc976d31d741e,0.061,,,
4371,2026-09-30,SZ003816,0.08781857245948611,EXP_DEnsembleModel_Alpha158_csi300_custom_step0_s_20261001_18,bcfbc80e95d54994845bc976d31d741e,0.061,,,
4372,2026-09-30,SZ002938,-0.20081117794662223,EXP_DEnsembleModel_Alpha158_csi300_custom_step0_s_20261001_18,bcfbc80e95d54994845bc976d31d741e,0.061,,,
4373,2026-09-30,SZ002920,-0.06716785667963018,EXP_DEnsembleModel_Alpha158_csi300_custom_step0_s_20261001_18,bcfbc80e95d54994845bc976d31d741e,0.061,,,
4374,2026-09-30,SZ002916,-0.10555717587376168,EXP_DEnsembleModel_Alpha158_csi300_custom_step0_s_20261001_18,bcfbc80e95d54994845bc976d31d741e,0.061,,,
4375,2026-09-30,SZ002837,-0.09908899318948736,EXP_DEnsembleModel_Alpha158_csi300_custom_step0_s_20261001_18,bcfbc80e95d54994845bc976d31d741e,0.061,,,
4376,2026-09-30,SZ300033,-0.07927003216019314,EXP_DEnsembleModel_Alpha158_csi300_custom_step0_s_20261001_18,bcfbc80e95d54994845bc976d31d741e,0.061,,,
4377,2026-09-30,SZ002736,0.07030360119264803,EXP_DEnsembleModel_Alpha158_csi300_custom_step0_s_20261001_18,bcfbc80e95d54994845bc976d31d741e,0.061,,,
4378,2026-09-30,SZ002709,-0.007953253263925748,EXP_DEnsembleModel_Alpha158_csi300_custom_step0_s_20261001_18,bcfbc80e95d54994845bc976d31d741e,0.061,,,
4379,2026-09-30,SZ002648,0.0348860647825391,EXP_DEnsembleModel_Alpha158_csi300_custom_step0_s_20261001_18,bcfbc80e95d54994845bc976d31d741e,0.061,,,
4380,2026-09-30,SZ002625,-0.09487523954736844,EXP_DEnsembleModel_Alpha158_csi300_custom_step0_s_20261001_18,bcfbc80e95d54994845bc976d31d741e,0.061,,,
4381,2026-09-30,SZ002602,-0.07382695213862006,EXP_DEnsembleModel_Alpha158_csi300_custom_step0_s_20261001_18,bcfbc80e95d54994845bc976d31d741e,0.061,,,
4382,2026-09-30,SZ002600,-0.09255381537888287,EXP_DEnsembleModel_Alpha158_csi300_custom_step0_s_20261001_18,bcfbc80e95d54994845bc976d31d741e,0.061,,,
4383,2026-09-30,SZ002594,-0.0015610522779920925,EXP_DEnsembleModel_Alpha158_csi300_custom_step0_s_20261001_18,bcfbc80e95d54994845bc976d31d741e,0.061,,,
4384,2026-09-30,SZ002558,0.028878770384942947,EXP_DEnsembleModel_Alpha158_csi300_custom_step0_s_20261001_18,bcfbc80e95d54994845bc976d31d741e,0.061,,,
4385,2026-09-30,SZ002714,-0.025412125999010726,EXP_DEnsembleModel_Alpha158_csi300_custom_step0_s_20261001_18,bcfbc80e95d54994845bc976d31d741e,0.061,,,
4386,2026-09-30,SZ002532,-0.027385132364639114,EXP_DEnsembleModel_Alpha158_csi300_custom_step0_s_20261001_18,bcfbc80e95d54994845bc976d31d741e,0.061,,,
4387,2026-09-30,SZ300059,-0.0381848650601143,EXP_DEnsembleModel_Alpha158_csi300_custom_step0_s_20261001_18,bcfbc80e95d54994845bc976d31d741e,0.061,,,
4388,2026-09-30,SZ300124,-0.005537034584238928,EXP_DEnsembleModel_Alpha158_csi300_custom_step0_s_20261001_18,bcfbc80e95d54994845bc976d31d741e,0.061,,,
4389,2026-09-30,SZ300661,-0.17360165589512275,EXP_DEnsembleModel_Alpha158_csi300_custom_step0_s_20261001_18,bcfbc80e95d54994845bc976d31d741e,0.061,,,
4390,2026-09-30,SZ300628,-0.041916156061912374,EXP_DEnsembleModel_Alpha158_csi300_custom_step0_s_20261001_18,bcfbc80e95d54994845bc976d31d741e,0.061,,,
4391,2026-09-30,SZ300502,-0.16476766736448142,EXP_DEnsembleModel_Alpha158_csi300_custom_step0_s_20261001_18,bcfbc80e95d54994845bc976d31d741e,0.061,,,
4392,2026-09-30,SZ300498,0.018539525136262277,EXP_DEnsembleModel_Alpha158_csi300_custom_step0_s_20261001_18,bcfbc80e95d54994845bc976d31d741e,0.061,,,
4393,2026-09-30,SZ300476,-0.09676009683843836,EXP_DEnsembleModel_Alpha158_csi300_custom_step0_s_20261001_18,bcfbc80e95d54994845bc976d31d741e,0.061,,,
4394,2026-09-30,SZ300450,0.02587945907838896,EXP_DEnsembleModel_Alpha158_csi300_custom_step0_s_20261001_18,bcfbc80e95d54994845bc976d31d741e,0.061,,,
4395,2026-09-30,SZ300442,-0.16492539912215046,EXP_DEnsembleModel_Alpha158_csi300_custom_step0_s_20261001_18,bcfbc80e95d54994845bc976d31d741e,0.061,,,
4396,2026-09-30,SZ300122,0.08763869148716348,EXP_DEnsembleModel_Alpha158_csi300_custom_step0_s_20261001_18,bcfbc80e95d54994845bc976d31d741e,0.061,,,
4397,2026-09-30,SZ300433,-0.13356449538914691,EXP_DEnsembleModel_Alpha158_csi300_custom_step0_s_20261001_18,bcfbc80e95d54994845bc976d31d741e,0.061,,,
4398,2026-09-30,SZ300413,0.11708173019060779,EXP_DEnsembleModel_Alpha158_csi300_custom_step0_s_20261001_18,bcfbc80e95d54994845bc976d31d741e,0.061,,,
4399,2026-09-30,SZ300408,-0.10630893072446003,EXP_DEnsembleModel_Alpha158_csi300_custom_step0_s_20261001_18,bcfbc80e95d54994845bc976d31d741e,0.061,,,
4400,2026-09-30,SZ300394,-0.08429658799124012,EXP_DEnsembleModel_Alpha158_csi300_custom_step0_s_20261001_18,bcfbc80e95d54994845bc976d31d741e,0.061,,,
4401,2026-09-30,SZ300316,-0.1434271498765016,EXP_DEnsembleModel_Alpha158_csi300_custom_step0_s_20261001_18,bcfbc80e95d54994845bc976d31d741e,0.061,,,
4402,2026-09-30,SZ300308,-0.18331808298705402,EXP_DEnsembleModel_Alpha158_csi300_custom_step0_s_20261001_18,bcfbc80e95d54994845bc976d31d741e,0.061,,,
4403,2026-09-30,SZ300274,0.12859657136015912,EXP_DEnsembleModel_Alpha158_csi300_custom_step0_s_20261001_18,bcfbc80e95d54994845bc976d31d741e,0.061,,,
4404,2026-09-30,SZ300251,0.001702852792883101,EXP_DEnsembleModel_Alpha158_csi300_custom_step0_s_20261001_18,bcfbc80e95d54994845bc976d31d741e,0.061,,,
4405,2026-09-30,SZ300418,-0.18719119416392108,EXP_DEnsembleModel_Alpha158_csi300_custom_step0_s_20261001_18,bcfbc80e95d54994845bc976d31d741e,0.061,,,
4406,2026-09-30,SZ300760,-0.054746147688168045,EXP_DEnsembleModel_Alpha158_csi300_custom_step0_s_20261001_18,bcfbc80e95d54994845bc976d31d741e,0.061,,,
4407,2026-09-30,SZ002493,-0.09871943619317619,EXP_DEnsembleModel_Alpha158_csi300_custom_step0_s_20261001_18,bcfbc80e95d54994845bc976d31d741e,0.061,,,
4408,2026-09-30,SZ002466,-0.02132139622619742,EXP_DEnsembleModel_Alpha158_csi300_custom_step0_s_20261001_18,bcfbc80e95d54994845bc976d31d741e,0.061,,,
4409,2026-09-30,SZ002027,0.06097435880607473,EXP_DEnsembleModel_Alpha158_csi300_custom_step0_s_20261001_18,bcfbc80e95d54994845bc976d31d741e,0.061,,,
4410,2026-09-30,SZ002001,0.03003642369784063,EXP_DEnsembleModel_Alpha158_csi300_custom_step0_s_20261001_18,bcfbc80e95d54994845bc976d31d741e,0.061,,,
4411,2026-09-30,SZ001979,0.09777248298554063,EXP_DEnsembleModel_Alpha158_csi300_custom_step0_s_20261001_18,bcfbc80e95d54994845bc976d31d741e,0.061,,,
4412,2026-09-30,SZ001965,0.09866835072514364,EXP_DEnsembleModel_Alpha158_csi300_custom_step0_s_20261001_18,bcfbc80e95d54994845bc976d31d741e,0.061,,,
4413,2026-09-30,SZ001391,0.006366421567669,EXP_DEnsembleModel_Alpha158_csi300_custom_step0_s_20261001_18,bcfbc80e95d54994845bc976d31d741e,0.061,,,
4414,2026-09-30,SZ001280,-0.10191546839897393,EXP_DEnsembleModel_Alpha158_csi300_custom_step0_s_20261001_18,bcfbc80e95d54994845bc976d31d741e,0.061,,,
4415,2026-09-30,SZ000999,0.06817758196655295,EXP_DEnsembleModel_Alpha158_csi300_custom_step0_s_20261001_18,bcfbc80e95d54994845bc976d31d741e,0.061,,,
4416,2026-09-30,SZ002028,0.21881640399141625,EXP_DEnsembleModel_Alpha158_csi300_custom_step0_s_20261001_18,bcfbc80e95d54994845bc976d31d741e,0.061,,,
4417,2026-09-30,SZ000988,-0.14173346096228212,EXP_DEnsembleModel_Alpha158_csi300_custom_step0_s_20261001_18,bcfbc80e95d54994845bc976d31d741e,0.061,,,
4418,2026-09-30,SZ000975,0.012490008950484147,EXP_DEnsembleModel_Alpha158_csi300_custom_step0_s_20261001_18,bcfbc80e95d54994845bc976d31d741e,0.061,,,
4419,2026-09-30,SZ000963,0.022754207521826282,EXP_DEnsembleModel_Alpha158_csi300_custom_step0_s_20261001_18,bcfbc80e95d54994845bc976d31d741e,0.061,,,
4420,2026-09-30,SZ000938,-0.10836450341602803,EXP_DEnsembleModel_Alpha158_csi300_custom_step0_s_20261001_18,bcfbc80e95d54994845bc976d31d741e,0.061,,,
4421,2026-09-30,SZ000895,0.07409573203828974,EXP_DEnsembleModel_Alpha158_csi300_custom_step0_s_20261001_18,bcfbc80e95d54994845bc976d31d741e,0.061,,,
4422,2026-09-30,SZ000858,0.0828006848450985,EXP_DEnsembleModel_Alpha158_csi300_custom_step0_s_20261001_18,bcfbc80e95d54994845bc976d31d741e,0.061,,,
4423,2026-09-30,SZ000807,-0.03158984302276674,EXP_DEnsembleModel_Alpha158_csi300_custom_step0_s_20261001_18,bcfbc80e95d54994845bc976d31d741e,0.061,,,
4424,2026-09-30,SZ000792,-0.037612578420995565,EXP_DEnsembleModel_Alpha158_csi300_custom_step0_s_20261001_18,bcfbc80e95d54994845bc976d31d741e,0.061,,,
4425,2026-09-30,SZ000977,-0.006910315949892151,EXP_DEnsembleModel_Alpha158_csi300_custom_step0_s_20261001_18,bcfbc80e95d54994845bc976d31d741e,0.061,,,
4426,2026-09-30,SZ002475,-0.07716038464189831,EXP_DEnsembleModel_Alpha158_csi300_custom_step0_s_20261001_18,bcfbc80e95d54994845bc976d31d741e,0.061,,,
4427,2026-09-30,SZ002049,-0.09228166711193175,EXP_DEnsembleModel_Alpha158_csi300_custom_step0_s_20261001_18,bcfbc80e95d54994845bc976d31d741e,0.061,,,
4428,2026-09-30,SZ002074,0.11624154136789921,EXP_DEnsembleModel_Alpha158_csi300_custom_step0_s_20261001_18,bcfbc80e95d54994845bc976d31d741e,0.061,,,
4429,2026-09-30,SZ002463,-0.09674869552887687,EXP_DEnsembleModel_Alpha158_csi300_custom_step0_s_20261001_18,bcfbc80e95d54994845bc976d31d741e,0.061,,,
4430,2026-09-30,SZ002460,0.05953460608393685,EXP_DEnsembleModel_Alpha158_csi300_custom_step0_s_20261001_18,bcfbc80e95d54994845bc976d31d741e,0.061,,,
4431,2026-09-30,SZ002422,0.014692895037643634,EXP_DEnsembleModel_Alpha158_csi300_custom_step0_s_20261001_18,bcfbc80e95d54994845bc976d31d741e,0.061,,,
4432,2026-09-30,SZ002415,0.011582192745961995,EXP_DEnsembleModel_Alpha158_csi300_custom_step0_s_20261001_18,bcfbc80e95d54994845bc976d31d741e,0.061,,,
4433,2026-09-30,SZ002384,-0.10145647385876394,EXP_DEnsembleModel_Alpha158_csi300_custom_step0_s_20261001_18,bcfbc80e95d54994845bc976d31d741e,0.061,,,
4434,2026-09-30,SZ002371,-0.12321781912767152,EXP_DEnsembleModel_Alpha158_csi300_custom_step0_s_20261001_18,bcfbc80e95d54994845bc976d31d741e,0.061,,,
4435,2026-09-30,SZ002353,0.06595752839337679,EXP_DEnsembleModel_Alpha158_csi300_custom_step0_s_20261001_18,bcfbc80e95d54994845bc976d31d741e,0.061,,,
4436,2026-09-30,SZ002050,-0.10891427943467406,EXP_DEnsembleModel_Alpha158_csi300_custom_step0_s_20261001_18,bcfbc80e95d54994845bc976d31d741e,0.061,,,
4437,2026-09-30,SZ002352,0.014264126590407947,EXP_DEnsembleModel_Alpha158_csi300_custom_step0_s_20261001_18,bcfbc80e95d54994845bc976d31d741e,0.061,,,
4438,2026-09-30,SZ002304,-0.04571634282998457,EXP_DEnsembleModel_Alpha158_csi300_custom_step0_s_20261001_18,bcfbc80e95d54994845bc976d31d741e,0.061,,,
4439,2026-09-30,SZ002241,-0.11142939748543328,EXP_DEnsembleModel_Alpha158_csi300_custom_step0_s_20261001_18,bcfbc80e95d54994845bc976d31d741e,0.061,,,
4440,2026-09-30,SZ002236,-0.022712725908609992,EXP_DEnsembleModel_Alpha158_csi300_custom_step0_s_20261001_18,bcfbc80e95d54994845bc976d31d741e,0.061,,,
4441,2026-09-30,SZ002230,-0.05932384378631316,EXP_DEnsembleModel_Alpha158_csi300_custom_step0_s_20261001_18,bcfbc80e95d54994845bc976d31d741e,0.061,,,
4442,2026-09-30,SZ002202,-0.08220172728894086,EXP_DEnsembleModel_Alpha158_csi300_custom_step0_s_20261001_18,bcfbc80e95d54994845bc976d31d741e,0.061,,,
4443,2026-09-30,SZ002179,-0.08278331623450007,EXP_DEnsembleModel_Alpha158_csi300_custom_step0_s_20261001_18,bcfbc80e95d54994845bc976d31d741e,0.061,,,
4444,2026-09-30,SZ002142,0.12055753917889232,EXP_DEnsembleModel_Alpha158_csi300_custom_step0_s_20261001_18,bcfbc80e95d54994845bc976d31d741e,0.061,,,
4445,2026-09-30,SZ002311,-0.03693538197859694,EXP_DEnsembleModel_Alpha158_csi300_custom_step0_s_20261001_18,bcfbc80e95d54994845bc976d31d741e,0.061,,,
4446,2026-09-30,SH601377,0.056522833134826034,EXP_DEnsembleModel_Alpha158_csi300_custom_step0_s_20261001_18,ec6f51d61d9f48828d787190a2bb34d7,0.106,,,
4447,2026-09-30,SH601360,0.0013612556569962836,EXP_DEnsembleModel_Alpha158_csi300_custom_step0_s_20261001_18,ec6f51d61d9f48828d787190a2bb34d7,0.106,,,
4448,2026-09-30,SH601336,-0.04071978665073784,EXP_DEnsembleModel_Alpha158_csi300_custom_step0_s_20261001_18,ec6f51d61d9f48828d787190a2bb34d7,0.106,,,
4449,2026-09-30,SZ300803,-0.02088934517321963,EXP_LGBModel_Alpha158_csi300_custom_step0_s_20261001_20,234de275c25240099ec14ad53312a960,0.082,,,
4450,2026-09-30,SZ300760,-0.005035530224459828,EXP_LGBModel_Alpha158_csi300_custom_step0_s_20261001_20,234de275c25240099ec14ad53312a960,0.082,,,
4451,2026-09-30,SZ300750,0.03413924329739033,EXP_LGBModel_Alpha158_csi300_custom_step0_s_20261001_20,234de275c25240099ec14ad53312a960,0.082,,,
4452,2026-09-30,SZ300661,-0.02209122366611207,EXP_LGBModel_Alpha158_csi300_custom_step0_s_20261001_20,234de275c25240099ec14ad53312a960,0.082,,,
4453,2026-09-30,SZ300628,0.0011782620545502584,EXP_LGBModel_Alpha158_csi300_custom_step0_s_20261001_20,234de275c25240099ec14ad53312a960,0.082,,,
4454,2026-09-30,SZ300502,-0.018094071540710632,EXP_LGBModel_Alpha158_csi300_custom_step0_s_20261001_20,234de275c25240099ec14ad53312a960,0.082,,,
4455,2026-09-30,SZ300498,0.013379500356471402,EXP_LGBModel_Alpha158_csi300_custom_step0_s_20261001_20,234de275c25240099ec14ad53312a960,0.082,,,
4456,2026-09-30,SZ300476,-0.02209122366611207,EXP_LGBModel_Alpha158_csi300_custom_step0_s_20261001_20,234de275c25240099ec14ad53312a960,0.082,,,
4457,2026-09-30,SZ300450,-0.007240580492934793,EXP_LGBModel_Alpha158_csi300_custom_step0_s_20261001_20,234de275c25240099ec14ad53312a960,0.082,,,
4458,2026-09-30,SZ300442,-0.02209122366611207,EXP_LGBModel_Alpha158_csi300_custom_step0_s_20261001_20,234de275c25240099ec14ad53312a960,0.082,,,
4459,2026-09-30,SZ300433,-0.019629615004325505,EXP_LGBModel_Alpha158_csi300_custom_step0_s_20261001_20,234de275c25240099ec14ad53312a960,0.082,,,
4460,2026-09-30,SZ300418,-0.019579601147503935,EXP_LGBModel_Alpha158_csi300_custom_step0_s_20261001_20,234de275c25240099ec14ad53312a960,0.082,,,
4461,2026-09-30,SZ300413,0.02457168829237897,EXP_LGBModel_Alpha158_csi300_custom_step0_s_20261001_20,234de275c25240099ec14ad53312a960,0.082,,,
4462,2026-09-30,SZ300408,-0.019660012678048965,EXP_LGBModel_Alpha158_csi300_custom_step0_s_20261001_20,234de275c25240099ec14ad53312a960,0.082,,,
4463,2026-09-30,SZ300394,-0.019208748123590712,EXP_LGBModel_Alpha158_csi300_custom_step0_s_20261001_20,234de275c25240099ec14ad53312a960,0.082,,,
4464,2026-09-30,SZ300832,-0.01486617107023244,EXP_LGBModel_Alpha158_csi300_custom_step0_s_20261001_20,234de275c25240099ec14ad53312a960,0.082,,,
4465,2026-09-30,SZ300866,-0.0022325101466482426,EXP_LGBModel_Alpha158_csi300_custom_step0_s_20261001_20,234de275c25240099ec14ad53312a960,0.082,,,
4466,2026-09-30,SZ300896,-0.011712012726399856,EXP_LGBModel_Alpha158_csi300_custom_step0_s_20261001_20,234de275c25240099ec14ad53312a960,0.082,,,
4467,2026-09-30,SZ300999,-0.016371811772348813,EXP_LGBModel_Alpha158_csi300_custom_step0_s_20261001_20,234de275c25240099ec14ad53312a960,0.082,,,
4468,2026-09-30,SH600026,-0.03476247409524343,EXP_LGBModel_Alpha158_csi300_custom_step0_s_20261001_20,9d17af96d3fa4051ae9ce64b1b90cd83,0.024,,,
4469,2026-09-30,SH600025,0.0327246138996014,EXP_LGBModel_Alpha158_csi300_custom_step0_s_20261001_20,9d17af96d3fa4051ae9ce64b1b90cd83,0.024,,,
4470,2026-09-30,SH600023,0.03180981752596702,EXP_LGBModel_Alpha158_csi300_custom_step0_s_20261001_20,9d17af96d3fa4051ae9ce64b1b90cd83,0.024,,,
4471,2026-09-30,SH600019,0.03425989095096399,EXP_LGBModel_Alpha158_csi300_custom_step0_s_20261001_20,9d17af96d3fa4051ae9ce64b1b90cd83,0.024,,,
4472,2026-09-30,SH600018,0.01686912124291701,EXP_LGBModel_Alpha158_csi300_custom_step0_s_20261001_20,9d17af96d3fa4051ae9ce64b1b90cd83,0.024,,,
4473,2026-09-30,SH600016,0.04139579305064209,EXP_LGBModel_Alpha158_csi300_custom_step0_s_20261001_20,9d17af96d3fa4051ae9ce64b1b90cd83,0.024,,,
4474,2026-09-30,SH600015,0.008734372956813265,EXP_LGBModel_Alpha158_csi300_custom_step0_s_20261001_20,9d17af96d3fa4051ae9ce64b1b90cd83,0.024,,,
4475,2026-09-30,SZ300316,-0.017646101867317673,EXP_LGBModel_Alpha158_csi300_custom_step0_s_20261001_20,234de275c25240099ec14ad53312a960,0.082,,,
4476,2026-09-30,SH600011,0.026681651665886447,EXP_LGBModel_Alpha158_csi300_custom_step0_s_20261001_20,9d17af96d3fa4051ae9ce64b1b90cd83,0.024,,,
4477,2026-09-30,SH600009,-0.0017192140894360121,EXP_LGBModel_Alpha158_csi300_custom_step0_s_20261001_20,9d17af96d3fa4051ae9ce64b1b90cd83,0.024,,,
4478,2026-09-30,SH600000,2.683451376099528e-10,EXP_LGBModel_Alpha158_csi300_custom_step0_s_20261001_20,9d17af96d3fa4051ae9ce64b1b90cd83,0.024,,,
4479,2026-09-30,SZ302132,-0.010984474914068476,EXP_LGBModel_Alpha158_csi300_custom_step0_s_20261001_20,234de275c25240099ec14ad53312a960,0.082,,,
4480,2026-09-30,SZ301308,-0.019629615004325505,EXP_LGBModel_Alpha158_csi300_custom_step0_s_20261001_20,234de275c25240099ec14ad53312a960,0.082,,,
4481,2026-09-30,SZ301269,-0.017764055641538472,EXP_LGBModel_Alpha158_csi300_custom_step0_s_20261001_20,234de275c25240099ec14ad53312a960,0.082,,,
4482,2026-09-30,SZ301236,-0.013318933842744077,EXP_LGBModel_Alpha158_csi300_custom_step0_s_20261001_20,234de275c25240099ec14ad53312a960,0.082,,,
4483,2026-09-30,SZ301165,-0.006027447226848992,EXP_LGBModel_Alpha158_csi300_custom_step0_s_20261001_20,234de275c25240099ec14ad53312a960,0.082,,,
4484,2026-09-30,SH600010,0.009159966907352999,EXP_LGBModel_Alpha158_csi300_custom_step0_s_20261001_20,9d17af96d3fa4051ae9ce64b1b90cd83,0.024,,,
4485,2026-09-30,SZ300308,-0.019615421286976742,EXP_LGBModel_Alpha158_csi300_custom_step0_s_20261001_20,234de275c25240099ec14ad53312a960,0.082,,,
4486,2026-09-30,SZ300274,0.022867087814175714,EXP_LGBModel_Alpha158_csi300_custom_step0_s_20261001_20,234de275c25240099ec14ad53312a960,0.082,,,
4487,2026-09-30,SZ300251,-0.00036408532530163296,EXP_LGBModel_Alpha158_csi300_custom_step0_s_20261001_20,234de275c25240099ec14ad53312a960,0.082,,,
4488,2026-09-30,SZ002532,-0.012089912138003717,EXP_LGBModel_Alpha158_csi300_custom_step0_s_20261001_20,234de275c25240099ec14ad53312a960,0.082,,,
4489,2026-09-30,SZ002493,-0.01834960704225166,EXP_LGBModel_Alpha158_csi300_custom_step0_s_20261001_20,234de275c25240099ec14ad53312a960,0.082,,,
4490,2026-09-30,SZ002475,-0.016578652799496503,EXP_LGBModel_Alpha158_csi300_custom_step0_s_20261001_20,234de275c25240099ec14ad53312a960,0.082,,,
4491,2026-09-30,SZ002466,-0.004214275656543322,EXP_LGBModel_Alpha158_csi300_custom_step0_s_20261001_20,234de275c25240099ec14ad53312a960,0.082,,,
4492,2026-09-30,SZ002463,-0.021010257478568165,EXP_LGBModel_Alpha158_csi300_custom_step0_s_20261001_20,234de275c25240099ec14ad53312a960,0.082,,,
4493,2026-09-30,SZ002460,-0.004348267943218918,EXP_LGBModel_Alpha158_csi300_custom_step0_s_20261001_20,234de275c25240099ec14ad53312a960,0.082,,,
4494,2026-09-30,SZ002422,-0.013318933842744077,EXP_LGBModel_Alpha158_csi300_custom_step0_s_20261001_20,234de275c25240099ec14ad53312a960,0.082,,,
4495,2026-09-30,SZ002558,-0.0037231030522158035,EXP_LGBModel_Alpha158_csi300_custom_step0_s_20261001_20,234de275c25240099ec14ad53312a960,0.082,,,
4496,2026-09-30,SZ002415,-0.0012577523226625252,EXP_LGBModel_Alpha158_csi300_custom_step0_s_20261001_20,234de275c25240099ec14ad53312a960,0.082,,,
4497,2026-09-30,SZ002371,-0.018094071540710632,EXP_LGBModel_Alpha158_csi300_custom_step0_s_20261001_20,234de275c25240099ec14ad53312a960,0.082,,,
4498,2026-09-30,SZ002353,0.013282255769366764,EXP_LGBModel_Alpha158_csi300_custom_step0_s_20261001_20,234de275c25240099ec14ad53312a960,0.082,,,
4499,2026-09-30,SZ002352,0.005425210406684694,EXP_LGBModel_Alpha158_csi300_custom_step0_s_20261001_20,234de275c25240099ec14ad53312a960,0.082,,,
4500,2026-09-30,SZ002311,0.004889415977621126,EXP_LGBModel_Alpha158_csi300_custom_step0_s_20261001_20,234de275c25240099ec14ad53312a960,0.082,,,
4501,2026-09-30,SZ002304,-0.00019022158894631096,EXP_LGBModel_Alpha158_csi300_custom_step0_s_20261001_20,234de275c25240099ec14ad53312a960,0.082,,,
4502,2026-09-30,SZ002241,-0.018413542794084303,EXP_LGBModel_Alpha158_csi300_custom_step0_s_20261001_20,234de275c25240099ec14ad53312a960,0.082,,,
4503,2026-09-30,SZ002236,-0.010018499908502674,EXP_LGBModel_Alpha158_csi300_custom_step0_s_20261001_20,234de275c25240099ec14ad53312a960,0.082,,,
4504,2026-09-30,SZ002384,-0.016124752121051564,EXP_LGBModel_Alpha158_csi300_custom_step0_s_20261001_20,234de275c25240099ec14ad53312a960,0.082,,,
4505,2026-09-30,SH600027,0.030406062572515886,EXP_LGBModel_Alpha158_csi300_custom_step0_s_20261001_20,9d17af96d3fa4051ae9ce64b1b90cd83,0.024,,,
4506,2026-09-30,SZ002594,0.006331283570836335,EXP_LGBModel_Alpha158_csi300_custom_step0_s_20261001_20,234de275c25240099ec14ad53312a960,0.082,,,
4507,2026-09-30,SZ002602,-0.016928308588646638,EXP_LGBModel_Alpha158_csi300_custom_step0_s_20261001_20,234de275c25240099ec14ad53312a960,0.082,,,
4508,2026-09-30,SZ300124,0.0026796627812643156,EXP_LGBModel_Alpha158_csi300_custom_step0_s_20261001_20,234de275c25240099ec14ad53312a960,0.082,,,
4509,2026-09-30,SZ300122,-0.005653415291730258,EXP_LGBModel_Alpha158_csi300_custom_step0_s_20261001_20,234de275c25240099ec14ad53312a960,0.082,,,
4510,2026-09-30,SZ300059,-0.01447294262726192,EXP_LGBModel_Alpha158_csi300_custom_step0_s_20261001_20,234de275c25240099ec14ad53312a960,0.082,,,
4511,2026-09-30,SZ300033,-0.00870705660330915,EXP_LGBModel_Alpha158_csi300_custom_step0_s_20261001_20,234de275c25240099ec14ad53312a960,0.082,,,
4512,2026-09-30,SZ300015,-0.0013125006701791187,EXP_LGBModel_Alpha158_csi300_custom_step0_s_20261001_20,234de275c25240099ec14ad53312a960,0.082,,,
4513,2026-09-30,SZ300014,-0.02209122366611207,EXP_LGBModel_Alpha158_csi300_custom_step0_s_20261001_20,234de275c25240099ec14ad53312a960,0.082,,,
4514,2026-09-30,SZ003816,0.013284284140065841,EXP_LGBModel_Alpha158_csi300_custom_step0_s_20261001_20,234de275c25240099ec14ad53312a960,0.082,,,
4515,2026-09-30,SZ002600,-0.018115993364190314,EXP_LGBModel_Alpha158_csi300_custom_step0_s_20261001_20,234de275c25240099ec14ad53312a960,0.082,,,
4516,2026-09-30,SZ002938,-0.01836772595499782,EXP_LGBModel_Alpha158_csi300_custom_step0_s_20261001_20,234de275c25240099ec14ad53312a960,0.082,,,
4517,2026-09-30,SZ002916,-0.021629332097708034,EXP_LGBModel_Alpha158_csi300_custom_step0_s_20261001_20,234de275c25240099ec14ad53312a960,0.082,,,
4518,2026-09-30,SZ002837,-0.011681457544966729,EXP_LGBModel_Alpha158_csi300_custom_step0_s_20261001_20,234de275c25240099ec14ad53312a960,0.082,,,
4519,2026-09-30,SZ002736,0.0018555348241715902,EXP_LGBModel_Alpha158_csi300_custom_step0_s_20261001_20,234de275c25240099ec14ad53312a960,0.082,,,
4520,2026-09-30,SZ002714,-0.011391540577779267,EXP_LGBModel_Alpha158_csi300_custom_step0_s_20261001_20,234de275c25240099ec14ad53312a960,0.082,,,
4521,2026-09-30,SZ002709,-0.0069602542529226055,EXP_LGBModel_Alpha158_csi300_custom_step0_s_20261001_20,234de275c25240099ec14ad53312a960,0.082,,,
4522,2026-09-30,SZ002648,0.006372919794519913,EXP_LGBModel_Alpha158_csi300_custom_step0_s_20261001_20,234de275c25240099ec14ad53312a960,0.082,,,
4523,2026-09-30,SZ002625,-0.018648033080723197,EXP_LGBModel_Alpha158_csi300_custom_step0_s_20261001_20,234de275c25240099ec14ad53312a960,0.082,,,
4524,2026-09-30,SZ002920,-0.0061044235515184874,EXP_LGBModel_Alpha158_csi300_custom_step0_s_20261001_20,234de275c25240099ec14ad53312a960,0.082,,,
4525,2026-09-30,SH600028,0.014003257261986079,EXP_LGBModel_Alpha158_csi300_custom_step0_s_20261001_20,9d17af96d3fa4051ae9ce64b1b90cd83,0.024,,,
4526,2026-09-30,SH600029,0.005156376617390162,EXP_LGBModel_Alpha158_csi300_custom_step0_s_20261001_20,9d17af96d3fa4051ae9ce64b1b90cd83,0.024,,,
4527,2026-09-30,SH600030,-0.00764523444369231,EXP_LGBModel_Alpha158_csi300_custom_step0_s_20261001_20,9d17af96d3fa4051ae9ce64b1b90cd83,0.024,,,
4528,2026-09-30,SH600886,0.0023565325987896,EXP_LGBModel_Alpha158_csi300_custom_step0_s_20261001_20,9d17af96d3fa4051ae9ce64b1b90cd83,0.024,,,
4529,2026-09-30,SH600875,-0.02369424053207084,EXP_LGBModel_Alpha158_csi300_custom_step0_s_20261001_20,9d17af96d3fa4051ae9ce64b1b90cd83,0.024,,,
4530,2026-09-30,SH600845,-0.009490053532152605,EXP_LGBModel_Alpha158_csi300_custom_step0_s_20261001_20,9d17af96d3fa4051ae9ce64b1b90cd83,0.024,,,
4531,2026-09-30,SH600809,0.0029855438830381433,EXP_LGBModel_Alpha158_csi300_custom_step0_s_20261001_20,9d17af96d3fa4051ae9ce64b1b90cd83,0.024,,,
4532,2026-09-30,SH600803,0.009637685585132932,EXP_LGBModel_Alpha158_csi300_custom_step0_s_20261001_20,9d17af96d3fa4051ae9ce64b1b90cd83,0.024,,,
4533,2026-09-30,SH600795,0.030828070791527162,EXP_LGBModel_Alpha158_csi300_custom_step0_s_20261001_20,9d17af96d3fa4051ae9ce64b1b90cd83,0.024,,,
4534,2026-09-30,SH600760,-0.0022564649859143646,EXP_LGBModel_Alpha158_csi300_custom_step0_s_20261001_20,9d17af96d3fa4051ae9ce64b1b90cd83,0.024,,,
4535,2026-09-30,SH600887,0.02778424340596338,EXP_LGBModel_Alpha158_csi300_custom_step0_s_20261001_20,9d17af96d3fa4051ae9ce64b1b90cd83,0.024,,,
4536,2026-09-30,SH600741,0.016957229440526207,EXP_LGBModel_Alpha158_csi300_custom_step0_s_20261001_20,9d17af96d3fa4051ae9ce64b1b90cd83,0.024,,,
4537,2026-09-30,SH600674,0.03204819849837774,EXP_LGBModel_Alpha158_csi300_custom_step0_s_20261001_20,9d17af96d3fa4051ae9ce64b1b90cd83,0.024,,,
4538,2026-09-30,SH600660,0.0007968146769954854,EXP_LGBModel_Alpha158_csi300_custom_step0_s_20261001_20,9d17af96d3fa4051ae9ce64b1b90cd83,0.024,,,
4539,2026-09-30,SH600600,0.0009336755173707755,EXP_LGBModel_Alpha158_csi300_custom_step0_s_20261001_20,9d17af96d3fa4051ae9ce64b1b90cd83,0.024,,,
4540,2026-09-30,SH600588,-0.02469948411232354,EXP_LGBModel_Alpha158_csi300_custom_step0_s_20261001_20,9d17af96d3fa4051ae9ce64b1b90cd83,0.024,,,
4541,2026-09-30,SH600585,0.0014453370049517145,EXP_LGBModel_Alpha158_csi300_custom_step0_s_20261001_20,9d17af96d3fa4051ae9ce64b1b90cd83,0.024,,,
4542,2026-09-30,SH600584,-0.019374622675989276,EXP_LGBModel_Alpha158_csi300_custom_step0_s_20261001_20,9d17af96d3fa4051ae9ce64b1b90cd83,0.024,,,
4543,2026-09-30,SH600570,-0.026924234789450184,EXP_LGBModel_Alpha158_csi300_custom_step0_s_20261001_20,9d17af96d3fa4051ae9ce64b1b90cd83,0.024,,,
4544,2026-09-30,SH600690,0.01883768697155302,EXP_LGBModel_Alpha158_csi300_custom_step0_s_20261001_20,9d17af96d3fa4051ae9ce64b1b90cd83,0.024,,,
4545,2026-09-30,SH600549,-0.01692972636104152,EXP_LGBModel_Alpha158_csi300_custom_step0_s_20261001_20,9d17af96d3fa4051ae9ce64b1b90cd83,0.024,,,
4546,2026-09-30,SH600893,-0.02518048440300802,EXP_LGBModel_Alpha158_csi300_custom_step0_s_20261001_20,9d17af96d3fa4051ae9ce64b1b90cd83,0.024,,,
4547,2026-09-30,SH600905,-0.0032500745159655007,EXP_LGBModel_Alpha158_csi300_custom_step0_s_20261001_20,9d17af96d3fa4051ae9ce64b1b90cd83,0.024,,,
4548,2026-09-30,SH601066,-0.0037774315695681816,EXP_LGBModel_Alpha158_csi300_custom_step0_s_20261001_20,9d17af96d3fa4051ae9ce64b1b90cd83,0.024,,,
4549,2026-09-30,SH601058,-0.016514071980402178,EXP_LGBModel_Alpha158_csi300_custom_step0_s_20261001_20,9d17af96d3fa4051ae9ce64b1b90cd83,0.024,,,
4550,2026-09-30,SH601021,-0.01895536862018688,EXP_LGBModel_Alpha158_csi300_custom_step0_s_20261001_20,9d17af96d3fa4051ae9ce64b1b90cd83,0.024,,,
4551,2026-09-30,SH601018,0.029017702016021708,EXP_LGBModel_Alpha158_csi300_custom_step0_s_20261001_20,9d17af96d3fa4051ae9ce64b1b90cd83,0.024,,,
4552,2026-09-30,SH601012,-0.022092207946292363,EXP_LGBModel_Alpha158_csi300_custom_step0_s_20261001_20,9d17af96d3fa4051ae9ce64b1b90cd83,0.024,,,
4553,2026-09-30,SH601009,0.033563005366077536,EXP_LGBModel_Alpha158_csi300_custom_step0_s_20261001_20,9d17af96d3fa4051ae9ce64b1b90cd83,0.024,,,
4554,2026-09-30,SH601006,0.023008627620218956,EXP_LGBModel_Alpha158_csi300_custom_step0_s_20261001_20,9d17af96d3fa4051ae9ce64b1b90cd83,0.024,,,
4555,2026-09-30,SH600900,0.02583329966036257,EXP_LGBModel_Alpha158_csi300_custom_step0_s_20261001_20,9d17af96d3fa4051ae9ce64b1b90cd83,0.024,,,
4556,2026-09-30,SH600999,-0.019650289864105868,EXP_LGBModel_Alpha158_csi300_custom_step0_s_20261001_20,9d17af96d3fa4051ae9ce64b1b90cd83,0.024,,,
4557,2026-09-30,SH600958,0.0016484665967772757,EXP_LGBModel_Alpha158_csi300_custom_step0_s_20261001_20,9d17af96d3fa4051ae9ce64b1b90cd83,0.024,,,
4558,2026-09-30,SH600941,0.03495749621724247,EXP_LGBModel_Alpha158_csi300_custom_step0_s_20261001_20,9d17af96d3fa4051ae9ce64b1b90cd83,0.024,,,
4559,2026-09-30,SH600938,0.025214880321445327,EXP_LGBModel_Alpha158_csi300_custom_step0_s_20261001_20,9d17af96d3fa4051ae9ce64b1b90cd83,0.024,,,
4560,2026-09-30,SH600930,0.0022926788010167345,EXP_LGBModel_Alpha158_csi300_custom_step0_s_20261001_20,9d17af96d3fa4051ae9ce64b1b90cd83,0.024,,,
4561,2026-09-30,SH600926,0.02400242043689525,EXP_LGBModel_Alpha158_csi300_custom_step0_s_20261001_20,9d17af96d3fa4051ae9ce64b1b90cd83,0.024,,,
4562,2026-09-30,SH600919,0.03470851263286919,EXP_LGBModel_Alpha158_csi300_custom_step0_s_20261001_20,9d17af96d3fa4051ae9ce64b1b90cd83,0.024,,,
4563,2026-09-30,SH600918,0.009120877845251247,EXP_LGBModel_Alpha158_csi300_custom_step0_s_20261001_20,9d17af96d3fa4051ae9ce64b1b90cd83,0.024,,,
4564,2026-09-30,SH600989,-0.012848113042796094,EXP_LGBModel_Alpha158_csi300_custom_step0_s_20261001_20,9d17af96d3fa4051ae9ce64b1b90cd83,0.024,,,
4565,2026-09-30,SZ002230,-0.010906349797095361,EXP_LGBModel_Alpha158_csi300_custom_step0_s_20261001_20,234de275c25240099ec14ad53312a960,0.082,,,
4566,2026-09-30,SH600547,0.034771335687965824,EXP_LGBModel_Alpha158_csi300_custom_step0_s_20261001_20,9d17af96d3fa4051ae9ce64b1b90cd83,0.024,,,
4567,2026-09-30,SH600519,0.003435091113477882,EXP_LGBModel_Alpha158_csi300_custom_step0_s_20261001_20,9d17af96d3fa4051ae9ce64b1b90cd83,0.024,,,
4568,2026-09-30,SH600176,-0.008933030027837493,EXP_LGBModel_Alpha158_csi300_custom_step0_s_20261001_20,9d17af96d3fa4051ae9ce64b1b90cd83,0.024,,,
4569,2026-09-30,SH600160,-0.0077893087837409974,EXP_LGBModel_Alpha158_csi300_custom_step0_s_20261001_20,9d17af96d3fa4051ae9ce64b1b90cd83,0.024,,,
4570,2026-09-30,SH600150,-0.024083377372286923,EXP_LGBModel_Alpha158_csi300_custom_step0_s_20261001_20,9d17af96d3fa4051ae9ce64b1b90cd83,0.024,,,
4571,2026-09-30,SH600118,-0.029904815183023577,EXP_LGBModel_Alpha158_csi300_custom_step0_s_20261001_20,9d17af96d3fa4051ae9ce64b1b90cd83,0.024,,,
4572,2026-09-30,SH600115,-0.00319898464858151,EXP_LGBModel_Alpha158_csi300_custom_step0_s_20261001_20,9d17af96d3fa4051ae9ce64b1b90cd83,0.024,,,
4573,2026-09-30,SH600111,-0.02978784149443168,EXP_LGBModel_Alpha158_csi300_custom_step0_s_20261001_20,9d17af96d3fa4051ae9ce64b1b90cd83,0.024,,,
4574,2026-09-30,SH600104,-0.008842547320449746,EXP_LGBModel_Alpha158_csi300_custom_step0_s_20261001_20,9d17af96d3fa4051ae9ce64b1b90cd83,0.024,,,
4575,2026-09-30,SH600183,-0.022346314782508633,EXP_LGBModel_Alpha158_csi300_custom_step0_s_20261001_20,9d17af96d3fa4051ae9ce64b1b90cd83,0.024,,,
4576,2026-09-30,SH600089,-0.025160674304516798,EXP_LGBModel_Alpha158_csi300_custom_step0_s_20261001_20,9d17af96d3fa4051ae9ce64b1b90cd83,0.024,,,
4577,2026-09-30,SH600066,-0.014292274443326716,EXP_LGBModel_Alpha158_csi300_custom_step0_s_20261001_20,9d17af96d3fa4051ae9ce64b1b90cd83,0.024,,,
4578,2026-09-30,SH600061,0.01668800181327723,EXP_LGBModel_Alpha158_csi300_custom_step0_s_20261001_20,9d17af96d3fa4051ae9ce64b1b90cd83,0.024,,,
4579,2026-09-30,SH600050,0.025803269561521076,EXP_LGBModel_Alpha158_csi300_custom_step0_s_20261001_20,9d17af96d3fa4051ae9ce64b1b90cd83,0.024,,,
4580,2026-09-30,SH600048,-0.009353440695553366,EXP_LGBModel_Alpha158_csi300_custom_step0_s_20261001_20,9d17af96d3fa4051ae9ce64b1b90cd83,0.024,,,
4581,2026-09-30,SH600039,0.0006970682833498907,EXP_LGBModel_Alpha158_csi300_custom_step0_s_20261001_20,9d17af96d3fa4051ae9ce64b1b90cd83,0.024,,,
4582,2026-09-30,SH600036,0.032005854605185007,EXP_LGBModel_Alpha158_csi300_custom_step0_s_20261001_20,9d17af96d3fa4051ae9ce64b1b90cd83,0.024,,,
4583,2026-09-30,SH600031,-0.006232784514396336,EXP_LGBModel_Alpha158_csi300_custom_step0_s_20261001_20,9d17af96d3fa4051ae9ce64b1b90cd83,0.024,,,
4584,2026-09-30,SH600085,0.015104618621824644,EXP_LGBModel_Alpha158_csi300_custom_step0_s_20261001_20,9d17af96d3fa4051ae9ce64b1b90cd83,0.024,,,
4585,2026-09-30,SH600522,-0.016302459719060823,EXP_LGBModel_Alpha158_csi300_custom_step0_s_20261001_20,9d17af96d3fa4051ae9ce64b1b90cd83,0.024,,,
4586,2026-09-30,SH600188,-0.0049003782974585824,EXP_LGBModel_Alpha158_csi300_custom_step0_s_20261001_20,9d17af96d3fa4051ae9ce64b1b90cd83,0.024,,,
4587,2026-09-30,SH600219,-0.007036737706622596,EXP_LGBModel_Alpha158_csi300_custom_step0_s_20261001_20,9d17af96d3fa4051ae9ce64b1b90cd83,0.024,,,
4588,2026-09-30,SH600515,0.013642035510628895,EXP_LGBModel_Alpha158_csi300_custom_step0_s_20261001_20,9d17af96d3fa4051ae9ce64b1b90cd83,0.024,,,
4589,2026-09-30,SH600489,-0.007790582857139567,EXP_LGBModel_Alpha158_csi300_custom_step0_s_20261001_20,9d17af96d3fa4051ae9ce64b1b90cd83,0.024,,,
4590,2026-09-30,SH600482,-0.00973161575618165,EXP_LGBModel_Alpha158_csi300_custom_step0_s_20261001_20,9d17af96d3fa4051ae9ce64b1b90cd83,0.024,,,
4591,2026-09-30,SH600460,-0.030807428154284458,EXP_LGBModel_Alpha158_csi300_custom_step0_s_20261001_20,9d17af96d3fa4051ae9ce64b1b90cd83,0.024,,,
4592,2026-09-30,SH600438,-0.032162673192437284,EXP_LGBModel_Alpha158_csi300_custom_step0_s_20261001_20,9d17af96d3fa4051ae9ce64b1b90cd83,0.024,,,
4593,2026-09-30,SH600436,0.004151732928870234,EXP_LGBModel_Alpha158_csi300_custom_step0_s_20261001_20,9d17af96d3fa4051ae9ce64b1b90cd83,0.024,,,
4594,2026-09-30,SH600426,-0.030220137975214525,EXP_LGBModel_Alpha158_csi300_custom_step0_s_20261001_20,9d17af96d3fa4051ae9ce64b1b90cd83,0.024,,,
4595,2026-09-30,SH600196,-0.021365214945024257,EXP_LGBModel_Alpha158_csi300_custom_step0_s_20261001_20,9d17af96d3fa4051ae9ce64b1b90cd83,0.024,,,
4596,2026-09-30,SH600415,-0.0037521544404769663,EXP_LGBModel_Alpha158_csi300_custom_step0_s_20261001_20,9d17af96d3fa4051ae9ce64b1b90cd83,0.024,,,
4597,2026-09-30,SH600372,0.006403411494100885,EXP_LGBModel_Alpha158_csi300_custom_step0_s_20261001_20,9d17af96d3fa4051ae9ce64b1b90cd83,0.024,,,
4598,2026-09-30,SH600362,-0.018754452631596596,EXP_LGBModel_Alpha158_csi300_custom_step0_s_20261001_20,9d17af96d3fa4051ae9ce64b1b90cd83,0.024,,,
4599,2026-09-30,SH600346,-0.006656375446744637,EXP_LGBModel_Alpha158_csi300_custom_step0_s_20261001_20,9d17af96d3fa4051ae9ce64b1b90cd83,0.024,,,
4600,2026-09-30,SH600309,-0.005378080710247761,EXP_LGBModel_Alpha158_csi300_custom_step0_s_20261001_20,9d17af96d3fa4051ae9ce64b1b90cd83,0.024,,,
4601,2026-09-30,SH600276,-0.033737039423305026,EXP_LGBModel_Alpha158_csi300_custom_step0_s_20261001_20,9d17af96d3fa4051ae9ce64b1b90cd83,0.024,,,
4602,2026-09-30,SH600233,-0.013171339636733871,EXP_LGBModel_Alpha158_csi300_custom_step0_s_20261001_20,9d17af96d3fa4051ae9ce64b1b90cd83,0.024,,,
4603,2026-09-30,SH600221,-0.0006739822085814755,EXP_LGBModel_Alpha158_csi300_custom_step0_s_20261001_20,9d17af96d3fa4051ae9ce64b1b90cd83,0.024,,,
4604,2026-09-30,SH600406,0.010667604328162068,EXP_LGBModel_Alpha158_csi300_custom_step0_s_20261001_20,9d17af96d3fa4051ae9ce64b1b90cd83,0.024,,,
4605,2026-09-30,SH601077,0.028902287677869544,EXP_LGBModel_Alpha158_csi300_custom_step0_s_20261001_20,9d17af96d3fa4051ae9ce64b1b90cd83,0.024,,,
4606,2026-09-30,SZ002202,-0.016914114871297875,EXP_LGBModel_Alpha158_csi300_custom_step0_s_20261001_20,234de275c25240099ec14ad53312a960,0.082,,,
4607,2026-09-30,SZ002142,0.02455684546373383,EXP_LGBModel_Alpha158_csi300_custom_step0_s_20261001_20,234de275c25240099ec14ad53312a960,0.082,,,
4608,2026-09-30,SH601766,0.015799258705071272,EXP_LGBModel_Alpha158_csi300_custom_step0_s_20261001_20,234de275c25240099ec14ad53312a960,0.082,,,
4609,2026-09-30,SH601728,0.02455684546373383,EXP_LGBModel_Alpha158_csi300_custom_step0_s_20261001_20,234de275c25240099ec14ad53312a960,0.082,,,
4610,2026-09-30,SH601727,-0.0017874343966063646,EXP_LGBModel_Alpha158_csi300_custom_step0_s_20261001_20,234de275c25240099ec14ad53312a960,0.082,,,
4611,2026-09-30,SH601698,-0.013382152176230688,EXP_LGBModel_Alpha158_csi300_custom_step0_s_20261001_20,234de275c25240099ec14ad53312a960,0.082,,,
4612,2026-09-30,SH601689,-0.021071135616529953,EXP_LGBModel_Alpha158_csi300_custom_step0_s_20261001_20,234de275c25240099ec14ad53312a960,0.082,,,
4613,2026-09-30,SH601688,-0.001931156475644458,EXP_LGBModel_Alpha158_csi300_custom_step0_s_20261001_20,234de275c25240099ec14ad53312a960,0.082,,,
4614,2026-09-30,SH601669,0.0020727414424202687,EXP_LGBModel_Alpha158_csi300_custom_step0_s_20261001_20,234de275c25240099ec14ad53312a960,0.082,,,
4615,2026-09-30,SH601668,0.008360653169349894,EXP_LGBModel_Alpha158_csi300_custom_step0_s_20261001_20,234de275c25240099ec14ad53312a960,0.082,,,
4616,2026-09-30,SH601658,0.011652238158817746,EXP_LGBModel_Alpha158_csi300_custom_step0_s_20261001_20,234de275c25240099ec14ad53312a960,0.082,,,
4617,2026-09-30,SH601633,-0.0018692820432555006,EXP_LGBModel_Alpha158_csi300_custom_step0_s_20261001_20,234de275c25240099ec14ad53312a960,0.082,,,
4618,2026-09-30,SH601628,-0.012960724756521965,EXP_LGBModel_Alpha158_csi300_custom_step0_s_20261001_20,234de275c25240099ec14ad53312a960,0.082,,,
4619,2026-09-30,SH601618,0.013817347228887071,EXP_LGBModel_Alpha158_csi300_custom_step0_s_20261001_20,234de275c25240099ec14ad53312a960,0.082,,,
4620,2026-09-30,SH601607,0.013685032846834465,EXP_LGBModel_Alpha158_csi300_custom_step0_s_20261001_20,234de275c25240099ec14ad53312a960,0.082,,,
4621,2026-09-30,SH601601,-0.015376774306604063,EXP_LGBModel_Alpha158_csi300_custom_step0_s_20261001_20,234de275c25240099ec14ad53312a960,0.082,,,
4622,2026-09-30,SH601600,-0.012089912138003717,EXP_LGBModel_Alpha158_csi300_custom_step0_s_20261001_20,234de275c25240099ec14ad53312a960,0.082,,,
4623,2026-09-30,SH601788,-0.000555650185749211,EXP_LGBModel_Alpha158_csi300_custom_step0_s_20261001_20,234de275c25240099ec14ad53312a960,0.082,,,
4624,2026-09-30,SH601800,0.02198798910066701,EXP_LGBModel_Alpha158_csi300_custom_step0_s_20261001_20,234de275c25240099ec14ad53312a960,0.082,,,
4625,2026-09-30,SH601816,0.016403026204728093,EXP_LGBModel_Alpha158_csi300_custom_step0_s_20261001_20,234de275c25240099ec14ad53312a960,0.082,,,
4626,2026-09-30,SH601818,0.02455684546373383,EXP_LGBModel_Alpha158_csi300_custom_step0_s_20261001_20,234de275c25240099ec14ad53312a960,0.082,,,
4627,2026-09-30,SH601985,0.02455684546373383,EXP_LGBModel_Alpha158_csi300_custom_step0_s_20261001_20,234de275c25240099ec14ad53312a960,0.082,,,
4628,2026-09-30,SH601939,0.02455684546373383,EXP_LGBModel_Alpha158_csi300_custom_step0_s_20261001_20,234de275c25240099ec14ad53312a960,0.082,,,
4629,2026-09-30,SH601919,0.011887118079184245,EXP_LGBModel_Alpha158_csi300_custom_step0_s_20261001_20,234de275c25240099ec14ad53312a960,0.082,,,
4630,2026-09-30,SH601916,0.01452046767051211,EXP_LGBModel_Alpha158_csi300_custom_step0_s_20261001_20,234de275c25240099ec14ad53312a960,0.082,,,
4631,2026-09-30,SH601901,0.0018555348241715902,EXP_LGBModel_Alpha158_csi300_custom_step0_s_20261001_20,234de275c25240099ec14ad53312a960,0.082,,,
4632,2026-09-30,SH601899,-0.008164753504360085,EXP_LGBModel_Alpha158_csi300_custom_step0_s_20261001_20,234de275c25240099ec14ad53312a960,0.082,,,
4633,2026-09-30,SH601898,0.007463764944269154,EXP_LGBModel_Alpha158_csi300_custom_step0_s_20261001_20,234de275c25240099ec14ad53312a960,0.082,,,
4634,2026-09-30,SH601456,-0.0021963183346791976,EXP_LGBModel_Alpha158_csi300_custom_step0_s_20261001_20,234de275c25240099ec14ad53312a960,0.082,,,
4635,2026-09-30,SH601888,0.004455330789674499,EXP_LGBModel_Alpha158_csi300_custom_step0_s_20261001_20,234de275c25240099ec14ad53312a960,0.082,,,
4636,2026-09-30,SH601878,-0.000315953992423178,EXP_LGBModel_Alpha158_csi300_custom_step0_s_20261001_20,234de275c25240099ec14ad53312a960,0.082,,,
4637,2026-09-30,SH601877,0.011012261762779989,EXP_LGBModel_Alpha158_csi300_custom_step0_s_20261001_20,234de275c25240099ec14ad53312a960,0.082,,,
4638,2026-09-30,SH601872,-0.0141946179188335,EXP_LGBModel_Alpha158_csi300_custom_step0_s_20261001_20,234de275c25240099ec14ad53312a960,0.082,,,
4639,2026-09-30,SH601868,0.0010973963835008847,EXP_LGBModel_Alpha158_csi300_custom_step0_s_20261001_20,234de275c25240099ec14ad53312a960,0.082,,,
4640,2026-09-30,SH601857,-0.0027191785134879267,EXP_LGBModel_Alpha158_csi300_custom_step0_s_20261001_20,234de275c25240099ec14ad53312a960,0.082,,,
4641,2026-09-30,SH601838,0.01567968816233671,EXP_LGBModel_Alpha158_csi300_custom_step0_s_20261001_20,234de275c25240099ec14ad53312a960,0.082,,,
4642,2026-09-30,SH601825,0.018944239535252427,EXP_LGBModel_Alpha158_csi300_custom_step0_s_20261001_20,234de275c25240099ec14ad53312a960,0.082,,,
4643,2026-09-30,SH601881,-0.007391168504491282,EXP_LGBModel_Alpha158_csi300_custom_step0_s_20261001_20,234de275c25240099ec14ad53312a960,0.082,,,
4644,2026-09-30,SH601398,0.02455684546373383,EXP_LGBModel_Alpha158_csi300_custom_step0_s_20261001_20,234de275c25240099ec14ad53312a960,0.082,,,
4645,2026-09-30,SH601390,0.010641283281419878,EXP_LGBModel_Alpha158_csi300_custom_step0_s_20261001_20,234de275c25240099ec14ad53312a960,0.082,,,
4646,2026-09-30,SH601377,0.003781622489259908,EXP_LGBModel_Alpha158_csi300_custom_step0_s_20261001_20,234de275c25240099ec14ad53312a960,0.082,,,
4647,2026-09-30,SH601077,0.005658411621905501,EXP_LGBModel_Alpha158_csi300_custom_step0_s_20261001_20,234de275c25240099ec14ad53312a960,0.082,,,
4648,2026-09-30,SH601066,-0.00489918890129827,EXP_LGBModel_Alpha158_csi300_custom_step0_s_20261001_20,234de275c25240099ec14ad53312a960,0.082,,,
4649,2026-09-30,SH601058,-0.007231332334286819,EXP_LGBModel_Alpha158_csi300_custom_step0_s_20261001_20,234de275c25240099ec14ad53312a960,0.082,,,
4650,2026-09-30,SH601021,-0.008665990329922015,EXP_LGBModel_Alpha158_csi300_custom_step0_s_20261001_20,234de275c25240099ec14ad53312a960,0.082,,,
4651,2026-09-30,SH601018,0.02455684546373383,EXP_LGBModel_Alpha158_csi300_custom_step0_s_20261001_20,234de275c25240099ec14ad53312a960,0.082,,,
4652,2026-09-30,SH601012,-0.004125379655679542,EXP_LGBModel_Alpha158_csi300_custom_step0_s_20261001_20,234de275c25240099ec14ad53312a960,0.082,,,
4653,2026-09-30,SH601009,0.02455684546373383,EXP_LGBModel_Alpha158_csi300_custom_step0_s_20261001_20,234de275c25240099ec14ad53312a960,0.082,,,
4654,2026-09-30,SH601088,0.02280937158919913,EXP_LGBModel_Alpha158_csi300_custom_step0_s_20261001_20,234de275c25240099ec14ad53312a960,0.082,,,
4655,2026-09-30,SH601006,0.018944239535252427,EXP_LGBModel_Alpha158_csi300_custom_step0_s_20261001_20,234de275c25240099ec14ad53312a960,0.082,,,
4656,2026-09-30,SH600989,-0.0024989388043432947,EXP_LGBModel_Alpha158_csi300_custom_step0_s_20261001_20,234de275c25240099ec14ad53312a960,0.082,,,
4657,2026-09-30,SH600958,-0.0021963183346791976,EXP_LGBModel_Alpha158_csi300_custom_step0_s_20261001_20,234de275c25240099ec14ad53312a960,0.082,,,
4658,2026-09-30,SH600941,0.02198798910066701,EXP_LGBModel_Alpha158_csi300_custom_step0_s_20261001_20,234de275c25240099ec14ad53312a960,0.082,,,
4659,2026-09-30,SH600938,0.006754412500533791,EXP_LGBModel_Alpha158_csi300_custom_step0_s_20261001_20,234de275c25240099ec14ad53312a960,0.082,,,
4660,2026-09-30,SH600930,-0.001969319570451515,EXP_LGBModel_Alpha158_csi300_custom_step0_s_20261001_20,234de275c25240099ec14ad53312a960,0.082,,,
4661,2026-09-30,SH600926,0.02455684546373383,EXP_LGBModel_Alpha158_csi300_custom_step0_s_20261001_20,234de275c25240099ec14ad53312a960,0.082,,,
4662,2026-09-30,SH600919,0.02455684546373383,EXP_LGBModel_Alpha158_csi300_custom_step0_s_20261001_20,234de275c25240099ec14ad53312a960,0.082,,,
4663,2026-09-30,SH600999,-0.008228469753955794,EXP_LGBModel_Alpha158_csi300_custom_step0_s_20261001_20,234de275c25240099ec14ad53312a960,0.082,,,
4664,2026-09-30,SH601988,0.02455684546373383,EXP_LGBModel_Alpha158_csi300_custom_step0_s_20261001_20,234de275c25240099ec14ad53312a960,0.082,,,
4665,2026-09-30,SH601100,0.003984421270511234,EXP_LGBModel_Alpha158_csi300_custom_step0_s_20261001_20,234de275c25240099ec14ad53312a960,0.082,,,
4666,2026-09-30,SH601117,0.002533984238645205,EXP_LGBModel_Alpha158_csi300_custom_step0_s_20261001_20,234de275c25240099ec14ad53312a960,0.082,,,
4667,2026-09-30,SH601360,-0.012704774084326739,EXP_LGBModel_Alpha158_csi300_custom_step0_s_20261001_20,234de275c25240099ec14ad53312a960,0.082,,,
4668,2026-09-30,SH601336,-0.011725757003718536,EXP_LGBModel_Alpha158_csi300_custom_step0_s_20261001_20,234de275c25240099ec14ad53312a960,0.082,,,
4669,2026-09-30,SH601328,0.02455684546373383,EXP_LGBModel_Alpha158_csi300_custom_step0_s_20261001_20,234de275c25240099ec14ad53312a960,0.082,,,
4670,2026-09-30,SH601319,0.005979116923937291,EXP_LGBModel_Alpha158_csi300_custom_step0_s_20261001_20,234de275c25240099ec14ad53312a960,0.082,,,
4671,2026-09-30,SH601318,0.00785895796696574,EXP_LGBModel_Alpha158_csi300_custom_step0_s_20261001_20,234de275c25240099ec14ad53312a960,0.082,,,
4672,2026-09-30,SH601288,0.02455684546373383,EXP_LGBModel_Alpha158_csi300_custom_step0_s_20261001_20,234de275c25240099ec14ad53312a960,0.082,,,
4673,2026-09-30,SH601238,0.006397463889806443,EXP_LGBModel_Alpha158_csi300_custom_step0_s_20261001_20,234de275c25240099ec14ad53312a960,0.082,,,
4674,2026-09-30,SH601111,0.02455684546373383,EXP_LGBModel_Alpha158_csi300_custom_step0_s_20261001_20,234de275c25240099ec14ad53312a960,0.082,,,
4675,2026-09-30,SH601229,0.02455684546373383,EXP_LGBModel_Alpha158_csi300_custom_step0_s_20261001_20,234de275c25240099ec14ad53312a960,0.082,,,
4676,2026-09-30,SH601211,-0.007773635433235883,EXP_LGBModel_Alpha158_csi300_custom_step0_s_20261001_20,234de275c25240099ec14ad53312a960,0.082,,,
4677,2026-09-30,SH601186,0.010641283281419878,EXP_LGBModel_Alpha158_csi300_custom_step0_s_20261001_20,234de275c25240099ec14ad53312a960,0.082,,,
4678,2026-09-30,SH601169,0.010641283281419878,EXP_LGBModel_Alpha158_csi300_custom_step0_s_20261001_20,234de275c25240099ec14ad53312a960,0.082,,,
4679,2026-09-30,SH601166,0.01625388920990129,EXP_LGBModel_Alpha158_csi300_custom_step0_s_20261001_20,234de275c25240099ec14ad53312a960,0.082,,,
4680,2026-09-30,SH601138,-0.01892002575356056,EXP_LGBModel_Alpha158_csi300_custom_step0_s_20261001_20,234de275c25240099ec14ad53312a960,0.082,,,
4681,2026-09-30,SH601136,-0.01412249031033915,EXP_LGBModel_Alpha158_csi300_custom_step0_s_20261001_20,234de275c25240099ec14ad53312a960,0.082,,,
4682,2026-09-30,SH601127,-0.0061755449947729964,EXP_LGBModel_Alpha158_csi300_custom_step0_s_20261001_20,234de275c25240099ec14ad53312a960,0.082,,,
4683,2026-09-30,SH601225,0.0035420276233421614,EXP_LGBModel_Alpha158_csi300_custom_step0_s_20261001_20,234de275c25240099ec14ad53312a960,0.082,,,
4684,2026-09-30,SH601995,-0.0037343757987126198,EXP_LGBModel_Alpha158_csi300_custom_step0_s_20261001_20,234de275c25240099ec14ad53312a960,0.082,,,
4685,2026-09-30,SH601998,0.02455684546373383,EXP_LGBModel_Alpha158_csi300_custom_step0_s_20261001_20,234de275c25240099ec14ad53312a960,0.082,,,
4686,2026-09-30,SH603019,-0.00975967290504191,EXP_LGBModel_Alpha158_csi300_custom_step0_s_20261001_20,234de275c25240099ec14ad53312a960,0.082,,,
4687,2026-09-30,SZ000776,-0.01563147363824035,EXP_LGBModel_Alpha158_csi300_custom_step0_s_20261001_20,234de275c25240099ec14ad53312a960,0.082,,,
4688,2026-09-30,SZ000768,-0.0057903034865656195,EXP_LGBModel_Alpha158_csi300_custom_step0_s_20261001_20,234de275c25240099ec14ad53312a960,0.082,,,
4689,2026-09-30,SZ000725,-0.02209122366611207,EXP_LGBModel_Alpha158_csi300_custom_step0_s_20261001_20,234de275c25240099ec14ad53312a960,0.082,,,
4690,2026-09-30,SZ000708,0.006395914771755162,EXP_LGBModel_Alpha158_csi300_custom_step0_s_20261001_20,234de275c25240099ec14ad53312a960,0.082,,,
4691,2026-09-30,SZ000657,-0.018202598683615498,EXP_LGBModel_Alpha158_csi300_custom_step0_s_20261001_20,234de275c25240099ec14ad53312a960,0.082,,,
4692,2026-09-30,SZ000651,0.020838756628570487,EXP_LGBModel_Alpha158_csi300_custom_step0_s_20261001_20,234de275c25240099ec14ad53312a960,0.082,,,
4693,2026-09-30,SZ000630,-0.012903780476905978,EXP_LGBModel_Alpha158_csi300_custom_step0_s_20261001_20,234de275c25240099ec14ad53312a960,0.082,,,
4694,2026-09-30,SZ000792,-0.007404101342359477,EXP_LGBModel_Alpha158_csi300_custom_step0_s_20261001_20,234de275c25240099ec14ad53312a960,0.082,,,
4695,2026-09-30,SZ000625,0.013210139644486705,EXP_LGBModel_Alpha158_csi300_custom_step0_s_20261001_20,234de275c25240099ec14ad53312a960,0.082,,,
4696,2026-09-30,SZ000596,-0.013949470871567723,EXP_LGBModel_Alpha158_csi300_custom_step0_s_20261001_20,234de275c25240099ec14ad53312a960,0.082,,,
4697,2026-09-30,SZ000568,-0.0011680034355971694,EXP_LGBModel_Alpha158_csi300_custom_step0_s_20261001_20,234de275c25240099ec14ad53312a960,0.082,,,
4698,2026-09-30,SZ000538,0.02455684546373383,EXP_LGBModel_Alpha158_csi300_custom_step0_s_20261001_20,234de275c25240099ec14ad53312a960,0.082,,,
4699,2026-09-30,SZ000425,-0.004803876686455899,EXP_LGBModel_Alpha158_csi300_custom_step0_s_20261001_20,234de275c25240099ec14ad53312a960,0.082,,,
4700,2026-09-30,SZ000408,-0.008357261944071638,EXP_LGBModel_Alpha158_csi300_custom_step0_s_20261001_20,234de275c25240099ec14ad53312a960,0.082,,,
4701,2026-09-30,SZ000338,-0.016732945744455385,EXP_LGBModel_Alpha158_csi300_custom_step0_s_20261001_20,234de275c25240099ec14ad53312a960,0.082,,,
4702,2026-09-30,SZ000333,-0.0022071979810175993,EXP_LGBModel_Alpha158_csi300_custom_step0_s_20261001_20,234de275c25240099ec14ad53312a960,0.082,,,
4703,2026-09-30,SZ000617,-0.016371811772348813,EXP_LGBModel_Alpha158_csi300_custom_step0_s_20261001_20,234de275c25240099ec14ad53312a960,0.082,,,
4704,2026-09-30,SZ000301,-0.014763626324796317,EXP_LGBModel_Alpha158_csi300_custom_step0_s_20261001_20,234de275c25240099ec14ad53312a960,0.082,,,
4705,2026-09-30,SZ000807,-0.014776885966246444,EXP_LGBModel_Alpha158_csi300_custom_step0_s_20261001_20,234de275c25240099ec14ad53312a960,0.082,,,
4706,2026-09-30,SZ000895,0.0004908335411617167,EXP_LGBModel_Alpha158_csi300_custom_step0_s_20261001_20,234de275c25240099ec14ad53312a960,0.082,,,
4707,2026-09-30,SZ002074,0.01010561065993845,EXP_LGBModel_Alpha158_csi300_custom_step0_s_20261001_20,234de275c25240099ec14ad53312a960,0.082,,,
4708,2026-09-30,SZ002050,-0.019615421286976742,EXP_LGBModel_Alpha158_csi300_custom_step0_s_20261001_20,234de275c25240099ec14ad53312a960,0.082,,,
4709,2026-09-30,SZ002049,-0.016264627718752044,EXP_LGBModel_Alpha158_csi300_custom_step0_s_20261001_20,234de275c25240099ec14ad53312a960,0.082,,,
4710,2026-09-30,SZ002028,0.03875714199053764,EXP_LGBModel_Alpha158_csi300_custom_step0_s_20261001_20,234de275c25240099ec14ad53312a960,0.082,,,
4711,2026-09-30,SZ002027,0.013927778886500375,EXP_LGBModel_Alpha158_csi300_custom_step0_s_20261001_20,234de275c25240099ec14ad53312a960,0.082,,,
4712,2026-09-30,SZ002001,-0.006419937366079004,EXP_LGBModel_Alpha158_csi300_custom_step0_s_20261001_20,234de275c25240099ec14ad53312a960,0.082,,,
4713,2026-09-30,SZ001979,-0.00336923188781286,EXP_LGBModel_Alpha158_csi300_custom_step0_s_20261001_20,234de275c25240099ec14ad53312a960,0.082,,,
4714,2026-09-30,SZ000858,0.010641283281419878,EXP_LGBModel_Alpha158_csi300_custom_step0_s_20261001_20,234de275c25240099ec14ad53312a960,0.082,,,
4715,2026-09-30,SZ001965,0.0204513091825044,EXP_LGBModel_Alpha158_csi300_custom_step0_s_20261001_20,234de275c25240099ec14ad53312a960,0.082,,,
4716,2026-09-30,SZ001280,-0.016371811772348813,EXP_LGBModel_Alpha158_csi300_custom_step0_s_20261001_20,234de275c25240099ec14ad53312a960,0.082,,,
4717,2026-09-30,SZ000999,0.008360653169349894,EXP_LGBModel_Alpha158_csi300_custom_step0_s_20261001_20,234de275c25240099ec14ad53312a960,0.082,,,
4718,2026-09-30,SZ000988,-0.016124752121051564,EXP_LGBModel_Alpha158_csi300_custom_step0_s_20261001_20,234de275c25240099ec14ad53312a960,0.082,,,
4719,2026-09-30,SZ000977,0.017296197415596484,EXP_LGBModel_Alpha158_csi300_custom_step0_s_20261001_20,234de275c25240099ec14ad53312a960,0.082,,,
4720,2026-09-30,SZ000975,-0.0032802924916430633,EXP_LGBModel_Alpha158_csi300_custom_step0_s_20261001_20,234de275c25240099ec14ad53312a960,0.082,,,
4721,2026-09-30,SZ000963,-0.014522205431099871,EXP_LGBModel_Alpha158_csi300_custom_step0_s_20261001_20,234de275c25240099ec14ad53312a960,0.082,,,
4722,2026-09-30,SZ000938,-0.011024677462363418,EXP_LGBModel_Alpha158_csi300_custom_step0_s_20261001_20,234de275c25240099ec14ad53312a960,0.082,,,
4723,2026-09-30,SZ001391,-0.003470315234228473,EXP_LGBModel_Alpha158_csi300_custom_step0_s_20261001_20,234de275c25240099ec14ad53312a960,0.082,,,
4724,2026-09-30,SZ002179,-0.019615421286976742,EXP_LGBModel_Alpha158_csi300_custom_step0_s_20261001_20,234de275c25240099ec14ad53312a960,0.082,,,
4725,2026-09-30,SZ000166,0.0039282764173843064,EXP_LGBModel_Alpha158_csi300_custom_step0_s_20261001_20,234de275c25240099ec14ad53312a960,0.082,,,
4726,2026-09-30,SZ000100,-0.017709320200804284,EXP_LGBModel_Alpha158_csi300_custom_step0_s_20261001_20,234de275c25240099ec14ad53312a960,0.082,,,
4727,2026-09-30,SH688012,-0.018094071540710632,EXP_LGBModel_Alpha158_csi300_custom_step0_s_20261001_20,234de275c25240099ec14ad53312a960,0.082,,,
4728,2026-09-30,SH688009,0.004303315791136729,EXP_LGBModel_Alpha158_csi300_custom_step0_s_20261001_20,234de275c25240099ec14ad53312a960,0.082,,,
4729,2026-09-30,SH688008,-0.019615421286976742,EXP_LGBModel_Alpha158_csi300_custom_step0_s_20261001_20,234de275c25240099ec14ad53312a960,0.082,,,
4730,2026-09-30,SH605499,-0.004263894256114892,EXP_LGBModel_Alpha158_csi300_custom_step0_s_20261001_20,234de275c25240099ec14ad53312a960,0.082,,,
4731,2026-09-30,SH605117,0.00386805011488622,EXP_LGBModel_Alpha158_csi300_custom_step0_s_20261001_20,234de275c25240099ec14ad53312a960,0.082,,,
4732,2026-09-30,SH603993,-0.0016565292361486847,EXP_LGBModel_Alpha158_csi300_custom_step0_s_20261001_20,234de275c25240099ec14ad53312a960,0.082,,,
4733,2026-09-30,SH603986,-0.02209122366611207,EXP_LGBModel_Alpha158_csi300_custom_step0_s_20261001_20,234de275c25240099ec14ad53312a960,0.082,,,
4734,2026-09-30,SH688036,-0.020117653400776793,EXP_LGBModel_Alpha158_csi300_custom_step0_s_20261001_20,234de275c25240099ec14ad53312a960,0.082,,,
4735,2026-09-30,SH603893,-0.015928715031787638,EXP_LGBModel_Alpha158_csi300_custom_step0_s_20261001_20,234de275c25240099ec14ad53312a960,0.082,,,
4736,2026-09-30,SH603501,-0.011978444694159342,EXP_LGBModel_Alpha158_csi300_custom_step0_s_20261001_20,234de275c25240099ec14ad53312a960,0.082,,,
4737,2026-09-30,SH603392,-0.018188660074008597,EXP_LGBModel_Alpha158_csi300_custom_step0_s_20261001_20,234de275c25240099ec14ad53312a960,0.082,,,
4738,2026-09-30,SH603369,-0.014356686257021948,EXP_LGBModel_Alpha158_csi300_custom_step0_s_20261001_20,234de275c25240099ec14ad53312a960,0.082,,,
4739,2026-09-30,SH603296,-0.014809947338545905,EXP_LGBModel_Alpha158_csi300_custom_step0_s_20261001_20,234de275c25240099ec14ad53312a960,0.082,,,
4740,2026-09-30,SH603288,-0.0001533030748846699,EXP_LGBModel_Alpha158_csi300_custom_step0_s_20261001_20,234de275c25240099ec14ad53312a960,0.082,,,
4741,2026-09-30,SH603260,-0.02209122366611207,EXP_LGBModel_Alpha158_csi300_custom_step0_s_20261001_20,234de275c25240099ec14ad53312a960,0.082,,,
4742,2026-09-30,SH603259,-0.00964285276100364,EXP_LGBModel_Alpha158_csi300_custom_step0_s_20261001_20,234de275c25240099ec14ad53312a960,0.082,,,
4743,2026-09-30,SH603799,-0.011864727595861027,EXP_LGBModel_Alpha158_csi300_custom_step0_s_20261001_20,234de275c25240099ec14ad53312a960,0.082,,,
4744,2026-09-30,SZ000157,-0.0021036145515299642,EXP_LGBModel_Alpha158_csi300_custom_step0_s_20261001_20,234de275c25240099ec14ad53312a960,0.082,,,
4745,2026-09-30,SH688041,-0.01736609982496708,EXP_LGBModel_Alpha158_csi300_custom_step0_s_20261001_20,234de275c25240099ec14ad53312a960,0.082,,,
4746,2026-09-30,SH688072,-0.019615421286976742,EXP_LGBModel_Alpha158_csi300_custom_step0_s_20261001_20,234de275c25240099ec14ad53312a960,0.082,,,
4747,2026-09-30,SZ000063,-0.01447294262726192,EXP_LGBModel_Alpha158_csi300_custom_step0_s_20261001_20,234de275c25240099ec14ad53312a960,0.082,,,
4748,2026-09-30,SZ000002,-0.008239811646017642,EXP_LGBModel_Alpha158_csi300_custom_step0_s_20261001_20,234de275c25240099ec14ad53312a960,0.082,,,
4749,2026-09-30,SZ000001,0.02198798910066701,EXP_LGBModel_Alpha158_csi300_custom_step0_s_20261001_20,234de275c25240099ec14ad53312a960,0.082,,,
4750,2026-09-30,SH688981,-0.00994582101895615,EXP_LGBModel_Alpha158_csi300_custom_step0_s_20261001_20,234de275c25240099ec14ad53312a960,0.082,,,
4751,2026-09-30,SH688521,-0.01444945610383384,EXP_LGBModel_Alpha158_csi300_custom_step0_s_20261001_20,234de275c25240099ec14ad53312a960,0.082,,,
4752,2026-09-30,SH688506,-0.011748774450051121,EXP_LGBModel_Alpha158_csi300_custom_step0_s_20261001_20,234de275c25240099ec14ad53312a960,0.082,,,
4753,2026-09-30,SH688472,0.03230676617927585,EXP_LGBModel_Alpha158_csi300_custom_step0_s_20261001_20,234de275c25240099ec14ad53312a960,0.082,,,
4754,2026-09-30,SH688047,-0.017764055641538472,EXP_LGBModel_Alpha158_csi300_custom_step0_s_20261001_20,234de275c25240099ec14ad53312a960,0.082,,,
4755,2026-09-30,SH688396,-0.02209122366611207,EXP_LGBModel_Alpha158_csi300_custom_step0_s_20261001_20,234de275c25240099ec14ad53312a960,0.082,,,
4756,2026-09-30,SH688271,-0.004833333193421496,EXP_LGBModel_Alpha158_csi300_custom_step0_s_20261001_20,234de275c25240099ec14ad53312a960,0.082,,,
4757,2026-09-30,SH688256,-0.02209122366611207,EXP_LGBModel_Alpha158_csi300_custom_step0_s_20261001_20,234de275c25240099ec14ad53312a960,0.082,,,
4758,2026-09-30,SH688223,-0.012230720964923779,EXP_LGBModel_Alpha158_csi300_custom_step0_s_20261001_20,234de275c25240099ec14ad53312a960,0.082,,,
4759,2026-09-30,SH688183,0.0024037898651543665,EXP_LGBModel_Alpha158_csi300_custom_step0_s_20261001_20,234de275c25240099ec14ad53312a960,0.082,,,
4760,2026-09-30,SH688126,-0.020013377103548134,EXP_LGBModel_Alpha158_csi300_custom_step0_s_20261001_20,234de275c25240099ec14ad53312a960,0.082,,,
4761,2026-09-30,SH688111,-0.01152308516994556,EXP_LGBModel_Alpha158_csi300_custom_step0_s_20261001_20,234de275c25240099ec14ad53312a960,0.082,,,
4762,2026-09-30,SH688082,-0.019208748123590712,EXP_LGBModel_Alpha158_csi300_custom_step0_s_20261001_20,234de275c25240099ec14ad53312a960,0.082,,,
4763,2026-09-30,SH688303,-0.018413542794084303,EXP_LGBModel_Alpha158_csi300_custom_step0_s_20261001_20,234de275c25240099ec14ad53312a960,0.082,,,
4764,2026-09-30,SH600905,-0.002645296040449705,EXP_LGBModel_Alpha158_csi300_custom_step0_s_20261001_20,234de275c25240099ec14ad53312a960,0.082,,,
4765,2026-09-30,SH601088,0.02862926699974618,EXP_LGBModel_Alpha158_csi300_custom_step0_s_20261001_20,9d17af96d3fa4051ae9ce64b1b90cd83,0.024,,,
4766,2026-09-30,SH601111,0.02095843189668216,EXP_LGBModel_Alpha158_csi300_custom_step0_s_20261001_20,9d17af96d3fa4051ae9ce64b1b90cd83,0.024,,,
4767,2026-09-30,SH600025,0.14606580406266526,EXP_DEnsembleModel_Alpha158_csi300_custom_step0_s_20261001_18,ec6f51d61d9f48828d787190a2bb34d7,0.106,,,
4768,2026-09-30,SH600023,0.07294517227070065,EXP_DEnsembleModel_Alpha158_csi300_custom_step0_s_20261001_18,ec6f51d61d9f48828d787190a2bb34d7,0.106,,,
4769,2026-09-30,SH600019,0.1785895425448268,EXP_DEnsembleModel_Alpha158_csi300_custom_step0_s_20261001_18,ec6f51d61d9f48828d787190a2bb34d7,0.106,,,
4770,2026-09-30,SH600018,0.011116545690772518,EXP_DEnsembleModel_Alpha158_csi300_custom_step0_s_20261001_18,ec6f51d61d9f48828d787190a2bb34d7,0.106,,,
4771,2026-09-30,SH600016,0.14128544562734,EXP_DEnsembleModel_Alpha158_csi300_custom_step0_s_20261001_18,ec6f51d61d9f48828d787190a2bb34d7,0.106,,,
4772,2026-09-30,SH600015,0.04833602463755969,EXP_DEnsembleModel_Alpha158_csi300_custom_step0_s_20261001_18,ec6f51d61d9f48828d787190a2bb34d7,0.106,,,
4773,2026-09-30,SH600011,0.12565514763332322,EXP_DEnsembleModel_Alpha158_csi300_custom_step0_s_20261001_18,ec6f51d61d9f48828d787190a2bb34d7,0.106,,,
4774,2026-09-30,SH600010,0.007968114891538543,EXP_DEnsembleModel_Alpha158_csi300_custom_step0_s_20261001_18,ec6f51d61d9f48828d787190a2bb34d7,0.106,,,
4775,2026-09-30,SH600009,0.09672718432587125,EXP_DEnsembleModel_Alpha158_csi300_custom_step0_s_20261001_18,ec6f51d61d9f48828d787190a2bb34d7,0.106,,,
4776,2026-09-30,SH600000,0.09554889769817335,EXP_DEnsembleModel_Alpha158_csi300_custom_step0_s_20261001_18,ec6f51d61d9f48828d787190a2bb34d7,0.106,,,
4777,2026-09-30,SZ302132,-0.011292693756124163,EXP_LGBModel_Alpha158_csi300_custom_step0_s_20261001_20,9d17af96d3fa4051ae9ce64b1b90cd83,0.024,,,
4778,2026-09-30,SZ301308,-0.021021024700545017,EXP_LGBModel_Alpha158_csi300_custom_step0_s_20261001_20,9d17af96d3fa4051ae9ce64b1b90cd83,0.024,,,
4779,2026-09-30,SZ301269,-0.027234818564996675,EXP_LGBModel_Alpha158_csi300_custom_step0_s_20261001_20,9d17af96d3fa4051ae9ce64b1b90cd83,0.024,,,
4780,2026-09-30,SZ301236,-0.023445854726549555,EXP_LGBModel_Alpha158_csi300_custom_step0_s_20261001_20,9d17af96d3fa4051ae9ce64b1b90cd83,0.024,,,
4781,2026-09-30,SZ301165,-0.011137528798479523,EXP_LGBModel_Alpha158_csi300_custom_step0_s_20261001_20,9d17af96d3fa4051ae9ce64b1b90cd83,0.024,,,
4782,2026-09-30,SH600026,-0.09652492837140858,EXP_DEnsembleModel_Alpha158_csi300_custom_step0_s_20261001_18,ec6f51d61d9f48828d787190a2bb34d7,0.106,,,
4783,2026-09-30,SH600027,0.110767093987088,EXP_DEnsembleModel_Alpha158_csi300_custom_step0_s_20261001_18,ec6f51d61d9f48828d787190a2bb34d7,0.106,,,
4784,2026-09-30,SH600028,-0.0735911073262986,EXP_DEnsembleModel_Alpha158_csi300_custom_step0_s_20261001_18,ec6f51d61d9f48828d787190a2bb34d7,0.106,,,
4785,2026-09-30,SH600029,0.07378570330396389,EXP_DEnsembleModel_Alpha158_csi300_custom_step0_s_20261001_18,ec6f51d61d9f48828d787190a2bb34d7,0.106,,,
4786,2026-09-30,SH600160,-0.019895703866847338,EXP_DEnsembleModel_Alpha158_csi300_custom_step0_s_20261001_18,ec6f51d61d9f48828d787190a2bb34d7,0.106,,,
4787,2026-09-30,SH600150,-0.05006324652675569,EXP_DEnsembleModel_Alpha158_csi300_custom_step0_s_20261001_18,ec6f51d61d9f48828d787190a2bb34d7,0.106,,,
4788,2026-09-30,SH600118,-0.016329263606147885,EXP_DEnsembleModel_Alpha158_csi300_custom_step0_s_20261001_18,ec6f51d61d9f48828d787190a2bb34d7,0.106,,,
4789,2026-09-30,SH600115,-0.021520426687023027,EXP_DEnsembleModel_Alpha158_csi300_custom_step0_s_20261001_18,ec6f51d61d9f48828d787190a2bb34d7,0.106,,,
4790,2026-09-30,SH600111,-0.023011852702243228,EXP_DEnsembleModel_Alpha158_csi300_custom_step0_s_20261001_18,ec6f51d61d9f48828d787190a2bb34d7,0.106,,,
4791,2026-09-30,SH600104,-0.06950046184782702,EXP_DEnsembleModel_Alpha158_csi300_custom_step0_s_20261001_18,ec6f51d61d9f48828d787190a2bb34d7,0.106,,,
4792,2026-09-30,SH600089,0.0016917544525361333,EXP_DEnsembleModel_Alpha158_csi300_custom_step0_s_20261001_18,ec6f51d61d9f48828d787190a2bb34d7,0.106,,,
4793,2026-09-30,SZ300999,-0.023552303287847347,EXP_LGBModel_Alpha158_csi300_custom_step0_s_20261001_20,9d17af96d3fa4051ae9ce64b1b90cd83,0.024,,,
4794,2026-09-30,SH600085,0.0962770273667151,EXP_DEnsembleModel_Alpha158_csi300_custom_step0_s_20261001_18,ec6f51d61d9f48828d787190a2bb34d7,0.106,,,
4795,2026-09-30,SH600061,0.03481427945900231,EXP_DEnsembleModel_Alpha158_csi300_custom_step0_s_20261001_18,ec6f51d61d9f48828d787190a2bb34d7,0.106,,,
4796,2026-09-30,SH600050,0.13689290443039762,EXP_DEnsembleModel_Alpha158_csi300_custom_step0_s_20261001_18,ec6f51d61d9f48828d787190a2bb34d7,0.106,,,
4797,2026-09-30,SH600048,0.03682643534646591,EXP_DEnsembleModel_Alpha158_csi300_custom_step0_s_20261001_18,ec6f51d61d9f48828d787190a2bb34d7,0.106,,,
4798,2026-09-30,SH600039,0.02278938001039106,EXP_DEnsembleModel_Alpha158_csi300_custom_step0_s_20261001_18,ec6f51d61d9f48828d787190a2bb34d7,0.106,,,
4799,2026-09-30,SH600036,0.0897988146108656,EXP_DEnsembleModel_Alpha158_csi300_custom_step0_s_20261001_18,ec6f51d61d9f48828d787190a2bb34d7,0.106,,,
4800,2026-09-30,SH600031,-0.010314116635753821,EXP_DEnsembleModel_Alpha158_csi300_custom_step0_s_20261001_18,ec6f51d61d9f48828d787190a2bb34d7,0.106,,,
4801,2026-09-30,SH600030,-0.010281969872665615,EXP_DEnsembleModel_Alpha158_csi300_custom_step0_s_20261001_18,ec6f51d61d9f48828d787190a2bb34d7,0.106,,,
4802,2026-09-30,SH600066,0.06851377708338798,EXP_DEnsembleModel_Alpha158_csi300_custom_step0_s_20261001_18,ec6f51d61d9f48828d787190a2bb34d7,0.106,,,
4803,2026-09-30,SZ300896,-0.018863308802056684,EXP_LGBModel_Alpha158_csi300_custom_step0_s_20261001_20,9d17af96d3fa4051ae9ce64b1b90cd83,0.024,,,
4804,2026-09-30,SZ300866,0.009418776802690024,EXP_LGBModel_Alpha158_csi300_custom_step0_s_20261001_20,9d17af96d3fa4051ae9ce64b1b90cd83,0.024,,,
4805,2026-09-30,SZ300832,-0.00026389150707289597,EXP_LGBModel_Alpha158_csi300_custom_step0_s_20261001_20,9d17af96d3fa4051ae9ce64b1b90cd83,0.024,,,
4806,2026-09-30,SZ300122,-0.0034658893735308558,EXP_LGBModel_Alpha158_csi300_custom_step0_s_20261001_20,9d17af96d3fa4051ae9ce64b1b90cd83,0.024,,,
4807,2026-09-30,SZ300059,-0.031479323648073966,EXP_LGBModel_Alpha158_csi300_custom_step0_s_20261001_20,9d17af96d3fa4051ae9ce64b1b90cd83,0.024,,,
4808,2026-09-30,SZ300033,-0.02217241161440023,EXP_LGBModel_Alpha158_csi300_custom_step0_s_20261001_20,9d17af96d3fa4051ae9ce64b1b90cd83,0.024,,,
4809,2026-09-30,SZ300015,0.005650438332078603,EXP_LGBModel_Alpha158_csi300_custom_step0_s_20261001_20,9d17af96d3fa4051ae9ce64b1b90cd83,0.024,,,
4810,2026-09-30,SZ300014,-0.032162673192437284,EXP_LGBModel_Alpha158_csi300_custom_step0_s_20261001_20,9d17af96d3fa4051ae9ce64b1b90cd83,0.024,,,
4811,2026-09-30,SZ003816,0.016726401813629138,EXP_LGBModel_Alpha158_csi300_custom_step0_s_20261001_20,9d17af96d3fa4051ae9ce64b1b90cd83,0.024,,,
4812,2026-09-30,SZ002938,-0.0337956925498182,EXP_LGBModel_Alpha158_csi300_custom_step0_s_20261001_20,9d17af96d3fa4051ae9ce64b1b90cd83,0.024,,,
4813,2026-09-30,SZ300124,0.007950535702822545,EXP_LGBModel_Alpha158_csi300_custom_step0_s_20261001_20,9d17af96d3fa4051ae9ce64b1b90cd83,0.024,,,
4814,2026-09-30,SZ002920,-0.019435247340053155,EXP_LGBModel_Alpha158_csi300_custom_step0_s_20261001_20,9d17af96d3fa4051ae9ce64b1b90cd83,0.024,,,
4815,2026-09-30,SZ002837,-0.014456593275661098,EXP_LGBModel_Alpha158_csi300_custom_step0_s_20261001_20,9d17af96d3fa4051ae9ce64b1b90cd83,0.024,,,
4816,2026-09-30,SZ002736,0.001740232186327112,EXP_LGBModel_Alpha158_csi300_custom_step0_s_20261001_20,9d17af96d3fa4051ae9ce64b1b90cd83,0.024,,,
4817,2026-09-30,SZ002714,0.015817418657308454,EXP_LGBModel_Alpha158_csi300_custom_step0_s_20261001_20,9d17af96d3fa4051ae9ce64b1b90cd83,0.024,,,
4818,2026-09-30,SZ002709,-0.010667576556995857,EXP_LGBModel_Alpha158_csi300_custom_step0_s_20261001_20,9d17af96d3fa4051ae9ce64b1b90cd83,0.024,,,
4819,2026-09-30,SZ002648,0.015657054364348232,EXP_LGBModel_Alpha158_csi300_custom_step0_s_20261001_20,9d17af96d3fa4051ae9ce64b1b90cd83,0.024,,,
4820,2026-09-30,SZ002625,-0.0066324343032231345,EXP_LGBModel_Alpha158_csi300_custom_step0_s_20261001_20,9d17af96d3fa4051ae9ce64b1b90cd83,0.024,,,
4821,2026-09-30,SZ002602,-0.020953169894835907,EXP_LGBModel_Alpha158_csi300_custom_step0_s_20261001_20,9d17af96d3fa4051ae9ce64b1b90cd83,0.024,,,
4822,2026-09-30,SZ002916,-0.03017369307101742,EXP_LGBModel_Alpha158_csi300_custom_step0_s_20261001_20,9d17af96d3fa4051ae9ce64b1b90cd83,0.024,,,
4823,2026-09-30,SH600176,-0.027237747876340854,EXP_DEnsembleModel_Alpha158_csi300_custom_step0_s_20261001_18,ec6f51d61d9f48828d787190a2bb34d7,0.106,,,
4824,2026-09-30,SZ300251,0.0047927704353117,EXP_LGBModel_Alpha158_csi300_custom_step0_s_20261001_20,9d17af96d3fa4051ae9ce64b1b90cd83,0.024,,,
4825,2026-09-30,SZ300308,-0.018872194774809493,EXP_LGBModel_Alpha158_csi300_custom_step0_s_20261001_20,9d17af96d3fa4051ae9ce64b1b90cd83,0.024,,,
4826,2026-09-30,SZ300803,-0.036623132420822074,EXP_LGBModel_Alpha158_csi300_custom_step0_s_20261001_20,9d17af96d3fa4051ae9ce64b1b90cd83,0.024,,,
4827,2026-09-30,SZ300760,0.012751483754943721,EXP_LGBModel_Alpha158_csi300_custom_step0_s_20261001_20,9d17af96d3fa4051ae9ce64b1b90cd83,0.024,,,
4828,2026-09-30,SZ300750,0.05095992343553145,EXP_LGBModel_Alpha158_csi300_custom_step0_s_20261001_20,9d17af96d3fa4051ae9ce64b1b90cd83,0.024,,,
4829,2026-09-30,SZ300661,-0.02148501028219789,EXP_LGBModel_Alpha158_csi300_custom_step0_s_20261001_20,9d17af96d3fa4051ae9ce64b1b90cd83,0.024,,,
4830,2026-09-30,SZ300628,0.004420210838213388,EXP_LGBModel_Alpha158_csi300_custom_step0_s_20261001_20,9d17af96d3fa4051ae9ce64b1b90cd83,0.024,,,
4831,2026-09-30,SZ300502,-0.02291811040455589,EXP_LGBModel_Alpha158_csi300_custom_step0_s_20261001_20,9d17af96d3fa4051ae9ce64b1b90cd83,0.024,,,
4832,2026-09-30,SZ300498,0.013270680593414207,EXP_LGBModel_Alpha158_csi300_custom_step0_s_20261001_20,9d17af96d3fa4051ae9ce64b1b90cd83,0.024,,,
4833,2026-09-30,SZ300274,0.014549939916189036,EXP_LGBModel_Alpha158_csi300_custom_step0_s_20261001_20,9d17af96d3fa4051ae9ce64b1b90cd83,0.024,,,
4834,2026-09-30,SZ300476,-0.01982754089726431,EXP_LGBModel_Alpha158_csi300_custom_step0_s_20261001_20,9d17af96d3fa4051ae9ce64b1b90cd83,0.024,,,
4835,2026-09-30,SZ300442,-0.041478138106330296,EXP_LGBModel_Alpha158_csi300_custom_step0_s_20261001_20,9d17af96d3fa4051ae9ce64b1b90cd83,0.024,,,
4836,2026-09-30,SZ300433,-0.03137047670379105,EXP_LGBModel_Alpha158_csi300_custom_step0_s_20261001_20,9d17af96d3fa4051ae9ce64b1b90cd83,0.024,,,
4837,2026-09-30,SZ300418,-0.027372820510719424,EXP_LGBModel_Alpha158_csi300_custom_step0_s_20261001_20,9d17af96d3fa4051ae9ce64b1b90cd83,0.024,,,
4838,2026-09-30,SZ300413,0.023065078271282267,EXP_LGBModel_Alpha158_csi300_custom_step0_s_20261001_20,9d17af96d3fa4051ae9ce64b1b90cd83,0.024,,,
4839,2026-09-30,SZ300408,-0.02894068686430998,EXP_LGBModel_Alpha158_csi300_custom_step0_s_20261001_20,9d17af96d3fa4051ae9ce64b1b90cd83,0.024,,,
4840,2026-09-30,SZ300394,-0.01138689831777443,EXP_LGBModel_Alpha158_csi300_custom_step0_s_20261001_20,9d17af96d3fa4051ae9ce64b1b90cd83,0.024,,,
4841,2026-09-30,SZ300316,-0.018816681024532253,EXP_LGBModel_Alpha158_csi300_custom_step0_s_20261001_20,9d17af96d3fa4051ae9ce64b1b90cd83,0.024,,,
4842,2026-09-30,SZ300450,0.011934670461473496,EXP_LGBModel_Alpha158_csi300_custom_step0_s_20261001_20,9d17af96d3fa4051ae9ce64b1b90cd83,0.024,,,
4843,2026-09-30,SH600183,-0.1205110220557701,EXP_DEnsembleModel_Alpha158_csi300_custom_step0_s_20261001_18,ec6f51d61d9f48828d787190a2bb34d7,0.106,,,
4844,2026-09-30,SH600188,-0.017708436779467793,EXP_DEnsembleModel_Alpha158_csi300_custom_step0_s_20261001_18,ec6f51d61d9f48828d787190a2bb34d7,0.106,,,
4845,2026-09-30,SH600196,0.08773382565612124,EXP_DEnsembleModel_Alpha158_csi300_custom_step0_s_20261001_18,ec6f51d61d9f48828d787190a2bb34d7,0.106,,,
4846,2026-09-30,SH601058,0.019954830194260992,EXP_DEnsembleModel_Alpha158_csi300_custom_step0_s_20261001_18,ec6f51d61d9f48828d787190a2bb34d7,0.106,,,
4847,2026-09-30,SH601021,0.04386911501031595,EXP_DEnsembleModel_Alpha158_csi300_custom_step0_s_20261001_18,ec6f51d61d9f48828d787190a2bb34d7,0.106,,,
4848,2026-09-30,SH601018,0.18748403845953707,EXP_DEnsembleModel_Alpha158_csi300_custom_step0_s_20261001_18,ec6f51d61d9f48828d787190a2bb34d7,0.106,,,
4849,2026-09-30,SH601012,-0.01063685052630565,EXP_DEnsembleModel_Alpha158_csi300_custom_step0_s_20261001_18,ec6f51d61d9f48828d787190a2bb34d7,0.106,,,
4850,2026-09-30,SH601009,0.10938080630586013,EXP_DEnsembleModel_Alpha158_csi300_custom_step0_s_20261001_18,ec6f51d61d9f48828d787190a2bb34d7,0.106,,,
4851,2026-09-30,SH601006,0.12719470801294258,EXP_DEnsembleModel_Alpha158_csi300_custom_step0_s_20261001_18,ec6f51d61d9f48828d787190a2bb34d7,0.106,,,
4852,2026-09-30,SH600999,-0.03554283316739274,EXP_DEnsembleModel_Alpha158_csi300_custom_step0_s_20261001_18,ec6f51d61d9f48828d787190a2bb34d7,0.106,,,
4853,2026-09-30,SH601066,-0.04153154940580492,EXP_DEnsembleModel_Alpha158_csi300_custom_step0_s_20261001_18,ec6f51d61d9f48828d787190a2bb34d7,0.106,,,
4854,2026-09-30,SH600989,0.010390974853938572,EXP_DEnsembleModel_Alpha158_csi300_custom_step0_s_20261001_18,ec6f51d61d9f48828d787190a2bb34d7,0.106,,,
4855,2026-09-30,SH600941,0.08146271629760689,EXP_DEnsembleModel_Alpha158_csi300_custom_step0_s_20261001_18,ec6f51d61d9f48828d787190a2bb34d7,0.106,,,
4856,2026-09-30,SH600938,0.06325291999718761,EXP_DEnsembleModel_Alpha158_csi300_custom_step0_s_20261001_18,ec6f51d61d9f48828d787190a2bb34d7,0.106,,,
4857,2026-09-30,SH600930,0.01890269333412725,EXP_DEnsembleModel_Alpha158_csi300_custom_step0_s_20261001_18,ec6f51d61d9f48828d787190a2bb34d7,0.106,,,
4858,2026-09-30,SH600926,0.09095070687299162,EXP_DEnsembleModel_Alpha158_csi300_custom_step0_s_20261001_18,ec6f51d61d9f48828d787190a2bb34d7,0.106,,,
4859,2026-09-30,SH600919,0.14141586908758197,EXP_DEnsembleModel_Alpha158_csi300_custom_step0_s_20261001_18,ec6f51d61d9f48828d787190a2bb34d7,0.106,,,
4860,2026-09-30,SH600918,0.057735252350360255,EXP_DEnsembleModel_Alpha158_csi300_custom_step0_s_20261001_18,ec6f51d61d9f48828d787190a2bb34d7,0.106,,,
4861,2026-09-30,SH600905,0.049644993871844546,EXP_DEnsembleModel_Alpha158_csi300_custom_step0_s_20261001_18,ec6f51d61d9f48828d787190a2bb34d7,0.106,,,
4862,2026-09-30,SH600958,0.020179983752450434,EXP_DEnsembleModel_Alpha158_csi300_custom_step0_s_20261001_18,ec6f51d61d9f48828d787190a2bb34d7,0.106,,,
4863,2026-09-30,SH600900,0.10963421211745461,EXP_DEnsembleModel_Alpha158_csi300_custom_step0_s_20261001_18,ec6f51d61d9f48828d787190a2bb34d7,0.106,,,
4864,2026-09-30,SH601077,0.08669038098652254,EXP_DEnsembleModel_Alpha158_csi300_custom_step0_s_20261001_18,ec6f51d61d9f48828d787190a2bb34d7,0.106,,,
4865,2026-09-30,SH601100,0.05991071752240547,EXP_DEnsembleModel_Alpha158_csi300_custom_step0_s_20261001_18,ec6f51d61d9f48828d787190a2bb34d7,0.106,,,
4866,2026-09-30,SH601328,0.11347724375035767,EXP_DEnsembleModel_Alpha158_csi300_custom_step0_s_20261001_18,ec6f51d61d9f48828d787190a2bb34d7,0.106,,,
4867,2026-09-30,SH601319,0.06867440593574499,EXP_DEnsembleModel_Alpha158_csi300_custom_step0_s_20261001_18,ec6f51d61d9f48828d787190a2bb34d7,0.106,,,
4868,2026-09-30,SH601318,-0.014560633921721059,EXP_DEnsembleModel_Alpha158_csi300_custom_step0_s_20261001_18,ec6f51d61d9f48828d787190a2bb34d7,0.106,,,
4869,2026-09-30,SH601288,0.10638215332017613,EXP_DEnsembleModel_Alpha158_csi300_custom_step0_s_20261001_18,ec6f51d61d9f48828d787190a2bb34d7,0.106,,,
4870,2026-09-30,SH601238,0.09185619688069392,EXP_DEnsembleModel_Alpha158_csi300_custom_step0_s_20261001_18,ec6f51d61d9f48828d787190a2bb34d7,0.106,,,
4871,2026-09-30,SH601229,0.15179821202518468,EXP_DEnsembleModel_Alpha158_csi300_custom_step0_s_20261001_18,ec6f51d61d9f48828d787190a2bb34d7,0.106,,,
4872,2026-09-30,SH601225,-0.012038054289616441,EXP_DEnsembleModel_Alpha158_csi300_custom_step0_s_20261001_18,ec6f51d61d9f48828d787190a2bb34d7,0.106,,,
4873,2026-09-30,SH601088,0.014640869622536933,EXP_DEnsembleModel_Alpha158_csi300_custom_step0_s_20261001_18,ec6f51d61d9f48828d787190a2bb34d7,0.106,,,
4874,2026-09-30,SH601211,-0.014765786723511356,EXP_DEnsembleModel_Alpha158_csi300_custom_step0_s_20261001_18,ec6f51d61d9f48828d787190a2bb34d7,0.106,,,
4875,2026-09-30,SH601169,0.04144381693298096,EXP_DEnsembleModel_Alpha158_csi300_custom_step0_s_20261001_18,ec6f51d61d9f48828d787190a2bb34d7,0.106,,,
4876,2026-09-30,SH601166,0.09390784662108562,EXP_DEnsembleModel_Alpha158_csi300_custom_step0_s_20261001_18,ec6f51d61d9f48828d787190a2bb34d7,0.106,,,
4877,2026-09-30,SH601138,-0.09995493602362361,EXP_DEnsembleModel_Alpha158_csi300_custom_step0_s_20261001_18,ec6f51d61d9f48828d787190a2bb34d7,0.106,,,
4878,2026-09-30,SH601136,-0.04221519604144262,EXP_DEnsembleModel_Alpha158_csi300_custom_step0_s_20261001_18,ec6f51d61d9f48828d787190a2bb34d7,0.106,,,
4879,2026-09-30,SH601127,-0.011183958877784199,EXP_DEnsembleModel_Alpha158_csi300_custom_step0_s_20261001_18,ec6f51d61d9f48828d787190a2bb34d7,0.106,,,
4880,2026-09-30,SH601117,0.03773681501227537,EXP_DEnsembleModel_Alpha158_csi300_custom_step0_s_20261001_18,ec6f51d61d9f48828d787190a2bb34d7,0.106,,,
4881,2026-09-30,SH601111,0.06007105900712102,EXP_DEnsembleModel_Alpha158_csi300_custom_step0_s_20261001_18,ec6f51d61d9f48828d787190a2bb34d7,0.106,,,
4882,2026-09-30,SH601186,0.11327172379487312,EXP_DEnsembleModel_Alpha158_csi300_custom_step0_s_20261001_18,ec6f51d61d9f48828d787190a2bb34d7,0.106,,,
4883,2026-09-30,SZ002600,-0.018650980354970214,EXP_LGBModel_Alpha158_csi300_custom_step0_s_20261001_20,9d17af96d3fa4051ae9ce64b1b90cd83,0.024,,,
4884,2026-09-30,SH600893,-0.053068677660928654,EXP_DEnsembleModel_Alpha158_csi300_custom_step0_s_20261001_18,ec6f51d61d9f48828d787190a2bb34d7,0.106,,,
4885,2026-09-30,SH600886,0.045719141561432405,EXP_DEnsembleModel_Alpha158_csi300_custom_step0_s_20261001_18,ec6f51d61d9f48828d787190a2bb34d7,0.106,,,
4886,2026-09-30,SH600489,0.033432763555865073,EXP_DEnsembleModel_Alpha158_csi300_custom_step0_s_20261001_18,ec6f51d61d9f48828d787190a2bb34d7,0.106,,,
4887,2026-09-30,SH600482,0.013021331486044951,EXP_DEnsembleModel_Alpha158_csi300_custom_step0_s_20261001_18,ec6f51d61d9f48828d787190a2bb34d7,0.106,,,
4888,2026-09-30,SH600460,-0.011845219255793411,EXP_DEnsembleModel_Alpha158_csi300_custom_step0_s_20261001_18,ec6f51d61d9f48828d787190a2bb34d7,0.106,,,
4889,2026-09-30,SH600438,-0.04825314142417206,EXP_DEnsembleModel_Alpha158_csi300_custom_step0_s_20261001_18,ec6f51d61d9f48828d787190a2bb34d7,0.106,,,
4890,2026-09-30,SH600436,-0.02077662291091791,EXP_DEnsembleModel_Alpha158_csi300_custom_step0_s_20261001_18,ec6f51d61d9f48828d787190a2bb34d7,0.106,,,
4891,2026-09-30,SH600426,-0.028400452634399838,EXP_DEnsembleModel_Alpha158_csi300_custom_step0_s_20261001_18,ec6f51d61d9f48828d787190a2bb34d7,0.106,,,
4892,2026-09-30,SH600415,-0.037042115550189596,EXP_DEnsembleModel_Alpha158_csi300_custom_step0_s_20261001_18,ec6f51d61d9f48828d787190a2bb34d7,0.106,,,
4893,2026-09-30,SH600515,0.02904565017356611,EXP_DEnsembleModel_Alpha158_csi300_custom_step0_s_20261001_18,ec6f51d61d9f48828d787190a2bb34d7,0.106,,,
4894,2026-09-30,SH600406,0.07526246038712636,EXP_DEnsembleModel_Alpha158_csi300_custom_step0_s_20261001_18,ec6f51d61d9f48828d787190a2bb34d7,0.106,,,
4895,2026-09-30,SH600362,-0.032370768631536546,EXP_DEnsembleModel_Alpha158_csi300_custom_step0_s_20261001_18,ec6f51d61d9f48828d787190a2bb34d7,0.106,,,
4896,2026-09-30,SH600346,-0.032582817781016675,EXP_DEnsembleModel_Alpha158_csi300_custom_step0_s_20261001_18,ec6f51d61d9f48828d787190a2bb34d7,0.106,,,
4897,2026-09-30,SH600309,-0.06199200141522417,EXP_DEnsembleModel_Alpha158_csi300_custom_step0_s_20261001_18,ec6f51d61d9f48828d787190a2bb34d7,0.106,,,
4898,2026-09-30,SH600276,0.047249314780136685,EXP_DEnsembleModel_Alpha158_csi300_custom_step0_s_20261001_18,ec6f51d61d9f48828d787190a2bb34d7,0.106,,,
4899,2026-09-30,SH600233,-0.018443610604882414,EXP_DEnsembleModel_Alpha158_csi300_custom_step0_s_20261001_18,ec6f51d61d9f48828d787190a2bb34d7,0.106,,,
4900,2026-09-30,SH600221,0.07401304097536257,EXP_DEnsembleModel_Alpha158_csi300_custom_step0_s_20261001_18,ec6f51d61d9f48828d787190a2bb34d7,0.106,,,
4901,2026-09-30,SH600219,0.033447342943593396,EXP_DEnsembleModel_Alpha158_csi300_custom_step0_s_20261001_18,ec6f51d61d9f48828d787190a2bb34d7,0.106,,,
4902,2026-09-30,SH600372,0.049776632673924244,EXP_DEnsembleModel_Alpha158_csi300_custom_step0_s_20261001_18,ec6f51d61d9f48828d787190a2bb34d7,0.106,,,
4903,2026-09-30,SH600887,0.1736586320002308,EXP_DEnsembleModel_Alpha158_csi300_custom_step0_s_20261001_18,ec6f51d61d9f48828d787190a2bb34d7,0.106,,,
4904,2026-09-30,SH600519,0.07825028018725845,EXP_DEnsembleModel_Alpha158_csi300_custom_step0_s_20261001_18,ec6f51d61d9f48828d787190a2bb34d7,0.106,,,
4905,2026-09-30,SH600547,0.1879046512275238,EXP_DEnsembleModel_Alpha158_csi300_custom_step0_s_20261001_18,ec6f51d61d9f48828d787190a2bb34d7,0.106,,,
4906,2026-09-30,SH600875,-0.05549337053343852,EXP_DEnsembleModel_Alpha158_csi300_custom_step0_s_20261001_18,ec6f51d61d9f48828d787190a2bb34d7,0.106,,,
4907,2026-09-30,SH600845,0.0016698626339175515,EXP_DEnsembleModel_Alpha158_csi300_custom_step0_s_20261001_18,ec6f51d61d9f48828d787190a2bb34d7,0.106,,,
4908,2026-09-30,SH600809,-0.09349753846606726,EXP_DEnsembleModel_Alpha158_csi300_custom_step0_s_20261001_18,ec6f51d61d9f48828d787190a2bb34d7,0.106,,,
4909,2026-09-30,SH600803,0.05180399299662794,EXP_DEnsembleModel_Alpha158_csi300_custom_step0_s_20261001_18,ec6f51d61d9f48828d787190a2bb34d7,0.106,,,
4910,2026-09-30,SH600795,0.0938735174459666,EXP_DEnsembleModel_Alpha158_csi300_custom_step0_s_20261001_18,ec6f51d61d9f48828d787190a2bb34d7,0.106,,,
4911,2026-09-30,SH600760,-0.025121046181533695,EXP_DEnsembleModel_Alpha158_csi300_custom_step0_s_20261001_18,ec6f51d61d9f48828d787190a2bb34d7,0.106,,,
4912,2026-09-30,SH600741,0.0698076965601611,EXP_DEnsembleModel_Alpha158_csi300_custom_step0_s_20261001_18,ec6f51d61d9f48828d787190a2bb34d7,0.106,,,
4913,2026-09-30,SH600522,-0.058443039537910274,EXP_DEnsembleModel_Alpha158_csi300_custom_step0_s_20261001_18,ec6f51d61d9f48828d787190a2bb34d7,0.106,,,
4914,2026-09-30,SH600690,0.09761653188931942,EXP_DEnsembleModel_Alpha158_csi300_custom_step0_s_20261001_18,ec6f51d61d9f48828d787190a2bb34d7,0.106,,,
4915,2026-09-30,SH600660,0.03553880448049185,EXP_DEnsembleModel_Alpha158_csi300_custom_step0_s_20261001_18,ec6f51d61d9f48828d787190a2bb34d7,0.106,,,
4916,2026-09-30,SH600600,0.060006568162199216,EXP_DEnsembleModel_Alpha158_csi300_custom_step0_s_20261001_18,ec6f51d61d9f48828d787190a2bb34d7,0.106,,,
4917,2026-09-30,SH600588,-0.0191639108054974,EXP_DEnsembleModel_Alpha158_csi300_custom_step0_s_20261001_18,ec6f51d61d9f48828d787190a2bb34d7,0.106,,,
4918,2026-09-30,SH600585,0.026033750453304087,EXP_DEnsembleModel_Alpha158_csi300_custom_step0_s_20261001_18,ec6f51d61d9f48828d787190a2bb34d7,0.106,,,
4919,2026-09-30,SH600584,0.0001532729780255017,EXP_DEnsembleModel_Alpha158_csi300_custom_step0_s_20261001_18,ec6f51d61d9f48828d787190a2bb34d7,0.106,,,
4920,2026-09-30,SH600570,-0.06279097709007338,EXP_DEnsembleModel_Alpha158_csi300_custom_step0_s_20261001_18,ec6f51d61d9f48828d787190a2bb34d7,0.106,,,
4921,2026-09-30,SH600549,-0.0757909784075267,EXP_DEnsembleModel_Alpha158_csi300_custom_step0_s_20261001_18,ec6f51d61d9f48828d787190a2bb34d7,0.106,,,
4922,2026-09-30,SH600674,0.0665010973610139,EXP_DEnsembleModel_Alpha158_csi300_custom_step0_s_20261001_18,ec6f51d61d9f48828d787190a2bb34d7,0.106,,,
4923,2026-09-30,SH601100,-0.008205177951216447,EXP_LGBModel_Alpha158_csi300_custom_step0_s_20261001_20,9d17af96d3fa4051ae9ce64b1b90cd83,0.024,,,
4924,2026-09-30,SZ002594,0.0015451972639581133,EXP_LGBModel_Alpha158_csi300_custom_step0_s_20261001_20,9d17af96d3fa4051ae9ce64b1b90cd83,0.024,,,
4925,2026-09-30,SZ002532,-0.02181134859108372,EXP_LGBModel_Alpha158_csi300_custom_step0_s_20261001_20,9d17af96d3fa4051ae9ce64b1b90cd83,0.024,,,
4926,2026-09-30,SH601939,0.03347921756223393,EXP_LGBModel_Alpha158_csi300_custom_step0_s_20261001_20,9d17af96d3fa4051ae9ce64b1b90cd83,0.024,,,
4927,2026-09-30,SH601919,0.02489802971591183,EXP_LGBModel_Alpha158_csi300_custom_step0_s_20261001_20,9d17af96d3fa4051ae9ce64b1b90cd83,0.024,,,
4928,2026-09-30,SH601916,0.011893850521566196,EXP_LGBModel_Alpha158_csi300_custom_step0_s_20261001_20,9d17af96d3fa4051ae9ce64b1b90cd83,0.024,,,
4929,2026-09-30,SH601901,0.0016456206714722825,EXP_LGBModel_Alpha158_csi300_custom_step0_s_20261001_20,9d17af96d3fa4051ae9ce64b1b90cd83,0.024,,,
4930,2026-09-30,SH601899,-0.006380528440556532,EXP_LGBModel_Alpha158_csi300_custom_step0_s_20261001_20,9d17af96d3fa4051ae9ce64b1b90cd83,0.024,,,
4931,2026-09-30,SH601898,0.005452599623674074,EXP_LGBModel_Alpha158_csi300_custom_step0_s_20261001_20,9d17af96d3fa4051ae9ce64b1b90cd83,0.024,,,
4932,2026-09-30,SH601888,0.007038066181615775,EXP_LGBModel_Alpha158_csi300_custom_step0_s_20261001_20,9d17af96d3fa4051ae9ce64b1b90cd83,0.024,,,
4933,2026-09-30,SH601881,-0.01395152829977909,EXP_LGBModel_Alpha158_csi300_custom_step0_s_20261001_20,9d17af96d3fa4051ae9ce64b1b90cd83,0.024,,,
4934,2026-09-30,SH601878,0.002466387699319789,EXP_LGBModel_Alpha158_csi300_custom_step0_s_20261001_20,9d17af96d3fa4051ae9ce64b1b90cd83,0.024,,,
4935,2026-09-30,SH601877,0.011905329723811253,EXP_LGBModel_Alpha158_csi300_custom_step0_s_20261001_20,9d17af96d3fa4051ae9ce64b1b90cd83,0.024,,,
4936,2026-09-30,SH601872,-0.03453649199546185,EXP_LGBModel_Alpha158_csi300_custom_step0_s_20261001_20,9d17af96d3fa4051ae9ce64b1b90cd83,0.024,,,
4937,2026-09-30,SH601868,0.010660739135297182,EXP_LGBModel_Alpha158_csi300_custom_step0_s_20261001_20,9d17af96d3fa4051ae9ce64b1b90cd83,0.024,,,
4938,2026-09-30,SH601857,0.005855535868831788,EXP_LGBModel_Alpha158_csi300_custom_step0_s_20261001_20,9d17af96d3fa4051ae9ce64b1b90cd83,0.024,,,
4939,2026-09-30,SH601838,0.037624896044523626,EXP_LGBModel_Alpha158_csi300_custom_step0_s_20261001_20,9d17af96d3fa4051ae9ce64b1b90cd83,0.024,,,
4940,2026-09-30,SH601825,0.03847940963898766,EXP_LGBModel_Alpha158_csi300_custom_step0_s_20261001_20,9d17af96d3fa4051ae9ce64b1b90cd83,0.024,,,
4941,2026-09-30,SH601985,0.03347921756223393,EXP_LGBModel_Alpha158_csi300_custom_step0_s_20261001_20,9d17af96d3fa4051ae9ce64b1b90cd83,0.024,,,
4942,2026-09-30,SH601988,0.03151005677480011,EXP_LGBModel_Alpha158_csi300_custom_step0_s_20261001_20,9d17af96d3fa4051ae9ce64b1b90cd83,0.024,,,
4943,2026-09-30,SH601995,-0.016527357197726064,EXP_LGBModel_Alpha158_csi300_custom_step0_s_20261001_20,9d17af96d3fa4051ae9ce64b1b90cd83,0.024,,,
4944,2026-09-30,SH601998,0.023816841887310834,EXP_LGBModel_Alpha158_csi300_custom_step0_s_20261001_20,9d17af96d3fa4051ae9ce64b1b90cd83,0.024,,,
4945,2026-09-30,SH688009,0.0026329722832880895,EXP_LGBModel_Alpha158_csi300_custom_step0_s_20261001_20,9d17af96d3fa4051ae9ce64b1b90cd83,0.024,,,
4946,2026-09-30,SH688008,-0.03911625609068963,EXP_LGBModel_Alpha158_csi300_custom_step0_s_20261001_20,9d17af96d3fa4051ae9ce64b1b90cd83,0.024,,,
4947,2026-09-30,SH605499,-0.0056144488889269045,EXP_LGBModel_Alpha158_csi300_custom_step0_s_20261001_20,9d17af96d3fa4051ae9ce64b1b90cd83,0.024,,,
4948,2026-09-30,SH605117,-0.005024392027369259,EXP_LGBModel_Alpha158_csi300_custom_step0_s_20261001_20,9d17af96d3fa4051ae9ce64b1b90cd83,0.024,,,
4949,2026-09-30,SH603993,-0.012271178568412588,EXP_LGBModel_Alpha158_csi300_custom_step0_s_20261001_20,9d17af96d3fa4051ae9ce64b1b90cd83,0.024,,,
4950,2026-09-30,SH603986,-0.026821768580915575,EXP_LGBModel_Alpha158_csi300_custom_step0_s_20261001_20,9d17af96d3fa4051ae9ce64b1b90cd83,0.024,,,
4951,2026-09-30,SH603893,-0.030818118890902548,EXP_LGBModel_Alpha158_csi300_custom_step0_s_20261001_20,9d17af96d3fa4051ae9ce64b1b90cd83,0.024,,,
4952,2026-09-30,SH601818,0.02815708392068981,EXP_LGBModel_Alpha158_csi300_custom_step0_s_20261001_20,9d17af96d3fa4051ae9ce64b1b90cd83,0.024,,,
4953,2026-09-30,SH603799,-0.02799550588966493,EXP_LGBModel_Alpha158_csi300_custom_step0_s_20261001_20,9d17af96d3fa4051ae9ce64b1b90cd83,0.024,,,
4954,2026-09-30,SH603392,-0.030428445311867974,EXP_LGBModel_Alpha158_csi300_custom_step0_s_20261001_20,9d17af96d3fa4051ae9ce64b1b90cd83,0.024,,,
4955,2026-09-30,SH603369,-0.03432985253797858,EXP_LGBModel_Alpha158_csi300_custom_step0_s_20261001_20,9d17af96d3fa4051ae9ce64b1b90cd83,0.024,,,
4956,2026-09-30,SH603296,-0.025066251431752028,EXP_LGBModel_Alpha158_csi300_custom_step0_s_20261001_20,9d17af96d3fa4051ae9ce64b1b90cd83,0.024,,,
4957,2026-09-30,SH603288,0.007779935928304667,EXP_LGBModel_Alpha158_csi300_custom_step0_s_20261001_20,9d17af96d3fa4051ae9ce64b1b90cd83,0.024,,,
4958,2026-09-30,SH603260,-0.0312953444968854,EXP_LGBModel_Alpha158_csi300_custom_step0_s_20261001_20,9d17af96d3fa4051ae9ce64b1b90cd83,0.024,,,
4959,2026-09-30,SH603259,-0.013715696771645726,EXP_LGBModel_Alpha158_csi300_custom_step0_s_20261001_20,9d17af96d3fa4051ae9ce64b1b90cd83,0.024,,,
4960,2026-09-30,SH603019,-0.010739181531216065,EXP_LGBModel_Alpha158_csi300_custom_step0_s_20261001_20,9d17af96d3fa4051ae9ce64b1b90cd83,0.024,,,
4961,2026-09-30,SH603501,-0.03173314166815573,EXP_LGBModel_Alpha158_csi300_custom_step0_s_20261001_20,9d17af96d3fa4051ae9ce64b1b90cd83,0.024,,,
4962,2026-09-30,SH601816,0.004660156401922275,EXP_LGBModel_Alpha158_csi300_custom_step0_s_20261001_20,9d17af96d3fa4051ae9ce64b1b90cd83,0.024,,,
4963,2026-09-30,SH601800,0.031295270792636144,EXP_LGBModel_Alpha158_csi300_custom_step0_s_20261001_20,9d17af96d3fa4051ae9ce64b1b90cd83,0.024,,,
4964,2026-09-30,SH601788,-0.004925358488476056,EXP_LGBModel_Alpha158_csi300_custom_step0_s_20261001_20,9d17af96d3fa4051ae9ce64b1b90cd83,0.024,,,
4965,2026-09-30,SH601336,-0.022168490643007962,EXP_LGBModel_Alpha158_csi300_custom_step0_s_20261001_20,9d17af96d3fa4051ae9ce64b1b90cd83,0.024,,,
4966,2026-09-30,SH601328,0.041965239464395766,EXP_LGBModel_Alpha158_csi300_custom_step0_s_20261001_20,9d17af96d3fa4051ae9ce64b1b90cd83,0.024,,,
4967,2026-09-30,SH601319,-0.002066713348388193,EXP_LGBModel_Alpha158_csi300_custom_step0_s_20261001_20,9d17af96d3fa4051ae9ce64b1b90cd83,0.024,,,
4968,2026-09-30,SH601318,0.010308894186899505,EXP_LGBModel_Alpha158_csi300_custom_step0_s_20261001_20,9d17af96d3fa4051ae9ce64b1b90cd83,0.024,,,
4969,2026-09-30,SH601288,0.026273515084366154,EXP_LGBModel_Alpha158_csi300_custom_step0_s_20261001_20,9d17af96d3fa4051ae9ce64b1b90cd83,0.024,,,
4970,2026-09-30,SH601238,-0.0090094725411911,EXP_LGBModel_Alpha158_csi300_custom_step0_s_20261001_20,9d17af96d3fa4051ae9ce64b1b90cd83,0.024,,,
4971,2026-09-30,SH601229,0.04037522975593164,EXP_LGBModel_Alpha158_csi300_custom_step0_s_20261001_20,9d17af96d3fa4051ae9ce64b1b90cd83,0.024,,,
4972,2026-09-30,SH601360,-0.015552045487229643,EXP_LGBModel_Alpha158_csi300_custom_step0_s_20261001_20,9d17af96d3fa4051ae9ce64b1b90cd83,0.024,,,
4973,2026-09-30,SH601225,0.022335061064425697,EXP_LGBModel_Alpha158_csi300_custom_step0_s_20261001_20,9d17af96d3fa4051ae9ce64b1b90cd83,0.024,,,
4974,2026-09-30,SH601186,0.010490422419169473,EXP_LGBModel_Alpha158_csi300_custom_step0_s_20261001_20,9d17af96d3fa4051ae9ce64b1b90cd83,0.024,,,
4975,2026-09-30,SH601169,0.024052988155150837,EXP_LGBModel_Alpha158_csi300_custom_step0_s_20261001_20,9d17af96d3fa4051ae9ce64b1b90cd83,0.024,,,
4976,2026-09-30,SH601166,0.03179396403316902,EXP_LGBModel_Alpha158_csi300_custom_step0_s_20261001_20,9d17af96d3fa4051ae9ce64b1b90cd83,0.024,,,
4977,2026-09-30,SH601138,-0.03437887488682524,EXP_LGBModel_Alpha158_csi300_custom_step0_s_20261001_20,9d17af96d3fa4051ae9ce64b1b90cd83,0.024,,,
4978,2026-09-30,SH601136,-0.025122640876835675,EXP_LGBModel_Alpha158_csi300_custom_step0_s_20261001_20,9d17af96d3fa4051ae9ce64b1b90cd83,0.024,,,
4979,2026-09-30,SH601127,-0.01165769557115752,EXP_LGBModel_Alpha158_csi300_custom_step0_s_20261001_20,9d17af96d3fa4051ae9ce64b1b90cd83,0.024,,,
4980,2026-09-30,SH601117,0.006192914065864121,EXP_LGBModel_Alpha158_csi300_custom_step0_s_20261001_20,9d17af96d3fa4051ae9ce64b1b90cd83,0.024,,,
4981,2026-09-30,SH601211,-0.007372549449333339,EXP_LGBModel_Alpha158_csi300_custom_step0_s_20261001_20,9d17af96d3fa4051ae9ce64b1b90cd83,0.024,,,
4982,2026-09-30,SH688012,-0.03235569157365313,EXP_LGBModel_Alpha158_csi300_custom_step0_s_20261001_20,9d17af96d3fa4051ae9ce64b1b90cd83,0.024,,,
4983,2026-09-30,SH601377,0.0036887355765070295,EXP_LGBModel_Alpha158_csi300_custom_step0_s_20261001_20,9d17af96d3fa4051ae9ce64b1b90cd83,0.024,,,
4984,2026-09-30,SH601398,0.028580009024983328,EXP_LGBModel_Alpha158_csi300_custom_step0_s_20261001_20,9d17af96d3fa4051ae9ce64b1b90cd83,0.024,,,
4985,2026-09-30,SH601766,0.02061591642341966,EXP_LGBModel_Alpha158_csi300_custom_step0_s_20261001_20,9d17af96d3fa4051ae9ce64b1b90cd83,0.024,,,
4986,2026-09-30,SH601728,0.02089257231599444,EXP_LGBModel_Alpha158_csi300_custom_step0_s_20261001_20,9d17af96d3fa4051ae9ce64b1b90cd83,0.024,,,
4987,2026-09-30,SH601727,0.006008916193043017,EXP_LGBModel_Alpha158_csi300_custom_step0_s_20261001_20,9d17af96d3fa4051ae9ce64b1b90cd83,0.024,,,
4988,2026-09-30,SH601698,-0.02766321087573837,EXP_LGBModel_Alpha158_csi300_custom_step0_s_20261001_20,9d17af96d3fa4051ae9ce64b1b90cd83,0.024,,,
4989,2026-09-30,SH601689,-0.02928031029783621,EXP_LGBModel_Alpha158_csi300_custom_step0_s_20261001_20,9d17af96d3fa4051ae9ce64b1b90cd83,0.024,,,
4990,2026-09-30,SH601688,-0.007233747767992954,EXP_LGBModel_Alpha158_csi300_custom_step0_s_20261001_20,9d17af96d3fa4051ae9ce64b1b90cd83,0.024,,,
4991,2026-09-30,SH601669,0.004282799942876017,EXP_LGBModel_Alpha158_csi300_custom_step0_s_20261001_20,9d17af96d3fa4051ae9ce64b1b90cd83,0.024,,,
4992,2026-09-30,SH601390,0.010863377415217222,EXP_LGBModel_Alpha158_csi300_custom_step0_s_20261001_20,9d17af96d3fa4051ae9ce64b1b90cd83,0.024,,,
4993,2026-09-30,SH601668,0.01622763044020247,EXP_LGBModel_Alpha158_csi300_custom_step0_s_20261001_20,9d17af96d3fa4051ae9ce64b1b90cd83,0.024,,,
4994,2026-09-30,SH601633,-0.013892458020297573,EXP_LGBModel_Alpha158_csi300_custom_step0_s_20261001_20,9d17af96d3fa4051ae9ce64b1b90cd83,0.024,,,
4995,2026-09-30,SH601628,-0.031931684637401724,EXP_LGBModel_Alpha158_csi300_custom_step0_s_20261001_20,9d17af96d3fa4051ae9ce64b1b90cd83,0.024,,,
4996,2026-09-30,SH601618,0.014209473074461628,EXP_LGBModel_Alpha158_csi300_custom_step0_s_20261001_20,9d17af96d3fa4051ae9ce64b1b90cd83,0.024,,,
4997,2026-09-30,SH601607,0.017185903303382634,EXP_LGBModel_Alpha158_csi300_custom_step0_s_20261001_20,9d17af96d3fa4051ae9ce64b1b90cd83,0.024,,,
4998,2026-09-30,SH601601,-0.018557437237650617,EXP_LGBModel_Alpha158_csi300_custom_step0_s_20261001_20,9d17af96d3fa4051ae9ce64b1b90cd83,0.024,,,
4999,2026-09-30,SH601600,-0.02547781785585917,EXP_LGBModel_Alpha158_csi300_custom_step0_s_20261001_20,9d17af96d3fa4051ae9ce64b1b90cd83,0.024,,,
5000,2026-09-30,SH601456,0.004678858971074302,EXP_LGBModel_Alpha158_csi300_custom_step0_s_20261001_20,9d17af96d3fa4051ae9ce64b1b90cd83,0.024,,,
5001,2026-09-30,SH601658,0.024656894469227024,EXP_LGBModel_Alpha158_csi300_custom_step0_s_20261001_20,9d17af96d3fa4051ae9ce64b1b90cd83,0.024,,,
5002,2026-09-30,SH688036,-0.028355823699121808,EXP_LGBModel_Alpha158_csi300_custom_step0_s_20261001_20,9d17af96d3fa4051ae9ce64b1b90cd83,0.024,,,
5003,2026-09-30,SH688041,-0.02423725179775261,EXP_LGBModel_Alpha158_csi300_custom_step0_s_20261001_20,9d17af96d3fa4051ae9ce64b1b90cd83,0.024,,,
5004,2026-09-30,SH688047,-0.03214087639159626,EXP_LGBModel_Alpha158_csi300_custom_step0_s_20261001_20,9d17af96d3fa4051ae9ce64b1b90cd83,0.024,,,
5005,2026-09-30,SZ002050,-0.028990714792255595,EXP_LGBModel_Alpha158_csi300_custom_step0_s_20261001_20,9d17af96d3fa4051ae9ce64b1b90cd83,0.024,,,
5006,2026-09-30,SZ002049,-0.028692643586250528,EXP_LGBModel_Alpha158_csi300_custom_step0_s_20261001_20,9d17af96d3fa4051ae9ce64b1b90cd83,0.024,,,
5007,2026-09-30,SZ002028,0.02559679198980392,EXP_LGBModel_Alpha158_csi300_custom_step0_s_20261001_20,9d17af96d3fa4051ae9ce64b1b90cd83,0.024,,,
5008,2026-09-30,SZ002027,-0.0006942965492252467,EXP_LGBModel_Alpha158_csi300_custom_step0_s_20261001_20,9d17af96d3fa4051ae9ce64b1b90cd83,0.024,,,
5009,2026-09-30,SZ002001,-0.009408524686715868,EXP_LGBModel_Alpha158_csi300_custom_step0_s_20261001_20,9d17af96d3fa4051ae9ce64b1b90cd83,0.024,,,
5010,2026-09-30,SZ001979,-0.002639125360489072,EXP_LGBModel_Alpha158_csi300_custom_step0_s_20261001_20,9d17af96d3fa4051ae9ce64b1b90cd83,0.024,,,
5011,2026-09-30,SZ001965,0.026287179422528506,EXP_LGBModel_Alpha158_csi300_custom_step0_s_20261001_20,9d17af96d3fa4051ae9ce64b1b90cd83,0.024,,,
5012,2026-09-30,SZ002074,0.0031646331559860115,EXP_LGBModel_Alpha158_csi300_custom_step0_s_20261001_20,9d17af96d3fa4051ae9ce64b1b90cd83,0.024,,,
5013,2026-09-30,SZ001391,-0.02629629197541395,EXP_LGBModel_Alpha158_csi300_custom_step0_s_20261001_20,9d17af96d3fa4051ae9ce64b1b90cd83,0.024,,,
5014,2026-09-30,SZ000999,0.004027826393233094,EXP_LGBModel_Alpha158_csi300_custom_step0_s_20261001_20,9d17af96d3fa4051ae9ce64b1b90cd83,0.024,,,
5015,2026-09-30,SZ000988,-0.016302459719060823,EXP_LGBModel_Alpha158_csi300_custom_step0_s_20261001_20,9d17af96d3fa4051ae9ce64b1b90cd83,0.024,,,
5016,2026-09-30,SZ000977,-0.0074812135765677246,EXP_LGBModel_Alpha158_csi300_custom_step0_s_20261001_20,9d17af96d3fa4051ae9ce64b1b90cd83,0.024,,,
5017,2026-09-30,SZ000975,-0.010152464872780232,EXP_LGBModel_Alpha158_csi300_custom_step0_s_20261001_20,9d17af96d3fa4051ae9ce64b1b90cd83,0.024,,,
5018,2026-09-30,SZ000963,-0.01780218744565011,EXP_LGBModel_Alpha158_csi300_custom_step0_s_20261001_20,9d17af96d3fa4051ae9ce64b1b90cd83,0.024,,,
5019,2026-09-30,SZ000938,-0.013676440337038808,EXP_LGBModel_Alpha158_csi300_custom_step0_s_20261001_20,9d17af96d3fa4051ae9ce64b1b90cd83,0.024,,,
5020,2026-09-30,SZ000895,0.006735093258899814,EXP_LGBModel_Alpha158_csi300_custom_step0_s_20261001_20,9d17af96d3fa4051ae9ce64b1b90cd83,0.024,,,
5021,2026-09-30,SZ001280,-0.023641698060754408,EXP_LGBModel_Alpha158_csi300_custom_step0_s_20261001_20,9d17af96d3fa4051ae9ce64b1b90cd83,0.024,,,
5022,2026-09-30,SZ000858,-0.0003101352629245667,EXP_LGBModel_Alpha158_csi300_custom_step0_s_20261001_20,9d17af96d3fa4051ae9ce64b1b90cd83,0.024,,,
5023,2026-09-30,SZ002142,0.041965239464395766,EXP_LGBModel_Alpha158_csi300_custom_step0_s_20261001_20,9d17af96d3fa4051ae9ce64b1b90cd83,0.024,,,
5024,2026-09-30,SZ002202,-0.020914221229432525,EXP_LGBModel_Alpha158_csi300_custom_step0_s_20261001_20,9d17af96d3fa4051ae9ce64b1b90cd83,0.024,,,
5025,2026-09-30,SZ002493,-0.024202073729721336,EXP_LGBModel_Alpha158_csi300_custom_step0_s_20261001_20,9d17af96d3fa4051ae9ce64b1b90cd83,0.024,,,
5026,2026-09-30,SZ002475,-0.02721872151629234,EXP_LGBModel_Alpha158_csi300_custom_step0_s_20261001_20,9d17af96d3fa4051ae9ce64b1b90cd83,0.024,,,
5027,2026-09-30,SZ002466,-0.013125025576865186,EXP_LGBModel_Alpha158_csi300_custom_step0_s_20261001_20,9d17af96d3fa4051ae9ce64b1b90cd83,0.024,,,
5028,2026-09-30,SZ002463,-0.030691688413102138,EXP_LGBModel_Alpha158_csi300_custom_step0_s_20261001_20,9d17af96d3fa4051ae9ce64b1b90cd83,0.024,,,
5029,2026-09-30,SZ002460,0.011778393873381407,EXP_LGBModel_Alpha158_csi300_custom_step0_s_20261001_20,9d17af96d3fa4051ae9ce64b1b90cd83,0.024,,,
5030,2026-09-30,SZ002422,-0.022535717963843606,EXP_LGBModel_Alpha158_csi300_custom_step0_s_20261001_20,9d17af96d3fa4051ae9ce64b1b90cd83,0.024,,,
5031,2026-09-30,SZ002415,-0.0033643409423240885,EXP_LGBModel_Alpha158_csi300_custom_step0_s_20261001_20,9d17af96d3fa4051ae9ce64b1b90cd83,0.024,,,
5032,2026-09-30,SZ002179,-0.022024184670057928,EXP_LGBModel_Alpha158_csi300_custom_step0_s_20261001_20,9d17af96d3fa4051ae9ce64b1b90cd83,0.024,,,
5033,2026-09-30,SZ002384,-0.016302459719060823,EXP_LGBModel_Alpha158_csi300_custom_step0_s_20261001_20,9d17af96d3fa4051ae9ce64b1b90cd83,0.024,,,
5034,2026-09-30,SZ002353,0.01944996386751495,EXP_LGBModel_Alpha158_csi300_custom_step0_s_20261001_20,9d17af96d3fa4051ae9ce64b1b90cd83,0.024,,,
5035,2026-09-30,SZ002352,0.003205438984165753,EXP_LGBModel_Alpha158_csi300_custom_step0_s_20261001_20,9d17af96d3fa4051ae9ce64b1b90cd83,0.024,,,
5036,2026-09-30,SZ002311,-0.0039609838057131155,EXP_LGBModel_Alpha158_csi300_custom_step0_s_20261001_20,9d17af96d3fa4051ae9ce64b1b90cd83,0.024,,,
5037,2026-09-30,SZ002304,-0.0034616749072856447,EXP_LGBModel_Alpha158_csi300_custom_step0_s_20261001_20,9d17af96d3fa4051ae9ce64b1b90cd83,0.024,,,
5038,2026-09-30,SZ002241,-0.03911625609068963,EXP_LGBModel_Alpha158_csi300_custom_step0_s_20261001_20,9d17af96d3fa4051ae9ce64b1b90cd83,0.024,,,
5039,2026-09-30,SZ002236,0.00554145999765247,EXP_LGBModel_Alpha158_csi300_custom_step0_s_20261001_20,9d17af96d3fa4051ae9ce64b1b90cd83,0.024,,,
5040,2026-09-30,SZ002230,-0.01866528259693799,EXP_LGBModel_Alpha158_csi300_custom_step0_s_20261001_20,9d17af96d3fa4051ae9ce64b1b90cd83,0.024,,,
5041,2026-09-30,SZ002371,-0.027988793145133944,EXP_LGBModel_Alpha158_csi300_custom_step0_s_20261001_20,9d17af96d3fa4051ae9ce64b1b90cd83,0.024,,,
5042,2026-09-30,SZ002558,-0.016570094283545174,EXP_LGBModel_Alpha158_csi300_custom_step0_s_20261001_20,9d17af96d3fa4051ae9ce64b1b90cd83,0.024,,,
5043,2026-09-30,SZ000807,-0.013722331546175344,EXP_LGBModel_Alpha158_csi300_custom_step0_s_20261001_20,9d17af96d3fa4051ae9ce64b1b90cd83,0.024,,,
5044,2026-09-30,SZ000776,-0.02815600918948749,EXP_LGBModel_Alpha158_csi300_custom_step0_s_20261001_20,9d17af96d3fa4051ae9ce64b1b90cd83,0.024,,,
5045,2026-09-30,SZ000002,-0.013321658812108839,EXP_LGBModel_Alpha158_csi300_custom_step0_s_20261001_20,9d17af96d3fa4051ae9ce64b1b90cd83,0.024,,,
5046,2026-09-30,SZ000001,0.04037522975593164,EXP_LGBModel_Alpha158_csi300_custom_step0_s_20261001_20,9d17af96d3fa4051ae9ce64b1b90cd83,0.024,,,
5047,2026-09-30,SH688981,-0.025335998018172812,EXP_LGBModel_Alpha158_csi300_custom_step0_s_20261001_20,9d17af96d3fa4051ae9ce64b1b90cd83,0.024,,,
5048,2026-09-30,SH688521,-0.003370098718430954,EXP_LGBModel_Alpha158_csi300_custom_step0_s_20261001_20,9d17af96d3fa4051ae9ce64b1b90cd83,0.024,,,
5049,2026-09-30,SH688506,-0.029437065596625858,EXP_LGBModel_Alpha158_csi300_custom_step0_s_20261001_20,9d17af96d3fa4051ae9ce64b1b90cd83,0.024,,,
5050,2026-09-30,SH688472,0.008594903445881926,EXP_LGBModel_Alpha158_csi300_custom_step0_s_20261001_20,9d17af96d3fa4051ae9ce64b1b90cd83,0.024,,,
5051,2026-09-30,SH688396,-0.026732165549572553,EXP_LGBModel_Alpha158_csi300_custom_step0_s_20261001_20,9d17af96d3fa4051ae9ce64b1b90cd83,0.024,,,
5052,2026-09-30,SZ000063,-0.028092205759878894,EXP_LGBModel_Alpha158_csi300_custom_step0_s_20261001_20,9d17af96d3fa4051ae9ce64b1b90cd83,0.024,,,
5053,2026-09-30,SH688303,-0.03173107559041359,EXP_LGBModel_Alpha158_csi300_custom_step0_s_20261001_20,9d17af96d3fa4051ae9ce64b1b90cd83,0.024,,,
5054,2026-09-30,SH688256,-0.02583750597582962,EXP_LGBModel_Alpha158_csi300_custom_step0_s_20261001_20,9d17af96d3fa4051ae9ce64b1b90cd83,0.024,,,
5055,2026-09-30,SH688223,-0.023178262270964988,EXP_LGBModel_Alpha158_csi300_custom_step0_s_20261001_20,9d17af96d3fa4051ae9ce64b1b90cd83,0.024,,,
5056,2026-09-30,SH688183,0.0051089963905809185,EXP_LGBModel_Alpha158_csi300_custom_step0_s_20261001_20,9d17af96d3fa4051ae9ce64b1b90cd83,0.024,,,
5057,2026-09-30,SH688126,-0.024046393122573045,EXP_LGBModel_Alpha158_csi300_custom_step0_s_20261001_20,9d17af96d3fa4051ae9ce64b1b90cd83,0.024,,,
5058,2026-09-30,SH688111,-0.026737248906643984,EXP_LGBModel_Alpha158_csi300_custom_step0_s_20261001_20,9d17af96d3fa4051ae9ce64b1b90cd83,0.024,,,
5059,2026-09-30,SH688082,-0.02426924680687692,EXP_LGBModel_Alpha158_csi300_custom_step0_s_20261001_20,9d17af96d3fa4051ae9ce64b1b90cd83,0.024,,,
5060,2026-09-30,SH688072,-0.021211246948878472,EXP_LGBModel_Alpha158_csi300_custom_step0_s_20261001_20,9d17af96d3fa4051ae9ce64b1b90cd83,0.024,,,
5061,2026-09-30,SH688271,-0.025819801894528337,EXP_LGBModel_Alpha158_csi300_custom_step0_s_20261001_20,9d17af96d3fa4051ae9ce64b1b90cd83,0.024,,,
5062,2026-09-30,SZ000792,-0.008942438590781301,EXP_LGBModel_Alpha158_csi300_custom_step0_s_20261001_20,9d17af96d3fa4051ae9ce64b1b90cd83,0.024,,,
5063,2026-09-30,SZ000100,-0.03310628309280607,EXP_LGBModel_Alpha158_csi300_custom_step0_s_20261001_20,9d17af96d3fa4051ae9ce64b1b90cd83,0.024,,,
5064,2026-09-30,SZ000166,0.014238172392584784,EXP_LGBModel_Alpha158_csi300_custom_step0_s_20261001_20,9d17af96d3fa4051ae9ce64b1b90cd83,0.024,,,
5065,2026-09-30,SZ000768,0.011869373947539886,EXP_LGBModel_Alpha158_csi300_custom_step0_s_20261001_20,9d17af96d3fa4051ae9ce64b1b90cd83,0.024,,,
5066,2026-09-30,SZ000725,-0.03649465838704247,EXP_LGBModel_Alpha158_csi300_custom_step0_s_20261001_20,9d17af96d3fa4051ae9ce64b1b90cd83,0.024,,,
5067,2026-09-30,SZ000708,0.00042808632303540804,EXP_LGBModel_Alpha158_csi300_custom_step0_s_20261001_20,9d17af96d3fa4051ae9ce64b1b90cd83,0.024,,,
5068,2026-09-30,SZ000657,-0.006892824579244969,EXP_LGBModel_Alpha158_csi300_custom_step0_s_20261001_20,9d17af96d3fa4051ae9ce64b1b90cd83,0.024,,,
5069,2026-09-30,SZ000651,0.01050652710254015,EXP_LGBModel_Alpha158_csi300_custom_step0_s_20261001_20,9d17af96d3fa4051ae9ce64b1b90cd83,0.024,,,
5070,2026-09-30,SZ000630,-0.026086016915520212,EXP_LGBModel_Alpha158_csi300_custom_step0_s_20261001_20,9d17af96d3fa4051ae9ce64b1b90cd83,0.024,,,
5071,2026-09-30,SZ000625,0.015202810841424273,EXP_LGBModel_Alpha158_csi300_custom_step0_s_20261001_20,9d17af96d3fa4051ae9ce64b1b90cd83,0.024,,,
5072,2026-09-30,SZ000157,-0.01239908431627174,EXP_LGBModel_Alpha158_csi300_custom_step0_s_20261001_20,9d17af96d3fa4051ae9ce64b1b90cd83,0.024,,,
5073,2026-09-30,SZ000617,-0.02316278197954224,EXP_LGBModel_Alpha158_csi300_custom_step0_s_20261001_20,9d17af96d3fa4051ae9ce64b1b90cd83,0.024,,,
5074,2026-09-30,SZ000568,-0.00753685829069013,EXP_LGBModel_Alpha158_csi300_custom_step0_s_20261001_20,9d17af96d3fa4051ae9ce64b1b90cd83,0.024,,,
5075,2026-09-30,SZ000538,0.041064839299358724,EXP_LGBModel_Alpha158_csi300_custom_step0_s_20261001_20,9d17af96d3fa4051ae9ce64b1b90cd83,0.024,,,
5076,2026-09-30,SZ000425,-0.024812656116823692,EXP_LGBModel_Alpha158_csi300_custom_step0_s_20261001_20,9d17af96d3fa4051ae9ce64b1b90cd83,0.024,,,
5077,2026-09-30,SZ000408,-0.01530834290730425,EXP_LGBModel_Alpha158_csi300_custom_step0_s_20261001_20,9d17af96d3fa4051ae9ce64b1b90cd83,0.024,,,
5078,2026-09-30,SZ000338,-0.031122830178623728,EXP_LGBModel_Alpha158_csi300_custom_step0_s_20261001_20,9d17af96d3fa4051ae9ce64b1b90cd83,0.024,,,
5079,2026-09-30,SZ000333,-0.009146820142093058,EXP_LGBModel_Alpha158_csi300_custom_step0_s_20261001_20,9d17af96d3fa4051ae9ce64b1b90cd83,0.024,,,
5080,2026-09-30,SZ000301,-0.02190834015835899,EXP_LGBModel_Alpha158_csi300_custom_step0_s_20261001_20,9d17af96d3fa4051ae9ce64b1b90cd83,0.024,,,
5081,2026-09-30,SZ000596,-0.02962004422563729,EXP_LGBModel_Alpha158_csi300_custom_step0_s_20261001_20,9d17af96d3fa4051ae9ce64b1b90cd83,0.024,,,
5082,2026-09-30,SZ302132,-0.02010522037744522,EXP_XGBModel_Alpha158_csi300_custom_step0_s_20261001_18,5f923dc500e14624b10031b17148fd0f,0.04,,,
