,datetime,instrument,score,exp_name,rid,weight,real_label,error,abs_error
0,2026-09-11,SH600000,0.0057035713093351054,EXP_CatBoostModel_Alpha158_csi300_custom_step0_s_20260911_18,6c9d478d9c7743e18a211f23b6d61d0c,0.074,,,
1,2026-09-11,SZ300832,0.0247080996632576,EXP_LinearModel_Alpha158_csi300_custom_step0_s_20260911_16,18f2bb3d49db4d08ba3139e12711a212,0.085,,,
2,2026-09-11,SZ300866,0.022376827895641327,EXP_LinearModel_Alpha158_csi300_custom_step0_s_20260911_16,18f2bb3d49db4d08ba3139e12711a212,0.085,,,
3,2026-09-11,SZ300896,-0.01569480448961258,EXP_LinearModel_Alpha158_csi300_custom_step0_s_20260911_16,18f2bb3d49db4d08ba3139e12711a212,0.085,,,
4,2026-09-11,SZ300999,0.008597727864980698,EXP_LinearModel_Alpha158_csi300_custom_step0_s_20260911_16,18f2bb3d49db4d08ba3139e12711a212,0.085,,,
5,2026-09-11,SZ301165,0.11005149781703949,EXP_LinearModel_Alpha158_csi300_custom_step0_s_20260911_16,18f2bb3d49db4d08ba3139e12711a212,0.085,,,
6,2026-09-11,SZ301236,-0.008158622309565544,EXP_LinearModel_Alpha158_csi300_custom_step0_s_20260911_16,18f2bb3d49db4d08ba3139e12711a212,0.085,,,
7,2026-09-11,SZ301269,-0.05325416848063469,EXP_LinearModel_Alpha158_csi300_custom_step0_s_20260911_16,18f2bb3d49db4d08ba3139e12711a212,0.085,,,
8,2026-09-11,SZ301308,-0.1670811027288437,EXP_LinearModel_Alpha158_csi300_custom_step0_s_20260911_16,18f2bb3d49db4d08ba3139e12711a212,0.085,,,
9,2026-09-11,SZ302132,-0.02132711187005043,EXP_LinearModel_Alpha158_csi300_custom_step0_s_20260911_16,18f2bb3d49db4d08ba3139e12711a212,0.085,,,
10,2026-09-11,SH600000,-0.020766355097293854,EXP_LinearModel_Alpha158_csi300_custom_step0_s_20260911_16,03111eafe93f4f8b9e88edbf92a13a2b,0.011,,,
11,2026-09-11,SH600009,0.007210198789834976,EXP_LinearModel_Alpha158_csi300_custom_step0_s_20260911_16,03111eafe93f4f8b9e88edbf92a13a2b,0.011,,,
12,2026-09-11,SH600010,-0.08123268187046051,EXP_LinearModel_Alpha158_csi300_custom_step0_s_20260911_16,03111eafe93f4f8b9e88edbf92a13a2b,0.011,,,
13,2026-09-11,SH600011,0.038118667900562286,EXP_LinearModel_Alpha158_csi300_custom_step0_s_20260911_16,03111eafe93f4f8b9e88edbf92a13a2b,0.011,,,
14,2026-09-11,SH600015,-0.04312770813703537,EXP_LinearModel_Alpha158_csi300_custom_step0_s_20260911_16,03111eafe93f4f8b9e88edbf92a13a2b,0.011,,,
15,2026-09-11,SH600016,0.0703354924917221,EXP_LinearModel_Alpha158_csi300_custom_step0_s_20260911_16,03111eafe93f4f8b9e88edbf92a13a2b,0.011,,,
16,2026-09-11,SH600018,0.04480334371328354,EXP_LinearModel_Alpha158_csi300_custom_step0_s_20260911_16,03111eafe93f4f8b9e88edbf92a13a2b,0.011,,,
17,2026-09-11,SH600019,0.049950845539569855,EXP_LinearModel_Alpha158_csi300_custom_step0_s_20260911_16,03111eafe93f4f8b9e88edbf92a13a2b,0.011,,,
18,2026-09-11,SH600066,-0.04839862883090973,EXP_LinearModel_Alpha158_csi300_custom_step0_s_20260911_16,03111eafe93f4f8b9e88edbf92a13a2b,0.011,,,
19,2026-09-11,SH600061,-0.004606774542480707,EXP_LinearModel_Alpha158_csi300_custom_step0_s_20260911_16,03111eafe93f4f8b9e88edbf92a13a2b,0.011,,,
20,2026-09-11,SH600050,-0.04869494587182999,EXP_LinearModel_Alpha158_csi300_custom_step0_s_20260911_16,03111eafe93f4f8b9e88edbf92a13a2b,0.011,,,
21,2026-09-11,SH600048,-0.05599606782197952,EXP_LinearModel_Alpha158_csi300_custom_step0_s_20260911_16,03111eafe93f4f8b9e88edbf92a13a2b,0.011,,,
22,2026-09-11,SH600039,-0.045721907168626785,EXP_LinearModel_Alpha158_csi300_custom_step0_s_20260911_16,03111eafe93f4f8b9e88edbf92a13a2b,0.011,,,
23,2026-09-11,SH600036,0.003669820725917816,EXP_LinearModel_Alpha158_csi300_custom_step0_s_20260911_16,03111eafe93f4f8b9e88edbf92a13a2b,0.011,,,
24,2026-09-11,SZ300803,-0.11471875011920929,EXP_LinearModel_Alpha158_csi300_custom_step0_s_20260911_16,18f2bb3d49db4d08ba3139e12711a212,0.085,,,
25,2026-09-11,SH600031,0.009615817107260227,EXP_LinearModel_Alpha158_csi300_custom_step0_s_20260911_16,03111eafe93f4f8b9e88edbf92a13a2b,0.011,,,
26,2026-09-11,SH600029,-0.05377819761633873,EXP_LinearModel_Alpha158_csi300_custom_step0_s_20260911_16,03111eafe93f4f8b9e88edbf92a13a2b,0.011,,,
27,2026-09-11,SH600028,0.04470314830541611,EXP_LinearModel_Alpha158_csi300_custom_step0_s_20260911_16,03111eafe93f4f8b9e88edbf92a13a2b,0.011,,,
28,2026-09-11,SH600027,0.09415929019451141,EXP_LinearModel_Alpha158_csi300_custom_step0_s_20260911_16,03111eafe93f4f8b9e88edbf92a13a2b,0.011,,,
29,2026-09-11,SH600026,-0.0658533051609993,EXP_LinearModel_Alpha158_csi300_custom_step0_s_20260911_16,03111eafe93f4f8b9e88edbf92a13a2b,0.011,,,
30,2026-09-11,SH600025,-0.002149139530956745,EXP_LinearModel_Alpha158_csi300_custom_step0_s_20260911_16,03111eafe93f4f8b9e88edbf92a13a2b,0.011,,,
31,2026-09-11,SH600023,0.009321793913841248,EXP_LinearModel_Alpha158_csi300_custom_step0_s_20260911_16,03111eafe93f4f8b9e88edbf92a13a2b,0.011,,,
32,2026-09-11,SH600030,-0.07663118839263916,EXP_LinearModel_Alpha158_csi300_custom_step0_s_20260911_16,03111eafe93f4f8b9e88edbf92a13a2b,0.011,,,
33,2026-09-11,SH600085,-0.028812766075134277,EXP_LinearModel_Alpha158_csi300_custom_step0_s_20260911_16,03111eafe93f4f8b9e88edbf92a13a2b,0.011,,,
34,2026-09-11,SZ300760,0.045182641595602036,EXP_LinearModel_Alpha158_csi300_custom_step0_s_20260911_16,18f2bb3d49db4d08ba3139e12711a212,0.085,,,
35,2026-09-11,SZ300661,-0.07300746440887451,EXP_LinearModel_Alpha158_csi300_custom_step0_s_20260911_16,18f2bb3d49db4d08ba3139e12711a212,0.085,,,
36,2026-09-11,SZ002625,-0.07489199936389923,EXP_LinearModel_Alpha158_csi300_custom_step0_s_20260911_16,18f2bb3d49db4d08ba3139e12711a212,0.085,,,
37,2026-09-11,SZ002648,0.004325341433286667,EXP_LinearModel_Alpha158_csi300_custom_step0_s_20260911_16,18f2bb3d49db4d08ba3139e12711a212,0.085,,,
38,2026-09-11,SZ002709,-0.09022273123264313,EXP_LinearModel_Alpha158_csi300_custom_step0_s_20260911_16,18f2bb3d49db4d08ba3139e12711a212,0.085,,,
39,2026-09-11,SZ002714,0.0490582138299942,EXP_LinearModel_Alpha158_csi300_custom_step0_s_20260911_16,18f2bb3d49db4d08ba3139e12711a212,0.085,,,
40,2026-09-11,SZ002736,-0.02476431243121624,EXP_LinearModel_Alpha158_csi300_custom_step0_s_20260911_16,18f2bb3d49db4d08ba3139e12711a212,0.085,,,
41,2026-09-11,SZ002837,-0.09933251142501831,EXP_LinearModel_Alpha158_csi300_custom_step0_s_20260911_16,18f2bb3d49db4d08ba3139e12711a212,0.085,,,
42,2026-09-11,SZ002916,-0.14439460635185242,EXP_LinearModel_Alpha158_csi300_custom_step0_s_20260911_16,18f2bb3d49db4d08ba3139e12711a212,0.085,,,
43,2026-09-11,SZ002920,-0.035077210515737534,EXP_LinearModel_Alpha158_csi300_custom_step0_s_20260911_16,18f2bb3d49db4d08ba3139e12711a212,0.085,,,
44,2026-09-11,SZ002938,-0.12709733843803406,EXP_LinearModel_Alpha158_csi300_custom_step0_s_20260911_16,18f2bb3d49db4d08ba3139e12711a212,0.085,,,
45,2026-09-11,SZ003816,0.06560289859771729,EXP_LinearModel_Alpha158_csi300_custom_step0_s_20260911_16,18f2bb3d49db4d08ba3139e12711a212,0.085,,,
46,2026-09-11,SZ300014,-0.09380275011062622,EXP_LinearModel_Alpha158_csi300_custom_step0_s_20260911_16,18f2bb3d49db4d08ba3139e12711a212,0.085,,,
47,2026-09-11,SZ300015,-0.024922214448451996,EXP_LinearModel_Alpha158_csi300_custom_step0_s_20260911_16,18f2bb3d49db4d08ba3139e12711a212,0.085,,,
48,2026-09-11,SZ300033,-0.03316865116357803,EXP_LinearModel_Alpha158_csi300_custom_step0_s_20260911_16,18f2bb3d49db4d08ba3139e12711a212,0.085,,,
49,2026-09-11,SZ300059,-0.03504852205514908,EXP_LinearModel_Alpha158_csi300_custom_step0_s_20260911_16,18f2bb3d49db4d08ba3139e12711a212,0.085,,,
50,2026-09-11,SZ300122,-0.0336696095764637,EXP_LinearModel_Alpha158_csi300_custom_step0_s_20260911_16,18f2bb3d49db4d08ba3139e12711a212,0.085,,,
51,2026-09-11,SZ300124,-0.054664675146341324,EXP_LinearModel_Alpha158_csi300_custom_step0_s_20260911_16,18f2bb3d49db4d08ba3139e12711a212,0.085,,,
52,2026-09-11,SZ300251,-0.031575724482536316,EXP_LinearModel_Alpha158_csi300_custom_step0_s_20260911_16,18f2bb3d49db4d08ba3139e12711a212,0.085,,,
53,2026-09-11,SZ300628,-0.03460589423775673,EXP_LinearModel_Alpha158_csi300_custom_step0_s_20260911_16,18f2bb3d49db4d08ba3139e12711a212,0.085,,,
54,2026-09-11,SZ300502,-0.08382607996463776,EXP_LinearModel_Alpha158_csi300_custom_step0_s_20260911_16,18f2bb3d49db4d08ba3139e12711a212,0.085,,,
55,2026-09-11,SZ300498,0.019559768959879875,EXP_LinearModel_Alpha158_csi300_custom_step0_s_20260911_16,18f2bb3d49db4d08ba3139e12711a212,0.085,,,
56,2026-09-11,SZ300476,-0.11415895819664001,EXP_LinearModel_Alpha158_csi300_custom_step0_s_20260911_16,18f2bb3d49db4d08ba3139e12711a212,0.085,,,
57,2026-09-11,SZ300450,-0.16739629209041595,EXP_LinearModel_Alpha158_csi300_custom_step0_s_20260911_16,18f2bb3d49db4d08ba3139e12711a212,0.085,,,
58,2026-09-11,SZ300442,-0.05208493769168854,EXP_LinearModel_Alpha158_csi300_custom_step0_s_20260911_16,18f2bb3d49db4d08ba3139e12711a212,0.085,,,
59,2026-09-11,SZ300750,0.011086639016866684,EXP_LinearModel_Alpha158_csi300_custom_step0_s_20260911_16,18f2bb3d49db4d08ba3139e12711a212,0.085,,,
60,2026-09-11,SZ300433,-0.1639297753572464,EXP_LinearModel_Alpha158_csi300_custom_step0_s_20260911_16,18f2bb3d49db4d08ba3139e12711a212,0.085,,,
61,2026-09-11,SZ300413,0.08129774779081345,EXP_LinearModel_Alpha158_csi300_custom_step0_s_20260911_16,18f2bb3d49db4d08ba3139e12711a212,0.085,,,
62,2026-09-11,SZ300408,-0.11414599418640137,EXP_LinearModel_Alpha158_csi300_custom_step0_s_20260911_16,18f2bb3d49db4d08ba3139e12711a212,0.085,,,
63,2026-09-11,SZ300394,-0.11614855378866196,EXP_LinearModel_Alpha158_csi300_custom_step0_s_20260911_16,18f2bb3d49db4d08ba3139e12711a212,0.085,,,
64,2026-09-11,SZ300316,-0.08526778221130371,EXP_LinearModel_Alpha158_csi300_custom_step0_s_20260911_16,18f2bb3d49db4d08ba3139e12711a212,0.085,,,
65,2026-09-11,SZ300308,-0.1170368641614914,EXP_LinearModel_Alpha158_csi300_custom_step0_s_20260911_16,18f2bb3d49db4d08ba3139e12711a212,0.085,,,
66,2026-09-11,SZ300274,0.11228509247303009,EXP_LinearModel_Alpha158_csi300_custom_step0_s_20260911_16,18f2bb3d49db4d08ba3139e12711a212,0.085,,,
67,2026-09-11,SZ300418,-0.042329348623752594,EXP_LinearModel_Alpha158_csi300_custom_step0_s_20260911_16,18f2bb3d49db4d08ba3139e12711a212,0.085,,,
68,2026-09-11,SZ002602,0.019300714135169983,EXP_LinearModel_Alpha158_csi300_custom_step0_s_20260911_16,18f2bb3d49db4d08ba3139e12711a212,0.085,,,
69,2026-09-11,SH600089,-0.0009298303630203009,EXP_LinearModel_Alpha158_csi300_custom_step0_s_20260911_16,03111eafe93f4f8b9e88edbf92a13a2b,0.011,,,
70,2026-09-11,SH600111,-0.056456904858350754,EXP_LinearModel_Alpha158_csi300_custom_step0_s_20260911_16,03111eafe93f4f8b9e88edbf92a13a2b,0.011,,,
71,2026-09-11,SH600674,0.05862466245889664,EXP_LinearModel_Alpha158_csi300_custom_step0_s_20260911_16,03111eafe93f4f8b9e88edbf92a13a2b,0.011,,,
72,2026-09-11,SH600690,0.0052528041414916515,EXP_LinearModel_Alpha158_csi300_custom_step0_s_20260911_16,03111eafe93f4f8b9e88edbf92a13a2b,0.011,,,
73,2026-09-11,SH600741,-0.020943501964211464,EXP_LinearModel_Alpha158_csi300_custom_step0_s_20260911_16,03111eafe93f4f8b9e88edbf92a13a2b,0.011,,,
74,2026-09-11,SH600760,0.032843805849552155,EXP_LinearModel_Alpha158_csi300_custom_step0_s_20260911_16,03111eafe93f4f8b9e88edbf92a13a2b,0.011,,,
75,2026-09-11,SH600795,0.006260203197598457,EXP_LinearModel_Alpha158_csi300_custom_step0_s_20260911_16,03111eafe93f4f8b9e88edbf92a13a2b,0.011,,,
76,2026-09-11,SH600803,0.057528845965862274,EXP_LinearModel_Alpha158_csi300_custom_step0_s_20260911_16,03111eafe93f4f8b9e88edbf92a13a2b,0.011,,,
77,2026-09-11,SH600809,-0.04507043957710266,EXP_LinearModel_Alpha158_csi300_custom_step0_s_20260911_16,03111eafe93f4f8b9e88edbf92a13a2b,0.011,,,
78,2026-09-11,SH600845,-0.04959150776267052,EXP_LinearModel_Alpha158_csi300_custom_step0_s_20260911_16,03111eafe93f4f8b9e88edbf92a13a2b,0.011,,,
79,2026-09-11,SH600875,-0.06743030250072479,EXP_LinearModel_Alpha158_csi300_custom_step0_s_20260911_16,03111eafe93f4f8b9e88edbf92a13a2b,0.011,,,
80,2026-09-11,SH600886,0.079230897128582,EXP_LinearModel_Alpha158_csi300_custom_step0_s_20260911_16,03111eafe93f4f8b9e88edbf92a13a2b,0.011,,,
81,2026-09-11,SH600887,0.035653531551361084,EXP_LinearModel_Alpha158_csi300_custom_step0_s_20260911_16,03111eafe93f4f8b9e88edbf92a13a2b,0.011,,,
82,2026-09-11,SH600893,-0.0767560675740242,EXP_LinearModel_Alpha158_csi300_custom_step0_s_20260911_16,03111eafe93f4f8b9e88edbf92a13a2b,0.011,,,
83,2026-09-11,SH600900,0.020187458023428917,EXP_LinearModel_Alpha158_csi300_custom_step0_s_20260911_16,03111eafe93f4f8b9e88edbf92a13a2b,0.011,,,
84,2026-09-11,SH600905,0.009208344854414463,EXP_LinearModel_Alpha158_csi300_custom_step0_s_20260911_16,03111eafe93f4f8b9e88edbf92a13a2b,0.011,,,
85,2026-09-11,SH600918,-0.04776424542069435,EXP_LinearModel_Alpha158_csi300_custom_step0_s_20260911_16,03111eafe93f4f8b9e88edbf92a13a2b,0.011,,,
86,2026-09-11,SH600919,0.03903471678495407,EXP_LinearModel_Alpha158_csi300_custom_step0_s_20260911_16,03111eafe93f4f8b9e88edbf92a13a2b,0.011,,,
87,2026-09-11,SH600926,0.04442229121923447,EXP_LinearModel_Alpha158_csi300_custom_step0_s_20260911_16,03111eafe93f4f8b9e88edbf92a13a2b,0.011,,,
88,2026-09-11,SH601066,-0.04628152772784233,EXP_LinearModel_Alpha158_csi300_custom_step0_s_20260911_16,03111eafe93f4f8b9e88edbf92a13a2b,0.011,,,
89,2026-09-11,SH601059,-0.07476725429296494,EXP_LinearModel_Alpha158_csi300_custom_step0_s_20260911_16,03111eafe93f4f8b9e88edbf92a13a2b,0.011,,,
90,2026-09-11,SH601058,0.014043321833014488,EXP_LinearModel_Alpha158_csi300_custom_step0_s_20260911_16,03111eafe93f4f8b9e88edbf92a13a2b,0.011,,,
91,2026-09-11,SH601021,-0.009908501990139484,EXP_LinearModel_Alpha158_csi300_custom_step0_s_20260911_16,03111eafe93f4f8b9e88edbf92a13a2b,0.011,,,
92,2026-09-11,SH601018,0.08445005863904953,EXP_LinearModel_Alpha158_csi300_custom_step0_s_20260911_16,03111eafe93f4f8b9e88edbf92a13a2b,0.011,,,
93,2026-09-11,SH601012,-0.020806442946195602,EXP_LinearModel_Alpha158_csi300_custom_step0_s_20260911_16,03111eafe93f4f8b9e88edbf92a13a2b,0.011,,,
94,2026-09-11,SH600660,0.007335013709962368,EXP_LinearModel_Alpha158_csi300_custom_step0_s_20260911_16,03111eafe93f4f8b9e88edbf92a13a2b,0.011,,,
95,2026-09-11,SH601009,0.04945029318332672,EXP_LinearModel_Alpha158_csi300_custom_step0_s_20260911_16,03111eafe93f4f8b9e88edbf92a13a2b,0.011,,,
96,2026-09-11,SH600999,-0.06134151294827461,EXP_LinearModel_Alpha158_csi300_custom_step0_s_20260911_16,03111eafe93f4f8b9e88edbf92a13a2b,0.011,,,
97,2026-09-11,SH600989,0.029685363173484802,EXP_LinearModel_Alpha158_csi300_custom_step0_s_20260911_16,03111eafe93f4f8b9e88edbf92a13a2b,0.011,,,
98,2026-09-11,SH600958,-0.040813446044921875,EXP_LinearModel_Alpha158_csi300_custom_step0_s_20260911_16,03111eafe93f4f8b9e88edbf92a13a2b,0.011,,,
99,2026-09-11,SH600941,0.010442846454679966,EXP_LinearModel_Alpha158_csi300_custom_step0_s_20260911_16,03111eafe93f4f8b9e88edbf92a13a2b,0.011,,,
100,2026-09-11,SH600938,0.05063376948237419,EXP_LinearModel_Alpha158_csi300_custom_step0_s_20260911_16,03111eafe93f4f8b9e88edbf92a13a2b,0.011,,,
101,2026-09-11,SH600930,0.012463235296308994,EXP_LinearModel_Alpha158_csi300_custom_step0_s_20260911_16,03111eafe93f4f8b9e88edbf92a13a2b,0.011,,,
102,2026-09-11,SH601006,0.07596253603696823,EXP_LinearModel_Alpha158_csi300_custom_step0_s_20260911_16,03111eafe93f4f8b9e88edbf92a13a2b,0.011,,,
103,2026-09-11,SH600104,0.07908821105957031,EXP_LinearModel_Alpha158_csi300_custom_step0_s_20260911_16,03111eafe93f4f8b9e88edbf92a13a2b,0.011,,,
104,2026-09-11,SH600600,-0.07036466896533966,EXP_LinearModel_Alpha158_csi300_custom_step0_s_20260911_16,03111eafe93f4f8b9e88edbf92a13a2b,0.011,,,
105,2026-09-11,SH600585,-0.016924090683460236,EXP_LinearModel_Alpha158_csi300_custom_step0_s_20260911_16,03111eafe93f4f8b9e88edbf92a13a2b,0.011,,,
106,2026-09-11,SH600115,-0.014180456288158894,EXP_LinearModel_Alpha158_csi300_custom_step0_s_20260911_16,03111eafe93f4f8b9e88edbf92a13a2b,0.011,,,
107,2026-09-11,SH600118,-0.04858611896634102,EXP_LinearModel_Alpha158_csi300_custom_step0_s_20260911_16,03111eafe93f4f8b9e88edbf92a13a2b,0.011,,,
108,2026-09-11,SH600150,0.0329083576798439,EXP_LinearModel_Alpha158_csi300_custom_step0_s_20260911_16,03111eafe93f4f8b9e88edbf92a13a2b,0.011,,,
109,2026-09-11,SH600160,-0.045689575374126434,EXP_LinearModel_Alpha158_csi300_custom_step0_s_20260911_16,03111eafe93f4f8b9e88edbf92a13a2b,0.011,,,
110,2026-09-11,SH600176,-0.15576662123203278,EXP_LinearModel_Alpha158_csi300_custom_step0_s_20260911_16,03111eafe93f4f8b9e88edbf92a13a2b,0.011,,,
111,2026-09-11,SH600183,-0.07863855361938477,EXP_LinearModel_Alpha158_csi300_custom_step0_s_20260911_16,03111eafe93f4f8b9e88edbf92a13a2b,0.011,,,
112,2026-09-11,SH600188,0.004298639018088579,EXP_LinearModel_Alpha158_csi300_custom_step0_s_20260911_16,03111eafe93f4f8b9e88edbf92a13a2b,0.011,,,
113,2026-09-11,SH600196,-0.06118110567331314,EXP_LinearModel_Alpha158_csi300_custom_step0_s_20260911_16,03111eafe93f4f8b9e88edbf92a13a2b,0.011,,,
114,2026-09-11,SH600219,-0.012227441184222698,EXP_LinearModel_Alpha158_csi300_custom_step0_s_20260911_16,03111eafe93f4f8b9e88edbf92a13a2b,0.011,,,
115,2026-09-11,SH600221,0.04395966976881027,EXP_LinearModel_Alpha158_csi300_custom_step0_s_20260911_16,03111eafe93f4f8b9e88edbf92a13a2b,0.011,,,
116,2026-09-11,SH600233,-0.013128885067999363,EXP_LinearModel_Alpha158_csi300_custom_step0_s_20260911_16,03111eafe93f4f8b9e88edbf92a13a2b,0.011,,,
117,2026-09-11,SH600276,0.025628235191106796,EXP_LinearModel_Alpha158_csi300_custom_step0_s_20260911_16,03111eafe93f4f8b9e88edbf92a13a2b,0.011,,,
118,2026-09-11,SH600309,0.04943045228719711,EXP_LinearModel_Alpha158_csi300_custom_step0_s_20260911_16,03111eafe93f4f8b9e88edbf92a13a2b,0.011,,,
119,2026-09-11,SH600346,0.015175458043813705,EXP_LinearModel_Alpha158_csi300_custom_step0_s_20260911_16,03111eafe93f4f8b9e88edbf92a13a2b,0.011,,,
120,2026-09-11,SH600362,0.015606468543410301,EXP_LinearModel_Alpha158_csi300_custom_step0_s_20260911_16,03111eafe93f4f8b9e88edbf92a13a2b,0.011,,,
121,2026-09-11,SH600372,0.0007143293623812497,EXP_LinearModel_Alpha158_csi300_custom_step0_s_20260911_16,03111eafe93f4f8b9e88edbf92a13a2b,0.011,,,
122,2026-09-11,SH600406,-0.04110277071595192,EXP_LinearModel_Alpha158_csi300_custom_step0_s_20260911_16,03111eafe93f4f8b9e88edbf92a13a2b,0.011,,,
123,2026-09-11,SH600584,0.0117952274158597,EXP_LinearModel_Alpha158_csi300_custom_step0_s_20260911_16,03111eafe93f4f8b9e88edbf92a13a2b,0.011,,,
124,2026-09-11,SH600570,-0.08023081719875336,EXP_LinearModel_Alpha158_csi300_custom_step0_s_20260911_16,03111eafe93f4f8b9e88edbf92a13a2b,0.011,,,
125,2026-09-11,SH600549,-0.1440661996603012,EXP_LinearModel_Alpha158_csi300_custom_step0_s_20260911_16,03111eafe93f4f8b9e88edbf92a13a2b,0.011,,,
126,2026-09-11,SH600547,0.028296612203121185,EXP_LinearModel_Alpha158_csi300_custom_step0_s_20260911_16,03111eafe93f4f8b9e88edbf92a13a2b,0.011,,,
127,2026-09-11,SH600522,-0.17469678819179535,EXP_LinearModel_Alpha158_csi300_custom_step0_s_20260911_16,03111eafe93f4f8b9e88edbf92a13a2b,0.011,,,
128,2026-09-11,SH600519,-0.046365831047296524,EXP_LinearModel_Alpha158_csi300_custom_step0_s_20260911_16,03111eafe93f4f8b9e88edbf92a13a2b,0.011,,,
129,2026-09-11,SH600588,4.066969268023968e-06,EXP_LinearModel_Alpha158_csi300_custom_step0_s_20260911_16,03111eafe93f4f8b9e88edbf92a13a2b,0.011,,,
130,2026-09-11,SH600515,0.01692098379135132,EXP_LinearModel_Alpha158_csi300_custom_step0_s_20260911_16,03111eafe93f4f8b9e88edbf92a13a2b,0.011,,,
131,2026-09-11,SH600482,-0.06217242032289505,EXP_LinearModel_Alpha158_csi300_custom_step0_s_20260911_16,03111eafe93f4f8b9e88edbf92a13a2b,0.011,,,
132,2026-09-11,SH600460,-0.10670425742864609,EXP_LinearModel_Alpha158_csi300_custom_step0_s_20260911_16,03111eafe93f4f8b9e88edbf92a13a2b,0.011,,,
133,2026-09-11,SH600438,0.007359613198786974,EXP_LinearModel_Alpha158_csi300_custom_step0_s_20260911_16,03111eafe93f4f8b9e88edbf92a13a2b,0.011,,,
134,2026-09-11,SH600436,0.025608699768781662,EXP_LinearModel_Alpha158_csi300_custom_step0_s_20260911_16,03111eafe93f4f8b9e88edbf92a13a2b,0.011,,,
135,2026-09-11,SH600426,0.01633921079337597,EXP_LinearModel_Alpha158_csi300_custom_step0_s_20260911_16,03111eafe93f4f8b9e88edbf92a13a2b,0.011,,,
136,2026-09-11,SH600415,0.006946681533008814,EXP_LinearModel_Alpha158_csi300_custom_step0_s_20260911_16,03111eafe93f4f8b9e88edbf92a13a2b,0.011,,,
137,2026-09-11,SH600489,0.009518377482891083,EXP_LinearModel_Alpha158_csi300_custom_step0_s_20260911_16,03111eafe93f4f8b9e88edbf92a13a2b,0.011,,,
138,2026-09-11,SZ002600,-0.055613525211811066,EXP_LinearModel_Alpha158_csi300_custom_step0_s_20260911_16,18f2bb3d49db4d08ba3139e12711a212,0.085,,,
139,2026-09-11,SZ002594,-0.028418047353625298,EXP_LinearModel_Alpha158_csi300_custom_step0_s_20260911_16,18f2bb3d49db4d08ba3139e12711a212,0.085,,,
140,2026-09-11,SZ002558,-0.0007628228049725294,EXP_LinearModel_Alpha158_csi300_custom_step0_s_20260911_16,18f2bb3d49db4d08ba3139e12711a212,0.085,,,
141,2026-09-11,SH601939,0.05275385081768036,EXP_LinearModel_Alpha158_csi300_custom_step0_s_20260911_16,18f2bb3d49db4d08ba3139e12711a212,0.085,,,
142,2026-09-11,SH601985,0.008233846165239811,EXP_LinearModel_Alpha158_csi300_custom_step0_s_20260911_16,18f2bb3d49db4d08ba3139e12711a212,0.085,,,
143,2026-09-11,SH601988,0.041227880865335464,EXP_LinearModel_Alpha158_csi300_custom_step0_s_20260911_16,18f2bb3d49db4d08ba3139e12711a212,0.085,,,
144,2026-09-11,SH601995,-0.03768053278326988,EXP_LinearModel_Alpha158_csi300_custom_step0_s_20260911_16,18f2bb3d49db4d08ba3139e12711a212,0.085,,,
145,2026-09-11,SH601998,0.06287626177072525,EXP_LinearModel_Alpha158_csi300_custom_step0_s_20260911_16,18f2bb3d49db4d08ba3139e12711a212,0.085,,,
146,2026-09-11,SH603019,0.011830875650048256,EXP_LinearModel_Alpha158_csi300_custom_step0_s_20260911_16,18f2bb3d49db4d08ba3139e12711a212,0.085,,,
147,2026-09-11,SH603259,-0.02946004644036293,EXP_LinearModel_Alpha158_csi300_custom_step0_s_20260911_16,18f2bb3d49db4d08ba3139e12711a212,0.085,,,
148,2026-09-11,SH603260,-0.06554802507162094,EXP_LinearModel_Alpha158_csi300_custom_step0_s_20260911_16,18f2bb3d49db4d08ba3139e12711a212,0.085,,,
149,2026-09-11,SH603288,-0.0046991994604468346,EXP_LinearModel_Alpha158_csi300_custom_step0_s_20260911_16,18f2bb3d49db4d08ba3139e12711a212,0.085,,,
150,2026-09-11,SH603296,-0.0392862968146801,EXP_LinearModel_Alpha158_csi300_custom_step0_s_20260911_16,18f2bb3d49db4d08ba3139e12711a212,0.085,,,
151,2026-09-11,SH603369,-0.012432139366865158,EXP_LinearModel_Alpha158_csi300_custom_step0_s_20260911_16,18f2bb3d49db4d08ba3139e12711a212,0.085,,,
152,2026-09-11,SH603392,-0.028942743316292763,EXP_LinearModel_Alpha158_csi300_custom_step0_s_20260911_16,18f2bb3d49db4d08ba3139e12711a212,0.085,,,
153,2026-09-11,SH603501,0.02216600626707077,EXP_LinearModel_Alpha158_csi300_custom_step0_s_20260911_16,18f2bb3d49db4d08ba3139e12711a212,0.085,,,
154,2026-09-11,SH603799,-0.1076354905962944,EXP_LinearModel_Alpha158_csi300_custom_step0_s_20260911_16,18f2bb3d49db4d08ba3139e12711a212,0.085,,,
155,2026-09-11,SH603893,-0.011041151359677315,EXP_LinearModel_Alpha158_csi300_custom_step0_s_20260911_16,18f2bb3d49db4d08ba3139e12711a212,0.085,,,
156,2026-09-11,SH603986,-0.1869272142648697,EXP_LinearModel_Alpha158_csi300_custom_step0_s_20260911_16,18f2bb3d49db4d08ba3139e12711a212,0.085,,,
157,2026-09-11,SH603993,-0.007568715140223503,EXP_LinearModel_Alpha158_csi300_custom_step0_s_20260911_16,18f2bb3d49db4d08ba3139e12711a212,0.085,,,
158,2026-09-11,SH688223,-0.00936101097613573,EXP_LinearModel_Alpha158_csi300_custom_step0_s_20260911_16,18f2bb3d49db4d08ba3139e12711a212,0.085,,,
159,2026-09-11,SH688183,-0.09709887206554413,EXP_LinearModel_Alpha158_csi300_custom_step0_s_20260911_16,18f2bb3d49db4d08ba3139e12711a212,0.085,,,
160,2026-09-11,SH688126,-0.0753098726272583,EXP_LinearModel_Alpha158_csi300_custom_step0_s_20260911_16,18f2bb3d49db4d08ba3139e12711a212,0.085,,,
161,2026-09-11,SH688111,-0.04301682487130165,EXP_LinearModel_Alpha158_csi300_custom_step0_s_20260911_16,18f2bb3d49db4d08ba3139e12711a212,0.085,,,
162,2026-09-11,SH688082,-0.04144129157066345,EXP_LinearModel_Alpha158_csi300_custom_step0_s_20260911_16,18f2bb3d49db4d08ba3139e12711a212,0.085,,,
163,2026-09-11,SH688072,0.004350367933511734,EXP_LinearModel_Alpha158_csi300_custom_step0_s_20260911_16,18f2bb3d49db4d08ba3139e12711a212,0.085,,,
164,2026-09-11,SH601919,-0.02641267515718937,EXP_LinearModel_Alpha158_csi300_custom_step0_s_20260911_16,18f2bb3d49db4d08ba3139e12711a212,0.085,,,
165,2026-09-11,SH688047,-0.07528415322303772,EXP_LinearModel_Alpha158_csi300_custom_step0_s_20260911_16,18f2bb3d49db4d08ba3139e12711a212,0.085,,,
166,2026-09-11,SH688036,-0.041716739535331726,EXP_LinearModel_Alpha158_csi300_custom_step0_s_20260911_16,18f2bb3d49db4d08ba3139e12711a212,0.085,,,
167,2026-09-11,SH688012,-0.026090122759342194,EXP_LinearModel_Alpha158_csi300_custom_step0_s_20260911_16,18f2bb3d49db4d08ba3139e12711a212,0.085,,,
168,2026-09-11,SH688009,-0.027180325239896774,EXP_LinearModel_Alpha158_csi300_custom_step0_s_20260911_16,18f2bb3d49db4d08ba3139e12711a212,0.085,,,
169,2026-09-11,SH688008,-0.040162280201911926,EXP_LinearModel_Alpha158_csi300_custom_step0_s_20260911_16,18f2bb3d49db4d08ba3139e12711a212,0.085,,,
170,2026-09-11,SH605499,-0.070378877222538,EXP_LinearModel_Alpha158_csi300_custom_step0_s_20260911_16,18f2bb3d49db4d08ba3139e12711a212,0.085,,,
171,2026-09-11,SH605117,-0.005584007129073143,EXP_LinearModel_Alpha158_csi300_custom_step0_s_20260911_16,18f2bb3d49db4d08ba3139e12711a212,0.085,,,
172,2026-09-11,SH688041,0.019356470555067062,EXP_LinearModel_Alpha158_csi300_custom_step0_s_20260911_16,18f2bb3d49db4d08ba3139e12711a212,0.085,,,
173,2026-09-11,SH688256,-0.07998696714639664,EXP_LinearModel_Alpha158_csi300_custom_step0_s_20260911_16,18f2bb3d49db4d08ba3139e12711a212,0.085,,,
174,2026-09-11,SH601916,0.08375601470470428,EXP_LinearModel_Alpha158_csi300_custom_step0_s_20260911_16,18f2bb3d49db4d08ba3139e12711a212,0.085,,,
175,2026-09-11,SH601899,-0.029689719900488853,EXP_LinearModel_Alpha158_csi300_custom_step0_s_20260911_16,18f2bb3d49db4d08ba3139e12711a212,0.085,,,
176,2026-09-11,SH601398,0.03191478177905083,EXP_LinearModel_Alpha158_csi300_custom_step0_s_20260911_16,18f2bb3d49db4d08ba3139e12711a212,0.085,,,
177,2026-09-11,SH601456,-0.08071843534708023,EXP_LinearModel_Alpha158_csi300_custom_step0_s_20260911_16,18f2bb3d49db4d08ba3139e12711a212,0.085,,,
178,2026-09-11,SH601600,-0.05073108151555061,EXP_LinearModel_Alpha158_csi300_custom_step0_s_20260911_16,18f2bb3d49db4d08ba3139e12711a212,0.085,,,
179,2026-09-11,SH601601,0.012192625552415848,EXP_LinearModel_Alpha158_csi300_custom_step0_s_20260911_16,18f2bb3d49db4d08ba3139e12711a212,0.085,,,
180,2026-09-11,SH601607,-0.011527590453624725,EXP_LinearModel_Alpha158_csi300_custom_step0_s_20260911_16,18f2bb3d49db4d08ba3139e12711a212,0.085,,,
181,2026-09-11,SH601618,0.013418741524219513,EXP_LinearModel_Alpha158_csi300_custom_step0_s_20260911_16,18f2bb3d49db4d08ba3139e12711a212,0.085,,,
182,2026-09-11,SH601628,-0.02548486366868019,EXP_LinearModel_Alpha158_csi300_custom_step0_s_20260911_16,18f2bb3d49db4d08ba3139e12711a212,0.085,,,
183,2026-09-11,SH601633,-0.083648681640625,EXP_LinearModel_Alpha158_csi300_custom_step0_s_20260911_16,18f2bb3d49db4d08ba3139e12711a212,0.085,,,
184,2026-09-11,SH601658,0.08566968888044357,EXP_LinearModel_Alpha158_csi300_custom_step0_s_20260911_16,18f2bb3d49db4d08ba3139e12711a212,0.085,,,
185,2026-09-11,SH601668,0.044667698442935944,EXP_LinearModel_Alpha158_csi300_custom_step0_s_20260911_16,18f2bb3d49db4d08ba3139e12711a212,0.085,,,
186,2026-09-11,SH601669,-0.019222527742385864,EXP_LinearModel_Alpha158_csi300_custom_step0_s_20260911_16,18f2bb3d49db4d08ba3139e12711a212,0.085,,,
187,2026-09-11,SH601688,0.014620109461247921,EXP_LinearModel_Alpha158_csi300_custom_step0_s_20260911_16,18f2bb3d49db4d08ba3139e12711a212,0.085,,,
188,2026-09-11,SH601689,-0.07018152624368668,EXP_LinearModel_Alpha158_csi300_custom_step0_s_20260911_16,18f2bb3d49db4d08ba3139e12711a212,0.085,,,
189,2026-09-11,SH601698,-0.022068209946155548,EXP_LinearModel_Alpha158_csi300_custom_step0_s_20260911_16,18f2bb3d49db4d08ba3139e12711a212,0.085,,,
190,2026-09-11,SH601727,0.014461448416113853,EXP_LinearModel_Alpha158_csi300_custom_step0_s_20260911_16,18f2bb3d49db4d08ba3139e12711a212,0.085,,,
191,2026-09-11,SH601728,-0.019180288538336754,EXP_LinearModel_Alpha158_csi300_custom_step0_s_20260911_16,18f2bb3d49db4d08ba3139e12711a212,0.085,,,
192,2026-09-11,SH601766,-0.02269614115357399,EXP_LinearModel_Alpha158_csi300_custom_step0_s_20260911_16,18f2bb3d49db4d08ba3139e12711a212,0.085,,,
193,2026-09-11,SH601898,-0.016100110486149788,EXP_LinearModel_Alpha158_csi300_custom_step0_s_20260911_16,18f2bb3d49db4d08ba3139e12711a212,0.085,,,
194,2026-09-11,SH601888,-0.04935203492641449,EXP_LinearModel_Alpha158_csi300_custom_step0_s_20260911_16,18f2bb3d49db4d08ba3139e12711a212,0.085,,,
195,2026-09-11,SH601881,-0.025688104331493378,EXP_LinearModel_Alpha158_csi300_custom_step0_s_20260911_16,18f2bb3d49db4d08ba3139e12711a212,0.085,,,
196,2026-09-11,SH601878,-0.017316998913884163,EXP_LinearModel_Alpha158_csi300_custom_step0_s_20260911_16,18f2bb3d49db4d08ba3139e12711a212,0.085,,,
197,2026-09-11,SH601877,-0.041322480887174606,EXP_LinearModel_Alpha158_csi300_custom_step0_s_20260911_16,18f2bb3d49db4d08ba3139e12711a212,0.085,,,
198,2026-09-11,SH601872,-0.11521103978157043,EXP_LinearModel_Alpha158_csi300_custom_step0_s_20260911_16,18f2bb3d49db4d08ba3139e12711a212,0.085,,,
199,2026-09-11,SH601901,0.040890876203775406,EXP_LinearModel_Alpha158_csi300_custom_step0_s_20260911_16,18f2bb3d49db4d08ba3139e12711a212,0.085,,,
200,2026-09-11,SH601868,0.031289007514715195,EXP_LinearModel_Alpha158_csi300_custom_step0_s_20260911_16,18f2bb3d49db4d08ba3139e12711a212,0.085,,,
201,2026-09-11,SH601838,0.03521180525422096,EXP_LinearModel_Alpha158_csi300_custom_step0_s_20260911_16,18f2bb3d49db4d08ba3139e12711a212,0.085,,,
202,2026-09-11,SH601825,0.0584183968603611,EXP_LinearModel_Alpha158_csi300_custom_step0_s_20260911_16,18f2bb3d49db4d08ba3139e12711a212,0.085,,,
203,2026-09-11,SH601818,0.015817932784557343,EXP_LinearModel_Alpha158_csi300_custom_step0_s_20260911_16,18f2bb3d49db4d08ba3139e12711a212,0.085,,,
204,2026-09-11,SH601816,-0.0308702290058136,EXP_LinearModel_Alpha158_csi300_custom_step0_s_20260911_16,18f2bb3d49db4d08ba3139e12711a212,0.085,,,
205,2026-09-11,SH601800,-0.004602516070008278,EXP_LinearModel_Alpha158_csi300_custom_step0_s_20260911_16,18f2bb3d49db4d08ba3139e12711a212,0.085,,,
206,2026-09-11,SH601788,-0.06524714082479477,EXP_LinearModel_Alpha158_csi300_custom_step0_s_20260911_16,18f2bb3d49db4d08ba3139e12711a212,0.085,,,
207,2026-09-11,SH601857,0.016740238294005394,EXP_LinearModel_Alpha158_csi300_custom_step0_s_20260911_16,18f2bb3d49db4d08ba3139e12711a212,0.085,,,
208,2026-09-11,SH688271,-0.06244594231247902,EXP_LinearModel_Alpha158_csi300_custom_step0_s_20260911_16,18f2bb3d49db4d08ba3139e12711a212,0.085,,,
209,2026-09-11,SH688303,0.005842369981110096,EXP_LinearModel_Alpha158_csi300_custom_step0_s_20260911_16,18f2bb3d49db4d08ba3139e12711a212,0.085,,,
210,2026-09-11,SH688396,-0.0597158782184124,EXP_LinearModel_Alpha158_csi300_custom_step0_s_20260911_16,18f2bb3d49db4d08ba3139e12711a212,0.085,,,
211,2026-09-11,SZ000999,0.008209493942558765,EXP_LinearModel_Alpha158_csi300_custom_step0_s_20260911_16,18f2bb3d49db4d08ba3139e12711a212,0.085,,,
212,2026-09-11,SZ001280,-0.07153954356908798,EXP_LinearModel_Alpha158_csi300_custom_step0_s_20260911_16,18f2bb3d49db4d08ba3139e12711a212,0.085,,,
213,2026-09-11,SZ001391,0.019205261021852493,EXP_LinearModel_Alpha158_csi300_custom_step0_s_20260911_16,18f2bb3d49db4d08ba3139e12711a212,0.085,,,
214,2026-09-11,SZ001965,0.06132742017507553,EXP_LinearModel_Alpha158_csi300_custom_step0_s_20260911_16,18f2bb3d49db4d08ba3139e12711a212,0.085,,,
215,2026-09-11,SZ001979,0.0357709676027298,EXP_LinearModel_Alpha158_csi300_custom_step0_s_20260911_16,18f2bb3d49db4d08ba3139e12711a212,0.085,,,
216,2026-09-11,SZ002001,0.030975744128227234,EXP_LinearModel_Alpha158_csi300_custom_step0_s_20260911_16,18f2bb3d49db4d08ba3139e12711a212,0.085,,,
217,2026-09-11,SZ002027,-0.015716977417469025,EXP_LinearModel_Alpha158_csi300_custom_step0_s_20260911_16,18f2bb3d49db4d08ba3139e12711a212,0.085,,,
218,2026-09-11,SZ002028,0.061186958104372025,EXP_LinearModel_Alpha158_csi300_custom_step0_s_20260911_16,18f2bb3d49db4d08ba3139e12711a212,0.085,,,
219,2026-09-11,SZ002049,-0.059548281133174896,EXP_LinearModel_Alpha158_csi300_custom_step0_s_20260911_16,18f2bb3d49db4d08ba3139e12711a212,0.085,,,
220,2026-09-11,SZ002050,-0.012904715724289417,EXP_LinearModel_Alpha158_csi300_custom_step0_s_20260911_16,18f2bb3d49db4d08ba3139e12711a212,0.085,,,
221,2026-09-11,SZ002074,-0.08220274746417999,EXP_LinearModel_Alpha158_csi300_custom_step0_s_20260911_16,18f2bb3d49db4d08ba3139e12711a212,0.085,,,
222,2026-09-11,SZ002142,0.027903983369469643,EXP_LinearModel_Alpha158_csi300_custom_step0_s_20260911_16,18f2bb3d49db4d08ba3139e12711a212,0.085,,,
223,2026-09-11,SZ002179,0.013269585557281971,EXP_LinearModel_Alpha158_csi300_custom_step0_s_20260911_16,18f2bb3d49db4d08ba3139e12711a212,0.085,,,
224,2026-09-11,SZ002202,0.04129274562001228,EXP_LinearModel_Alpha158_csi300_custom_step0_s_20260911_16,18f2bb3d49db4d08ba3139e12711a212,0.085,,,
225,2026-09-11,SZ002230,-0.06365412473678589,EXP_LinearModel_Alpha158_csi300_custom_step0_s_20260911_16,18f2bb3d49db4d08ba3139e12711a212,0.085,,,
226,2026-09-11,SZ002236,-0.06860288977622986,EXP_LinearModel_Alpha158_csi300_custom_step0_s_20260911_16,18f2bb3d49db4d08ba3139e12711a212,0.085,,,
227,2026-09-11,SZ002241,-0.09814699739217758,EXP_LinearModel_Alpha158_csi300_custom_step0_s_20260911_16,18f2bb3d49db4d08ba3139e12711a212,0.085,,,
228,2026-09-11,SZ002532,-0.06412191689014435,EXP_LinearModel_Alpha158_csi300_custom_step0_s_20260911_16,18f2bb3d49db4d08ba3139e12711a212,0.085,,,
229,2026-09-11,SZ002493,-0.04195508733391762,EXP_LinearModel_Alpha158_csi300_custom_step0_s_20260911_16,18f2bb3d49db4d08ba3139e12711a212,0.085,,,
230,2026-09-11,SZ002475,-0.06953132152557373,EXP_LinearModel_Alpha158_csi300_custom_step0_s_20260911_16,18f2bb3d49db4d08ba3139e12711a212,0.085,,,
231,2026-09-11,SZ002466,-0.1331227421760559,EXP_LinearModel_Alpha158_csi300_custom_step0_s_20260911_16,18f2bb3d49db4d08ba3139e12711a212,0.085,,,
232,2026-09-11,SZ002463,-0.12136011570692062,EXP_LinearModel_Alpha158_csi300_custom_step0_s_20260911_16,18f2bb3d49db4d08ba3139e12711a212,0.085,,,
233,2026-09-11,SZ002460,-0.12912657856941223,EXP_LinearModel_Alpha158_csi300_custom_step0_s_20260911_16,18f2bb3d49db4d08ba3139e12711a212,0.085,,,
234,2026-09-11,SZ000988,-0.21891531348228455,EXP_LinearModel_Alpha158_csi300_custom_step0_s_20260911_16,18f2bb3d49db4d08ba3139e12711a212,0.085,,,
235,2026-09-11,SZ002422,0.08435366302728653,EXP_LinearModel_Alpha158_csi300_custom_step0_s_20260911_16,18f2bb3d49db4d08ba3139e12711a212,0.085,,,
236,2026-09-11,SZ002384,-0.11554348468780518,EXP_LinearModel_Alpha158_csi300_custom_step0_s_20260911_16,18f2bb3d49db4d08ba3139e12711a212,0.085,,,
237,2026-09-11,SZ002371,0.008763426914811134,EXP_LinearModel_Alpha158_csi300_custom_step0_s_20260911_16,18f2bb3d49db4d08ba3139e12711a212,0.085,,,
238,2026-09-11,SZ002353,0.0660877674818039,EXP_LinearModel_Alpha158_csi300_custom_step0_s_20260911_16,18f2bb3d49db4d08ba3139e12711a212,0.085,,,
239,2026-09-11,SZ002352,-0.004018881358206272,EXP_LinearModel_Alpha158_csi300_custom_step0_s_20260911_16,18f2bb3d49db4d08ba3139e12711a212,0.085,,,
240,2026-09-11,SZ002311,-0.022476518526673317,EXP_LinearModel_Alpha158_csi300_custom_step0_s_20260911_16,18f2bb3d49db4d08ba3139e12711a212,0.085,,,
241,2026-09-11,SZ002304,-0.04152149707078934,EXP_LinearModel_Alpha158_csi300_custom_step0_s_20260911_16,18f2bb3d49db4d08ba3139e12711a212,0.085,,,
242,2026-09-11,SZ002415,-0.005092475563287735,EXP_LinearModel_Alpha158_csi300_custom_step0_s_20260911_16,18f2bb3d49db4d08ba3139e12711a212,0.085,,,
243,2026-09-11,SZ000977,0.0029266199562698603,EXP_LinearModel_Alpha158_csi300_custom_step0_s_20260911_16,18f2bb3d49db4d08ba3139e12711a212,0.085,,,
244,2026-09-11,SZ000975,-0.06776557117700577,EXP_LinearModel_Alpha158_csi300_custom_step0_s_20260911_16,18f2bb3d49db4d08ba3139e12711a212,0.085,,,
245,2026-09-11,SZ000963,-0.015254050493240356,EXP_LinearModel_Alpha158_csi300_custom_step0_s_20260911_16,18f2bb3d49db4d08ba3139e12711a212,0.085,,,
246,2026-09-11,SZ000408,-0.00982960406690836,EXP_LinearModel_Alpha158_csi300_custom_step0_s_20260911_16,18f2bb3d49db4d08ba3139e12711a212,0.085,,,
247,2026-09-11,SZ000338,-0.011170587502419949,EXP_LinearModel_Alpha158_csi300_custom_step0_s_20260911_16,18f2bb3d49db4d08ba3139e12711a212,0.085,,,
248,2026-09-11,SZ000333,-0.013889316469430923,EXP_LinearModel_Alpha158_csi300_custom_step0_s_20260911_16,18f2bb3d49db4d08ba3139e12711a212,0.085,,,
249,2026-09-11,SZ000301,-0.005145846866071224,EXP_LinearModel_Alpha158_csi300_custom_step0_s_20260911_16,18f2bb3d49db4d08ba3139e12711a212,0.085,,,
250,2026-09-11,SZ000166,-0.003766372799873352,EXP_LinearModel_Alpha158_csi300_custom_step0_s_20260911_16,18f2bb3d49db4d08ba3139e12711a212,0.085,,,
251,2026-09-11,SZ000157,0.007587812375277281,EXP_LinearModel_Alpha158_csi300_custom_step0_s_20260911_16,18f2bb3d49db4d08ba3139e12711a212,0.085,,,
252,2026-09-11,SZ000425,-0.070615254342556,EXP_LinearModel_Alpha158_csi300_custom_step0_s_20260911_16,18f2bb3d49db4d08ba3139e12711a212,0.085,,,
253,2026-09-11,SZ000100,-0.0688125491142273,EXP_LinearModel_Alpha158_csi300_custom_step0_s_20260911_16,18f2bb3d49db4d08ba3139e12711a212,0.085,,,
254,2026-09-11,SZ000002,-0.04597339406609535,EXP_LinearModel_Alpha158_csi300_custom_step0_s_20260911_16,18f2bb3d49db4d08ba3139e12711a212,0.085,,,
255,2026-09-11,SZ000001,0.053060103207826614,EXP_LinearModel_Alpha158_csi300_custom_step0_s_20260911_16,18f2bb3d49db4d08ba3139e12711a212,0.085,,,
256,2026-09-11,SH688981,-0.05385462939739227,EXP_LinearModel_Alpha158_csi300_custom_step0_s_20260911_16,18f2bb3d49db4d08ba3139e12711a212,0.085,,,
257,2026-09-11,SH688521,-0.12871810793876648,EXP_LinearModel_Alpha158_csi300_custom_step0_s_20260911_16,18f2bb3d49db4d08ba3139e12711a212,0.085,,,
258,2026-09-11,SH688506,0.11825196444988251,EXP_LinearModel_Alpha158_csi300_custom_step0_s_20260911_16,18f2bb3d49db4d08ba3139e12711a212,0.085,,,
259,2026-09-11,SH688472,0.05564606562256813,EXP_LinearModel_Alpha158_csi300_custom_step0_s_20260911_16,18f2bb3d49db4d08ba3139e12711a212,0.085,,,
260,2026-09-11,SZ000063,-0.06351909786462784,EXP_LinearModel_Alpha158_csi300_custom_step0_s_20260911_16,18f2bb3d49db4d08ba3139e12711a212,0.085,,,
261,2026-09-11,SH601077,0.03571169823408127,EXP_LinearModel_Alpha158_csi300_custom_step0_s_20260911_16,03111eafe93f4f8b9e88edbf92a13a2b,0.011,,,
262,2026-09-11,SZ000538,0.0194337610155344,EXP_LinearModel_Alpha158_csi300_custom_step0_s_20260911_16,18f2bb3d49db4d08ba3139e12711a212,0.085,,,
263,2026-09-11,SZ000596,0.027014367282390594,EXP_LinearModel_Alpha158_csi300_custom_step0_s_20260911_16,18f2bb3d49db4d08ba3139e12711a212,0.085,,,
264,2026-09-11,SZ000938,0.030710352584719658,EXP_LinearModel_Alpha158_csi300_custom_step0_s_20260911_16,18f2bb3d49db4d08ba3139e12711a212,0.085,,,
265,2026-09-11,SZ000895,0.01112462766468525,EXP_LinearModel_Alpha158_csi300_custom_step0_s_20260911_16,18f2bb3d49db4d08ba3139e12711a212,0.085,,,
266,2026-09-11,SZ000858,-0.058142442256212234,EXP_LinearModel_Alpha158_csi300_custom_step0_s_20260911_16,18f2bb3d49db4d08ba3139e12711a212,0.085,,,
267,2026-09-11,SZ000807,-0.06722193956375122,EXP_LinearModel_Alpha158_csi300_custom_step0_s_20260911_16,18f2bb3d49db4d08ba3139e12711a212,0.085,,,
268,2026-09-11,SZ000792,-0.07363685220479965,EXP_LinearModel_Alpha158_csi300_custom_step0_s_20260911_16,18f2bb3d49db4d08ba3139e12711a212,0.085,,,
269,2026-09-11,SZ000776,-0.005538369528949261,EXP_LinearModel_Alpha158_csi300_custom_step0_s_20260911_16,18f2bb3d49db4d08ba3139e12711a212,0.085,,,
270,2026-09-11,SZ000568,-0.009850417263805866,EXP_LinearModel_Alpha158_csi300_custom_step0_s_20260911_16,18f2bb3d49db4d08ba3139e12711a212,0.085,,,
271,2026-09-11,SZ000768,0.019740672782063484,EXP_LinearModel_Alpha158_csi300_custom_step0_s_20260911_16,18f2bb3d49db4d08ba3139e12711a212,0.085,,,
272,2026-09-11,SZ000708,0.0022501423954963684,EXP_LinearModel_Alpha158_csi300_custom_step0_s_20260911_16,18f2bb3d49db4d08ba3139e12711a212,0.085,,,
273,2026-09-11,SZ000657,-0.18627610802650452,EXP_LinearModel_Alpha158_csi300_custom_step0_s_20260911_16,18f2bb3d49db4d08ba3139e12711a212,0.085,,,
274,2026-09-11,SZ000651,0.012010155245661736,EXP_LinearModel_Alpha158_csi300_custom_step0_s_20260911_16,18f2bb3d49db4d08ba3139e12711a212,0.085,,,
275,2026-09-11,SZ000630,-0.08192411065101624,EXP_LinearModel_Alpha158_csi300_custom_step0_s_20260911_16,18f2bb3d49db4d08ba3139e12711a212,0.085,,,
276,2026-09-11,SZ000625,-0.024389609694480896,EXP_LinearModel_Alpha158_csi300_custom_step0_s_20260911_16,18f2bb3d49db4d08ba3139e12711a212,0.085,,,
277,2026-09-11,SZ000617,-0.03258616849780083,EXP_LinearModel_Alpha158_csi300_custom_step0_s_20260911_16,18f2bb3d49db4d08ba3139e12711a212,0.085,,,
278,2026-09-11,SZ000725,-0.08452479541301727,EXP_LinearModel_Alpha158_csi300_custom_step0_s_20260911_16,18f2bb3d49db4d08ba3139e12711a212,0.085,,,
279,2026-09-11,SH601390,-0.0014010816812515259,EXP_LinearModel_Alpha158_csi300_custom_step0_s_20260911_16,18f2bb3d49db4d08ba3139e12711a212,0.085,,,
280,2026-09-11,SH601088,0.030523721128702164,EXP_LinearModel_Alpha158_csi300_custom_step0_s_20260911_16,03111eafe93f4f8b9e88edbf92a13a2b,0.011,,,
281,2026-09-11,SH601111,-0.0027514714747667313,EXP_LinearModel_Alpha158_csi300_custom_step0_s_20260911_16,03111eafe93f4f8b9e88edbf92a13a2b,0.011,,,
282,2026-09-11,SZ300251,-0.057842791080474854,EXP_LinearModel_Alpha158_csi300_custom_step0_s_20260911_16,03111eafe93f4f8b9e88edbf92a13a2b,0.011,,,
283,2026-09-11,SZ300274,0.03231317177414894,EXP_LinearModel_Alpha158_csi300_custom_step0_s_20260911_16,03111eafe93f4f8b9e88edbf92a13a2b,0.011,,,
284,2026-09-11,SZ300308,-0.07066509872674942,EXP_LinearModel_Alpha158_csi300_custom_step0_s_20260911_16,03111eafe93f4f8b9e88edbf92a13a2b,0.011,,,
285,2026-09-11,SZ300316,-0.08085685968399048,EXP_LinearModel_Alpha158_csi300_custom_step0_s_20260911_16,03111eafe93f4f8b9e88edbf92a13a2b,0.011,,,
286,2026-09-11,SZ300394,-0.0768500417470932,EXP_LinearModel_Alpha158_csi300_custom_step0_s_20260911_16,03111eafe93f4f8b9e88edbf92a13a2b,0.011,,,
287,2026-09-11,SZ300408,-0.043330587446689606,EXP_LinearModel_Alpha158_csi300_custom_step0_s_20260911_16,03111eafe93f4f8b9e88edbf92a13a2b,0.011,,,
288,2026-09-11,SZ300413,-0.06219538301229477,EXP_LinearModel_Alpha158_csi300_custom_step0_s_20260911_16,03111eafe93f4f8b9e88edbf92a13a2b,0.011,,,
289,2026-09-11,SZ300418,-0.08224541693925858,EXP_LinearModel_Alpha158_csi300_custom_step0_s_20260911_16,03111eafe93f4f8b9e88edbf92a13a2b,0.011,,,
290,2026-09-11,SZ300433,-0.11076902598142624,EXP_LinearModel_Alpha158_csi300_custom_step0_s_20260911_16,03111eafe93f4f8b9e88edbf92a13a2b,0.011,,,
291,2026-09-11,SZ300442,-0.057897794991731644,EXP_LinearModel_Alpha158_csi300_custom_step0_s_20260911_16,03111eafe93f4f8b9e88edbf92a13a2b,0.011,,,
292,2026-09-11,SZ300450,-0.1333010494709015,EXP_LinearModel_Alpha158_csi300_custom_step0_s_20260911_16,03111eafe93f4f8b9e88edbf92a13a2b,0.011,,,
293,2026-09-11,SZ300476,-0.03930789604783058,EXP_LinearModel_Alpha158_csi300_custom_step0_s_20260911_16,03111eafe93f4f8b9e88edbf92a13a2b,0.011,,,
294,2026-09-11,SZ300498,-0.019430801272392273,EXP_LinearModel_Alpha158_csi300_custom_step0_s_20260911_16,03111eafe93f4f8b9e88edbf92a13a2b,0.011,,,
295,2026-09-11,SZ300502,-0.034730035811662674,EXP_LinearModel_Alpha158_csi300_custom_step0_s_20260911_16,03111eafe93f4f8b9e88edbf92a13a2b,0.011,,,
296,2026-09-11,SZ300628,-0.01827823556959629,EXP_LinearModel_Alpha158_csi300_custom_step0_s_20260911_16,03111eafe93f4f8b9e88edbf92a13a2b,0.011,,,
297,2026-09-11,SZ300661,-0.07803807407617569,EXP_LinearModel_Alpha158_csi300_custom_step0_s_20260911_16,03111eafe93f4f8b9e88edbf92a13a2b,0.011,,,
298,2026-09-11,SZ300750,0.03189666196703911,EXP_LinearModel_Alpha158_csi300_custom_step0_s_20260911_16,03111eafe93f4f8b9e88edbf92a13a2b,0.011,,,
299,2026-09-11,SH600010,-0.08102742582559586,EXP_LinearModel_Alpha158_csi300_custom_step0_s_20260911_16,032cde2d5ba84159ada71ce4f5a86290,0.016,,,
300,2026-09-11,SH600009,-0.01145557314157486,EXP_LinearModel_Alpha158_csi300_custom_step0_s_20260911_16,032cde2d5ba84159ada71ce4f5a86290,0.016,,,
301,2026-09-11,SH600000,-0.043314795941114426,EXP_LinearModel_Alpha158_csi300_custom_step0_s_20260911_16,032cde2d5ba84159ada71ce4f5a86290,0.016,,,
302,2026-09-11,SZ302132,-0.027000291272997856,EXP_LinearModel_Alpha158_csi300_custom_step0_s_20260911_16,03111eafe93f4f8b9e88edbf92a13a2b,0.011,,,
303,2026-09-11,SZ301308,-0.20541222393512726,EXP_LinearModel_Alpha158_csi300_custom_step0_s_20260911_16,03111eafe93f4f8b9e88edbf92a13a2b,0.011,,,
304,2026-09-11,SZ301269,-0.06103234365582466,EXP_LinearModel_Alpha158_csi300_custom_step0_s_20260911_16,03111eafe93f4f8b9e88edbf92a13a2b,0.011,,,
305,2026-09-11,SZ300124,-0.02622237615287304,EXP_LinearModel_Alpha158_csi300_custom_step0_s_20260911_16,03111eafe93f4f8b9e88edbf92a13a2b,0.011,,,
306,2026-09-11,SZ301236,-0.007500992156565189,EXP_LinearModel_Alpha158_csi300_custom_step0_s_20260911_16,03111eafe93f4f8b9e88edbf92a13a2b,0.011,,,
307,2026-09-11,SZ300999,0.022116800770163536,EXP_LinearModel_Alpha158_csi300_custom_step0_s_20260911_16,03111eafe93f4f8b9e88edbf92a13a2b,0.011,,,
308,2026-09-11,SZ300896,-0.04449814558029175,EXP_LinearModel_Alpha158_csi300_custom_step0_s_20260911_16,03111eafe93f4f8b9e88edbf92a13a2b,0.011,,,
309,2026-09-11,SZ300866,0.043515656143426895,EXP_LinearModel_Alpha158_csi300_custom_step0_s_20260911_16,03111eafe93f4f8b9e88edbf92a13a2b,0.011,,,
310,2026-09-11,SZ300832,0.03622376173734665,EXP_LinearModel_Alpha158_csi300_custom_step0_s_20260911_16,03111eafe93f4f8b9e88edbf92a13a2b,0.011,,,
311,2026-09-11,SZ300803,-0.06775763630867004,EXP_LinearModel_Alpha158_csi300_custom_step0_s_20260911_16,03111eafe93f4f8b9e88edbf92a13a2b,0.011,,,
312,2026-09-11,SZ300760,0.023959673941135406,EXP_LinearModel_Alpha158_csi300_custom_step0_s_20260911_16,03111eafe93f4f8b9e88edbf92a13a2b,0.011,,,
313,2026-09-11,SZ301165,0.014724970795214176,EXP_LinearModel_Alpha158_csi300_custom_step0_s_20260911_16,03111eafe93f4f8b9e88edbf92a13a2b,0.011,,,
314,2026-09-11,SH600011,0.002612100914120674,EXP_LinearModel_Alpha158_csi300_custom_step0_s_20260911_16,032cde2d5ba84159ada71ce4f5a86290,0.016,,,
315,2026-09-11,SZ300122,-0.03758153319358826,EXP_LinearModel_Alpha158_csi300_custom_step0_s_20260911_16,03111eafe93f4f8b9e88edbf92a13a2b,0.011,,,
316,2026-09-11,SZ300033,-0.04383428767323494,EXP_LinearModel_Alpha158_csi300_custom_step0_s_20260911_16,03111eafe93f4f8b9e88edbf92a13a2b,0.011,,,
317,2026-09-11,SZ002241,-0.05293644219636917,EXP_LinearModel_Alpha158_csi300_custom_step0_s_20260911_16,03111eafe93f4f8b9e88edbf92a13a2b,0.011,,,
318,2026-09-11,SZ002304,-0.05001509562134743,EXP_LinearModel_Alpha158_csi300_custom_step0_s_20260911_16,03111eafe93f4f8b9e88edbf92a13a2b,0.011,,,
319,2026-09-11,SZ002311,-0.03531603887677193,EXP_LinearModel_Alpha158_csi300_custom_step0_s_20260911_16,03111eafe93f4f8b9e88edbf92a13a2b,0.011,,,
320,2026-09-11,SZ002352,-0.014320538379251957,EXP_LinearModel_Alpha158_csi300_custom_step0_s_20260911_16,03111eafe93f4f8b9e88edbf92a13a2b,0.011,,,
321,2026-09-11,SZ002353,0.04946816340088844,EXP_LinearModel_Alpha158_csi300_custom_step0_s_20260911_16,03111eafe93f4f8b9e88edbf92a13a2b,0.011,,,
322,2026-09-11,SZ002371,0.006002951879054308,EXP_LinearModel_Alpha158_csi300_custom_step0_s_20260911_16,03111eafe93f4f8b9e88edbf92a13a2b,0.011,,,
323,2026-09-11,SZ002384,-0.09042074531316757,EXP_LinearModel_Alpha158_csi300_custom_step0_s_20260911_16,03111eafe93f4f8b9e88edbf92a13a2b,0.011,,,
324,2026-09-11,SZ002415,0.0112671609967947,EXP_LinearModel_Alpha158_csi300_custom_step0_s_20260911_16,03111eafe93f4f8b9e88edbf92a13a2b,0.011,,,
325,2026-09-11,SZ002422,0.014043658971786499,EXP_LinearModel_Alpha158_csi300_custom_step0_s_20260911_16,03111eafe93f4f8b9e88edbf92a13a2b,0.011,,,
326,2026-09-11,SZ002460,-0.09305033832788467,EXP_LinearModel_Alpha158_csi300_custom_step0_s_20260911_16,03111eafe93f4f8b9e88edbf92a13a2b,0.011,,,
327,2026-09-11,SZ002463,-0.08324624598026276,EXP_LinearModel_Alpha158_csi300_custom_step0_s_20260911_16,03111eafe93f4f8b9e88edbf92a13a2b,0.011,,,
328,2026-09-11,SZ002466,-0.10482058674097061,EXP_LinearModel_Alpha158_csi300_custom_step0_s_20260911_16,03111eafe93f4f8b9e88edbf92a13a2b,0.011,,,
329,2026-09-11,SZ002475,-0.04401928558945656,EXP_LinearModel_Alpha158_csi300_custom_step0_s_20260911_16,03111eafe93f4f8b9e88edbf92a13a2b,0.011,,,
330,2026-09-11,SZ002493,0.028272422030568123,EXP_LinearModel_Alpha158_csi300_custom_step0_s_20260911_16,03111eafe93f4f8b9e88edbf92a13a2b,0.011,,,
331,2026-09-11,SZ002532,-0.010585318319499493,EXP_LinearModel_Alpha158_csi300_custom_step0_s_20260911_16,03111eafe93f4f8b9e88edbf92a13a2b,0.011,,,
332,2026-09-11,SZ002558,-0.01288679800927639,EXP_LinearModel_Alpha158_csi300_custom_step0_s_20260911_16,03111eafe93f4f8b9e88edbf92a13a2b,0.011,,,
333,2026-09-11,SZ002594,-0.024758102372288704,EXP_LinearModel_Alpha158_csi300_custom_step0_s_20260911_16,03111eafe93f4f8b9e88edbf92a13a2b,0.011,,,
334,2026-09-11,SZ300015,-0.02716112695634365,EXP_LinearModel_Alpha158_csi300_custom_step0_s_20260911_16,03111eafe93f4f8b9e88edbf92a13a2b,0.011,,,
335,2026-09-11,SZ300014,-0.10280027985572815,EXP_LinearModel_Alpha158_csi300_custom_step0_s_20260911_16,03111eafe93f4f8b9e88edbf92a13a2b,0.011,,,
336,2026-09-11,SZ003816,0.06014053523540497,EXP_LinearModel_Alpha158_csi300_custom_step0_s_20260911_16,03111eafe93f4f8b9e88edbf92a13a2b,0.011,,,
337,2026-09-11,SZ002938,-0.027209816500544548,EXP_LinearModel_Alpha158_csi300_custom_step0_s_20260911_16,03111eafe93f4f8b9e88edbf92a13a2b,0.011,,,
338,2026-09-11,SZ002920,-0.04733928292989731,EXP_LinearModel_Alpha158_csi300_custom_step0_s_20260911_16,03111eafe93f4f8b9e88edbf92a13a2b,0.011,,,
339,2026-09-11,SZ002916,-0.12377780675888062,EXP_LinearModel_Alpha158_csi300_custom_step0_s_20260911_16,03111eafe93f4f8b9e88edbf92a13a2b,0.011,,,
340,2026-09-11,SZ300059,-0.0753919780254364,EXP_LinearModel_Alpha158_csi300_custom_step0_s_20260911_16,03111eafe93f4f8b9e88edbf92a13a2b,0.011,,,
341,2026-09-11,SZ002837,-0.08034620434045792,EXP_LinearModel_Alpha158_csi300_custom_step0_s_20260911_16,03111eafe93f4f8b9e88edbf92a13a2b,0.011,,,
342,2026-09-11,SZ002714,0.03389672562479973,EXP_LinearModel_Alpha158_csi300_custom_step0_s_20260911_16,03111eafe93f4f8b9e88edbf92a13a2b,0.011,,,
343,2026-09-11,SZ002709,-0.09860388189554214,EXP_LinearModel_Alpha158_csi300_custom_step0_s_20260911_16,03111eafe93f4f8b9e88edbf92a13a2b,0.011,,,
344,2026-09-11,SZ002648,0.03533349558711052,EXP_LinearModel_Alpha158_csi300_custom_step0_s_20260911_16,03111eafe93f4f8b9e88edbf92a13a2b,0.011,,,
345,2026-09-11,SZ002625,-0.05371537059545517,EXP_LinearModel_Alpha158_csi300_custom_step0_s_20260911_16,03111eafe93f4f8b9e88edbf92a13a2b,0.011,,,
346,2026-09-11,SZ002602,-0.00873995665460825,EXP_LinearModel_Alpha158_csi300_custom_step0_s_20260911_16,03111eafe93f4f8b9e88edbf92a13a2b,0.011,,,
347,2026-09-11,SZ002600,-0.025633618235588074,EXP_LinearModel_Alpha158_csi300_custom_step0_s_20260911_16,03111eafe93f4f8b9e88edbf92a13a2b,0.011,,,
348,2026-09-11,SZ002736,-0.04888201132416725,EXP_LinearModel_Alpha158_csi300_custom_step0_s_20260911_16,03111eafe93f4f8b9e88edbf92a13a2b,0.011,,,
349,2026-09-11,SZ002236,-0.08492046594619751,EXP_LinearModel_Alpha158_csi300_custom_step0_s_20260911_16,03111eafe93f4f8b9e88edbf92a13a2b,0.011,,,
350,2026-09-11,SH600015,-0.1053159236907959,EXP_LinearModel_Alpha158_csi300_custom_step0_s_20260911_16,032cde2d5ba84159ada71ce4f5a86290,0.016,,,
351,2026-09-11,SH600018,0.058109018951654434,EXP_LinearModel_Alpha158_csi300_custom_step0_s_20260911_16,032cde2d5ba84159ada71ce4f5a86290,0.016,,,
352,2026-09-11,SH600406,-0.07102550566196442,EXP_LinearModel_Alpha158_csi300_custom_step0_s_20260911_16,032cde2d5ba84159ada71ce4f5a86290,0.016,,,
353,2026-09-11,SH600415,0.025791587308049202,EXP_LinearModel_Alpha158_csi300_custom_step0_s_20260911_16,032cde2d5ba84159ada71ce4f5a86290,0.016,,,
354,2026-09-11,SH600426,0.05727500095963478,EXP_LinearModel_Alpha158_csi300_custom_step0_s_20260911_16,032cde2d5ba84159ada71ce4f5a86290,0.016,,,
355,2026-09-11,SH600436,0.03191091865301132,EXP_LinearModel_Alpha158_csi300_custom_step0_s_20260911_16,032cde2d5ba84159ada71ce4f5a86290,0.016,,,
356,2026-09-11,SH600438,0.05641607940196991,EXP_LinearModel_Alpha158_csi300_custom_step0_s_20260911_16,032cde2d5ba84159ada71ce4f5a86290,0.016,,,
357,2026-09-11,SH600460,0.17115499079227448,EXP_LinearModel_Alpha158_csi300_custom_step0_s_20260911_16,032cde2d5ba84159ada71ce4f5a86290,0.016,,,
358,2026-09-11,SH600482,-0.022319169715046883,EXP_LinearModel_Alpha158_csi300_custom_step0_s_20260911_16,032cde2d5ba84159ada71ce4f5a86290,0.016,,,
359,2026-09-11,SH600489,-0.001970643876120448,EXP_LinearModel_Alpha158_csi300_custom_step0_s_20260911_16,032cde2d5ba84159ada71ce4f5a86290,0.016,,,
360,2026-09-11,SH600515,0.015285151079297066,EXP_LinearModel_Alpha158_csi300_custom_step0_s_20260911_16,032cde2d5ba84159ada71ce4f5a86290,0.016,,,
361,2026-09-11,SH600519,-0.12106423079967499,EXP_LinearModel_Alpha158_csi300_custom_step0_s_20260911_16,032cde2d5ba84159ada71ce4f5a86290,0.016,,,
362,2026-09-11,SH600522,0.15186931192874908,EXP_LinearModel_Alpha158_csi300_custom_step0_s_20260911_16,032cde2d5ba84159ada71ce4f5a86290,0.016,,,
363,2026-09-11,SH600547,0.06553401798009872,EXP_LinearModel_Alpha158_csi300_custom_step0_s_20260911_16,032cde2d5ba84159ada71ce4f5a86290,0.016,,,
364,2026-09-11,SH600549,0.13706932961940765,EXP_LinearModel_Alpha158_csi300_custom_step0_s_20260911_16,032cde2d5ba84159ada71ce4f5a86290,0.016,,,
365,2026-09-11,SH600570,-0.053684674203395844,EXP_LinearModel_Alpha158_csi300_custom_step0_s_20260911_16,032cde2d5ba84159ada71ce4f5a86290,0.016,,,
366,2026-09-11,SH600584,0.16111835837364197,EXP_LinearModel_Alpha158_csi300_custom_step0_s_20260911_16,032cde2d5ba84159ada71ce4f5a86290,0.016,,,
367,2026-09-11,SH600585,-0.0392388179898262,EXP_LinearModel_Alpha158_csi300_custom_step0_s_20260911_16,032cde2d5ba84159ada71ce4f5a86290,0.016,,,
368,2026-09-11,SH600588,0.02022436633706093,EXP_LinearModel_Alpha158_csi300_custom_step0_s_20260911_16,032cde2d5ba84159ada71ce4f5a86290,0.016,,,
369,2026-09-11,SH600893,-0.017697369679808617,EXP_LinearModel_Alpha158_csi300_custom_step0_s_20260911_16,032cde2d5ba84159ada71ce4f5a86290,0.016,,,
370,2026-09-11,SH600887,0.008476410061120987,EXP_LinearModel_Alpha158_csi300_custom_step0_s_20260911_16,032cde2d5ba84159ada71ce4f5a86290,0.016,,,
371,2026-09-11,SH600886,0.03470824658870697,EXP_LinearModel_Alpha158_csi300_custom_step0_s_20260911_16,032cde2d5ba84159ada71ce4f5a86290,0.016,,,
372,2026-09-11,SH600875,-0.01511145569384098,EXP_LinearModel_Alpha158_csi300_custom_step0_s_20260911_16,032cde2d5ba84159ada71ce4f5a86290,0.016,,,
373,2026-09-11,SH600845,-0.04599839821457863,EXP_LinearModel_Alpha158_csi300_custom_step0_s_20260911_16,032cde2d5ba84159ada71ce4f5a86290,0.016,,,
374,2026-09-11,SH600809,-0.03402694687247276,EXP_LinearModel_Alpha158_csi300_custom_step0_s_20260911_16,032cde2d5ba84159ada71ce4f5a86290,0.016,,,
375,2026-09-11,SH600372,-0.018474582582712173,EXP_LinearModel_Alpha158_csi300_custom_step0_s_20260911_16,032cde2d5ba84159ada71ce4f5a86290,0.016,,,
376,2026-09-11,SH600803,0.06161196157336235,EXP_LinearModel_Alpha158_csi300_custom_step0_s_20260911_16,032cde2d5ba84159ada71ce4f5a86290,0.016,,,
377,2026-09-11,SH600760,0.06203242018818855,EXP_LinearModel_Alpha158_csi300_custom_step0_s_20260911_16,032cde2d5ba84159ada71ce4f5a86290,0.016,,,
378,2026-09-11,SH600741,-0.03157716616988182,EXP_LinearModel_Alpha158_csi300_custom_step0_s_20260911_16,032cde2d5ba84159ada71ce4f5a86290,0.016,,,
379,2026-09-11,SH600690,-0.048199862241744995,EXP_LinearModel_Alpha158_csi300_custom_step0_s_20260911_16,032cde2d5ba84159ada71ce4f5a86290,0.016,,,
380,2026-09-11,SH600674,0.005094819236546755,EXP_LinearModel_Alpha158_csi300_custom_step0_s_20260911_16,032cde2d5ba84159ada71ce4f5a86290,0.016,,,
381,2026-09-11,SH600660,-0.02224099449813366,EXP_LinearModel_Alpha158_csi300_custom_step0_s_20260911_16,032cde2d5ba84159ada71ce4f5a86290,0.016,,,
382,2026-09-11,SH600600,-0.0889870896935463,EXP_LinearModel_Alpha158_csi300_custom_step0_s_20260911_16,032cde2d5ba84159ada71ce4f5a86290,0.016,,,
383,2026-09-11,SH600795,-0.005303462967276573,EXP_LinearModel_Alpha158_csi300_custom_step0_s_20260911_16,032cde2d5ba84159ada71ce4f5a86290,0.016,,,
384,2026-09-11,SH600016,0.0267974603921175,EXP_LinearModel_Alpha158_csi300_custom_step0_s_20260911_16,032cde2d5ba84159ada71ce4f5a86290,0.016,,,
385,2026-09-11,SH600362,0.08109584450721741,EXP_LinearModel_Alpha158_csi300_custom_step0_s_20260911_16,032cde2d5ba84159ada71ce4f5a86290,0.016,,,
386,2026-09-11,SH600309,0.07004526257514954,EXP_LinearModel_Alpha158_csi300_custom_step0_s_20260911_16,032cde2d5ba84159ada71ce4f5a86290,0.016,,,
387,2026-09-11,SH600019,0.0038998995441943407,EXP_LinearModel_Alpha158_csi300_custom_step0_s_20260911_16,032cde2d5ba84159ada71ce4f5a86290,0.016,,,
388,2026-09-11,SH600023,-0.009098008275032043,EXP_LinearModel_Alpha158_csi300_custom_step0_s_20260911_16,032cde2d5ba84159ada71ce4f5a86290,0.016,,,
389,2026-09-11,SH600025,-0.07158379256725311,EXP_LinearModel_Alpha158_csi300_custom_step0_s_20260911_16,032cde2d5ba84159ada71ce4f5a86290,0.016,,,
390,2026-09-11,SH600026,-0.018859919160604477,EXP_LinearModel_Alpha158_csi300_custom_step0_s_20260911_16,032cde2d5ba84159ada71ce4f5a86290,0.016,,,
391,2026-09-11,SH600027,0.06585368514060974,EXP_LinearModel_Alpha158_csi300_custom_step0_s_20260911_16,032cde2d5ba84159ada71ce4f5a86290,0.016,,,
392,2026-09-11,SH600028,0.03387075290083885,EXP_LinearModel_Alpha158_csi300_custom_step0_s_20260911_16,032cde2d5ba84159ada71ce4f5a86290,0.016,,,
393,2026-09-11,SH600029,-0.10822965204715729,EXP_LinearModel_Alpha158_csi300_custom_step0_s_20260911_16,032cde2d5ba84159ada71ce4f5a86290,0.016,,,
394,2026-09-11,SH600030,-0.08535022288560867,EXP_LinearModel_Alpha158_csi300_custom_step0_s_20260911_16,032cde2d5ba84159ada71ce4f5a86290,0.016,,,
395,2026-09-11,SH600031,0.020104799419641495,EXP_LinearModel_Alpha158_csi300_custom_step0_s_20260911_16,032cde2d5ba84159ada71ce4f5a86290,0.016,,,
396,2026-09-11,SH600036,0.02304970659315586,EXP_LinearModel_Alpha158_csi300_custom_step0_s_20260911_16,032cde2d5ba84159ada71ce4f5a86290,0.016,,,
397,2026-09-11,SH600039,-0.04511871933937073,EXP_LinearModel_Alpha158_csi300_custom_step0_s_20260911_16,032cde2d5ba84159ada71ce4f5a86290,0.016,,,
398,2026-09-11,SH600048,-0.025580767542123795,EXP_LinearModel_Alpha158_csi300_custom_step0_s_20260911_16,032cde2d5ba84159ada71ce4f5a86290,0.016,,,
399,2026-09-11,SH600050,-0.0781548023223877,EXP_LinearModel_Alpha158_csi300_custom_step0_s_20260911_16,032cde2d5ba84159ada71ce4f5a86290,0.016,,,
400,2026-09-11,SH600061,-0.016303475946187973,EXP_LinearModel_Alpha158_csi300_custom_step0_s_20260911_16,032cde2d5ba84159ada71ce4f5a86290,0.016,,,
401,2026-09-11,SH600066,-0.03177429735660553,EXP_LinearModel_Alpha158_csi300_custom_step0_s_20260911_16,032cde2d5ba84159ada71ce4f5a86290,0.016,,,
402,2026-09-11,SH600085,-0.04667244479060173,EXP_LinearModel_Alpha158_csi300_custom_step0_s_20260911_16,032cde2d5ba84159ada71ce4f5a86290,0.016,,,
403,2026-09-11,SH600089,0.0069863200187683105,EXP_LinearModel_Alpha158_csi300_custom_step0_s_20260911_16,032cde2d5ba84159ada71ce4f5a86290,0.016,,,
404,2026-09-11,SH600276,0.09170136600732803,EXP_LinearModel_Alpha158_csi300_custom_step0_s_20260911_16,032cde2d5ba84159ada71ce4f5a86290,0.016,,,
405,2026-09-11,SH600233,-0.05581999197602272,EXP_LinearModel_Alpha158_csi300_custom_step0_s_20260911_16,032cde2d5ba84159ada71ce4f5a86290,0.016,,,
406,2026-09-11,SH600221,-0.033699195832014084,EXP_LinearModel_Alpha158_csi300_custom_step0_s_20260911_16,032cde2d5ba84159ada71ce4f5a86290,0.016,,,
407,2026-09-11,SH600219,-0.02126316726207733,EXP_LinearModel_Alpha158_csi300_custom_step0_s_20260911_16,032cde2d5ba84159ada71ce4f5a86290,0.016,,,
408,2026-09-11,SH600196,-0.031308989971876144,EXP_LinearModel_Alpha158_csi300_custom_step0_s_20260911_16,032cde2d5ba84159ada71ce4f5a86290,0.016,,,
409,2026-09-11,SH600188,0.0054446617141366005,EXP_LinearModel_Alpha158_csi300_custom_step0_s_20260911_16,032cde2d5ba84159ada71ce4f5a86290,0.016,,,
410,2026-09-11,SH600346,0.15833334624767303,EXP_LinearModel_Alpha158_csi300_custom_step0_s_20260911_16,032cde2d5ba84159ada71ce4f5a86290,0.016,,,
411,2026-09-11,SH600183,0.03390626981854439,EXP_LinearModel_Alpha158_csi300_custom_step0_s_20260911_16,032cde2d5ba84159ada71ce4f5a86290,0.016,,,
412,2026-09-11,SH600160,0.09020578116178513,EXP_LinearModel_Alpha158_csi300_custom_step0_s_20260911_16,032cde2d5ba84159ada71ce4f5a86290,0.016,,,
413,2026-09-11,SH600150,0.026585590094327927,EXP_LinearModel_Alpha158_csi300_custom_step0_s_20260911_16,032cde2d5ba84159ada71ce4f5a86290,0.016,,,
414,2026-09-11,SH600118,0.1161675751209259,EXP_LinearModel_Alpha158_csi300_custom_step0_s_20260911_16,032cde2d5ba84159ada71ce4f5a86290,0.016,,,
415,2026-09-11,SH600115,-0.0300754364579916,EXP_LinearModel_Alpha158_csi300_custom_step0_s_20260911_16,032cde2d5ba84159ada71ce4f5a86290,0.016,,,
416,2026-09-11,SH600111,0.014840606600046158,EXP_LinearModel_Alpha158_csi300_custom_step0_s_20260911_16,032cde2d5ba84159ada71ce4f5a86290,0.016,,,
417,2026-09-11,SH600104,0.05980656296014786,EXP_LinearModel_Alpha158_csi300_custom_step0_s_20260911_16,032cde2d5ba84159ada71ce4f5a86290,0.016,,,
418,2026-09-11,SH600176,0.07814376056194305,EXP_LinearModel_Alpha158_csi300_custom_step0_s_20260911_16,032cde2d5ba84159ada71ce4f5a86290,0.016,,,
419,2026-09-11,SZ002230,-0.02250070683658123,EXP_LinearModel_Alpha158_csi300_custom_step0_s_20260911_16,03111eafe93f4f8b9e88edbf92a13a2b,0.011,,,
420,2026-09-11,SZ002202,0.0019930899143218994,EXP_LinearModel_Alpha158_csi300_custom_step0_s_20260911_16,03111eafe93f4f8b9e88edbf92a13a2b,0.011,,,
421,2026-09-11,SZ002179,0.020854420959949493,EXP_LinearModel_Alpha158_csi300_custom_step0_s_20260911_16,03111eafe93f4f8b9e88edbf92a13a2b,0.011,,,
422,2026-09-11,SH601766,0.009258467704057693,EXP_LinearModel_Alpha158_csi300_custom_step0_s_20260911_16,03111eafe93f4f8b9e88edbf92a13a2b,0.011,,,
423,2026-09-11,SH601788,-0.07010252773761749,EXP_LinearModel_Alpha158_csi300_custom_step0_s_20260911_16,03111eafe93f4f8b9e88edbf92a13a2b,0.011,,,
424,2026-09-11,SH601800,-0.007643220014870167,EXP_LinearModel_Alpha158_csi300_custom_step0_s_20260911_16,03111eafe93f4f8b9e88edbf92a13a2b,0.011,,,
425,2026-09-11,SH601816,-0.02421823889017105,EXP_LinearModel_Alpha158_csi300_custom_step0_s_20260911_16,03111eafe93f4f8b9e88edbf92a13a2b,0.011,,,
426,2026-09-11,SH601818,0.0017765708034858108,EXP_LinearModel_Alpha158_csi300_custom_step0_s_20260911_16,03111eafe93f4f8b9e88edbf92a13a2b,0.011,,,
427,2026-09-11,SH601825,0.0643860474228859,EXP_LinearModel_Alpha158_csi300_custom_step0_s_20260911_16,03111eafe93f4f8b9e88edbf92a13a2b,0.011,,,
428,2026-09-11,SH601838,0.020453935489058495,EXP_LinearModel_Alpha158_csi300_custom_step0_s_20260911_16,03111eafe93f4f8b9e88edbf92a13a2b,0.011,,,
429,2026-09-11,SH601857,0.04385405406355858,EXP_LinearModel_Alpha158_csi300_custom_step0_s_20260911_16,03111eafe93f4f8b9e88edbf92a13a2b,0.011,,,
430,2026-09-11,SH601868,0.03298866003751755,EXP_LinearModel_Alpha158_csi300_custom_step0_s_20260911_16,03111eafe93f4f8b9e88edbf92a13a2b,0.011,,,
431,2026-09-11,SH601872,-0.11042142659425735,EXP_LinearModel_Alpha158_csi300_custom_step0_s_20260911_16,03111eafe93f4f8b9e88edbf92a13a2b,0.011,,,
432,2026-09-11,SH601877,-0.04165424406528473,EXP_LinearModel_Alpha158_csi300_custom_step0_s_20260911_16,03111eafe93f4f8b9e88edbf92a13a2b,0.011,,,
433,2026-09-11,SH601878,-0.06615085899829865,EXP_LinearModel_Alpha158_csi300_custom_step0_s_20260911_16,03111eafe93f4f8b9e88edbf92a13a2b,0.011,,,
434,2026-09-11,SH601881,-0.059089913964271545,EXP_LinearModel_Alpha158_csi300_custom_step0_s_20260911_16,03111eafe93f4f8b9e88edbf92a13a2b,0.011,,,
435,2026-09-11,SH601888,-0.061019062995910645,EXP_LinearModel_Alpha158_csi300_custom_step0_s_20260911_16,03111eafe93f4f8b9e88edbf92a13a2b,0.011,,,
436,2026-09-11,SH601898,0.03949299454689026,EXP_LinearModel_Alpha158_csi300_custom_step0_s_20260911_16,03111eafe93f4f8b9e88edbf92a13a2b,0.011,,,
437,2026-09-11,SH601899,0.00779412966221571,EXP_LinearModel_Alpha158_csi300_custom_step0_s_20260911_16,03111eafe93f4f8b9e88edbf92a13a2b,0.011,,,
438,2026-09-11,SH601901,-0.004358659964054823,EXP_LinearModel_Alpha158_csi300_custom_step0_s_20260911_16,03111eafe93f4f8b9e88edbf92a13a2b,0.011,,,
439,2026-09-11,SH603392,-0.06517822295427322,EXP_LinearModel_Alpha158_csi300_custom_step0_s_20260911_16,03111eafe93f4f8b9e88edbf92a13a2b,0.011,,,
440,2026-09-11,SH603369,-0.013013087213039398,EXP_LinearModel_Alpha158_csi300_custom_step0_s_20260911_16,03111eafe93f4f8b9e88edbf92a13a2b,0.011,,,
441,2026-09-11,SH603296,-0.02028745599091053,EXP_LinearModel_Alpha158_csi300_custom_step0_s_20260911_16,03111eafe93f4f8b9e88edbf92a13a2b,0.011,,,
442,2026-09-11,SH603288,-0.0046210214495658875,EXP_LinearModel_Alpha158_csi300_custom_step0_s_20260911_16,03111eafe93f4f8b9e88edbf92a13a2b,0.011,,,
443,2026-09-11,SH603260,-0.08790379762649536,EXP_LinearModel_Alpha158_csi300_custom_step0_s_20260911_16,03111eafe93f4f8b9e88edbf92a13a2b,0.011,,,
444,2026-09-11,SH603259,-0.06624337285757065,EXP_LinearModel_Alpha158_csi300_custom_step0_s_20260911_16,03111eafe93f4f8b9e88edbf92a13a2b,0.011,,,
445,2026-09-11,SH601728,0.022239981219172478,EXP_LinearModel_Alpha158_csi300_custom_step0_s_20260911_16,03111eafe93f4f8b9e88edbf92a13a2b,0.011,,,
446,2026-09-11,SH603019,0.003438403829932213,EXP_LinearModel_Alpha158_csi300_custom_step0_s_20260911_16,03111eafe93f4f8b9e88edbf92a13a2b,0.011,,,
447,2026-09-11,SH601995,-0.05934084579348564,EXP_LinearModel_Alpha158_csi300_custom_step0_s_20260911_16,03111eafe93f4f8b9e88edbf92a13a2b,0.011,,,
448,2026-09-11,SH601988,0.05666593834757805,EXP_LinearModel_Alpha158_csi300_custom_step0_s_20260911_16,03111eafe93f4f8b9e88edbf92a13a2b,0.011,,,
449,2026-09-11,SH601985,-0.006502220407128334,EXP_LinearModel_Alpha158_csi300_custom_step0_s_20260911_16,03111eafe93f4f8b9e88edbf92a13a2b,0.011,,,
450,2026-09-11,SH601939,0.07382626831531525,EXP_LinearModel_Alpha158_csi300_custom_step0_s_20260911_16,03111eafe93f4f8b9e88edbf92a13a2b,0.011,,,
451,2026-09-11,SH601919,-0.010351501405239105,EXP_LinearModel_Alpha158_csi300_custom_step0_s_20260911_16,03111eafe93f4f8b9e88edbf92a13a2b,0.011,,,
452,2026-09-11,SH601916,0.08017536997795105,EXP_LinearModel_Alpha158_csi300_custom_step0_s_20260911_16,03111eafe93f4f8b9e88edbf92a13a2b,0.011,,,
453,2026-09-11,SH601998,0.07909553498029709,EXP_LinearModel_Alpha158_csi300_custom_step0_s_20260911_16,03111eafe93f4f8b9e88edbf92a13a2b,0.011,,,
454,2026-09-11,SH603501,-0.017043810337781906,EXP_LinearModel_Alpha158_csi300_custom_step0_s_20260911_16,03111eafe93f4f8b9e88edbf92a13a2b,0.011,,,
455,2026-09-11,SH601727,0.02455596998333931,EXP_LinearModel_Alpha158_csi300_custom_step0_s_20260911_16,03111eafe93f4f8b9e88edbf92a13a2b,0.011,,,
456,2026-09-11,SH601689,-0.04806841164827347,EXP_LinearModel_Alpha158_csi300_custom_step0_s_20260911_16,03111eafe93f4f8b9e88edbf92a13a2b,0.011,,,
457,2026-09-11,SH601117,-0.040102459490299225,EXP_LinearModel_Alpha158_csi300_custom_step0_s_20260911_16,03111eafe93f4f8b9e88edbf92a13a2b,0.011,,,
458,2026-09-11,SH601127,-0.0007214157376438379,EXP_LinearModel_Alpha158_csi300_custom_step0_s_20260911_16,03111eafe93f4f8b9e88edbf92a13a2b,0.011,,,
459,2026-09-11,SH601136,-0.04030203819274902,EXP_LinearModel_Alpha158_csi300_custom_step0_s_20260911_16,03111eafe93f4f8b9e88edbf92a13a2b,0.011,,,
460,2026-09-11,SH601138,0.009253601543605328,EXP_LinearModel_Alpha158_csi300_custom_step0_s_20260911_16,03111eafe93f4f8b9e88edbf92a13a2b,0.011,,,
461,2026-09-11,SH601166,-0.035875312983989716,EXP_LinearModel_Alpha158_csi300_custom_step0_s_20260911_16,03111eafe93f4f8b9e88edbf92a13a2b,0.011,,,
462,2026-09-11,SH601169,0.01406849641352892,EXP_LinearModel_Alpha158_csi300_custom_step0_s_20260911_16,03111eafe93f4f8b9e88edbf92a13a2b,0.011,,,
463,2026-09-11,SH601186,0.024436747655272484,EXP_LinearModel_Alpha158_csi300_custom_step0_s_20260911_16,03111eafe93f4f8b9e88edbf92a13a2b,0.011,,,
464,2026-09-11,SH601211,-0.04253379628062248,EXP_LinearModel_Alpha158_csi300_custom_step0_s_20260911_16,03111eafe93f4f8b9e88edbf92a13a2b,0.011,,,
465,2026-09-11,SH601225,0.05164329707622528,EXP_LinearModel_Alpha158_csi300_custom_step0_s_20260911_16,03111eafe93f4f8b9e88edbf92a13a2b,0.011,,,
466,2026-09-11,SH601229,0.06641822308301926,EXP_LinearModel_Alpha158_csi300_custom_step0_s_20260911_16,03111eafe93f4f8b9e88edbf92a13a2b,0.011,,,
467,2026-09-11,SH601238,-0.05005232244729996,EXP_LinearModel_Alpha158_csi300_custom_step0_s_20260911_16,03111eafe93f4f8b9e88edbf92a13a2b,0.011,,,
468,2026-09-11,SH601288,0.08597741276025772,EXP_LinearModel_Alpha158_csi300_custom_step0_s_20260911_16,03111eafe93f4f8b9e88edbf92a13a2b,0.011,,,
469,2026-09-11,SH601318,0.029623787850141525,EXP_LinearModel_Alpha158_csi300_custom_step0_s_20260911_16,03111eafe93f4f8b9e88edbf92a13a2b,0.011,,,
470,2026-09-11,SH601319,0.020779825747013092,EXP_LinearModel_Alpha158_csi300_custom_step0_s_20260911_16,03111eafe93f4f8b9e88edbf92a13a2b,0.011,,,
471,2026-09-11,SH601328,0.03955327719449997,EXP_LinearModel_Alpha158_csi300_custom_step0_s_20260911_16,03111eafe93f4f8b9e88edbf92a13a2b,0.011,,,
472,2026-09-11,SH601336,-0.05604682117700577,EXP_LinearModel_Alpha158_csi300_custom_step0_s_20260911_16,03111eafe93f4f8b9e88edbf92a13a2b,0.011,,,
473,2026-09-11,SH601360,-0.052243854850530624,EXP_LinearModel_Alpha158_csi300_custom_step0_s_20260911_16,03111eafe93f4f8b9e88edbf92a13a2b,0.011,,,
474,2026-09-11,SH601688,0.002621774096041918,EXP_LinearModel_Alpha158_csi300_custom_step0_s_20260911_16,03111eafe93f4f8b9e88edbf92a13a2b,0.011,,,
475,2026-09-11,SH601669,-0.025057528167963028,EXP_LinearModel_Alpha158_csi300_custom_step0_s_20260911_16,03111eafe93f4f8b9e88edbf92a13a2b,0.011,,,
476,2026-09-11,SH601668,0.02261790633201599,EXP_LinearModel_Alpha158_csi300_custom_step0_s_20260911_16,03111eafe93f4f8b9e88edbf92a13a2b,0.011,,,
477,2026-09-11,SH601658,0.042516596615314484,EXP_LinearModel_Alpha158_csi300_custom_step0_s_20260911_16,03111eafe93f4f8b9e88edbf92a13a2b,0.011,,,
478,2026-09-11,SH601633,-0.06389161944389343,EXP_LinearModel_Alpha158_csi300_custom_step0_s_20260911_16,03111eafe93f4f8b9e88edbf92a13a2b,0.011,,,
479,2026-09-11,SH601628,-0.021435588598251343,EXP_LinearModel_Alpha158_csi300_custom_step0_s_20260911_16,03111eafe93f4f8b9e88edbf92a13a2b,0.011,,,
480,2026-09-11,SH601698,-0.0032776398584246635,EXP_LinearModel_Alpha158_csi300_custom_step0_s_20260911_16,03111eafe93f4f8b9e88edbf92a13a2b,0.011,,,
481,2026-09-11,SH601618,0.020948324352502823,EXP_LinearModel_Alpha158_csi300_custom_step0_s_20260911_16,03111eafe93f4f8b9e88edbf92a13a2b,0.011,,,
482,2026-09-11,SH601601,0.023706134408712387,EXP_LinearModel_Alpha158_csi300_custom_step0_s_20260911_16,03111eafe93f4f8b9e88edbf92a13a2b,0.011,,,
483,2026-09-11,SH601600,-0.0070874448865652084,EXP_LinearModel_Alpha158_csi300_custom_step0_s_20260911_16,03111eafe93f4f8b9e88edbf92a13a2b,0.011,,,
484,2026-09-11,SH601456,-0.1254032701253891,EXP_LinearModel_Alpha158_csi300_custom_step0_s_20260911_16,03111eafe93f4f8b9e88edbf92a13a2b,0.011,,,
485,2026-09-11,SH601398,0.06001371517777443,EXP_LinearModel_Alpha158_csi300_custom_step0_s_20260911_16,03111eafe93f4f8b9e88edbf92a13a2b,0.011,,,
486,2026-09-11,SH601390,0.02098369598388672,EXP_LinearModel_Alpha158_csi300_custom_step0_s_20260911_16,03111eafe93f4f8b9e88edbf92a13a2b,0.011,,,
487,2026-09-11,SH601377,-0.015335207805037498,EXP_LinearModel_Alpha158_csi300_custom_step0_s_20260911_16,03111eafe93f4f8b9e88edbf92a13a2b,0.011,,,
488,2026-09-11,SH601607,0.013398143462836742,EXP_LinearModel_Alpha158_csi300_custom_step0_s_20260911_16,03111eafe93f4f8b9e88edbf92a13a2b,0.011,,,
489,2026-09-11,SH603799,-0.08098354190587997,EXP_LinearModel_Alpha158_csi300_custom_step0_s_20260911_16,03111eafe93f4f8b9e88edbf92a13a2b,0.011,,,
490,2026-09-11,SH603893,-0.02864636294543743,EXP_LinearModel_Alpha158_csi300_custom_step0_s_20260911_16,03111eafe93f4f8b9e88edbf92a13a2b,0.011,,,
491,2026-09-11,SH603986,-0.21690136194229126,EXP_LinearModel_Alpha158_csi300_custom_step0_s_20260911_16,03111eafe93f4f8b9e88edbf92a13a2b,0.011,,,
492,2026-09-11,SZ000596,0.005182103253901005,EXP_LinearModel_Alpha158_csi300_custom_step0_s_20260911_16,03111eafe93f4f8b9e88edbf92a13a2b,0.011,,,
493,2026-09-11,SZ000617,-0.017541935667395592,EXP_LinearModel_Alpha158_csi300_custom_step0_s_20260911_16,03111eafe93f4f8b9e88edbf92a13a2b,0.011,,,
494,2026-09-11,SZ000625,-0.02893328294157982,EXP_LinearModel_Alpha158_csi300_custom_step0_s_20260911_16,03111eafe93f4f8b9e88edbf92a13a2b,0.011,,,
495,2026-09-11,SZ000630,-0.016255389899015427,EXP_LinearModel_Alpha158_csi300_custom_step0_s_20260911_16,03111eafe93f4f8b9e88edbf92a13a2b,0.011,,,
496,2026-09-11,SZ000651,0.010722246021032333,EXP_LinearModel_Alpha158_csi300_custom_step0_s_20260911_16,03111eafe93f4f8b9e88edbf92a13a2b,0.011,,,
497,2026-09-11,SZ000657,-0.12845002114772797,EXP_LinearModel_Alpha158_csi300_custom_step0_s_20260911_16,03111eafe93f4f8b9e88edbf92a13a2b,0.011,,,
498,2026-09-11,SZ000708,0.004220439121127129,EXP_LinearModel_Alpha158_csi300_custom_step0_s_20260911_16,03111eafe93f4f8b9e88edbf92a13a2b,0.011,,,
499,2026-09-11,SZ000725,-0.12508882582187653,EXP_LinearModel_Alpha158_csi300_custom_step0_s_20260911_16,03111eafe93f4f8b9e88edbf92a13a2b,0.011,,,
500,2026-09-11,SZ000768,0.0472990982234478,EXP_LinearModel_Alpha158_csi300_custom_step0_s_20260911_16,03111eafe93f4f8b9e88edbf92a13a2b,0.011,,,
501,2026-09-11,SZ000776,-0.02019050158560276,EXP_LinearModel_Alpha158_csi300_custom_step0_s_20260911_16,03111eafe93f4f8b9e88edbf92a13a2b,0.011,,,
502,2026-09-11,SZ000792,-0.0722367912530899,EXP_LinearModel_Alpha158_csi300_custom_step0_s_20260911_16,03111eafe93f4f8b9e88edbf92a13a2b,0.011,,,
503,2026-09-11,SZ000807,-0.008786235004663467,EXP_LinearModel_Alpha158_csi300_custom_step0_s_20260911_16,03111eafe93f4f8b9e88edbf92a13a2b,0.011,,,
504,2026-09-11,SZ000858,-0.07317224144935608,EXP_LinearModel_Alpha158_csi300_custom_step0_s_20260911_16,03111eafe93f4f8b9e88edbf92a13a2b,0.011,,,
505,2026-09-11,SZ000895,-0.025298429653048515,EXP_LinearModel_Alpha158_csi300_custom_step0_s_20260911_16,03111eafe93f4f8b9e88edbf92a13a2b,0.011,,,
506,2026-09-11,SZ000938,-0.02090853825211525,EXP_LinearModel_Alpha158_csi300_custom_step0_s_20260911_16,03111eafe93f4f8b9e88edbf92a13a2b,0.011,,,
507,2026-09-11,SZ000963,-0.08509326726198196,EXP_LinearModel_Alpha158_csi300_custom_step0_s_20260911_16,03111eafe93f4f8b9e88edbf92a13a2b,0.011,,,
508,2026-09-11,SZ000975,-0.07341977208852768,EXP_LinearModel_Alpha158_csi300_custom_step0_s_20260911_16,03111eafe93f4f8b9e88edbf92a13a2b,0.011,,,
509,2026-09-11,SZ002142,0.03548445552587509,EXP_LinearModel_Alpha158_csi300_custom_step0_s_20260911_16,03111eafe93f4f8b9e88edbf92a13a2b,0.011,,,
510,2026-09-11,SZ002074,-0.10891933739185333,EXP_LinearModel_Alpha158_csi300_custom_step0_s_20260911_16,03111eafe93f4f8b9e88edbf92a13a2b,0.011,,,
511,2026-09-11,SZ002050,-0.02636421099305153,EXP_LinearModel_Alpha158_csi300_custom_step0_s_20260911_16,03111eafe93f4f8b9e88edbf92a13a2b,0.011,,,
512,2026-09-11,SZ002049,-0.10215297341346741,EXP_LinearModel_Alpha158_csi300_custom_step0_s_20260911_16,03111eafe93f4f8b9e88edbf92a13a2b,0.011,,,
513,2026-09-11,SZ002028,0.0059084054082632065,EXP_LinearModel_Alpha158_csi300_custom_step0_s_20260911_16,03111eafe93f4f8b9e88edbf92a13a2b,0.011,,,
514,2026-09-11,SZ002027,-0.01483299769461155,EXP_LinearModel_Alpha158_csi300_custom_step0_s_20260911_16,03111eafe93f4f8b9e88edbf92a13a2b,0.011,,,
515,2026-09-11,SZ000568,-0.019859381020069122,EXP_LinearModel_Alpha158_csi300_custom_step0_s_20260911_16,03111eafe93f4f8b9e88edbf92a13a2b,0.011,,,
516,2026-09-11,SZ002001,0.03314317390322685,EXP_LinearModel_Alpha158_csi300_custom_step0_s_20260911_16,03111eafe93f4f8b9e88edbf92a13a2b,0.011,,,
517,2026-09-11,SZ001965,0.06291933357715607,EXP_LinearModel_Alpha158_csi300_custom_step0_s_20260911_16,03111eafe93f4f8b9e88edbf92a13a2b,0.011,,,
518,2026-09-11,SZ001391,0.009620454162359238,EXP_LinearModel_Alpha158_csi300_custom_step0_s_20260911_16,03111eafe93f4f8b9e88edbf92a13a2b,0.011,,,
519,2026-09-11,SZ001280,-0.03765866160392761,EXP_LinearModel_Alpha158_csi300_custom_step0_s_20260911_16,03111eafe93f4f8b9e88edbf92a13a2b,0.011,,,
520,2026-09-11,SZ000999,-0.008686075918376446,EXP_LinearModel_Alpha158_csi300_custom_step0_s_20260911_16,03111eafe93f4f8b9e88edbf92a13a2b,0.011,,,
521,2026-09-11,SZ000988,-0.2058742791414261,EXP_LinearModel_Alpha158_csi300_custom_step0_s_20260911_16,03111eafe93f4f8b9e88edbf92a13a2b,0.011,,,
522,2026-09-11,SZ000977,-0.015894394367933273,EXP_LinearModel_Alpha158_csi300_custom_step0_s_20260911_16,03111eafe93f4f8b9e88edbf92a13a2b,0.011,,,
523,2026-09-11,SZ001979,0.014065306633710861,EXP_LinearModel_Alpha158_csi300_custom_step0_s_20260911_16,03111eafe93f4f8b9e88edbf92a13a2b,0.011,,,
524,2026-09-11,SZ000538,0.05448499694466591,EXP_LinearModel_Alpha158_csi300_custom_step0_s_20260911_16,03111eafe93f4f8b9e88edbf92a13a2b,0.011,,,
525,2026-09-11,SZ000425,-0.06775446981191635,EXP_LinearModel_Alpha158_csi300_custom_step0_s_20260911_16,03111eafe93f4f8b9e88edbf92a13a2b,0.011,,,
526,2026-09-11,SZ000408,0.04043586179614067,EXP_LinearModel_Alpha158_csi300_custom_step0_s_20260911_16,03111eafe93f4f8b9e88edbf92a13a2b,0.011,,,
527,2026-09-11,SH688183,-0.057826872915029526,EXP_LinearModel_Alpha158_csi300_custom_step0_s_20260911_16,03111eafe93f4f8b9e88edbf92a13a2b,0.011,,,
528,2026-09-11,SH688126,-0.12203940004110336,EXP_LinearModel_Alpha158_csi300_custom_step0_s_20260911_16,03111eafe93f4f8b9e88edbf92a13a2b,0.011,,,
529,2026-09-11,SH688111,-0.01261568907648325,EXP_LinearModel_Alpha158_csi300_custom_step0_s_20260911_16,03111eafe93f4f8b9e88edbf92a13a2b,0.011,,,
530,2026-09-11,SH688082,-0.056717488914728165,EXP_LinearModel_Alpha158_csi300_custom_step0_s_20260911_16,03111eafe93f4f8b9e88edbf92a13a2b,0.011,,,
531,2026-09-11,SH688072,-0.007777269929647446,EXP_LinearModel_Alpha158_csi300_custom_step0_s_20260911_16,03111eafe93f4f8b9e88edbf92a13a2b,0.011,,,
532,2026-09-11,SH688047,-0.09980540722608566,EXP_LinearModel_Alpha158_csi300_custom_step0_s_20260911_16,03111eafe93f4f8b9e88edbf92a13a2b,0.011,,,
533,2026-09-11,SH688223,-0.002911005401983857,EXP_LinearModel_Alpha158_csi300_custom_step0_s_20260911_16,03111eafe93f4f8b9e88edbf92a13a2b,0.011,,,
534,2026-09-11,SH688041,0.003214760683476925,EXP_LinearModel_Alpha158_csi300_custom_step0_s_20260911_16,03111eafe93f4f8b9e88edbf92a13a2b,0.011,,,
535,2026-09-11,SH688012,-0.03406984359025955,EXP_LinearModel_Alpha158_csi300_custom_step0_s_20260911_16,03111eafe93f4f8b9e88edbf92a13a2b,0.011,,,
536,2026-09-11,SH688009,-0.04742877557873726,EXP_LinearModel_Alpha158_csi300_custom_step0_s_20260911_16,03111eafe93f4f8b9e88edbf92a13a2b,0.011,,,
537,2026-09-11,SH688008,-0.0047919005155563354,EXP_LinearModel_Alpha158_csi300_custom_step0_s_20260911_16,03111eafe93f4f8b9e88edbf92a13a2b,0.011,,,
538,2026-09-11,SH605499,-0.05157262086868286,EXP_LinearModel_Alpha158_csi300_custom_step0_s_20260911_16,03111eafe93f4f8b9e88edbf92a13a2b,0.011,,,
539,2026-09-11,SH605117,0.03250058367848396,EXP_LinearModel_Alpha158_csi300_custom_step0_s_20260911_16,03111eafe93f4f8b9e88edbf92a13a2b,0.011,,,
540,2026-09-11,SH603993,0.034457527101039886,EXP_LinearModel_Alpha158_csi300_custom_step0_s_20260911_16,03111eafe93f4f8b9e88edbf92a13a2b,0.011,,,
541,2026-09-11,SH688036,-0.017335398122668266,EXP_LinearModel_Alpha158_csi300_custom_step0_s_20260911_16,03111eafe93f4f8b9e88edbf92a13a2b,0.011,,,
542,2026-09-11,SH601100,-0.0010911005083471537,EXP_LinearModel_Alpha158_csi300_custom_step0_s_20260911_16,03111eafe93f4f8b9e88edbf92a13a2b,0.011,,,
543,2026-09-11,SH688256,-0.07998105138540268,EXP_LinearModel_Alpha158_csi300_custom_step0_s_20260911_16,03111eafe93f4f8b9e88edbf92a13a2b,0.011,,,
544,2026-09-11,SH688303,0.027711961418390274,EXP_LinearModel_Alpha158_csi300_custom_step0_s_20260911_16,03111eafe93f4f8b9e88edbf92a13a2b,0.011,,,
545,2026-09-11,SZ000338,-0.0024812864139676094,EXP_LinearModel_Alpha158_csi300_custom_step0_s_20260911_16,03111eafe93f4f8b9e88edbf92a13a2b,0.011,,,
546,2026-09-11,SZ000333,0.0332615040242672,EXP_LinearModel_Alpha158_csi300_custom_step0_s_20260911_16,03111eafe93f4f8b9e88edbf92a13a2b,0.011,,,
547,2026-09-11,SZ000301,0.011408405378460884,EXP_LinearModel_Alpha158_csi300_custom_step0_s_20260911_16,03111eafe93f4f8b9e88edbf92a13a2b,0.011,,,
548,2026-09-11,SZ000166,-0.01719108782708645,EXP_LinearModel_Alpha158_csi300_custom_step0_s_20260911_16,03111eafe93f4f8b9e88edbf92a13a2b,0.011,,,
549,2026-09-11,SZ000157,-0.01686135120689869,EXP_LinearModel_Alpha158_csi300_custom_step0_s_20260911_16,03111eafe93f4f8b9e88edbf92a13a2b,0.011,,,
550,2026-09-11,SZ000100,-0.05943793058395386,EXP_LinearModel_Alpha158_csi300_custom_step0_s_20260911_16,03111eafe93f4f8b9e88edbf92a13a2b,0.011,,,
551,2026-09-11,SH688271,-0.07580526173114777,EXP_LinearModel_Alpha158_csi300_custom_step0_s_20260911_16,03111eafe93f4f8b9e88edbf92a13a2b,0.011,,,
552,2026-09-11,SZ000063,-0.06766965240240097,EXP_LinearModel_Alpha158_csi300_custom_step0_s_20260911_16,03111eafe93f4f8b9e88edbf92a13a2b,0.011,,,
553,2026-09-11,SZ000001,0.0513719841837883,EXP_LinearModel_Alpha158_csi300_custom_step0_s_20260911_16,03111eafe93f4f8b9e88edbf92a13a2b,0.011,,,
554,2026-09-11,SH688981,-0.07433541119098663,EXP_LinearModel_Alpha158_csi300_custom_step0_s_20260911_16,03111eafe93f4f8b9e88edbf92a13a2b,0.011,,,
555,2026-09-11,SH688521,-0.13160578906536102,EXP_LinearModel_Alpha158_csi300_custom_step0_s_20260911_16,03111eafe93f4f8b9e88edbf92a13a2b,0.011,,,
556,2026-09-11,SH688506,0.05772294104099274,EXP_LinearModel_Alpha158_csi300_custom_step0_s_20260911_16,03111eafe93f4f8b9e88edbf92a13a2b,0.011,,,
557,2026-09-11,SH688472,0.04483255371451378,EXP_LinearModel_Alpha158_csi300_custom_step0_s_20260911_16,03111eafe93f4f8b9e88edbf92a13a2b,0.011,,,
558,2026-09-11,SH688396,-0.0868009477853775,EXP_LinearModel_Alpha158_csi300_custom_step0_s_20260911_16,03111eafe93f4f8b9e88edbf92a13a2b,0.011,,,
559,2026-09-11,SZ000002,-0.05316846817731857,EXP_LinearModel_Alpha158_csi300_custom_step0_s_20260911_16,03111eafe93f4f8b9e88edbf92a13a2b,0.011,,,
560,2026-09-11,SH601377,0.014809129759669304,EXP_LinearModel_Alpha158_csi300_custom_step0_s_20260911_16,18f2bb3d49db4d08ba3139e12711a212,0.085,,,
561,2026-09-11,SH601360,-0.036099471151828766,EXP_LinearModel_Alpha158_csi300_custom_step0_s_20260911_16,18f2bb3d49db4d08ba3139e12711a212,0.085,,,
562,2026-09-11,SH601336,-0.07485909759998322,EXP_LinearModel_Alpha158_csi300_custom_step0_s_20260911_16,18f2bb3d49db4d08ba3139e12711a212,0.085,,,
563,2026-09-11,SH600150,0.029079431667923927,EXP_LinearModel_Alpha158_csi300_custom_step0_s_20260911_16,27ccb000f0be475da367ac2c23195d2d,0.083,,,
564,2026-09-11,SH600160,0.006389511749148369,EXP_LinearModel_Alpha158_csi300_custom_step0_s_20260911_16,27ccb000f0be475da367ac2c23195d2d,0.083,,,
565,2026-09-11,SH600176,-0.06174418330192566,EXP_LinearModel_Alpha158_csi300_custom_step0_s_20260911_16,27ccb000f0be475da367ac2c23195d2d,0.083,,,
566,2026-09-11,SH600183,-0.12445476651191711,EXP_LinearModel_Alpha158_csi300_custom_step0_s_20260911_16,27ccb000f0be475da367ac2c23195d2d,0.083,,,
567,2026-09-11,SH600188,-0.05756215751171112,EXP_LinearModel_Alpha158_csi300_custom_step0_s_20260911_16,27ccb000f0be475da367ac2c23195d2d,0.083,,,
568,2026-09-11,SH600196,-0.01912580244243145,EXP_LinearModel_Alpha158_csi300_custom_step0_s_20260911_16,27ccb000f0be475da367ac2c23195d2d,0.083,,,
569,2026-09-11,SH600219,-0.029740260913968086,EXP_LinearModel_Alpha158_csi300_custom_step0_s_20260911_16,27ccb000f0be475da367ac2c23195d2d,0.083,,,
570,2026-09-11,SH600221,0.06809180974960327,EXP_LinearModel_Alpha158_csi300_custom_step0_s_20260911_16,27ccb000f0be475da367ac2c23195d2d,0.083,,,
571,2026-09-11,SH600233,-0.0033413998316973448,EXP_LinearModel_Alpha158_csi300_custom_step0_s_20260911_16,27ccb000f0be475da367ac2c23195d2d,0.083,,,
572,2026-09-11,SH600276,0.05928131565451622,EXP_LinearModel_Alpha158_csi300_custom_step0_s_20260911_16,27ccb000f0be475da367ac2c23195d2d,0.083,,,
573,2026-09-11,SH600309,-0.002986346837133169,EXP_LinearModel_Alpha158_csi300_custom_step0_s_20260911_16,27ccb000f0be475da367ac2c23195d2d,0.083,,,
574,2026-09-11,SH600346,-0.02280532568693161,EXP_LinearModel_Alpha158_csi300_custom_step0_s_20260911_16,27ccb000f0be475da367ac2c23195d2d,0.083,,,
575,2026-09-11,SH600362,-0.049907565116882324,EXP_LinearModel_Alpha158_csi300_custom_step0_s_20260911_16,27ccb000f0be475da367ac2c23195d2d,0.083,,,
576,2026-09-11,SH600372,-0.004272744990885258,EXP_LinearModel_Alpha158_csi300_custom_step0_s_20260911_16,27ccb000f0be475da367ac2c23195d2d,0.083,,,
577,2026-09-11,SH600406,-0.021008916199207306,EXP_LinearModel_Alpha158_csi300_custom_step0_s_20260911_16,27ccb000f0be475da367ac2c23195d2d,0.083,,,
578,2026-09-11,SH600415,0.00897381640970707,EXP_LinearModel_Alpha158_csi300_custom_step0_s_20260911_16,27ccb000f0be475da367ac2c23195d2d,0.083,,,
579,2026-09-11,SH600426,-0.020167093724012375,EXP_LinearModel_Alpha158_csi300_custom_step0_s_20260911_16,27ccb000f0be475da367ac2c23195d2d,0.083,,,
580,2026-09-11,SH600588,-0.0004338528960943222,EXP_LinearModel_Alpha158_csi300_custom_step0_s_20260911_16,27ccb000f0be475da367ac2c23195d2d,0.083,,,
581,2026-09-11,SH600585,-0.007109175901859999,EXP_LinearModel_Alpha158_csi300_custom_step0_s_20260911_16,27ccb000f0be475da367ac2c23195d2d,0.083,,,
582,2026-09-11,SH600584,0.0498056523501873,EXP_LinearModel_Alpha158_csi300_custom_step0_s_20260911_16,27ccb000f0be475da367ac2c23195d2d,0.083,,,
583,2026-09-11,SH600570,-0.05248917639255524,EXP_LinearModel_Alpha158_csi300_custom_step0_s_20260911_16,27ccb000f0be475da367ac2c23195d2d,0.083,,,
584,2026-09-11,SH600549,-0.10622046887874603,EXP_LinearModel_Alpha158_csi300_custom_step0_s_20260911_16,27ccb000f0be475da367ac2c23195d2d,0.083,,,
585,2026-09-11,SH600547,-0.032748591154813766,EXP_LinearModel_Alpha158_csi300_custom_step0_s_20260911_16,27ccb000f0be475da367ac2c23195d2d,0.083,,,
586,2026-09-11,SH600118,0.002938174642622471,EXP_LinearModel_Alpha158_csi300_custom_step0_s_20260911_16,27ccb000f0be475da367ac2c23195d2d,0.083,,,
587,2026-09-11,SH600522,-0.06268598884344101,EXP_LinearModel_Alpha158_csi300_custom_step0_s_20260911_16,27ccb000f0be475da367ac2c23195d2d,0.083,,,
588,2026-09-11,SH600515,0.011426877230405807,EXP_LinearModel_Alpha158_csi300_custom_step0_s_20260911_16,27ccb000f0be475da367ac2c23195d2d,0.083,,,
589,2026-09-11,SH600489,-0.055947981774806976,EXP_LinearModel_Alpha158_csi300_custom_step0_s_20260911_16,27ccb000f0be475da367ac2c23195d2d,0.083,,,
590,2026-09-11,SH600482,-0.06788270175457001,EXP_LinearModel_Alpha158_csi300_custom_step0_s_20260911_16,27ccb000f0be475da367ac2c23195d2d,0.083,,,
591,2026-09-11,SH600460,-0.01611996442079544,EXP_LinearModel_Alpha158_csi300_custom_step0_s_20260911_16,27ccb000f0be475da367ac2c23195d2d,0.083,,,
592,2026-09-11,SH600438,-0.052853476256132126,EXP_LinearModel_Alpha158_csi300_custom_step0_s_20260911_16,27ccb000f0be475da367ac2c23195d2d,0.083,,,
593,2026-09-11,SH600436,-0.0066929771564900875,EXP_LinearModel_Alpha158_csi300_custom_step0_s_20260911_16,27ccb000f0be475da367ac2c23195d2d,0.083,,,
594,2026-09-11,SH600519,0.015611454844474792,EXP_LinearModel_Alpha158_csi300_custom_step0_s_20260911_16,27ccb000f0be475da367ac2c23195d2d,0.083,,,
595,2026-09-11,SH600600,-0.046342622488737106,EXP_LinearModel_Alpha158_csi300_custom_step0_s_20260911_16,27ccb000f0be475da367ac2c23195d2d,0.083,,,
596,2026-09-11,SH600115,0.03616844862699509,EXP_LinearModel_Alpha158_csi300_custom_step0_s_20260911_16,27ccb000f0be475da367ac2c23195d2d,0.083,,,
597,2026-09-11,SH600104,0.034225739538669586,EXP_LinearModel_Alpha158_csi300_custom_step0_s_20260911_16,27ccb000f0be475da367ac2c23195d2d,0.083,,,
598,2026-09-11,SZ300896,-0.1314270714999207,EXP_DEnsembleModel_Alpha158_csi300_custom_step0_s_20260911_16,450ed30494444ad98855dac200611002,0.042,,,
599,2026-09-11,SZ300999,-0.0076075342589771505,EXP_DEnsembleModel_Alpha158_csi300_custom_step0_s_20260911_16,450ed30494444ad98855dac200611002,0.042,,,
600,2026-09-11,SZ301165,0.08951077338932072,EXP_DEnsembleModel_Alpha158_csi300_custom_step0_s_20260911_16,450ed30494444ad98855dac200611002,0.042,,,
601,2026-09-11,SZ301236,-0.10587540907822457,EXP_DEnsembleModel_Alpha158_csi300_custom_step0_s_20260911_16,450ed30494444ad98855dac200611002,0.042,,,
602,2026-09-11,SZ301269,-0.1175247116846105,EXP_DEnsembleModel_Alpha158_csi300_custom_step0_s_20260911_16,450ed30494444ad98855dac200611002,0.042,,,
603,2026-09-11,SZ301308,0.009772967681120242,EXP_DEnsembleModel_Alpha158_csi300_custom_step0_s_20260911_16,450ed30494444ad98855dac200611002,0.042,,,
604,2026-09-11,SZ302132,-0.08104895794854856,EXP_DEnsembleModel_Alpha158_csi300_custom_step0_s_20260911_16,450ed30494444ad98855dac200611002,0.042,,,
605,2026-09-11,SH600000,0.0013135550543665886,EXP_LinearModel_Alpha158_csi300_custom_step0_s_20260911_16,27ccb000f0be475da367ac2c23195d2d,0.083,,,
606,2026-09-11,SH600009,-0.003196660429239273,EXP_LinearModel_Alpha158_csi300_custom_step0_s_20260911_16,27ccb000f0be475da367ac2c23195d2d,0.083,,,
607,2026-09-11,SH600010,-0.041547320783138275,EXP_LinearModel_Alpha158_csi300_custom_step0_s_20260911_16,27ccb000f0be475da367ac2c23195d2d,0.083,,,
608,2026-09-11,SH600011,-0.0021631168201565742,EXP_LinearModel_Alpha158_csi300_custom_step0_s_20260911_16,27ccb000f0be475da367ac2c23195d2d,0.083,,,
609,2026-09-11,SH600015,-0.00040086847729980946,EXP_LinearModel_Alpha158_csi300_custom_step0_s_20260911_16,27ccb000f0be475da367ac2c23195d2d,0.083,,,
610,2026-09-11,SH600016,0.09699133783578873,EXP_LinearModel_Alpha158_csi300_custom_step0_s_20260911_16,27ccb000f0be475da367ac2c23195d2d,0.083,,,
611,2026-09-11,SH600018,0.074539914727211,EXP_LinearModel_Alpha158_csi300_custom_step0_s_20260911_16,27ccb000f0be475da367ac2c23195d2d,0.083,,,
612,2026-09-11,SH600019,0.038591980934143066,EXP_LinearModel_Alpha158_csi300_custom_step0_s_20260911_16,27ccb000f0be475da367ac2c23195d2d,0.083,,,
613,2026-09-11,SH600023,0.008013123646378517,EXP_LinearModel_Alpha158_csi300_custom_step0_s_20260911_16,27ccb000f0be475da367ac2c23195d2d,0.083,,,
614,2026-09-11,SH600025,0.03005008026957512,EXP_LinearModel_Alpha158_csi300_custom_step0_s_20260911_16,27ccb000f0be475da367ac2c23195d2d,0.083,,,
615,2026-09-11,SH600089,-0.014617507345974445,EXP_LinearModel_Alpha158_csi300_custom_step0_s_20260911_16,27ccb000f0be475da367ac2c23195d2d,0.083,,,
616,2026-09-11,SH600085,-0.005082748830318451,EXP_LinearModel_Alpha158_csi300_custom_step0_s_20260911_16,27ccb000f0be475da367ac2c23195d2d,0.083,,,
617,2026-09-11,SH600066,-0.026826519519090652,EXP_LinearModel_Alpha158_csi300_custom_step0_s_20260911_16,27ccb000f0be475da367ac2c23195d2d,0.083,,,
618,2026-09-11,SH600061,0.019240770488977432,EXP_LinearModel_Alpha158_csi300_custom_step0_s_20260911_16,27ccb000f0be475da367ac2c23195d2d,0.083,,,
619,2026-09-11,SH600050,0.004304733593016863,EXP_LinearModel_Alpha158_csi300_custom_step0_s_20260911_16,27ccb000f0be475da367ac2c23195d2d,0.083,,,
620,2026-09-11,SH600048,0.003453244920819998,EXP_LinearModel_Alpha158_csi300_custom_step0_s_20260911_16,27ccb000f0be475da367ac2c23195d2d,0.083,,,
621,2026-09-11,SH600111,-0.033473871648311615,EXP_LinearModel_Alpha158_csi300_custom_step0_s_20260911_16,27ccb000f0be475da367ac2c23195d2d,0.083,,,
622,2026-09-11,SH600039,-0.004528909455984831,EXP_LinearModel_Alpha158_csi300_custom_step0_s_20260911_16,27ccb000f0be475da367ac2c23195d2d,0.083,,,
623,2026-09-11,SH600031,-0.006616875529289246,EXP_LinearModel_Alpha158_csi300_custom_step0_s_20260911_16,27ccb000f0be475da367ac2c23195d2d,0.083,,,
624,2026-09-11,SH600030,0.0065034180879592896,EXP_LinearModel_Alpha158_csi300_custom_step0_s_20260911_16,27ccb000f0be475da367ac2c23195d2d,0.083,,,
625,2026-09-11,SH600029,-0.005574267823249102,EXP_LinearModel_Alpha158_csi300_custom_step0_s_20260911_16,27ccb000f0be475da367ac2c23195d2d,0.083,,,
626,2026-09-11,SH600028,0.03617001697421074,EXP_LinearModel_Alpha158_csi300_custom_step0_s_20260911_16,27ccb000f0be475da367ac2c23195d2d,0.083,,,
627,2026-09-11,SH600027,0.06915399432182312,EXP_LinearModel_Alpha158_csi300_custom_step0_s_20260911_16,27ccb000f0be475da367ac2c23195d2d,0.083,,,
628,2026-09-11,SH600026,-0.08224653452634811,EXP_LinearModel_Alpha158_csi300_custom_step0_s_20260911_16,27ccb000f0be475da367ac2c23195d2d,0.083,,,
629,2026-09-11,SH600036,0.032406069338321686,EXP_LinearModel_Alpha158_csi300_custom_step0_s_20260911_16,27ccb000f0be475da367ac2c23195d2d,0.083,,,
630,2026-09-11,SZ300866,-0.010764995418804973,EXP_DEnsembleModel_Alpha158_csi300_custom_step0_s_20260911_16,450ed30494444ad98855dac200611002,0.042,,,
631,2026-09-11,SH600660,-0.026422135531902313,EXP_LinearModel_Alpha158_csi300_custom_step0_s_20260911_16,27ccb000f0be475da367ac2c23195d2d,0.083,,,
632,2026-09-11,SH600690,0.00892006978392601,EXP_LinearModel_Alpha158_csi300_custom_step0_s_20260911_16,27ccb000f0be475da367ac2c23195d2d,0.083,,,
633,2026-09-11,SH601136,-0.014519261196255684,EXP_LinearModel_Alpha158_csi300_custom_step0_s_20260911_16,27ccb000f0be475da367ac2c23195d2d,0.083,,,
634,2026-09-11,SH601138,-0.056576207280159,EXP_LinearModel_Alpha158_csi300_custom_step0_s_20260911_16,27ccb000f0be475da367ac2c23195d2d,0.083,,,
635,2026-09-11,SH601166,0.036182768642902374,EXP_LinearModel_Alpha158_csi300_custom_step0_s_20260911_16,27ccb000f0be475da367ac2c23195d2d,0.083,,,
636,2026-09-11,SH601169,0.09805649518966675,EXP_LinearModel_Alpha158_csi300_custom_step0_s_20260911_16,27ccb000f0be475da367ac2c23195d2d,0.083,,,
637,2026-09-11,SH601186,0.020975222811102867,EXP_LinearModel_Alpha158_csi300_custom_step0_s_20260911_16,27ccb000f0be475da367ac2c23195d2d,0.083,,,
638,2026-09-11,SH601211,-0.0020548244938254356,EXP_LinearModel_Alpha158_csi300_custom_step0_s_20260911_16,27ccb000f0be475da367ac2c23195d2d,0.083,,,
639,2026-09-11,SH601225,-0.024173667654395103,EXP_LinearModel_Alpha158_csi300_custom_step0_s_20260911_16,27ccb000f0be475da367ac2c23195d2d,0.083,,,
640,2026-09-11,SH601229,0.07516101002693176,EXP_LinearModel_Alpha158_csi300_custom_step0_s_20260911_16,27ccb000f0be475da367ac2c23195d2d,0.083,,,
641,2026-09-11,SH601238,-0.02629869431257248,EXP_LinearModel_Alpha158_csi300_custom_step0_s_20260911_16,27ccb000f0be475da367ac2c23195d2d,0.083,,,
642,2026-09-11,SH601288,0.04048732668161392,EXP_LinearModel_Alpha158_csi300_custom_step0_s_20260911_16,27ccb000f0be475da367ac2c23195d2d,0.083,,,
643,2026-09-11,SH601318,0.014656109735369682,EXP_LinearModel_Alpha158_csi300_custom_step0_s_20260911_16,27ccb000f0be475da367ac2c23195d2d,0.083,,,
644,2026-09-11,SH601319,0.06833920627832413,EXP_LinearModel_Alpha158_csi300_custom_step0_s_20260911_16,27ccb000f0be475da367ac2c23195d2d,0.083,,,
645,2026-09-11,SH601328,0.01647905446588993,EXP_LinearModel_Alpha158_csi300_custom_step0_s_20260911_16,27ccb000f0be475da367ac2c23195d2d,0.083,,,
646,2026-09-11,SH601336,-0.03707820549607277,EXP_LinearModel_Alpha158_csi300_custom_step0_s_20260911_16,27ccb000f0be475da367ac2c23195d2d,0.083,,,
647,2026-09-11,SH601360,-0.059999220073223114,EXP_LinearModel_Alpha158_csi300_custom_step0_s_20260911_16,27ccb000f0be475da367ac2c23195d2d,0.083,,,
648,2026-09-11,SH601377,0.0312783420085907,EXP_LinearModel_Alpha158_csi300_custom_step0_s_20260911_16,27ccb000f0be475da367ac2c23195d2d,0.083,,,
649,2026-09-11,SH601390,-0.008161176927387714,EXP_LinearModel_Alpha158_csi300_custom_step0_s_20260911_16,27ccb000f0be475da367ac2c23195d2d,0.083,,,
650,2026-09-11,SH601698,-0.001121989917010069,EXP_LinearModel_Alpha158_csi300_custom_step0_s_20260911_16,27ccb000f0be475da367ac2c23195d2d,0.083,,,
651,2026-09-11,SH601689,-0.019467810168862343,EXP_LinearModel_Alpha158_csi300_custom_step0_s_20260911_16,27ccb000f0be475da367ac2c23195d2d,0.083,,,
652,2026-09-11,SH601688,0.02383001334965229,EXP_LinearModel_Alpha158_csi300_custom_step0_s_20260911_16,27ccb000f0be475da367ac2c23195d2d,0.083,,,
653,2026-09-11,SH601669,-0.006889183074235916,EXP_LinearModel_Alpha158_csi300_custom_step0_s_20260911_16,27ccb000f0be475da367ac2c23195d2d,0.083,,,
654,2026-09-11,SH601668,0.04877129942178726,EXP_LinearModel_Alpha158_csi300_custom_step0_s_20260911_16,27ccb000f0be475da367ac2c23195d2d,0.083,,,
655,2026-09-11,SH601658,0.10291595757007599,EXP_LinearModel_Alpha158_csi300_custom_step0_s_20260911_16,27ccb000f0be475da367ac2c23195d2d,0.083,,,
656,2026-09-11,SH601127,-0.013505123555660248,EXP_LinearModel_Alpha158_csi300_custom_step0_s_20260911_16,27ccb000f0be475da367ac2c23195d2d,0.083,,,
657,2026-09-11,SH601633,-0.06830473244190216,EXP_LinearModel_Alpha158_csi300_custom_step0_s_20260911_16,27ccb000f0be475da367ac2c23195d2d,0.083,,,
658,2026-09-11,SH601618,-0.00617462070658803,EXP_LinearModel_Alpha158_csi300_custom_step0_s_20260911_16,27ccb000f0be475da367ac2c23195d2d,0.083,,,
659,2026-09-11,SH601607,0.014185447245836258,EXP_LinearModel_Alpha158_csi300_custom_step0_s_20260911_16,27ccb000f0be475da367ac2c23195d2d,0.083,,,
660,2026-09-11,SH601601,0.004439186304807663,EXP_LinearModel_Alpha158_csi300_custom_step0_s_20260911_16,27ccb000f0be475da367ac2c23195d2d,0.083,,,
661,2026-09-11,SH601600,-0.04235631600022316,EXP_LinearModel_Alpha158_csi300_custom_step0_s_20260911_16,27ccb000f0be475da367ac2c23195d2d,0.083,,,
662,2026-09-11,SH601456,-0.04778723791241646,EXP_LinearModel_Alpha158_csi300_custom_step0_s_20260911_16,27ccb000f0be475da367ac2c23195d2d,0.083,,,
663,2026-09-11,SH601398,0.02659112587571144,EXP_LinearModel_Alpha158_csi300_custom_step0_s_20260911_16,27ccb000f0be475da367ac2c23195d2d,0.083,,,
664,2026-09-11,SH601628,-0.016342462971806526,EXP_LinearModel_Alpha158_csi300_custom_step0_s_20260911_16,27ccb000f0be475da367ac2c23195d2d,0.083,,,
665,2026-09-11,SH600674,0.03765496984124184,EXP_LinearModel_Alpha158_csi300_custom_step0_s_20260911_16,27ccb000f0be475da367ac2c23195d2d,0.083,,,
666,2026-09-11,SH601117,-0.02049928717315197,EXP_LinearModel_Alpha158_csi300_custom_step0_s_20260911_16,27ccb000f0be475da367ac2c23195d2d,0.083,,,
667,2026-09-11,SH601100,0.012703945860266685,EXP_LinearModel_Alpha158_csi300_custom_step0_s_20260911_16,27ccb000f0be475da367ac2c23195d2d,0.083,,,
668,2026-09-11,SH600741,0.0073435259982943535,EXP_LinearModel_Alpha158_csi300_custom_step0_s_20260911_16,27ccb000f0be475da367ac2c23195d2d,0.083,,,
669,2026-09-11,SH600760,-0.0139772929251194,EXP_LinearModel_Alpha158_csi300_custom_step0_s_20260911_16,27ccb000f0be475da367ac2c23195d2d,0.083,,,
670,2026-09-11,SH600795,-0.01985829323530197,EXP_LinearModel_Alpha158_csi300_custom_step0_s_20260911_16,27ccb000f0be475da367ac2c23195d2d,0.083,,,
671,2026-09-11,SH600803,0.0084302369505167,EXP_LinearModel_Alpha158_csi300_custom_step0_s_20260911_16,27ccb000f0be475da367ac2c23195d2d,0.083,,,
672,2026-09-11,SH600809,-0.04157298430800438,EXP_LinearModel_Alpha158_csi300_custom_step0_s_20260911_16,27ccb000f0be475da367ac2c23195d2d,0.083,,,
673,2026-09-11,SH600845,-0.02941787987947464,EXP_LinearModel_Alpha158_csi300_custom_step0_s_20260911_16,27ccb000f0be475da367ac2c23195d2d,0.083,,,
674,2026-09-11,SH600875,-0.08758509904146194,EXP_LinearModel_Alpha158_csi300_custom_step0_s_20260911_16,27ccb000f0be475da367ac2c23195d2d,0.083,,,
675,2026-09-11,SH600886,0.07386399805545807,EXP_LinearModel_Alpha158_csi300_custom_step0_s_20260911_16,27ccb000f0be475da367ac2c23195d2d,0.083,,,
676,2026-09-11,SH600887,0.06520893424749374,EXP_LinearModel_Alpha158_csi300_custom_step0_s_20260911_16,27ccb000f0be475da367ac2c23195d2d,0.083,,,
677,2026-09-11,SH600893,-0.0699220597743988,EXP_LinearModel_Alpha158_csi300_custom_step0_s_20260911_16,27ccb000f0be475da367ac2c23195d2d,0.083,,,
678,2026-09-11,SH600900,0.03740426152944565,EXP_LinearModel_Alpha158_csi300_custom_step0_s_20260911_16,27ccb000f0be475da367ac2c23195d2d,0.083,,,
679,2026-09-11,SH600905,0.029054664075374603,EXP_LinearModel_Alpha158_csi300_custom_step0_s_20260911_16,27ccb000f0be475da367ac2c23195d2d,0.083,,,
680,2026-09-11,SH600918,-0.01475883461534977,EXP_LinearModel_Alpha158_csi300_custom_step0_s_20260911_16,27ccb000f0be475da367ac2c23195d2d,0.083,,,
681,2026-09-11,SH600919,0.005643494892865419,EXP_LinearModel_Alpha158_csi300_custom_step0_s_20260911_16,27ccb000f0be475da367ac2c23195d2d,0.083,,,
682,2026-09-11,SH600926,0.027767959982156754,EXP_LinearModel_Alpha158_csi300_custom_step0_s_20260911_16,27ccb000f0be475da367ac2c23195d2d,0.083,,,
683,2026-09-11,SH600930,0.005301463417708874,EXP_LinearModel_Alpha158_csi300_custom_step0_s_20260911_16,27ccb000f0be475da367ac2c23195d2d,0.083,,,
684,2026-09-11,SH600938,-0.02491597831249237,EXP_LinearModel_Alpha158_csi300_custom_step0_s_20260911_16,27ccb000f0be475da367ac2c23195d2d,0.083,,,
685,2026-09-11,SH601088,-0.027427276596426964,EXP_LinearModel_Alpha158_csi300_custom_step0_s_20260911_16,27ccb000f0be475da367ac2c23195d2d,0.083,,,
686,2026-09-11,SH601077,0.06332041323184967,EXP_LinearModel_Alpha158_csi300_custom_step0_s_20260911_16,27ccb000f0be475da367ac2c23195d2d,0.083,,,
687,2026-09-11,SH601066,0.0413142591714859,EXP_LinearModel_Alpha158_csi300_custom_step0_s_20260911_16,27ccb000f0be475da367ac2c23195d2d,0.083,,,
688,2026-09-11,SH601059,-0.01883278600871563,EXP_LinearModel_Alpha158_csi300_custom_step0_s_20260911_16,27ccb000f0be475da367ac2c23195d2d,0.083,,,
689,2026-09-11,SH601058,0.014188311994075775,EXP_LinearModel_Alpha158_csi300_custom_step0_s_20260911_16,27ccb000f0be475da367ac2c23195d2d,0.083,,,
690,2026-09-11,SH601021,-0.0047370679676532745,EXP_LinearModel_Alpha158_csi300_custom_step0_s_20260911_16,27ccb000f0be475da367ac2c23195d2d,0.083,,,
691,2026-09-11,SH601111,0.03528879955410957,EXP_LinearModel_Alpha158_csi300_custom_step0_s_20260911_16,27ccb000f0be475da367ac2c23195d2d,0.083,,,
692,2026-09-11,SH601018,0.055059850215911865,EXP_LinearModel_Alpha158_csi300_custom_step0_s_20260911_16,27ccb000f0be475da367ac2c23195d2d,0.083,,,
693,2026-09-11,SH601009,0.006313869263976812,EXP_LinearModel_Alpha158_csi300_custom_step0_s_20260911_16,27ccb000f0be475da367ac2c23195d2d,0.083,,,
694,2026-09-11,SH601006,0.06567511707544327,EXP_LinearModel_Alpha158_csi300_custom_step0_s_20260911_16,27ccb000f0be475da367ac2c23195d2d,0.083,,,
695,2026-09-11,SH600999,0.020587695762515068,EXP_LinearModel_Alpha158_csi300_custom_step0_s_20260911_16,27ccb000f0be475da367ac2c23195d2d,0.083,,,
696,2026-09-11,SH600989,-0.027271347120404243,EXP_LinearModel_Alpha158_csi300_custom_step0_s_20260911_16,27ccb000f0be475da367ac2c23195d2d,0.083,,,
697,2026-09-11,SH600958,-0.010470446199178696,EXP_LinearModel_Alpha158_csi300_custom_step0_s_20260911_16,27ccb000f0be475da367ac2c23195d2d,0.083,,,
698,2026-09-11,SH600941,-0.02238212525844574,EXP_LinearModel_Alpha158_csi300_custom_step0_s_20260911_16,27ccb000f0be475da367ac2c23195d2d,0.083,,,
699,2026-09-11,SH601012,-0.035088758915662766,EXP_LinearModel_Alpha158_csi300_custom_step0_s_20260911_16,27ccb000f0be475da367ac2c23195d2d,0.083,,,
700,2026-09-11,SZ300832,0.008228556412366155,EXP_DEnsembleModel_Alpha158_csi300_custom_step0_s_20260911_16,450ed30494444ad98855dac200611002,0.042,,,
701,2026-09-11,SZ300803,-0.1655686748016966,EXP_DEnsembleModel_Alpha158_csi300_custom_step0_s_20260911_16,450ed30494444ad98855dac200611002,0.042,,,
702,2026-09-11,SZ300760,-0.006502710358029777,EXP_DEnsembleModel_Alpha158_csi300_custom_step0_s_20260911_16,450ed30494444ad98855dac200611002,0.042,,,
703,2026-09-11,SH688521,0.14932837596072923,EXP_DEnsembleModel_Alpha158_csi300_custom_step0_s_20260911_16,450ed30494444ad98855dac200611002,0.042,,,
704,2026-09-11,SH688981,-0.050555447251827354,EXP_DEnsembleModel_Alpha158_csi300_custom_step0_s_20260911_16,450ed30494444ad98855dac200611002,0.042,,,
705,2026-09-11,SZ000001,0.059171220037356746,EXP_DEnsembleModel_Alpha158_csi300_custom_step0_s_20260911_16,450ed30494444ad98855dac200611002,0.042,,,
706,2026-09-11,SZ000002,-0.08187243605544045,EXP_DEnsembleModel_Alpha158_csi300_custom_step0_s_20260911_16,450ed30494444ad98855dac200611002,0.042,,,
707,2026-09-11,SZ000063,-0.11294812786264397,EXP_DEnsembleModel_Alpha158_csi300_custom_step0_s_20260911_16,450ed30494444ad98855dac200611002,0.042,,,
708,2026-09-11,SZ000100,-0.07496188483204615,EXP_DEnsembleModel_Alpha158_csi300_custom_step0_s_20260911_16,450ed30494444ad98855dac200611002,0.042,,,
709,2026-09-11,SZ000157,-0.02853463374684495,EXP_DEnsembleModel_Alpha158_csi300_custom_step0_s_20260911_16,450ed30494444ad98855dac200611002,0.042,,,
710,2026-09-11,SZ000166,0.014287777062177027,EXP_DEnsembleModel_Alpha158_csi300_custom_step0_s_20260911_16,450ed30494444ad98855dac200611002,0.042,,,
711,2026-09-11,SZ000301,-0.024269614344783648,EXP_DEnsembleModel_Alpha158_csi300_custom_step0_s_20260911_16,450ed30494444ad98855dac200611002,0.042,,,
712,2026-09-11,SZ000333,0.07666271539055622,EXP_DEnsembleModel_Alpha158_csi300_custom_step0_s_20260911_16,450ed30494444ad98855dac200611002,0.042,,,
713,2026-09-11,SZ000338,-0.041230313403361585,EXP_DEnsembleModel_Alpha158_csi300_custom_step0_s_20260911_16,450ed30494444ad98855dac200611002,0.042,,,
714,2026-09-11,SZ000408,-0.024541537321109353,EXP_DEnsembleModel_Alpha158_csi300_custom_step0_s_20260911_16,450ed30494444ad98855dac200611002,0.042,,,
715,2026-09-11,SZ000425,-0.06223986432873396,EXP_DEnsembleModel_Alpha158_csi300_custom_step0_s_20260911_16,450ed30494444ad98855dac200611002,0.042,,,
716,2026-09-11,SZ000538,0.1303833482154943,EXP_DEnsembleModel_Alpha158_csi300_custom_step0_s_20260911_16,450ed30494444ad98855dac200611002,0.042,,,
717,2026-09-11,SZ000568,-0.08503102887623314,EXP_DEnsembleModel_Alpha158_csi300_custom_step0_s_20260911_16,450ed30494444ad98855dac200611002,0.042,,,
718,2026-09-11,SZ000596,-0.04773439700012041,EXP_DEnsembleModel_Alpha158_csi300_custom_step0_s_20260911_16,450ed30494444ad98855dac200611002,0.042,,,
719,2026-09-11,SZ000617,-0.07697215260872207,EXP_DEnsembleModel_Alpha158_csi300_custom_step0_s_20260911_16,450ed30494444ad98855dac200611002,0.042,,,
720,2026-09-11,SZ000963,-0.09397658622803869,EXP_DEnsembleModel_Alpha158_csi300_custom_step0_s_20260911_16,450ed30494444ad98855dac200611002,0.042,,,
721,2026-09-11,SZ000938,0.05635720661766493,EXP_DEnsembleModel_Alpha158_csi300_custom_step0_s_20260911_16,450ed30494444ad98855dac200611002,0.042,,,
722,2026-09-11,SZ000895,-0.006030902943518749,EXP_DEnsembleModel_Alpha158_csi300_custom_step0_s_20260911_16,450ed30494444ad98855dac200611002,0.042,,,
723,2026-09-11,SZ000858,0.011486952451126986,EXP_DEnsembleModel_Alpha158_csi300_custom_step0_s_20260911_16,450ed30494444ad98855dac200611002,0.042,,,
724,2026-09-11,SZ000807,-0.08971878985568446,EXP_DEnsembleModel_Alpha158_csi300_custom_step0_s_20260911_16,450ed30494444ad98855dac200611002,0.042,,,
725,2026-09-11,SZ000792,-0.020814349282667146,EXP_DEnsembleModel_Alpha158_csi300_custom_step0_s_20260911_16,450ed30494444ad98855dac200611002,0.042,,,
726,2026-09-11,SH688506,0.1493383857560535,EXP_DEnsembleModel_Alpha158_csi300_custom_step0_s_20260911_16,450ed30494444ad98855dac200611002,0.042,,,
727,2026-09-11,SZ000776,-0.10203937001387091,EXP_DEnsembleModel_Alpha158_csi300_custom_step0_s_20260911_16,450ed30494444ad98855dac200611002,0.042,,,
728,2026-09-11,SZ000725,-0.02989843945090077,EXP_DEnsembleModel_Alpha158_csi300_custom_step0_s_20260911_16,450ed30494444ad98855dac200611002,0.042,,,
729,2026-09-11,SZ000708,0.06305751753380161,EXP_DEnsembleModel_Alpha158_csi300_custom_step0_s_20260911_16,450ed30494444ad98855dac200611002,0.042,,,
730,2026-09-11,SZ000657,0.10782021908411642,EXP_DEnsembleModel_Alpha158_csi300_custom_step0_s_20260911_16,450ed30494444ad98855dac200611002,0.042,,,
731,2026-09-11,SZ000651,0.10044308906147609,EXP_DEnsembleModel_Alpha158_csi300_custom_step0_s_20260911_16,450ed30494444ad98855dac200611002,0.042,,,
732,2026-09-11,SZ000630,-0.08161130220613674,EXP_DEnsembleModel_Alpha158_csi300_custom_step0_s_20260911_16,450ed30494444ad98855dac200611002,0.042,,,
733,2026-09-11,SZ000625,0.04258748760617638,EXP_DEnsembleModel_Alpha158_csi300_custom_step0_s_20260911_16,450ed30494444ad98855dac200611002,0.042,,,
734,2026-09-11,SZ000768,0.01408229227418148,EXP_DEnsembleModel_Alpha158_csi300_custom_step0_s_20260911_16,450ed30494444ad98855dac200611002,0.042,,,
735,2026-09-11,SZ000975,0.0563755176520987,EXP_DEnsembleModel_Alpha158_csi300_custom_step0_s_20260911_16,450ed30494444ad98855dac200611002,0.042,,,
736,2026-09-11,SH688472,0.1399874545599272,EXP_DEnsembleModel_Alpha158_csi300_custom_step0_s_20260911_16,450ed30494444ad98855dac200611002,0.042,,,
737,2026-09-11,SH688303,-0.04315351060697876,EXP_DEnsembleModel_Alpha158_csi300_custom_step0_s_20260911_16,450ed30494444ad98855dac200611002,0.042,,,
738,2026-09-11,SH601988,0.09938690332278759,EXP_DEnsembleModel_Alpha158_csi300_custom_step0_s_20260911_16,450ed30494444ad98855dac200611002,0.042,,,
739,2026-09-11,SH601995,-0.06019432166524393,EXP_DEnsembleModel_Alpha158_csi300_custom_step0_s_20260911_16,450ed30494444ad98855dac200611002,0.042,,,
740,2026-09-11,SH601998,0.07097688855262112,EXP_DEnsembleModel_Alpha158_csi300_custom_step0_s_20260911_16,450ed30494444ad98855dac200611002,0.042,,,
741,2026-09-11,SH603019,-0.09373380434023311,EXP_DEnsembleModel_Alpha158_csi300_custom_step0_s_20260911_16,450ed30494444ad98855dac200611002,0.042,,,
742,2026-09-11,SH603259,-0.032449180795558974,EXP_DEnsembleModel_Alpha158_csi300_custom_step0_s_20260911_16,450ed30494444ad98855dac200611002,0.042,,,
743,2026-09-11,SH603260,-0.08036600532387758,EXP_DEnsembleModel_Alpha158_csi300_custom_step0_s_20260911_16,450ed30494444ad98855dac200611002,0.042,,,
744,2026-09-11,SH603288,0.006779152783734973,EXP_DEnsembleModel_Alpha158_csi300_custom_step0_s_20260911_16,450ed30494444ad98855dac200611002,0.042,,,
745,2026-09-11,SH603296,-0.03836488347602301,EXP_DEnsembleModel_Alpha158_csi300_custom_step0_s_20260911_16,450ed30494444ad98855dac200611002,0.042,,,
746,2026-09-11,SH603369,-0.09817693237187418,EXP_DEnsembleModel_Alpha158_csi300_custom_step0_s_20260911_16,450ed30494444ad98855dac200611002,0.042,,,
747,2026-09-11,SH603392,-0.0898502566717801,EXP_DEnsembleModel_Alpha158_csi300_custom_step0_s_20260911_16,450ed30494444ad98855dac200611002,0.042,,,
748,2026-09-11,SH603501,-0.05377406431588628,EXP_DEnsembleModel_Alpha158_csi300_custom_step0_s_20260911_16,450ed30494444ad98855dac200611002,0.042,,,
749,2026-09-11,SH603799,-0.05346347202700349,EXP_DEnsembleModel_Alpha158_csi300_custom_step0_s_20260911_16,450ed30494444ad98855dac200611002,0.042,,,
750,2026-09-11,SH603893,-0.08989639096015638,EXP_DEnsembleModel_Alpha158_csi300_custom_step0_s_20260911_16,450ed30494444ad98855dac200611002,0.042,,,
751,2026-09-11,SH603986,-0.02623520835644664,EXP_DEnsembleModel_Alpha158_csi300_custom_step0_s_20260911_16,450ed30494444ad98855dac200611002,0.042,,,
752,2026-09-11,SH603993,-0.10510188708471017,EXP_DEnsembleModel_Alpha158_csi300_custom_step0_s_20260911_16,450ed30494444ad98855dac200611002,0.042,,,
753,2026-09-11,SH605117,-0.1565637790517741,EXP_DEnsembleModel_Alpha158_csi300_custom_step0_s_20260911_16,450ed30494444ad98855dac200611002,0.042,,,
754,2026-09-11,SH605499,-0.09731752501264795,EXP_DEnsembleModel_Alpha158_csi300_custom_step0_s_20260911_16,450ed30494444ad98855dac200611002,0.042,,,
755,2026-09-11,SH688271,-0.05881787491577269,EXP_DEnsembleModel_Alpha158_csi300_custom_step0_s_20260911_16,450ed30494444ad98855dac200611002,0.042,,,
756,2026-09-11,SH688256,-0.05171713915361724,EXP_DEnsembleModel_Alpha158_csi300_custom_step0_s_20260911_16,450ed30494444ad98855dac200611002,0.042,,,
757,2026-09-11,SH688223,0.020218108403506626,EXP_DEnsembleModel_Alpha158_csi300_custom_step0_s_20260911_16,450ed30494444ad98855dac200611002,0.042,,,
758,2026-09-11,SH688183,-0.04284740809872222,EXP_DEnsembleModel_Alpha158_csi300_custom_step0_s_20260911_16,450ed30494444ad98855dac200611002,0.042,,,
759,2026-09-11,SH688126,-0.021665375643915415,EXP_DEnsembleModel_Alpha158_csi300_custom_step0_s_20260911_16,450ed30494444ad98855dac200611002,0.042,,,
760,2026-09-11,SH688111,-0.08860639140762301,EXP_DEnsembleModel_Alpha158_csi300_custom_step0_s_20260911_16,450ed30494444ad98855dac200611002,0.042,,,
761,2026-09-11,SH688396,-0.0766953986230819,EXP_DEnsembleModel_Alpha158_csi300_custom_step0_s_20260911_16,450ed30494444ad98855dac200611002,0.042,,,
762,2026-09-11,SH688082,0.04280862457852504,EXP_DEnsembleModel_Alpha158_csi300_custom_step0_s_20260911_16,450ed30494444ad98855dac200611002,0.042,,,
763,2026-09-11,SH688047,-0.14951943339188142,EXP_DEnsembleModel_Alpha158_csi300_custom_step0_s_20260911_16,450ed30494444ad98855dac200611002,0.042,,,
764,2026-09-11,SH688041,0.09105711796089619,EXP_DEnsembleModel_Alpha158_csi300_custom_step0_s_20260911_16,450ed30494444ad98855dac200611002,0.042,,,
765,2026-09-11,SH688036,-0.13327655983140888,EXP_DEnsembleModel_Alpha158_csi300_custom_step0_s_20260911_16,450ed30494444ad98855dac200611002,0.042,,,
766,2026-09-11,SH688012,-0.12026719311965117,EXP_DEnsembleModel_Alpha158_csi300_custom_step0_s_20260911_16,450ed30494444ad98855dac200611002,0.042,,,
767,2026-09-11,SH688009,0.042365803134427525,EXP_DEnsembleModel_Alpha158_csi300_custom_step0_s_20260911_16,450ed30494444ad98855dac200611002,0.042,,,
768,2026-09-11,SH688008,0.02548474403827154,EXP_DEnsembleModel_Alpha158_csi300_custom_step0_s_20260911_16,450ed30494444ad98855dac200611002,0.042,,,
769,2026-09-11,SH688072,0.011503656178861303,EXP_DEnsembleModel_Alpha158_csi300_custom_step0_s_20260911_16,450ed30494444ad98855dac200611002,0.042,,,
770,2026-09-11,SZ000977,-0.038488818169512835,EXP_DEnsembleModel_Alpha158_csi300_custom_step0_s_20260911_16,450ed30494444ad98855dac200611002,0.042,,,
771,2026-09-11,SZ000988,-0.012972906225640018,EXP_DEnsembleModel_Alpha158_csi300_custom_step0_s_20260911_16,450ed30494444ad98855dac200611002,0.042,,,
772,2026-09-11,SZ000999,0.06220542980579407,EXP_DEnsembleModel_Alpha158_csi300_custom_step0_s_20260911_16,450ed30494444ad98855dac200611002,0.042,,,
773,2026-09-11,SZ002709,0.039401532415677176,EXP_DEnsembleModel_Alpha158_csi300_custom_step0_s_20260911_16,450ed30494444ad98855dac200611002,0.042,,,
774,2026-09-11,SZ002714,0.010888485027055571,EXP_DEnsembleModel_Alpha158_csi300_custom_step0_s_20260911_16,450ed30494444ad98855dac200611002,0.042,,,
775,2026-09-11,SZ002736,-0.007292447917084836,EXP_DEnsembleModel_Alpha158_csi300_custom_step0_s_20260911_16,450ed30494444ad98855dac200611002,0.042,,,
776,2026-09-11,SZ002837,0.11202004252342133,EXP_DEnsembleModel_Alpha158_csi300_custom_step0_s_20260911_16,450ed30494444ad98855dac200611002,0.042,,,
777,2026-09-11,SZ002916,-0.029295311310902315,EXP_DEnsembleModel_Alpha158_csi300_custom_step0_s_20260911_16,450ed30494444ad98855dac200611002,0.042,,,
778,2026-09-11,SZ002920,-0.13342355321985716,EXP_DEnsembleModel_Alpha158_csi300_custom_step0_s_20260911_16,450ed30494444ad98855dac200611002,0.042,,,
779,2026-09-11,SZ002938,-0.07315186740492244,EXP_DEnsembleModel_Alpha158_csi300_custom_step0_s_20260911_16,450ed30494444ad98855dac200611002,0.042,,,
780,2026-09-11,SZ003816,0.11313519115679886,EXP_DEnsembleModel_Alpha158_csi300_custom_step0_s_20260911_16,450ed30494444ad98855dac200611002,0.042,,,
781,2026-09-11,SZ300014,0.004048439858534775,EXP_DEnsembleModel_Alpha158_csi300_custom_step0_s_20260911_16,450ed30494444ad98855dac200611002,0.042,,,
782,2026-09-11,SZ300015,-0.014602807345938431,EXP_DEnsembleModel_Alpha158_csi300_custom_step0_s_20260911_16,450ed30494444ad98855dac200611002,0.042,,,
783,2026-09-11,SZ300033,-0.1953653684768389,EXP_DEnsembleModel_Alpha158_csi300_custom_step0_s_20260911_16,450ed30494444ad98855dac200611002,0.042,,,
784,2026-09-11,SZ300059,-0.07663831793442878,EXP_DEnsembleModel_Alpha158_csi300_custom_step0_s_20260911_16,450ed30494444ad98855dac200611002,0.042,,,
785,2026-09-11,SZ300122,-0.06883803810424005,EXP_DEnsembleModel_Alpha158_csi300_custom_step0_s_20260911_16,450ed30494444ad98855dac200611002,0.042,,,
786,2026-09-11,SZ300124,-0.13453282310931095,EXP_DEnsembleModel_Alpha158_csi300_custom_step0_s_20260911_16,450ed30494444ad98855dac200611002,0.042,,,
787,2026-09-11,SZ300251,-0.11525981133976809,EXP_DEnsembleModel_Alpha158_csi300_custom_step0_s_20260911_16,450ed30494444ad98855dac200611002,0.042,,,
788,2026-09-11,SZ300274,0.14760198051551124,EXP_DEnsembleModel_Alpha158_csi300_custom_step0_s_20260911_16,450ed30494444ad98855dac200611002,0.042,,,
789,2026-09-11,SZ300308,0.007666073681927242,EXP_DEnsembleModel_Alpha158_csi300_custom_step0_s_20260911_16,450ed30494444ad98855dac200611002,0.042,,,
790,2026-09-11,SZ300750,0.08272928147155277,EXP_DEnsembleModel_Alpha158_csi300_custom_step0_s_20260911_16,450ed30494444ad98855dac200611002,0.042,,,
791,2026-09-11,SZ300661,-0.13441017051897877,EXP_DEnsembleModel_Alpha158_csi300_custom_step0_s_20260911_16,450ed30494444ad98855dac200611002,0.042,,,
792,2026-09-11,SZ300628,0.026925381867851737,EXP_DEnsembleModel_Alpha158_csi300_custom_step0_s_20260911_16,450ed30494444ad98855dac200611002,0.042,,,
793,2026-09-11,SZ300502,-0.07307293122857991,EXP_DEnsembleModel_Alpha158_csi300_custom_step0_s_20260911_16,450ed30494444ad98855dac200611002,0.042,,,
794,2026-09-11,SZ300498,0.04985442777663684,EXP_DEnsembleModel_Alpha158_csi300_custom_step0_s_20260911_16,450ed30494444ad98855dac200611002,0.042,,,
795,2026-09-11,SZ300476,0.25235066196332573,EXP_DEnsembleModel_Alpha158_csi300_custom_step0_s_20260911_16,450ed30494444ad98855dac200611002,0.042,,,
796,2026-09-11,SZ002648,-0.025894468458855745,EXP_DEnsembleModel_Alpha158_csi300_custom_step0_s_20260911_16,450ed30494444ad98855dac200611002,0.042,,,
797,2026-09-11,SZ300450,-0.06364737966249358,EXP_DEnsembleModel_Alpha158_csi300_custom_step0_s_20260911_16,450ed30494444ad98855dac200611002,0.042,,,
798,2026-09-11,SZ300433,-0.07298944291500493,EXP_DEnsembleModel_Alpha158_csi300_custom_step0_s_20260911_16,450ed30494444ad98855dac200611002,0.042,,,
799,2026-09-11,SZ300418,-0.1082493309623117,EXP_DEnsembleModel_Alpha158_csi300_custom_step0_s_20260911_16,450ed30494444ad98855dac200611002,0.042,,,
800,2026-09-11,SZ300413,0.38624454163114424,EXP_DEnsembleModel_Alpha158_csi300_custom_step0_s_20260911_16,450ed30494444ad98855dac200611002,0.042,,,
801,2026-09-11,SZ300408,0.05592397924979453,EXP_DEnsembleModel_Alpha158_csi300_custom_step0_s_20260911_16,450ed30494444ad98855dac200611002,0.042,,,
802,2026-09-11,SZ300394,0.009947121729686724,EXP_DEnsembleModel_Alpha158_csi300_custom_step0_s_20260911_16,450ed30494444ad98855dac200611002,0.042,,,
803,2026-09-11,SZ300316,-0.061509145192307275,EXP_DEnsembleModel_Alpha158_csi300_custom_step0_s_20260911_16,450ed30494444ad98855dac200611002,0.042,,,
804,2026-09-11,SZ300442,-0.12659412064307027,EXP_DEnsembleModel_Alpha158_csi300_custom_step0_s_20260911_16,450ed30494444ad98855dac200611002,0.042,,,
805,2026-09-11,SZ002625,-0.03654917433487444,EXP_DEnsembleModel_Alpha158_csi300_custom_step0_s_20260911_16,450ed30494444ad98855dac200611002,0.042,,,
806,2026-09-11,SZ002602,-0.022813688949891168,EXP_DEnsembleModel_Alpha158_csi300_custom_step0_s_20260911_16,450ed30494444ad98855dac200611002,0.042,,,
807,2026-09-11,SZ002600,-0.1160769222000136,EXP_DEnsembleModel_Alpha158_csi300_custom_step0_s_20260911_16,450ed30494444ad98855dac200611002,0.042,,,
808,2026-09-11,SZ002230,-0.01494439242877941,EXP_DEnsembleModel_Alpha158_csi300_custom_step0_s_20260911_16,450ed30494444ad98855dac200611002,0.042,,,
809,2026-09-11,SZ002202,0.036537827291436474,EXP_DEnsembleModel_Alpha158_csi300_custom_step0_s_20260911_16,450ed30494444ad98855dac200611002,0.042,,,
810,2026-09-11,SZ002179,-0.04842599355987476,EXP_DEnsembleModel_Alpha158_csi300_custom_step0_s_20260911_16,450ed30494444ad98855dac200611002,0.042,,,
811,2026-09-11,SZ002142,-0.012375997836353592,EXP_DEnsembleModel_Alpha158_csi300_custom_step0_s_20260911_16,450ed30494444ad98855dac200611002,0.042,,,
812,2026-09-11,SZ002074,-0.12174883313685417,EXP_DEnsembleModel_Alpha158_csi300_custom_step0_s_20260911_16,450ed30494444ad98855dac200611002,0.042,,,
813,2026-09-11,SZ002050,-0.09670941270506554,EXP_DEnsembleModel_Alpha158_csi300_custom_step0_s_20260911_16,450ed30494444ad98855dac200611002,0.042,,,
814,2026-09-11,SZ002236,-0.03668892560698715,EXP_DEnsembleModel_Alpha158_csi300_custom_step0_s_20260911_16,450ed30494444ad98855dac200611002,0.042,,,
815,2026-09-11,SZ002049,-0.08775514528977071,EXP_DEnsembleModel_Alpha158_csi300_custom_step0_s_20260911_16,450ed30494444ad98855dac200611002,0.042,,,
816,2026-09-11,SZ002027,0.022231065027661926,EXP_DEnsembleModel_Alpha158_csi300_custom_step0_s_20260911_16,450ed30494444ad98855dac200611002,0.042,,,
817,2026-09-11,SZ002001,0.024717247971766734,EXP_DEnsembleModel_Alpha158_csi300_custom_step0_s_20260911_16,450ed30494444ad98855dac200611002,0.042,,,
818,2026-09-11,SZ001979,0.050988270351155725,EXP_DEnsembleModel_Alpha158_csi300_custom_step0_s_20260911_16,450ed30494444ad98855dac200611002,0.042,,,
819,2026-09-11,SZ001965,0.06740849835081357,EXP_DEnsembleModel_Alpha158_csi300_custom_step0_s_20260911_16,450ed30494444ad98855dac200611002,0.042,,,
820,2026-09-11,SZ001391,-0.023772471434855356,EXP_DEnsembleModel_Alpha158_csi300_custom_step0_s_20260911_16,450ed30494444ad98855dac200611002,0.042,,,
821,2026-09-11,SZ001280,-0.12754286299373357,EXP_DEnsembleModel_Alpha158_csi300_custom_step0_s_20260911_16,450ed30494444ad98855dac200611002,0.042,,,
822,2026-09-11,SZ002028,0.1295941269447832,EXP_DEnsembleModel_Alpha158_csi300_custom_step0_s_20260911_16,450ed30494444ad98855dac200611002,0.042,,,
823,2026-09-11,SH601727,0.0016364771872758865,EXP_LinearModel_Alpha158_csi300_custom_step0_s_20260911_16,27ccb000f0be475da367ac2c23195d2d,0.083,,,
824,2026-09-11,SZ002241,-0.09788653416898035,EXP_DEnsembleModel_Alpha158_csi300_custom_step0_s_20260911_16,450ed30494444ad98855dac200611002,0.042,,,
825,2026-09-11,SZ002311,0.03648557203075416,EXP_DEnsembleModel_Alpha158_csi300_custom_step0_s_20260911_16,450ed30494444ad98855dac200611002,0.042,,,
826,2026-09-11,SZ002594,0.02496132749857122,EXP_DEnsembleModel_Alpha158_csi300_custom_step0_s_20260911_16,450ed30494444ad98855dac200611002,0.042,,,
827,2026-09-11,SZ002558,-0.08027953246716366,EXP_DEnsembleModel_Alpha158_csi300_custom_step0_s_20260911_16,450ed30494444ad98855dac200611002,0.042,,,
828,2026-09-11,SZ002532,-0.09834196610025767,EXP_DEnsembleModel_Alpha158_csi300_custom_step0_s_20260911_16,450ed30494444ad98855dac200611002,0.042,,,
829,2026-09-11,SZ002493,-0.032309649920039644,EXP_DEnsembleModel_Alpha158_csi300_custom_step0_s_20260911_16,450ed30494444ad98855dac200611002,0.042,,,
830,2026-09-11,SZ002475,-0.10621977220391848,EXP_DEnsembleModel_Alpha158_csi300_custom_step0_s_20260911_16,450ed30494444ad98855dac200611002,0.042,,,
831,2026-09-11,SZ002466,-0.03249851198633696,EXP_DEnsembleModel_Alpha158_csi300_custom_step0_s_20260911_16,450ed30494444ad98855dac200611002,0.042,,,
832,2026-09-11,SZ002304,-0.03833193689365778,EXP_DEnsembleModel_Alpha158_csi300_custom_step0_s_20260911_16,450ed30494444ad98855dac200611002,0.042,,,
833,2026-09-11,SZ002463,-0.090437878513056,EXP_DEnsembleModel_Alpha158_csi300_custom_step0_s_20260911_16,450ed30494444ad98855dac200611002,0.042,,,
834,2026-09-11,SZ002422,0.06984351644474796,EXP_DEnsembleModel_Alpha158_csi300_custom_step0_s_20260911_16,450ed30494444ad98855dac200611002,0.042,,,
835,2026-09-11,SZ002415,0.014064983944995413,EXP_DEnsembleModel_Alpha158_csi300_custom_step0_s_20260911_16,450ed30494444ad98855dac200611002,0.042,,,
836,2026-09-11,SZ002384,-0.0322412786202583,EXP_DEnsembleModel_Alpha158_csi300_custom_step0_s_20260911_16,450ed30494444ad98855dac200611002,0.042,,,
837,2026-09-11,SZ002371,-0.008011048721284211,EXP_DEnsembleModel_Alpha158_csi300_custom_step0_s_20260911_16,450ed30494444ad98855dac200611002,0.042,,,
838,2026-09-11,SZ002353,0.2844347294578574,EXP_DEnsembleModel_Alpha158_csi300_custom_step0_s_20260911_16,450ed30494444ad98855dac200611002,0.042,,,
839,2026-09-11,SZ002352,0.014983834580978345,EXP_DEnsembleModel_Alpha158_csi300_custom_step0_s_20260911_16,450ed30494444ad98855dac200611002,0.042,,,
840,2026-09-11,SZ002460,-0.016293960501493062,EXP_DEnsembleModel_Alpha158_csi300_custom_step0_s_20260911_16,450ed30494444ad98855dac200611002,0.042,,,
841,2026-09-11,SH601728,-0.024788951501250267,EXP_LinearModel_Alpha158_csi300_custom_step0_s_20260911_16,27ccb000f0be475da367ac2c23195d2d,0.083,,,
842,2026-09-11,SH601766,-0.017452232539653778,EXP_LinearModel_Alpha158_csi300_custom_step0_s_20260911_16,27ccb000f0be475da367ac2c23195d2d,0.083,,,
843,2026-09-11,SH601788,-0.04681756719946861,EXP_LinearModel_Alpha158_csi300_custom_step0_s_20260911_16,27ccb000f0be475da367ac2c23195d2d,0.083,,,
844,2026-09-11,SH600025,0.008856021799147129,EXP_LinearModel_Alpha158_csi300_custom_step0_s_20260911_16,18f2bb3d49db4d08ba3139e12711a212,0.085,,,
845,2026-09-11,SH600026,-0.0743853822350502,EXP_LinearModel_Alpha158_csi300_custom_step0_s_20260911_16,18f2bb3d49db4d08ba3139e12711a212,0.085,,,
846,2026-09-11,SH600027,0.07874734699726105,EXP_LinearModel_Alpha158_csi300_custom_step0_s_20260911_16,18f2bb3d49db4d08ba3139e12711a212,0.085,,,
847,2026-09-11,SH600028,0.061128612607717514,EXP_LinearModel_Alpha158_csi300_custom_step0_s_20260911_16,18f2bb3d49db4d08ba3139e12711a212,0.085,,,
848,2026-09-11,SH600029,-0.024431001394987106,EXP_LinearModel_Alpha158_csi300_custom_step0_s_20260911_16,18f2bb3d49db4d08ba3139e12711a212,0.085,,,
849,2026-09-11,SH600030,-0.01613966003060341,EXP_LinearModel_Alpha158_csi300_custom_step0_s_20260911_16,18f2bb3d49db4d08ba3139e12711a212,0.085,,,
850,2026-09-11,SH600031,0.0083074439316988,EXP_LinearModel_Alpha158_csi300_custom_step0_s_20260911_16,18f2bb3d49db4d08ba3139e12711a212,0.085,,,
851,2026-09-11,SH600036,0.01395263709127903,EXP_LinearModel_Alpha158_csi300_custom_step0_s_20260911_16,18f2bb3d49db4d08ba3139e12711a212,0.085,,,
852,2026-09-11,SH600039,-0.0100626852363348,EXP_LinearModel_Alpha158_csi300_custom_step0_s_20260911_16,18f2bb3d49db4d08ba3139e12711a212,0.085,,,
853,2026-09-11,SH600048,-0.014512106776237488,EXP_LinearModel_Alpha158_csi300_custom_step0_s_20260911_16,18f2bb3d49db4d08ba3139e12711a212,0.085,,,
854,2026-09-11,SH600050,-0.05370577424764633,EXP_LinearModel_Alpha158_csi300_custom_step0_s_20260911_16,18f2bb3d49db4d08ba3139e12711a212,0.085,,,
855,2026-09-11,SH600061,0.007329609245061874,EXP_LinearModel_Alpha158_csi300_custom_step0_s_20260911_16,18f2bb3d49db4d08ba3139e12711a212,0.085,,,
856,2026-09-11,SH600066,-0.045378636568784714,EXP_LinearModel_Alpha158_csi300_custom_step0_s_20260911_16,18f2bb3d49db4d08ba3139e12711a212,0.085,,,
857,2026-09-11,SH600085,-0.003192206844687462,EXP_LinearModel_Alpha158_csi300_custom_step0_s_20260911_16,18f2bb3d49db4d08ba3139e12711a212,0.085,,,
858,2026-09-11,SH600089,-0.008093485608696938,EXP_LinearModel_Alpha158_csi300_custom_step0_s_20260911_16,18f2bb3d49db4d08ba3139e12711a212,0.085,,,
859,2026-09-11,SH600104,0.0277881920337677,EXP_LinearModel_Alpha158_csi300_custom_step0_s_20260911_16,18f2bb3d49db4d08ba3139e12711a212,0.085,,,
860,2026-09-11,SH600111,-0.06247013434767723,EXP_LinearModel_Alpha158_csi300_custom_step0_s_20260911_16,18f2bb3d49db4d08ba3139e12711a212,0.085,,,
861,2026-09-11,SH600346,-0.033046893775463104,EXP_LinearModel_Alpha158_csi300_custom_step0_s_20260911_16,18f2bb3d49db4d08ba3139e12711a212,0.085,,,
862,2026-09-11,SH600309,0.019557751715183258,EXP_LinearModel_Alpha158_csi300_custom_step0_s_20260911_16,18f2bb3d49db4d08ba3139e12711a212,0.085,,,
863,2026-09-11,SH600276,0.05472934618592262,EXP_LinearModel_Alpha158_csi300_custom_step0_s_20260911_16,18f2bb3d49db4d08ba3139e12711a212,0.085,,,
864,2026-09-11,SH600233,-0.010148385539650917,EXP_LinearModel_Alpha158_csi300_custom_step0_s_20260911_16,18f2bb3d49db4d08ba3139e12711a212,0.085,,,
865,2026-09-11,SH600221,0.07389785349369049,EXP_LinearModel_Alpha158_csi300_custom_step0_s_20260911_16,18f2bb3d49db4d08ba3139e12711a212,0.085,,,
866,2026-09-11,SH600219,-0.010231961496174335,EXP_LinearModel_Alpha158_csi300_custom_step0_s_20260911_16,18f2bb3d49db4d08ba3139e12711a212,0.085,,,
867,2026-09-11,SH600023,0.0023123249411582947,EXP_LinearModel_Alpha158_csi300_custom_step0_s_20260911_16,18f2bb3d49db4d08ba3139e12711a212,0.085,,,
868,2026-09-11,SH600196,0.00897226482629776,EXP_LinearModel_Alpha158_csi300_custom_step0_s_20260911_16,18f2bb3d49db4d08ba3139e12711a212,0.085,,,
869,2026-09-11,SH600183,-0.14060114324092865,EXP_LinearModel_Alpha158_csi300_custom_step0_s_20260911_16,18f2bb3d49db4d08ba3139e12711a212,0.085,,,
870,2026-09-11,SH600176,-0.135077565908432,EXP_LinearModel_Alpha158_csi300_custom_step0_s_20260911_16,18f2bb3d49db4d08ba3139e12711a212,0.085,,,
871,2026-09-11,SH600160,-0.0450642928481102,EXP_LinearModel_Alpha158_csi300_custom_step0_s_20260911_16,18f2bb3d49db4d08ba3139e12711a212,0.085,,,
872,2026-09-11,SH600150,0.03973523527383804,EXP_LinearModel_Alpha158_csi300_custom_step0_s_20260911_16,18f2bb3d49db4d08ba3139e12711a212,0.085,,,
873,2026-09-11,SH600118,-0.007295351941138506,EXP_LinearModel_Alpha158_csi300_custom_step0_s_20260911_16,18f2bb3d49db4d08ba3139e12711a212,0.085,,,
874,2026-09-11,SH600115,-0.001717869658023119,EXP_LinearModel_Alpha158_csi300_custom_step0_s_20260911_16,18f2bb3d49db4d08ba3139e12711a212,0.085,,,
875,2026-09-11,SH600188,-0.040094491094350815,EXP_LinearModel_Alpha158_csi300_custom_step0_s_20260911_16,18f2bb3d49db4d08ba3139e12711a212,0.085,,,
876,2026-09-11,SH600362,-0.08633755147457123,EXP_LinearModel_Alpha158_csi300_custom_step0_s_20260911_16,18f2bb3d49db4d08ba3139e12711a212,0.085,,,
877,2026-09-11,SH600019,0.03850680962204933,EXP_LinearModel_Alpha158_csi300_custom_step0_s_20260911_16,18f2bb3d49db4d08ba3139e12711a212,0.085,,,
878,2026-09-11,SH600016,0.07972985506057739,EXP_LinearModel_Alpha158_csi300_custom_step0_s_20260911_16,18f2bb3d49db4d08ba3139e12711a212,0.085,,,
879,2026-09-11,SZ300308,-0.0685238316655159,EXP_LinearModel_Alpha158_csi300_custom_step0_s_20260911_16,27ccb000f0be475da367ac2c23195d2d,0.083,,,
880,2026-09-11,SZ300316,-0.029056666418910027,EXP_LinearModel_Alpha158_csi300_custom_step0_s_20260911_16,27ccb000f0be475da367ac2c23195d2d,0.083,,,
881,2026-09-11,SZ300394,-0.11897050589323044,EXP_LinearModel_Alpha158_csi300_custom_step0_s_20260911_16,27ccb000f0be475da367ac2c23195d2d,0.083,,,
882,2026-09-11,SZ300408,-0.11006705462932587,EXP_LinearModel_Alpha158_csi300_custom_step0_s_20260911_16,27ccb000f0be475da367ac2c23195d2d,0.083,,,
883,2026-09-11,SZ300413,0.033063553273677826,EXP_LinearModel_Alpha158_csi300_custom_step0_s_20260911_16,27ccb000f0be475da367ac2c23195d2d,0.083,,,
884,2026-09-11,SZ300418,-0.003509356640279293,EXP_LinearModel_Alpha158_csi300_custom_step0_s_20260911_16,27ccb000f0be475da367ac2c23195d2d,0.083,,,
885,2026-09-11,SZ300433,-0.08754231035709381,EXP_LinearModel_Alpha158_csi300_custom_step0_s_20260911_16,27ccb000f0be475da367ac2c23195d2d,0.083,,,
886,2026-09-11,SZ300442,-0.008462077006697655,EXP_LinearModel_Alpha158_csi300_custom_step0_s_20260911_16,27ccb000f0be475da367ac2c23195d2d,0.083,,,
887,2026-09-11,SZ300450,-0.1008940041065216,EXP_LinearModel_Alpha158_csi300_custom_step0_s_20260911_16,27ccb000f0be475da367ac2c23195d2d,0.083,,,
888,2026-09-11,SZ300476,-0.0573902390897274,EXP_LinearModel_Alpha158_csi300_custom_step0_s_20260911_16,27ccb000f0be475da367ac2c23195d2d,0.083,,,
889,2026-09-11,SZ300498,0.025525493547320366,EXP_LinearModel_Alpha158_csi300_custom_step0_s_20260911_16,27ccb000f0be475da367ac2c23195d2d,0.083,,,
890,2026-09-11,SZ300502,-0.03796057403087616,EXP_LinearModel_Alpha158_csi300_custom_step0_s_20260911_16,27ccb000f0be475da367ac2c23195d2d,0.083,,,
891,2026-09-11,SZ300628,-0.03768664225935936,EXP_LinearModel_Alpha158_csi300_custom_step0_s_20260911_16,27ccb000f0be475da367ac2c23195d2d,0.083,,,
892,2026-09-11,SZ300661,-0.04897945374250412,EXP_LinearModel_Alpha158_csi300_custom_step0_s_20260911_16,27ccb000f0be475da367ac2c23195d2d,0.083,,,
893,2026-09-11,SZ300750,-0.002859796630218625,EXP_LinearModel_Alpha158_csi300_custom_step0_s_20260911_16,27ccb000f0be475da367ac2c23195d2d,0.083,,,
894,2026-09-11,SZ300760,0.011755678802728653,EXP_LinearModel_Alpha158_csi300_custom_step0_s_20260911_16,27ccb000f0be475da367ac2c23195d2d,0.083,,,
895,2026-09-11,SZ300803,-0.07287438213825226,EXP_LinearModel_Alpha158_csi300_custom_step0_s_20260911_16,27ccb000f0be475da367ac2c23195d2d,0.083,,,
896,2026-09-11,SH600015,-0.009551646187901497,EXP_LinearModel_Alpha158_csi300_custom_step0_s_20260911_16,18f2bb3d49db4d08ba3139e12711a212,0.085,,,
897,2026-09-11,SH600011,0.008471457287669182,EXP_LinearModel_Alpha158_csi300_custom_step0_s_20260911_16,18f2bb3d49db4d08ba3139e12711a212,0.085,,,
898,2026-09-11,SH600010,-0.060647159814834595,EXP_LinearModel_Alpha158_csi300_custom_step0_s_20260911_16,18f2bb3d49db4d08ba3139e12711a212,0.085,,,
899,2026-09-11,SH600009,-0.019282817840576172,EXP_LinearModel_Alpha158_csi300_custom_step0_s_20260911_16,18f2bb3d49db4d08ba3139e12711a212,0.085,,,
900,2026-09-11,SH600000,-0.017226142808794975,EXP_LinearModel_Alpha158_csi300_custom_step0_s_20260911_16,18f2bb3d49db4d08ba3139e12711a212,0.085,,,
901,2026-09-11,SZ302132,-0.03599411994218826,EXP_LinearModel_Alpha158_csi300_custom_step0_s_20260911_16,27ccb000f0be475da367ac2c23195d2d,0.083,,,
902,2026-09-11,SH600018,0.07233019173145294,EXP_LinearModel_Alpha158_csi300_custom_step0_s_20260911_16,18f2bb3d49db4d08ba3139e12711a212,0.085,,,
903,2026-09-11,SZ301308,-0.023106340318918228,EXP_LinearModel_Alpha158_csi300_custom_step0_s_20260911_16,27ccb000f0be475da367ac2c23195d2d,0.083,,,
904,2026-09-11,SZ301236,-0.01453147828578949,EXP_LinearModel_Alpha158_csi300_custom_step0_s_20260911_16,27ccb000f0be475da367ac2c23195d2d,0.083,,,
905,2026-09-11,SZ301165,-0.014950674027204514,EXP_LinearModel_Alpha158_csi300_custom_step0_s_20260911_16,27ccb000f0be475da367ac2c23195d2d,0.083,,,
906,2026-09-11,SZ300999,-0.000879719271324575,EXP_LinearModel_Alpha158_csi300_custom_step0_s_20260911_16,27ccb000f0be475da367ac2c23195d2d,0.083,,,
907,2026-09-11,SZ300896,-0.018575653433799744,EXP_LinearModel_Alpha158_csi300_custom_step0_s_20260911_16,27ccb000f0be475da367ac2c23195d2d,0.083,,,
908,2026-09-11,SZ300866,0.016489572823047638,EXP_LinearModel_Alpha158_csi300_custom_step0_s_20260911_16,27ccb000f0be475da367ac2c23195d2d,0.083,,,
909,2026-09-11,SZ300832,-0.005312587600201368,EXP_LinearModel_Alpha158_csi300_custom_step0_s_20260911_16,27ccb000f0be475da367ac2c23195d2d,0.083,,,
910,2026-09-11,SZ301269,-0.029419219121336937,EXP_LinearModel_Alpha158_csi300_custom_step0_s_20260911_16,27ccb000f0be475da367ac2c23195d2d,0.083,,,
911,2026-09-11,SH600372,0.00011298456229269505,EXP_LinearModel_Alpha158_csi300_custom_step0_s_20260911_16,18f2bb3d49db4d08ba3139e12711a212,0.085,,,
912,2026-09-11,SH600406,-0.03040727972984314,EXP_LinearModel_Alpha158_csi300_custom_step0_s_20260911_16,18f2bb3d49db4d08ba3139e12711a212,0.085,,,
913,2026-09-11,SH600415,-0.0019256258383393288,EXP_LinearModel_Alpha158_csi300_custom_step0_s_20260911_16,18f2bb3d49db4d08ba3139e12711a212,0.085,,,
914,2026-09-11,SH600941,-0.0350106917321682,EXP_LinearModel_Alpha158_csi300_custom_step0_s_20260911_16,18f2bb3d49db4d08ba3139e12711a212,0.085,,,
915,2026-09-11,SH600958,-0.0325002521276474,EXP_LinearModel_Alpha158_csi300_custom_step0_s_20260911_16,18f2bb3d49db4d08ba3139e12711a212,0.085,,,
916,2026-09-11,SH600989,-0.002621992025524378,EXP_LinearModel_Alpha158_csi300_custom_step0_s_20260911_16,18f2bb3d49db4d08ba3139e12711a212,0.085,,,
917,2026-09-11,SH600999,-0.010876484215259552,EXP_LinearModel_Alpha158_csi300_custom_step0_s_20260911_16,18f2bb3d49db4d08ba3139e12711a212,0.085,,,
918,2026-09-11,SH601006,0.07030574232339859,EXP_LinearModel_Alpha158_csi300_custom_step0_s_20260911_16,18f2bb3d49db4d08ba3139e12711a212,0.085,,,
919,2026-09-11,SH601009,0.023058706894516945,EXP_LinearModel_Alpha158_csi300_custom_step0_s_20260911_16,18f2bb3d49db4d08ba3139e12711a212,0.085,,,
920,2026-09-11,SH601012,-0.010683901607990265,EXP_LinearModel_Alpha158_csi300_custom_step0_s_20260911_16,18f2bb3d49db4d08ba3139e12711a212,0.085,,,
921,2026-09-11,SH601018,0.07418492436408997,EXP_LinearModel_Alpha158_csi300_custom_step0_s_20260911_16,18f2bb3d49db4d08ba3139e12711a212,0.085,,,
922,2026-09-11,SH601021,-0.002597687765955925,EXP_LinearModel_Alpha158_csi300_custom_step0_s_20260911_16,18f2bb3d49db4d08ba3139e12711a212,0.085,,,
923,2026-09-11,SH601058,0.013478847220540047,EXP_LinearModel_Alpha158_csi300_custom_step0_s_20260911_16,18f2bb3d49db4d08ba3139e12711a212,0.085,,,
924,2026-09-11,SH601059,-0.04859348013997078,EXP_LinearModel_Alpha158_csi300_custom_step0_s_20260911_16,18f2bb3d49db4d08ba3139e12711a212,0.085,,,
925,2026-09-11,SH601066,0.0017707934603095055,EXP_LinearModel_Alpha158_csi300_custom_step0_s_20260911_16,18f2bb3d49db4d08ba3139e12711a212,0.085,,,
926,2026-09-11,SH601077,0.05507417023181915,EXP_LinearModel_Alpha158_csi300_custom_step0_s_20260911_16,18f2bb3d49db4d08ba3139e12711a212,0.085,,,
927,2026-09-11,SH601088,-0.006923924200236797,EXP_LinearModel_Alpha158_csi300_custom_step0_s_20260911_16,18f2bb3d49db4d08ba3139e12711a212,0.085,,,
928,2026-09-11,SH601100,-0.01466609537601471,EXP_LinearModel_Alpha158_csi300_custom_step0_s_20260911_16,18f2bb3d49db4d08ba3139e12711a212,0.085,,,
929,2026-09-11,SH601111,-0.0038973798509687185,EXP_LinearModel_Alpha158_csi300_custom_step0_s_20260911_16,18f2bb3d49db4d08ba3139e12711a212,0.085,,,
930,2026-09-11,SH601117,-0.026000680401921272,EXP_LinearModel_Alpha158_csi300_custom_step0_s_20260911_16,18f2bb3d49db4d08ba3139e12711a212,0.085,,,
931,2026-09-11,SH601328,0.022310294210910797,EXP_LinearModel_Alpha158_csi300_custom_step0_s_20260911_16,18f2bb3d49db4d08ba3139e12711a212,0.085,,,
932,2026-09-11,SH601319,0.039434533566236496,EXP_LinearModel_Alpha158_csi300_custom_step0_s_20260911_16,18f2bb3d49db4d08ba3139e12711a212,0.085,,,
933,2026-09-11,SH601318,0.014075856655836105,EXP_LinearModel_Alpha158_csi300_custom_step0_s_20260911_16,18f2bb3d49db4d08ba3139e12711a212,0.085,,,
934,2026-09-11,SH601288,0.04484236240386963,EXP_LinearModel_Alpha158_csi300_custom_step0_s_20260911_16,18f2bb3d49db4d08ba3139e12711a212,0.085,,,
935,2026-09-11,SH601238,-0.0381472110748291,EXP_LinearModel_Alpha158_csi300_custom_step0_s_20260911_16,18f2bb3d49db4d08ba3139e12711a212,0.085,,,
936,2026-09-11,SH601229,0.07578131556510925,EXP_LinearModel_Alpha158_csi300_custom_step0_s_20260911_16,18f2bb3d49db4d08ba3139e12711a212,0.085,,,
937,2026-09-11,SH600938,0.002087332308292389,EXP_LinearModel_Alpha158_csi300_custom_step0_s_20260911_16,18f2bb3d49db4d08ba3139e12711a212,0.085,,,
938,2026-09-11,SH601225,0.004988547880202532,EXP_LinearModel_Alpha158_csi300_custom_step0_s_20260911_16,18f2bb3d49db4d08ba3139e12711a212,0.085,,,
939,2026-09-11,SH601186,0.016415024176239967,EXP_LinearModel_Alpha158_csi300_custom_step0_s_20260911_16,18f2bb3d49db4d08ba3139e12711a212,0.085,,,
940,2026-09-11,SH601169,0.06545696407556534,EXP_LinearModel_Alpha158_csi300_custom_step0_s_20260911_16,18f2bb3d49db4d08ba3139e12711a212,0.085,,,
941,2026-09-11,SH601166,-0.02835974469780922,EXP_LinearModel_Alpha158_csi300_custom_step0_s_20260911_16,18f2bb3d49db4d08ba3139e12711a212,0.085,,,
942,2026-09-11,SH601138,-0.06500545889139175,EXP_LinearModel_Alpha158_csi300_custom_step0_s_20260911_16,18f2bb3d49db4d08ba3139e12711a212,0.085,,,
943,2026-09-11,SH601136,-0.048824384808540344,EXP_LinearModel_Alpha158_csi300_custom_step0_s_20260911_16,18f2bb3d49db4d08ba3139e12711a212,0.085,,,
944,2026-09-11,SH601127,-0.041893355548381805,EXP_LinearModel_Alpha158_csi300_custom_step0_s_20260911_16,18f2bb3d49db4d08ba3139e12711a212,0.085,,,
945,2026-09-11,SH601211,-0.015982914716005325,EXP_LinearModel_Alpha158_csi300_custom_step0_s_20260911_16,18f2bb3d49db4d08ba3139e12711a212,0.085,,,
946,2026-09-11,SH600930,-0.016207871958613396,EXP_LinearModel_Alpha158_csi300_custom_step0_s_20260911_16,18f2bb3d49db4d08ba3139e12711a212,0.085,,,
947,2026-09-11,SH600926,0.032530978322029114,EXP_LinearModel_Alpha158_csi300_custom_step0_s_20260911_16,18f2bb3d49db4d08ba3139e12711a212,0.085,,,
948,2026-09-11,SH600919,0.007429816294461489,EXP_LinearModel_Alpha158_csi300_custom_step0_s_20260911_16,18f2bb3d49db4d08ba3139e12711a212,0.085,,,
949,2026-09-11,SH600585,-0.017999209463596344,EXP_LinearModel_Alpha158_csi300_custom_step0_s_20260911_16,18f2bb3d49db4d08ba3139e12711a212,0.085,,,
950,2026-09-11,SH600584,0.04759512096643448,EXP_LinearModel_Alpha158_csi300_custom_step0_s_20260911_16,18f2bb3d49db4d08ba3139e12711a212,0.085,,,
951,2026-09-11,SH600570,-0.08685145527124405,EXP_LinearModel_Alpha158_csi300_custom_step0_s_20260911_16,18f2bb3d49db4d08ba3139e12711a212,0.085,,,
952,2026-09-11,SH600549,-0.20787185430526733,EXP_LinearModel_Alpha158_csi300_custom_step0_s_20260911_16,18f2bb3d49db4d08ba3139e12711a212,0.085,,,
953,2026-09-11,SH600547,-0.01860932447016239,EXP_LinearModel_Alpha158_csi300_custom_step0_s_20260911_16,18f2bb3d49db4d08ba3139e12711a212,0.085,,,
954,2026-09-11,SH600522,-0.21459230780601501,EXP_LinearModel_Alpha158_csi300_custom_step0_s_20260911_16,18f2bb3d49db4d08ba3139e12711a212,0.085,,,
955,2026-09-11,SH600588,0.003764200024306774,EXP_LinearModel_Alpha158_csi300_custom_step0_s_20260911_16,18f2bb3d49db4d08ba3139e12711a212,0.085,,,
956,2026-09-11,SH600519,-0.041126202791929245,EXP_LinearModel_Alpha158_csi300_custom_step0_s_20260911_16,18f2bb3d49db4d08ba3139e12711a212,0.085,,,
957,2026-09-11,SH600489,-0.02671412192285061,EXP_LinearModel_Alpha158_csi300_custom_step0_s_20260911_16,18f2bb3d49db4d08ba3139e12711a212,0.085,,,
958,2026-09-11,SH600482,-0.07620803266763687,EXP_LinearModel_Alpha158_csi300_custom_step0_s_20260911_16,18f2bb3d49db4d08ba3139e12711a212,0.085,,,
959,2026-09-11,SH600460,-0.09933644533157349,EXP_LinearModel_Alpha158_csi300_custom_step0_s_20260911_16,18f2bb3d49db4d08ba3139e12711a212,0.085,,,
960,2026-09-11,SH600438,-0.021325455978512764,EXP_LinearModel_Alpha158_csi300_custom_step0_s_20260911_16,18f2bb3d49db4d08ba3139e12711a212,0.085,,,
961,2026-09-11,SH600436,0.0021927589550614357,EXP_LinearModel_Alpha158_csi300_custom_step0_s_20260911_16,18f2bb3d49db4d08ba3139e12711a212,0.085,,,
962,2026-09-11,SH600426,-0.026389677077531815,EXP_LinearModel_Alpha158_csi300_custom_step0_s_20260911_16,18f2bb3d49db4d08ba3139e12711a212,0.085,,,
963,2026-09-11,SH600515,0.023776322603225708,EXP_LinearModel_Alpha158_csi300_custom_step0_s_20260911_16,18f2bb3d49db4d08ba3139e12711a212,0.085,,,
964,2026-09-11,SZ300274,0.1298406720161438,EXP_LinearModel_Alpha158_csi300_custom_step0_s_20260911_16,27ccb000f0be475da367ac2c23195d2d,0.083,,,
965,2026-09-11,SH600600,-0.06308843195438385,EXP_LinearModel_Alpha158_csi300_custom_step0_s_20260911_16,18f2bb3d49db4d08ba3139e12711a212,0.085,,,
966,2026-09-11,SH600674,0.03090047277510166,EXP_LinearModel_Alpha158_csi300_custom_step0_s_20260911_16,18f2bb3d49db4d08ba3139e12711a212,0.085,,,
967,2026-09-11,SH600918,-0.050038114190101624,EXP_LinearModel_Alpha158_csi300_custom_step0_s_20260911_16,18f2bb3d49db4d08ba3139e12711a212,0.085,,,
968,2026-09-11,SH600905,0.04462121054530144,EXP_LinearModel_Alpha158_csi300_custom_step0_s_20260911_16,18f2bb3d49db4d08ba3139e12711a212,0.085,,,
969,2026-09-11,SH600900,0.013534564524888992,EXP_LinearModel_Alpha158_csi300_custom_step0_s_20260911_16,18f2bb3d49db4d08ba3139e12711a212,0.085,,,
970,2026-09-11,SH600893,-0.04545379430055618,EXP_LinearModel_Alpha158_csi300_custom_step0_s_20260911_16,18f2bb3d49db4d08ba3139e12711a212,0.085,,,
971,2026-09-11,SH600887,0.03860630840063095,EXP_LinearModel_Alpha158_csi300_custom_step0_s_20260911_16,18f2bb3d49db4d08ba3139e12711a212,0.085,,,
972,2026-09-11,SH600886,0.06797821074724197,EXP_LinearModel_Alpha158_csi300_custom_step0_s_20260911_16,18f2bb3d49db4d08ba3139e12711a212,0.085,,,
973,2026-09-11,SH600660,-0.027180301025509834,EXP_LinearModel_Alpha158_csi300_custom_step0_s_20260911_16,18f2bb3d49db4d08ba3139e12711a212,0.085,,,
974,2026-09-11,SH600875,-0.09579122066497803,EXP_LinearModel_Alpha158_csi300_custom_step0_s_20260911_16,18f2bb3d49db4d08ba3139e12711a212,0.085,,,
975,2026-09-11,SH600809,-0.041864506900310516,EXP_LinearModel_Alpha158_csi300_custom_step0_s_20260911_16,18f2bb3d49db4d08ba3139e12711a212,0.085,,,
976,2026-09-11,SH600803,0.021165110170841217,EXP_LinearModel_Alpha158_csi300_custom_step0_s_20260911_16,18f2bb3d49db4d08ba3139e12711a212,0.085,,,
977,2026-09-11,SH600795,-0.013079253025352955,EXP_LinearModel_Alpha158_csi300_custom_step0_s_20260911_16,18f2bb3d49db4d08ba3139e12711a212,0.085,,,
978,2026-09-11,SH600760,0.0178348608314991,EXP_LinearModel_Alpha158_csi300_custom_step0_s_20260911_16,18f2bb3d49db4d08ba3139e12711a212,0.085,,,
979,2026-09-11,SH600741,-0.026772519573569298,EXP_LinearModel_Alpha158_csi300_custom_step0_s_20260911_16,18f2bb3d49db4d08ba3139e12711a212,0.085,,,
980,2026-09-11,SH600690,-0.03267897665500641,EXP_LinearModel_Alpha158_csi300_custom_step0_s_20260911_16,18f2bb3d49db4d08ba3139e12711a212,0.085,,,
981,2026-09-11,SH600845,-0.05669006332755089,EXP_LinearModel_Alpha158_csi300_custom_step0_s_20260911_16,18f2bb3d49db4d08ba3139e12711a212,0.085,,,
982,2026-09-11,SH600900,-0.0736556127667427,EXP_LinearModel_Alpha158_csi300_custom_step0_s_20260911_16,032cde2d5ba84159ada71ce4f5a86290,0.016,,,
983,2026-09-11,SZ300251,-0.02651332877576351,EXP_LinearModel_Alpha158_csi300_custom_step0_s_20260911_16,27ccb000f0be475da367ac2c23195d2d,0.083,,,
984,2026-09-11,SZ300122,-0.016829272732138634,EXP_LinearModel_Alpha158_csi300_custom_step0_s_20260911_16,27ccb000f0be475da367ac2c23195d2d,0.083,,,
985,2026-09-11,SH605499,-0.037810374051332474,EXP_LinearModel_Alpha158_csi300_custom_step0_s_20260911_16,27ccb000f0be475da367ac2c23195d2d,0.083,,,
986,2026-09-11,SH688008,-0.0018489081412553787,EXP_LinearModel_Alpha158_csi300_custom_step0_s_20260911_16,27ccb000f0be475da367ac2c23195d2d,0.083,,,
987,2026-09-11,SH688009,0.010754466988146305,EXP_LinearModel_Alpha158_csi300_custom_step0_s_20260911_16,27ccb000f0be475da367ac2c23195d2d,0.083,,,
988,2026-09-11,SH688012,-0.03043106198310852,EXP_LinearModel_Alpha158_csi300_custom_step0_s_20260911_16,27ccb000f0be475da367ac2c23195d2d,0.083,,,
989,2026-09-11,SH688036,0.009682375937700272,EXP_LinearModel_Alpha158_csi300_custom_step0_s_20260911_16,27ccb000f0be475da367ac2c23195d2d,0.083,,,
990,2026-09-11,SH688041,0.05674724653363228,EXP_LinearModel_Alpha158_csi300_custom_step0_s_20260911_16,27ccb000f0be475da367ac2c23195d2d,0.083,,,
991,2026-09-11,SH688047,0.0005952231585979462,EXP_LinearModel_Alpha158_csi300_custom_step0_s_20260911_16,27ccb000f0be475da367ac2c23195d2d,0.083,,,
992,2026-09-11,SH688072,0.0008221827447414398,EXP_LinearModel_Alpha158_csi300_custom_step0_s_20260911_16,27ccb000f0be475da367ac2c23195d2d,0.083,,,
993,2026-09-11,SH688082,-0.01047508418560028,EXP_LinearModel_Alpha158_csi300_custom_step0_s_20260911_16,27ccb000f0be475da367ac2c23195d2d,0.083,,,
994,2026-09-11,SH688111,-0.049575965851545334,EXP_LinearModel_Alpha158_csi300_custom_step0_s_20260911_16,27ccb000f0be475da367ac2c23195d2d,0.083,,,
995,2026-09-11,SH688126,-0.00338010024279356,EXP_LinearModel_Alpha158_csi300_custom_step0_s_20260911_16,27ccb000f0be475da367ac2c23195d2d,0.083,,,
996,2026-09-11,SH688183,-0.11274129897356033,EXP_LinearModel_Alpha158_csi300_custom_step0_s_20260911_16,27ccb000f0be475da367ac2c23195d2d,0.083,,,
997,2026-09-11,SH688223,-0.010936757549643517,EXP_LinearModel_Alpha158_csi300_custom_step0_s_20260911_16,27ccb000f0be475da367ac2c23195d2d,0.083,,,
998,2026-09-11,SH688256,-0.005678240209817886,EXP_LinearModel_Alpha158_csi300_custom_step0_s_20260911_16,27ccb000f0be475da367ac2c23195d2d,0.083,,,
999,2026-09-11,SH688271,-0.04043206572532654,EXP_LinearModel_Alpha158_csi300_custom_step0_s_20260911_16,27ccb000f0be475da367ac2c23195d2d,0.083,,,
1000,2026-09-11,SH688303,-0.017590800300240517,EXP_LinearModel_Alpha158_csi300_custom_step0_s_20260911_16,27ccb000f0be475da367ac2c23195d2d,0.083,,,
1001,2026-09-11,SH688396,0.0069893719628453255,EXP_LinearModel_Alpha158_csi300_custom_step0_s_20260911_16,27ccb000f0be475da367ac2c23195d2d,0.083,,,
1002,2026-09-11,SZ000408,-0.010174847207963467,EXP_LinearModel_Alpha158_csi300_custom_step0_s_20260911_16,27ccb000f0be475da367ac2c23195d2d,0.083,,,
1003,2026-09-11,SZ000338,-0.043458279222249985,EXP_LinearModel_Alpha158_csi300_custom_step0_s_20260911_16,27ccb000f0be475da367ac2c23195d2d,0.083,,,
1004,2026-09-11,SZ000333,0.005008620675653219,EXP_LinearModel_Alpha158_csi300_custom_step0_s_20260911_16,27ccb000f0be475da367ac2c23195d2d,0.083,,,
1005,2026-09-11,SZ000301,-0.0254187174141407,EXP_LinearModel_Alpha158_csi300_custom_step0_s_20260911_16,27ccb000f0be475da367ac2c23195d2d,0.083,,,
1006,2026-09-11,SZ000166,0.01322611328214407,EXP_LinearModel_Alpha158_csi300_custom_step0_s_20260911_16,27ccb000f0be475da367ac2c23195d2d,0.083,,,
1007,2026-09-11,SZ000157,-0.006362297106534243,EXP_LinearModel_Alpha158_csi300_custom_step0_s_20260911_16,27ccb000f0be475da367ac2c23195d2d,0.083,,,
1008,2026-09-11,SH605117,-0.03574734926223755,EXP_LinearModel_Alpha158_csi300_custom_step0_s_20260911_16,27ccb000f0be475da367ac2c23195d2d,0.083,,,
1009,2026-09-11,SZ000100,-0.042525969445705414,EXP_LinearModel_Alpha158_csi300_custom_step0_s_20260911_16,27ccb000f0be475da367ac2c23195d2d,0.083,,,
1010,2026-09-11,SZ000002,-0.0410895012319088,EXP_LinearModel_Alpha158_csi300_custom_step0_s_20260911_16,27ccb000f0be475da367ac2c23195d2d,0.083,,,
1011,2026-09-11,SZ000001,0.02757955528795719,EXP_LinearModel_Alpha158_csi300_custom_step0_s_20260911_16,27ccb000f0be475da367ac2c23195d2d,0.083,,,
1012,2026-09-11,SH688981,-0.017681367695331573,EXP_LinearModel_Alpha158_csi300_custom_step0_s_20260911_16,27ccb000f0be475da367ac2c23195d2d,0.083,,,
1013,2026-09-11,SH688521,0.010358478873968124,EXP_LinearModel_Alpha158_csi300_custom_step0_s_20260911_16,27ccb000f0be475da367ac2c23195d2d,0.083,,,
1014,2026-09-11,SH688506,0.0807003453373909,EXP_LinearModel_Alpha158_csi300_custom_step0_s_20260911_16,27ccb000f0be475da367ac2c23195d2d,0.083,,,
1015,2026-09-11,SH688472,0.03676008805632591,EXP_LinearModel_Alpha158_csi300_custom_step0_s_20260911_16,27ccb000f0be475da367ac2c23195d2d,0.083,,,
1016,2026-09-11,SZ000063,-0.0374981164932251,EXP_LinearModel_Alpha158_csi300_custom_step0_s_20260911_16,27ccb000f0be475da367ac2c23195d2d,0.083,,,
1017,2026-09-11,SZ000425,-0.06363700330257416,EXP_LinearModel_Alpha158_csi300_custom_step0_s_20260911_16,27ccb000f0be475da367ac2c23195d2d,0.083,,,
1018,2026-09-11,SH603993,0.013143633492290974,EXP_LinearModel_Alpha158_csi300_custom_step0_s_20260911_16,27ccb000f0be475da367ac2c23195d2d,0.083,,,
1019,2026-09-11,SH603893,-0.02259964309632778,EXP_LinearModel_Alpha158_csi300_custom_step0_s_20260911_16,27ccb000f0be475da367ac2c23195d2d,0.083,,,
1020,2026-09-11,SH601800,0.006666672416031361,EXP_LinearModel_Alpha158_csi300_custom_step0_s_20260911_16,27ccb000f0be475da367ac2c23195d2d,0.083,,,
1021,2026-09-11,SH601816,-0.01554924063384533,EXP_LinearModel_Alpha158_csi300_custom_step0_s_20260911_16,27ccb000f0be475da367ac2c23195d2d,0.083,,,
1022,2026-09-11,SH601818,0.04146222025156021,EXP_LinearModel_Alpha158_csi300_custom_step0_s_20260911_16,27ccb000f0be475da367ac2c23195d2d,0.083,,,
1023,2026-09-11,SH601825,0.04658026620745659,EXP_LinearModel_Alpha158_csi300_custom_step0_s_20260911_16,27ccb000f0be475da367ac2c23195d2d,0.083,,,
1024,2026-09-11,SH601838,0.02222016081213951,EXP_LinearModel_Alpha158_csi300_custom_step0_s_20260911_16,27ccb000f0be475da367ac2c23195d2d,0.083,,,
1025,2026-09-11,SH601857,-0.00683983787894249,EXP_LinearModel_Alpha158_csi300_custom_step0_s_20260911_16,27ccb000f0be475da367ac2c23195d2d,0.083,,,
1026,2026-09-11,SH601868,0.010667169466614723,EXP_LinearModel_Alpha158_csi300_custom_step0_s_20260911_16,27ccb000f0be475da367ac2c23195d2d,0.083,,,
1027,2026-09-11,SH601872,-0.08030000329017639,EXP_LinearModel_Alpha158_csi300_custom_step0_s_20260911_16,27ccb000f0be475da367ac2c23195d2d,0.083,,,
1028,2026-09-11,SH601877,0.001233717193827033,EXP_LinearModel_Alpha158_csi300_custom_step0_s_20260911_16,27ccb000f0be475da367ac2c23195d2d,0.083,,,
1029,2026-09-11,SH601878,-0.006666567176580429,EXP_LinearModel_Alpha158_csi300_custom_step0_s_20260911_16,27ccb000f0be475da367ac2c23195d2d,0.083,,,
1030,2026-09-11,SH601881,0.0003789002075791359,EXP_LinearModel_Alpha158_csi300_custom_step0_s_20260911_16,27ccb000f0be475da367ac2c23195d2d,0.083,,,
1031,2026-09-11,SH601888,-0.03655930608510971,EXP_LinearModel_Alpha158_csi300_custom_step0_s_20260911_16,27ccb000f0be475da367ac2c23195d2d,0.083,,,
1032,2026-09-11,SH601898,-0.04385965317487717,EXP_LinearModel_Alpha158_csi300_custom_step0_s_20260911_16,27ccb000f0be475da367ac2c23195d2d,0.083,,,
1033,2026-09-11,SH601899,-0.03235664963722229,EXP_LinearModel_Alpha158_csi300_custom_step0_s_20260911_16,27ccb000f0be475da367ac2c23195d2d,0.083,,,
1034,2026-09-11,SH601901,0.057424597442150116,EXP_LinearModel_Alpha158_csi300_custom_step0_s_20260911_16,27ccb000f0be475da367ac2c23195d2d,0.083,,,
1035,2026-09-11,SH601916,0.09659469127655029,EXP_LinearModel_Alpha158_csi300_custom_step0_s_20260911_16,27ccb000f0be475da367ac2c23195d2d,0.083,,,
1036,2026-09-11,SH601919,-0.029215142130851746,EXP_LinearModel_Alpha158_csi300_custom_step0_s_20260911_16,27ccb000f0be475da367ac2c23195d2d,0.083,,,
1037,2026-09-11,SH603799,-0.07408586144447327,EXP_LinearModel_Alpha158_csi300_custom_step0_s_20260911_16,27ccb000f0be475da367ac2c23195d2d,0.083,,,
1038,2026-09-11,SH603501,0.03154171258211136,EXP_LinearModel_Alpha158_csi300_custom_step0_s_20260911_16,27ccb000f0be475da367ac2c23195d2d,0.083,,,
1039,2026-09-11,SH603392,-0.03008834831416607,EXP_LinearModel_Alpha158_csi300_custom_step0_s_20260911_16,27ccb000f0be475da367ac2c23195d2d,0.083,,,
1040,2026-09-11,SH603369,-0.0353446789085865,EXP_LinearModel_Alpha158_csi300_custom_step0_s_20260911_16,27ccb000f0be475da367ac2c23195d2d,0.083,,,
1041,2026-09-11,SH603296,-0.04108969867229462,EXP_LinearModel_Alpha158_csi300_custom_step0_s_20260911_16,27ccb000f0be475da367ac2c23195d2d,0.083,,,
1042,2026-09-11,SH603288,0.024359559640288353,EXP_LinearModel_Alpha158_csi300_custom_step0_s_20260911_16,27ccb000f0be475da367ac2c23195d2d,0.083,,,
1043,2026-09-11,SH603986,-0.009026086889207363,EXP_LinearModel_Alpha158_csi300_custom_step0_s_20260911_16,27ccb000f0be475da367ac2c23195d2d,0.083,,,
1044,2026-09-11,SH603260,-0.0029207784682512283,EXP_LinearModel_Alpha158_csi300_custom_step0_s_20260911_16,27ccb000f0be475da367ac2c23195d2d,0.083,,,
1045,2026-09-11,SH603019,0.019913049414753914,EXP_LinearModel_Alpha158_csi300_custom_step0_s_20260911_16,27ccb000f0be475da367ac2c23195d2d,0.083,,,
1046,2026-09-11,SH601998,0.029785627499222755,EXP_LinearModel_Alpha158_csi300_custom_step0_s_20260911_16,27ccb000f0be475da367ac2c23195d2d,0.083,,,
1047,2026-09-11,SH601995,-0.02212771400809288,EXP_LinearModel_Alpha158_csi300_custom_step0_s_20260911_16,27ccb000f0be475da367ac2c23195d2d,0.083,,,
1048,2026-09-11,SH601988,0.0211127158254385,EXP_LinearModel_Alpha158_csi300_custom_step0_s_20260911_16,27ccb000f0be475da367ac2c23195d2d,0.083,,,
1049,2026-09-11,SH601985,0.022403523325920105,EXP_LinearModel_Alpha158_csi300_custom_step0_s_20260911_16,27ccb000f0be475da367ac2c23195d2d,0.083,,,
1050,2026-09-11,SH601939,0.04535085707902908,EXP_LinearModel_Alpha158_csi300_custom_step0_s_20260911_16,27ccb000f0be475da367ac2c23195d2d,0.083,,,
1051,2026-09-11,SH603259,-0.06781452149152756,EXP_LinearModel_Alpha158_csi300_custom_step0_s_20260911_16,27ccb000f0be475da367ac2c23195d2d,0.083,,,
1052,2026-09-11,SZ000538,0.031520403921604156,EXP_LinearModel_Alpha158_csi300_custom_step0_s_20260911_16,27ccb000f0be475da367ac2c23195d2d,0.083,,,
1053,2026-09-11,SZ000568,-0.019440991804003716,EXP_LinearModel_Alpha158_csi300_custom_step0_s_20260911_16,27ccb000f0be475da367ac2c23195d2d,0.083,,,
1054,2026-09-11,SZ000596,0.0011647893115878105,EXP_LinearModel_Alpha158_csi300_custom_step0_s_20260911_16,27ccb000f0be475da367ac2c23195d2d,0.083,,,
1055,2026-09-11,SZ002311,0.0014498420059680939,EXP_LinearModel_Alpha158_csi300_custom_step0_s_20260911_16,27ccb000f0be475da367ac2c23195d2d,0.083,,,
1056,2026-09-11,SZ002352,0.0008203820325434208,EXP_LinearModel_Alpha158_csi300_custom_step0_s_20260911_16,27ccb000f0be475da367ac2c23195d2d,0.083,,,
1057,2026-09-11,SZ002353,0.06218710169196129,EXP_LinearModel_Alpha158_csi300_custom_step0_s_20260911_16,27ccb000f0be475da367ac2c23195d2d,0.083,,,
1058,2026-09-11,SZ002371,0.011877978220582008,EXP_LinearModel_Alpha158_csi300_custom_step0_s_20260911_16,27ccb000f0be475da367ac2c23195d2d,0.083,,,
1059,2026-09-11,SZ002384,-0.07492061704397202,EXP_LinearModel_Alpha158_csi300_custom_step0_s_20260911_16,27ccb000f0be475da367ac2c23195d2d,0.083,,,
1060,2026-09-11,SZ002415,0.00509238988161087,EXP_LinearModel_Alpha158_csi300_custom_step0_s_20260911_16,27ccb000f0be475da367ac2c23195d2d,0.083,,,
1061,2026-09-11,SZ002422,0.03826901689171791,EXP_LinearModel_Alpha158_csi300_custom_step0_s_20260911_16,27ccb000f0be475da367ac2c23195d2d,0.083,,,
1062,2026-09-11,SZ002460,-0.09251371026039124,EXP_LinearModel_Alpha158_csi300_custom_step0_s_20260911_16,27ccb000f0be475da367ac2c23195d2d,0.083,,,
1063,2026-09-11,SZ002463,-0.10159080475568771,EXP_LinearModel_Alpha158_csi300_custom_step0_s_20260911_16,27ccb000f0be475da367ac2c23195d2d,0.083,,,
1064,2026-09-11,SZ002466,-0.09063071757555008,EXP_LinearModel_Alpha158_csi300_custom_step0_s_20260911_16,27ccb000f0be475da367ac2c23195d2d,0.083,,,
1065,2026-09-11,SZ002475,-0.021837815642356873,EXP_LinearModel_Alpha158_csi300_custom_step0_s_20260911_16,27ccb000f0be475da367ac2c23195d2d,0.083,,,
1066,2026-09-11,SZ002493,-0.06037171185016632,EXP_LinearModel_Alpha158_csi300_custom_step0_s_20260911_16,27ccb000f0be475da367ac2c23195d2d,0.083,,,
1067,2026-09-11,SZ002532,-0.0867108479142189,EXP_LinearModel_Alpha158_csi300_custom_step0_s_20260911_16,27ccb000f0be475da367ac2c23195d2d,0.083,,,
1068,2026-09-11,SZ002558,0.01002977043390274,EXP_LinearModel_Alpha158_csi300_custom_step0_s_20260911_16,27ccb000f0be475da367ac2c23195d2d,0.083,,,
1069,2026-09-11,SZ002594,-0.028745437040925026,EXP_LinearModel_Alpha158_csi300_custom_step0_s_20260911_16,27ccb000f0be475da367ac2c23195d2d,0.083,,,
1070,2026-09-11,SZ002600,-0.017413035035133362,EXP_LinearModel_Alpha158_csi300_custom_step0_s_20260911_16,27ccb000f0be475da367ac2c23195d2d,0.083,,,
1071,2026-09-11,SZ002602,0.02783738449215889,EXP_LinearModel_Alpha158_csi300_custom_step0_s_20260911_16,27ccb000f0be475da367ac2c23195d2d,0.083,,,
1072,2026-09-11,SZ300059,-0.023723965510725975,EXP_LinearModel_Alpha158_csi300_custom_step0_s_20260911_16,27ccb000f0be475da367ac2c23195d2d,0.083,,,
1073,2026-09-11,SZ300033,-0.029692085459828377,EXP_LinearModel_Alpha158_csi300_custom_step0_s_20260911_16,27ccb000f0be475da367ac2c23195d2d,0.083,,,
1074,2026-09-11,SZ300015,-0.01904652826488018,EXP_LinearModel_Alpha158_csi300_custom_step0_s_20260911_16,27ccb000f0be475da367ac2c23195d2d,0.083,,,
1075,2026-09-11,SZ300014,-0.054149605333805084,EXP_LinearModel_Alpha158_csi300_custom_step0_s_20260911_16,27ccb000f0be475da367ac2c23195d2d,0.083,,,
1076,2026-09-11,SZ003816,0.044116195291280746,EXP_LinearModel_Alpha158_csi300_custom_step0_s_20260911_16,27ccb000f0be475da367ac2c23195d2d,0.083,,,
1077,2026-09-11,SZ002938,-0.09753654897212982,EXP_LinearModel_Alpha158_csi300_custom_step0_s_20260911_16,27ccb000f0be475da367ac2c23195d2d,0.083,,,
1078,2026-09-11,SZ002304,-0.040645912289619446,EXP_LinearModel_Alpha158_csi300_custom_step0_s_20260911_16,27ccb000f0be475da367ac2c23195d2d,0.083,,,
1079,2026-09-11,SZ002920,-0.018173569813370705,EXP_LinearModel_Alpha158_csi300_custom_step0_s_20260911_16,27ccb000f0be475da367ac2c23195d2d,0.083,,,
1080,2026-09-11,SZ002837,-0.06092541664838791,EXP_LinearModel_Alpha158_csi300_custom_step0_s_20260911_16,27ccb000f0be475da367ac2c23195d2d,0.083,,,
1081,2026-09-11,SZ002736,-0.013207236304879189,EXP_LinearModel_Alpha158_csi300_custom_step0_s_20260911_16,27ccb000f0be475da367ac2c23195d2d,0.083,,,
1082,2026-09-11,SZ002714,0.010289177298545837,EXP_LinearModel_Alpha158_csi300_custom_step0_s_20260911_16,27ccb000f0be475da367ac2c23195d2d,0.083,,,
1083,2026-09-11,SZ002709,-0.023328322917222977,EXP_LinearModel_Alpha158_csi300_custom_step0_s_20260911_16,27ccb000f0be475da367ac2c23195d2d,0.083,,,
1084,2026-09-11,SZ002648,-0.020537210628390312,EXP_LinearModel_Alpha158_csi300_custom_step0_s_20260911_16,27ccb000f0be475da367ac2c23195d2d,0.083,,,
1085,2026-09-11,SZ002625,-0.04625267907977104,EXP_LinearModel_Alpha158_csi300_custom_step0_s_20260911_16,27ccb000f0be475da367ac2c23195d2d,0.083,,,
1086,2026-09-11,SZ002916,-0.12750133872032166,EXP_LinearModel_Alpha158_csi300_custom_step0_s_20260911_16,27ccb000f0be475da367ac2c23195d2d,0.083,,,
1087,2026-09-11,SZ002241,-0.06475473195314407,EXP_LinearModel_Alpha158_csi300_custom_step0_s_20260911_16,27ccb000f0be475da367ac2c23195d2d,0.083,,,
1088,2026-09-11,SZ002236,-0.045868873596191406,EXP_LinearModel_Alpha158_csi300_custom_step0_s_20260911_16,27ccb000f0be475da367ac2c23195d2d,0.083,,,
1089,2026-09-11,SZ002230,-0.06282592564821243,EXP_LinearModel_Alpha158_csi300_custom_step0_s_20260911_16,27ccb000f0be475da367ac2c23195d2d,0.083,,,
1090,2026-09-11,SZ000938,-0.01990681141614914,EXP_LinearModel_Alpha158_csi300_custom_step0_s_20260911_16,27ccb000f0be475da367ac2c23195d2d,0.083,,,
1091,2026-09-11,SZ000895,0.018172072246670723,EXP_LinearModel_Alpha158_csi300_custom_step0_s_20260911_16,27ccb000f0be475da367ac2c23195d2d,0.083,,,
1092,2026-09-11,SZ000858,-0.05395885929465294,EXP_LinearModel_Alpha158_csi300_custom_step0_s_20260911_16,27ccb000f0be475da367ac2c23195d2d,0.083,,,
1093,2026-09-11,SZ000807,-0.07891764491796494,EXP_LinearModel_Alpha158_csi300_custom_step0_s_20260911_16,27ccb000f0be475da367ac2c23195d2d,0.083,,,
1094,2026-09-11,SZ000792,-0.057730820029973984,EXP_LinearModel_Alpha158_csi300_custom_step0_s_20260911_16,27ccb000f0be475da367ac2c23195d2d,0.083,,,
1095,2026-09-11,SZ000776,0.004475787281990051,EXP_LinearModel_Alpha158_csi300_custom_step0_s_20260911_16,27ccb000f0be475da367ac2c23195d2d,0.083,,,
1096,2026-09-11,SZ000963,-0.018270105123519897,EXP_LinearModel_Alpha158_csi300_custom_step0_s_20260911_16,27ccb000f0be475da367ac2c23195d2d,0.083,,,
1097,2026-09-11,SZ000768,0.00998583622276783,EXP_LinearModel_Alpha158_csi300_custom_step0_s_20260911_16,27ccb000f0be475da367ac2c23195d2d,0.083,,,
1098,2026-09-11,SZ000708,0.020970052108168602,EXP_LinearModel_Alpha158_csi300_custom_step0_s_20260911_16,27ccb000f0be475da367ac2c23195d2d,0.083,,,
1099,2026-09-11,SZ000657,-0.09014394134283066,EXP_LinearModel_Alpha158_csi300_custom_step0_s_20260911_16,27ccb000f0be475da367ac2c23195d2d,0.083,,,
1100,2026-09-11,SZ000651,0.04253705218434334,EXP_LinearModel_Alpha158_csi300_custom_step0_s_20260911_16,27ccb000f0be475da367ac2c23195d2d,0.083,,,
1101,2026-09-11,SZ000630,-0.05333540961146355,EXP_LinearModel_Alpha158_csi300_custom_step0_s_20260911_16,27ccb000f0be475da367ac2c23195d2d,0.083,,,
1102,2026-09-11,SZ000625,-0.009793589822947979,EXP_LinearModel_Alpha158_csi300_custom_step0_s_20260911_16,27ccb000f0be475da367ac2c23195d2d,0.083,,,
1103,2026-09-11,SZ000617,-0.002110834000632167,EXP_LinearModel_Alpha158_csi300_custom_step0_s_20260911_16,27ccb000f0be475da367ac2c23195d2d,0.083,,,
1104,2026-09-11,SZ000725,-0.03913801535964012,EXP_LinearModel_Alpha158_csi300_custom_step0_s_20260911_16,27ccb000f0be475da367ac2c23195d2d,0.083,,,
1105,2026-09-11,SZ300124,-0.017229560762643814,EXP_LinearModel_Alpha158_csi300_custom_step0_s_20260911_16,27ccb000f0be475da367ac2c23195d2d,0.083,,,
1106,2026-09-11,SZ000975,-0.09964542835950851,EXP_LinearModel_Alpha158_csi300_custom_step0_s_20260911_16,27ccb000f0be475da367ac2c23195d2d,0.083,,,
1107,2026-09-11,SZ000988,-0.08911135792732239,EXP_LinearModel_Alpha158_csi300_custom_step0_s_20260911_16,27ccb000f0be475da367ac2c23195d2d,0.083,,,
1108,2026-09-11,SZ002202,0.003444353584200144,EXP_LinearModel_Alpha158_csi300_custom_step0_s_20260911_16,27ccb000f0be475da367ac2c23195d2d,0.083,,,
1109,2026-09-11,SZ002179,0.02983276918530464,EXP_LinearModel_Alpha158_csi300_custom_step0_s_20260911_16,27ccb000f0be475da367ac2c23195d2d,0.083,,,
1110,2026-09-11,SZ002142,0.026364251971244812,EXP_LinearModel_Alpha158_csi300_custom_step0_s_20260911_16,27ccb000f0be475da367ac2c23195d2d,0.083,,,
1111,2026-09-11,SZ002074,-0.07281111925840378,EXP_LinearModel_Alpha158_csi300_custom_step0_s_20260911_16,27ccb000f0be475da367ac2c23195d2d,0.083,,,
1112,2026-09-11,SZ002050,-0.0036459993571043015,EXP_LinearModel_Alpha158_csi300_custom_step0_s_20260911_16,27ccb000f0be475da367ac2c23195d2d,0.083,,,
1113,2026-09-11,SZ002049,-0.0031857453286647797,EXP_LinearModel_Alpha158_csi300_custom_step0_s_20260911_16,27ccb000f0be475da367ac2c23195d2d,0.083,,,
1114,2026-09-11,SZ000977,0.0022362670861184597,EXP_LinearModel_Alpha158_csi300_custom_step0_s_20260911_16,27ccb000f0be475da367ac2c23195d2d,0.083,,,
1115,2026-09-11,SZ002028,0.023846140131354332,EXP_LinearModel_Alpha158_csi300_custom_step0_s_20260911_16,27ccb000f0be475da367ac2c23195d2d,0.083,,,
1116,2026-09-11,SZ002001,0.017898600548505783,EXP_LinearModel_Alpha158_csi300_custom_step0_s_20260911_16,27ccb000f0be475da367ac2c23195d2d,0.083,,,
1117,2026-09-11,SZ001979,0.0053416225127875805,EXP_LinearModel_Alpha158_csi300_custom_step0_s_20260911_16,27ccb000f0be475da367ac2c23195d2d,0.083,,,
1118,2026-09-11,SZ001965,0.055852148681879044,EXP_LinearModel_Alpha158_csi300_custom_step0_s_20260911_16,27ccb000f0be475da367ac2c23195d2d,0.083,,,
1119,2026-09-11,SZ001391,0.01311952993273735,EXP_LinearModel_Alpha158_csi300_custom_step0_s_20260911_16,27ccb000f0be475da367ac2c23195d2d,0.083,,,
1120,2026-09-11,SZ001280,-0.05753759294748306,EXP_LinearModel_Alpha158_csi300_custom_step0_s_20260911_16,27ccb000f0be475da367ac2c23195d2d,0.083,,,
1121,2026-09-11,SZ000999,0.01718178763985634,EXP_LinearModel_Alpha158_csi300_custom_step0_s_20260911_16,27ccb000f0be475da367ac2c23195d2d,0.083,,,
1122,2026-09-11,SZ002027,0.013240903615951538,EXP_LinearModel_Alpha158_csi300_custom_step0_s_20260911_16,27ccb000f0be475da367ac2c23195d2d,0.083,,,
1123,2026-09-11,SH601985,0.05605267102664656,EXP_DEnsembleModel_Alpha158_csi300_custom_step0_s_20260911_16,450ed30494444ad98855dac200611002,0.042,,,
1124,2026-09-11,SH600905,-0.09518654644489288,EXP_LinearModel_Alpha158_csi300_custom_step0_s_20260911_16,032cde2d5ba84159ada71ce4f5a86290,0.016,,,
1125,2026-09-11,SH600919,0.03146463632583618,EXP_LinearModel_Alpha158_csi300_custom_step0_s_20260911_16,032cde2d5ba84159ada71ce4f5a86290,0.016,,,
1126,2026-09-11,SZ000938,-0.030616197735071182,EXP_XGBModel_Alpha158_csi300_custom_step0_s_20260911_16,a30dad086f084ac7b3dcf08497cc173e,0.093,,,
1127,2026-09-11,SZ000963,-0.012249539606273174,EXP_XGBModel_Alpha158_csi300_custom_step0_s_20260911_16,a30dad086f084ac7b3dcf08497cc173e,0.093,,,
1128,2026-09-11,SZ000975,-0.011312765069305897,EXP_XGBModel_Alpha158_csi300_custom_step0_s_20260911_16,a30dad086f084ac7b3dcf08497cc173e,0.093,,,
1129,2026-09-11,SZ000977,-0.06879772245883942,EXP_XGBModel_Alpha158_csi300_custom_step0_s_20260911_16,a30dad086f084ac7b3dcf08497cc173e,0.093,,,
1130,2026-09-11,SZ000988,-0.043324705213308334,EXP_XGBModel_Alpha158_csi300_custom_step0_s_20260911_16,a30dad086f084ac7b3dcf08497cc173e,0.093,,,
1131,2026-09-11,SZ000999,0.024057060480117798,EXP_XGBModel_Alpha158_csi300_custom_step0_s_20260911_16,a30dad086f084ac7b3dcf08497cc173e,0.093,,,
1132,2026-09-11,SZ001280,-0.0693339854478836,EXP_XGBModel_Alpha158_csi300_custom_step0_s_20260911_16,a30dad086f084ac7b3dcf08497cc173e,0.093,,,
1133,2026-09-11,SZ001391,0.007314794696867466,EXP_XGBModel_Alpha158_csi300_custom_step0_s_20260911_16,a30dad086f084ac7b3dcf08497cc173e,0.093,,,
1134,2026-09-11,SZ001965,0.037990752607584,EXP_XGBModel_Alpha158_csi300_custom_step0_s_20260911_16,a30dad086f084ac7b3dcf08497cc173e,0.093,,,
1135,2026-09-11,SZ001979,-0.018955526873469353,EXP_XGBModel_Alpha158_csi300_custom_step0_s_20260911_16,a30dad086f084ac7b3dcf08497cc173e,0.093,,,
1136,2026-09-11,SZ002001,-0.0006326595321297646,EXP_XGBModel_Alpha158_csi300_custom_step0_s_20260911_16,a30dad086f084ac7b3dcf08497cc173e,0.093,,,
1137,2026-09-11,SZ002027,0.026755576953291893,EXP_XGBModel_Alpha158_csi300_custom_step0_s_20260911_16,a30dad086f084ac7b3dcf08497cc173e,0.093,,,
1138,2026-09-11,SZ002028,0.08141319453716278,EXP_XGBModel_Alpha158_csi300_custom_step0_s_20260911_16,a30dad086f084ac7b3dcf08497cc173e,0.093,,,
1139,2026-09-11,SZ002049,-0.0136799905449152,EXP_XGBModel_Alpha158_csi300_custom_step0_s_20260911_16,a30dad086f084ac7b3dcf08497cc173e,0.093,,,
1140,2026-09-11,SZ002050,0.0014818307245150208,EXP_XGBModel_Alpha158_csi300_custom_step0_s_20260911_16,a30dad086f084ac7b3dcf08497cc173e,0.093,,,
1141,2026-09-11,SZ002074,-0.04949204996228218,EXP_XGBModel_Alpha158_csi300_custom_step0_s_20260911_16,a30dad086f084ac7b3dcf08497cc173e,0.093,,,
1142,2026-09-11,SZ002142,0.05294530466198921,EXP_XGBModel_Alpha158_csi300_custom_step0_s_20260911_16,a30dad086f084ac7b3dcf08497cc173e,0.093,,,
1143,2026-09-11,SZ002460,-0.03169358894228935,EXP_XGBModel_Alpha158_csi300_custom_step0_s_20260911_16,a30dad086f084ac7b3dcf08497cc173e,0.093,,,
1144,2026-09-11,SZ002422,-0.005076062399893999,EXP_XGBModel_Alpha158_csi300_custom_step0_s_20260911_16,a30dad086f084ac7b3dcf08497cc173e,0.093,,,
1145,2026-09-11,SZ002415,0.003923891112208366,EXP_XGBModel_Alpha158_csi300_custom_step0_s_20260911_16,a30dad086f084ac7b3dcf08497cc173e,0.093,,,
1146,2026-09-11,SZ002384,0.0434274859726429,EXP_XGBModel_Alpha158_csi300_custom_step0_s_20260911_16,a30dad086f084ac7b3dcf08497cc173e,0.093,,,
1147,2026-09-11,SZ002371,-0.01961619034409523,EXP_XGBModel_Alpha158_csi300_custom_step0_s_20260911_16,a30dad086f084ac7b3dcf08497cc173e,0.093,,,
1148,2026-09-11,SZ002353,0.0408196859061718,EXP_XGBModel_Alpha158_csi300_custom_step0_s_20260911_16,a30dad086f084ac7b3dcf08497cc173e,0.093,,,
1149,2026-09-11,SZ000895,0.06226605549454689,EXP_XGBModel_Alpha158_csi300_custom_step0_s_20260911_16,a30dad086f084ac7b3dcf08497cc173e,0.093,,,
1150,2026-09-11,SZ002352,0.033169250935316086,EXP_XGBModel_Alpha158_csi300_custom_step0_s_20260911_16,a30dad086f084ac7b3dcf08497cc173e,0.093,,,
1151,2026-09-11,SZ002304,0.007362021133303642,EXP_XGBModel_Alpha158_csi300_custom_step0_s_20260911_16,a30dad086f084ac7b3dcf08497cc173e,0.093,,,
1152,2026-09-11,SZ002241,-0.04493899270892143,EXP_XGBModel_Alpha158_csi300_custom_step0_s_20260911_16,a30dad086f084ac7b3dcf08497cc173e,0.093,,,
1153,2026-09-11,SZ002236,0.025866659358143806,EXP_XGBModel_Alpha158_csi300_custom_step0_s_20260911_16,a30dad086f084ac7b3dcf08497cc173e,0.093,,,
1154,2026-09-11,SZ002230,-0.0354677252471447,EXP_XGBModel_Alpha158_csi300_custom_step0_s_20260911_16,a30dad086f084ac7b3dcf08497cc173e,0.093,,,
1155,2026-09-11,SZ002202,0.0051606702618300915,EXP_XGBModel_Alpha158_csi300_custom_step0_s_20260911_16,a30dad086f084ac7b3dcf08497cc173e,0.093,,,
1156,2026-09-11,SZ002179,-0.03452180325984955,EXP_XGBModel_Alpha158_csi300_custom_step0_s_20260911_16,a30dad086f084ac7b3dcf08497cc173e,0.093,,,
1157,2026-09-11,SZ002311,0.0002193005639128387,EXP_XGBModel_Alpha158_csi300_custom_step0_s_20260911_16,a30dad086f084ac7b3dcf08497cc173e,0.093,,,
1158,2026-09-11,SZ002463,-0.05040016397833824,EXP_XGBModel_Alpha158_csi300_custom_step0_s_20260911_16,a30dad086f084ac7b3dcf08497cc173e,0.093,,,
1159,2026-09-11,SZ000858,0.0029205884784460068,EXP_XGBModel_Alpha158_csi300_custom_step0_s_20260911_16,a30dad086f084ac7b3dcf08497cc173e,0.093,,,
1160,2026-09-11,SZ000792,-0.03938247635960579,EXP_XGBModel_Alpha158_csi300_custom_step0_s_20260911_16,a30dad086f084ac7b3dcf08497cc173e,0.093,,,
1161,2026-09-11,SH688256,-0.011860397644340992,EXP_XGBModel_Alpha158_csi300_custom_step0_s_20260911_16,a30dad086f084ac7b3dcf08497cc173e,0.093,,,
1162,2026-09-11,SH688271,-0.03200075030326843,EXP_XGBModel_Alpha158_csi300_custom_step0_s_20260911_16,a30dad086f084ac7b3dcf08497cc173e,0.093,,,
1163,2026-09-11,SH688303,-0.023703735321760178,EXP_XGBModel_Alpha158_csi300_custom_step0_s_20260911_16,a30dad086f084ac7b3dcf08497cc173e,0.093,,,
1164,2026-09-11,SH688396,-0.05994594842195511,EXP_XGBModel_Alpha158_csi300_custom_step0_s_20260911_16,a30dad086f084ac7b3dcf08497cc173e,0.093,,,
1165,2026-09-11,SH688472,0.045867614448070526,EXP_XGBModel_Alpha158_csi300_custom_step0_s_20260911_16,a30dad086f084ac7b3dcf08497cc173e,0.093,,,
1166,2026-09-11,SH688506,0.01670597307384014,EXP_XGBModel_Alpha158_csi300_custom_step0_s_20260911_16,a30dad086f084ac7b3dcf08497cc173e,0.093,,,
1167,2026-09-11,SH688521,0.04485097900032997,EXP_XGBModel_Alpha158_csi300_custom_step0_s_20260911_16,a30dad086f084ac7b3dcf08497cc173e,0.093,,,
1168,2026-09-11,SH688981,0.0017668433720245957,EXP_XGBModel_Alpha158_csi300_custom_step0_s_20260911_16,a30dad086f084ac7b3dcf08497cc173e,0.093,,,
1169,2026-09-11,SZ000001,0.030594108626246452,EXP_XGBModel_Alpha158_csi300_custom_step0_s_20260911_16,a30dad086f084ac7b3dcf08497cc173e,0.093,,,
1170,2026-09-11,SZ000002,-0.03077361360192299,EXP_XGBModel_Alpha158_csi300_custom_step0_s_20260911_16,a30dad086f084ac7b3dcf08497cc173e,0.093,,,
1171,2026-09-11,SZ000063,-0.040830258280038834,EXP_XGBModel_Alpha158_csi300_custom_step0_s_20260911_16,a30dad086f084ac7b3dcf08497cc173e,0.093,,,
1172,2026-09-11,SZ000100,-0.016116837039589882,EXP_XGBModel_Alpha158_csi300_custom_step0_s_20260911_16,a30dad086f084ac7b3dcf08497cc173e,0.093,,,
1173,2026-09-11,SZ000157,0.01768563687801361,EXP_XGBModel_Alpha158_csi300_custom_step0_s_20260911_16,a30dad086f084ac7b3dcf08497cc173e,0.093,,,
1174,2026-09-11,SZ000166,0.017601000145077705,EXP_XGBModel_Alpha158_csi300_custom_step0_s_20260911_16,a30dad086f084ac7b3dcf08497cc173e,0.093,,,
1175,2026-09-11,SZ000301,0.019773779436945915,EXP_XGBModel_Alpha158_csi300_custom_step0_s_20260911_16,a30dad086f084ac7b3dcf08497cc173e,0.093,,,
1176,2026-09-11,SZ000333,0.043299026787281036,EXP_XGBModel_Alpha158_csi300_custom_step0_s_20260911_16,a30dad086f084ac7b3dcf08497cc173e,0.093,,,
1177,2026-09-11,SZ000338,-0.019514480605721474,EXP_XGBModel_Alpha158_csi300_custom_step0_s_20260911_16,a30dad086f084ac7b3dcf08497cc173e,0.093,,,
1178,2026-09-11,SZ000776,-0.0394485704600811,EXP_XGBModel_Alpha158_csi300_custom_step0_s_20260911_16,a30dad086f084ac7b3dcf08497cc173e,0.093,,,
1179,2026-09-11,SZ000768,0.0012102648615837097,EXP_XGBModel_Alpha158_csi300_custom_step0_s_20260911_16,a30dad086f084ac7b3dcf08497cc173e,0.093,,,
1180,2026-09-11,SZ000725,-0.02871006354689598,EXP_XGBModel_Alpha158_csi300_custom_step0_s_20260911_16,a30dad086f084ac7b3dcf08497cc173e,0.093,,,
1181,2026-09-11,SZ000708,0.03607562184333801,EXP_XGBModel_Alpha158_csi300_custom_step0_s_20260911_16,a30dad086f084ac7b3dcf08497cc173e,0.093,,,
1182,2026-09-11,SZ000657,0.005452399607747793,EXP_XGBModel_Alpha158_csi300_custom_step0_s_20260911_16,a30dad086f084ac7b3dcf08497cc173e,0.093,,,
1183,2026-09-11,SZ000651,0.03964931517839432,EXP_XGBModel_Alpha158_csi300_custom_step0_s_20260911_16,a30dad086f084ac7b3dcf08497cc173e,0.093,,,
1184,2026-09-11,SZ000807,-0.0161383468657732,EXP_XGBModel_Alpha158_csi300_custom_step0_s_20260911_16,a30dad086f084ac7b3dcf08497cc173e,0.093,,,
1185,2026-09-11,SZ000630,-0.04494919627904892,EXP_XGBModel_Alpha158_csi300_custom_step0_s_20260911_16,a30dad086f084ac7b3dcf08497cc173e,0.093,,,
1186,2026-09-11,SZ000617,-0.0358634814620018,EXP_XGBModel_Alpha158_csi300_custom_step0_s_20260911_16,a30dad086f084ac7b3dcf08497cc173e,0.093,,,
1187,2026-09-11,SZ000596,-0.017038047313690186,EXP_XGBModel_Alpha158_csi300_custom_step0_s_20260911_16,a30dad086f084ac7b3dcf08497cc173e,0.093,,,
1188,2026-09-11,SZ000568,0.006178394425660372,EXP_XGBModel_Alpha158_csi300_custom_step0_s_20260911_16,a30dad086f084ac7b3dcf08497cc173e,0.093,,,
1189,2026-09-11,SZ000538,0.03486642241477966,EXP_XGBModel_Alpha158_csi300_custom_step0_s_20260911_16,a30dad086f084ac7b3dcf08497cc173e,0.093,,,
1190,2026-09-11,SZ000425,-0.026992926374077797,EXP_XGBModel_Alpha158_csi300_custom_step0_s_20260911_16,a30dad086f084ac7b3dcf08497cc173e,0.093,,,
1191,2026-09-11,SZ000408,-0.03601105511188507,EXP_XGBModel_Alpha158_csi300_custom_step0_s_20260911_16,a30dad086f084ac7b3dcf08497cc173e,0.093,,,
1192,2026-09-11,SZ000625,0.017773237079381943,EXP_XGBModel_Alpha158_csi300_custom_step0_s_20260911_16,a30dad086f084ac7b3dcf08497cc173e,0.093,,,
1193,2026-09-11,SH688223,0.008414553478360176,EXP_XGBModel_Alpha158_csi300_custom_step0_s_20260911_16,a30dad086f084ac7b3dcf08497cc173e,0.093,,,
1194,2026-09-11,SZ002466,-0.03629464656114578,EXP_XGBModel_Alpha158_csi300_custom_step0_s_20260911_16,a30dad086f084ac7b3dcf08497cc173e,0.093,,,
1195,2026-09-11,SZ002493,-0.09315397590398788,EXP_XGBModel_Alpha158_csi300_custom_step0_s_20260911_16,a30dad086f084ac7b3dcf08497cc173e,0.093,,,
1196,2026-09-11,SZ300628,0.015886133536696434,EXP_XGBModel_Alpha158_csi300_custom_step0_s_20260911_16,a30dad086f084ac7b3dcf08497cc173e,0.093,,,
1197,2026-09-11,SZ300661,-0.04539347440004349,EXP_XGBModel_Alpha158_csi300_custom_step0_s_20260911_16,a30dad086f084ac7b3dcf08497cc173e,0.093,,,
1198,2026-09-11,SZ300750,-0.0002735801681410521,EXP_XGBModel_Alpha158_csi300_custom_step0_s_20260911_16,a30dad086f084ac7b3dcf08497cc173e,0.093,,,
1199,2026-09-11,SZ300760,0.039499495178461075,EXP_XGBModel_Alpha158_csi300_custom_step0_s_20260911_16,a30dad086f084ac7b3dcf08497cc173e,0.093,,,
1200,2026-09-11,SZ300803,-0.09548409283161163,EXP_XGBModel_Alpha158_csi300_custom_step0_s_20260911_16,a30dad086f084ac7b3dcf08497cc173e,0.093,,,
1201,2026-09-11,SZ300832,-0.006481313146650791,EXP_XGBModel_Alpha158_csi300_custom_step0_s_20260911_16,a30dad086f084ac7b3dcf08497cc173e,0.093,,,
1202,2026-09-11,SZ300866,0.026373133063316345,EXP_XGBModel_Alpha158_csi300_custom_step0_s_20260911_16,a30dad086f084ac7b3dcf08497cc173e,0.093,,,
1203,2026-09-11,SZ300896,-0.057375986129045486,EXP_XGBModel_Alpha158_csi300_custom_step0_s_20260911_16,a30dad086f084ac7b3dcf08497cc173e,0.093,,,
1204,2026-09-11,SZ300999,0.0015321709215641022,EXP_XGBModel_Alpha158_csi300_custom_step0_s_20260911_16,a30dad086f084ac7b3dcf08497cc173e,0.093,,,
1205,2026-09-11,SZ301165,0.13510553538799286,EXP_XGBModel_Alpha158_csi300_custom_step0_s_20260911_16,a30dad086f084ac7b3dcf08497cc173e,0.093,,,
1206,2026-09-11,SZ301236,-0.04461507126688957,EXP_XGBModel_Alpha158_csi300_custom_step0_s_20260911_16,a30dad086f084ac7b3dcf08497cc173e,0.093,,,
1207,2026-09-11,SZ301269,-0.01591762900352478,EXP_XGBModel_Alpha158_csi300_custom_step0_s_20260911_16,a30dad086f084ac7b3dcf08497cc173e,0.093,,,
1208,2026-09-11,SZ301308,-0.051710471510887146,EXP_XGBModel_Alpha158_csi300_custom_step0_s_20260911_16,a30dad086f084ac7b3dcf08497cc173e,0.093,,,
1209,2026-09-11,SZ302132,-0.02662941813468933,EXP_XGBModel_Alpha158_csi300_custom_step0_s_20260911_16,a30dad086f084ac7b3dcf08497cc173e,0.093,,,
1210,2026-09-11,SH600000,0.03310687467455864,EXP_XGBModel_Alpha158_csi300_custom_step0_s_20260911_16,b9b526c7d1da4197a3d3f40f3cedf248,0.032,,,
1211,2026-09-11,SH600009,0.03540126979351044,EXP_XGBModel_Alpha158_csi300_custom_step0_s_20260911_16,b9b526c7d1da4197a3d3f40f3cedf248,0.032,,,
1212,2026-09-11,SH600010,-0.00791846588253975,EXP_XGBModel_Alpha158_csi300_custom_step0_s_20260911_16,b9b526c7d1da4197a3d3f40f3cedf248,0.032,,,
1213,2026-09-11,SH600036,0.04676823690533638,EXP_XGBModel_Alpha158_csi300_custom_step0_s_20260911_16,b9b526c7d1da4197a3d3f40f3cedf248,0.032,,,
1214,2026-09-11,SH600031,0.017202205955982208,EXP_XGBModel_Alpha158_csi300_custom_step0_s_20260911_16,b9b526c7d1da4197a3d3f40f3cedf248,0.032,,,
1215,2026-09-11,SH600030,-0.007964249700307846,EXP_XGBModel_Alpha158_csi300_custom_step0_s_20260911_16,b9b526c7d1da4197a3d3f40f3cedf248,0.032,,,
1216,2026-09-11,SH600029,0.0036807204596698284,EXP_XGBModel_Alpha158_csi300_custom_step0_s_20260911_16,b9b526c7d1da4197a3d3f40f3cedf248,0.032,,,
1217,2026-09-11,SH600028,0.03428029268980026,EXP_XGBModel_Alpha158_csi300_custom_step0_s_20260911_16,b9b526c7d1da4197a3d3f40f3cedf248,0.032,,,
1218,2026-09-11,SH600027,0.004210100043565035,EXP_XGBModel_Alpha158_csi300_custom_step0_s_20260911_16,b9b526c7d1da4197a3d3f40f3cedf248,0.032,,,
1219,2026-09-11,SZ300502,-0.01875469647347927,EXP_XGBModel_Alpha158_csi300_custom_step0_s_20260911_16,a30dad086f084ac7b3dcf08497cc173e,0.093,,,
1220,2026-09-11,SH600026,-0.03123313933610916,EXP_XGBModel_Alpha158_csi300_custom_step0_s_20260911_16,b9b526c7d1da4197a3d3f40f3cedf248,0.032,,,
1221,2026-09-11,SH600023,0.04906277358531952,EXP_XGBModel_Alpha158_csi300_custom_step0_s_20260911_16,b9b526c7d1da4197a3d3f40f3cedf248,0.032,,,
1222,2026-09-11,SH600019,0.04611083120107651,EXP_XGBModel_Alpha158_csi300_custom_step0_s_20260911_16,b9b526c7d1da4197a3d3f40f3cedf248,0.032,,,
1223,2026-09-11,SH600018,0.043512143194675446,EXP_XGBModel_Alpha158_csi300_custom_step0_s_20260911_16,b9b526c7d1da4197a3d3f40f3cedf248,0.032,,,
1224,2026-09-11,SH600016,0.06575619429349899,EXP_XGBModel_Alpha158_csi300_custom_step0_s_20260911_16,b9b526c7d1da4197a3d3f40f3cedf248,0.032,,,
1225,2026-09-11,SH600015,0.01569555699825287,EXP_XGBModel_Alpha158_csi300_custom_step0_s_20260911_16,b9b526c7d1da4197a3d3f40f3cedf248,0.032,,,
1226,2026-09-11,SH600011,0.026443377137184143,EXP_XGBModel_Alpha158_csi300_custom_step0_s_20260911_16,b9b526c7d1da4197a3d3f40f3cedf248,0.032,,,
1227,2026-09-11,SH600025,0.04718467593193054,EXP_XGBModel_Alpha158_csi300_custom_step0_s_20260911_16,b9b526c7d1da4197a3d3f40f3cedf248,0.032,,,
1228,2026-09-11,SZ002475,-0.05608288571238518,EXP_XGBModel_Alpha158_csi300_custom_step0_s_20260911_16,a30dad086f084ac7b3dcf08497cc173e,0.093,,,
1229,2026-09-11,SZ300498,0.013260635547339916,EXP_XGBModel_Alpha158_csi300_custom_step0_s_20260911_16,a30dad086f084ac7b3dcf08497cc173e,0.093,,,
1230,2026-09-11,SZ300450,-0.029263587668538094,EXP_XGBModel_Alpha158_csi300_custom_step0_s_20260911_16,a30dad086f084ac7b3dcf08497cc173e,0.093,,,
1231,2026-09-11,SZ002532,-0.04103795439004898,EXP_XGBModel_Alpha158_csi300_custom_step0_s_20260911_16,a30dad086f084ac7b3dcf08497cc173e,0.093,,,
1232,2026-09-11,SZ002558,-0.06538865715265274,EXP_XGBModel_Alpha158_csi300_custom_step0_s_20260911_16,a30dad086f084ac7b3dcf08497cc173e,0.093,,,
1233,2026-09-11,SZ002594,-0.003152149962261319,EXP_XGBModel_Alpha158_csi300_custom_step0_s_20260911_16,a30dad086f084ac7b3dcf08497cc173e,0.093,,,
1234,2026-09-11,SZ002600,-0.044709011912345886,EXP_XGBModel_Alpha158_csi300_custom_step0_s_20260911_16,a30dad086f084ac7b3dcf08497cc173e,0.093,,,
1235,2026-09-11,SZ002602,0.0013890373520553112,EXP_XGBModel_Alpha158_csi300_custom_step0_s_20260911_16,a30dad086f084ac7b3dcf08497cc173e,0.093,,,
1236,2026-09-11,SZ002625,-0.0429120734333992,EXP_XGBModel_Alpha158_csi300_custom_step0_s_20260911_16,a30dad086f084ac7b3dcf08497cc173e,0.093,,,
1237,2026-09-11,SZ002648,-0.012271578423678875,EXP_XGBModel_Alpha158_csi300_custom_step0_s_20260911_16,a30dad086f084ac7b3dcf08497cc173e,0.093,,,
1238,2026-09-11,SZ002709,-0.024572473019361496,EXP_XGBModel_Alpha158_csi300_custom_step0_s_20260911_16,a30dad086f084ac7b3dcf08497cc173e,0.093,,,
1239,2026-09-11,SZ002714,0.00017266691429540515,EXP_XGBModel_Alpha158_csi300_custom_step0_s_20260911_16,a30dad086f084ac7b3dcf08497cc173e,0.093,,,
1240,2026-09-11,SZ002736,0.0010276506654918194,EXP_XGBModel_Alpha158_csi300_custom_step0_s_20260911_16,a30dad086f084ac7b3dcf08497cc173e,0.093,,,
1241,2026-09-11,SZ002837,-0.03684111312031746,EXP_XGBModel_Alpha158_csi300_custom_step0_s_20260911_16,a30dad086f084ac7b3dcf08497cc173e,0.093,,,
1242,2026-09-11,SZ002916,0.015279095619916916,EXP_XGBModel_Alpha158_csi300_custom_step0_s_20260911_16,a30dad086f084ac7b3dcf08497cc173e,0.093,,,
1243,2026-09-11,SZ002920,-0.05713658034801483,EXP_XGBModel_Alpha158_csi300_custom_step0_s_20260911_16,a30dad086f084ac7b3dcf08497cc173e,0.093,,,
1244,2026-09-11,SZ002938,-0.05999002978205681,EXP_XGBModel_Alpha158_csi300_custom_step0_s_20260911_16,a30dad086f084ac7b3dcf08497cc173e,0.093,,,
1245,2026-09-11,SZ003816,0.01593002676963806,EXP_XGBModel_Alpha158_csi300_custom_step0_s_20260911_16,a30dad086f084ac7b3dcf08497cc173e,0.093,,,
1246,2026-09-11,SZ300014,-0.01890413835644722,EXP_XGBModel_Alpha158_csi300_custom_step0_s_20260911_16,a30dad086f084ac7b3dcf08497cc173e,0.093,,,
1247,2026-09-11,SZ300015,0.010774068534374237,EXP_XGBModel_Alpha158_csi300_custom_step0_s_20260911_16,a30dad086f084ac7b3dcf08497cc173e,0.093,,,
1248,2026-09-11,SZ300442,-0.03279908001422882,EXP_XGBModel_Alpha158_csi300_custom_step0_s_20260911_16,a30dad086f084ac7b3dcf08497cc173e,0.093,,,
1249,2026-09-11,SZ300433,-0.022200580686330795,EXP_XGBModel_Alpha158_csi300_custom_step0_s_20260911_16,a30dad086f084ac7b3dcf08497cc173e,0.093,,,
1250,2026-09-11,SZ300418,-0.053338441997766495,EXP_XGBModel_Alpha158_csi300_custom_step0_s_20260911_16,a30dad086f084ac7b3dcf08497cc173e,0.093,,,
1251,2026-09-11,SZ300413,0.1862381249666214,EXP_XGBModel_Alpha158_csi300_custom_step0_s_20260911_16,a30dad086f084ac7b3dcf08497cc173e,0.093,,,
1252,2026-09-11,SZ300408,0.11171609163284302,EXP_XGBModel_Alpha158_csi300_custom_step0_s_20260911_16,a30dad086f084ac7b3dcf08497cc173e,0.093,,,
1253,2026-09-11,SZ300394,-0.16756348311901093,EXP_XGBModel_Alpha158_csi300_custom_step0_s_20260911_16,a30dad086f084ac7b3dcf08497cc173e,0.093,,,
1254,2026-09-11,SZ300476,0.048953279852867126,EXP_XGBModel_Alpha158_csi300_custom_step0_s_20260911_16,a30dad086f084ac7b3dcf08497cc173e,0.093,,,
1255,2026-09-11,SZ300316,-0.07288067042827606,EXP_XGBModel_Alpha158_csi300_custom_step0_s_20260911_16,a30dad086f084ac7b3dcf08497cc173e,0.093,,,
1256,2026-09-11,SZ300274,0.11004365980625153,EXP_XGBModel_Alpha158_csi300_custom_step0_s_20260911_16,a30dad086f084ac7b3dcf08497cc173e,0.093,,,
1257,2026-09-11,SZ300251,-0.02304394356906414,EXP_XGBModel_Alpha158_csi300_custom_step0_s_20260911_16,a30dad086f084ac7b3dcf08497cc173e,0.093,,,
1258,2026-09-11,SZ300124,-0.04631631076335907,EXP_XGBModel_Alpha158_csi300_custom_step0_s_20260911_16,a30dad086f084ac7b3dcf08497cc173e,0.093,,,
1259,2026-09-11,SZ300122,-0.003809417365118861,EXP_XGBModel_Alpha158_csi300_custom_step0_s_20260911_16,a30dad086f084ac7b3dcf08497cc173e,0.093,,,
1260,2026-09-11,SZ300059,-0.023626523092389107,EXP_XGBModel_Alpha158_csi300_custom_step0_s_20260911_16,a30dad086f084ac7b3dcf08497cc173e,0.093,,,
1261,2026-09-11,SZ300033,-0.06119760125875473,EXP_XGBModel_Alpha158_csi300_custom_step0_s_20260911_16,a30dad086f084ac7b3dcf08497cc173e,0.093,,,
1262,2026-09-11,SZ300308,-0.03252708539366722,EXP_XGBModel_Alpha158_csi300_custom_step0_s_20260911_16,a30dad086f084ac7b3dcf08497cc173e,0.093,,,
1263,2026-09-11,SH688183,-0.055399589240550995,EXP_XGBModel_Alpha158_csi300_custom_step0_s_20260911_16,a30dad086f084ac7b3dcf08497cc173e,0.093,,,
1264,2026-09-11,SH688126,-0.03827182576060295,EXP_XGBModel_Alpha158_csi300_custom_step0_s_20260911_16,a30dad086f084ac7b3dcf08497cc173e,0.093,,,
1265,2026-09-11,SH688111,-0.060594551265239716,EXP_XGBModel_Alpha158_csi300_custom_step0_s_20260911_16,a30dad086f084ac7b3dcf08497cc173e,0.093,,,
1266,2026-09-11,SH600918,0.005505731329321861,EXP_XGBModel_Alpha158_csi300_custom_step0_s_20260911_16,a30dad086f084ac7b3dcf08497cc173e,0.093,,,
1267,2026-09-11,SH600919,0.048854440450668335,EXP_XGBModel_Alpha158_csi300_custom_step0_s_20260911_16,a30dad086f084ac7b3dcf08497cc173e,0.093,,,
1268,2026-09-11,SH600926,0.06915589421987534,EXP_XGBModel_Alpha158_csi300_custom_step0_s_20260911_16,a30dad086f084ac7b3dcf08497cc173e,0.093,,,
1269,2026-09-11,SH600930,0.00038567703450098634,EXP_XGBModel_Alpha158_csi300_custom_step0_s_20260911_16,a30dad086f084ac7b3dcf08497cc173e,0.093,,,
1270,2026-09-11,SH600938,0.035867974162101746,EXP_XGBModel_Alpha158_csi300_custom_step0_s_20260911_16,a30dad086f084ac7b3dcf08497cc173e,0.093,,,
1271,2026-09-11,SH600941,0.03615161031484604,EXP_XGBModel_Alpha158_csi300_custom_step0_s_20260911_16,a30dad086f084ac7b3dcf08497cc173e,0.093,,,
1272,2026-09-11,SH600958,0.006416856311261654,EXP_XGBModel_Alpha158_csi300_custom_step0_s_20260911_16,a30dad086f084ac7b3dcf08497cc173e,0.093,,,
1273,2026-09-11,SH600989,-0.019296113401651382,EXP_XGBModel_Alpha158_csi300_custom_step0_s_20260911_16,a30dad086f084ac7b3dcf08497cc173e,0.093,,,
1274,2026-09-11,SH600999,-0.04574941098690033,EXP_XGBModel_Alpha158_csi300_custom_step0_s_20260911_16,a30dad086f084ac7b3dcf08497cc173e,0.093,,,
1275,2026-09-11,SH601006,0.04505506902933121,EXP_XGBModel_Alpha158_csi300_custom_step0_s_20260911_16,a30dad086f084ac7b3dcf08497cc173e,0.093,,,
1276,2026-09-11,SH601009,0.0472395159304142,EXP_XGBModel_Alpha158_csi300_custom_step0_s_20260911_16,a30dad086f084ac7b3dcf08497cc173e,0.093,,,
1277,2026-09-11,SH601012,-0.01964603364467621,EXP_XGBModel_Alpha158_csi300_custom_step0_s_20260911_16,a30dad086f084ac7b3dcf08497cc173e,0.093,,,
1278,2026-09-11,SH601018,0.06442026048898697,EXP_XGBModel_Alpha158_csi300_custom_step0_s_20260911_16,a30dad086f084ac7b3dcf08497cc173e,0.093,,,
1279,2026-09-11,SH601021,0.01687225140631199,EXP_XGBModel_Alpha158_csi300_custom_step0_s_20260911_16,a30dad086f084ac7b3dcf08497cc173e,0.093,,,
1280,2026-09-11,SH601058,-0.016053298488259315,EXP_XGBModel_Alpha158_csi300_custom_step0_s_20260911_16,a30dad086f084ac7b3dcf08497cc173e,0.093,,,
1281,2026-09-11,SH601059,-0.01968139037489891,EXP_XGBModel_Alpha158_csi300_custom_step0_s_20260911_16,a30dad086f084ac7b3dcf08497cc173e,0.093,,,
1282,2026-09-11,SH601066,-0.04113144800066948,EXP_XGBModel_Alpha158_csi300_custom_step0_s_20260911_16,a30dad086f084ac7b3dcf08497cc173e,0.093,,,
1283,2026-09-11,SH601229,0.06619823724031448,EXP_XGBModel_Alpha158_csi300_custom_step0_s_20260911_16,a30dad086f084ac7b3dcf08497cc173e,0.093,,,
1284,2026-09-11,SH601225,-0.008992661722004414,EXP_XGBModel_Alpha158_csi300_custom_step0_s_20260911_16,a30dad086f084ac7b3dcf08497cc173e,0.093,,,
1285,2026-09-11,SH601211,0.010708531364798546,EXP_XGBModel_Alpha158_csi300_custom_step0_s_20260911_16,a30dad086f084ac7b3dcf08497cc173e,0.093,,,
1286,2026-09-11,SH601186,0.02905960939824581,EXP_XGBModel_Alpha158_csi300_custom_step0_s_20260911_16,a30dad086f084ac7b3dcf08497cc173e,0.093,,,
1287,2026-09-11,SH601169,0.06584411859512329,EXP_XGBModel_Alpha158_csi300_custom_step0_s_20260911_16,a30dad086f084ac7b3dcf08497cc173e,0.093,,,
1288,2026-09-11,SH601166,0.04040366783738136,EXP_XGBModel_Alpha158_csi300_custom_step0_s_20260911_16,a30dad086f084ac7b3dcf08497cc173e,0.093,,,
1289,2026-09-11,SH600905,0.022677205502986908,EXP_XGBModel_Alpha158_csi300_custom_step0_s_20260911_16,a30dad086f084ac7b3dcf08497cc173e,0.093,,,
1290,2026-09-11,SH601138,-0.04014952853322029,EXP_XGBModel_Alpha158_csi300_custom_step0_s_20260911_16,a30dad086f084ac7b3dcf08497cc173e,0.093,,,
1291,2026-09-11,SH601127,-0.01321670413017273,EXP_XGBModel_Alpha158_csi300_custom_step0_s_20260911_16,a30dad086f084ac7b3dcf08497cc173e,0.093,,,
1292,2026-09-11,SH601117,0.03523017093539238,EXP_XGBModel_Alpha158_csi300_custom_step0_s_20260911_16,a30dad086f084ac7b3dcf08497cc173e,0.093,,,
1293,2026-09-11,SH601111,0.004443358164280653,EXP_XGBModel_Alpha158_csi300_custom_step0_s_20260911_16,a30dad086f084ac7b3dcf08497cc173e,0.093,,,
1294,2026-09-11,SH601100,0.005310304928570986,EXP_XGBModel_Alpha158_csi300_custom_step0_s_20260911_16,a30dad086f084ac7b3dcf08497cc173e,0.093,,,
1295,2026-09-11,SH601088,-0.006877885200083256,EXP_XGBModel_Alpha158_csi300_custom_step0_s_20260911_16,a30dad086f084ac7b3dcf08497cc173e,0.093,,,
1296,2026-09-11,SH601077,0.03701268881559372,EXP_XGBModel_Alpha158_csi300_custom_step0_s_20260911_16,a30dad086f084ac7b3dcf08497cc173e,0.093,,,
1297,2026-09-11,SH601136,-0.04518219083547592,EXP_XGBModel_Alpha158_csi300_custom_step0_s_20260911_16,a30dad086f084ac7b3dcf08497cc173e,0.093,,,
1298,2026-09-11,SH601238,0.018533213064074516,EXP_XGBModel_Alpha158_csi300_custom_step0_s_20260911_16,a30dad086f084ac7b3dcf08497cc173e,0.093,,,
1299,2026-09-11,SH600900,0.05200407654047012,EXP_XGBModel_Alpha158_csi300_custom_step0_s_20260911_16,a30dad086f084ac7b3dcf08497cc173e,0.093,,,
1300,2026-09-11,SH600887,0.0558331236243248,EXP_XGBModel_Alpha158_csi300_custom_step0_s_20260911_16,a30dad086f084ac7b3dcf08497cc173e,0.093,,,
1301,2026-09-11,SH600362,-0.08072546124458313,EXP_XGBModel_Alpha158_csi300_custom_step0_s_20260911_16,a30dad086f084ac7b3dcf08497cc173e,0.093,,,
1302,2026-09-11,SH600372,-0.006128620821982622,EXP_XGBModel_Alpha158_csi300_custom_step0_s_20260911_16,a30dad086f084ac7b3dcf08497cc173e,0.093,,,
1303,2026-09-11,SH600406,0.02947203628718853,EXP_XGBModel_Alpha158_csi300_custom_step0_s_20260911_16,a30dad086f084ac7b3dcf08497cc173e,0.093,,,
1304,2026-09-11,SH600415,-0.10085541009902954,EXP_XGBModel_Alpha158_csi300_custom_step0_s_20260911_16,a30dad086f084ac7b3dcf08497cc173e,0.093,,,
1305,2026-09-11,SH600426,-0.05634640157222748,EXP_XGBModel_Alpha158_csi300_custom_step0_s_20260911_16,a30dad086f084ac7b3dcf08497cc173e,0.093,,,
1306,2026-09-11,SH600436,-0.00038363912608474493,EXP_XGBModel_Alpha158_csi300_custom_step0_s_20260911_16,a30dad086f084ac7b3dcf08497cc173e,0.093,,,
1307,2026-09-11,SH600438,-0.04644514620304108,EXP_XGBModel_Alpha158_csi300_custom_step0_s_20260911_16,a30dad086f084ac7b3dcf08497cc173e,0.093,,,
1308,2026-09-11,SH600460,-0.06777144223451614,EXP_XGBModel_Alpha158_csi300_custom_step0_s_20260911_16,a30dad086f084ac7b3dcf08497cc173e,0.093,,,
1309,2026-09-11,SH600482,-0.027084993198513985,EXP_XGBModel_Alpha158_csi300_custom_step0_s_20260911_16,a30dad086f084ac7b3dcf08497cc173e,0.093,,,
1310,2026-09-11,SH600489,-0.007523227483034134,EXP_XGBModel_Alpha158_csi300_custom_step0_s_20260911_16,a30dad086f084ac7b3dcf08497cc173e,0.093,,,
1311,2026-09-11,SH600515,0.0005619734292849898,EXP_XGBModel_Alpha158_csi300_custom_step0_s_20260911_16,a30dad086f084ac7b3dcf08497cc173e,0.093,,,
1312,2026-09-11,SH600519,0.029327530413866043,EXP_XGBModel_Alpha158_csi300_custom_step0_s_20260911_16,a30dad086f084ac7b3dcf08497cc173e,0.093,,,
1313,2026-09-11,SH600522,0.09022077918052673,EXP_XGBModel_Alpha158_csi300_custom_step0_s_20260911_16,a30dad086f084ac7b3dcf08497cc173e,0.093,,,
1314,2026-09-11,SH600547,-0.03335760906338692,EXP_XGBModel_Alpha158_csi300_custom_step0_s_20260911_16,a30dad086f084ac7b3dcf08497cc173e,0.093,,,
1315,2026-09-11,SH600549,-0.05848006159067154,EXP_XGBModel_Alpha158_csi300_custom_step0_s_20260911_16,a30dad086f084ac7b3dcf08497cc173e,0.093,,,
1316,2026-09-11,SH600570,-0.039928700774908066,EXP_XGBModel_Alpha158_csi300_custom_step0_s_20260911_16,a30dad086f084ac7b3dcf08497cc173e,0.093,,,
1317,2026-09-11,SH600584,0.13754624128341675,EXP_XGBModel_Alpha158_csi300_custom_step0_s_20260911_16,a30dad086f084ac7b3dcf08497cc173e,0.093,,,
1318,2026-09-11,SH600886,0.07079684734344482,EXP_XGBModel_Alpha158_csi300_custom_step0_s_20260911_16,a30dad086f084ac7b3dcf08497cc173e,0.093,,,
1319,2026-09-11,SH600875,-0.061905957758426666,EXP_XGBModel_Alpha158_csi300_custom_step0_s_20260911_16,a30dad086f084ac7b3dcf08497cc173e,0.093,,,
1320,2026-09-11,SH600845,-0.03576056286692619,EXP_XGBModel_Alpha158_csi300_custom_step0_s_20260911_16,a30dad086f084ac7b3dcf08497cc173e,0.093,,,
1321,2026-09-11,SH600809,-0.012052340433001518,EXP_XGBModel_Alpha158_csi300_custom_step0_s_20260911_16,a30dad086f084ac7b3dcf08497cc173e,0.093,,,
1322,2026-09-11,SH600803,0.022084079682826996,EXP_XGBModel_Alpha158_csi300_custom_step0_s_20260911_16,a30dad086f084ac7b3dcf08497cc173e,0.093,,,
1323,2026-09-11,SH600795,0.017326679080724716,EXP_XGBModel_Alpha158_csi300_custom_step0_s_20260911_16,a30dad086f084ac7b3dcf08497cc173e,0.093,,,
1324,2026-09-11,SH600893,-0.03708595409989357,EXP_XGBModel_Alpha158_csi300_custom_step0_s_20260911_16,a30dad086f084ac7b3dcf08497cc173e,0.093,,,
1325,2026-09-11,SH600760,0.009962872602045536,EXP_XGBModel_Alpha158_csi300_custom_step0_s_20260911_16,a30dad086f084ac7b3dcf08497cc173e,0.093,,,
1326,2026-09-11,SH600690,0.02505842037498951,EXP_XGBModel_Alpha158_csi300_custom_step0_s_20260911_16,a30dad086f084ac7b3dcf08497cc173e,0.093,,,
1327,2026-09-11,SH600674,0.05801725015044212,EXP_XGBModel_Alpha158_csi300_custom_step0_s_20260911_16,a30dad086f084ac7b3dcf08497cc173e,0.093,,,
1328,2026-09-11,SH600660,-0.023978907614946365,EXP_XGBModel_Alpha158_csi300_custom_step0_s_20260911_16,a30dad086f084ac7b3dcf08497cc173e,0.093,,,
1329,2026-09-11,SH600600,0.007609620690345764,EXP_XGBModel_Alpha158_csi300_custom_step0_s_20260911_16,a30dad086f084ac7b3dcf08497cc173e,0.093,,,
1330,2026-09-11,SH600588,0.014595338143408298,EXP_XGBModel_Alpha158_csi300_custom_step0_s_20260911_16,a30dad086f084ac7b3dcf08497cc173e,0.093,,,
1331,2026-09-11,SH600585,0.03172696754336357,EXP_XGBModel_Alpha158_csi300_custom_step0_s_20260911_16,a30dad086f084ac7b3dcf08497cc173e,0.093,,,
1332,2026-09-11,SH600741,0.02690041996538639,EXP_XGBModel_Alpha158_csi300_custom_step0_s_20260911_16,a30dad086f084ac7b3dcf08497cc173e,0.093,,,
1333,2026-09-11,SH601288,0.03421255573630333,EXP_XGBModel_Alpha158_csi300_custom_step0_s_20260911_16,a30dad086f084ac7b3dcf08497cc173e,0.093,,,
1334,2026-09-11,SH601318,0.025072865188121796,EXP_XGBModel_Alpha158_csi300_custom_step0_s_20260911_16,a30dad086f084ac7b3dcf08497cc173e,0.093,,,
1335,2026-09-11,SH601319,-0.011073220521211624,EXP_XGBModel_Alpha158_csi300_custom_step0_s_20260911_16,a30dad086f084ac7b3dcf08497cc173e,0.093,,,
1336,2026-09-11,SH601899,-0.02030365914106369,EXP_XGBModel_Alpha158_csi300_custom_step0_s_20260911_16,a30dad086f084ac7b3dcf08497cc173e,0.093,,,
1337,2026-09-11,SH601901,0.013223337940871716,EXP_XGBModel_Alpha158_csi300_custom_step0_s_20260911_16,a30dad086f084ac7b3dcf08497cc173e,0.093,,,
1338,2026-09-11,SH601916,0.06106528267264366,EXP_XGBModel_Alpha158_csi300_custom_step0_s_20260911_16,a30dad086f084ac7b3dcf08497cc173e,0.093,,,
1339,2026-09-11,SH601919,-0.025709938257932663,EXP_XGBModel_Alpha158_csi300_custom_step0_s_20260911_16,a30dad086f084ac7b3dcf08497cc173e,0.093,,,
1340,2026-09-11,SH601939,0.037462618201971054,EXP_XGBModel_Alpha158_csi300_custom_step0_s_20260911_16,a30dad086f084ac7b3dcf08497cc173e,0.093,,,
1341,2026-09-11,SH601985,0.061630379408597946,EXP_XGBModel_Alpha158_csi300_custom_step0_s_20260911_16,a30dad086f084ac7b3dcf08497cc173e,0.093,,,
1342,2026-09-11,SH601988,0.015627842396497726,EXP_XGBModel_Alpha158_csi300_custom_step0_s_20260911_16,a30dad086f084ac7b3dcf08497cc173e,0.093,,,
1343,2026-09-11,SH601995,-0.013915805146098137,EXP_XGBModel_Alpha158_csi300_custom_step0_s_20260911_16,a30dad086f084ac7b3dcf08497cc173e,0.093,,,
1344,2026-09-11,SH601998,0.008793466724455357,EXP_XGBModel_Alpha158_csi300_custom_step0_s_20260911_16,a30dad086f084ac7b3dcf08497cc173e,0.093,,,
1345,2026-09-11,SH603019,-0.029373575001955032,EXP_XGBModel_Alpha158_csi300_custom_step0_s_20260911_16,a30dad086f084ac7b3dcf08497cc173e,0.093,,,
1346,2026-09-11,SH603259,0.011465099640190601,EXP_XGBModel_Alpha158_csi300_custom_step0_s_20260911_16,a30dad086f084ac7b3dcf08497cc173e,0.093,,,
1347,2026-09-11,SH603260,-0.020162759348750114,EXP_XGBModel_Alpha158_csi300_custom_step0_s_20260911_16,a30dad086f084ac7b3dcf08497cc173e,0.093,,,
1348,2026-09-11,SH603288,0.0034866556525230408,EXP_XGBModel_Alpha158_csi300_custom_step0_s_20260911_16,a30dad086f084ac7b3dcf08497cc173e,0.093,,,
1349,2026-09-11,SH603296,-0.04139752686023712,EXP_XGBModel_Alpha158_csi300_custom_step0_s_20260911_16,a30dad086f084ac7b3dcf08497cc173e,0.093,,,
1350,2026-09-11,SH603369,-0.026844101026654243,EXP_XGBModel_Alpha158_csi300_custom_step0_s_20260911_16,a30dad086f084ac7b3dcf08497cc173e,0.093,,,
1351,2026-09-11,SH603392,-0.026877056807279587,EXP_XGBModel_Alpha158_csi300_custom_step0_s_20260911_16,a30dad086f084ac7b3dcf08497cc173e,0.093,,,
1352,2026-09-11,SH603501,-0.0026357900351285934,EXP_XGBModel_Alpha158_csi300_custom_step0_s_20260911_16,a30dad086f084ac7b3dcf08497cc173e,0.093,,,
1353,2026-09-11,SH688082,-0.010871308855712414,EXP_XGBModel_Alpha158_csi300_custom_step0_s_20260911_16,a30dad086f084ac7b3dcf08497cc173e,0.093,,,
1354,2026-09-11,SH688072,-0.027299966663122177,EXP_XGBModel_Alpha158_csi300_custom_step0_s_20260911_16,a30dad086f084ac7b3dcf08497cc173e,0.093,,,
1355,2026-09-11,SH688047,-0.041417717933654785,EXP_XGBModel_Alpha158_csi300_custom_step0_s_20260911_16,a30dad086f084ac7b3dcf08497cc173e,0.093,,,
1356,2026-09-11,SH688041,0.02782115340232849,EXP_XGBModel_Alpha158_csi300_custom_step0_s_20260911_16,a30dad086f084ac7b3dcf08497cc173e,0.093,,,
1357,2026-09-11,SH688036,-0.04010282829403877,EXP_XGBModel_Alpha158_csi300_custom_step0_s_20260911_16,a30dad086f084ac7b3dcf08497cc173e,0.093,,,
1358,2026-09-11,SH688012,-0.08342079818248749,EXP_XGBModel_Alpha158_csi300_custom_step0_s_20260911_16,a30dad086f084ac7b3dcf08497cc173e,0.093,,,
1359,2026-09-11,SH601898,-0.01998993381857872,EXP_XGBModel_Alpha158_csi300_custom_step0_s_20260911_16,a30dad086f084ac7b3dcf08497cc173e,0.093,,,
1360,2026-09-11,SH688009,0.018328078091144562,EXP_XGBModel_Alpha158_csi300_custom_step0_s_20260911_16,a30dad086f084ac7b3dcf08497cc173e,0.093,,,
1361,2026-09-11,SH605499,-0.055782899260520935,EXP_XGBModel_Alpha158_csi300_custom_step0_s_20260911_16,a30dad086f084ac7b3dcf08497cc173e,0.093,,,
1362,2026-09-11,SH605117,-0.0533507876098156,EXP_XGBModel_Alpha158_csi300_custom_step0_s_20260911_16,a30dad086f084ac7b3dcf08497cc173e,0.093,,,
1363,2026-09-11,SH603993,-0.058686528354883194,EXP_XGBModel_Alpha158_csi300_custom_step0_s_20260911_16,a30dad086f084ac7b3dcf08497cc173e,0.093,,,
1364,2026-09-11,SH603986,-0.015079347416758537,EXP_XGBModel_Alpha158_csi300_custom_step0_s_20260911_16,a30dad086f084ac7b3dcf08497cc173e,0.093,,,
1365,2026-09-11,SH603893,-0.033786140382289886,EXP_XGBModel_Alpha158_csi300_custom_step0_s_20260911_16,a30dad086f084ac7b3dcf08497cc173e,0.093,,,
1366,2026-09-11,SH603799,-0.028150951489806175,EXP_XGBModel_Alpha158_csi300_custom_step0_s_20260911_16,a30dad086f084ac7b3dcf08497cc173e,0.093,,,
1367,2026-09-11,SH688008,-0.024746837094426155,EXP_XGBModel_Alpha158_csi300_custom_step0_s_20260911_16,a30dad086f084ac7b3dcf08497cc173e,0.093,,,
1368,2026-09-11,SH601888,-0.03651542589068413,EXP_XGBModel_Alpha158_csi300_custom_step0_s_20260911_16,a30dad086f084ac7b3dcf08497cc173e,0.093,,,
1369,2026-09-11,SH601881,-0.009018969722092152,EXP_XGBModel_Alpha158_csi300_custom_step0_s_20260911_16,a30dad086f084ac7b3dcf08497cc173e,0.093,,,
1370,2026-09-11,SH601878,-0.004989610053598881,EXP_XGBModel_Alpha158_csi300_custom_step0_s_20260911_16,a30dad086f084ac7b3dcf08497cc173e,0.093,,,
1371,2026-09-11,SH601658,0.038945507258176804,EXP_XGBModel_Alpha158_csi300_custom_step0_s_20260911_16,a30dad086f084ac7b3dcf08497cc173e,0.093,,,
1372,2026-09-11,SH601633,-0.0016972318990156054,EXP_XGBModel_Alpha158_csi300_custom_step0_s_20260911_16,a30dad086f084ac7b3dcf08497cc173e,0.093,,,
1373,2026-09-11,SH601628,0.005914065986871719,EXP_XGBModel_Alpha158_csi300_custom_step0_s_20260911_16,a30dad086f084ac7b3dcf08497cc173e,0.093,,,
1374,2026-09-11,SH601618,0.018893448635935783,EXP_XGBModel_Alpha158_csi300_custom_step0_s_20260911_16,a30dad086f084ac7b3dcf08497cc173e,0.093,,,
1375,2026-09-11,SH601607,0.03703605756163597,EXP_XGBModel_Alpha158_csi300_custom_step0_s_20260911_16,a30dad086f084ac7b3dcf08497cc173e,0.093,,,
1376,2026-09-11,SH601601,-0.006138034630566835,EXP_XGBModel_Alpha158_csi300_custom_step0_s_20260911_16,a30dad086f084ac7b3dcf08497cc173e,0.093,,,
1377,2026-09-11,SH601668,0.03041607327759266,EXP_XGBModel_Alpha158_csi300_custom_step0_s_20260911_16,a30dad086f084ac7b3dcf08497cc173e,0.093,,,
1378,2026-09-11,SH601600,-0.018244553357362747,EXP_XGBModel_Alpha158_csi300_custom_step0_s_20260911_16,a30dad086f084ac7b3dcf08497cc173e,0.093,,,
1379,2026-09-11,SH601398,0.03314277157187462,EXP_XGBModel_Alpha158_csi300_custom_step0_s_20260911_16,a30dad086f084ac7b3dcf08497cc173e,0.093,,,
1380,2026-09-11,SH601390,0.03485250473022461,EXP_XGBModel_Alpha158_csi300_custom_step0_s_20260911_16,a30dad086f084ac7b3dcf08497cc173e,0.093,,,
1381,2026-09-11,SH601377,0.020834898576140404,EXP_XGBModel_Alpha158_csi300_custom_step0_s_20260911_16,a30dad086f084ac7b3dcf08497cc173e,0.093,,,
1382,2026-09-11,SH601360,-0.027376696467399597,EXP_XGBModel_Alpha158_csi300_custom_step0_s_20260911_16,a30dad086f084ac7b3dcf08497cc173e,0.093,,,
1383,2026-09-11,SH601336,-0.025543488562107086,EXP_XGBModel_Alpha158_csi300_custom_step0_s_20260911_16,a30dad086f084ac7b3dcf08497cc173e,0.093,,,
1384,2026-09-11,SH601328,0.054390162229537964,EXP_XGBModel_Alpha158_csi300_custom_step0_s_20260911_16,a30dad086f084ac7b3dcf08497cc173e,0.093,,,
1385,2026-09-11,SH601456,0.012254409492015839,EXP_XGBModel_Alpha158_csi300_custom_step0_s_20260911_16,a30dad086f084ac7b3dcf08497cc173e,0.093,,,
1386,2026-09-11,SH600039,-0.011720778420567513,EXP_XGBModel_Alpha158_csi300_custom_step0_s_20260911_16,b9b526c7d1da4197a3d3f40f3cedf248,0.032,,,
1387,2026-09-11,SH601669,0.025798475369811058,EXP_XGBModel_Alpha158_csi300_custom_step0_s_20260911_16,a30dad086f084ac7b3dcf08497cc173e,0.093,,,
1388,2026-09-11,SH601689,-0.01166575774550438,EXP_XGBModel_Alpha158_csi300_custom_step0_s_20260911_16,a30dad086f084ac7b3dcf08497cc173e,0.093,,,
1389,2026-09-11,SH601877,-0.0044585284776985645,EXP_XGBModel_Alpha158_csi300_custom_step0_s_20260911_16,a30dad086f084ac7b3dcf08497cc173e,0.093,,,
1390,2026-09-11,SH601872,-0.13882775604724884,EXP_XGBModel_Alpha158_csi300_custom_step0_s_20260911_16,a30dad086f084ac7b3dcf08497cc173e,0.093,,,
1391,2026-09-11,SH601868,0.048462770879268646,EXP_XGBModel_Alpha158_csi300_custom_step0_s_20260911_16,a30dad086f084ac7b3dcf08497cc173e,0.093,,,
1392,2026-09-11,SH601857,0.04291004687547684,EXP_XGBModel_Alpha158_csi300_custom_step0_s_20260911_16,a30dad086f084ac7b3dcf08497cc173e,0.093,,,
1393,2026-09-11,SH601838,0.016985703259706497,EXP_XGBModel_Alpha158_csi300_custom_step0_s_20260911_16,a30dad086f084ac7b3dcf08497cc173e,0.093,,,
1394,2026-09-11,SH601825,0.030087372288107872,EXP_XGBModel_Alpha158_csi300_custom_step0_s_20260911_16,a30dad086f084ac7b3dcf08497cc173e,0.093,,,
1395,2026-09-11,SH601688,-0.005237103905528784,EXP_XGBModel_Alpha158_csi300_custom_step0_s_20260911_16,a30dad086f084ac7b3dcf08497cc173e,0.093,,,
1396,2026-09-11,SH601818,0.04086030274629593,EXP_XGBModel_Alpha158_csi300_custom_step0_s_20260911_16,a30dad086f084ac7b3dcf08497cc173e,0.093,,,
1397,2026-09-11,SH601800,0.03538515418767929,EXP_XGBModel_Alpha158_csi300_custom_step0_s_20260911_16,a30dad086f084ac7b3dcf08497cc173e,0.093,,,
1398,2026-09-11,SH601788,0.0055422233417630196,EXP_XGBModel_Alpha158_csi300_custom_step0_s_20260911_16,a30dad086f084ac7b3dcf08497cc173e,0.093,,,
1399,2026-09-11,SH601766,0.007075807079672813,EXP_XGBModel_Alpha158_csi300_custom_step0_s_20260911_16,a30dad086f084ac7b3dcf08497cc173e,0.093,,,
1400,2026-09-11,SH601728,0.03188233822584152,EXP_XGBModel_Alpha158_csi300_custom_step0_s_20260911_16,a30dad086f084ac7b3dcf08497cc173e,0.093,,,
1401,2026-09-11,SH601727,0.029184585437178612,EXP_XGBModel_Alpha158_csi300_custom_step0_s_20260911_16,a30dad086f084ac7b3dcf08497cc173e,0.093,,,
1402,2026-09-11,SH601698,0.0043815732933580875,EXP_XGBModel_Alpha158_csi300_custom_step0_s_20260911_16,a30dad086f084ac7b3dcf08497cc173e,0.093,,,
1403,2026-09-11,SH601816,0.02829015627503395,EXP_XGBModel_Alpha158_csi300_custom_step0_s_20260911_16,a30dad086f084ac7b3dcf08497cc173e,0.093,,,
1404,2026-09-11,SH600346,-0.10558883100748062,EXP_XGBModel_Alpha158_csi300_custom_step0_s_20260911_16,a30dad086f084ac7b3dcf08497cc173e,0.093,,,
1405,2026-09-11,SH600048,-0.01523660495877266,EXP_XGBModel_Alpha158_csi300_custom_step0_s_20260911_16,b9b526c7d1da4197a3d3f40f3cedf248,0.032,,,
1406,2026-09-11,SH600061,0.007733106147497892,EXP_XGBModel_Alpha158_csi300_custom_step0_s_20260911_16,b9b526c7d1da4197a3d3f40f3cedf248,0.032,,,
1407,2026-09-11,SZ000338,-0.01772589609026909,EXP_XGBModel_Alpha158_csi300_custom_step0_s_20260911_16,b9b526c7d1da4197a3d3f40f3cedf248,0.032,,,
1408,2026-09-11,SZ000408,-0.009565936401486397,EXP_XGBModel_Alpha158_csi300_custom_step0_s_20260911_16,b9b526c7d1da4197a3d3f40f3cedf248,0.032,,,
1409,2026-09-11,SZ000425,-0.024692676961421967,EXP_XGBModel_Alpha158_csi300_custom_step0_s_20260911_16,b9b526c7d1da4197a3d3f40f3cedf248,0.032,,,
1410,2026-09-11,SZ000538,0.04520399495959282,EXP_XGBModel_Alpha158_csi300_custom_step0_s_20260911_16,b9b526c7d1da4197a3d3f40f3cedf248,0.032,,,
1411,2026-09-11,SZ000568,-0.042274344712495804,EXP_XGBModel_Alpha158_csi300_custom_step0_s_20260911_16,b9b526c7d1da4197a3d3f40f3cedf248,0.032,,,
1412,2026-09-11,SZ000596,-0.032419417053461075,EXP_XGBModel_Alpha158_csi300_custom_step0_s_20260911_16,b9b526c7d1da4197a3d3f40f3cedf248,0.032,,,
1413,2026-09-11,SZ000617,-0.06494443863630295,EXP_XGBModel_Alpha158_csi300_custom_step0_s_20260911_16,b9b526c7d1da4197a3d3f40f3cedf248,0.032,,,
1414,2026-09-11,SZ000625,0.014033052138984203,EXP_XGBModel_Alpha158_csi300_custom_step0_s_20260911_16,b9b526c7d1da4197a3d3f40f3cedf248,0.032,,,
1415,2026-09-11,SZ000630,-0.06490081548690796,EXP_XGBModel_Alpha158_csi300_custom_step0_s_20260911_16,b9b526c7d1da4197a3d3f40f3cedf248,0.032,,,
1416,2026-09-11,SZ000651,0.03129151463508606,EXP_XGBModel_Alpha158_csi300_custom_step0_s_20260911_16,b9b526c7d1da4197a3d3f40f3cedf248,0.032,,,
1417,2026-09-11,SZ000657,-0.13664895296096802,EXP_XGBModel_Alpha158_csi300_custom_step0_s_20260911_16,b9b526c7d1da4197a3d3f40f3cedf248,0.032,,,
1418,2026-09-11,SZ000708,0.017709270119667053,EXP_XGBModel_Alpha158_csi300_custom_step0_s_20260911_16,b9b526c7d1da4197a3d3f40f3cedf248,0.032,,,
1419,2026-09-11,SZ000725,0.010984623804688454,EXP_XGBModel_Alpha158_csi300_custom_step0_s_20260911_16,b9b526c7d1da4197a3d3f40f3cedf248,0.032,,,
1420,2026-09-11,SZ000768,-0.00443962961435318,EXP_XGBModel_Alpha158_csi300_custom_step0_s_20260911_16,b9b526c7d1da4197a3d3f40f3cedf248,0.032,,,
1421,2026-09-11,SZ000776,-0.04316068813204765,EXP_XGBModel_Alpha158_csi300_custom_step0_s_20260911_16,b9b526c7d1da4197a3d3f40f3cedf248,0.032,,,
1422,2026-09-11,SZ000792,-0.041579753160476685,EXP_XGBModel_Alpha158_csi300_custom_step0_s_20260911_16,b9b526c7d1da4197a3d3f40f3cedf248,0.032,,,
1423,2026-09-11,SZ000807,-0.09009058773517609,EXP_XGBModel_Alpha158_csi300_custom_step0_s_20260911_16,b9b526c7d1da4197a3d3f40f3cedf248,0.032,,,
1424,2026-09-11,SZ002027,0.002634181408211589,EXP_XGBModel_Alpha158_csi300_custom_step0_s_20260911_16,b9b526c7d1da4197a3d3f40f3cedf248,0.032,,,
1425,2026-09-11,SZ002001,0.008349697105586529,EXP_XGBModel_Alpha158_csi300_custom_step0_s_20260911_16,b9b526c7d1da4197a3d3f40f3cedf248,0.032,,,
1426,2026-09-11,SZ001979,-0.0022651245817542076,EXP_XGBModel_Alpha158_csi300_custom_step0_s_20260911_16,b9b526c7d1da4197a3d3f40f3cedf248,0.032,,,
1427,2026-09-11,SZ001965,0.023387080058455467,EXP_XGBModel_Alpha158_csi300_custom_step0_s_20260911_16,b9b526c7d1da4197a3d3f40f3cedf248,0.032,,,
1428,2026-09-11,SZ001391,-0.02106257528066635,EXP_XGBModel_Alpha158_csi300_custom_step0_s_20260911_16,b9b526c7d1da4197a3d3f40f3cedf248,0.032,,,
1429,2026-09-11,SZ001280,-0.16439633071422577,EXP_XGBModel_Alpha158_csi300_custom_step0_s_20260911_16,b9b526c7d1da4197a3d3f40f3cedf248,0.032,,,
1430,2026-09-11,SZ000333,0.0499284453690052,EXP_XGBModel_Alpha158_csi300_custom_step0_s_20260911_16,b9b526c7d1da4197a3d3f40f3cedf248,0.032,,,
1431,2026-09-11,SZ000999,0.02541714906692505,EXP_XGBModel_Alpha158_csi300_custom_step0_s_20260911_16,b9b526c7d1da4197a3d3f40f3cedf248,0.032,,,
1432,2026-09-11,SZ000977,-0.03002215549349785,EXP_XGBModel_Alpha158_csi300_custom_step0_s_20260911_16,b9b526c7d1da4197a3d3f40f3cedf248,0.032,,,
1433,2026-09-11,SZ000975,-0.020933520048856735,EXP_XGBModel_Alpha158_csi300_custom_step0_s_20260911_16,b9b526c7d1da4197a3d3f40f3cedf248,0.032,,,
1434,2026-09-11,SZ000963,-0.04342849552631378,EXP_XGBModel_Alpha158_csi300_custom_step0_s_20260911_16,b9b526c7d1da4197a3d3f40f3cedf248,0.032,,,
1435,2026-09-11,SZ000938,0.009811677038669586,EXP_XGBModel_Alpha158_csi300_custom_step0_s_20260911_16,b9b526c7d1da4197a3d3f40f3cedf248,0.032,,,
1436,2026-09-11,SZ000895,-0.000998299801722169,EXP_XGBModel_Alpha158_csi300_custom_step0_s_20260911_16,b9b526c7d1da4197a3d3f40f3cedf248,0.032,,,
1437,2026-09-11,SZ000858,0.0036936234682798386,EXP_XGBModel_Alpha158_csi300_custom_step0_s_20260911_16,b9b526c7d1da4197a3d3f40f3cedf248,0.032,,,
1438,2026-09-11,SZ000988,-0.03916333243250847,EXP_XGBModel_Alpha158_csi300_custom_step0_s_20260911_16,b9b526c7d1da4197a3d3f40f3cedf248,0.032,,,
1439,2026-09-11,SZ002028,0.2702048122882843,EXP_XGBModel_Alpha158_csi300_custom_step0_s_20260911_16,b9b526c7d1da4197a3d3f40f3cedf248,0.032,,,
1440,2026-09-11,SZ000301,-0.043654587119817734,EXP_XGBModel_Alpha158_csi300_custom_step0_s_20260911_16,b9b526c7d1da4197a3d3f40f3cedf248,0.032,,,
1441,2026-09-11,SZ000157,-0.00877999234944582,EXP_XGBModel_Alpha158_csi300_custom_step0_s_20260911_16,b9b526c7d1da4197a3d3f40f3cedf248,0.032,,,
1442,2026-09-11,SH603501,-0.026757581159472466,EXP_XGBModel_Alpha158_csi300_custom_step0_s_20260911_16,b9b526c7d1da4197a3d3f40f3cedf248,0.032,,,
1443,2026-09-11,SH603799,-0.06186564639210701,EXP_XGBModel_Alpha158_csi300_custom_step0_s_20260911_16,b9b526c7d1da4197a3d3f40f3cedf248,0.032,,,
1444,2026-09-11,SH603893,-0.043748002499341965,EXP_XGBModel_Alpha158_csi300_custom_step0_s_20260911_16,b9b526c7d1da4197a3d3f40f3cedf248,0.032,,,
1445,2026-09-11,SH603986,-0.045382533222436905,EXP_XGBModel_Alpha158_csi300_custom_step0_s_20260911_16,b9b526c7d1da4197a3d3f40f3cedf248,0.032,,,
1446,2026-09-11,SH603993,0.005802713800221682,EXP_XGBModel_Alpha158_csi300_custom_step0_s_20260911_16,b9b526c7d1da4197a3d3f40f3cedf248,0.032,,,
1447,2026-09-11,SH605117,-0.05318322032690048,EXP_XGBModel_Alpha158_csi300_custom_step0_s_20260911_16,b9b526c7d1da4197a3d3f40f3cedf248,0.032,,,
1448,2026-09-11,SH605499,-0.04082399979233742,EXP_XGBModel_Alpha158_csi300_custom_step0_s_20260911_16,b9b526c7d1da4197a3d3f40f3cedf248,0.032,,,
1449,2026-09-11,SH688008,-0.02555910125374794,EXP_XGBModel_Alpha158_csi300_custom_step0_s_20260911_16,b9b526c7d1da4197a3d3f40f3cedf248,0.032,,,
1450,2026-09-11,SH688009,0.02520928345620632,EXP_XGBModel_Alpha158_csi300_custom_step0_s_20260911_16,b9b526c7d1da4197a3d3f40f3cedf248,0.032,,,
1451,2026-09-11,SH688012,-0.07598923146724701,EXP_XGBModel_Alpha158_csi300_custom_step0_s_20260911_16,b9b526c7d1da4197a3d3f40f3cedf248,0.032,,,
1452,2026-09-11,SH688036,-0.07177664339542389,EXP_XGBModel_Alpha158_csi300_custom_step0_s_20260911_16,b9b526c7d1da4197a3d3f40f3cedf248,0.032,,,
1453,2026-09-11,SH688041,0.042094629257917404,EXP_XGBModel_Alpha158_csi300_custom_step0_s_20260911_16,b9b526c7d1da4197a3d3f40f3cedf248,0.032,,,
1454,2026-09-11,SH688047,-0.049464140087366104,EXP_XGBModel_Alpha158_csi300_custom_step0_s_20260911_16,b9b526c7d1da4197a3d3f40f3cedf248,0.032,,,
1455,2026-09-11,SH688072,-0.018710380420088768,EXP_XGBModel_Alpha158_csi300_custom_step0_s_20260911_16,b9b526c7d1da4197a3d3f40f3cedf248,0.032,,,
1456,2026-09-11,SH688082,-0.07979090511798859,EXP_XGBModel_Alpha158_csi300_custom_step0_s_20260911_16,b9b526c7d1da4197a3d3f40f3cedf248,0.032,,,
1457,2026-09-11,SH688111,-0.04734119772911072,EXP_XGBModel_Alpha158_csi300_custom_step0_s_20260911_16,b9b526c7d1da4197a3d3f40f3cedf248,0.032,,,
1458,2026-09-11,SH688126,0.07839903235435486,EXP_XGBModel_Alpha158_csi300_custom_step0_s_20260911_16,b9b526c7d1da4197a3d3f40f3cedf248,0.032,,,
1459,2026-09-11,SZ000100,-0.01774250529706478,EXP_XGBModel_Alpha158_csi300_custom_step0_s_20260911_16,b9b526c7d1da4197a3d3f40f3cedf248,0.032,,,
1460,2026-09-11,SZ000063,-0.029415177181363106,EXP_XGBModel_Alpha158_csi300_custom_step0_s_20260911_16,b9b526c7d1da4197a3d3f40f3cedf248,0.032,,,
1461,2026-09-11,SZ000002,-0.031107310205698013,EXP_XGBModel_Alpha158_csi300_custom_step0_s_20260911_16,b9b526c7d1da4197a3d3f40f3cedf248,0.032,,,
1462,2026-09-11,SZ000001,0.03445407748222351,EXP_XGBModel_Alpha158_csi300_custom_step0_s_20260911_16,b9b526c7d1da4197a3d3f40f3cedf248,0.032,,,
1463,2026-09-11,SH688981,-0.022673416882753372,EXP_XGBModel_Alpha158_csi300_custom_step0_s_20260911_16,b9b526c7d1da4197a3d3f40f3cedf248,0.032,,,
1464,2026-09-11,SH688521,0.03115541860461235,EXP_XGBModel_Alpha158_csi300_custom_step0_s_20260911_16,b9b526c7d1da4197a3d3f40f3cedf248,0.032,,,
1465,2026-09-11,SZ000166,0.020160019397735596,EXP_XGBModel_Alpha158_csi300_custom_step0_s_20260911_16,b9b526c7d1da4197a3d3f40f3cedf248,0.032,,,
1466,2026-09-11,SH688506,0.013226421549916267,EXP_XGBModel_Alpha158_csi300_custom_step0_s_20260911_16,b9b526c7d1da4197a3d3f40f3cedf248,0.032,,,
1467,2026-09-11,SH688396,0.07524003088474274,EXP_XGBModel_Alpha158_csi300_custom_step0_s_20260911_16,b9b526c7d1da4197a3d3f40f3cedf248,0.032,,,
1468,2026-09-11,SH688303,-0.06278154999017715,EXP_XGBModel_Alpha158_csi300_custom_step0_s_20260911_16,b9b526c7d1da4197a3d3f40f3cedf248,0.032,,,
1469,2026-09-11,SH688271,-0.03209018334746361,EXP_XGBModel_Alpha158_csi300_custom_step0_s_20260911_16,b9b526c7d1da4197a3d3f40f3cedf248,0.032,,,
1470,2026-09-11,SH688256,-0.05365803465247154,EXP_XGBModel_Alpha158_csi300_custom_step0_s_20260911_16,b9b526c7d1da4197a3d3f40f3cedf248,0.032,,,
1471,2026-09-11,SH688223,-0.0037966622039675713,EXP_XGBModel_Alpha158_csi300_custom_step0_s_20260911_16,b9b526c7d1da4197a3d3f40f3cedf248,0.032,,,
1472,2026-09-11,SH688183,-0.0511058084666729,EXP_XGBModel_Alpha158_csi300_custom_step0_s_20260911_16,b9b526c7d1da4197a3d3f40f3cedf248,0.032,,,
1473,2026-09-11,SH688472,0.001420200103893876,EXP_XGBModel_Alpha158_csi300_custom_step0_s_20260911_16,b9b526c7d1da4197a3d3f40f3cedf248,0.032,,,
1474,2026-09-11,SH603392,-0.04333178699016571,EXP_XGBModel_Alpha158_csi300_custom_step0_s_20260911_16,b9b526c7d1da4197a3d3f40f3cedf248,0.032,,,
1475,2026-09-11,SZ002049,-0.04427466541528702,EXP_XGBModel_Alpha158_csi300_custom_step0_s_20260911_16,b9b526c7d1da4197a3d3f40f3cedf248,0.032,,,
1476,2026-09-11,SZ002074,-0.046338681131601334,EXP_XGBModel_Alpha158_csi300_custom_step0_s_20260911_16,b9b526c7d1da4197a3d3f40f3cedf248,0.032,,,
1477,2026-09-11,SZ300015,-0.0004746527411043644,EXP_XGBModel_Alpha158_csi300_custom_step0_s_20260911_16,b9b526c7d1da4197a3d3f40f3cedf248,0.032,,,
1478,2026-09-11,SZ300033,-0.09299861639738083,EXP_XGBModel_Alpha158_csi300_custom_step0_s_20260911_16,b9b526c7d1da4197a3d3f40f3cedf248,0.032,,,
1479,2026-09-11,SZ300059,-0.08388198167085648,EXP_XGBModel_Alpha158_csi300_custom_step0_s_20260911_16,b9b526c7d1da4197a3d3f40f3cedf248,0.032,,,
1480,2026-09-11,SZ300122,-0.052756134420633316,EXP_XGBModel_Alpha158_csi300_custom_step0_s_20260911_16,b9b526c7d1da4197a3d3f40f3cedf248,0.032,,,
1481,2026-09-11,SZ300124,-0.07690402120351791,EXP_XGBModel_Alpha158_csi300_custom_step0_s_20260911_16,b9b526c7d1da4197a3d3f40f3cedf248,0.032,,,
1482,2026-09-11,SZ300251,-0.0448482483625412,EXP_XGBModel_Alpha158_csi300_custom_step0_s_20260911_16,b9b526c7d1da4197a3d3f40f3cedf248,0.032,,,
1483,2026-09-11,SZ300274,0.01883474737405777,EXP_XGBModel_Alpha158_csi300_custom_step0_s_20260911_16,b9b526c7d1da4197a3d3f40f3cedf248,0.032,,,
1484,2026-09-11,SZ300308,-0.0019335742108523846,EXP_XGBModel_Alpha158_csi300_custom_step0_s_20260911_16,b9b526c7d1da4197a3d3f40f3cedf248,0.032,,,
1485,2026-09-11,SZ300316,-0.13454924523830414,EXP_XGBModel_Alpha158_csi300_custom_step0_s_20260911_16,b9b526c7d1da4197a3d3f40f3cedf248,0.032,,,
1486,2026-09-11,SZ300394,0.15998713672161102,EXP_XGBModel_Alpha158_csi300_custom_step0_s_20260911_16,b9b526c7d1da4197a3d3f40f3cedf248,0.032,,,
1487,2026-09-11,SZ300408,-0.13249225914478302,EXP_XGBModel_Alpha158_csi300_custom_step0_s_20260911_16,b9b526c7d1da4197a3d3f40f3cedf248,0.032,,,
1488,2026-09-11,SZ300413,0.40077313780784607,EXP_XGBModel_Alpha158_csi300_custom_step0_s_20260911_16,b9b526c7d1da4197a3d3f40f3cedf248,0.032,,,
1489,2026-09-11,SZ300418,-0.03541676700115204,EXP_XGBModel_Alpha158_csi300_custom_step0_s_20260911_16,b9b526c7d1da4197a3d3f40f3cedf248,0.032,,,
1490,2026-09-11,SZ300433,-0.059634461998939514,EXP_XGBModel_Alpha158_csi300_custom_step0_s_20260911_16,b9b526c7d1da4197a3d3f40f3cedf248,0.032,,,
1491,2026-09-11,SZ300442,-0.03667525574564934,EXP_XGBModel_Alpha158_csi300_custom_step0_s_20260911_16,b9b526c7d1da4197a3d3f40f3cedf248,0.032,,,
1492,2026-09-11,SZ300450,-0.11870117485523224,EXP_XGBModel_Alpha158_csi300_custom_step0_s_20260911_16,b9b526c7d1da4197a3d3f40f3cedf248,0.032,,,
1493,2026-09-11,SZ300476,-0.028930090367794037,EXP_XGBModel_Alpha158_csi300_custom_step0_s_20260911_16,b9b526c7d1da4197a3d3f40f3cedf248,0.032,,,
1494,2026-09-11,SZ301269,-0.05199804529547691,EXP_XGBModel_Alpha158_csi300_custom_step0_s_20260911_16,b9b526c7d1da4197a3d3f40f3cedf248,0.032,,,
1495,2026-09-11,SZ301236,-0.03464987874031067,EXP_XGBModel_Alpha158_csi300_custom_step0_s_20260911_16,b9b526c7d1da4197a3d3f40f3cedf248,0.032,,,
1496,2026-09-11,SZ301165,0.027300572022795677,EXP_XGBModel_Alpha158_csi300_custom_step0_s_20260911_16,b9b526c7d1da4197a3d3f40f3cedf248,0.032,,,
1497,2026-09-11,SZ300999,-0.025215230882167816,EXP_XGBModel_Alpha158_csi300_custom_step0_s_20260911_16,b9b526c7d1da4197a3d3f40f3cedf248,0.032,,,
1498,2026-09-11,SZ300896,-0.060869019478559494,EXP_XGBModel_Alpha158_csi300_custom_step0_s_20260911_16,b9b526c7d1da4197a3d3f40f3cedf248,0.032,,,
1499,2026-09-11,SZ300866,-0.0043210540898144245,EXP_XGBModel_Alpha158_csi300_custom_step0_s_20260911_16,b9b526c7d1da4197a3d3f40f3cedf248,0.032,,,
1500,2026-09-11,SZ300014,-0.026034045964479446,EXP_XGBModel_Alpha158_csi300_custom_step0_s_20260911_16,b9b526c7d1da4197a3d3f40f3cedf248,0.032,,,
1501,2026-09-11,SZ300832,-0.027318714186549187,EXP_XGBModel_Alpha158_csi300_custom_step0_s_20260911_16,b9b526c7d1da4197a3d3f40f3cedf248,0.032,,,
1502,2026-09-11,SZ300760,0.0033065183088183403,EXP_XGBModel_Alpha158_csi300_custom_step0_s_20260911_16,b9b526c7d1da4197a3d3f40f3cedf248,0.032,,,
1503,2026-09-11,SZ300750,-0.01975090615451336,EXP_XGBModel_Alpha158_csi300_custom_step0_s_20260911_16,b9b526c7d1da4197a3d3f40f3cedf248,0.032,,,
1504,2026-09-11,SZ300661,-0.06304030120372772,EXP_XGBModel_Alpha158_csi300_custom_step0_s_20260911_16,b9b526c7d1da4197a3d3f40f3cedf248,0.032,,,
1505,2026-09-11,SZ300628,-0.005779740400612354,EXP_XGBModel_Alpha158_csi300_custom_step0_s_20260911_16,b9b526c7d1da4197a3d3f40f3cedf248,0.032,,,
1506,2026-09-11,SZ300502,-0.03470269963145256,EXP_XGBModel_Alpha158_csi300_custom_step0_s_20260911_16,b9b526c7d1da4197a3d3f40f3cedf248,0.032,,,
1507,2026-09-11,SZ300498,-0.006390159018337727,EXP_XGBModel_Alpha158_csi300_custom_step0_s_20260911_16,b9b526c7d1da4197a3d3f40f3cedf248,0.032,,,
1508,2026-09-11,SZ300803,-0.08050422370433807,EXP_XGBModel_Alpha158_csi300_custom_step0_s_20260911_16,b9b526c7d1da4197a3d3f40f3cedf248,0.032,,,
1509,2026-09-11,SZ002050,-0.028876613825559616,EXP_XGBModel_Alpha158_csi300_custom_step0_s_20260911_16,b9b526c7d1da4197a3d3f40f3cedf248,0.032,,,
1510,2026-09-11,SZ003816,0.044334255158901215,EXP_XGBModel_Alpha158_csi300_custom_step0_s_20260911_16,b9b526c7d1da4197a3d3f40f3cedf248,0.032,,,
1511,2026-09-11,SZ002920,-0.0375443696975708,EXP_XGBModel_Alpha158_csi300_custom_step0_s_20260911_16,b9b526c7d1da4197a3d3f40f3cedf248,0.032,,,
1512,2026-09-11,SZ002142,0.02098756656050682,EXP_XGBModel_Alpha158_csi300_custom_step0_s_20260911_16,b9b526c7d1da4197a3d3f40f3cedf248,0.032,,,
1513,2026-09-11,SZ002179,-0.017673682421445847,EXP_XGBModel_Alpha158_csi300_custom_step0_s_20260911_16,b9b526c7d1da4197a3d3f40f3cedf248,0.032,,,
1514,2026-09-11,SZ002202,0.0030364259146153927,EXP_XGBModel_Alpha158_csi300_custom_step0_s_20260911_16,b9b526c7d1da4197a3d3f40f3cedf248,0.032,,,
1515,2026-09-11,SZ002230,-0.006273333448916674,EXP_XGBModel_Alpha158_csi300_custom_step0_s_20260911_16,b9b526c7d1da4197a3d3f40f3cedf248,0.032,,,
1516,2026-09-11,SZ002236,0.007109459955245256,EXP_XGBModel_Alpha158_csi300_custom_step0_s_20260911_16,b9b526c7d1da4197a3d3f40f3cedf248,0.032,,,
1517,2026-09-11,SZ002241,-0.06360156089067459,EXP_XGBModel_Alpha158_csi300_custom_step0_s_20260911_16,b9b526c7d1da4197a3d3f40f3cedf248,0.032,,,
1518,2026-09-11,SZ002304,-0.01197734847664833,EXP_XGBModel_Alpha158_csi300_custom_step0_s_20260911_16,b9b526c7d1da4197a3d3f40f3cedf248,0.032,,,
1519,2026-09-11,SZ002311,-0.016735916957259178,EXP_XGBModel_Alpha158_csi300_custom_step0_s_20260911_16,b9b526c7d1da4197a3d3f40f3cedf248,0.032,,,
1520,2026-09-11,SZ002352,0.012559132650494576,EXP_XGBModel_Alpha158_csi300_custom_step0_s_20260911_16,b9b526c7d1da4197a3d3f40f3cedf248,0.032,,,
1521,2026-09-11,SZ002353,0.058195751160383224,EXP_XGBModel_Alpha158_csi300_custom_step0_s_20260911_16,b9b526c7d1da4197a3d3f40f3cedf248,0.032,,,
1522,2026-09-11,SZ002371,-0.04142919182777405,EXP_XGBModel_Alpha158_csi300_custom_step0_s_20260911_16,b9b526c7d1da4197a3d3f40f3cedf248,0.032,,,
1523,2026-09-11,SZ002384,-0.02905658259987831,EXP_XGBModel_Alpha158_csi300_custom_step0_s_20260911_16,b9b526c7d1da4197a3d3f40f3cedf248,0.032,,,
1524,2026-09-11,SZ002415,0.005910980515182018,EXP_XGBModel_Alpha158_csi300_custom_step0_s_20260911_16,b9b526c7d1da4197a3d3f40f3cedf248,0.032,,,
1525,2026-09-11,SZ002422,-0.024755990132689476,EXP_XGBModel_Alpha158_csi300_custom_step0_s_20260911_16,b9b526c7d1da4197a3d3f40f3cedf248,0.032,,,
1526,2026-09-11,SZ002460,-0.052381061017513275,EXP_XGBModel_Alpha158_csi300_custom_step0_s_20260911_16,b9b526c7d1da4197a3d3f40f3cedf248,0.032,,,
1527,2026-09-11,SZ002463,-0.03494850546121597,EXP_XGBModel_Alpha158_csi300_custom_step0_s_20260911_16,b9b526c7d1da4197a3d3f40f3cedf248,0.032,,,
1528,2026-09-11,SZ002466,-0.014268375001847744,EXP_XGBModel_Alpha158_csi300_custom_step0_s_20260911_16,b9b526c7d1da4197a3d3f40f3cedf248,0.032,,,
1529,2026-09-11,SZ002916,-0.04566524922847748,EXP_XGBModel_Alpha158_csi300_custom_step0_s_20260911_16,b9b526c7d1da4197a3d3f40f3cedf248,0.032,,,
1530,2026-09-11,SZ002837,0.09370899200439453,EXP_XGBModel_Alpha158_csi300_custom_step0_s_20260911_16,b9b526c7d1da4197a3d3f40f3cedf248,0.032,,,
1531,2026-09-11,SZ002736,0.01207734365016222,EXP_XGBModel_Alpha158_csi300_custom_step0_s_20260911_16,b9b526c7d1da4197a3d3f40f3cedf248,0.032,,,
1532,2026-09-11,SZ002714,-0.020112419500947,EXP_XGBModel_Alpha158_csi300_custom_step0_s_20260911_16,b9b526c7d1da4197a3d3f40f3cedf248,0.032,,,
1533,2026-09-11,SZ002709,0.02110961079597473,EXP_XGBModel_Alpha158_csi300_custom_step0_s_20260911_16,b9b526c7d1da4197a3d3f40f3cedf248,0.032,,,
1534,2026-09-11,SZ002648,-0.01611896976828575,EXP_XGBModel_Alpha158_csi300_custom_step0_s_20260911_16,b9b526c7d1da4197a3d3f40f3cedf248,0.032,,,
1535,2026-09-11,SZ002938,-0.06483092904090881,EXP_XGBModel_Alpha158_csi300_custom_step0_s_20260911_16,b9b526c7d1da4197a3d3f40f3cedf248,0.032,,,
1536,2026-09-11,SZ002625,-0.06936370581388474,EXP_XGBModel_Alpha158_csi300_custom_step0_s_20260911_16,b9b526c7d1da4197a3d3f40f3cedf248,0.032,,,
1537,2026-09-11,SZ002600,-0.08640748262405396,EXP_XGBModel_Alpha158_csi300_custom_step0_s_20260911_16,b9b526c7d1da4197a3d3f40f3cedf248,0.032,,,
1538,2026-09-11,SZ002594,-0.008028477430343628,EXP_XGBModel_Alpha158_csi300_custom_step0_s_20260911_16,b9b526c7d1da4197a3d3f40f3cedf248,0.032,,,
1539,2026-09-11,SZ002558,-0.03542938828468323,EXP_XGBModel_Alpha158_csi300_custom_step0_s_20260911_16,b9b526c7d1da4197a3d3f40f3cedf248,0.032,,,
1540,2026-09-11,SZ002532,-0.057302091270685196,EXP_XGBModel_Alpha158_csi300_custom_step0_s_20260911_16,b9b526c7d1da4197a3d3f40f3cedf248,0.032,,,
1541,2026-09-11,SZ002493,0.045482974499464035,EXP_XGBModel_Alpha158_csi300_custom_step0_s_20260911_16,b9b526c7d1da4197a3d3f40f3cedf248,0.032,,,
1542,2026-09-11,SZ002475,-0.052010707557201385,EXP_XGBModel_Alpha158_csi300_custom_step0_s_20260911_16,b9b526c7d1da4197a3d3f40f3cedf248,0.032,,,
1543,2026-09-11,SZ002602,-0.013164874166250229,EXP_XGBModel_Alpha158_csi300_custom_step0_s_20260911_16,b9b526c7d1da4197a3d3f40f3cedf248,0.032,,,
1544,2026-09-11,SH603369,-0.0551319345831871,EXP_XGBModel_Alpha158_csi300_custom_step0_s_20260911_16,b9b526c7d1da4197a3d3f40f3cedf248,0.032,,,
1545,2026-09-11,SH603296,-0.0462740957736969,EXP_XGBModel_Alpha158_csi300_custom_step0_s_20260911_16,b9b526c7d1da4197a3d3f40f3cedf248,0.032,,,
1546,2026-09-11,SH603288,0.009250398725271225,EXP_XGBModel_Alpha158_csi300_custom_step0_s_20260911_16,b9b526c7d1da4197a3d3f40f3cedf248,0.032,,,
1547,2026-09-11,SH600584,-0.04441311955451965,EXP_XGBModel_Alpha158_csi300_custom_step0_s_20260911_16,b9b526c7d1da4197a3d3f40f3cedf248,0.032,,,
1548,2026-09-11,SH600585,0.019947033375501633,EXP_XGBModel_Alpha158_csi300_custom_step0_s_20260911_16,b9b526c7d1da4197a3d3f40f3cedf248,0.032,,,
1549,2026-09-11,SH600588,-0.002486740006133914,EXP_XGBModel_Alpha158_csi300_custom_step0_s_20260911_16,b9b526c7d1da4197a3d3f40f3cedf248,0.032,,,
1550,2026-09-11,SH600600,0.008013633079826832,EXP_XGBModel_Alpha158_csi300_custom_step0_s_20260911_16,b9b526c7d1da4197a3d3f40f3cedf248,0.032,,,
1551,2026-09-11,SH600660,-0.04862534627318382,EXP_XGBModel_Alpha158_csi300_custom_step0_s_20260911_16,b9b526c7d1da4197a3d3f40f3cedf248,0.032,,,
1552,2026-09-11,SH600674,0.06257925927639008,EXP_XGBModel_Alpha158_csi300_custom_step0_s_20260911_16,b9b526c7d1da4197a3d3f40f3cedf248,0.032,,,
1553,2026-09-11,SH600690,0.018045485019683838,EXP_XGBModel_Alpha158_csi300_custom_step0_s_20260911_16,b9b526c7d1da4197a3d3f40f3cedf248,0.032,,,
1554,2026-09-11,SH600741,0.009700738824903965,EXP_XGBModel_Alpha158_csi300_custom_step0_s_20260911_16,b9b526c7d1da4197a3d3f40f3cedf248,0.032,,,
1555,2026-09-11,SH600760,0.019735930487513542,EXP_XGBModel_Alpha158_csi300_custom_step0_s_20260911_16,b9b526c7d1da4197a3d3f40f3cedf248,0.032,,,
1556,2026-09-11,SH600795,0.020851008594036102,EXP_XGBModel_Alpha158_csi300_custom_step0_s_20260911_16,b9b526c7d1da4197a3d3f40f3cedf248,0.032,,,
1557,2026-09-11,SH600803,0.03848216310143471,EXP_XGBModel_Alpha158_csi300_custom_step0_s_20260911_16,b9b526c7d1da4197a3d3f40f3cedf248,0.032,,,
1558,2026-09-11,SH600809,-0.06145105138421059,EXP_XGBModel_Alpha158_csi300_custom_step0_s_20260911_16,b9b526c7d1da4197a3d3f40f3cedf248,0.032,,,
1559,2026-09-11,SH600845,-0.027668628841638565,EXP_XGBModel_Alpha158_csi300_custom_step0_s_20260911_16,b9b526c7d1da4197a3d3f40f3cedf248,0.032,,,
1560,2026-09-11,SH600875,-0.034295786172151566,EXP_XGBModel_Alpha158_csi300_custom_step0_s_20260911_16,b9b526c7d1da4197a3d3f40f3cedf248,0.032,,,
1561,2026-09-11,SH600886,0.03608795255422592,EXP_XGBModel_Alpha158_csi300_custom_step0_s_20260911_16,b9b526c7d1da4197a3d3f40f3cedf248,0.032,,,
1562,2026-09-11,SH600887,0.02973320707678795,EXP_XGBModel_Alpha158_csi300_custom_step0_s_20260911_16,b9b526c7d1da4197a3d3f40f3cedf248,0.032,,,
1563,2026-09-11,SH600893,-0.008326055482029915,EXP_XGBModel_Alpha158_csi300_custom_step0_s_20260911_16,b9b526c7d1da4197a3d3f40f3cedf248,0.032,,,
1564,2026-09-11,SH601012,-0.05233089625835419,EXP_XGBModel_Alpha158_csi300_custom_step0_s_20260911_16,b9b526c7d1da4197a3d3f40f3cedf248,0.032,,,
1565,2026-09-11,SH601009,0.021244648844003677,EXP_XGBModel_Alpha158_csi300_custom_step0_s_20260911_16,b9b526c7d1da4197a3d3f40f3cedf248,0.032,,,
1566,2026-09-11,SH601006,0.0399828664958477,EXP_XGBModel_Alpha158_csi300_custom_step0_s_20260911_16,b9b526c7d1da4197a3d3f40f3cedf248,0.032,,,
1567,2026-09-11,SH600999,-0.0598391592502594,EXP_XGBModel_Alpha158_csi300_custom_step0_s_20260911_16,b9b526c7d1da4197a3d3f40f3cedf248,0.032,,,
1568,2026-09-11,SH600989,-0.06299609690904617,EXP_XGBModel_Alpha158_csi300_custom_step0_s_20260911_16,b9b526c7d1da4197a3d3f40f3cedf248,0.032,,,
1569,2026-09-11,SH600958,0.005013108253479004,EXP_XGBModel_Alpha158_csi300_custom_step0_s_20260911_16,b9b526c7d1da4197a3d3f40f3cedf248,0.032,,,
1570,2026-09-11,SH600570,-0.05143853276968002,EXP_XGBModel_Alpha158_csi300_custom_step0_s_20260911_16,b9b526c7d1da4197a3d3f40f3cedf248,0.032,,,
1571,2026-09-11,SH600941,0.029943367466330528,EXP_XGBModel_Alpha158_csi300_custom_step0_s_20260911_16,b9b526c7d1da4197a3d3f40f3cedf248,0.032,,,
1572,2026-09-11,SH600930,0.010027664713561535,EXP_XGBModel_Alpha158_csi300_custom_step0_s_20260911_16,b9b526c7d1da4197a3d3f40f3cedf248,0.032,,,
1573,2026-09-11,SH600926,0.06580401957035065,EXP_XGBModel_Alpha158_csi300_custom_step0_s_20260911_16,b9b526c7d1da4197a3d3f40f3cedf248,0.032,,,
1574,2026-09-11,SH600919,0.06471718102693558,EXP_XGBModel_Alpha158_csi300_custom_step0_s_20260911_16,b9b526c7d1da4197a3d3f40f3cedf248,0.032,,,
1575,2026-09-11,SH600918,-0.005003380123525858,EXP_XGBModel_Alpha158_csi300_custom_step0_s_20260911_16,b9b526c7d1da4197a3d3f40f3cedf248,0.032,,,
1576,2026-09-11,SH600905,0.0056745745241642,EXP_XGBModel_Alpha158_csi300_custom_step0_s_20260911_16,b9b526c7d1da4197a3d3f40f3cedf248,0.032,,,
1577,2026-09-11,SH600900,0.0660729929804802,EXP_XGBModel_Alpha158_csi300_custom_step0_s_20260911_16,b9b526c7d1da4197a3d3f40f3cedf248,0.032,,,
1578,2026-09-11,SH600938,0.03380974382162094,EXP_XGBModel_Alpha158_csi300_custom_step0_s_20260911_16,b9b526c7d1da4197a3d3f40f3cedf248,0.032,,,
1579,2026-09-11,SH601018,0.07602345198392868,EXP_XGBModel_Alpha158_csi300_custom_step0_s_20260911_16,b9b526c7d1da4197a3d3f40f3cedf248,0.032,,,
1580,2026-09-11,SH600549,-0.06914430856704712,EXP_XGBModel_Alpha158_csi300_custom_step0_s_20260911_16,b9b526c7d1da4197a3d3f40f3cedf248,0.032,,,
1581,2026-09-11,SH600522,-0.1763845682144165,EXP_XGBModel_Alpha158_csi300_custom_step0_s_20260911_16,b9b526c7d1da4197a3d3f40f3cedf248,0.032,,,
1582,2026-09-11,SH600066,-0.019690001383423805,EXP_XGBModel_Alpha158_csi300_custom_step0_s_20260911_16,b9b526c7d1da4197a3d3f40f3cedf248,0.032,,,
1583,2026-09-11,SH600085,0.006371768657118082,EXP_XGBModel_Alpha158_csi300_custom_step0_s_20260911_16,b9b526c7d1da4197a3d3f40f3cedf248,0.032,,,
1584,2026-09-11,SH600089,-0.006692890077829361,EXP_XGBModel_Alpha158_csi300_custom_step0_s_20260911_16,b9b526c7d1da4197a3d3f40f3cedf248,0.032,,,
1585,2026-09-11,SH600104,-0.048028986901044846,EXP_XGBModel_Alpha158_csi300_custom_step0_s_20260911_16,b9b526c7d1da4197a3d3f40f3cedf248,0.032,,,
1586,2026-09-11,SH600111,-0.0290987566113472,EXP_XGBModel_Alpha158_csi300_custom_step0_s_20260911_16,b9b526c7d1da4197a3d3f40f3cedf248,0.032,,,
1587,2026-09-11,SH600115,0.011330906301736832,EXP_XGBModel_Alpha158_csi300_custom_step0_s_20260911_16,b9b526c7d1da4197a3d3f40f3cedf248,0.032,,,
1588,2026-09-11,SH600118,0.014569245278835297,EXP_XGBModel_Alpha158_csi300_custom_step0_s_20260911_16,b9b526c7d1da4197a3d3f40f3cedf248,0.032,,,
1589,2026-09-11,SH600150,0.011002360843122005,EXP_XGBModel_Alpha158_csi300_custom_step0_s_20260911_16,b9b526c7d1da4197a3d3f40f3cedf248,0.032,,,
1590,2026-09-11,SH600160,-0.057832762598991394,EXP_XGBModel_Alpha158_csi300_custom_step0_s_20260911_16,b9b526c7d1da4197a3d3f40f3cedf248,0.032,,,
1591,2026-09-11,SH600176,-0.1318759173154831,EXP_XGBModel_Alpha158_csi300_custom_step0_s_20260911_16,b9b526c7d1da4197a3d3f40f3cedf248,0.032,,,
1592,2026-09-11,SH600183,-0.05012866109609604,EXP_XGBModel_Alpha158_csi300_custom_step0_s_20260911_16,b9b526c7d1da4197a3d3f40f3cedf248,0.032,,,
1593,2026-09-11,SH600188,-0.05032926797866821,EXP_XGBModel_Alpha158_csi300_custom_step0_s_20260911_16,b9b526c7d1da4197a3d3f40f3cedf248,0.032,,,
1594,2026-09-11,SH600196,-0.09069730341434479,EXP_XGBModel_Alpha158_csi300_custom_step0_s_20260911_16,b9b526c7d1da4197a3d3f40f3cedf248,0.032,,,
1595,2026-09-11,SH600219,-0.03096405416727066,EXP_XGBModel_Alpha158_csi300_custom_step0_s_20260911_16,b9b526c7d1da4197a3d3f40f3cedf248,0.032,,,
1596,2026-09-11,SH600221,0.007891065441071987,EXP_XGBModel_Alpha158_csi300_custom_step0_s_20260911_16,b9b526c7d1da4197a3d3f40f3cedf248,0.032,,,
1597,2026-09-11,SH600233,-0.04048963263630867,EXP_XGBModel_Alpha158_csi300_custom_step0_s_20260911_16,b9b526c7d1da4197a3d3f40f3cedf248,0.032,,,
1598,2026-09-11,SH600276,-0.03314683586359024,EXP_XGBModel_Alpha158_csi300_custom_step0_s_20260911_16,b9b526c7d1da4197a3d3f40f3cedf248,0.032,,,
1599,2026-09-11,SH600519,0.027042344212532043,EXP_XGBModel_Alpha158_csi300_custom_step0_s_20260911_16,b9b526c7d1da4197a3d3f40f3cedf248,0.032,,,
1600,2026-09-11,SH600515,0.008427269756793976,EXP_XGBModel_Alpha158_csi300_custom_step0_s_20260911_16,b9b526c7d1da4197a3d3f40f3cedf248,0.032,,,
1601,2026-09-11,SH600489,0.08988582342863083,EXP_XGBModel_Alpha158_csi300_custom_step0_s_20260911_16,b9b526c7d1da4197a3d3f40f3cedf248,0.032,,,
1602,2026-09-11,SH600482,-0.029763977974653244,EXP_XGBModel_Alpha158_csi300_custom_step0_s_20260911_16,b9b526c7d1da4197a3d3f40f3cedf248,0.032,,,
1603,2026-09-11,SH600460,-0.07271625846624374,EXP_XGBModel_Alpha158_csi300_custom_step0_s_20260911_16,b9b526c7d1da4197a3d3f40f3cedf248,0.032,,,
1604,2026-09-11,SH600438,-0.09436363726854324,EXP_XGBModel_Alpha158_csi300_custom_step0_s_20260911_16,b9b526c7d1da4197a3d3f40f3cedf248,0.032,,,
1605,2026-09-11,SH600547,-0.06254976242780685,EXP_XGBModel_Alpha158_csi300_custom_step0_s_20260911_16,b9b526c7d1da4197a3d3f40f3cedf248,0.032,,,
1606,2026-09-11,SH600436,0.00252080662176013,EXP_XGBModel_Alpha158_csi300_custom_step0_s_20260911_16,b9b526c7d1da4197a3d3f40f3cedf248,0.032,,,
1607,2026-09-11,SH600415,-0.04464460164308548,EXP_XGBModel_Alpha158_csi300_custom_step0_s_20260911_16,b9b526c7d1da4197a3d3f40f3cedf248,0.032,,,
1608,2026-09-11,SH600406,0.0003909066435880959,EXP_XGBModel_Alpha158_csi300_custom_step0_s_20260911_16,b9b526c7d1da4197a3d3f40f3cedf248,0.032,,,
1609,2026-09-11,SH600372,0.00096176378428936,EXP_XGBModel_Alpha158_csi300_custom_step0_s_20260911_16,b9b526c7d1da4197a3d3f40f3cedf248,0.032,,,
1610,2026-09-11,SH600362,0.010532422922551632,EXP_XGBModel_Alpha158_csi300_custom_step0_s_20260911_16,b9b526c7d1da4197a3d3f40f3cedf248,0.032,,,
1611,2026-09-11,SH600346,-0.0458269901573658,EXP_XGBModel_Alpha158_csi300_custom_step0_s_20260911_16,b9b526c7d1da4197a3d3f40f3cedf248,0.032,,,
1612,2026-09-11,SH600309,0.02006189152598381,EXP_XGBModel_Alpha158_csi300_custom_step0_s_20260911_16,b9b526c7d1da4197a3d3f40f3cedf248,0.032,,,
1613,2026-09-11,SH600426,-0.046938225626945496,EXP_XGBModel_Alpha158_csi300_custom_step0_s_20260911_16,b9b526c7d1da4197a3d3f40f3cedf248,0.032,,,
1614,2026-09-11,SH601021,0.004689154680818319,EXP_XGBModel_Alpha158_csi300_custom_step0_s_20260911_16,b9b526c7d1da4197a3d3f40f3cedf248,0.032,,,
1615,2026-09-11,SH601058,-0.0050423224456608295,EXP_XGBModel_Alpha158_csi300_custom_step0_s_20260911_16,b9b526c7d1da4197a3d3f40f3cedf248,0.032,,,
1616,2026-09-11,SH601059,-0.04504740238189697,EXP_XGBModel_Alpha158_csi300_custom_step0_s_20260911_16,b9b526c7d1da4197a3d3f40f3cedf248,0.032,,,
1617,2026-09-11,SH601689,-0.05135049298405647,EXP_XGBModel_Alpha158_csi300_custom_step0_s_20260911_16,b9b526c7d1da4197a3d3f40f3cedf248,0.032,,,
1618,2026-09-11,SH601698,0.003194087650626898,EXP_XGBModel_Alpha158_csi300_custom_step0_s_20260911_16,b9b526c7d1da4197a3d3f40f3cedf248,0.032,,,
1619,2026-09-11,SH601727,0.01391365472227335,EXP_XGBModel_Alpha158_csi300_custom_step0_s_20260911_16,b9b526c7d1da4197a3d3f40f3cedf248,0.032,,,
1620,2026-09-11,SH601728,0.05758083611726761,EXP_XGBModel_Alpha158_csi300_custom_step0_s_20260911_16,b9b526c7d1da4197a3d3f40f3cedf248,0.032,,,
1621,2026-09-11,SH601766,0.028126874938607216,EXP_XGBModel_Alpha158_csi300_custom_step0_s_20260911_16,b9b526c7d1da4197a3d3f40f3cedf248,0.032,,,
1622,2026-09-11,SH601788,-0.03348901495337486,EXP_XGBModel_Alpha158_csi300_custom_step0_s_20260911_16,b9b526c7d1da4197a3d3f40f3cedf248,0.032,,,
1623,2026-09-11,SH601800,0.03416904807090759,EXP_XGBModel_Alpha158_csi300_custom_step0_s_20260911_16,b9b526c7d1da4197a3d3f40f3cedf248,0.032,,,
1624,2026-09-11,SH601816,0.014378286898136139,EXP_XGBModel_Alpha158_csi300_custom_step0_s_20260911_16,b9b526c7d1da4197a3d3f40f3cedf248,0.032,,,
1625,2026-09-11,SH601818,0.03002046048641205,EXP_XGBModel_Alpha158_csi300_custom_step0_s_20260911_16,b9b526c7d1da4197a3d3f40f3cedf248,0.032,,,
1626,2026-09-11,SH601825,0.038418278098106384,EXP_XGBModel_Alpha158_csi300_custom_step0_s_20260911_16,b9b526c7d1da4197a3d3f40f3cedf248,0.032,,,
1627,2026-09-11,SH601838,0.006847239565104246,EXP_XGBModel_Alpha158_csi300_custom_step0_s_20260911_16,b9b526c7d1da4197a3d3f40f3cedf248,0.032,,,
1628,2026-09-11,SH601857,0.04042328521609306,EXP_XGBModel_Alpha158_csi300_custom_step0_s_20260911_16,b9b526c7d1da4197a3d3f40f3cedf248,0.032,,,
1629,2026-09-11,SH601868,0.006636590696871281,EXP_XGBModel_Alpha158_csi300_custom_step0_s_20260911_16,b9b526c7d1da4197a3d3f40f3cedf248,0.032,,,
1630,2026-09-11,SH601872,-0.10035625845193863,EXP_XGBModel_Alpha158_csi300_custom_step0_s_20260911_16,b9b526c7d1da4197a3d3f40f3cedf248,0.032,,,
1631,2026-09-11,SH601877,-0.02043260633945465,EXP_XGBModel_Alpha158_csi300_custom_step0_s_20260911_16,b9b526c7d1da4197a3d3f40f3cedf248,0.032,,,
1632,2026-09-11,SH601878,-0.010755120776593685,EXP_XGBModel_Alpha158_csi300_custom_step0_s_20260911_16,b9b526c7d1da4197a3d3f40f3cedf248,0.032,,,
1633,2026-09-11,SH601881,-0.04168109595775604,EXP_XGBModel_Alpha158_csi300_custom_step0_s_20260911_16,b9b526c7d1da4197a3d3f40f3cedf248,0.032,,,
1634,2026-09-11,SH603260,-0.07366938889026642,EXP_XGBModel_Alpha158_csi300_custom_step0_s_20260911_16,b9b526c7d1da4197a3d3f40f3cedf248,0.032,,,
1635,2026-09-11,SH603259,-0.037024468183517456,EXP_XGBModel_Alpha158_csi300_custom_step0_s_20260911_16,b9b526c7d1da4197a3d3f40f3cedf248,0.032,,,
1636,2026-09-11,SH603019,-0.03350477293133736,EXP_XGBModel_Alpha158_csi300_custom_step0_s_20260911_16,b9b526c7d1da4197a3d3f40f3cedf248,0.032,,,
1637,2026-09-11,SH601998,-0.09802298992872238,EXP_XGBModel_Alpha158_csi300_custom_step0_s_20260911_16,b9b526c7d1da4197a3d3f40f3cedf248,0.032,,,
1638,2026-09-11,SH601995,-0.0326988659799099,EXP_XGBModel_Alpha158_csi300_custom_step0_s_20260911_16,b9b526c7d1da4197a3d3f40f3cedf248,0.032,,,
1639,2026-09-11,SH601988,0.04141560569405556,EXP_XGBModel_Alpha158_csi300_custom_step0_s_20260911_16,b9b526c7d1da4197a3d3f40f3cedf248,0.032,,,
1640,2026-09-11,SH601688,0.008249162696301937,EXP_XGBModel_Alpha158_csi300_custom_step0_s_20260911_16,b9b526c7d1da4197a3d3f40f3cedf248,0.032,,,
1641,2026-09-11,SH601985,0.052477430552244186,EXP_XGBModel_Alpha158_csi300_custom_step0_s_20260911_16,b9b526c7d1da4197a3d3f40f3cedf248,0.032,,,
1642,2026-09-11,SH601919,-0.001463655149564147,EXP_XGBModel_Alpha158_csi300_custom_step0_s_20260911_16,b9b526c7d1da4197a3d3f40f3cedf248,0.032,,,
1643,2026-09-11,SH601916,0.05914182960987091,EXP_XGBModel_Alpha158_csi300_custom_step0_s_20260911_16,b9b526c7d1da4197a3d3f40f3cedf248,0.032,,,
1644,2026-09-11,SH601901,0.005809888243675232,EXP_XGBModel_Alpha158_csi300_custom_step0_s_20260911_16,b9b526c7d1da4197a3d3f40f3cedf248,0.032,,,
1645,2026-09-11,SH601899,-0.01440828200429678,EXP_XGBModel_Alpha158_csi300_custom_step0_s_20260911_16,b9b526c7d1da4197a3d3f40f3cedf248,0.032,,,
1646,2026-09-11,SH601898,-0.014296320267021656,EXP_XGBModel_Alpha158_csi300_custom_step0_s_20260911_16,b9b526c7d1da4197a3d3f40f3cedf248,0.032,,,
1647,2026-09-11,SH601888,-0.0300323273986578,EXP_XGBModel_Alpha158_csi300_custom_step0_s_20260911_16,b9b526c7d1da4197a3d3f40f3cedf248,0.032,,,
1648,2026-09-11,SH601939,0.0477784089744091,EXP_XGBModel_Alpha158_csi300_custom_step0_s_20260911_16,b9b526c7d1da4197a3d3f40f3cedf248,0.032,,,
1649,2026-09-11,SH601669,0.017329320311546326,EXP_XGBModel_Alpha158_csi300_custom_step0_s_20260911_16,b9b526c7d1da4197a3d3f40f3cedf248,0.032,,,
1650,2026-09-11,SH601668,0.02577190473675728,EXP_XGBModel_Alpha158_csi300_custom_step0_s_20260911_16,b9b526c7d1da4197a3d3f40f3cedf248,0.032,,,
1651,2026-09-11,SH601658,-0.0066161383874714375,EXP_XGBModel_Alpha158_csi300_custom_step0_s_20260911_16,b9b526c7d1da4197a3d3f40f3cedf248,0.032,,,
1652,2026-09-11,SH601225,0.015511282719671726,EXP_XGBModel_Alpha158_csi300_custom_step0_s_20260911_16,b9b526c7d1da4197a3d3f40f3cedf248,0.032,,,
1653,2026-09-11,SH601211,0.0026771670673042536,EXP_XGBModel_Alpha158_csi300_custom_step0_s_20260911_16,b9b526c7d1da4197a3d3f40f3cedf248,0.032,,,
1654,2026-09-11,SH601186,0.026511387899518013,EXP_XGBModel_Alpha158_csi300_custom_step0_s_20260911_16,b9b526c7d1da4197a3d3f40f3cedf248,0.032,,,
1655,2026-09-11,SH601169,-0.006863501388579607,EXP_XGBModel_Alpha158_csi300_custom_step0_s_20260911_16,b9b526c7d1da4197a3d3f40f3cedf248,0.032,,,
1656,2026-09-11,SH601166,0.039133474230766296,EXP_XGBModel_Alpha158_csi300_custom_step0_s_20260911_16,b9b526c7d1da4197a3d3f40f3cedf248,0.032,,,
1657,2026-09-11,SH601138,-0.02942342683672905,EXP_XGBModel_Alpha158_csi300_custom_step0_s_20260911_16,b9b526c7d1da4197a3d3f40f3cedf248,0.032,,,
1658,2026-09-11,SH601229,0.05900362506508827,EXP_XGBModel_Alpha158_csi300_custom_step0_s_20260911_16,b9b526c7d1da4197a3d3f40f3cedf248,0.032,,,
1659,2026-09-11,SH601136,-0.04570600762963295,EXP_XGBModel_Alpha158_csi300_custom_step0_s_20260911_16,b9b526c7d1da4197a3d3f40f3cedf248,0.032,,,
1660,2026-09-11,SH601117,0.0040115960873663425,EXP_XGBModel_Alpha158_csi300_custom_step0_s_20260911_16,b9b526c7d1da4197a3d3f40f3cedf248,0.032,,,
1661,2026-09-11,SH601111,-0.0037975655868649483,EXP_XGBModel_Alpha158_csi300_custom_step0_s_20260911_16,b9b526c7d1da4197a3d3f40f3cedf248,0.032,,,
1662,2026-09-11,SH601100,-0.0028858287259936333,EXP_XGBModel_Alpha158_csi300_custom_step0_s_20260911_16,b9b526c7d1da4197a3d3f40f3cedf248,0.032,,,
1663,2026-09-11,SH601088,0.01609037257730961,EXP_XGBModel_Alpha158_csi300_custom_step0_s_20260911_16,b9b526c7d1da4197a3d3f40f3cedf248,0.032,,,
1664,2026-09-11,SH601077,0.018632402643561363,EXP_XGBModel_Alpha158_csi300_custom_step0_s_20260911_16,b9b526c7d1da4197a3d3f40f3cedf248,0.032,,,
1665,2026-09-11,SH601066,-0.044596459716558456,EXP_XGBModel_Alpha158_csi300_custom_step0_s_20260911_16,b9b526c7d1da4197a3d3f40f3cedf248,0.032,,,
1666,2026-09-11,SH601127,0.013363341800868511,EXP_XGBModel_Alpha158_csi300_custom_step0_s_20260911_16,b9b526c7d1da4197a3d3f40f3cedf248,0.032,,,
1667,2026-09-11,SH600050,0.021892322227358818,EXP_XGBModel_Alpha158_csi300_custom_step0_s_20260911_16,b9b526c7d1da4197a3d3f40f3cedf248,0.032,,,
1668,2026-09-11,SH601238,0.015498295426368713,EXP_XGBModel_Alpha158_csi300_custom_step0_s_20260911_16,b9b526c7d1da4197a3d3f40f3cedf248,0.032,,,
1669,2026-09-11,SH601318,0.0037588051054626703,EXP_XGBModel_Alpha158_csi300_custom_step0_s_20260911_16,b9b526c7d1da4197a3d3f40f3cedf248,0.032,,,
1670,2026-09-11,SH601633,-0.007875941693782806,EXP_XGBModel_Alpha158_csi300_custom_step0_s_20260911_16,b9b526c7d1da4197a3d3f40f3cedf248,0.032,,,
1671,2026-09-11,SH601628,0.006598371546715498,EXP_XGBModel_Alpha158_csi300_custom_step0_s_20260911_16,b9b526c7d1da4197a3d3f40f3cedf248,0.032,,,
1672,2026-09-11,SH601618,0.014915619045495987,EXP_XGBModel_Alpha158_csi300_custom_step0_s_20260911_16,b9b526c7d1da4197a3d3f40f3cedf248,0.032,,,
1673,2026-09-11,SH601607,0.0400644950568676,EXP_XGBModel_Alpha158_csi300_custom_step0_s_20260911_16,b9b526c7d1da4197a3d3f40f3cedf248,0.032,,,
1674,2026-09-11,SH601601,-0.01002882607281208,EXP_XGBModel_Alpha158_csi300_custom_step0_s_20260911_16,b9b526c7d1da4197a3d3f40f3cedf248,0.032,,,
1675,2026-09-11,SH601600,-0.08244191110134125,EXP_XGBModel_Alpha158_csi300_custom_step0_s_20260911_16,b9b526c7d1da4197a3d3f40f3cedf248,0.032,,,
1676,2026-09-11,SH601288,0.05692863091826439,EXP_XGBModel_Alpha158_csi300_custom_step0_s_20260911_16,b9b526c7d1da4197a3d3f40f3cedf248,0.032,,,
1677,2026-09-11,SH601456,0.004962777253240347,EXP_XGBModel_Alpha158_csi300_custom_step0_s_20260911_16,b9b526c7d1da4197a3d3f40f3cedf248,0.032,,,
1678,2026-09-11,SH601390,0.03692388907074928,EXP_XGBModel_Alpha158_csi300_custom_step0_s_20260911_16,b9b526c7d1da4197a3d3f40f3cedf248,0.032,,,
1679,2026-09-11,SH601377,0.015651922672986984,EXP_XGBModel_Alpha158_csi300_custom_step0_s_20260911_16,b9b526c7d1da4197a3d3f40f3cedf248,0.032,,,
1680,2026-09-11,SH601360,-0.03400353342294693,EXP_XGBModel_Alpha158_csi300_custom_step0_s_20260911_16,b9b526c7d1da4197a3d3f40f3cedf248,0.032,,,
1681,2026-09-11,SH601336,-0.04686227813363075,EXP_XGBModel_Alpha158_csi300_custom_step0_s_20260911_16,b9b526c7d1da4197a3d3f40f3cedf248,0.032,,,
1682,2026-09-11,SH601328,0.06626927852630615,EXP_XGBModel_Alpha158_csi300_custom_step0_s_20260911_16,b9b526c7d1da4197a3d3f40f3cedf248,0.032,,,
1683,2026-09-11,SH601319,-0.009856987744569778,EXP_XGBModel_Alpha158_csi300_custom_step0_s_20260911_16,b9b526c7d1da4197a3d3f40f3cedf248,0.032,,,
1684,2026-09-11,SH601398,0.05817483365535736,EXP_XGBModel_Alpha158_csi300_custom_step0_s_20260911_16,b9b526c7d1da4197a3d3f40f3cedf248,0.032,,,
1685,2026-09-11,SH600309,0.01707194745540619,EXP_XGBModel_Alpha158_csi300_custom_step0_s_20260911_16,a30dad086f084ac7b3dcf08497cc173e,0.093,,,
1686,2026-09-11,SH600276,0.06422735005617142,EXP_XGBModel_Alpha158_csi300_custom_step0_s_20260911_16,a30dad086f084ac7b3dcf08497cc173e,0.093,,,
1687,2026-09-11,SH600233,-0.03771494701504707,EXP_XGBModel_Alpha158_csi300_custom_step0_s_20260911_16,a30dad086f084ac7b3dcf08497cc173e,0.093,,,
1688,2026-09-11,SZ002594,-0.057722028344869614,EXP_LinearModel_Alpha158_csi300_custom_step0_s_20260911_16,032cde2d5ba84159ada71ce4f5a86290,0.016,,,
1689,2026-09-11,SZ002600,0.09424220025539398,EXP_LinearModel_Alpha158_csi300_custom_step0_s_20260911_16,032cde2d5ba84159ada71ce4f5a86290,0.016,,,
1690,2026-09-11,SZ002602,0.004527213517576456,EXP_LinearModel_Alpha158_csi300_custom_step0_s_20260911_16,032cde2d5ba84159ada71ce4f5a86290,0.016,,,
1691,2026-09-11,SZ002625,-0.022419491782784462,EXP_LinearModel_Alpha158_csi300_custom_step0_s_20260911_16,032cde2d5ba84159ada71ce4f5a86290,0.016,,,
1692,2026-09-11,SZ002648,0.018771370872855186,EXP_LinearModel_Alpha158_csi300_custom_step0_s_20260911_16,032cde2d5ba84159ada71ce4f5a86290,0.016,,,
1693,2026-09-11,SZ002709,0.0872158333659172,EXP_LinearModel_Alpha158_csi300_custom_step0_s_20260911_16,032cde2d5ba84159ada71ce4f5a86290,0.016,,,
1694,2026-09-11,SZ002714,0.03319290652871132,EXP_LinearModel_Alpha158_csi300_custom_step0_s_20260911_16,032cde2d5ba84159ada71ce4f5a86290,0.016,,,
1695,2026-09-11,SZ002736,-0.026401279494166374,EXP_LinearModel_Alpha158_csi300_custom_step0_s_20260911_16,032cde2d5ba84159ada71ce4f5a86290,0.016,,,
1696,2026-09-11,SZ002837,0.05497632548213005,EXP_LinearModel_Alpha158_csi300_custom_step0_s_20260911_16,032cde2d5ba84159ada71ce4f5a86290,0.016,,,
1697,2026-09-11,SZ002916,-0.006696420721709728,EXP_LinearModel_Alpha158_csi300_custom_step0_s_20260911_16,032cde2d5ba84159ada71ce4f5a86290,0.016,,,
1698,2026-09-11,SZ002920,-0.030409807339310646,EXP_LinearModel_Alpha158_csi300_custom_step0_s_20260911_16,032cde2d5ba84159ada71ce4f5a86290,0.016,,,
1699,2026-09-11,SZ002938,0.03911997750401497,EXP_LinearModel_Alpha158_csi300_custom_step0_s_20260911_16,032cde2d5ba84159ada71ce4f5a86290,0.016,,,
1700,2026-09-11,SZ003816,0.06430742889642715,EXP_LinearModel_Alpha158_csi300_custom_step0_s_20260911_16,032cde2d5ba84159ada71ce4f5a86290,0.016,,,
1701,2026-09-11,SZ300014,-0.060401551425457,EXP_LinearModel_Alpha158_csi300_custom_step0_s_20260911_16,032cde2d5ba84159ada71ce4f5a86290,0.016,,,
1702,2026-09-11,SZ300015,-0.03494429588317871,EXP_LinearModel_Alpha158_csi300_custom_step0_s_20260911_16,032cde2d5ba84159ada71ce4f5a86290,0.016,,,
1703,2026-09-11,SZ300033,0.0304434671998024,EXP_LinearModel_Alpha158_csi300_custom_step0_s_20260911_16,032cde2d5ba84159ada71ce4f5a86290,0.016,,,
1704,2026-09-11,SZ300059,-0.06898673623800278,EXP_LinearModel_Alpha158_csi300_custom_step0_s_20260911_16,032cde2d5ba84159ada71ce4f5a86290,0.016,,,
1705,2026-09-11,SZ300476,0.17211884260177612,EXP_LinearModel_Alpha158_csi300_custom_step0_s_20260911_16,032cde2d5ba84159ada71ce4f5a86290,0.016,,,
1706,2026-09-11,SZ300450,-0.00782779324799776,EXP_LinearModel_Alpha158_csi300_custom_step0_s_20260911_16,032cde2d5ba84159ada71ce4f5a86290,0.016,,,
1707,2026-09-11,SZ300442,0.05956029146909714,EXP_LinearModel_Alpha158_csi300_custom_step0_s_20260911_16,032cde2d5ba84159ada71ce4f5a86290,0.016,,,
1708,2026-09-11,SZ300433,0.1968739926815033,EXP_LinearModel_Alpha158_csi300_custom_step0_s_20260911_16,032cde2d5ba84159ada71ce4f5a86290,0.016,,,
1709,2026-09-11,SZ300418,-0.0567629300057888,EXP_LinearModel_Alpha158_csi300_custom_step0_s_20260911_16,032cde2d5ba84159ada71ce4f5a86290,0.016,,,
1710,2026-09-11,SZ300413,-0.04643964022397995,EXP_LinearModel_Alpha158_csi300_custom_step0_s_20260911_16,032cde2d5ba84159ada71ce4f5a86290,0.016,,,
1711,2026-09-11,SZ002558,0.009312327951192856,EXP_LinearModel_Alpha158_csi300_custom_step0_s_20260911_16,032cde2d5ba84159ada71ce4f5a86290,0.016,,,
1712,2026-09-11,SZ300408,0.11314133554697037,EXP_LinearModel_Alpha158_csi300_custom_step0_s_20260911_16,032cde2d5ba84159ada71ce4f5a86290,0.016,,,
1713,2026-09-11,SZ300316,0.0018526185303926468,EXP_LinearModel_Alpha158_csi300_custom_step0_s_20260911_16,032cde2d5ba84159ada71ce4f5a86290,0.016,,,
1714,2026-09-11,SZ300308,0.034441523253917694,EXP_LinearModel_Alpha158_csi300_custom_step0_s_20260911_16,032cde2d5ba84159ada71ce4f5a86290,0.016,,,
1715,2026-09-11,SZ300274,0.23902437090873718,EXP_LinearModel_Alpha158_csi300_custom_step0_s_20260911_16,032cde2d5ba84159ada71ce4f5a86290,0.016,,,
1716,2026-09-11,SZ300251,-0.012460465542972088,EXP_LinearModel_Alpha158_csi300_custom_step0_s_20260911_16,032cde2d5ba84159ada71ce4f5a86290,0.016,,,
1717,2026-09-11,SZ300124,0.08742983639240265,EXP_LinearModel_Alpha158_csi300_custom_step0_s_20260911_16,032cde2d5ba84159ada71ce4f5a86290,0.016,,,
1718,2026-09-11,SZ300122,0.002475618151947856,EXP_LinearModel_Alpha158_csi300_custom_step0_s_20260911_16,032cde2d5ba84159ada71ce4f5a86290,0.016,,,
1719,2026-09-11,SZ300394,0.04142270237207413,EXP_LinearModel_Alpha158_csi300_custom_step0_s_20260911_16,032cde2d5ba84159ada71ce4f5a86290,0.016,,,
1720,2026-09-11,SZ300498,-0.007563457824289799,EXP_LinearModel_Alpha158_csi300_custom_step0_s_20260911_16,032cde2d5ba84159ada71ce4f5a86290,0.016,,,
1721,2026-09-11,SZ002532,-0.030111340805888176,EXP_LinearModel_Alpha158_csi300_custom_step0_s_20260911_16,032cde2d5ba84159ada71ce4f5a86290,0.016,,,
1722,2026-09-11,SZ002475,0.06463373452425003,EXP_LinearModel_Alpha158_csi300_custom_step0_s_20260911_16,032cde2d5ba84159ada71ce4f5a86290,0.016,,,
1723,2026-09-11,SZ000975,-0.1185343787074089,EXP_LinearModel_Alpha158_csi300_custom_step0_s_20260911_16,032cde2d5ba84159ada71ce4f5a86290,0.016,,,
1724,2026-09-11,SZ000977,-0.024403104558587074,EXP_LinearModel_Alpha158_csi300_custom_step0_s_20260911_16,032cde2d5ba84159ada71ce4f5a86290,0.016,,,
1725,2026-09-11,SZ000988,0.0714661180973053,EXP_LinearModel_Alpha158_csi300_custom_step0_s_20260911_16,032cde2d5ba84159ada71ce4f5a86290,0.016,,,
1726,2026-09-11,SZ000999,-0.051842112094163895,EXP_LinearModel_Alpha158_csi300_custom_step0_s_20260911_16,032cde2d5ba84159ada71ce4f5a86290,0.016,,,
1727,2026-09-11,SZ001280,0.004305084235966206,EXP_LinearModel_Alpha158_csi300_custom_step0_s_20260911_16,032cde2d5ba84159ada71ce4f5a86290,0.016,,,
1728,2026-09-11,SZ001391,-0.02866298146545887,EXP_LinearModel_Alpha158_csi300_custom_step0_s_20260911_16,032cde2d5ba84159ada71ce4f5a86290,0.016,,,
1729,2026-09-11,SZ001965,0.06291256844997406,EXP_LinearModel_Alpha158_csi300_custom_step0_s_20260911_16,032cde2d5ba84159ada71ce4f5a86290,0.016,,,
1730,2026-09-11,SZ001979,0.060920946300029755,EXP_LinearModel_Alpha158_csi300_custom_step0_s_20260911_16,032cde2d5ba84159ada71ce4f5a86290,0.016,,,
1731,2026-09-11,SZ002001,0.016229240223765373,EXP_LinearModel_Alpha158_csi300_custom_step0_s_20260911_16,032cde2d5ba84159ada71ce4f5a86290,0.016,,,
1732,2026-09-11,SZ002027,-0.051160767674446106,EXP_LinearModel_Alpha158_csi300_custom_step0_s_20260911_16,032cde2d5ba84159ada71ce4f5a86290,0.016,,,
1733,2026-09-11,SZ002028,0.15831628441810608,EXP_LinearModel_Alpha158_csi300_custom_step0_s_20260911_16,032cde2d5ba84159ada71ce4f5a86290,0.016,,,
1734,2026-09-11,SZ002049,0.05648257955908775,EXP_LinearModel_Alpha158_csi300_custom_step0_s_20260911_16,032cde2d5ba84159ada71ce4f5a86290,0.016,,,
1735,2026-09-11,SZ002050,0.05477190390229225,EXP_LinearModel_Alpha158_csi300_custom_step0_s_20260911_16,032cde2d5ba84159ada71ce4f5a86290,0.016,,,
1736,2026-09-11,SZ002074,-0.08499196916818619,EXP_LinearModel_Alpha158_csi300_custom_step0_s_20260911_16,032cde2d5ba84159ada71ce4f5a86290,0.016,,,
1737,2026-09-11,SZ002142,0.05274231731891632,EXP_LinearModel_Alpha158_csi300_custom_step0_s_20260911_16,032cde2d5ba84159ada71ce4f5a86290,0.016,,,
1738,2026-09-11,SZ002179,0.08706425875425339,EXP_LinearModel_Alpha158_csi300_custom_step0_s_20260911_16,032cde2d5ba84159ada71ce4f5a86290,0.016,,,
1739,2026-09-11,SZ002202,-0.0254819355905056,EXP_LinearModel_Alpha158_csi300_custom_step0_s_20260911_16,032cde2d5ba84159ada71ce4f5a86290,0.016,,,
1740,2026-09-11,SZ002466,0.04877786710858345,EXP_LinearModel_Alpha158_csi300_custom_step0_s_20260911_16,032cde2d5ba84159ada71ce4f5a86290,0.016,,,
1741,2026-09-11,SZ002463,0.011709687300026417,EXP_LinearModel_Alpha158_csi300_custom_step0_s_20260911_16,032cde2d5ba84159ada71ce4f5a86290,0.016,,,
1742,2026-09-11,SZ002460,0.02863832749426365,EXP_LinearModel_Alpha158_csi300_custom_step0_s_20260911_16,032cde2d5ba84159ada71ce4f5a86290,0.016,,,
1743,2026-09-11,SZ002422,0.01195252314209938,EXP_LinearModel_Alpha158_csi300_custom_step0_s_20260911_16,032cde2d5ba84159ada71ce4f5a86290,0.016,,,
1744,2026-09-11,SZ002415,-0.1310986578464508,EXP_LinearModel_Alpha158_csi300_custom_step0_s_20260911_16,032cde2d5ba84159ada71ce4f5a86290,0.016,,,
1745,2026-09-11,SZ002384,-0.007084006909281015,EXP_LinearModel_Alpha158_csi300_custom_step0_s_20260911_16,032cde2d5ba84159ada71ce4f5a86290,0.016,,,
1746,2026-09-11,SZ002493,0.08796640485525131,EXP_LinearModel_Alpha158_csi300_custom_step0_s_20260911_16,032cde2d5ba84159ada71ce4f5a86290,0.016,,,
1747,2026-09-11,SZ002371,0.08435691148042679,EXP_LinearModel_Alpha158_csi300_custom_step0_s_20260911_16,032cde2d5ba84159ada71ce4f5a86290,0.016,,,
1748,2026-09-11,SZ002352,-0.07005322724580765,EXP_LinearModel_Alpha158_csi300_custom_step0_s_20260911_16,032cde2d5ba84159ada71ce4f5a86290,0.016,,,
1749,2026-09-11,SZ002311,-0.10129809379577637,EXP_LinearModel_Alpha158_csi300_custom_step0_s_20260911_16,032cde2d5ba84159ada71ce4f5a86290,0.016,,,
1750,2026-09-11,SZ002304,-0.0454682931303978,EXP_LinearModel_Alpha158_csi300_custom_step0_s_20260911_16,032cde2d5ba84159ada71ce4f5a86290,0.016,,,
1751,2026-09-11,SZ002241,-0.0025815742556005716,EXP_LinearModel_Alpha158_csi300_custom_step0_s_20260911_16,032cde2d5ba84159ada71ce4f5a86290,0.016,,,
1752,2026-09-11,SZ002236,-0.12412583082914352,EXP_LinearModel_Alpha158_csi300_custom_step0_s_20260911_16,032cde2d5ba84159ada71ce4f5a86290,0.016,,,
1753,2026-09-11,SZ002230,-0.04191843792796135,EXP_LinearModel_Alpha158_csi300_custom_step0_s_20260911_16,032cde2d5ba84159ada71ce4f5a86290,0.016,,,
1754,2026-09-11,SZ002353,0.1805078685283661,EXP_LinearModel_Alpha158_csi300_custom_step0_s_20260911_16,032cde2d5ba84159ada71ce4f5a86290,0.016,,,
1755,2026-09-11,SZ000963,-0.07277753949165344,EXP_LinearModel_Alpha158_csi300_custom_step0_s_20260911_16,032cde2d5ba84159ada71ce4f5a86290,0.016,,,
1756,2026-09-11,SZ300502,0.106613889336586,EXP_LinearModel_Alpha158_csi300_custom_step0_s_20260911_16,032cde2d5ba84159ada71ce4f5a86290,0.016,,,
1757,2026-09-11,SZ300661,0.07100870460271835,EXP_LinearModel_Alpha158_csi300_custom_step0_s_20260911_16,032cde2d5ba84159ada71ce4f5a86290,0.016,,,
1758,2026-09-11,SH600089,0.009813878685235977,EXP_LinearModel_Alpha158_csi300_custom_step0_s_20260911_16,1697a3064a34446bad819e384a790caf,0.073,,,
1759,2026-09-11,SH600104,0.01851370930671692,EXP_LinearModel_Alpha158_csi300_custom_step0_s_20260911_16,1697a3064a34446bad819e384a790caf,0.073,,,
1760,2026-09-11,SH600111,-0.1292313188314438,EXP_LinearModel_Alpha158_csi300_custom_step0_s_20260911_16,1697a3064a34446bad819e384a790caf,0.073,,,
1761,2026-09-11,SH600115,-0.04849248751997948,EXP_LinearModel_Alpha158_csi300_custom_step0_s_20260911_16,1697a3064a34446bad819e384a790caf,0.073,,,
1762,2026-09-11,SH600118,-0.007646707817912102,EXP_LinearModel_Alpha158_csi300_custom_step0_s_20260911_16,1697a3064a34446bad819e384a790caf,0.073,,,
1763,2026-09-11,SH600150,0.03769032657146454,EXP_LinearModel_Alpha158_csi300_custom_step0_s_20260911_16,1697a3064a34446bad819e384a790caf,0.073,,,
1764,2026-09-11,SH600160,0.08127053827047348,EXP_LinearModel_Alpha158_csi300_custom_step0_s_20260911_16,1697a3064a34446bad819e384a790caf,0.073,,,
1765,2026-09-11,SH600176,0.14381225407123566,EXP_LinearModel_Alpha158_csi300_custom_step0_s_20260911_16,1697a3064a34446bad819e384a790caf,0.073,,,
1766,2026-09-11,SH600183,-0.005194482393562794,EXP_LinearModel_Alpha158_csi300_custom_step0_s_20260911_16,1697a3064a34446bad819e384a790caf,0.073,,,
1767,2026-09-11,SH600188,0.07663307338953018,EXP_LinearModel_Alpha158_csi300_custom_step0_s_20260911_16,1697a3064a34446bad819e384a790caf,0.073,,,
1768,2026-09-11,SH600196,-0.05976254865527153,EXP_LinearModel_Alpha158_csi300_custom_step0_s_20260911_16,1697a3064a34446bad819e384a790caf,0.073,,,
1769,2026-09-11,SH600219,-0.12089087814092636,EXP_LinearModel_Alpha158_csi300_custom_step0_s_20260911_16,1697a3064a34446bad819e384a790caf,0.073,,,
1770,2026-09-11,SH600221,-0.03810378164052963,EXP_LinearModel_Alpha158_csi300_custom_step0_s_20260911_16,1697a3064a34446bad819e384a790caf,0.073,,,
1771,2026-09-11,SH600233,-0.07736938446760178,EXP_LinearModel_Alpha158_csi300_custom_step0_s_20260911_16,1697a3064a34446bad819e384a790caf,0.073,,,
1772,2026-09-11,SH600276,0.011458629742264748,EXP_LinearModel_Alpha158_csi300_custom_step0_s_20260911_16,1697a3064a34446bad819e384a790caf,0.073,,,
1773,2026-09-11,SH600309,0.08576244115829468,EXP_LinearModel_Alpha158_csi300_custom_step0_s_20260911_16,1697a3064a34446bad819e384a790caf,0.073,,,
1774,2026-09-11,SH600346,0.18593080341815948,EXP_LinearModel_Alpha158_csi300_custom_step0_s_20260911_16,1697a3064a34446bad819e384a790caf,0.073,,,
1775,2026-09-11,SH600547,0.0523090735077858,EXP_LinearModel_Alpha158_csi300_custom_step0_s_20260911_16,1697a3064a34446bad819e384a790caf,0.073,,,
1776,2026-09-11,SH600522,-0.0291377454996109,EXP_LinearModel_Alpha158_csi300_custom_step0_s_20260911_16,1697a3064a34446bad819e384a790caf,0.073,,,
1777,2026-09-11,SH600519,-0.0957082062959671,EXP_LinearModel_Alpha158_csi300_custom_step0_s_20260911_16,1697a3064a34446bad819e384a790caf,0.073,,,
1778,2026-09-11,SH600515,-0.008936122059822083,EXP_LinearModel_Alpha158_csi300_custom_step0_s_20260911_16,1697a3064a34446bad819e384a790caf,0.073,,,
1779,2026-09-11,SH600489,0.0409909226000309,EXP_LinearModel_Alpha158_csi300_custom_step0_s_20260911_16,1697a3064a34446bad819e384a790caf,0.073,,,
1780,2026-09-11,SH600482,0.0542546771466732,EXP_LinearModel_Alpha158_csi300_custom_step0_s_20260911_16,1697a3064a34446bad819e384a790caf,0.073,,,
1781,2026-09-11,SH600085,-0.10042396932840347,EXP_LinearModel_Alpha158_csi300_custom_step0_s_20260911_16,1697a3064a34446bad819e384a790caf,0.073,,,
1782,2026-09-11,SH600460,0.18649694323539734,EXP_LinearModel_Alpha158_csi300_custom_step0_s_20260911_16,1697a3064a34446bad819e384a790caf,0.073,,,
1783,2026-09-11,SH600436,-0.03906496986746788,EXP_LinearModel_Alpha158_csi300_custom_step0_s_20260911_16,1697a3064a34446bad819e384a790caf,0.073,,,
1784,2026-09-11,SH600426,0.1323106586933136,EXP_LinearModel_Alpha158_csi300_custom_step0_s_20260911_16,1697a3064a34446bad819e384a790caf,0.073,,,
1785,2026-09-11,SH600415,-0.04603444039821625,EXP_LinearModel_Alpha158_csi300_custom_step0_s_20260911_16,1697a3064a34446bad819e384a790caf,0.073,,,
1786,2026-09-11,SH600406,-0.05161667987704277,EXP_LinearModel_Alpha158_csi300_custom_step0_s_20260911_16,1697a3064a34446bad819e384a790caf,0.073,,,
1787,2026-09-11,SH600372,0.055701982229948044,EXP_LinearModel_Alpha158_csi300_custom_step0_s_20260911_16,1697a3064a34446bad819e384a790caf,0.073,,,
1788,2026-09-11,SH600362,-0.0426396019756794,EXP_LinearModel_Alpha158_csi300_custom_step0_s_20260911_16,1697a3064a34446bad819e384a790caf,0.073,,,
1789,2026-09-11,SH600438,0.0017200997099280357,EXP_LinearModel_Alpha158_csi300_custom_step0_s_20260911_16,1697a3064a34446bad819e384a790caf,0.073,,,
1790,2026-09-11,SZ300628,-0.059001121670007706,EXP_LinearModel_Alpha158_csi300_custom_step0_s_20260911_16,032cde2d5ba84159ada71ce4f5a86290,0.016,,,
1791,2026-09-11,SH600066,-0.10289131850004196,EXP_LinearModel_Alpha158_csi300_custom_step0_s_20260911_16,1697a3064a34446bad819e384a790caf,0.073,,,
1792,2026-09-11,SH600050,-0.0973430871963501,EXP_LinearModel_Alpha158_csi300_custom_step0_s_20260911_16,1697a3064a34446bad819e384a790caf,0.073,,,
1793,2026-09-11,SZ300750,0.06263682246208191,EXP_LinearModel_Alpha158_csi300_custom_step0_s_20260911_16,032cde2d5ba84159ada71ce4f5a86290,0.016,,,
1794,2026-09-11,SZ300760,0.049521010369062424,EXP_LinearModel_Alpha158_csi300_custom_step0_s_20260911_16,032cde2d5ba84159ada71ce4f5a86290,0.016,,,
1795,2026-09-11,SZ300803,0.10325232893228531,EXP_LinearModel_Alpha158_csi300_custom_step0_s_20260911_16,032cde2d5ba84159ada71ce4f5a86290,0.016,,,
1796,2026-09-11,SZ300832,0.032163120806217194,EXP_LinearModel_Alpha158_csi300_custom_step0_s_20260911_16,032cde2d5ba84159ada71ce4f5a86290,0.016,,,
1797,2026-09-11,SZ300866,0.026200097054243088,EXP_LinearModel_Alpha158_csi300_custom_step0_s_20260911_16,032cde2d5ba84159ada71ce4f5a86290,0.016,,,
1798,2026-09-11,SZ300896,0.012655968777835369,EXP_LinearModel_Alpha158_csi300_custom_step0_s_20260911_16,032cde2d5ba84159ada71ce4f5a86290,0.016,,,
1799,2026-09-11,SZ300999,0.035949647426605225,EXP_LinearModel_Alpha158_csi300_custom_step0_s_20260911_16,032cde2d5ba84159ada71ce4f5a86290,0.016,,,
1800,2026-09-11,SZ301165,-0.020532729104161263,EXP_LinearModel_Alpha158_csi300_custom_step0_s_20260911_16,032cde2d5ba84159ada71ce4f5a86290,0.016,,,
1801,2026-09-11,SZ301236,0.03713184967637062,EXP_LinearModel_Alpha158_csi300_custom_step0_s_20260911_16,032cde2d5ba84159ada71ce4f5a86290,0.016,,,
1802,2026-09-11,SZ301269,0.04489971697330475,EXP_LinearModel_Alpha158_csi300_custom_step0_s_20260911_16,032cde2d5ba84159ada71ce4f5a86290,0.016,,,
1803,2026-09-11,SZ301308,0.30139246582984924,EXP_LinearModel_Alpha158_csi300_custom_step0_s_20260911_16,032cde2d5ba84159ada71ce4f5a86290,0.016,,,
1804,2026-09-11,SZ302132,-0.01557517983019352,EXP_LinearModel_Alpha158_csi300_custom_step0_s_20260911_16,032cde2d5ba84159ada71ce4f5a86290,0.016,,,
1805,2026-09-11,SH600000,-0.15441933274269104,EXP_LinearModel_Alpha158_csi300_custom_step0_s_20260911_16,1697a3064a34446bad819e384a790caf,0.073,,,
1806,2026-09-11,SH600009,-0.03061198815703392,EXP_LinearModel_Alpha158_csi300_custom_step0_s_20260911_16,1697a3064a34446bad819e384a790caf,0.073,,,
1807,2026-09-11,SH600010,-0.11546245962381363,EXP_LinearModel_Alpha158_csi300_custom_step0_s_20260911_16,1697a3064a34446bad819e384a790caf,0.073,,,
1808,2026-09-11,SH600011,-0.03611233830451965,EXP_LinearModel_Alpha158_csi300_custom_step0_s_20260911_16,1697a3064a34446bad819e384a790caf,0.073,,,
1809,2026-09-11,SH600015,-0.09752165526151657,EXP_LinearModel_Alpha158_csi300_custom_step0_s_20260911_16,1697a3064a34446bad819e384a790caf,0.073,,,
1810,2026-09-11,SH600048,-0.07512030005455017,EXP_LinearModel_Alpha158_csi300_custom_step0_s_20260911_16,1697a3064a34446bad819e384a790caf,0.073,,,
1811,2026-09-11,SH600039,-0.08640527725219727,EXP_LinearModel_Alpha158_csi300_custom_step0_s_20260911_16,1697a3064a34446bad819e384a790caf,0.073,,,
1812,2026-09-11,SH600036,-0.01465371623635292,EXP_LinearModel_Alpha158_csi300_custom_step0_s_20260911_16,1697a3064a34446bad819e384a790caf,0.073,,,
1813,2026-09-11,SH600031,-0.09406666457653046,EXP_LinearModel_Alpha158_csi300_custom_step0_s_20260911_16,1697a3064a34446bad819e384a790caf,0.073,,,
1814,2026-09-11,SH600030,-0.08486197143793106,EXP_LinearModel_Alpha158_csi300_custom_step0_s_20260911_16,1697a3064a34446bad819e384a790caf,0.073,,,
1815,2026-09-11,SH600029,-0.04409223049879074,EXP_LinearModel_Alpha158_csi300_custom_step0_s_20260911_16,1697a3064a34446bad819e384a790caf,0.073,,,
1816,2026-09-11,SH600061,-0.017475206404924393,EXP_LinearModel_Alpha158_csi300_custom_step0_s_20260911_16,1697a3064a34446bad819e384a790caf,0.073,,,
1817,2026-09-11,SH600028,0.10629657655954361,EXP_LinearModel_Alpha158_csi300_custom_step0_s_20260911_16,1697a3064a34446bad819e384a790caf,0.073,,,
1818,2026-09-11,SH600026,0.17008960247039795,EXP_LinearModel_Alpha158_csi300_custom_step0_s_20260911_16,1697a3064a34446bad819e384a790caf,0.073,,,
1819,2026-09-11,SH600025,-0.08406539261341095,EXP_LinearModel_Alpha158_csi300_custom_step0_s_20260911_16,1697a3064a34446bad819e384a790caf,0.073,,,
1820,2026-09-11,SH600023,-0.021316245198249817,EXP_LinearModel_Alpha158_csi300_custom_step0_s_20260911_16,1697a3064a34446bad819e384a790caf,0.073,,,
1821,2026-09-11,SH600019,-0.035254549235105515,EXP_LinearModel_Alpha158_csi300_custom_step0_s_20260911_16,1697a3064a34446bad819e384a790caf,0.073,,,
1822,2026-09-11,SH600018,-0.007311373949050903,EXP_LinearModel_Alpha158_csi300_custom_step0_s_20260911_16,1697a3064a34446bad819e384a790caf,0.073,,,
1823,2026-09-11,SH600016,0.0788995549082756,EXP_LinearModel_Alpha158_csi300_custom_step0_s_20260911_16,1697a3064a34446bad819e384a790caf,0.073,,,
1824,2026-09-11,SH600027,0.08948425948619843,EXP_LinearModel_Alpha158_csi300_custom_step0_s_20260911_16,1697a3064a34446bad819e384a790caf,0.073,,,
1825,2026-09-11,SZ000938,-0.05799302086234093,EXP_LinearModel_Alpha158_csi300_custom_step0_s_20260911_16,032cde2d5ba84159ada71ce4f5a86290,0.016,,,
1826,2026-09-11,SZ000895,-0.08803603798151016,EXP_LinearModel_Alpha158_csi300_custom_step0_s_20260911_16,032cde2d5ba84159ada71ce4f5a86290,0.016,,,
1827,2026-09-11,SZ000858,-0.08972549438476562,EXP_LinearModel_Alpha158_csi300_custom_step0_s_20260911_16,032cde2d5ba84159ada71ce4f5a86290,0.016,,,
1828,2026-09-11,SH601360,-0.007092705462127924,EXP_LinearModel_Alpha158_csi300_custom_step0_s_20260911_16,032cde2d5ba84159ada71ce4f5a86290,0.016,,,
1829,2026-09-11,SH601377,-0.039646025747060776,EXP_LinearModel_Alpha158_csi300_custom_step0_s_20260911_16,032cde2d5ba84159ada71ce4f5a86290,0.016,,,
1830,2026-09-11,SH601390,-0.007063181605190039,EXP_LinearModel_Alpha158_csi300_custom_step0_s_20260911_16,032cde2d5ba84159ada71ce4f5a86290,0.016,,,
1831,2026-09-11,SH601398,0.004418728873133659,EXP_LinearModel_Alpha158_csi300_custom_step0_s_20260911_16,032cde2d5ba84159ada71ce4f5a86290,0.016,,,
1832,2026-09-11,SH601456,-0.12927000224590302,EXP_LinearModel_Alpha158_csi300_custom_step0_s_20260911_16,032cde2d5ba84159ada71ce4f5a86290,0.016,,,
1833,2026-09-11,SH601600,-0.012968054041266441,EXP_LinearModel_Alpha158_csi300_custom_step0_s_20260911_16,032cde2d5ba84159ada71ce4f5a86290,0.016,,,
1834,2026-09-11,SH601601,0.024201765656471252,EXP_LinearModel_Alpha158_csi300_custom_step0_s_20260911_16,032cde2d5ba84159ada71ce4f5a86290,0.016,,,
1835,2026-09-11,SH601607,-0.021290604025125504,EXP_LinearModel_Alpha158_csi300_custom_step0_s_20260911_16,032cde2d5ba84159ada71ce4f5a86290,0.016,,,
1836,2026-09-11,SH601618,-0.0176058541983366,EXP_LinearModel_Alpha158_csi300_custom_step0_s_20260911_16,032cde2d5ba84159ada71ce4f5a86290,0.016,,,
1837,2026-09-11,SH601628,-0.02790355309844017,EXP_LinearModel_Alpha158_csi300_custom_step0_s_20260911_16,032cde2d5ba84159ada71ce4f5a86290,0.016,,,
1838,2026-09-11,SH601633,-0.09762323647737503,EXP_LinearModel_Alpha158_csi300_custom_step0_s_20260911_16,032cde2d5ba84159ada71ce4f5a86290,0.016,,,
1839,2026-09-11,SH601658,0.0057832663878798485,EXP_LinearModel_Alpha158_csi300_custom_step0_s_20260911_16,032cde2d5ba84159ada71ce4f5a86290,0.016,,,
1840,2026-09-11,SH601668,-0.0032463474199175835,EXP_LinearModel_Alpha158_csi300_custom_step0_s_20260911_16,032cde2d5ba84159ada71ce4f5a86290,0.016,,,
1841,2026-09-11,SH601669,-0.06747221946716309,EXP_LinearModel_Alpha158_csi300_custom_step0_s_20260911_16,032cde2d5ba84159ada71ce4f5a86290,0.016,,,
1842,2026-09-11,SH601688,0.02560485154390335,EXP_LinearModel_Alpha158_csi300_custom_step0_s_20260911_16,032cde2d5ba84159ada71ce4f5a86290,0.016,,,
1843,2026-09-11,SH601689,0.10420049726963043,EXP_LinearModel_Alpha158_csi300_custom_step0_s_20260911_16,032cde2d5ba84159ada71ce4f5a86290,0.016,,,
1844,2026-09-11,SH601698,0.054385703057050705,EXP_LinearModel_Alpha158_csi300_custom_step0_s_20260911_16,032cde2d5ba84159ada71ce4f5a86290,0.016,,,
1845,2026-09-11,SH601878,-0.10412853956222534,EXP_LinearModel_Alpha158_csi300_custom_step0_s_20260911_16,032cde2d5ba84159ada71ce4f5a86290,0.016,,,
1846,2026-09-11,SH601877,-0.036159269511699677,EXP_LinearModel_Alpha158_csi300_custom_step0_s_20260911_16,032cde2d5ba84159ada71ce4f5a86290,0.016,,,
1847,2026-09-11,SH601872,-0.0625351220369339,EXP_LinearModel_Alpha158_csi300_custom_step0_s_20260911_16,032cde2d5ba84159ada71ce4f5a86290,0.016,,,
1848,2026-09-11,SH601868,-0.03625332564115524,EXP_LinearModel_Alpha158_csi300_custom_step0_s_20260911_16,032cde2d5ba84159ada71ce4f5a86290,0.016,,,
1849,2026-09-11,SH601857,-0.015801096335053444,EXP_LinearModel_Alpha158_csi300_custom_step0_s_20260911_16,032cde2d5ba84159ada71ce4f5a86290,0.016,,,
1850,2026-09-11,SH601838,0.03596499562263489,EXP_LinearModel_Alpha158_csi300_custom_step0_s_20260911_16,032cde2d5ba84159ada71ce4f5a86290,0.016,,,
1851,2026-09-11,SH601336,-0.04655382037162781,EXP_LinearModel_Alpha158_csi300_custom_step0_s_20260911_16,032cde2d5ba84159ada71ce4f5a86290,0.016,,,
1852,2026-09-11,SH601825,0.033254578709602356,EXP_LinearModel_Alpha158_csi300_custom_step0_s_20260911_16,032cde2d5ba84159ada71ce4f5a86290,0.016,,,
1853,2026-09-11,SH601816,-0.08063168078660965,EXP_LinearModel_Alpha158_csi300_custom_step0_s_20260911_16,032cde2d5ba84159ada71ce4f5a86290,0.016,,,
1854,2026-09-11,SH601800,0.011985130608081818,EXP_LinearModel_Alpha158_csi300_custom_step0_s_20260911_16,032cde2d5ba84159ada71ce4f5a86290,0.016,,,
1855,2026-09-11,SH601788,-0.06170620769262314,EXP_LinearModel_Alpha158_csi300_custom_step0_s_20260911_16,032cde2d5ba84159ada71ce4f5a86290,0.016,,,
1856,2026-09-11,SH601766,-0.014137417078018188,EXP_LinearModel_Alpha158_csi300_custom_step0_s_20260911_16,032cde2d5ba84159ada71ce4f5a86290,0.016,,,
1857,2026-09-11,SH601728,-0.03664203733205795,EXP_LinearModel_Alpha158_csi300_custom_step0_s_20260911_16,032cde2d5ba84159ada71ce4f5a86290,0.016,,,
1858,2026-09-11,SH601727,0.0361211895942688,EXP_LinearModel_Alpha158_csi300_custom_step0_s_20260911_16,032cde2d5ba84159ada71ce4f5a86290,0.016,,,
1859,2026-09-11,SH601818,-0.06514494866132736,EXP_LinearModel_Alpha158_csi300_custom_step0_s_20260911_16,032cde2d5ba84159ada71ce4f5a86290,0.016,,,
1860,2026-09-11,SH601881,-0.0765518844127655,EXP_LinearModel_Alpha158_csi300_custom_step0_s_20260911_16,032cde2d5ba84159ada71ce4f5a86290,0.016,,,
1861,2026-09-11,SH601328,0.03325929865241051,EXP_LinearModel_Alpha158_csi300_custom_step0_s_20260911_16,032cde2d5ba84159ada71ce4f5a86290,0.016,,,
1862,2026-09-11,SH601318,-0.000153430737555027,EXP_LinearModel_Alpha158_csi300_custom_step0_s_20260911_16,032cde2d5ba84159ada71ce4f5a86290,0.016,,,
1863,2026-09-11,SH600926,0.044490616768598557,EXP_LinearModel_Alpha158_csi300_custom_step0_s_20260911_16,032cde2d5ba84159ada71ce4f5a86290,0.016,,,
1864,2026-09-11,SH600930,0.02550545148551464,EXP_LinearModel_Alpha158_csi300_custom_step0_s_20260911_16,032cde2d5ba84159ada71ce4f5a86290,0.016,,,
1865,2026-09-11,SH600938,-0.022664416581392288,EXP_LinearModel_Alpha158_csi300_custom_step0_s_20260911_16,032cde2d5ba84159ada71ce4f5a86290,0.016,,,
1866,2026-09-11,SH600941,-0.0033663916401565075,EXP_LinearModel_Alpha158_csi300_custom_step0_s_20260911_16,032cde2d5ba84159ada71ce4f5a86290,0.016,,,
1867,2026-09-11,SH600958,-0.0309987161308527,EXP_LinearModel_Alpha158_csi300_custom_step0_s_20260911_16,032cde2d5ba84159ada71ce4f5a86290,0.016,,,
1868,2026-09-11,SH600989,-0.014650776982307434,EXP_LinearModel_Alpha158_csi300_custom_step0_s_20260911_16,032cde2d5ba84159ada71ce4f5a86290,0.016,,,
1869,2026-09-11,SH600999,0.015068309381604195,EXP_LinearModel_Alpha158_csi300_custom_step0_s_20260911_16,032cde2d5ba84159ada71ce4f5a86290,0.016,,,
1870,2026-09-11,SH601006,0.04255948215723038,EXP_LinearModel_Alpha158_csi300_custom_step0_s_20260911_16,032cde2d5ba84159ada71ce4f5a86290,0.016,,,
1871,2026-09-11,SH601009,0.06065017357468605,EXP_LinearModel_Alpha158_csi300_custom_step0_s_20260911_16,032cde2d5ba84159ada71ce4f5a86290,0.016,,,
1872,2026-09-11,SH601012,-0.020269375294446945,EXP_LinearModel_Alpha158_csi300_custom_step0_s_20260911_16,032cde2d5ba84159ada71ce4f5a86290,0.016,,,
1873,2026-09-11,SH601018,0.05061858147382736,EXP_LinearModel_Alpha158_csi300_custom_step0_s_20260911_16,032cde2d5ba84159ada71ce4f5a86290,0.016,,,
1874,2026-09-11,SH601021,-0.05524435639381409,EXP_LinearModel_Alpha158_csi300_custom_step0_s_20260911_16,032cde2d5ba84159ada71ce4f5a86290,0.016,,,
1875,2026-09-11,SH601058,-0.006927946582436562,EXP_LinearModel_Alpha158_csi300_custom_step0_s_20260911_16,032cde2d5ba84159ada71ce4f5a86290,0.016,,,
1876,2026-09-11,SH601059,-0.05037623271346092,EXP_LinearModel_Alpha158_csi300_custom_step0_s_20260911_16,032cde2d5ba84159ada71ce4f5a86290,0.016,,,
1877,2026-09-11,SH601066,-0.0325884073972702,EXP_LinearModel_Alpha158_csi300_custom_step0_s_20260911_16,032cde2d5ba84159ada71ce4f5a86290,0.016,,,
1878,2026-09-11,SH601077,0.03038495033979416,EXP_LinearModel_Alpha158_csi300_custom_step0_s_20260911_16,032cde2d5ba84159ada71ce4f5a86290,0.016,,,
1879,2026-09-11,SH601088,0.0023542295675724745,EXP_LinearModel_Alpha158_csi300_custom_step0_s_20260911_16,032cde2d5ba84159ada71ce4f5a86290,0.016,,,
1880,2026-09-11,SH601288,0.02410397306084633,EXP_LinearModel_Alpha158_csi300_custom_step0_s_20260911_16,032cde2d5ba84159ada71ce4f5a86290,0.016,,,
1881,2026-09-11,SH601238,-0.023737452924251556,EXP_LinearModel_Alpha158_csi300_custom_step0_s_20260911_16,032cde2d5ba84159ada71ce4f5a86290,0.016,,,
1882,2026-09-11,SH601229,-0.043960265815258026,EXP_LinearModel_Alpha158_csi300_custom_step0_s_20260911_16,032cde2d5ba84159ada71ce4f5a86290,0.016,,,
1883,2026-09-11,SH601225,0.032790396362543106,EXP_LinearModel_Alpha158_csi300_custom_step0_s_20260911_16,032cde2d5ba84159ada71ce4f5a86290,0.016,,,
1884,2026-09-11,SH601211,-0.03684694319963455,EXP_LinearModel_Alpha158_csi300_custom_step0_s_20260911_16,032cde2d5ba84159ada71ce4f5a86290,0.016,,,
1885,2026-09-11,SH601186,0.004940824117511511,EXP_LinearModel_Alpha158_csi300_custom_step0_s_20260911_16,032cde2d5ba84159ada71ce4f5a86290,0.016,,,
1886,2026-09-11,SH601319,0.02828270196914673,EXP_LinearModel_Alpha158_csi300_custom_step0_s_20260911_16,032cde2d5ba84159ada71ce4f5a86290,0.016,,,
1887,2026-09-11,SH601169,0.009960867464542389,EXP_LinearModel_Alpha158_csi300_custom_step0_s_20260911_16,032cde2d5ba84159ada71ce4f5a86290,0.016,,,
1888,2026-09-11,SH601138,0.0584108866751194,EXP_LinearModel_Alpha158_csi300_custom_step0_s_20260911_16,032cde2d5ba84159ada71ce4f5a86290,0.016,,,
1889,2026-09-11,SH601136,-0.006890003103762865,EXP_LinearModel_Alpha158_csi300_custom_step0_s_20260911_16,032cde2d5ba84159ada71ce4f5a86290,0.016,,,
1890,2026-09-11,SH601127,0.10023723542690277,EXP_LinearModel_Alpha158_csi300_custom_step0_s_20260911_16,032cde2d5ba84159ada71ce4f5a86290,0.016,,,
1891,2026-09-11,SH601117,-0.08555598556995392,EXP_LinearModel_Alpha158_csi300_custom_step0_s_20260911_16,032cde2d5ba84159ada71ce4f5a86290,0.016,,,
1892,2026-09-11,SH601111,-0.021716011688113213,EXP_LinearModel_Alpha158_csi300_custom_step0_s_20260911_16,032cde2d5ba84159ada71ce4f5a86290,0.016,,,
1893,2026-09-11,SH601100,-0.017878888174891472,EXP_LinearModel_Alpha158_csi300_custom_step0_s_20260911_16,032cde2d5ba84159ada71ce4f5a86290,0.016,,,
1894,2026-09-11,SH601166,-0.04512028396129608,EXP_LinearModel_Alpha158_csi300_custom_step0_s_20260911_16,032cde2d5ba84159ada71ce4f5a86290,0.016,,,
1895,2026-09-11,SH601888,-0.038660988211631775,EXP_LinearModel_Alpha158_csi300_custom_step0_s_20260911_16,032cde2d5ba84159ada71ce4f5a86290,0.016,,,
1896,2026-09-11,SH601898,0.01217674184590578,EXP_LinearModel_Alpha158_csi300_custom_step0_s_20260911_16,032cde2d5ba84159ada71ce4f5a86290,0.016,,,
1897,2026-09-11,SH601899,-0.03239325433969498,EXP_LinearModel_Alpha158_csi300_custom_step0_s_20260911_16,032cde2d5ba84159ada71ce4f5a86290,0.016,,,
1898,2026-09-11,SH688303,0.02119642123579979,EXP_LinearModel_Alpha158_csi300_custom_step0_s_20260911_16,032cde2d5ba84159ada71ce4f5a86290,0.016,,,
1899,2026-09-11,SH688396,0.14585472643375397,EXP_LinearModel_Alpha158_csi300_custom_step0_s_20260911_16,032cde2d5ba84159ada71ce4f5a86290,0.016,,,
1900,2026-09-11,SH688472,0.09499197453260422,EXP_LinearModel_Alpha158_csi300_custom_step0_s_20260911_16,032cde2d5ba84159ada71ce4f5a86290,0.016,,,
1901,2026-09-11,SH688506,0.14816316962242126,EXP_LinearModel_Alpha158_csi300_custom_step0_s_20260911_16,032cde2d5ba84159ada71ce4f5a86290,0.016,,,
1902,2026-09-11,SH688521,0.18521475791931152,EXP_LinearModel_Alpha158_csi300_custom_step0_s_20260911_16,032cde2d5ba84159ada71ce4f5a86290,0.016,,,
1903,2026-09-11,SH688981,0.02893318049609661,EXP_LinearModel_Alpha158_csi300_custom_step0_s_20260911_16,032cde2d5ba84159ada71ce4f5a86290,0.016,,,
1904,2026-09-11,SZ000001,0.03380546718835831,EXP_LinearModel_Alpha158_csi300_custom_step0_s_20260911_16,032cde2d5ba84159ada71ce4f5a86290,0.016,,,
1905,2026-09-11,SZ000002,0.008732907474040985,EXP_LinearModel_Alpha158_csi300_custom_step0_s_20260911_16,032cde2d5ba84159ada71ce4f5a86290,0.016,,,
1906,2026-09-11,SZ000063,-0.03191182389855385,EXP_LinearModel_Alpha158_csi300_custom_step0_s_20260911_16,032cde2d5ba84159ada71ce4f5a86290,0.016,,,
1907,2026-09-11,SZ000100,-0.05648672953248024,EXP_LinearModel_Alpha158_csi300_custom_step0_s_20260911_16,032cde2d5ba84159ada71ce4f5a86290,0.016,,,
1908,2026-09-11,SZ000157,-0.08090005069971085,EXP_LinearModel_Alpha158_csi300_custom_step0_s_20260911_16,032cde2d5ba84159ada71ce4f5a86290,0.016,,,
1909,2026-09-11,SZ000166,-0.013789658434689045,EXP_LinearModel_Alpha158_csi300_custom_step0_s_20260911_16,032cde2d5ba84159ada71ce4f5a86290,0.016,,,
1910,2026-09-11,SZ000301,0.01692301034927368,EXP_LinearModel_Alpha158_csi300_custom_step0_s_20260911_16,032cde2d5ba84159ada71ce4f5a86290,0.016,,,
1911,2026-09-11,SZ000333,0.040189944207668304,EXP_LinearModel_Alpha158_csi300_custom_step0_s_20260911_16,032cde2d5ba84159ada71ce4f5a86290,0.016,,,
1912,2026-09-11,SZ000338,0.09259629994630814,EXP_LinearModel_Alpha158_csi300_custom_step0_s_20260911_16,032cde2d5ba84159ada71ce4f5a86290,0.016,,,
1913,2026-09-11,SZ000408,-0.00961803924292326,EXP_LinearModel_Alpha158_csi300_custom_step0_s_20260911_16,032cde2d5ba84159ada71ce4f5a86290,0.016,,,
1914,2026-09-11,SZ000425,-0.04059876129031181,EXP_LinearModel_Alpha158_csi300_custom_step0_s_20260911_16,032cde2d5ba84159ada71ce4f5a86290,0.016,,,
1915,2026-09-11,SZ000807,-0.007642847951501608,EXP_LinearModel_Alpha158_csi300_custom_step0_s_20260911_16,032cde2d5ba84159ada71ce4f5a86290,0.016,,,
1916,2026-09-11,SZ000792,-0.03855728358030319,EXP_LinearModel_Alpha158_csi300_custom_step0_s_20260911_16,032cde2d5ba84159ada71ce4f5a86290,0.016,,,
1917,2026-09-11,SZ000776,0.014512448571622372,EXP_LinearModel_Alpha158_csi300_custom_step0_s_20260911_16,032cde2d5ba84159ada71ce4f5a86290,0.016,,,
1918,2026-09-11,SZ000768,0.04524064436554909,EXP_LinearModel_Alpha158_csi300_custom_step0_s_20260911_16,032cde2d5ba84159ada71ce4f5a86290,0.016,,,
1919,2026-09-11,SZ000725,0.05960424989461899,EXP_LinearModel_Alpha158_csi300_custom_step0_s_20260911_16,032cde2d5ba84159ada71ce4f5a86290,0.016,,,
1920,2026-09-11,SZ000708,-0.06088116392493248,EXP_LinearModel_Alpha158_csi300_custom_step0_s_20260911_16,032cde2d5ba84159ada71ce4f5a86290,0.016,,,
1921,2026-09-11,SH688271,-0.06205219775438309,EXP_LinearModel_Alpha158_csi300_custom_step0_s_20260911_16,032cde2d5ba84159ada71ce4f5a86290,0.016,,,
1922,2026-09-11,SZ000657,0.1439172476530075,EXP_LinearModel_Alpha158_csi300_custom_step0_s_20260911_16,032cde2d5ba84159ada71ce4f5a86290,0.016,,,
1923,2026-09-11,SZ000630,0.044168028980493546,EXP_LinearModel_Alpha158_csi300_custom_step0_s_20260911_16,032cde2d5ba84159ada71ce4f5a86290,0.016,,,
1924,2026-09-11,SZ000625,-0.028621815145015717,EXP_LinearModel_Alpha158_csi300_custom_step0_s_20260911_16,032cde2d5ba84159ada71ce4f5a86290,0.016,,,
1925,2026-09-11,SZ000617,0.03257736563682556,EXP_LinearModel_Alpha158_csi300_custom_step0_s_20260911_16,032cde2d5ba84159ada71ce4f5a86290,0.016,,,
1926,2026-09-11,SZ000596,0.018498223274946213,EXP_LinearModel_Alpha158_csi300_custom_step0_s_20260911_16,032cde2d5ba84159ada71ce4f5a86290,0.016,,,
1927,2026-09-11,SZ000568,-0.017331566661596298,EXP_LinearModel_Alpha158_csi300_custom_step0_s_20260911_16,032cde2d5ba84159ada71ce4f5a86290,0.016,,,
1928,2026-09-11,SZ000538,0.02182319201529026,EXP_LinearModel_Alpha158_csi300_custom_step0_s_20260911_16,032cde2d5ba84159ada71ce4f5a86290,0.016,,,
1929,2026-09-11,SZ000651,-0.004236992448568344,EXP_LinearModel_Alpha158_csi300_custom_step0_s_20260911_16,032cde2d5ba84159ada71ce4f5a86290,0.016,,,
1930,2026-09-11,SH688256,0.03991773724555969,EXP_LinearModel_Alpha158_csi300_custom_step0_s_20260911_16,032cde2d5ba84159ada71ce4f5a86290,0.016,,,
1931,2026-09-11,SH688223,-0.007461010478436947,EXP_LinearModel_Alpha158_csi300_custom_step0_s_20260911_16,032cde2d5ba84159ada71ce4f5a86290,0.016,,,
1932,2026-09-11,SH688183,0.015350772067904472,EXP_LinearModel_Alpha158_csi300_custom_step0_s_20260911_16,032cde2d5ba84159ada71ce4f5a86290,0.016,,,
1933,2026-09-11,SH603369,0.04965810105204582,EXP_LinearModel_Alpha158_csi300_custom_step0_s_20260911_16,032cde2d5ba84159ada71ce4f5a86290,0.016,,,
1934,2026-09-11,SH603296,0.0013213681522756815,EXP_LinearModel_Alpha158_csi300_custom_step0_s_20260911_16,032cde2d5ba84159ada71ce4f5a86290,0.016,,,
1935,2026-09-11,SH603288,-0.010924418456852436,EXP_LinearModel_Alpha158_csi300_custom_step0_s_20260911_16,032cde2d5ba84159ada71ce4f5a86290,0.016,,,
1936,2026-09-11,SH603260,0.09078311920166016,EXP_LinearModel_Alpha158_csi300_custom_step0_s_20260911_16,032cde2d5ba84159ada71ce4f5a86290,0.016,,,
1937,2026-09-11,SH603259,-0.08205106109380722,EXP_LinearModel_Alpha158_csi300_custom_step0_s_20260911_16,032cde2d5ba84159ada71ce4f5a86290,0.016,,,
1938,2026-09-11,SH603019,0.013371218927204609,EXP_LinearModel_Alpha158_csi300_custom_step0_s_20260911_16,032cde2d5ba84159ada71ce4f5a86290,0.016,,,
1939,2026-09-11,SH603392,0.010425247251987457,EXP_LinearModel_Alpha158_csi300_custom_step0_s_20260911_16,032cde2d5ba84159ada71ce4f5a86290,0.016,,,
1940,2026-09-11,SH601998,0.08623965829610825,EXP_LinearModel_Alpha158_csi300_custom_step0_s_20260911_16,032cde2d5ba84159ada71ce4f5a86290,0.016,,,
1941,2026-09-11,SH601988,-0.0020442097447812557,EXP_LinearModel_Alpha158_csi300_custom_step0_s_20260911_16,032cde2d5ba84159ada71ce4f5a86290,0.016,,,
1942,2026-09-11,SH601985,-0.0249222069978714,EXP_LinearModel_Alpha158_csi300_custom_step0_s_20260911_16,032cde2d5ba84159ada71ce4f5a86290,0.016,,,
1943,2026-09-11,SH601939,0.015514018014073372,EXP_LinearModel_Alpha158_csi300_custom_step0_s_20260911_16,032cde2d5ba84159ada71ce4f5a86290,0.016,,,
1944,2026-09-11,SH601919,-0.005223127547651529,EXP_LinearModel_Alpha158_csi300_custom_step0_s_20260911_16,032cde2d5ba84159ada71ce4f5a86290,0.016,,,
1945,2026-09-11,SH601916,0.0036728871054947376,EXP_LinearModel_Alpha158_csi300_custom_step0_s_20260911_16,032cde2d5ba84159ada71ce4f5a86290,0.016,,,
1946,2026-09-11,SH601901,-0.002828190801665187,EXP_LinearModel_Alpha158_csi300_custom_step0_s_20260911_16,032cde2d5ba84159ada71ce4f5a86290,0.016,,,
1947,2026-09-11,SH601995,-0.05059090629220009,EXP_LinearModel_Alpha158_csi300_custom_step0_s_20260911_16,032cde2d5ba84159ada71ce4f5a86290,0.016,,,
1948,2026-09-11,SH600549,-0.042869314551353455,EXP_LinearModel_Alpha158_csi300_custom_step0_s_20260911_16,1697a3064a34446bad819e384a790caf,0.073,,,
1949,2026-09-11,SH603501,0.06610789895057678,EXP_LinearModel_Alpha158_csi300_custom_step0_s_20260911_16,032cde2d5ba84159ada71ce4f5a86290,0.016,,,
1950,2026-09-11,SH603893,-0.043275732547044754,EXP_LinearModel_Alpha158_csi300_custom_step0_s_20260911_16,032cde2d5ba84159ada71ce4f5a86290,0.016,,,
1951,2026-09-11,SH688126,0.1182507798075676,EXP_LinearModel_Alpha158_csi300_custom_step0_s_20260911_16,032cde2d5ba84159ada71ce4f5a86290,0.016,,,
1952,2026-09-11,SH688111,0.00737348198890686,EXP_LinearModel_Alpha158_csi300_custom_step0_s_20260911_16,032cde2d5ba84159ada71ce4f5a86290,0.016,,,
1953,2026-09-11,SH688082,0.14647184312343597,EXP_LinearModel_Alpha158_csi300_custom_step0_s_20260911_16,032cde2d5ba84159ada71ce4f5a86290,0.016,,,
1954,2026-09-11,SH688072,0.07843294739723206,EXP_LinearModel_Alpha158_csi300_custom_step0_s_20260911_16,032cde2d5ba84159ada71ce4f5a86290,0.016,,,
1955,2026-09-11,SH688047,0.1292903870344162,EXP_LinearModel_Alpha158_csi300_custom_step0_s_20260911_16,032cde2d5ba84159ada71ce4f5a86290,0.016,,,
1956,2026-09-11,SH688041,0.18512651324272156,EXP_LinearModel_Alpha158_csi300_custom_step0_s_20260911_16,032cde2d5ba84159ada71ce4f5a86290,0.016,,,
1957,2026-09-11,SH603799,0.05265960097312927,EXP_LinearModel_Alpha158_csi300_custom_step0_s_20260911_16,032cde2d5ba84159ada71ce4f5a86290,0.016,,,
1958,2026-09-11,SH688036,-0.020209576934576035,EXP_LinearModel_Alpha158_csi300_custom_step0_s_20260911_16,032cde2d5ba84159ada71ce4f5a86290,0.016,,,
1959,2026-09-11,SH688009,-0.10325268656015396,EXP_LinearModel_Alpha158_csi300_custom_step0_s_20260911_16,032cde2d5ba84159ada71ce4f5a86290,0.016,,,
1960,2026-09-11,SH688008,0.25927212834358215,EXP_LinearModel_Alpha158_csi300_custom_step0_s_20260911_16,032cde2d5ba84159ada71ce4f5a86290,0.016,,,
1961,2026-09-11,SH605499,0.03912355378270149,EXP_LinearModel_Alpha158_csi300_custom_step0_s_20260911_16,032cde2d5ba84159ada71ce4f5a86290,0.016,,,
1962,2026-09-11,SH605117,0.15486592054367065,EXP_LinearModel_Alpha158_csi300_custom_step0_s_20260911_16,032cde2d5ba84159ada71ce4f5a86290,0.016,,,
1963,2026-09-11,SH603993,0.0037353062070906162,EXP_LinearModel_Alpha158_csi300_custom_step0_s_20260911_16,032cde2d5ba84159ada71ce4f5a86290,0.016,,,
1964,2026-09-11,SH603986,0.21847379207611084,EXP_LinearModel_Alpha158_csi300_custom_step0_s_20260911_16,032cde2d5ba84159ada71ce4f5a86290,0.016,,,
1965,2026-09-11,SH688012,0.07330426573753357,EXP_LinearModel_Alpha158_csi300_custom_step0_s_20260911_16,032cde2d5ba84159ada71ce4f5a86290,0.016,,,
1966,2026-09-11,SH600570,-0.013659413903951645,EXP_LinearModel_Alpha158_csi300_custom_step0_s_20260911_16,1697a3064a34446bad819e384a790caf,0.073,,,
1967,2026-09-11,SH600584,0.1819758117198944,EXP_LinearModel_Alpha158_csi300_custom_step0_s_20260911_16,1697a3064a34446bad819e384a790caf,0.073,,,
1968,2026-09-11,SH600585,-0.014092456549406052,EXP_LinearModel_Alpha158_csi300_custom_step0_s_20260911_16,1697a3064a34446bad819e384a790caf,0.073,,,
1969,2026-09-11,SZ002202,-0.07567088305950165,EXP_LinearModel_Alpha158_csi300_custom_step0_s_20260911_16,1697a3064a34446bad819e384a790caf,0.073,,,
1970,2026-09-11,SZ002230,0.022152304649353027,EXP_LinearModel_Alpha158_csi300_custom_step0_s_20260911_16,1697a3064a34446bad819e384a790caf,0.073,,,
1971,2026-09-11,SZ002236,-0.16722753643989563,EXP_LinearModel_Alpha158_csi300_custom_step0_s_20260911_16,1697a3064a34446bad819e384a790caf,0.073,,,
1972,2026-09-11,SZ002241,-0.10474122315645218,EXP_LinearModel_Alpha158_csi300_custom_step0_s_20260911_16,1697a3064a34446bad819e384a790caf,0.073,,,
1973,2026-09-11,SZ002304,-0.09251478314399719,EXP_LinearModel_Alpha158_csi300_custom_step0_s_20260911_16,1697a3064a34446bad819e384a790caf,0.073,,,
1974,2026-09-11,SZ002311,-0.05395336449146271,EXP_LinearModel_Alpha158_csi300_custom_step0_s_20260911_16,1697a3064a34446bad819e384a790caf,0.073,,,
1975,2026-09-11,SZ002352,-0.03173862770199776,EXP_LinearModel_Alpha158_csi300_custom_step0_s_20260911_16,1697a3064a34446bad819e384a790caf,0.073,,,
1976,2026-09-11,SZ002353,-0.03750857338309288,EXP_LinearModel_Alpha158_csi300_custom_step0_s_20260911_16,1697a3064a34446bad819e384a790caf,0.073,,,
1977,2026-09-11,SZ002371,0.06639987230300903,EXP_LinearModel_Alpha158_csi300_custom_step0_s_20260911_16,1697a3064a34446bad819e384a790caf,0.073,,,
1978,2026-09-11,SZ002384,-0.0829601138830185,EXP_LinearModel_Alpha158_csi300_custom_step0_s_20260911_16,1697a3064a34446bad819e384a790caf,0.073,,,
1979,2026-09-11,SZ002415,-0.09564487636089325,EXP_LinearModel_Alpha158_csi300_custom_step0_s_20260911_16,1697a3064a34446bad819e384a790caf,0.073,,,
1980,2026-09-11,SZ002422,0.0429026260972023,EXP_LinearModel_Alpha158_csi300_custom_step0_s_20260911_16,1697a3064a34446bad819e384a790caf,0.073,,,
1981,2026-09-11,SZ002460,0.015230819582939148,EXP_LinearModel_Alpha158_csi300_custom_step0_s_20260911_16,1697a3064a34446bad819e384a790caf,0.073,,,
1982,2026-09-11,SZ002463,-0.07737348973751068,EXP_LinearModel_Alpha158_csi300_custom_step0_s_20260911_16,1697a3064a34446bad819e384a790caf,0.073,,,
1983,2026-09-11,SZ002466,-0.018775682896375656,EXP_LinearModel_Alpha158_csi300_custom_step0_s_20260911_16,1697a3064a34446bad819e384a790caf,0.073,,,
1984,2026-09-11,SZ002475,-0.05239417031407356,EXP_LinearModel_Alpha158_csi300_custom_step0_s_20260911_16,1697a3064a34446bad819e384a790caf,0.073,,,
1985,2026-09-11,SZ002493,0.17848557233810425,EXP_LinearModel_Alpha158_csi300_custom_step0_s_20260911_16,1697a3064a34446bad819e384a790caf,0.073,,,
1986,2026-09-11,SZ002938,-0.2204512655735016,EXP_LinearModel_Alpha158_csi300_custom_step0_s_20260911_16,1697a3064a34446bad819e384a790caf,0.073,,,
1987,2026-09-11,SZ002920,-0.08670803904533386,EXP_LinearModel_Alpha158_csi300_custom_step0_s_20260911_16,1697a3064a34446bad819e384a790caf,0.073,,,
1988,2026-09-11,SZ002916,-0.020914610475301743,EXP_LinearModel_Alpha158_csi300_custom_step0_s_20260911_16,1697a3064a34446bad819e384a790caf,0.073,,,
1989,2026-09-11,SZ002837,0.04960431531071663,EXP_LinearModel_Alpha158_csi300_custom_step0_s_20260911_16,1697a3064a34446bad819e384a790caf,0.073,,,
1990,2026-09-11,SZ002736,-0.0760720744729042,EXP_LinearModel_Alpha158_csi300_custom_step0_s_20260911_16,1697a3064a34446bad819e384a790caf,0.073,,,
1991,2026-09-11,SZ002714,-0.05134391784667969,EXP_LinearModel_Alpha158_csi300_custom_step0_s_20260911_16,1697a3064a34446bad819e384a790caf,0.073,,,
1992,2026-09-11,SZ002179,-0.049738362431526184,EXP_LinearModel_Alpha158_csi300_custom_step0_s_20260911_16,1697a3064a34446bad819e384a790caf,0.073,,,
1993,2026-09-11,SZ002709,0.04299052059650421,EXP_LinearModel_Alpha158_csi300_custom_step0_s_20260911_16,1697a3064a34446bad819e384a790caf,0.073,,,
1994,2026-09-11,SZ002625,-0.10011714696884155,EXP_LinearModel_Alpha158_csi300_custom_step0_s_20260911_16,1697a3064a34446bad819e384a790caf,0.073,,,
1995,2026-09-11,SZ002602,-0.08779668062925339,EXP_LinearModel_Alpha158_csi300_custom_step0_s_20260911_16,1697a3064a34446bad819e384a790caf,0.073,,,
1996,2026-09-11,SZ002600,0.016347341239452362,EXP_LinearModel_Alpha158_csi300_custom_step0_s_20260911_16,1697a3064a34446bad819e384a790caf,0.073,,,
1997,2026-09-11,SZ002594,-0.02983126975595951,EXP_LinearModel_Alpha158_csi300_custom_step0_s_20260911_16,1697a3064a34446bad819e384a790caf,0.073,,,
1998,2026-09-11,SZ002558,-0.016196053475141525,EXP_LinearModel_Alpha158_csi300_custom_step0_s_20260911_16,1697a3064a34446bad819e384a790caf,0.073,,,
1999,2026-09-11,SZ002532,-0.0885728970170021,EXP_LinearModel_Alpha158_csi300_custom_step0_s_20260911_16,1697a3064a34446bad819e384a790caf,0.073,,,
2000,2026-09-11,SZ002648,0.09792385250329971,EXP_LinearModel_Alpha158_csi300_custom_step0_s_20260911_16,1697a3064a34446bad819e384a790caf,0.073,,,
2001,2026-09-11,SZ003816,0.0538044348359108,EXP_LinearModel_Alpha158_csi300_custom_step0_s_20260911_16,1697a3064a34446bad819e384a790caf,0.073,,,
2002,2026-09-11,SZ002142,0.1278039962053299,EXP_LinearModel_Alpha158_csi300_custom_step0_s_20260911_16,1697a3064a34446bad819e384a790caf,0.073,,,
2003,2026-09-11,SZ002050,-0.05012943595647812,EXP_LinearModel_Alpha158_csi300_custom_step0_s_20260911_16,1697a3064a34446bad819e384a790caf,0.073,,,
2004,2026-09-11,SZ000425,-0.17019984126091003,EXP_LinearModel_Alpha158_csi300_custom_step0_s_20260911_16,1697a3064a34446bad819e384a790caf,0.073,,,
2005,2026-09-11,SZ000538,0.02941051498055458,EXP_LinearModel_Alpha158_csi300_custom_step0_s_20260911_16,1697a3064a34446bad819e384a790caf,0.073,,,
2006,2026-09-11,SZ000568,-0.09858987480401993,EXP_LinearModel_Alpha158_csi300_custom_step0_s_20260911_16,1697a3064a34446bad819e384a790caf,0.073,,,
2007,2026-09-11,SZ000596,-0.09820027649402618,EXP_LinearModel_Alpha158_csi300_custom_step0_s_20260911_16,1697a3064a34446bad819e384a790caf,0.073,,,
2008,2026-09-11,SZ000617,-0.04447803646326065,EXP_LinearModel_Alpha158_csi300_custom_step0_s_20260911_16,1697a3064a34446bad819e384a790caf,0.073,,,
2009,2026-09-11,SZ000625,-0.02494638040661812,EXP_LinearModel_Alpha158_csi300_custom_step0_s_20260911_16,1697a3064a34446bad819e384a790caf,0.073,,,
2010,2026-09-11,SZ000630,-0.0761951133608818,EXP_LinearModel_Alpha158_csi300_custom_step0_s_20260911_16,1697a3064a34446bad819e384a790caf,0.073,,,
2011,2026-09-11,SZ000651,0.03217547759413719,EXP_LinearModel_Alpha158_csi300_custom_step0_s_20260911_16,1697a3064a34446bad819e384a790caf,0.073,,,
2012,2026-09-11,SZ000657,0.07759929448366165,EXP_LinearModel_Alpha158_csi300_custom_step0_s_20260911_16,1697a3064a34446bad819e384a790caf,0.073,,,
2013,2026-09-11,SZ000708,-0.0523037388920784,EXP_LinearModel_Alpha158_csi300_custom_step0_s_20260911_16,1697a3064a34446bad819e384a790caf,0.073,,,
2014,2026-09-11,SZ000725,-0.04062788560986519,EXP_LinearModel_Alpha158_csi300_custom_step0_s_20260911_16,1697a3064a34446bad819e384a790caf,0.073,,,
2015,2026-09-11,SZ000768,0.045399878174066544,EXP_LinearModel_Alpha158_csi300_custom_step0_s_20260911_16,1697a3064a34446bad819e384a790caf,0.073,,,
2016,2026-09-11,SZ000776,0.008847223594784737,EXP_LinearModel_Alpha158_csi300_custom_step0_s_20260911_16,1697a3064a34446bad819e384a790caf,0.073,,,
2017,2026-09-11,SZ000792,-0.0402667373418808,EXP_LinearModel_Alpha158_csi300_custom_step0_s_20260911_16,1697a3064a34446bad819e384a790caf,0.073,,,
2018,2026-09-11,SZ000807,-0.029352858662605286,EXP_LinearModel_Alpha158_csi300_custom_step0_s_20260911_16,1697a3064a34446bad819e384a790caf,0.073,,,
2019,2026-09-11,SZ000858,-0.11765231192111969,EXP_LinearModel_Alpha158_csi300_custom_step0_s_20260911_16,1697a3064a34446bad819e384a790caf,0.073,,,
2020,2026-09-11,SZ000895,-0.12230851501226425,EXP_LinearModel_Alpha158_csi300_custom_step0_s_20260911_16,1697a3064a34446bad819e384a790caf,0.073,,,
2021,2026-09-11,SZ002049,-0.022818349301815033,EXP_LinearModel_Alpha158_csi300_custom_step0_s_20260911_16,1697a3064a34446bad819e384a790caf,0.073,,,
2022,2026-09-11,SZ002028,-0.0872705802321434,EXP_LinearModel_Alpha158_csi300_custom_step0_s_20260911_16,1697a3064a34446bad819e384a790caf,0.073,,,
2023,2026-09-11,SZ002027,-0.08358752727508545,EXP_LinearModel_Alpha158_csi300_custom_step0_s_20260911_16,1697a3064a34446bad819e384a790caf,0.073,,,
2024,2026-09-11,SZ002001,0.06782248616218567,EXP_LinearModel_Alpha158_csi300_custom_step0_s_20260911_16,1697a3064a34446bad819e384a790caf,0.073,,,
2025,2026-09-11,SZ001979,-0.020533988252282143,EXP_LinearModel_Alpha158_csi300_custom_step0_s_20260911_16,1697a3064a34446bad819e384a790caf,0.073,,,
2026,2026-09-11,SZ001965,-0.01705930382013321,EXP_LinearModel_Alpha158_csi300_custom_step0_s_20260911_16,1697a3064a34446bad819e384a790caf,0.073,,,
2027,2026-09-11,SZ002074,-0.11401842534542084,EXP_LinearModel_Alpha158_csi300_custom_step0_s_20260911_16,1697a3064a34446bad819e384a790caf,0.073,,,
2028,2026-09-11,SZ001391,-0.0475800484418869,EXP_LinearModel_Alpha158_csi300_custom_step0_s_20260911_16,1697a3064a34446bad819e384a790caf,0.073,,,
2029,2026-09-11,SZ000999,-0.045070454478263855,EXP_LinearModel_Alpha158_csi300_custom_step0_s_20260911_16,1697a3064a34446bad819e384a790caf,0.073,,,
2030,2026-09-11,SZ000988,-0.09907636046409607,EXP_LinearModel_Alpha158_csi300_custom_step0_s_20260911_16,1697a3064a34446bad819e384a790caf,0.073,,,
2031,2026-09-11,SZ000977,0.004325223155319691,EXP_LinearModel_Alpha158_csi300_custom_step0_s_20260911_16,1697a3064a34446bad819e384a790caf,0.073,,,
2032,2026-09-11,SZ000975,0.05455152690410614,EXP_LinearModel_Alpha158_csi300_custom_step0_s_20260911_16,1697a3064a34446bad819e384a790caf,0.073,,,
2033,2026-09-11,SZ000963,-0.05532332882285118,EXP_LinearModel_Alpha158_csi300_custom_step0_s_20260911_16,1697a3064a34446bad819e384a790caf,0.073,,,
2034,2026-09-11,SZ000938,-0.13400542736053467,EXP_LinearModel_Alpha158_csi300_custom_step0_s_20260911_16,1697a3064a34446bad819e384a790caf,0.073,,,
2035,2026-09-11,SZ001280,-0.0779791921377182,EXP_LinearModel_Alpha158_csi300_custom_step0_s_20260911_16,1697a3064a34446bad819e384a790caf,0.073,,,
2036,2026-09-11,SZ300014,-0.05368465185165405,EXP_LinearModel_Alpha158_csi300_custom_step0_s_20260911_16,1697a3064a34446bad819e384a790caf,0.073,,,
2037,2026-09-11,SZ300015,-0.038188427686691284,EXP_LinearModel_Alpha158_csi300_custom_step0_s_20260911_16,1697a3064a34446bad819e384a790caf,0.073,,,
2038,2026-09-11,SZ300033,-0.020023245364427567,EXP_LinearModel_Alpha158_csi300_custom_step0_s_20260911_16,1697a3064a34446bad819e384a790caf,0.073,,,
2039,2026-09-11,SH600016,0.052100058645009995,EXP_XGBModel_Alpha158_csi300_custom_step0_s_20260911_16,a30dad086f084ac7b3dcf08497cc173e,0.093,,,
2040,2026-09-11,SH600018,0.037980299443006516,EXP_XGBModel_Alpha158_csi300_custom_step0_s_20260911_16,a30dad086f084ac7b3dcf08497cc173e,0.093,,,
2041,2026-09-11,SH600019,0.03516298905014992,EXP_XGBModel_Alpha158_csi300_custom_step0_s_20260911_16,a30dad086f084ac7b3dcf08497cc173e,0.093,,,
2042,2026-09-11,SH600023,0.05633855611085892,EXP_XGBModel_Alpha158_csi300_custom_step0_s_20260911_16,a30dad086f084ac7b3dcf08497cc173e,0.093,,,
2043,2026-09-11,SH600025,0.022633375599980354,EXP_XGBModel_Alpha158_csi300_custom_step0_s_20260911_16,a30dad086f084ac7b3dcf08497cc173e,0.093,,,
2044,2026-09-11,SH600026,-0.11877179890871048,EXP_XGBModel_Alpha158_csi300_custom_step0_s_20260911_16,a30dad086f084ac7b3dcf08497cc173e,0.093,,,
2045,2026-09-11,SH600027,0.0011668185470625758,EXP_XGBModel_Alpha158_csi300_custom_step0_s_20260911_16,a30dad086f084ac7b3dcf08497cc173e,0.093,,,
2046,2026-09-11,SH600028,0.021222950890660286,EXP_XGBModel_Alpha158_csi300_custom_step0_s_20260911_16,a30dad086f084ac7b3dcf08497cc173e,0.093,,,
2047,2026-09-11,SH600029,0.0199603084474802,EXP_XGBModel_Alpha158_csi300_custom_step0_s_20260911_16,a30dad086f084ac7b3dcf08497cc173e,0.093,,,
2048,2026-09-11,SH600030,0.008959528990089893,EXP_XGBModel_Alpha158_csi300_custom_step0_s_20260911_16,a30dad086f084ac7b3dcf08497cc173e,0.093,,,
2049,2026-09-11,SH600031,0.02040852978825569,EXP_XGBModel_Alpha158_csi300_custom_step0_s_20260911_16,a30dad086f084ac7b3dcf08497cc173e,0.093,,,
2050,2026-09-11,SH600036,0.03406599536538124,EXP_XGBModel_Alpha158_csi300_custom_step0_s_20260911_16,a30dad086f084ac7b3dcf08497cc173e,0.093,,,
2051,2026-09-11,SH600039,0.003447330789640546,EXP_XGBModel_Alpha158_csi300_custom_step0_s_20260911_16,a30dad086f084ac7b3dcf08497cc173e,0.093,,,
2052,2026-09-11,SH600048,-0.019428903236985207,EXP_XGBModel_Alpha158_csi300_custom_step0_s_20260911_16,a30dad086f084ac7b3dcf08497cc173e,0.093,,,
2053,2026-09-11,SH600050,0.017183037474751472,EXP_XGBModel_Alpha158_csi300_custom_step0_s_20260911_16,a30dad086f084ac7b3dcf08497cc173e,0.093,,,
2054,2026-09-11,SH600061,0.011407272890210152,EXP_XGBModel_Alpha158_csi300_custom_step0_s_20260911_16,a30dad086f084ac7b3dcf08497cc173e,0.093,,,
2055,2026-09-11,SH600066,-0.013201765716075897,EXP_XGBModel_Alpha158_csi300_custom_step0_s_20260911_16,a30dad086f084ac7b3dcf08497cc173e,0.093,,,
2056,2026-09-11,SH600221,0.032233402132987976,EXP_XGBModel_Alpha158_csi300_custom_step0_s_20260911_16,a30dad086f084ac7b3dcf08497cc173e,0.093,,,
2057,2026-09-11,SH600219,0.010981496423482895,EXP_XGBModel_Alpha158_csi300_custom_step0_s_20260911_16,a30dad086f084ac7b3dcf08497cc173e,0.093,,,
2058,2026-09-11,SH600196,-0.010206196457147598,EXP_XGBModel_Alpha158_csi300_custom_step0_s_20260911_16,a30dad086f084ac7b3dcf08497cc173e,0.093,,,
2059,2026-09-11,SH600188,-0.04867038503289223,EXP_XGBModel_Alpha158_csi300_custom_step0_s_20260911_16,a30dad086f084ac7b3dcf08497cc173e,0.093,,,
2060,2026-09-11,SH600183,-0.0013550351141020656,EXP_XGBModel_Alpha158_csi300_custom_step0_s_20260911_16,a30dad086f084ac7b3dcf08497cc173e,0.093,,,
2061,2026-09-11,SH600176,-0.06659835577011108,EXP_XGBModel_Alpha158_csi300_custom_step0_s_20260911_16,a30dad086f084ac7b3dcf08497cc173e,0.093,,,
2062,2026-09-11,SH600015,0.04050139710307121,EXP_XGBModel_Alpha158_csi300_custom_step0_s_20260911_16,a30dad086f084ac7b3dcf08497cc173e,0.093,,,
2063,2026-09-11,SH600160,0.09189702570438385,EXP_XGBModel_Alpha158_csi300_custom_step0_s_20260911_16,a30dad086f084ac7b3dcf08497cc173e,0.093,,,
2064,2026-09-11,SH600118,0.03859778121113777,EXP_XGBModel_Alpha158_csi300_custom_step0_s_20260911_16,a30dad086f084ac7b3dcf08497cc173e,0.093,,,
2065,2026-09-11,SH600115,-0.007408443372696638,EXP_XGBModel_Alpha158_csi300_custom_step0_s_20260911_16,a30dad086f084ac7b3dcf08497cc173e,0.093,,,
2066,2026-09-11,SH600111,-0.026245374232530594,EXP_XGBModel_Alpha158_csi300_custom_step0_s_20260911_16,a30dad086f084ac7b3dcf08497cc173e,0.093,,,
2067,2026-09-11,SH600104,0.19004806876182556,EXP_XGBModel_Alpha158_csi300_custom_step0_s_20260911_16,a30dad086f084ac7b3dcf08497cc173e,0.093,,,
2068,2026-09-11,SH600089,-0.007881934754550457,EXP_XGBModel_Alpha158_csi300_custom_step0_s_20260911_16,a30dad086f084ac7b3dcf08497cc173e,0.093,,,
2069,2026-09-11,SH600085,0.026434335857629776,EXP_XGBModel_Alpha158_csi300_custom_step0_s_20260911_16,a30dad086f084ac7b3dcf08497cc173e,0.093,,,
2070,2026-09-11,SH600150,0.014837387017905712,EXP_XGBModel_Alpha158_csi300_custom_step0_s_20260911_16,a30dad086f084ac7b3dcf08497cc173e,0.093,,,
2071,2026-09-11,SH600011,0.008613173849880695,EXP_XGBModel_Alpha158_csi300_custom_step0_s_20260911_16,a30dad086f084ac7b3dcf08497cc173e,0.093,,,
2072,2026-09-11,SH600010,0.007898414507508278,EXP_XGBModel_Alpha158_csi300_custom_step0_s_20260911_16,a30dad086f084ac7b3dcf08497cc173e,0.093,,,
2073,2026-09-11,SH600009,0.03776539862155914,EXP_XGBModel_Alpha158_csi300_custom_step0_s_20260911_16,a30dad086f084ac7b3dcf08497cc173e,0.093,,,
2074,2026-09-11,SZ300450,-0.10526891052722931,EXP_LinearModel_Alpha158_csi300_custom_step0_s_20260911_16,1697a3064a34446bad819e384a790caf,0.073,,,
2075,2026-09-11,SZ300442,-0.10263422131538391,EXP_LinearModel_Alpha158_csi300_custom_step0_s_20260911_16,1697a3064a34446bad819e384a790caf,0.073,,,
2076,2026-09-11,SZ300433,-0.005045488476753235,EXP_LinearModel_Alpha158_csi300_custom_step0_s_20260911_16,1697a3064a34446bad819e384a790caf,0.073,,,
2077,2026-09-11,SZ300418,-0.14385351538658142,EXP_LinearModel_Alpha158_csi300_custom_step0_s_20260911_16,1697a3064a34446bad819e384a790caf,0.073,,,
2078,2026-09-11,SZ300413,-0.34965890645980835,EXP_LinearModel_Alpha158_csi300_custom_step0_s_20260911_16,1697a3064a34446bad819e384a790caf,0.073,,,
2079,2026-09-11,SZ300408,-0.19869938492774963,EXP_LinearModel_Alpha158_csi300_custom_step0_s_20260911_16,1697a3064a34446bad819e384a790caf,0.073,,,
2080,2026-09-11,SZ300476,-0.00889371894299984,EXP_LinearModel_Alpha158_csi300_custom_step0_s_20260911_16,1697a3064a34446bad819e384a790caf,0.073,,,
2081,2026-09-11,SZ300394,-0.05303866043686867,EXP_LinearModel_Alpha158_csi300_custom_step0_s_20260911_16,1697a3064a34446bad819e384a790caf,0.073,,,
2082,2026-09-11,SZ300308,-0.059904009103775024,EXP_LinearModel_Alpha158_csi300_custom_step0_s_20260911_16,1697a3064a34446bad819e384a790caf,0.073,,,
2083,2026-09-11,SZ300274,-0.04660649970173836,EXP_LinearModel_Alpha158_csi300_custom_step0_s_20260911_16,1697a3064a34446bad819e384a790caf,0.073,,,
2084,2026-09-11,SZ300251,-0.2512342631816864,EXP_LinearModel_Alpha158_csi300_custom_step0_s_20260911_16,1697a3064a34446bad819e384a790caf,0.073,,,
2085,2026-09-11,SZ300124,-0.10987965762615204,EXP_LinearModel_Alpha158_csi300_custom_step0_s_20260911_16,1697a3064a34446bad819e384a790caf,0.073,,,
2086,2026-09-11,SZ300122,-0.15717090666294098,EXP_LinearModel_Alpha158_csi300_custom_step0_s_20260911_16,1697a3064a34446bad819e384a790caf,0.073,,,
2087,2026-09-11,SZ300059,-0.030634071677923203,EXP_LinearModel_Alpha158_csi300_custom_step0_s_20260911_16,1697a3064a34446bad819e384a790caf,0.073,,,
2088,2026-09-11,SZ300316,-0.06456933915615082,EXP_LinearModel_Alpha158_csi300_custom_step0_s_20260911_16,1697a3064a34446bad819e384a790caf,0.073,,,
2089,2026-09-11,SZ000408,-0.03929479792714119,EXP_LinearModel_Alpha158_csi300_custom_step0_s_20260911_16,1697a3064a34446bad819e384a790caf,0.073,,,
2090,2026-09-11,SZ300498,-0.06027728691697121,EXP_LinearModel_Alpha158_csi300_custom_step0_s_20260911_16,1697a3064a34446bad819e384a790caf,0.073,,,
2091,2026-09-11,SZ300628,-0.07648327946662903,EXP_LinearModel_Alpha158_csi300_custom_step0_s_20260911_16,1697a3064a34446bad819e384a790caf,0.073,,,
2092,2026-09-11,SH600000,0.030433787032961845,EXP_XGBModel_Alpha158_csi300_custom_step0_s_20260911_16,a30dad086f084ac7b3dcf08497cc173e,0.093,,,
2093,2026-09-11,SZ302132,0.04693029820919037,EXP_LinearModel_Alpha158_csi300_custom_step0_s_20260911_16,1697a3064a34446bad819e384a790caf,0.073,,,
2094,2026-09-11,SZ301308,0.1825902909040451,EXP_LinearModel_Alpha158_csi300_custom_step0_s_20260911_16,1697a3064a34446bad819e384a790caf,0.073,,,
2095,2026-09-11,SZ301269,-0.09278875589370728,EXP_LinearModel_Alpha158_csi300_custom_step0_s_20260911_16,1697a3064a34446bad819e384a790caf,0.073,,,
2096,2026-09-11,SZ301236,-0.06194058433175087,EXP_LinearModel_Alpha158_csi300_custom_step0_s_20260911_16,1697a3064a34446bad819e384a790caf,0.073,,,
2097,2026-09-11,SZ301165,-0.16946667432785034,EXP_LinearModel_Alpha158_csi300_custom_step0_s_20260911_16,1697a3064a34446bad819e384a790caf,0.073,,,
2098,2026-09-11,SZ300502,-0.026486176997423172,EXP_LinearModel_Alpha158_csi300_custom_step0_s_20260911_16,1697a3064a34446bad819e384a790caf,0.073,,,
2099,2026-09-11,SZ300999,-0.08186819404363632,EXP_LinearModel_Alpha158_csi300_custom_step0_s_20260911_16,1697a3064a34446bad819e384a790caf,0.073,,,
2100,2026-09-11,SZ300866,0.07078981399536133,EXP_LinearModel_Alpha158_csi300_custom_step0_s_20260911_16,1697a3064a34446bad819e384a790caf,0.073,,,
2101,2026-09-11,SZ300832,-0.13800828158855438,EXP_LinearModel_Alpha158_csi300_custom_step0_s_20260911_16,1697a3064a34446bad819e384a790caf,0.073,,,
2102,2026-09-11,SZ300803,0.010898379608988762,EXP_LinearModel_Alpha158_csi300_custom_step0_s_20260911_16,1697a3064a34446bad819e384a790caf,0.073,,,
2103,2026-09-11,SZ300760,0.048871226608753204,EXP_LinearModel_Alpha158_csi300_custom_step0_s_20260911_16,1697a3064a34446bad819e384a790caf,0.073,,,
2104,2026-09-11,SZ300750,0.006765807047486305,EXP_LinearModel_Alpha158_csi300_custom_step0_s_20260911_16,1697a3064a34446bad819e384a790caf,0.073,,,
2105,2026-09-11,SZ300661,-0.09823176264762878,EXP_LinearModel_Alpha158_csi300_custom_step0_s_20260911_16,1697a3064a34446bad819e384a790caf,0.073,,,
2106,2026-09-11,SZ300896,-0.05834683030843735,EXP_LinearModel_Alpha158_csi300_custom_step0_s_20260911_16,1697a3064a34446bad819e384a790caf,0.073,,,
2107,2026-09-11,SH600918,-0.04123007878661156,EXP_LinearModel_Alpha158_csi300_custom_step0_s_20260911_16,032cde2d5ba84159ada71ce4f5a86290,0.016,,,
2108,2026-09-11,SZ000338,-0.038787830621004105,EXP_LinearModel_Alpha158_csi300_custom_step0_s_20260911_16,1697a3064a34446bad819e384a790caf,0.073,,,
2109,2026-09-11,SZ000301,0.10877157747745514,EXP_LinearModel_Alpha158_csi300_custom_step0_s_20260911_16,1697a3064a34446bad819e384a790caf,0.073,,,
2110,2026-09-11,SH601088,0.03866037726402283,EXP_LinearModel_Alpha158_csi300_custom_step0_s_20260911_16,1697a3064a34446bad819e384a790caf,0.073,,,
2111,2026-09-11,SH601100,-0.11389975249767303,EXP_LinearModel_Alpha158_csi300_custom_step0_s_20260911_16,1697a3064a34446bad819e384a790caf,0.073,,,
2112,2026-09-11,SH601111,-0.03656745329499245,EXP_LinearModel_Alpha158_csi300_custom_step0_s_20260911_16,1697a3064a34446bad819e384a790caf,0.073,,,
2113,2026-09-11,SH601117,-0.046427249908447266,EXP_LinearModel_Alpha158_csi300_custom_step0_s_20260911_16,1697a3064a34446bad819e384a790caf,0.073,,,
2114,2026-09-11,SH601127,-0.019684024155139923,EXP_LinearModel_Alpha158_csi300_custom_step0_s_20260911_16,1697a3064a34446bad819e384a790caf,0.073,,,
2115,2026-09-11,SH601136,-0.1788409799337387,EXP_LinearModel_Alpha158_csi300_custom_step0_s_20260911_16,1697a3064a34446bad819e384a790caf,0.073,,,
2116,2026-09-11,SH601138,-0.10968755185604095,EXP_LinearModel_Alpha158_csi300_custom_step0_s_20260911_16,1697a3064a34446bad819e384a790caf,0.073,,,
2117,2026-09-11,SH601166,-0.1344054937362671,EXP_LinearModel_Alpha158_csi300_custom_step0_s_20260911_16,1697a3064a34446bad819e384a790caf,0.073,,,
2118,2026-09-11,SH601169,0.004836011677980423,EXP_LinearModel_Alpha158_csi300_custom_step0_s_20260911_16,1697a3064a34446bad819e384a790caf,0.073,,,
2119,2026-09-11,SH601186,0.02488032355904579,EXP_LinearModel_Alpha158_csi300_custom_step0_s_20260911_16,1697a3064a34446bad819e384a790caf,0.073,,,
2120,2026-09-11,SH601211,-0.06670519709587097,EXP_LinearModel_Alpha158_csi300_custom_step0_s_20260911_16,1697a3064a34446bad819e384a790caf,0.073,,,
2121,2026-09-11,SH601225,0.0168041680008173,EXP_LinearModel_Alpha158_csi300_custom_step0_s_20260911_16,1697a3064a34446bad819e384a790caf,0.073,,,
2122,2026-09-11,SH601229,0.01463327743113041,EXP_LinearModel_Alpha158_csi300_custom_step0_s_20260911_16,1697a3064a34446bad819e384a790caf,0.073,,,
2123,2026-09-11,SH601238,-0.09364025294780731,EXP_LinearModel_Alpha158_csi300_custom_step0_s_20260911_16,1697a3064a34446bad819e384a790caf,0.073,,,
2124,2026-09-11,SH601288,0.012034088373184204,EXP_LinearModel_Alpha158_csi300_custom_step0_s_20260911_16,1697a3064a34446bad819e384a790caf,0.073,,,
2125,2026-09-11,SH601318,0.0717843770980835,EXP_LinearModel_Alpha158_csi300_custom_step0_s_20260911_16,1697a3064a34446bad819e384a790caf,0.073,,,
2126,2026-09-11,SH601319,0.007411276921629906,EXP_LinearModel_Alpha158_csi300_custom_step0_s_20260911_16,1697a3064a34446bad819e384a790caf,0.073,,,
2127,2026-09-11,SH601658,-0.02507965825498104,EXP_LinearModel_Alpha158_csi300_custom_step0_s_20260911_16,1697a3064a34446bad819e384a790caf,0.073,,,
2128,2026-09-11,SH601633,-0.15117782354354858,EXP_LinearModel_Alpha158_csi300_custom_step0_s_20260911_16,1697a3064a34446bad819e384a790caf,0.073,,,
2129,2026-09-11,SH601628,0.030344627797603607,EXP_LinearModel_Alpha158_csi300_custom_step0_s_20260911_16,1697a3064a34446bad819e384a790caf,0.073,,,
2130,2026-09-11,SH601618,-0.04312386363744736,EXP_LinearModel_Alpha158_csi300_custom_step0_s_20260911_16,1697a3064a34446bad819e384a790caf,0.073,,,
2131,2026-09-11,SH601607,-0.0838940367102623,EXP_LinearModel_Alpha158_csi300_custom_step0_s_20260911_16,1697a3064a34446bad819e384a790caf,0.073,,,
2132,2026-09-11,SH601601,0.009993910789489746,EXP_LinearModel_Alpha158_csi300_custom_step0_s_20260911_16,1697a3064a34446bad819e384a790caf,0.073,,,
2133,2026-09-11,SH601077,0.08984146267175674,EXP_LinearModel_Alpha158_csi300_custom_step0_s_20260911_16,1697a3064a34446bad819e384a790caf,0.073,,,
2134,2026-09-11,SH601600,0.012368437834084034,EXP_LinearModel_Alpha158_csi300_custom_step0_s_20260911_16,1697a3064a34446bad819e384a790caf,0.073,,,
2135,2026-09-11,SH601398,0.06586257368326187,EXP_LinearModel_Alpha158_csi300_custom_step0_s_20260911_16,1697a3064a34446bad819e384a790caf,0.073,,,
2136,2026-09-11,SH601390,0.03009268268942833,EXP_LinearModel_Alpha158_csi300_custom_step0_s_20260911_16,1697a3064a34446bad819e384a790caf,0.073,,,
2137,2026-09-11,SH601377,-0.043346717953681946,EXP_LinearModel_Alpha158_csi300_custom_step0_s_20260911_16,1697a3064a34446bad819e384a790caf,0.073,,,
2138,2026-09-11,SH601360,-0.15022507309913635,EXP_LinearModel_Alpha158_csi300_custom_step0_s_20260911_16,1697a3064a34446bad819e384a790caf,0.073,,,
2139,2026-09-11,SH601336,0.02772699110209942,EXP_LinearModel_Alpha158_csi300_custom_step0_s_20260911_16,1697a3064a34446bad819e384a790caf,0.073,,,
2140,2026-09-11,SH601328,0.06535936892032623,EXP_LinearModel_Alpha158_csi300_custom_step0_s_20260911_16,1697a3064a34446bad819e384a790caf,0.073,,,
2141,2026-09-11,SH601456,-0.11720871180295944,EXP_LinearModel_Alpha158_csi300_custom_step0_s_20260911_16,1697a3064a34446bad819e384a790caf,0.073,,,
2142,2026-09-11,SH601668,-0.059186168015003204,EXP_LinearModel_Alpha158_csi300_custom_step0_s_20260911_16,1697a3064a34446bad819e384a790caf,0.073,,,
2143,2026-09-11,SH601066,-0.06668978929519653,EXP_LinearModel_Alpha158_csi300_custom_step0_s_20260911_16,1697a3064a34446bad819e384a790caf,0.073,,,
2144,2026-09-11,SH601058,0.052360936999320984,EXP_LinearModel_Alpha158_csi300_custom_step0_s_20260911_16,1697a3064a34446bad819e384a790caf,0.073,,,
2145,2026-09-11,SH600588,-0.030353043228387833,EXP_LinearModel_Alpha158_csi300_custom_step0_s_20260911_16,1697a3064a34446bad819e384a790caf,0.073,,,
2146,2026-09-11,SH600600,-0.09330324083566666,EXP_LinearModel_Alpha158_csi300_custom_step0_s_20260911_16,1697a3064a34446bad819e384a790caf,0.073,,,
2147,2026-09-11,SH600660,-0.03988146036863327,EXP_LinearModel_Alpha158_csi300_custom_step0_s_20260911_16,1697a3064a34446bad819e384a790caf,0.073,,,
2148,2026-09-11,SH600674,-0.0022824089974164963,EXP_LinearModel_Alpha158_csi300_custom_step0_s_20260911_16,1697a3064a34446bad819e384a790caf,0.073,,,
2149,2026-09-11,SH600690,-0.04173383116722107,EXP_LinearModel_Alpha158_csi300_custom_step0_s_20260911_16,1697a3064a34446bad819e384a790caf,0.073,,,
2150,2026-09-11,SH600741,-7.345154881477356e-05,EXP_LinearModel_Alpha158_csi300_custom_step0_s_20260911_16,1697a3064a34446bad819e384a790caf,0.073,,,
2151,2026-09-11,SH600760,0.06571754068136215,EXP_LinearModel_Alpha158_csi300_custom_step0_s_20260911_16,1697a3064a34446bad819e384a790caf,0.073,,,
2152,2026-09-11,SH600795,-0.004533238708972931,EXP_LinearModel_Alpha158_csi300_custom_step0_s_20260911_16,1697a3064a34446bad819e384a790caf,0.073,,,
2153,2026-09-11,SH600803,0.0842394009232521,EXP_LinearModel_Alpha158_csi300_custom_step0_s_20260911_16,1697a3064a34446bad819e384a790caf,0.073,,,
2154,2026-09-11,SH600809,-0.06769023835659027,EXP_LinearModel_Alpha158_csi300_custom_step0_s_20260911_16,1697a3064a34446bad819e384a790caf,0.073,,,
2155,2026-09-11,SH600845,-0.043478723615407944,EXP_LinearModel_Alpha158_csi300_custom_step0_s_20260911_16,1697a3064a34446bad819e384a790caf,0.073,,,
2156,2026-09-11,SH600875,-0.1462833136320114,EXP_LinearModel_Alpha158_csi300_custom_step0_s_20260911_16,1697a3064a34446bad819e384a790caf,0.073,,,
2157,2026-09-11,SH600886,0.0344206839799881,EXP_LinearModel_Alpha158_csi300_custom_step0_s_20260911_16,1697a3064a34446bad819e384a790caf,0.073,,,
2158,2026-09-11,SH600887,-0.005320984870195389,EXP_LinearModel_Alpha158_csi300_custom_step0_s_20260911_16,1697a3064a34446bad819e384a790caf,0.073,,,
2159,2026-09-11,SH600893,0.09204083681106567,EXP_LinearModel_Alpha158_csi300_custom_step0_s_20260911_16,1697a3064a34446bad819e384a790caf,0.073,,,
2160,2026-09-11,SH600900,0.020307056605815887,EXP_LinearModel_Alpha158_csi300_custom_step0_s_20260911_16,1697a3064a34446bad819e384a790caf,0.073,,,
2161,2026-09-11,SH600905,-0.0561690591275692,EXP_LinearModel_Alpha158_csi300_custom_step0_s_20260911_16,1697a3064a34446bad819e384a790caf,0.073,,,
2162,2026-09-11,SH601021,-0.03343683481216431,EXP_LinearModel_Alpha158_csi300_custom_step0_s_20260911_16,1697a3064a34446bad819e384a790caf,0.073,,,
2163,2026-09-11,SH601018,0.05104101449251175,EXP_LinearModel_Alpha158_csi300_custom_step0_s_20260911_16,1697a3064a34446bad819e384a790caf,0.073,,,
2164,2026-09-11,SH601012,-0.007415039464831352,EXP_LinearModel_Alpha158_csi300_custom_step0_s_20260911_16,1697a3064a34446bad819e384a790caf,0.073,,,
2165,2026-09-11,SH601009,0.10575727373361588,EXP_LinearModel_Alpha158_csi300_custom_step0_s_20260911_16,1697a3064a34446bad819e384a790caf,0.073,,,
2166,2026-09-11,SH601006,-0.06771212071180344,EXP_LinearModel_Alpha158_csi300_custom_step0_s_20260911_16,1697a3064a34446bad819e384a790caf,0.073,,,
2167,2026-09-11,SH600999,0.0023984964936971664,EXP_LinearModel_Alpha158_csi300_custom_step0_s_20260911_16,1697a3064a34446bad819e384a790caf,0.073,,,
2168,2026-09-11,SH601059,-0.06815465539693832,EXP_LinearModel_Alpha158_csi300_custom_step0_s_20260911_16,1697a3064a34446bad819e384a790caf,0.073,,,
2169,2026-09-11,SH600989,0.13394740223884583,EXP_LinearModel_Alpha158_csi300_custom_step0_s_20260911_16,1697a3064a34446bad819e384a790caf,0.073,,,
2170,2026-09-11,SH600941,-0.0011084824800491333,EXP_LinearModel_Alpha158_csi300_custom_step0_s_20260911_16,1697a3064a34446bad819e384a790caf,0.073,,,
2171,2026-09-11,SH600938,0.08185872435569763,EXP_LinearModel_Alpha158_csi300_custom_step0_s_20260911_16,1697a3064a34446bad819e384a790caf,0.073,,,
2172,2026-09-11,SH600930,0.08336803317070007,EXP_LinearModel_Alpha158_csi300_custom_step0_s_20260911_16,1697a3064a34446bad819e384a790caf,0.073,,,
2173,2026-09-11,SH600926,0.0899956151843071,EXP_LinearModel_Alpha158_csi300_custom_step0_s_20260911_16,1697a3064a34446bad819e384a790caf,0.073,,,
2174,2026-09-11,SH600919,0.09114208817481995,EXP_LinearModel_Alpha158_csi300_custom_step0_s_20260911_16,1697a3064a34446bad819e384a790caf,0.073,,,
2175,2026-09-11,SH600918,0.003948066383600235,EXP_LinearModel_Alpha158_csi300_custom_step0_s_20260911_16,1697a3064a34446bad819e384a790caf,0.073,,,
2176,2026-09-11,SH600958,-0.004229593090713024,EXP_LinearModel_Alpha158_csi300_custom_step0_s_20260911_16,1697a3064a34446bad819e384a790caf,0.073,,,
2177,2026-09-11,SH601669,0.007158488035202026,EXP_LinearModel_Alpha158_csi300_custom_step0_s_20260911_16,1697a3064a34446bad819e384a790caf,0.073,,,
2178,2026-09-11,SH601688,0.03061775490641594,EXP_LinearModel_Alpha158_csi300_custom_step0_s_20260911_16,1697a3064a34446bad819e384a790caf,0.073,,,
2179,2026-09-11,SH601689,-0.0964590460062027,EXP_LinearModel_Alpha158_csi300_custom_step0_s_20260911_16,1697a3064a34446bad819e384a790caf,0.073,,,
2180,2026-09-11,SH603893,-0.22734643518924713,EXP_LinearModel_Alpha158_csi300_custom_step0_s_20260911_16,1697a3064a34446bad819e384a790caf,0.073,,,
2181,2026-09-11,SH603986,0.18979668617248535,EXP_LinearModel_Alpha158_csi300_custom_step0_s_20260911_16,1697a3064a34446bad819e384a790caf,0.073,,,
2182,2026-09-11,SH603993,-0.11505220830440521,EXP_LinearModel_Alpha158_csi300_custom_step0_s_20260911_16,1697a3064a34446bad819e384a790caf,0.073,,,
2183,2026-09-11,SH605117,0.09866946935653687,EXP_LinearModel_Alpha158_csi300_custom_step0_s_20260911_16,1697a3064a34446bad819e384a790caf,0.073,,,
2184,2026-09-11,SH605499,-0.033614471554756165,EXP_LinearModel_Alpha158_csi300_custom_step0_s_20260911_16,1697a3064a34446bad819e384a790caf,0.073,,,
2185,2026-09-11,SH688008,0.0705898255109787,EXP_LinearModel_Alpha158_csi300_custom_step0_s_20260911_16,1697a3064a34446bad819e384a790caf,0.073,,,
2186,2026-09-11,SH688009,-0.11363327503204346,EXP_LinearModel_Alpha158_csi300_custom_step0_s_20260911_16,1697a3064a34446bad819e384a790caf,0.073,,,
2187,2026-09-11,SH688012,0.08360771834850311,EXP_LinearModel_Alpha158_csi300_custom_step0_s_20260911_16,1697a3064a34446bad819e384a790caf,0.073,,,
2188,2026-09-11,SH688036,0.06239122152328491,EXP_LinearModel_Alpha158_csi300_custom_step0_s_20260911_16,1697a3064a34446bad819e384a790caf,0.073,,,
2189,2026-09-11,SH688041,0.04165808856487274,EXP_LinearModel_Alpha158_csi300_custom_step0_s_20260911_16,1697a3064a34446bad819e384a790caf,0.073,,,
2190,2026-09-11,SH688047,-0.04194813221693039,EXP_LinearModel_Alpha158_csi300_custom_step0_s_20260911_16,1697a3064a34446bad819e384a790caf,0.073,,,
2191,2026-09-11,SH688072,0.003980353474617004,EXP_LinearModel_Alpha158_csi300_custom_step0_s_20260911_16,1697a3064a34446bad819e384a790caf,0.073,,,
2192,2026-09-11,SH688082,0.10803134739398956,EXP_LinearModel_Alpha158_csi300_custom_step0_s_20260911_16,1697a3064a34446bad819e384a790caf,0.073,,,
2193,2026-09-11,SH688111,-0.058456286787986755,EXP_LinearModel_Alpha158_csi300_custom_step0_s_20260911_16,1697a3064a34446bad819e384a790caf,0.073,,,
2194,2026-09-11,SH688126,0.07081188261508942,EXP_LinearModel_Alpha158_csi300_custom_step0_s_20260911_16,1697a3064a34446bad819e384a790caf,0.073,,,
2195,2026-09-11,SH688183,-0.02890067920088768,EXP_LinearModel_Alpha158_csi300_custom_step0_s_20260911_16,1697a3064a34446bad819e384a790caf,0.073,,,
2196,2026-09-11,SH688223,-0.05272325500845909,EXP_LinearModel_Alpha158_csi300_custom_step0_s_20260911_16,1697a3064a34446bad819e384a790caf,0.073,,,
2197,2026-09-11,SZ000166,0.03084762953221798,EXP_LinearModel_Alpha158_csi300_custom_step0_s_20260911_16,1697a3064a34446bad819e384a790caf,0.073,,,
2198,2026-09-11,SZ000157,-0.03187108039855957,EXP_LinearModel_Alpha158_csi300_custom_step0_s_20260911_16,1697a3064a34446bad819e384a790caf,0.073,,,
2199,2026-09-11,SZ000100,-0.10279209911823273,EXP_LinearModel_Alpha158_csi300_custom_step0_s_20260911_16,1697a3064a34446bad819e384a790caf,0.073,,,
2200,2026-09-11,SZ000063,-0.10093659162521362,EXP_LinearModel_Alpha158_csi300_custom_step0_s_20260911_16,1697a3064a34446bad819e384a790caf,0.073,,,
2201,2026-09-11,SZ000002,-0.10684797912836075,EXP_LinearModel_Alpha158_csi300_custom_step0_s_20260911_16,1697a3064a34446bad819e384a790caf,0.073,,,
2202,2026-09-11,SZ000001,0.016161944717168808,EXP_LinearModel_Alpha158_csi300_custom_step0_s_20260911_16,1697a3064a34446bad819e384a790caf,0.073,,,
2203,2026-09-11,SH603799,-0.08294177055358887,EXP_LinearModel_Alpha158_csi300_custom_step0_s_20260911_16,1697a3064a34446bad819e384a790caf,0.073,,,
2204,2026-09-11,SH688981,-0.0815960168838501,EXP_LinearModel_Alpha158_csi300_custom_step0_s_20260911_16,1697a3064a34446bad819e384a790caf,0.073,,,
2205,2026-09-11,SH688506,0.13377676904201508,EXP_LinearModel_Alpha158_csi300_custom_step0_s_20260911_16,1697a3064a34446bad819e384a790caf,0.073,,,
2206,2026-09-11,SH688472,0.008494255132973194,EXP_LinearModel_Alpha158_csi300_custom_step0_s_20260911_16,1697a3064a34446bad819e384a790caf,0.073,,,
2207,2026-09-11,SH688396,0.10536469519138336,EXP_LinearModel_Alpha158_csi300_custom_step0_s_20260911_16,1697a3064a34446bad819e384a790caf,0.073,,,
2208,2026-09-11,SH688303,-0.07727719843387604,EXP_LinearModel_Alpha158_csi300_custom_step0_s_20260911_16,1697a3064a34446bad819e384a790caf,0.073,,,
2209,2026-09-11,SH688271,-0.05689658224582672,EXP_LinearModel_Alpha158_csi300_custom_step0_s_20260911_16,1697a3064a34446bad819e384a790caf,0.073,,,
2210,2026-09-11,SH688256,-0.03652457147836685,EXP_LinearModel_Alpha158_csi300_custom_step0_s_20260911_16,1697a3064a34446bad819e384a790caf,0.073,,,
2211,2026-09-11,SH688521,0.17728619277477264,EXP_LinearModel_Alpha158_csi300_custom_step0_s_20260911_16,1697a3064a34446bad819e384a790caf,0.073,,,
2212,2026-09-11,SH603501,-0.009316816926002502,EXP_LinearModel_Alpha158_csi300_custom_step0_s_20260911_16,1697a3064a34446bad819e384a790caf,0.073,,,
2213,2026-09-11,SH603392,0.0028490712866187096,EXP_LinearModel_Alpha158_csi300_custom_step0_s_20260911_16,1697a3064a34446bad819e384a790caf,0.073,,,
2214,2026-09-11,SH603369,-0.054407376796007156,EXP_LinearModel_Alpha158_csi300_custom_step0_s_20260911_16,1697a3064a34446bad819e384a790caf,0.073,,,
2215,2026-09-11,SH601877,-0.13671883940696716,EXP_LinearModel_Alpha158_csi300_custom_step0_s_20260911_16,1697a3064a34446bad819e384a790caf,0.073,,,
2216,2026-09-11,SH601872,0.12607671320438385,EXP_LinearModel_Alpha158_csi300_custom_step0_s_20260911_16,1697a3064a34446bad819e384a790caf,0.073,,,
2217,2026-09-11,SH601868,-0.03271474316716194,EXP_LinearModel_Alpha158_csi300_custom_step0_s_20260911_16,1697a3064a34446bad819e384a790caf,0.073,,,
2218,2026-09-11,SH601857,0.04812243580818176,EXP_LinearModel_Alpha158_csi300_custom_step0_s_20260911_16,1697a3064a34446bad819e384a790caf,0.073,,,
2219,2026-09-11,SH601838,0.040829118341207504,EXP_LinearModel_Alpha158_csi300_custom_step0_s_20260911_16,1697a3064a34446bad819e384a790caf,0.073,,,
2220,2026-09-11,SH601825,0.02334471046924591,EXP_LinearModel_Alpha158_csi300_custom_step0_s_20260911_16,1697a3064a34446bad819e384a790caf,0.073,,,
2221,2026-09-11,SH601878,-0.110829658806324,EXP_LinearModel_Alpha158_csi300_custom_step0_s_20260911_16,1697a3064a34446bad819e384a790caf,0.073,,,
2222,2026-09-11,SH601818,-0.060469649732112885,EXP_LinearModel_Alpha158_csi300_custom_step0_s_20260911_16,1697a3064a34446bad819e384a790caf,0.073,,,
2223,2026-09-11,SH601800,-0.006867226213216782,EXP_LinearModel_Alpha158_csi300_custom_step0_s_20260911_16,1697a3064a34446bad819e384a790caf,0.073,,,
2224,2026-09-11,SH601788,-0.02989261969923973,EXP_LinearModel_Alpha158_csi300_custom_step0_s_20260911_16,1697a3064a34446bad819e384a790caf,0.073,,,
2225,2026-09-11,SH601766,-0.008205600082874298,EXP_LinearModel_Alpha158_csi300_custom_step0_s_20260911_16,1697a3064a34446bad819e384a790caf,0.073,,,
2226,2026-09-11,SH601728,-0.07566004246473312,EXP_LinearModel_Alpha158_csi300_custom_step0_s_20260911_16,1697a3064a34446bad819e384a790caf,0.073,,,
2227,2026-09-11,SH601727,-0.04036928713321686,EXP_LinearModel_Alpha158_csi300_custom_step0_s_20260911_16,1697a3064a34446bad819e384a790caf,0.073,,,
2228,2026-09-11,SH601698,-0.03069537878036499,EXP_LinearModel_Alpha158_csi300_custom_step0_s_20260911_16,1697a3064a34446bad819e384a790caf,0.073,,,
2229,2026-09-11,SH601816,0.017464324831962585,EXP_LinearModel_Alpha158_csi300_custom_step0_s_20260911_16,1697a3064a34446bad819e384a790caf,0.073,,,
2230,2026-09-11,SZ000333,0.06922218203544617,EXP_LinearModel_Alpha158_csi300_custom_step0_s_20260911_16,1697a3064a34446bad819e384a790caf,0.073,,,
2231,2026-09-11,SH601881,-0.07106112688779831,EXP_LinearModel_Alpha158_csi300_custom_step0_s_20260911_16,1697a3064a34446bad819e384a790caf,0.073,,,
2232,2026-09-11,SH601898,0.0352865606546402,EXP_LinearModel_Alpha158_csi300_custom_step0_s_20260911_16,1697a3064a34446bad819e384a790caf,0.073,,,
2233,2026-09-11,SH603296,-0.07586126774549484,EXP_LinearModel_Alpha158_csi300_custom_step0_s_20260911_16,1697a3064a34446bad819e384a790caf,0.073,,,
2234,2026-09-11,SH603288,-0.07721403241157532,EXP_LinearModel_Alpha158_csi300_custom_step0_s_20260911_16,1697a3064a34446bad819e384a790caf,0.073,,,
2235,2026-09-11,SH603260,-0.044485047459602356,EXP_LinearModel_Alpha158_csi300_custom_step0_s_20260911_16,1697a3064a34446bad819e384a790caf,0.073,,,
2236,2026-09-11,SH603259,0.019023388624191284,EXP_LinearModel_Alpha158_csi300_custom_step0_s_20260911_16,1697a3064a34446bad819e384a790caf,0.073,,,
2237,2026-09-11,SH603019,-0.06257026642560959,EXP_LinearModel_Alpha158_csi300_custom_step0_s_20260911_16,1697a3064a34446bad819e384a790caf,0.073,,,
2238,2026-09-11,SH601998,0.11395595967769623,EXP_LinearModel_Alpha158_csi300_custom_step0_s_20260911_16,1697a3064a34446bad819e384a790caf,0.073,,,
2239,2026-09-11,SH601888,-0.06957816332578659,EXP_LinearModel_Alpha158_csi300_custom_step0_s_20260911_16,1697a3064a34446bad819e384a790caf,0.073,,,
2240,2026-09-11,SH601995,-0.07396482676267624,EXP_LinearModel_Alpha158_csi300_custom_step0_s_20260911_16,1697a3064a34446bad819e384a790caf,0.073,,,
2241,2026-09-11,SH601985,-0.014480039477348328,EXP_LinearModel_Alpha158_csi300_custom_step0_s_20260911_16,1697a3064a34446bad819e384a790caf,0.073,,,
2242,2026-09-11,SH601939,0.08926837891340256,EXP_LinearModel_Alpha158_csi300_custom_step0_s_20260911_16,1697a3064a34446bad819e384a790caf,0.073,,,
2243,2026-09-11,SH601919,0.07319445163011551,EXP_LinearModel_Alpha158_csi300_custom_step0_s_20260911_16,1697a3064a34446bad819e384a790caf,0.073,,,
2244,2026-09-11,SH601916,-0.028380777686834335,EXP_LinearModel_Alpha158_csi300_custom_step0_s_20260911_16,1697a3064a34446bad819e384a790caf,0.073,,,
2245,2026-09-11,SH601901,-0.10066723078489304,EXP_LinearModel_Alpha158_csi300_custom_step0_s_20260911_16,1697a3064a34446bad819e384a790caf,0.073,,,
2246,2026-09-11,SH601899,0.02074616402387619,EXP_LinearModel_Alpha158_csi300_custom_step0_s_20260911_16,1697a3064a34446bad819e384a790caf,0.073,,,
2247,2026-09-11,SH601988,0.05681817978620529,EXP_LinearModel_Alpha158_csi300_custom_step0_s_20260911_16,1697a3064a34446bad819e384a790caf,0.073,,,
2248,2026-09-11,SH601939,0.12567860396961336,EXP_DEnsembleModel_Alpha158_csi300_custom_step0_s_20260911_16,450ed30494444ad98855dac200611002,0.042,,,
2249,2026-09-11,SH601919,0.010494351024095218,EXP_DEnsembleModel_Alpha158_csi300_custom_step0_s_20260911_16,450ed30494444ad98855dac200611002,0.042,,,
2250,2026-09-11,SH601916,0.11866242049643463,EXP_DEnsembleModel_Alpha158_csi300_custom_step0_s_20260911_16,450ed30494444ad98855dac200611002,0.042,,,
2251,2026-09-11,SH601872,-0.004454865090177402,EXP_LGBModel_Alpha158_csi300_custom_step0_s_20260911_18,4afe5f98d310468bad9e5af4ed2e30e1,0.08,,,
2252,2026-09-11,SH601877,-1.3362553222845903e-10,EXP_LGBModel_Alpha158_csi300_custom_step0_s_20260911_18,4afe5f98d310468bad9e5af4ed2e30e1,0.08,,,
2253,2026-09-11,SH601878,-1.3362553222845903e-10,EXP_LGBModel_Alpha158_csi300_custom_step0_s_20260911_18,4afe5f98d310468bad9e5af4ed2e30e1,0.08,,,
2254,2026-09-11,SH601881,-1.3362553222845903e-10,EXP_LGBModel_Alpha158_csi300_custom_step0_s_20260911_18,4afe5f98d310468bad9e5af4ed2e30e1,0.08,,,
2255,2026-09-11,SH601888,-0.002174385178794302,EXP_LGBModel_Alpha158_csi300_custom_step0_s_20260911_18,4afe5f98d310468bad9e5af4ed2e30e1,0.08,,,
2256,2026-09-11,SH601898,-0.002174385178794302,EXP_LGBModel_Alpha158_csi300_custom_step0_s_20260911_18,4afe5f98d310468bad9e5af4ed2e30e1,0.08,,,
2257,2026-09-11,SH601899,-1.3362553222845903e-10,EXP_LGBModel_Alpha158_csi300_custom_step0_s_20260911_18,4afe5f98d310468bad9e5af4ed2e30e1,0.08,,,
2258,2026-09-11,SH601901,-1.3362553222845903e-10,EXP_LGBModel_Alpha158_csi300_custom_step0_s_20260911_18,4afe5f98d310468bad9e5af4ed2e30e1,0.08,,,
2259,2026-09-11,SH601916,0.00280688511642894,EXP_LGBModel_Alpha158_csi300_custom_step0_s_20260911_18,4afe5f98d310468bad9e5af4ed2e30e1,0.08,,,
2260,2026-09-11,SH601919,0.0017062454633032615,EXP_LGBModel_Alpha158_csi300_custom_step0_s_20260911_18,4afe5f98d310468bad9e5af4ed2e30e1,0.08,,,
2261,2026-09-11,SH601939,8.418461931733437e-05,EXP_LGBModel_Alpha158_csi300_custom_step0_s_20260911_18,4afe5f98d310468bad9e5af4ed2e30e1,0.08,,,
2262,2026-09-11,SH601985,0.00280688511642894,EXP_LGBModel_Alpha158_csi300_custom_step0_s_20260911_18,4afe5f98d310468bad9e5af4ed2e30e1,0.08,,,
2263,2026-09-11,SH601988,-1.3362553222845903e-10,EXP_LGBModel_Alpha158_csi300_custom_step0_s_20260911_18,4afe5f98d310468bad9e5af4ed2e30e1,0.08,,,
2264,2026-09-11,SH601995,0.001046795122478656,EXP_LGBModel_Alpha158_csi300_custom_step0_s_20260911_18,4afe5f98d310468bad9e5af4ed2e30e1,0.08,,,
2265,2026-09-11,SH601998,8.418461931733437e-05,EXP_LGBModel_Alpha158_csi300_custom_step0_s_20260911_18,4afe5f98d310468bad9e5af4ed2e30e1,0.08,,,
2266,2026-09-11,SH603019,-0.002174385178794302,EXP_LGBModel_Alpha158_csi300_custom_step0_s_20260911_18,4afe5f98d310468bad9e5af4ed2e30e1,0.08,,,
2267,2026-09-11,SH603259,-1.3362553222845903e-10,EXP_LGBModel_Alpha158_csi300_custom_step0_s_20260911_18,4afe5f98d310468bad9e5af4ed2e30e1,0.08,,,
2268,2026-09-11,SH688009,-1.3362553222845903e-10,EXP_LGBModel_Alpha158_csi300_custom_step0_s_20260911_18,4afe5f98d310468bad9e5af4ed2e30e1,0.08,,,
2269,2026-09-11,SH688008,-1.3362553222845903e-10,EXP_LGBModel_Alpha158_csi300_custom_step0_s_20260911_18,4afe5f98d310468bad9e5af4ed2e30e1,0.08,,,
2270,2026-09-11,SH605499,-0.002174385178794302,EXP_LGBModel_Alpha158_csi300_custom_step0_s_20260911_18,4afe5f98d310468bad9e5af4ed2e30e1,0.08,,,
2271,2026-09-11,SH605117,-0.002174385178794302,EXP_LGBModel_Alpha158_csi300_custom_step0_s_20260911_18,4afe5f98d310468bad9e5af4ed2e30e1,0.08,,,
2272,2026-09-11,SH603993,-0.002174385178794302,EXP_LGBModel_Alpha158_csi300_custom_step0_s_20260911_18,4afe5f98d310468bad9e5af4ed2e30e1,0.08,,,
2273,2026-09-11,SH603986,-1.3362553222845903e-10,EXP_LGBModel_Alpha158_csi300_custom_step0_s_20260911_18,4afe5f98d310468bad9e5af4ed2e30e1,0.08,,,
2274,2026-09-11,SH601868,0.00280688511642894,EXP_LGBModel_Alpha158_csi300_custom_step0_s_20260911_18,4afe5f98d310468bad9e5af4ed2e30e1,0.08,,,
2275,2026-09-11,SH603893,-0.002174385178794302,EXP_LGBModel_Alpha158_csi300_custom_step0_s_20260911_18,4afe5f98d310468bad9e5af4ed2e30e1,0.08,,,
2276,2026-09-11,SH603501,0.001046795122478656,EXP_LGBModel_Alpha158_csi300_custom_step0_s_20260911_18,4afe5f98d310468bad9e5af4ed2e30e1,0.08,,,
2277,2026-09-11,SH603392,-0.002174385178794302,EXP_LGBModel_Alpha158_csi300_custom_step0_s_20260911_18,4afe5f98d310468bad9e5af4ed2e30e1,0.08,,,
2278,2026-09-11,SH603369,-0.002174385178794302,EXP_LGBModel_Alpha158_csi300_custom_step0_s_20260911_18,4afe5f98d310468bad9e5af4ed2e30e1,0.08,,,
2279,2026-09-11,SH603296,-1.3362553222845903e-10,EXP_LGBModel_Alpha158_csi300_custom_step0_s_20260911_18,4afe5f98d310468bad9e5af4ed2e30e1,0.08,,,
2280,2026-09-11,SH603288,-1.3362553222845903e-10,EXP_LGBModel_Alpha158_csi300_custom_step0_s_20260911_18,4afe5f98d310468bad9e5af4ed2e30e1,0.08,,,
2281,2026-09-11,SH603260,-1.3362553222845903e-10,EXP_LGBModel_Alpha158_csi300_custom_step0_s_20260911_18,4afe5f98d310468bad9e5af4ed2e30e1,0.08,,,
2282,2026-09-11,SH603799,0.001046795122478656,EXP_LGBModel_Alpha158_csi300_custom_step0_s_20260911_18,4afe5f98d310468bad9e5af4ed2e30e1,0.08,,,
2283,2026-09-11,SH688012,-1.3362553222845903e-10,EXP_LGBModel_Alpha158_csi300_custom_step0_s_20260911_18,4afe5f98d310468bad9e5af4ed2e30e1,0.08,,,
2284,2026-09-11,SH601857,8.418461931733437e-05,EXP_LGBModel_Alpha158_csi300_custom_step0_s_20260911_18,4afe5f98d310468bad9e5af4ed2e30e1,0.08,,,
2285,2026-09-11,SH601825,0.0015814716992925768,EXP_LGBModel_Alpha158_csi300_custom_step0_s_20260911_18,4afe5f98d310468bad9e5af4ed2e30e1,0.08,,,
2286,2026-09-11,SH601229,0.00280688511642894,EXP_LGBModel_Alpha158_csi300_custom_step0_s_20260911_18,4afe5f98d310468bad9e5af4ed2e30e1,0.08,,,
2287,2026-09-11,SH601238,0.0015814716992925768,EXP_LGBModel_Alpha158_csi300_custom_step0_s_20260911_18,4afe5f98d310468bad9e5af4ed2e30e1,0.08,,,
2288,2026-09-11,SH601288,-1.3362553222845903e-10,EXP_LGBModel_Alpha158_csi300_custom_step0_s_20260911_18,4afe5f98d310468bad9e5af4ed2e30e1,0.08,,,
2289,2026-09-11,SH601318,0.0015814716992925768,EXP_LGBModel_Alpha158_csi300_custom_step0_s_20260911_18,4afe5f98d310468bad9e5af4ed2e30e1,0.08,,,
2290,2026-09-11,SH601319,-1.3362553222845903e-10,EXP_LGBModel_Alpha158_csi300_custom_step0_s_20260911_18,4afe5f98d310468bad9e5af4ed2e30e1,0.08,,,
2291,2026-09-11,SH601328,-1.3362553222845903e-10,EXP_LGBModel_Alpha158_csi300_custom_step0_s_20260911_18,4afe5f98d310468bad9e5af4ed2e30e1,0.08,,,
2292,2026-09-11,SH601336,-1.3362553222845903e-10,EXP_LGBModel_Alpha158_csi300_custom_step0_s_20260911_18,4afe5f98d310468bad9e5af4ed2e30e1,0.08,,,
2293,2026-09-11,SH601360,-0.002174385178794302,EXP_LGBModel_Alpha158_csi300_custom_step0_s_20260911_18,4afe5f98d310468bad9e5af4ed2e30e1,0.08,,,
2294,2026-09-11,SH601377,-1.3362553222845903e-10,EXP_LGBModel_Alpha158_csi300_custom_step0_s_20260911_18,4afe5f98d310468bad9e5af4ed2e30e1,0.08,,,
2295,2026-09-11,SH601390,0.00280688511642894,EXP_LGBModel_Alpha158_csi300_custom_step0_s_20260911_18,4afe5f98d310468bad9e5af4ed2e30e1,0.08,,,
2296,2026-09-11,SH601398,8.418461931733437e-05,EXP_LGBModel_Alpha158_csi300_custom_step0_s_20260911_18,4afe5f98d310468bad9e5af4ed2e30e1,0.08,,,
2297,2026-09-11,SH601456,-1.3362553222845903e-10,EXP_LGBModel_Alpha158_csi300_custom_step0_s_20260911_18,4afe5f98d310468bad9e5af4ed2e30e1,0.08,,,
2298,2026-09-11,SH601600,-0.0009147527514292577,EXP_LGBModel_Alpha158_csi300_custom_step0_s_20260911_18,4afe5f98d310468bad9e5af4ed2e30e1,0.08,,,
2299,2026-09-11,SH601601,-1.3362553222845903e-10,EXP_LGBModel_Alpha158_csi300_custom_step0_s_20260911_18,4afe5f98d310468bad9e5af4ed2e30e1,0.08,,,
2300,2026-09-11,SH601607,0.00280688511642894,EXP_LGBModel_Alpha158_csi300_custom_step0_s_20260911_18,4afe5f98d310468bad9e5af4ed2e30e1,0.08,,,
2301,2026-09-11,SH601618,0.00280688511642894,EXP_LGBModel_Alpha158_csi300_custom_step0_s_20260911_18,4afe5f98d310468bad9e5af4ed2e30e1,0.08,,,
2302,2026-09-11,SH601628,-1.3362553222845903e-10,EXP_LGBModel_Alpha158_csi300_custom_step0_s_20260911_18,4afe5f98d310468bad9e5af4ed2e30e1,0.08,,,
2303,2026-09-11,SH601818,0.00280688511642894,EXP_LGBModel_Alpha158_csi300_custom_step0_s_20260911_18,4afe5f98d310468bad9e5af4ed2e30e1,0.08,,,
2304,2026-09-11,SH601816,0.00280688511642894,EXP_LGBModel_Alpha158_csi300_custom_step0_s_20260911_18,4afe5f98d310468bad9e5af4ed2e30e1,0.08,,,
2305,2026-09-11,SH601800,0.00280688511642894,EXP_LGBModel_Alpha158_csi300_custom_step0_s_20260911_18,4afe5f98d310468bad9e5af4ed2e30e1,0.08,,,
2306,2026-09-11,SH601788,-1.3362553222845903e-10,EXP_LGBModel_Alpha158_csi300_custom_step0_s_20260911_18,4afe5f98d310468bad9e5af4ed2e30e1,0.08,,,
2307,2026-09-11,SH601766,-1.3362553222845903e-10,EXP_LGBModel_Alpha158_csi300_custom_step0_s_20260911_18,4afe5f98d310468bad9e5af4ed2e30e1,0.08,,,
2308,2026-09-11,SH601728,-1.3362553222845903e-10,EXP_LGBModel_Alpha158_csi300_custom_step0_s_20260911_18,4afe5f98d310468bad9e5af4ed2e30e1,0.08,,,
2309,2026-09-11,SH601838,0.0017062454633032615,EXP_LGBModel_Alpha158_csi300_custom_step0_s_20260911_18,4afe5f98d310468bad9e5af4ed2e30e1,0.08,,,
2310,2026-09-11,SH601727,0.0015814716992925768,EXP_LGBModel_Alpha158_csi300_custom_step0_s_20260911_18,4afe5f98d310468bad9e5af4ed2e30e1,0.08,,,
2311,2026-09-11,SH601689,0.001046795122478656,EXP_LGBModel_Alpha158_csi300_custom_step0_s_20260911_18,4afe5f98d310468bad9e5af4ed2e30e1,0.08,,,
2312,2026-09-11,SH601688,-1.3362553222845903e-10,EXP_LGBModel_Alpha158_csi300_custom_step0_s_20260911_18,4afe5f98d310468bad9e5af4ed2e30e1,0.08,,,
2313,2026-09-11,SH601669,0.00280688511642894,EXP_LGBModel_Alpha158_csi300_custom_step0_s_20260911_18,4afe5f98d310468bad9e5af4ed2e30e1,0.08,,,
2314,2026-09-11,SH601668,0.0015814716992925768,EXP_LGBModel_Alpha158_csi300_custom_step0_s_20260911_18,4afe5f98d310468bad9e5af4ed2e30e1,0.08,,,
2315,2026-09-11,SH601658,8.418461931733437e-05,EXP_LGBModel_Alpha158_csi300_custom_step0_s_20260911_18,4afe5f98d310468bad9e5af4ed2e30e1,0.08,,,
2316,2026-09-11,SH601633,-1.3362553222845903e-10,EXP_LGBModel_Alpha158_csi300_custom_step0_s_20260911_18,4afe5f98d310468bad9e5af4ed2e30e1,0.08,,,
2317,2026-09-11,SH601698,0.0015814716992925768,EXP_LGBModel_Alpha158_csi300_custom_step0_s_20260911_18,4afe5f98d310468bad9e5af4ed2e30e1,0.08,,,
2318,2026-09-11,SH601225,-0.0009147527514292577,EXP_LGBModel_Alpha158_csi300_custom_step0_s_20260911_18,4afe5f98d310468bad9e5af4ed2e30e1,0.08,,,
2319,2026-09-11,SH688036,-0.002174385178794302,EXP_LGBModel_Alpha158_csi300_custom_step0_s_20260911_18,4afe5f98d310468bad9e5af4ed2e30e1,0.08,,,
2320,2026-09-11,SH688047,-1.3362553222845903e-10,EXP_LGBModel_Alpha158_csi300_custom_step0_s_20260911_18,4afe5f98d310468bad9e5af4ed2e30e1,0.08,,,
2321,2026-09-11,SZ000768,-0.0009147527514292577,EXP_LGBModel_Alpha158_csi300_custom_step0_s_20260911_18,4afe5f98d310468bad9e5af4ed2e30e1,0.08,,,
2322,2026-09-11,SZ000776,-0.002174385178794302,EXP_LGBModel_Alpha158_csi300_custom_step0_s_20260911_18,4afe5f98d310468bad9e5af4ed2e30e1,0.08,,,
2323,2026-09-11,SZ000792,0.001046795122478656,EXP_LGBModel_Alpha158_csi300_custom_step0_s_20260911_18,4afe5f98d310468bad9e5af4ed2e30e1,0.08,,,
2324,2026-09-11,SZ000807,0.0017062454633032615,EXP_LGBModel_Alpha158_csi300_custom_step0_s_20260911_18,4afe5f98d310468bad9e5af4ed2e30e1,0.08,,,
2325,2026-09-11,SZ000858,-1.3362553222845903e-10,EXP_LGBModel_Alpha158_csi300_custom_step0_s_20260911_18,4afe5f98d310468bad9e5af4ed2e30e1,0.08,,,
2326,2026-09-11,SZ000895,-1.3362553222845903e-10,EXP_LGBModel_Alpha158_csi300_custom_step0_s_20260911_18,4afe5f98d310468bad9e5af4ed2e30e1,0.08,,,
2327,2026-09-11,SZ000938,0.0002649477093800557,EXP_LGBModel_Alpha158_csi300_custom_step0_s_20260911_18,4afe5f98d310468bad9e5af4ed2e30e1,0.08,,,
2328,2026-09-11,SZ000963,-1.3362553222845903e-10,EXP_LGBModel_Alpha158_csi300_custom_step0_s_20260911_18,4afe5f98d310468bad9e5af4ed2e30e1,0.08,,,
2329,2026-09-11,SZ000975,-1.3362553222845903e-10,EXP_LGBModel_Alpha158_csi300_custom_step0_s_20260911_18,4afe5f98d310468bad9e5af4ed2e30e1,0.08,,,
2330,2026-09-11,SZ000977,-0.002174385178794302,EXP_LGBModel_Alpha158_csi300_custom_step0_s_20260911_18,4afe5f98d310468bad9e5af4ed2e30e1,0.08,,,
2331,2026-09-11,SZ000988,-1.3362553222845903e-10,EXP_LGBModel_Alpha158_csi300_custom_step0_s_20260911_18,4afe5f98d310468bad9e5af4ed2e30e1,0.08,,,
2332,2026-09-11,SZ000999,-1.3362553222845903e-10,EXP_LGBModel_Alpha158_csi300_custom_step0_s_20260911_18,4afe5f98d310468bad9e5af4ed2e30e1,0.08,,,
2333,2026-09-11,SZ001280,-0.002174385178794302,EXP_LGBModel_Alpha158_csi300_custom_step0_s_20260911_18,4afe5f98d310468bad9e5af4ed2e30e1,0.08,,,
2334,2026-09-11,SZ001391,-1.3362553222845903e-10,EXP_LGBModel_Alpha158_csi300_custom_step0_s_20260911_18,4afe5f98d310468bad9e5af4ed2e30e1,0.08,,,
2335,2026-09-11,SZ001965,8.418461931733437e-05,EXP_LGBModel_Alpha158_csi300_custom_step0_s_20260911_18,4afe5f98d310468bad9e5af4ed2e30e1,0.08,,,
2336,2026-09-11,SZ001979,0.001046795122478656,EXP_LGBModel_Alpha158_csi300_custom_step0_s_20260911_18,4afe5f98d310468bad9e5af4ed2e30e1,0.08,,,
2337,2026-09-11,SZ002001,0.0015814716992925768,EXP_LGBModel_Alpha158_csi300_custom_step0_s_20260911_18,4afe5f98d310468bad9e5af4ed2e30e1,0.08,,,
2338,2026-09-11,SZ002352,-1.3362553222845903e-10,EXP_LGBModel_Alpha158_csi300_custom_step0_s_20260911_18,4afe5f98d310468bad9e5af4ed2e30e1,0.08,,,
2339,2026-09-11,SZ002311,0.001046795122478656,EXP_LGBModel_Alpha158_csi300_custom_step0_s_20260911_18,4afe5f98d310468bad9e5af4ed2e30e1,0.08,,,
2340,2026-09-11,SZ002304,-1.3362553222845903e-10,EXP_LGBModel_Alpha158_csi300_custom_step0_s_20260911_18,4afe5f98d310468bad9e5af4ed2e30e1,0.08,,,
2341,2026-09-11,SZ002241,-0.002174385178794302,EXP_LGBModel_Alpha158_csi300_custom_step0_s_20260911_18,4afe5f98d310468bad9e5af4ed2e30e1,0.08,,,
2342,2026-09-11,SZ002236,-1.3362553222845903e-10,EXP_LGBModel_Alpha158_csi300_custom_step0_s_20260911_18,4afe5f98d310468bad9e5af4ed2e30e1,0.08,,,
2343,2026-09-11,SZ002230,-1.3362553222845903e-10,EXP_LGBModel_Alpha158_csi300_custom_step0_s_20260911_18,4afe5f98d310468bad9e5af4ed2e30e1,0.08,,,
2344,2026-09-11,SZ000725,0.0002649477093800557,EXP_LGBModel_Alpha158_csi300_custom_step0_s_20260911_18,4afe5f98d310468bad9e5af4ed2e30e1,0.08,,,
2345,2026-09-11,SZ002202,-1.3362553222845903e-10,EXP_LGBModel_Alpha158_csi300_custom_step0_s_20260911_18,4afe5f98d310468bad9e5af4ed2e30e1,0.08,,,
2346,2026-09-11,SZ002142,-1.3362553222845903e-10,EXP_LGBModel_Alpha158_csi300_custom_step0_s_20260911_18,4afe5f98d310468bad9e5af4ed2e30e1,0.08,,,
2347,2026-09-11,SZ002074,-0.002174385178794302,EXP_LGBModel_Alpha158_csi300_custom_step0_s_20260911_18,4afe5f98d310468bad9e5af4ed2e30e1,0.08,,,
2348,2026-09-11,SZ002050,-1.3362553222845903e-10,EXP_LGBModel_Alpha158_csi300_custom_step0_s_20260911_18,4afe5f98d310468bad9e5af4ed2e30e1,0.08,,,
2349,2026-09-11,SZ002049,-1.3362553222845903e-10,EXP_LGBModel_Alpha158_csi300_custom_step0_s_20260911_18,4afe5f98d310468bad9e5af4ed2e30e1,0.08,,,
2350,2026-09-11,SZ002028,0.001046795122478656,EXP_LGBModel_Alpha158_csi300_custom_step0_s_20260911_18,4afe5f98d310468bad9e5af4ed2e30e1,0.08,,,
2351,2026-09-11,SZ002027,0.0015814716992925768,EXP_LGBModel_Alpha158_csi300_custom_step0_s_20260911_18,4afe5f98d310468bad9e5af4ed2e30e1,0.08,,,
2352,2026-09-11,SZ002179,-1.3362553222845903e-10,EXP_LGBModel_Alpha158_csi300_custom_step0_s_20260911_18,4afe5f98d310468bad9e5af4ed2e30e1,0.08,,,
2353,2026-09-11,SH688041,0.003474471522299649,EXP_LGBModel_Alpha158_csi300_custom_step0_s_20260911_18,4afe5f98d310468bad9e5af4ed2e30e1,0.08,,,
2354,2026-09-11,SZ000708,-1.3362553222845903e-10,EXP_LGBModel_Alpha158_csi300_custom_step0_s_20260911_18,4afe5f98d310468bad9e5af4ed2e30e1,0.08,,,
2355,2026-09-11,SZ000651,0.00280688511642894,EXP_LGBModel_Alpha158_csi300_custom_step0_s_20260911_18,4afe5f98d310468bad9e5af4ed2e30e1,0.08,,,
2356,2026-09-11,SH688072,0.001046795122478656,EXP_LGBModel_Alpha158_csi300_custom_step0_s_20260911_18,4afe5f98d310468bad9e5af4ed2e30e1,0.08,,,
2357,2026-09-11,SH688082,-1.3362553222845903e-10,EXP_LGBModel_Alpha158_csi300_custom_step0_s_20260911_18,4afe5f98d310468bad9e5af4ed2e30e1,0.08,,,
2358,2026-09-11,SH688111,-0.002174385178794302,EXP_LGBModel_Alpha158_csi300_custom_step0_s_20260911_18,4afe5f98d310468bad9e5af4ed2e30e1,0.08,,,
2359,2026-09-11,SH688126,-1.3362553222845903e-10,EXP_LGBModel_Alpha158_csi300_custom_step0_s_20260911_18,4afe5f98d310468bad9e5af4ed2e30e1,0.08,,,
2360,2026-09-11,SH688183,-1.3362553222845903e-10,EXP_LGBModel_Alpha158_csi300_custom_step0_s_20260911_18,4afe5f98d310468bad9e5af4ed2e30e1,0.08,,,
2361,2026-09-11,SH688223,-1.3362553222845903e-10,EXP_LGBModel_Alpha158_csi300_custom_step0_s_20260911_18,4afe5f98d310468bad9e5af4ed2e30e1,0.08,,,
2362,2026-09-11,SH688256,0.001046795122478656,EXP_LGBModel_Alpha158_csi300_custom_step0_s_20260911_18,4afe5f98d310468bad9e5af4ed2e30e1,0.08,,,
2363,2026-09-11,SH688271,-0.002174385178794302,EXP_LGBModel_Alpha158_csi300_custom_step0_s_20260911_18,4afe5f98d310468bad9e5af4ed2e30e1,0.08,,,
2364,2026-09-11,SH688303,-1.3362553222845903e-10,EXP_LGBModel_Alpha158_csi300_custom_step0_s_20260911_18,4afe5f98d310468bad9e5af4ed2e30e1,0.08,,,
2365,2026-09-11,SH688396,-1.3362553222845903e-10,EXP_LGBModel_Alpha158_csi300_custom_step0_s_20260911_18,4afe5f98d310468bad9e5af4ed2e30e1,0.08,,,
2366,2026-09-11,SH688472,-1.3362553222845903e-10,EXP_LGBModel_Alpha158_csi300_custom_step0_s_20260911_18,4afe5f98d310468bad9e5af4ed2e30e1,0.08,,,
2367,2026-09-11,SH688506,-1.3362553222845903e-10,EXP_LGBModel_Alpha158_csi300_custom_step0_s_20260911_18,4afe5f98d310468bad9e5af4ed2e30e1,0.08,,,
2368,2026-09-11,SH688521,-1.3362553222845903e-10,EXP_LGBModel_Alpha158_csi300_custom_step0_s_20260911_18,4afe5f98d310468bad9e5af4ed2e30e1,0.08,,,
2369,2026-09-11,SH688981,0.001046795122478656,EXP_LGBModel_Alpha158_csi300_custom_step0_s_20260911_18,4afe5f98d310468bad9e5af4ed2e30e1,0.08,,,
2370,2026-09-11,SZ000001,0.0015814716992925768,EXP_LGBModel_Alpha158_csi300_custom_step0_s_20260911_18,4afe5f98d310468bad9e5af4ed2e30e1,0.08,,,
2371,2026-09-11,SZ000002,-0.002174385178794302,EXP_LGBModel_Alpha158_csi300_custom_step0_s_20260911_18,4afe5f98d310468bad9e5af4ed2e30e1,0.08,,,
2372,2026-09-11,SZ000063,-0.002174385178794302,EXP_LGBModel_Alpha158_csi300_custom_step0_s_20260911_18,4afe5f98d310468bad9e5af4ed2e30e1,0.08,,,
2373,2026-09-11,SZ000630,-0.002174385178794302,EXP_LGBModel_Alpha158_csi300_custom_step0_s_20260911_18,4afe5f98d310468bad9e5af4ed2e30e1,0.08,,,
2374,2026-09-11,SZ000625,0.0015814716992925768,EXP_LGBModel_Alpha158_csi300_custom_step0_s_20260911_18,4afe5f98d310468bad9e5af4ed2e30e1,0.08,,,
2375,2026-09-11,SZ000617,-0.002174385178794302,EXP_LGBModel_Alpha158_csi300_custom_step0_s_20260911_18,4afe5f98d310468bad9e5af4ed2e30e1,0.08,,,
2376,2026-09-11,SZ000596,-0.002174385178794302,EXP_LGBModel_Alpha158_csi300_custom_step0_s_20260911_18,4afe5f98d310468bad9e5af4ed2e30e1,0.08,,,
2377,2026-09-11,SZ000568,-0.0009513524456758871,EXP_LGBModel_Alpha158_csi300_custom_step0_s_20260911_18,4afe5f98d310468bad9e5af4ed2e30e1,0.08,,,
2378,2026-09-11,SZ000538,0.00280688511642894,EXP_LGBModel_Alpha158_csi300_custom_step0_s_20260911_18,4afe5f98d310468bad9e5af4ed2e30e1,0.08,,,
2379,2026-09-11,SZ000657,-1.3362553222845903e-10,EXP_LGBModel_Alpha158_csi300_custom_step0_s_20260911_18,4afe5f98d310468bad9e5af4ed2e30e1,0.08,,,
2380,2026-09-11,SZ000425,-0.002174385178794302,EXP_LGBModel_Alpha158_csi300_custom_step0_s_20260911_18,4afe5f98d310468bad9e5af4ed2e30e1,0.08,,,
2381,2026-09-11,SZ000338,-1.3362553222845903e-10,EXP_LGBModel_Alpha158_csi300_custom_step0_s_20260911_18,4afe5f98d310468bad9e5af4ed2e30e1,0.08,,,
2382,2026-09-11,SZ000333,0.00280688511642894,EXP_LGBModel_Alpha158_csi300_custom_step0_s_20260911_18,4afe5f98d310468bad9e5af4ed2e30e1,0.08,,,
2383,2026-09-11,SZ000301,-0.002174385178794302,EXP_LGBModel_Alpha158_csi300_custom_step0_s_20260911_18,4afe5f98d310468bad9e5af4ed2e30e1,0.08,,,
2384,2026-09-11,SZ000166,-1.3362553222845903e-10,EXP_LGBModel_Alpha158_csi300_custom_step0_s_20260911_18,4afe5f98d310468bad9e5af4ed2e30e1,0.08,,,
2385,2026-09-11,SZ000157,-1.3362553222845903e-10,EXP_LGBModel_Alpha158_csi300_custom_step0_s_20260911_18,4afe5f98d310468bad9e5af4ed2e30e1,0.08,,,
2386,2026-09-11,SZ000100,-0.002174385178794302,EXP_LGBModel_Alpha158_csi300_custom_step0_s_20260911_18,4afe5f98d310468bad9e5af4ed2e30e1,0.08,,,
2387,2026-09-11,SZ000408,0.001046795122478656,EXP_LGBModel_Alpha158_csi300_custom_step0_s_20260911_18,4afe5f98d310468bad9e5af4ed2e30e1,0.08,,,
2388,2026-09-11,SH601211,-1.3362553222845903e-10,EXP_LGBModel_Alpha158_csi300_custom_step0_s_20260911_18,4afe5f98d310468bad9e5af4ed2e30e1,0.08,,,
2389,2026-09-11,SH601186,0.00280688511642894,EXP_LGBModel_Alpha158_csi300_custom_step0_s_20260911_18,4afe5f98d310468bad9e5af4ed2e30e1,0.08,,,
2390,2026-09-11,SH601169,-1.3362553222845903e-10,EXP_LGBModel_Alpha158_csi300_custom_step0_s_20260911_18,4afe5f98d310468bad9e5af4ed2e30e1,0.08,,,
2391,2026-09-11,SZ302132,-0.0017590475226912177,EXP_CatBoostModel_Alpha158_csi300_custom_step0_s_20260911_18,ab5b59f67f9e44068d1e30b501f01ee2,0.043,,,
2392,2026-09-11,SH600000,0.00280688511642894,EXP_LGBModel_Alpha158_csi300_custom_step0_s_20260911_18,4afe5f98d310468bad9e5af4ed2e30e1,0.08,,,
2393,2026-09-11,SH600009,0.00280688511642894,EXP_LGBModel_Alpha158_csi300_custom_step0_s_20260911_18,4afe5f98d310468bad9e5af4ed2e30e1,0.08,,,
2394,2026-09-11,SH600010,-1.3362553222845903e-10,EXP_LGBModel_Alpha158_csi300_custom_step0_s_20260911_18,4afe5f98d310468bad9e5af4ed2e30e1,0.08,,,
2395,2026-09-11,SH600011,0.0015814716992925768,EXP_LGBModel_Alpha158_csi300_custom_step0_s_20260911_18,4afe5f98d310468bad9e5af4ed2e30e1,0.08,,,
2396,2026-09-11,SH600015,0.0015814716992925768,EXP_LGBModel_Alpha158_csi300_custom_step0_s_20260911_18,4afe5f98d310468bad9e5af4ed2e30e1,0.08,,,
2397,2026-09-11,SH600016,-1.3362553222845903e-10,EXP_LGBModel_Alpha158_csi300_custom_step0_s_20260911_18,4afe5f98d310468bad9e5af4ed2e30e1,0.08,,,
2398,2026-09-11,SH600018,-1.3362553222845903e-10,EXP_LGBModel_Alpha158_csi300_custom_step0_s_20260911_18,4afe5f98d310468bad9e5af4ed2e30e1,0.08,,,
2399,2026-09-11,SH600019,0.00280688511642894,EXP_LGBModel_Alpha158_csi300_custom_step0_s_20260911_18,4afe5f98d310468bad9e5af4ed2e30e1,0.08,,,
2400,2026-09-11,SH600023,-1.3362553222845903e-10,EXP_LGBModel_Alpha158_csi300_custom_step0_s_20260911_18,4afe5f98d310468bad9e5af4ed2e30e1,0.08,,,
2401,2026-09-11,SH600025,0.00280688511642894,EXP_LGBModel_Alpha158_csi300_custom_step0_s_20260911_18,4afe5f98d310468bad9e5af4ed2e30e1,0.08,,,
2402,2026-09-11,SH600026,-0.004454865090177402,EXP_LGBModel_Alpha158_csi300_custom_step0_s_20260911_18,4afe5f98d310468bad9e5af4ed2e30e1,0.08,,,
2403,2026-09-11,SH600027,0.00038337689850504814,EXP_LGBModel_Alpha158_csi300_custom_step0_s_20260911_18,4afe5f98d310468bad9e5af4ed2e30e1,0.08,,,
2404,2026-09-11,SH600028,8.418461931733437e-05,EXP_LGBModel_Alpha158_csi300_custom_step0_s_20260911_18,4afe5f98d310468bad9e5af4ed2e30e1,0.08,,,
2405,2026-09-11,SH600029,-1.3362553222845903e-10,EXP_LGBModel_Alpha158_csi300_custom_step0_s_20260911_18,4afe5f98d310468bad9e5af4ed2e30e1,0.08,,,
2406,2026-09-11,SH600030,-1.3362553222845903e-10,EXP_LGBModel_Alpha158_csi300_custom_step0_s_20260911_18,4afe5f98d310468bad9e5af4ed2e30e1,0.08,,,
2407,2026-09-11,SH600031,0.0015814716992925768,EXP_LGBModel_Alpha158_csi300_custom_step0_s_20260911_18,4afe5f98d310468bad9e5af4ed2e30e1,0.08,,,
2408,2026-09-11,SH600160,0.001046795122478656,EXP_LGBModel_Alpha158_csi300_custom_step0_s_20260911_18,4afe5f98d310468bad9e5af4ed2e30e1,0.08,,,
2409,2026-09-11,SH600150,-0.0009147527514292577,EXP_LGBModel_Alpha158_csi300_custom_step0_s_20260911_18,4afe5f98d310468bad9e5af4ed2e30e1,0.08,,,
2410,2026-09-11,SH600118,-1.3362553222845903e-10,EXP_LGBModel_Alpha158_csi300_custom_step0_s_20260911_18,4afe5f98d310468bad9e5af4ed2e30e1,0.08,,,
2411,2026-09-11,SH600115,-1.3362553222845903e-10,EXP_LGBModel_Alpha158_csi300_custom_step0_s_20260911_18,4afe5f98d310468bad9e5af4ed2e30e1,0.08,,,
2412,2026-09-11,SH600111,0.001046795122478656,EXP_LGBModel_Alpha158_csi300_custom_step0_s_20260911_18,4afe5f98d310468bad9e5af4ed2e30e1,0.08,,,
2413,2026-09-11,SH600104,0.00038337689850504814,EXP_LGBModel_Alpha158_csi300_custom_step0_s_20260911_18,4afe5f98d310468bad9e5af4ed2e30e1,0.08,,,
2414,2026-09-11,SZ301308,-0.005994026253305073,EXP_CatBoostModel_Alpha158_csi300_custom_step0_s_20260911_18,ab5b59f67f9e44068d1e30b501f01ee2,0.043,,,
2415,2026-09-11,SH600089,-1.3362553222845903e-10,EXP_LGBModel_Alpha158_csi300_custom_step0_s_20260911_18,4afe5f98d310468bad9e5af4ed2e30e1,0.08,,,
2416,2026-09-11,SH600066,-0.002174385178794302,EXP_LGBModel_Alpha158_csi300_custom_step0_s_20260911_18,4afe5f98d310468bad9e5af4ed2e30e1,0.08,,,
2417,2026-09-11,SH600061,-1.3362553222845903e-10,EXP_LGBModel_Alpha158_csi300_custom_step0_s_20260911_18,4afe5f98d310468bad9e5af4ed2e30e1,0.08,,,
2418,2026-09-11,SH600050,0.00280688511642894,EXP_LGBModel_Alpha158_csi300_custom_step0_s_20260911_18,4afe5f98d310468bad9e5af4ed2e30e1,0.08,,,
2419,2026-09-11,SH600048,0.0017062454633032615,EXP_LGBModel_Alpha158_csi300_custom_step0_s_20260911_18,4afe5f98d310468bad9e5af4ed2e30e1,0.08,,,
2420,2026-09-11,SH600039,0.0017062454633032615,EXP_LGBModel_Alpha158_csi300_custom_step0_s_20260911_18,4afe5f98d310468bad9e5af4ed2e30e1,0.08,,,
2421,2026-09-11,SH600036,0.0015814716992925768,EXP_LGBModel_Alpha158_csi300_custom_step0_s_20260911_18,4afe5f98d310468bad9e5af4ed2e30e1,0.08,,,
2422,2026-09-11,SH600085,-1.3362553222845903e-10,EXP_LGBModel_Alpha158_csi300_custom_step0_s_20260911_18,4afe5f98d310468bad9e5af4ed2e30e1,0.08,,,
2423,2026-09-11,SH600176,-1.3362553222845903e-10,EXP_LGBModel_Alpha158_csi300_custom_step0_s_20260911_18,4afe5f98d310468bad9e5af4ed2e30e1,0.08,,,
2424,2026-09-11,SZ301269,-0.009455370986737995,EXP_CatBoostModel_Alpha158_csi300_custom_step0_s_20260911_18,ab5b59f67f9e44068d1e30b501f01ee2,0.043,,,
2425,2026-09-11,SZ301165,0.0033123286935101237,EXP_CatBoostModel_Alpha158_csi300_custom_step0_s_20260911_18,ab5b59f67f9e44068d1e30b501f01ee2,0.043,,,
2426,2026-09-11,SZ002938,-0.003150059749488821,EXP_CatBoostModel_Alpha158_csi300_custom_step0_s_20260911_18,ab5b59f67f9e44068d1e30b501f01ee2,0.043,,,
2427,2026-09-11,SZ003816,0.0027163155275361406,EXP_CatBoostModel_Alpha158_csi300_custom_step0_s_20260911_18,ab5b59f67f9e44068d1e30b501f01ee2,0.043,,,
2428,2026-09-11,SZ300014,-0.005461480748111935,EXP_CatBoostModel_Alpha158_csi300_custom_step0_s_20260911_18,ab5b59f67f9e44068d1e30b501f01ee2,0.043,,,
2429,2026-09-11,SZ300015,-0.0021880180372156935,EXP_CatBoostModel_Alpha158_csi300_custom_step0_s_20260911_18,ab5b59f67f9e44068d1e30b501f01ee2,0.043,,,
2430,2026-09-11,SZ300033,-0.0002177462364423234,EXP_CatBoostModel_Alpha158_csi300_custom_step0_s_20260911_18,ab5b59f67f9e44068d1e30b501f01ee2,0.043,,,
2431,2026-09-11,SZ300059,-0.006391622594087975,EXP_CatBoostModel_Alpha158_csi300_custom_step0_s_20260911_18,ab5b59f67f9e44068d1e30b501f01ee2,0.043,,,
2432,2026-09-11,SZ300122,-0.0061334462624066674,EXP_CatBoostModel_Alpha158_csi300_custom_step0_s_20260911_18,ab5b59f67f9e44068d1e30b501f01ee2,0.043,,,
2433,2026-09-11,SZ300124,-0.010332781668821062,EXP_CatBoostModel_Alpha158_csi300_custom_step0_s_20260911_18,ab5b59f67f9e44068d1e30b501f01ee2,0.043,,,
2434,2026-09-11,SZ300251,-0.0035350190438393644,EXP_CatBoostModel_Alpha158_csi300_custom_step0_s_20260911_18,ab5b59f67f9e44068d1e30b501f01ee2,0.043,,,
2435,2026-09-11,SZ300274,0.008258962070622808,EXP_CatBoostModel_Alpha158_csi300_custom_step0_s_20260911_18,ab5b59f67f9e44068d1e30b501f01ee2,0.043,,,
2436,2026-09-11,SZ300308,-0.0019828595999887024,EXP_CatBoostModel_Alpha158_csi300_custom_step0_s_20260911_18,ab5b59f67f9e44068d1e30b501f01ee2,0.043,,,
2437,2026-09-11,SZ300316,-0.005994026253305073,EXP_CatBoostModel_Alpha158_csi300_custom_step0_s_20260911_18,ab5b59f67f9e44068d1e30b501f01ee2,0.043,,,
2438,2026-09-11,SZ300394,0.0032773103100228315,EXP_CatBoostModel_Alpha158_csi300_custom_step0_s_20260911_18,ab5b59f67f9e44068d1e30b501f01ee2,0.043,,,
2439,2026-09-11,SZ300408,-0.002316574804934801,EXP_CatBoostModel_Alpha158_csi300_custom_step0_s_20260911_18,ab5b59f67f9e44068d1e30b501f01ee2,0.043,,,
2440,2026-09-11,SZ300413,0.060276767692682406,EXP_CatBoostModel_Alpha158_csi300_custom_step0_s_20260911_18,ab5b59f67f9e44068d1e30b501f01ee2,0.043,,,
2441,2026-09-11,SZ300418,-0.005317702205466717,EXP_CatBoostModel_Alpha158_csi300_custom_step0_s_20260911_18,ab5b59f67f9e44068d1e30b501f01ee2,0.043,,,
2442,2026-09-11,SZ300433,-0.005966171023018557,EXP_CatBoostModel_Alpha158_csi300_custom_step0_s_20260911_18,ab5b59f67f9e44068d1e30b501f01ee2,0.043,,,
2443,2026-09-11,SZ300999,-0.004893227067608359,EXP_CatBoostModel_Alpha158_csi300_custom_step0_s_20260911_18,ab5b59f67f9e44068d1e30b501f01ee2,0.043,,,
2444,2026-09-11,SZ300896,-0.005877771125386335,EXP_CatBoostModel_Alpha158_csi300_custom_step0_s_20260911_18,ab5b59f67f9e44068d1e30b501f01ee2,0.043,,,
2445,2026-09-11,SZ300866,-0.005276235377820988,EXP_CatBoostModel_Alpha158_csi300_custom_step0_s_20260911_18,ab5b59f67f9e44068d1e30b501f01ee2,0.043,,,
2446,2026-09-11,SZ300832,-0.0061334462624066674,EXP_CatBoostModel_Alpha158_csi300_custom_step0_s_20260911_18,ab5b59f67f9e44068d1e30b501f01ee2,0.043,,,
2447,2026-09-11,SZ300803,-0.00898086121737645,EXP_CatBoostModel_Alpha158_csi300_custom_step0_s_20260911_18,ab5b59f67f9e44068d1e30b501f01ee2,0.043,,,
2448,2026-09-11,SZ300760,0.004277590588790808,EXP_CatBoostModel_Alpha158_csi300_custom_step0_s_20260911_18,ab5b59f67f9e44068d1e30b501f01ee2,0.043,,,
2449,2026-09-11,SZ301236,-0.004370969465451406,EXP_CatBoostModel_Alpha158_csi300_custom_step0_s_20260911_18,ab5b59f67f9e44068d1e30b501f01ee2,0.043,,,
2450,2026-09-11,SZ300750,-0.004528359605455838,EXP_CatBoostModel_Alpha158_csi300_custom_step0_s_20260911_18,ab5b59f67f9e44068d1e30b501f01ee2,0.043,,,
2451,2026-09-11,SZ300628,-0.003089283443007369,EXP_CatBoostModel_Alpha158_csi300_custom_step0_s_20260911_18,ab5b59f67f9e44068d1e30b501f01ee2,0.043,,,
2452,2026-09-11,SZ300502,-0.0029801149284916957,EXP_CatBoostModel_Alpha158_csi300_custom_step0_s_20260911_18,ab5b59f67f9e44068d1e30b501f01ee2,0.043,,,
2453,2026-09-11,SZ300498,0.0003850133289296971,EXP_CatBoostModel_Alpha158_csi300_custom_step0_s_20260911_18,ab5b59f67f9e44068d1e30b501f01ee2,0.043,,,
2454,2026-09-11,SZ300476,0.008332920135776344,EXP_CatBoostModel_Alpha158_csi300_custom_step0_s_20260911_18,ab5b59f67f9e44068d1e30b501f01ee2,0.043,,,
2455,2026-09-11,SZ300450,-0.004556214835742353,EXP_CatBoostModel_Alpha158_csi300_custom_step0_s_20260911_18,ab5b59f67f9e44068d1e30b501f01ee2,0.043,,,
2456,2026-09-11,SZ300442,-0.005994026253305073,EXP_CatBoostModel_Alpha158_csi300_custom_step0_s_20260911_18,ab5b59f67f9e44068d1e30b501f01ee2,0.043,,,
2457,2026-09-11,SZ300661,-0.002260062283760274,EXP_CatBoostModel_Alpha158_csi300_custom_step0_s_20260911_18,ab5b59f67f9e44068d1e30b501f01ee2,0.043,,,
2458,2026-09-11,SH600183,-1.3362553222845903e-10,EXP_LGBModel_Alpha158_csi300_custom_step0_s_20260911_18,4afe5f98d310468bad9e5af4ed2e30e1,0.08,,,
2459,2026-09-11,SH600188,-0.002174385178794302,EXP_LGBModel_Alpha158_csi300_custom_step0_s_20260911_18,4afe5f98d310468bad9e5af4ed2e30e1,0.08,,,
2460,2026-09-11,SH600196,-1.3362553222845903e-10,EXP_LGBModel_Alpha158_csi300_custom_step0_s_20260911_18,4afe5f98d310468bad9e5af4ed2e30e1,0.08,,,
2461,2026-09-11,SH600886,0.00280688511642894,EXP_LGBModel_Alpha158_csi300_custom_step0_s_20260911_18,4afe5f98d310468bad9e5af4ed2e30e1,0.08,,,
2462,2026-09-11,SH600887,0.00280688511642894,EXP_LGBModel_Alpha158_csi300_custom_step0_s_20260911_18,4afe5f98d310468bad9e5af4ed2e30e1,0.08,,,
2463,2026-09-11,SH600893,-0.004454865090177402,EXP_LGBModel_Alpha158_csi300_custom_step0_s_20260911_18,4afe5f98d310468bad9e5af4ed2e30e1,0.08,,,
2464,2026-09-11,SH600900,0.00280688511642894,EXP_LGBModel_Alpha158_csi300_custom_step0_s_20260911_18,4afe5f98d310468bad9e5af4ed2e30e1,0.08,,,
2465,2026-09-11,SH600905,0.00280688511642894,EXP_LGBModel_Alpha158_csi300_custom_step0_s_20260911_18,4afe5f98d310468bad9e5af4ed2e30e1,0.08,,,
2466,2026-09-11,SH600918,-1.3362553222845903e-10,EXP_LGBModel_Alpha158_csi300_custom_step0_s_20260911_18,4afe5f98d310468bad9e5af4ed2e30e1,0.08,,,
2467,2026-09-11,SH600919,8.418461931733437e-05,EXP_LGBModel_Alpha158_csi300_custom_step0_s_20260911_18,4afe5f98d310468bad9e5af4ed2e30e1,0.08,,,
2468,2026-09-11,SH600926,8.418461931733437e-05,EXP_LGBModel_Alpha158_csi300_custom_step0_s_20260911_18,4afe5f98d310468bad9e5af4ed2e30e1,0.08,,,
2469,2026-09-11,SH600930,0.0015814716992925768,EXP_LGBModel_Alpha158_csi300_custom_step0_s_20260911_18,4afe5f98d310468bad9e5af4ed2e30e1,0.08,,,
2470,2026-09-11,SH600938,-1.3362553222845903e-10,EXP_LGBModel_Alpha158_csi300_custom_step0_s_20260911_18,4afe5f98d310468bad9e5af4ed2e30e1,0.08,,,
2471,2026-09-11,SH600941,0.00280688511642894,EXP_LGBModel_Alpha158_csi300_custom_step0_s_20260911_18,4afe5f98d310468bad9e5af4ed2e30e1,0.08,,,
2472,2026-09-11,SH600958,-1.3362553222845903e-10,EXP_LGBModel_Alpha158_csi300_custom_step0_s_20260911_18,4afe5f98d310468bad9e5af4ed2e30e1,0.08,,,
2473,2026-09-11,SH600989,-1.3362553222845903e-10,EXP_LGBModel_Alpha158_csi300_custom_step0_s_20260911_18,4afe5f98d310468bad9e5af4ed2e30e1,0.08,,,
2474,2026-09-11,SH600999,-1.3362553222845903e-10,EXP_LGBModel_Alpha158_csi300_custom_step0_s_20260911_18,4afe5f98d310468bad9e5af4ed2e30e1,0.08,,,
2475,2026-09-11,SH601006,0.00280688511642894,EXP_LGBModel_Alpha158_csi300_custom_step0_s_20260911_18,4afe5f98d310468bad9e5af4ed2e30e1,0.08,,,
2476,2026-09-11,SH601009,8.418461931733437e-05,EXP_LGBModel_Alpha158_csi300_custom_step0_s_20260911_18,4afe5f98d310468bad9e5af4ed2e30e1,0.08,,,
2477,2026-09-11,SH601012,-0.0009513524456758871,EXP_LGBModel_Alpha158_csi300_custom_step0_s_20260911_18,4afe5f98d310468bad9e5af4ed2e30e1,0.08,,,
2478,2026-09-11,SH601166,0.00280688511642894,EXP_LGBModel_Alpha158_csi300_custom_step0_s_20260911_18,4afe5f98d310468bad9e5af4ed2e30e1,0.08,,,
2479,2026-09-11,SH601138,-0.002174385178794302,EXP_LGBModel_Alpha158_csi300_custom_step0_s_20260911_18,4afe5f98d310468bad9e5af4ed2e30e1,0.08,,,
2480,2026-09-11,SH601136,-0.002174385178794302,EXP_LGBModel_Alpha158_csi300_custom_step0_s_20260911_18,4afe5f98d310468bad9e5af4ed2e30e1,0.08,,,
2481,2026-09-11,SH601127,0.001046795122478656,EXP_LGBModel_Alpha158_csi300_custom_step0_s_20260911_18,4afe5f98d310468bad9e5af4ed2e30e1,0.08,,,
2482,2026-09-11,SH601117,-1.3362553222845903e-10,EXP_LGBModel_Alpha158_csi300_custom_step0_s_20260911_18,4afe5f98d310468bad9e5af4ed2e30e1,0.08,,,
2483,2026-09-11,SH601111,-1.3362553222845903e-10,EXP_LGBModel_Alpha158_csi300_custom_step0_s_20260911_18,4afe5f98d310468bad9e5af4ed2e30e1,0.08,,,
2484,2026-09-11,SH600875,-0.002174385178794302,EXP_LGBModel_Alpha158_csi300_custom_step0_s_20260911_18,4afe5f98d310468bad9e5af4ed2e30e1,0.08,,,
2485,2026-09-11,SH601100,0.0015814716992925768,EXP_LGBModel_Alpha158_csi300_custom_step0_s_20260911_18,4afe5f98d310468bad9e5af4ed2e30e1,0.08,,,
2486,2026-09-11,SH601077,0.0015814716992925768,EXP_LGBModel_Alpha158_csi300_custom_step0_s_20260911_18,4afe5f98d310468bad9e5af4ed2e30e1,0.08,,,
2487,2026-09-11,SH601066,-0.002174385178794302,EXP_LGBModel_Alpha158_csi300_custom_step0_s_20260911_18,4afe5f98d310468bad9e5af4ed2e30e1,0.08,,,
2488,2026-09-11,SH601059,-1.3362553222845903e-10,EXP_LGBModel_Alpha158_csi300_custom_step0_s_20260911_18,4afe5f98d310468bad9e5af4ed2e30e1,0.08,,,
2489,2026-09-11,SH601058,0.001046795122478656,EXP_LGBModel_Alpha158_csi300_custom_step0_s_20260911_18,4afe5f98d310468bad9e5af4ed2e30e1,0.08,,,
2490,2026-09-11,SH601021,-1.3362553222845903e-10,EXP_LGBModel_Alpha158_csi300_custom_step0_s_20260911_18,4afe5f98d310468bad9e5af4ed2e30e1,0.08,,,
2491,2026-09-11,SH601018,0.00280688511642894,EXP_LGBModel_Alpha158_csi300_custom_step0_s_20260911_18,4afe5f98d310468bad9e5af4ed2e30e1,0.08,,,
2492,2026-09-11,SH601088,8.418461931733437e-05,EXP_LGBModel_Alpha158_csi300_custom_step0_s_20260911_18,4afe5f98d310468bad9e5af4ed2e30e1,0.08,,,
2493,2026-09-11,SH600845,-0.002053363680837327,EXP_LGBModel_Alpha158_csi300_custom_step0_s_20260911_18,4afe5f98d310468bad9e5af4ed2e30e1,0.08,,,
2494,2026-09-11,SH600809,-0.002174385178794302,EXP_LGBModel_Alpha158_csi300_custom_step0_s_20260911_18,4afe5f98d310468bad9e5af4ed2e30e1,0.08,,,
2495,2026-09-11,SH600803,0.0015814716992925768,EXP_LGBModel_Alpha158_csi300_custom_step0_s_20260911_18,4afe5f98d310468bad9e5af4ed2e30e1,0.08,,,
2496,2026-09-11,SH600460,0.001046795122478656,EXP_LGBModel_Alpha158_csi300_custom_step0_s_20260911_18,4afe5f98d310468bad9e5af4ed2e30e1,0.08,,,
2497,2026-09-11,SH600438,-0.0009513524456758871,EXP_LGBModel_Alpha158_csi300_custom_step0_s_20260911_18,4afe5f98d310468bad9e5af4ed2e30e1,0.08,,,
2498,2026-09-11,SH600436,-1.3362553222845903e-10,EXP_LGBModel_Alpha158_csi300_custom_step0_s_20260911_18,4afe5f98d310468bad9e5af4ed2e30e1,0.08,,,
2499,2026-09-11,SH600426,-0.002174385178794302,EXP_LGBModel_Alpha158_csi300_custom_step0_s_20260911_18,4afe5f98d310468bad9e5af4ed2e30e1,0.08,,,
2500,2026-09-11,SH600415,-0.002174385178794302,EXP_LGBModel_Alpha158_csi300_custom_step0_s_20260911_18,4afe5f98d310468bad9e5af4ed2e30e1,0.08,,,
2501,2026-09-11,SH600406,-1.3362553222845903e-10,EXP_LGBModel_Alpha158_csi300_custom_step0_s_20260911_18,4afe5f98d310468bad9e5af4ed2e30e1,0.08,,,
2502,2026-09-11,SH600482,-0.004454865090177402,EXP_LGBModel_Alpha158_csi300_custom_step0_s_20260911_18,4afe5f98d310468bad9e5af4ed2e30e1,0.08,,,
2503,2026-09-11,SH600372,0.00038337689850504814,EXP_LGBModel_Alpha158_csi300_custom_step0_s_20260911_18,4afe5f98d310468bad9e5af4ed2e30e1,0.08,,,
2504,2026-09-11,SH600346,-0.002174385178794302,EXP_LGBModel_Alpha158_csi300_custom_step0_s_20260911_18,4afe5f98d310468bad9e5af4ed2e30e1,0.08,,,
2505,2026-09-11,SH600309,0.0015814716992925768,EXP_LGBModel_Alpha158_csi300_custom_step0_s_20260911_18,4afe5f98d310468bad9e5af4ed2e30e1,0.08,,,
2506,2026-09-11,SH600276,0.003474471522299649,EXP_LGBModel_Alpha158_csi300_custom_step0_s_20260911_18,4afe5f98d310468bad9e5af4ed2e30e1,0.08,,,
2507,2026-09-11,SH600233,-0.0009147527514292577,EXP_LGBModel_Alpha158_csi300_custom_step0_s_20260911_18,4afe5f98d310468bad9e5af4ed2e30e1,0.08,,,
2508,2026-09-11,SH600221,-1.3362553222845903e-10,EXP_LGBModel_Alpha158_csi300_custom_step0_s_20260911_18,4afe5f98d310468bad9e5af4ed2e30e1,0.08,,,
2509,2026-09-11,SH600219,0.0015814716992925768,EXP_LGBModel_Alpha158_csi300_custom_step0_s_20260911_18,4afe5f98d310468bad9e5af4ed2e30e1,0.08,,,
2510,2026-09-11,SH600362,-0.002174385178794302,EXP_LGBModel_Alpha158_csi300_custom_step0_s_20260911_18,4afe5f98d310468bad9e5af4ed2e30e1,0.08,,,
2511,2026-09-11,SZ002353,0.001046795122478656,EXP_LGBModel_Alpha158_csi300_custom_step0_s_20260911_18,4afe5f98d310468bad9e5af4ed2e30e1,0.08,,,
2512,2026-09-11,SH600489,-1.3362553222845903e-10,EXP_LGBModel_Alpha158_csi300_custom_step0_s_20260911_18,4afe5f98d310468bad9e5af4ed2e30e1,0.08,,,
2513,2026-09-11,SH600519,-1.3362553222845903e-10,EXP_LGBModel_Alpha158_csi300_custom_step0_s_20260911_18,4afe5f98d310468bad9e5af4ed2e30e1,0.08,,,
2514,2026-09-11,SH600795,-1.3362553222845903e-10,EXP_LGBModel_Alpha158_csi300_custom_step0_s_20260911_18,4afe5f98d310468bad9e5af4ed2e30e1,0.08,,,
2515,2026-09-11,SH600760,-1.3362553222845903e-10,EXP_LGBModel_Alpha158_csi300_custom_step0_s_20260911_18,4afe5f98d310468bad9e5af4ed2e30e1,0.08,,,
2516,2026-09-11,SH600741,-1.3362553222845903e-10,EXP_LGBModel_Alpha158_csi300_custom_step0_s_20260911_18,4afe5f98d310468bad9e5af4ed2e30e1,0.08,,,
2517,2026-09-11,SH600690,-1.3362553222845903e-10,EXP_LGBModel_Alpha158_csi300_custom_step0_s_20260911_18,4afe5f98d310468bad9e5af4ed2e30e1,0.08,,,
2518,2026-09-11,SH600674,0.00280688511642894,EXP_LGBModel_Alpha158_csi300_custom_step0_s_20260911_18,4afe5f98d310468bad9e5af4ed2e30e1,0.08,,,
2519,2026-09-11,SH600660,-1.3362553222845903e-10,EXP_LGBModel_Alpha158_csi300_custom_step0_s_20260911_18,4afe5f98d310468bad9e5af4ed2e30e1,0.08,,,
2520,2026-09-11,SH600515,0.0015814716992925768,EXP_LGBModel_Alpha158_csi300_custom_step0_s_20260911_18,4afe5f98d310468bad9e5af4ed2e30e1,0.08,,,
2521,2026-09-11,SH600600,-1.3362553222845903e-10,EXP_LGBModel_Alpha158_csi300_custom_step0_s_20260911_18,4afe5f98d310468bad9e5af4ed2e30e1,0.08,,,
2522,2026-09-11,SH600585,-1.3362553222845903e-10,EXP_LGBModel_Alpha158_csi300_custom_step0_s_20260911_18,4afe5f98d310468bad9e5af4ed2e30e1,0.08,,,
2523,2026-09-11,SH600584,0.001046795122478656,EXP_LGBModel_Alpha158_csi300_custom_step0_s_20260911_18,4afe5f98d310468bad9e5af4ed2e30e1,0.08,,,
2524,2026-09-11,SH600570,-0.002174385178794302,EXP_LGBModel_Alpha158_csi300_custom_step0_s_20260911_18,4afe5f98d310468bad9e5af4ed2e30e1,0.08,,,
2525,2026-09-11,SH600549,-1.3362553222845903e-10,EXP_LGBModel_Alpha158_csi300_custom_step0_s_20260911_18,4afe5f98d310468bad9e5af4ed2e30e1,0.08,,,
2526,2026-09-11,SH600547,-1.3362553222845903e-10,EXP_LGBModel_Alpha158_csi300_custom_step0_s_20260911_18,4afe5f98d310468bad9e5af4ed2e30e1,0.08,,,
2527,2026-09-11,SH600522,-0.004454865090177402,EXP_LGBModel_Alpha158_csi300_custom_step0_s_20260911_18,4afe5f98d310468bad9e5af4ed2e30e1,0.08,,,
2528,2026-09-11,SH600588,0.003474471522299649,EXP_LGBModel_Alpha158_csi300_custom_step0_s_20260911_18,4afe5f98d310468bad9e5af4ed2e30e1,0.08,,,
2529,2026-09-11,SZ002920,-0.004370969465451406,EXP_CatBoostModel_Alpha158_csi300_custom_step0_s_20260911_18,ab5b59f67f9e44068d1e30b501f01ee2,0.043,,,
2530,2026-09-11,SZ002371,0.001046795122478656,EXP_LGBModel_Alpha158_csi300_custom_step0_s_20260911_18,4afe5f98d310468bad9e5af4ed2e30e1,0.08,,,
2531,2026-09-11,SZ002415,0.001046795122478656,EXP_LGBModel_Alpha158_csi300_custom_step0_s_20260911_18,4afe5f98d310468bad9e5af4ed2e30e1,0.08,,,
2532,2026-09-11,SH601628,0.005317248201217072,EXP_LGBModel_Alpha158_csi300_custom_step0_s_20260911_18,34e027e641654c049ce3913bee51c767,0.126,,,
2533,2026-09-11,SH601633,-1.4135654980394333e-10,EXP_LGBModel_Alpha158_csi300_custom_step0_s_20260911_18,34e027e641654c049ce3913bee51c767,0.126,,,
2534,2026-09-11,SH601658,0.011246337899768501,EXP_LGBModel_Alpha158_csi300_custom_step0_s_20260911_18,34e027e641654c049ce3913bee51c767,0.126,,,
2535,2026-09-11,SH601668,0.008062347601747333,EXP_LGBModel_Alpha158_csi300_custom_step0_s_20260911_18,34e027e641654c049ce3913bee51c767,0.126,,,
2536,2026-09-11,SH601669,0.004684523062338892,EXP_LGBModel_Alpha158_csi300_custom_step0_s_20260911_18,34e027e641654c049ce3913bee51c767,0.126,,,
2537,2026-09-11,SH601688,0.004303552732197931,EXP_LGBModel_Alpha158_csi300_custom_step0_s_20260911_18,34e027e641654c049ce3913bee51c767,0.126,,,
2538,2026-09-11,SH601689,-0.00901534512300098,EXP_LGBModel_Alpha158_csi300_custom_step0_s_20260911_18,34e027e641654c049ce3913bee51c767,0.126,,,
2539,2026-09-11,SH601698,-1.4135654980394333e-10,EXP_LGBModel_Alpha158_csi300_custom_step0_s_20260911_18,34e027e641654c049ce3913bee51c767,0.126,,,
2540,2026-09-11,SH601727,0.008062347601747333,EXP_LGBModel_Alpha158_csi300_custom_step0_s_20260911_18,34e027e641654c049ce3913bee51c767,0.126,,,
2541,2026-09-11,SH601728,0.01134769270368239,EXP_LGBModel_Alpha158_csi300_custom_step0_s_20260911_18,34e027e641654c049ce3913bee51c767,0.126,,,
2542,2026-09-11,SH601766,0.0026522271557197896,EXP_LGBModel_Alpha158_csi300_custom_step0_s_20260911_18,34e027e641654c049ce3913bee51c767,0.126,,,
2543,2026-09-11,SH601788,-1.4135654980394333e-10,EXP_LGBModel_Alpha158_csi300_custom_step0_s_20260911_18,34e027e641654c049ce3913bee51c767,0.126,,,
2544,2026-09-11,SH601800,0.008062347601747333,EXP_LGBModel_Alpha158_csi300_custom_step0_s_20260911_18,34e027e641654c049ce3913bee51c767,0.126,,,
2545,2026-09-11,SH601816,0.008062347601747333,EXP_LGBModel_Alpha158_csi300_custom_step0_s_20260911_18,34e027e641654c049ce3913bee51c767,0.126,,,
2546,2026-09-11,SH601818,0.008062347601747333,EXP_LGBModel_Alpha158_csi300_custom_step0_s_20260911_18,34e027e641654c049ce3913bee51c767,0.126,,,
2547,2026-09-11,SH601825,0.005360639163277059,EXP_LGBModel_Alpha158_csi300_custom_step0_s_20260911_18,34e027e641654c049ce3913bee51c767,0.126,,,
2548,2026-09-11,SH601838,-1.4135654980394333e-10,EXP_LGBModel_Alpha158_csi300_custom_step0_s_20260911_18,34e027e641654c049ce3913bee51c767,0.126,,,
2549,2026-09-11,SH601985,0.01134769270368239,EXP_LGBModel_Alpha158_csi300_custom_step0_s_20260911_18,34e027e641654c049ce3913bee51c767,0.126,,,
2550,2026-09-11,SH601939,0.00869546540660605,EXP_LGBModel_Alpha158_csi300_custom_step0_s_20260911_18,34e027e641654c049ce3913bee51c767,0.126,,,
2551,2026-09-11,SH601919,-1.4135654980394333e-10,EXP_LGBModel_Alpha158_csi300_custom_step0_s_20260911_18,34e027e641654c049ce3913bee51c767,0.126,,,
2552,2026-09-11,SH601916,0.00621386935642137,EXP_LGBModel_Alpha158_csi300_custom_step0_s_20260911_18,34e027e641654c049ce3913bee51c767,0.126,,,
2553,2026-09-11,SH601901,0.00648352016627092,EXP_LGBModel_Alpha158_csi300_custom_step0_s_20260911_18,34e027e641654c049ce3913bee51c767,0.126,,,
2554,2026-09-11,SH601899,-0.006189744123270658,EXP_LGBModel_Alpha158_csi300_custom_step0_s_20260911_18,34e027e641654c049ce3913bee51c767,0.126,,,
2555,2026-09-11,SH601618,0.004243848339617147,EXP_LGBModel_Alpha158_csi300_custom_step0_s_20260911_18,34e027e641654c049ce3913bee51c767,0.126,,,
2556,2026-09-11,SH601898,-0.00901534512300098,EXP_LGBModel_Alpha158_csi300_custom_step0_s_20260911_18,34e027e641654c049ce3913bee51c767,0.126,,,
2557,2026-09-11,SH601881,-1.4135654980394333e-10,EXP_LGBModel_Alpha158_csi300_custom_step0_s_20260911_18,34e027e641654c049ce3913bee51c767,0.126,,,
2558,2026-09-11,SH601878,-0.0015730502521616237,EXP_LGBModel_Alpha158_csi300_custom_step0_s_20260911_18,34e027e641654c049ce3913bee51c767,0.126,,,
2559,2026-09-11,SH601877,0.004303552732197931,EXP_LGBModel_Alpha158_csi300_custom_step0_s_20260911_18,34e027e641654c049ce3913bee51c767,0.126,,,
2560,2026-09-11,SH601872,-0.006835377688927989,EXP_LGBModel_Alpha158_csi300_custom_step0_s_20260911_18,34e027e641654c049ce3913bee51c767,0.126,,,
2561,2026-09-11,SH601868,-1.4135654980394333e-10,EXP_LGBModel_Alpha158_csi300_custom_step0_s_20260911_18,34e027e641654c049ce3913bee51c767,0.126,,,
2562,2026-09-11,SH601857,0.01134769270368239,EXP_LGBModel_Alpha158_csi300_custom_step0_s_20260911_18,34e027e641654c049ce3913bee51c767,0.126,,,
2563,2026-09-11,SH601888,-0.006835377688927989,EXP_LGBModel_Alpha158_csi300_custom_step0_s_20260911_18,34e027e641654c049ce3913bee51c767,0.126,,,
2564,2026-09-11,SH601988,0.00869546540660605,EXP_LGBModel_Alpha158_csi300_custom_step0_s_20260911_18,34e027e641654c049ce3913bee51c767,0.126,,,
2565,2026-09-11,SH601607,0.00913574746334726,EXP_LGBModel_Alpha158_csi300_custom_step0_s_20260911_18,34e027e641654c049ce3913bee51c767,0.126,,,
2566,2026-09-11,SH601600,-0.005440672422770269,EXP_LGBModel_Alpha158_csi300_custom_step0_s_20260911_18,34e027e641654c049ce3913bee51c767,0.126,,,
2567,2026-09-11,SH601012,-2.8096365512489656e-05,EXP_LGBModel_Alpha158_csi300_custom_step0_s_20260911_18,34e027e641654c049ce3913bee51c767,0.126,,,
2568,2026-09-11,SH601018,0.01134769270368239,EXP_LGBModel_Alpha158_csi300_custom_step0_s_20260911_18,34e027e641654c049ce3913bee51c767,0.126,,,
2569,2026-09-11,SH601021,0.0015788272941198648,EXP_LGBModel_Alpha158_csi300_custom_step0_s_20260911_18,34e027e641654c049ce3913bee51c767,0.126,,,
2570,2026-09-11,SH601058,-0.003916150927325346,EXP_LGBModel_Alpha158_csi300_custom_step0_s_20260911_18,34e027e641654c049ce3913bee51c767,0.126,,,
2571,2026-09-11,SH601059,-0.006628645997382546,EXP_LGBModel_Alpha158_csi300_custom_step0_s_20260911_18,34e027e641654c049ce3913bee51c767,0.126,,,
2572,2026-09-11,SH601066,-0.00901534512300098,EXP_LGBModel_Alpha158_csi300_custom_step0_s_20260911_18,34e027e641654c049ce3913bee51c767,0.126,,,
2573,2026-09-11,SH601077,0.005317248201217072,EXP_LGBModel_Alpha158_csi300_custom_step0_s_20260911_18,34e027e641654c049ce3913bee51c767,0.126,,,
2574,2026-09-11,SH601088,-0.00014791166533863285,EXP_LGBModel_Alpha158_csi300_custom_step0_s_20260911_18,34e027e641654c049ce3913bee51c767,0.126,,,
2575,2026-09-11,SH601100,-0.0003809704714975112,EXP_LGBModel_Alpha158_csi300_custom_step0_s_20260911_18,34e027e641654c049ce3913bee51c767,0.126,,,
2576,2026-09-11,SH601111,0.0002259468517704043,EXP_LGBModel_Alpha158_csi300_custom_step0_s_20260911_18,34e027e641654c049ce3913bee51c767,0.126,,,
2577,2026-09-11,SH601117,0.003377824398051893,EXP_LGBModel_Alpha158_csi300_custom_step0_s_20260911_18,34e027e641654c049ce3913bee51c767,0.126,,,
2578,2026-09-11,SH601127,-0.005373386807547956,EXP_LGBModel_Alpha158_csi300_custom_step0_s_20260911_18,34e027e641654c049ce3913bee51c767,0.126,,,
2579,2026-09-11,SH601136,-0.00901534512300098,EXP_LGBModel_Alpha158_csi300_custom_step0_s_20260911_18,34e027e641654c049ce3913bee51c767,0.126,,,
2580,2026-09-11,SH601138,-0.00901534512300098,EXP_LGBModel_Alpha158_csi300_custom_step0_s_20260911_18,34e027e641654c049ce3913bee51c767,0.126,,,
2581,2026-09-11,SH601166,0.0073367503594152315,EXP_LGBModel_Alpha158_csi300_custom_step0_s_20260911_18,34e027e641654c049ce3913bee51c767,0.126,,,
2582,2026-09-11,SH601169,0.0026956181177797767,EXP_LGBModel_Alpha158_csi300_custom_step0_s_20260911_18,34e027e641654c049ce3913bee51c767,0.126,,,
2583,2026-09-11,SH601186,0.00913574746334726,EXP_LGBModel_Alpha158_csi300_custom_step0_s_20260911_18,34e027e641654c049ce3913bee51c767,0.126,,,
2584,2026-09-11,SH601456,-1.4135654980394333e-10,EXP_LGBModel_Alpha158_csi300_custom_step0_s_20260911_18,34e027e641654c049ce3913bee51c767,0.126,,,
2585,2026-09-11,SH601398,0.011246337899768501,EXP_LGBModel_Alpha158_csi300_custom_step0_s_20260911_18,34e027e641654c049ce3913bee51c767,0.126,,,
2586,2026-09-11,SH601390,0.00648352016627092,EXP_LGBModel_Alpha158_csi300_custom_step0_s_20260911_18,34e027e641654c049ce3913bee51c767,0.126,,,
2587,2026-09-11,SH601377,0.00648352016627092,EXP_LGBModel_Alpha158_csi300_custom_step0_s_20260911_18,34e027e641654c049ce3913bee51c767,0.126,,,
2588,2026-09-11,SH601360,-0.00901534512300098,EXP_LGBModel_Alpha158_csi300_custom_step0_s_20260911_18,34e027e641654c049ce3913bee51c767,0.126,,,
2589,2026-09-11,SH601336,-0.00901534512300098,EXP_LGBModel_Alpha158_csi300_custom_step0_s_20260911_18,34e027e641654c049ce3913bee51c767,0.126,,,
2590,2026-09-11,SH601601,0.008815026159461545,EXP_LGBModel_Alpha158_csi300_custom_step0_s_20260911_18,34e027e641654c049ce3913bee51c767,0.126,,,
2591,2026-09-11,SH601328,0.011246337899768501,EXP_LGBModel_Alpha158_csi300_custom_step0_s_20260911_18,34e027e641654c049ce3913bee51c767,0.126,,,
2592,2026-09-11,SH601318,0.003916489105379549,EXP_LGBModel_Alpha158_csi300_custom_step0_s_20260911_18,34e027e641654c049ce3913bee51c767,0.126,,,
2593,2026-09-11,SH601288,0.01134769270368239,EXP_LGBModel_Alpha158_csi300_custom_step0_s_20260911_18,34e027e641654c049ce3913bee51c767,0.126,,,
2594,2026-09-11,SH601238,0.008062347601747333,EXP_LGBModel_Alpha158_csi300_custom_step0_s_20260911_18,34e027e641654c049ce3913bee51c767,0.126,,,
2595,2026-09-11,SH601229,0.01134769270368239,EXP_LGBModel_Alpha158_csi300_custom_step0_s_20260911_18,34e027e641654c049ce3913bee51c767,0.126,,,
2596,2026-09-11,SH601225,-1.4135654980394333e-10,EXP_LGBModel_Alpha158_csi300_custom_step0_s_20260911_18,34e027e641654c049ce3913bee51c767,0.126,,,
2597,2026-09-11,SH601211,0.0002259468517704043,EXP_LGBModel_Alpha158_csi300_custom_step0_s_20260911_18,34e027e641654c049ce3913bee51c767,0.126,,,
2598,2026-09-11,SH601319,0.0018684204565363532,EXP_LGBModel_Alpha158_csi300_custom_step0_s_20260911_18,34e027e641654c049ce3913bee51c767,0.126,,,
2599,2026-09-11,SH601009,0.008815026159461545,EXP_LGBModel_Alpha158_csi300_custom_step0_s_20260911_18,34e027e641654c049ce3913bee51c767,0.126,,,
2600,2026-09-11,SH601995,-0.002266084467855021,EXP_LGBModel_Alpha158_csi300_custom_step0_s_20260911_18,34e027e641654c049ce3913bee51c767,0.126,,,
2601,2026-09-11,SH603019,-0.006835377688927989,EXP_LGBModel_Alpha158_csi300_custom_step0_s_20260911_18,34e027e641654c049ce3913bee51c767,0.126,,,
2602,2026-09-11,SZ000063,-0.006749260796502508,EXP_LGBModel_Alpha158_csi300_custom_step0_s_20260911_18,34e027e641654c049ce3913bee51c767,0.126,,,
2603,2026-09-11,SZ000100,-0.006835377688927989,EXP_LGBModel_Alpha158_csi300_custom_step0_s_20260911_18,34e027e641654c049ce3913bee51c767,0.126,,,
2604,2026-09-11,SZ000157,0.002550872351805901,EXP_LGBModel_Alpha158_csi300_custom_step0_s_20260911_18,34e027e641654c049ce3913bee51c767,0.126,,,
2605,2026-09-11,SZ000166,0.00648352016627092,EXP_LGBModel_Alpha158_csi300_custom_step0_s_20260911_18,34e027e641654c049ce3913bee51c767,0.126,,,
2606,2026-09-11,SZ000301,-0.006835377688927989,EXP_LGBModel_Alpha158_csi300_custom_step0_s_20260911_18,34e027e641654c049ce3913bee51c767,0.126,,,
2607,2026-09-11,SZ000333,0.0026522271557197896,EXP_LGBModel_Alpha158_csi300_custom_step0_s_20260911_18,34e027e641654c049ce3913bee51c767,0.126,,,
2608,2026-09-11,SZ000338,-0.006749260796502508,EXP_LGBModel_Alpha158_csi300_custom_step0_s_20260911_18,34e027e641654c049ce3913bee51c767,0.126,,,
2609,2026-09-11,SZ000408,-0.006628645997382546,EXP_LGBModel_Alpha158_csi300_custom_step0_s_20260911_18,34e027e641654c049ce3913bee51c767,0.126,,,
2610,2026-09-11,SZ000425,-0.006835377688927989,EXP_LGBModel_Alpha158_csi300_custom_step0_s_20260911_18,34e027e641654c049ce3913bee51c767,0.126,,,
2611,2026-09-11,SZ000538,0.00913574746334726,EXP_LGBModel_Alpha158_csi300_custom_step0_s_20260911_18,34e027e641654c049ce3913bee51c767,0.126,,,
2612,2026-09-11,SZ000568,-1.6044123872232083e-05,EXP_LGBModel_Alpha158_csi300_custom_step0_s_20260911_18,34e027e641654c049ce3913bee51c767,0.126,,,
2613,2026-09-11,SZ000596,-0.00901534512300098,EXP_LGBModel_Alpha158_csi300_custom_step0_s_20260911_18,34e027e641654c049ce3913bee51c767,0.126,,,
2614,2026-09-11,SZ000617,-0.00901534512300098,EXP_LGBModel_Alpha158_csi300_custom_step0_s_20260911_18,34e027e641654c049ce3913bee51c767,0.126,,,
2615,2026-09-11,SZ000625,0.008062347601747333,EXP_LGBModel_Alpha158_csi300_custom_step0_s_20260911_18,34e027e641654c049ce3913bee51c767,0.126,,,
2616,2026-09-11,SZ000630,-0.00901534512300098,EXP_LGBModel_Alpha158_csi300_custom_step0_s_20260911_18,34e027e641654c049ce3913bee51c767,0.126,,,
2617,2026-09-11,SZ000651,0.009553111250035828,EXP_LGBModel_Alpha158_csi300_custom_step0_s_20260911_18,34e027e641654c049ce3913bee51c767,0.126,,,
2618,2026-09-11,SZ000657,0.009776884279251715,EXP_LGBModel_Alpha158_csi300_custom_step0_s_20260911_18,34e027e641654c049ce3913bee51c767,0.126,,,
2619,2026-09-11,SZ000999,0.008062347601747333,EXP_LGBModel_Alpha158_csi300_custom_step0_s_20260911_18,34e027e641654c049ce3913bee51c767,0.126,,,
2620,2026-09-11,SZ000988,-0.006825160038642157,EXP_LGBModel_Alpha158_csi300_custom_step0_s_20260911_18,34e027e641654c049ce3913bee51c767,0.126,,,
2621,2026-09-11,SZ000977,-0.00901534512300098,EXP_LGBModel_Alpha158_csi300_custom_step0_s_20260911_18,34e027e641654c049ce3913bee51c767,0.126,,,
2622,2026-09-11,SZ000975,-0.002179967575429539,EXP_LGBModel_Alpha158_csi300_custom_step0_s_20260911_18,34e027e641654c049ce3913bee51c767,0.126,,,
2623,2026-09-11,SZ000963,-1.4135654980394333e-10,EXP_LGBModel_Alpha158_csi300_custom_step0_s_20260911_18,34e027e641654c049ce3913bee51c767,0.126,,,
2624,2026-09-11,SZ000938,-0.006936553954257135,EXP_LGBModel_Alpha158_csi300_custom_step0_s_20260911_18,34e027e641654c049ce3913bee51c767,0.126,,,
2625,2026-09-11,SZ000002,-0.008408427799733064,EXP_LGBModel_Alpha158_csi300_custom_step0_s_20260911_18,34e027e641654c049ce3913bee51c767,0.126,,,
2626,2026-09-11,SZ000895,0.006628123928185687,EXP_LGBModel_Alpha158_csi300_custom_step0_s_20260911_18,34e027e641654c049ce3913bee51c767,0.126,,,
2627,2026-09-11,SZ000807,0.004084186232226105,EXP_LGBModel_Alpha158_csi300_custom_step0_s_20260911_18,34e027e641654c049ce3913bee51c767,0.126,,,
2628,2026-09-11,SZ000792,-0.001565986489032172,EXP_LGBModel_Alpha158_csi300_custom_step0_s_20260911_18,34e027e641654c049ce3913bee51c767,0.126,,,
2629,2026-09-11,SZ000776,-0.00901534512300098,EXP_LGBModel_Alpha158_csi300_custom_step0_s_20260911_18,34e027e641654c049ce3913bee51c767,0.126,,,
2630,2026-09-11,SZ000768,-0.0026125574273929792,EXP_LGBModel_Alpha158_csi300_custom_step0_s_20260911_18,34e027e641654c049ce3913bee51c767,0.126,,,
2631,2026-09-11,SZ000725,-0.002379108278070696,EXP_LGBModel_Alpha158_csi300_custom_step0_s_20260911_18,34e027e641654c049ce3913bee51c767,0.126,,,
2632,2026-09-11,SZ000708,0.0049104700554658464,EXP_LGBModel_Alpha158_csi300_custom_step0_s_20260911_18,34e027e641654c049ce3913bee51c767,0.126,,,
2633,2026-09-11,SZ000858,0.003377824398051893,EXP_LGBModel_Alpha158_csi300_custom_step0_s_20260911_18,34e027e641654c049ce3913bee51c767,0.126,,,
2634,2026-09-11,SH601998,0.005246490610942227,EXP_LGBModel_Alpha158_csi300_custom_step0_s_20260911_18,34e027e641654c049ce3913bee51c767,0.126,,,
2635,2026-09-11,SZ000001,0.011246337899768501,EXP_LGBModel_Alpha158_csi300_custom_step0_s_20260911_18,34e027e641654c049ce3913bee51c767,0.126,,,
2636,2026-09-11,SH688521,-0.006825160038642157,EXP_LGBModel_Alpha158_csi300_custom_step0_s_20260911_18,34e027e641654c049ce3913bee51c767,0.126,,,
2637,2026-09-11,SH603259,0.002278254331091208,EXP_LGBModel_Alpha158_csi300_custom_step0_s_20260911_18,34e027e641654c049ce3913bee51c767,0.126,,,
2638,2026-09-11,SH603260,-0.002294180692010961,EXP_LGBModel_Alpha158_csi300_custom_step0_s_20260911_18,34e027e641654c049ce3913bee51c767,0.126,,,
2639,2026-09-11,SH603288,0.00648352016627092,EXP_LGBModel_Alpha158_csi300_custom_step0_s_20260911_18,34e027e641654c049ce3913bee51c767,0.126,,,
2640,2026-09-11,SH603296,-0.00901534512300098,EXP_LGBModel_Alpha158_csi300_custom_step0_s_20260911_18,34e027e641654c049ce3913bee51c767,0.126,,,
2641,2026-09-11,SH603369,-0.006885881683754659,EXP_LGBModel_Alpha158_csi300_custom_step0_s_20260911_18,34e027e641654c049ce3913bee51c767,0.126,,,
2642,2026-09-11,SH603392,-0.00901534512300098,EXP_LGBModel_Alpha158_csi300_custom_step0_s_20260911_18,34e027e641654c049ce3913bee51c767,0.126,,,
2643,2026-09-11,SH603501,-0.001285412744720276,EXP_LGBModel_Alpha158_csi300_custom_step0_s_20260911_18,34e027e641654c049ce3913bee51c767,0.126,,,
2644,2026-09-11,SH603799,0.002371514781135431,EXP_LGBModel_Alpha158_csi300_custom_step0_s_20260911_18,34e027e641654c049ce3913bee51c767,0.126,,,
2645,2026-09-11,SH603893,-0.00901534512300098,EXP_LGBModel_Alpha158_csi300_custom_step0_s_20260911_18,34e027e641654c049ce3913bee51c767,0.126,,,
2646,2026-09-11,SH603986,-0.002928817809008793,EXP_LGBModel_Alpha158_csi300_custom_step0_s_20260911_18,34e027e641654c049ce3913bee51c767,0.126,,,
2647,2026-09-11,SH603993,-0.00901534512300098,EXP_LGBModel_Alpha158_csi300_custom_step0_s_20260911_18,34e027e641654c049ce3913bee51c767,0.126,,,
2648,2026-09-11,SH605117,-0.008471908995079444,EXP_LGBModel_Alpha158_csi300_custom_step0_s_20260911_18,34e027e641654c049ce3913bee51c767,0.126,,,
2649,2026-09-11,SH605499,-0.00901534512300098,EXP_LGBModel_Alpha158_csi300_custom_step0_s_20260911_18,34e027e641654c049ce3913bee51c767,0.126,,,
2650,2026-09-11,SH688008,-0.006825160038642157,EXP_LGBModel_Alpha158_csi300_custom_step0_s_20260911_18,34e027e641654c049ce3913bee51c767,0.126,,,
2651,2026-09-11,SH688009,0.00648352016627092,EXP_LGBModel_Alpha158_csi300_custom_step0_s_20260911_18,34e027e641654c049ce3913bee51c767,0.126,,,
2652,2026-09-11,SH688012,-0.006686691910951028,EXP_LGBModel_Alpha158_csi300_custom_step0_s_20260911_18,34e027e641654c049ce3913bee51c767,0.126,,,
2653,2026-09-11,SH688036,-0.00901534512300098,EXP_LGBModel_Alpha158_csi300_custom_step0_s_20260911_18,34e027e641654c049ce3913bee51c767,0.126,,,
2654,2026-09-11,SH688506,0.005346906263415943,EXP_LGBModel_Alpha158_csi300_custom_step0_s_20260911_18,34e027e641654c049ce3913bee51c767,0.126,,,
2655,2026-09-11,SH688472,0.00868530746279889,EXP_LGBModel_Alpha158_csi300_custom_step0_s_20260911_18,34e027e641654c049ce3913bee51c767,0.126,,,
2656,2026-09-11,SH688396,-0.004496506826592205,EXP_LGBModel_Alpha158_csi300_custom_step0_s_20260911_18,34e027e641654c049ce3913bee51c767,0.126,,,
2657,2026-09-11,SH688303,-0.003021596096616083,EXP_LGBModel_Alpha158_csi300_custom_step0_s_20260911_18,34e027e641654c049ce3913bee51c767,0.126,,,
2658,2026-09-11,SH688271,-0.006835377688927989,EXP_LGBModel_Alpha158_csi300_custom_step0_s_20260911_18,34e027e641654c049ce3913bee51c767,0.126,,,
2659,2026-09-11,SH688256,-0.003745953923105162,EXP_LGBModel_Alpha158_csi300_custom_step0_s_20260911_18,34e027e641654c049ce3913bee51c767,0.126,,,
2660,2026-09-11,SH688981,-0.003745953923105162,EXP_LGBModel_Alpha158_csi300_custom_step0_s_20260911_18,34e027e641654c049ce3913bee51c767,0.126,,,
2661,2026-09-11,SH688223,0.0010708027595966894,EXP_LGBModel_Alpha158_csi300_custom_step0_s_20260911_18,34e027e641654c049ce3913bee51c767,0.126,,,
2662,2026-09-11,SH688126,-0.004496506826592205,EXP_LGBModel_Alpha158_csi300_custom_step0_s_20260911_18,34e027e641654c049ce3913bee51c767,0.126,,,
2663,2026-09-11,SH688111,-0.00901534512300098,EXP_LGBModel_Alpha158_csi300_custom_step0_s_20260911_18,34e027e641654c049ce3913bee51c767,0.126,,,
2664,2026-09-11,SH688082,-0.004496506826592205,EXP_LGBModel_Alpha158_csi300_custom_step0_s_20260911_18,34e027e641654c049ce3913bee51c767,0.126,,,
2665,2026-09-11,SH688072,-0.006686691910951028,EXP_LGBModel_Alpha158_csi300_custom_step0_s_20260911_18,34e027e641654c049ce3913bee51c767,0.126,,,
2666,2026-09-11,SH688047,-0.006825160038642157,EXP_LGBModel_Alpha158_csi300_custom_step0_s_20260911_18,34e027e641654c049ce3913bee51c767,0.126,,,
2667,2026-09-11,SH688041,0.009776884279251715,EXP_LGBModel_Alpha158_csi300_custom_step0_s_20260911_18,34e027e641654c049ce3913bee51c767,0.126,,,
2668,2026-09-11,SH688183,-0.00901534512300098,EXP_LGBModel_Alpha158_csi300_custom_step0_s_20260911_18,34e027e641654c049ce3913bee51c767,0.126,,,
2669,2026-09-11,SH601006,0.0035182510972850438,EXP_LGBModel_Alpha158_csi300_custom_step0_s_20260911_18,34e027e641654c049ce3913bee51c767,0.126,,,
2670,2026-09-11,SH600999,-0.006749260796502508,EXP_LGBModel_Alpha158_csi300_custom_step0_s_20260911_18,34e027e641654c049ce3913bee51c767,0.126,,,
2671,2026-09-11,SH600989,0.006264153666299094,EXP_LGBModel_Alpha158_csi300_custom_step0_s_20260911_18,34e027e641654c049ce3913bee51c767,0.126,,,
2672,2026-09-11,SZ300433,0.0002649477093800557,EXP_LGBModel_Alpha158_csi300_custom_step0_s_20260911_18,4afe5f98d310468bad9e5af4ed2e30e1,0.08,,,
2673,2026-09-11,SZ300442,-1.3362553222845903e-10,EXP_LGBModel_Alpha158_csi300_custom_step0_s_20260911_18,4afe5f98d310468bad9e5af4ed2e30e1,0.08,,,
2674,2026-09-11,SZ300450,0.0002649477093800557,EXP_LGBModel_Alpha158_csi300_custom_step0_s_20260911_18,4afe5f98d310468bad9e5af4ed2e30e1,0.08,,,
2675,2026-09-11,SZ300476,-0.004454865090177402,EXP_LGBModel_Alpha158_csi300_custom_step0_s_20260911_18,4afe5f98d310468bad9e5af4ed2e30e1,0.08,,,
2676,2026-09-11,SZ300498,-1.3362553222845903e-10,EXP_LGBModel_Alpha158_csi300_custom_step0_s_20260911_18,4afe5f98d310468bad9e5af4ed2e30e1,0.08,,,
2677,2026-09-11,SZ300502,-1.3362553222845903e-10,EXP_LGBModel_Alpha158_csi300_custom_step0_s_20260911_18,4afe5f98d310468bad9e5af4ed2e30e1,0.08,,,
2678,2026-09-11,SZ300628,-0.0009147527514292577,EXP_LGBModel_Alpha158_csi300_custom_step0_s_20260911_18,4afe5f98d310468bad9e5af4ed2e30e1,0.08,,,
2679,2026-09-11,SZ300661,-1.3362553222845903e-10,EXP_LGBModel_Alpha158_csi300_custom_step0_s_20260911_18,4afe5f98d310468bad9e5af4ed2e30e1,0.08,,,
2680,2026-09-11,SZ300750,0.001046795122478656,EXP_LGBModel_Alpha158_csi300_custom_step0_s_20260911_18,4afe5f98d310468bad9e5af4ed2e30e1,0.08,,,
2681,2026-09-11,SZ300760,-1.3362553222845903e-10,EXP_LGBModel_Alpha158_csi300_custom_step0_s_20260911_18,4afe5f98d310468bad9e5af4ed2e30e1,0.08,,,
2682,2026-09-11,SZ300803,-0.002174385178794302,EXP_LGBModel_Alpha158_csi300_custom_step0_s_20260911_18,4afe5f98d310468bad9e5af4ed2e30e1,0.08,,,
2683,2026-09-11,SZ300832,-0.002174385178794302,EXP_LGBModel_Alpha158_csi300_custom_step0_s_20260911_18,4afe5f98d310468bad9e5af4ed2e30e1,0.08,,,
2684,2026-09-11,SZ300866,-0.0009147527514292577,EXP_LGBModel_Alpha158_csi300_custom_step0_s_20260911_18,4afe5f98d310468bad9e5af4ed2e30e1,0.08,,,
2685,2026-09-11,SZ300896,-0.002174385178794302,EXP_LGBModel_Alpha158_csi300_custom_step0_s_20260911_18,4afe5f98d310468bad9e5af4ed2e30e1,0.08,,,
2686,2026-09-11,SZ300999,0.0017062454633032615,EXP_LGBModel_Alpha158_csi300_custom_step0_s_20260911_18,4afe5f98d310468bad9e5af4ed2e30e1,0.08,,,
2687,2026-09-11,SZ301165,0.0002649477093800557,EXP_LGBModel_Alpha158_csi300_custom_step0_s_20260911_18,4afe5f98d310468bad9e5af4ed2e30e1,0.08,,,
2688,2026-09-11,SZ301236,-0.002174385178794302,EXP_LGBModel_Alpha158_csi300_custom_step0_s_20260911_18,4afe5f98d310468bad9e5af4ed2e30e1,0.08,,,
2689,2026-09-11,SH600026,-1.4135654980394333e-10,EXP_LGBModel_Alpha158_csi300_custom_step0_s_20260911_18,34e027e641654c049ce3913bee51c767,0.126,,,
2690,2026-09-11,SH600025,0.0026522271557197896,EXP_LGBModel_Alpha158_csi300_custom_step0_s_20260911_18,34e027e641654c049ce3913bee51c767,0.126,,,
2691,2026-09-11,SH600023,0.01134769270368239,EXP_LGBModel_Alpha158_csi300_custom_step0_s_20260911_18,34e027e641654c049ce3913bee51c767,0.126,,,
2692,2026-09-11,SH600019,0.004243848339617147,EXP_LGBModel_Alpha158_csi300_custom_step0_s_20260911_18,34e027e641654c049ce3913bee51c767,0.126,,,
2693,2026-09-11,SH600018,0.011246337899768501,EXP_LGBModel_Alpha158_csi300_custom_step0_s_20260911_18,34e027e641654c049ce3913bee51c767,0.126,,,
2694,2026-09-11,SH600016,0.00869546540660605,EXP_LGBModel_Alpha158_csi300_custom_step0_s_20260911_18,34e027e641654c049ce3913bee51c767,0.126,,,
2695,2026-09-11,SZ300418,-0.002174385178794302,EXP_LGBModel_Alpha158_csi300_custom_step0_s_20260911_18,4afe5f98d310468bad9e5af4ed2e30e1,0.08,,,
2696,2026-09-11,SH600015,0.00648352016627092,EXP_LGBModel_Alpha158_csi300_custom_step0_s_20260911_18,34e027e641654c049ce3913bee51c767,0.126,,,
2697,2026-09-11,SH600010,0.003377824398051893,EXP_LGBModel_Alpha158_csi300_custom_step0_s_20260911_18,34e027e641654c049ce3913bee51c767,0.126,,,
2698,2026-09-11,SH600009,0.008062347601747333,EXP_LGBModel_Alpha158_csi300_custom_step0_s_20260911_18,34e027e641654c049ce3913bee51c767,0.126,,,
2699,2026-09-11,SH600000,0.0035182510972850438,EXP_LGBModel_Alpha158_csi300_custom_step0_s_20260911_18,34e027e641654c049ce3913bee51c767,0.126,,,
2700,2026-09-11,SZ302132,0.0017062454633032615,EXP_LGBModel_Alpha158_csi300_custom_step0_s_20260911_18,4afe5f98d310468bad9e5af4ed2e30e1,0.08,,,
2701,2026-09-11,SZ301308,-1.3362553222845903e-10,EXP_LGBModel_Alpha158_csi300_custom_step0_s_20260911_18,4afe5f98d310468bad9e5af4ed2e30e1,0.08,,,
2702,2026-09-11,SZ301269,0.0002649477093800557,EXP_LGBModel_Alpha158_csi300_custom_step0_s_20260911_18,4afe5f98d310468bad9e5af4ed2e30e1,0.08,,,
2703,2026-09-11,SH600011,0.0019264619183076946,EXP_LGBModel_Alpha158_csi300_custom_step0_s_20260911_18,34e027e641654c049ce3913bee51c767,0.126,,,
2704,2026-09-11,SH600027,0.0018684204565363532,EXP_LGBModel_Alpha158_csi300_custom_step0_s_20260911_18,34e027e641654c049ce3913bee51c767,0.126,,,
2705,2026-09-11,SZ300413,0.0002649477093800557,EXP_LGBModel_Alpha158_csi300_custom_step0_s_20260911_18,4afe5f98d310468bad9e5af4ed2e30e1,0.08,,,
2706,2026-09-11,SZ300394,-0.004454865090177402,EXP_LGBModel_Alpha158_csi300_custom_step0_s_20260911_18,4afe5f98d310468bad9e5af4ed2e30e1,0.08,,,
2707,2026-09-11,SZ002422,-1.3362553222845903e-10,EXP_LGBModel_Alpha158_csi300_custom_step0_s_20260911_18,4afe5f98d310468bad9e5af4ed2e30e1,0.08,,,
2708,2026-09-11,SZ002460,0.0002649477093800557,EXP_LGBModel_Alpha158_csi300_custom_step0_s_20260911_18,4afe5f98d310468bad9e5af4ed2e30e1,0.08,,,
2709,2026-09-11,SZ002463,-0.004454865090177402,EXP_LGBModel_Alpha158_csi300_custom_step0_s_20260911_18,4afe5f98d310468bad9e5af4ed2e30e1,0.08,,,
2710,2026-09-11,SZ002466,0.0002649477093800557,EXP_LGBModel_Alpha158_csi300_custom_step0_s_20260911_18,4afe5f98d310468bad9e5af4ed2e30e1,0.08,,,
2711,2026-09-11,SZ002475,-0.002174385178794302,EXP_LGBModel_Alpha158_csi300_custom_step0_s_20260911_18,4afe5f98d310468bad9e5af4ed2e30e1,0.08,,,
2712,2026-09-11,SZ002493,-0.002174385178794302,EXP_LGBModel_Alpha158_csi300_custom_step0_s_20260911_18,4afe5f98d310468bad9e5af4ed2e30e1,0.08,,,
2713,2026-09-11,SZ002532,-0.002174385178794302,EXP_LGBModel_Alpha158_csi300_custom_step0_s_20260911_18,4afe5f98d310468bad9e5af4ed2e30e1,0.08,,,
2714,2026-09-11,SZ002558,-0.002174385178794302,EXP_LGBModel_Alpha158_csi300_custom_step0_s_20260911_18,4afe5f98d310468bad9e5af4ed2e30e1,0.08,,,
2715,2026-09-11,SZ002594,-1.3362553222845903e-10,EXP_LGBModel_Alpha158_csi300_custom_step0_s_20260911_18,4afe5f98d310468bad9e5af4ed2e30e1,0.08,,,
2716,2026-09-11,SZ002600,-1.3362553222845903e-10,EXP_LGBModel_Alpha158_csi300_custom_step0_s_20260911_18,4afe5f98d310468bad9e5af4ed2e30e1,0.08,,,
2717,2026-09-11,SZ002602,-0.0009147527514292577,EXP_LGBModel_Alpha158_csi300_custom_step0_s_20260911_18,4afe5f98d310468bad9e5af4ed2e30e1,0.08,,,
2718,2026-09-11,SZ002625,-1.3362553222845903e-10,EXP_LGBModel_Alpha158_csi300_custom_step0_s_20260911_18,4afe5f98d310468bad9e5af4ed2e30e1,0.08,,,
2719,2026-09-11,SZ002648,0.0017062454633032615,EXP_LGBModel_Alpha158_csi300_custom_step0_s_20260911_18,4afe5f98d310468bad9e5af4ed2e30e1,0.08,,,
2720,2026-09-11,SZ002709,0.001046795122478656,EXP_LGBModel_Alpha158_csi300_custom_step0_s_20260911_18,4afe5f98d310468bad9e5af4ed2e30e1,0.08,,,
2721,2026-09-11,SZ002714,-0.0009147527514292577,EXP_LGBModel_Alpha158_csi300_custom_step0_s_20260911_18,4afe5f98d310468bad9e5af4ed2e30e1,0.08,,,
2722,2026-09-11,SZ002736,-1.3362553222845903e-10,EXP_LGBModel_Alpha158_csi300_custom_step0_s_20260911_18,4afe5f98d310468bad9e5af4ed2e30e1,0.08,,,
2723,2026-09-11,SZ002837,-1.3362553222845903e-10,EXP_LGBModel_Alpha158_csi300_custom_step0_s_20260911_18,4afe5f98d310468bad9e5af4ed2e30e1,0.08,,,
2724,2026-09-11,SZ300316,-1.3362553222845903e-10,EXP_LGBModel_Alpha158_csi300_custom_step0_s_20260911_18,4afe5f98d310468bad9e5af4ed2e30e1,0.08,,,
2725,2026-09-11,SZ300308,0.0002649477093800557,EXP_LGBModel_Alpha158_csi300_custom_step0_s_20260911_18,4afe5f98d310468bad9e5af4ed2e30e1,0.08,,,
2726,2026-09-11,SZ300274,0.003474471522299649,EXP_LGBModel_Alpha158_csi300_custom_step0_s_20260911_18,4afe5f98d310468bad9e5af4ed2e30e1,0.08,,,
2727,2026-09-11,SZ300251,-0.002174385178794302,EXP_LGBModel_Alpha158_csi300_custom_step0_s_20260911_18,4afe5f98d310468bad9e5af4ed2e30e1,0.08,,,
2728,2026-09-11,SZ300124,-0.002174385178794302,EXP_LGBModel_Alpha158_csi300_custom_step0_s_20260911_18,4afe5f98d310468bad9e5af4ed2e30e1,0.08,,,
2729,2026-09-11,SZ300122,-0.002174385178794302,EXP_LGBModel_Alpha158_csi300_custom_step0_s_20260911_18,4afe5f98d310468bad9e5af4ed2e30e1,0.08,,,
2730,2026-09-11,SZ300408,0.0002649477093800557,EXP_LGBModel_Alpha158_csi300_custom_step0_s_20260911_18,4afe5f98d310468bad9e5af4ed2e30e1,0.08,,,
2731,2026-09-11,SZ300059,-1.3362553222845903e-10,EXP_LGBModel_Alpha158_csi300_custom_step0_s_20260911_18,4afe5f98d310468bad9e5af4ed2e30e1,0.08,,,
2732,2026-09-11,SZ300015,-1.3362553222845903e-10,EXP_LGBModel_Alpha158_csi300_custom_step0_s_20260911_18,4afe5f98d310468bad9e5af4ed2e30e1,0.08,,,
2733,2026-09-11,SZ300014,0.001046795122478656,EXP_LGBModel_Alpha158_csi300_custom_step0_s_20260911_18,4afe5f98d310468bad9e5af4ed2e30e1,0.08,,,
2734,2026-09-11,SZ003816,0.0015814716992925768,EXP_LGBModel_Alpha158_csi300_custom_step0_s_20260911_18,4afe5f98d310468bad9e5af4ed2e30e1,0.08,,,
2735,2026-09-11,SZ002938,-0.002174385178794302,EXP_LGBModel_Alpha158_csi300_custom_step0_s_20260911_18,4afe5f98d310468bad9e5af4ed2e30e1,0.08,,,
2736,2026-09-11,SZ002920,-0.002174385178794302,EXP_LGBModel_Alpha158_csi300_custom_step0_s_20260911_18,4afe5f98d310468bad9e5af4ed2e30e1,0.08,,,
2737,2026-09-11,SZ002916,-0.004454865090177402,EXP_LGBModel_Alpha158_csi300_custom_step0_s_20260911_18,4afe5f98d310468bad9e5af4ed2e30e1,0.08,,,
2738,2026-09-11,SZ300033,-0.002174385178794302,EXP_LGBModel_Alpha158_csi300_custom_step0_s_20260911_18,4afe5f98d310468bad9e5af4ed2e30e1,0.08,,,
2739,2026-09-11,SH600028,0.011246337899768501,EXP_LGBModel_Alpha158_csi300_custom_step0_s_20260911_18,34e027e641654c049ce3913bee51c767,0.126,,,
2740,2026-09-11,SH600029,-1.4135654980394333e-10,EXP_LGBModel_Alpha158_csi300_custom_step0_s_20260911_18,34e027e641654c049ce3913bee51c767,0.126,,,
2741,2026-09-11,SH600030,0.0017989969625754783,EXP_LGBModel_Alpha158_csi300_custom_step0_s_20260911_18,34e027e641654c049ce3913bee51c767,0.126,,,
2742,2026-09-11,SH600519,0.0038570817665676224,EXP_LGBModel_Alpha158_csi300_custom_step0_s_20260911_18,34e027e641654c049ce3913bee51c767,0.126,,,
2743,2026-09-11,SH600522,-0.006825160038642157,EXP_LGBModel_Alpha158_csi300_custom_step0_s_20260911_18,34e027e641654c049ce3913bee51c767,0.126,,,
2744,2026-09-11,SH600547,0.00868530746279889,EXP_LGBModel_Alpha158_csi300_custom_step0_s_20260911_18,34e027e641654c049ce3913bee51c767,0.126,,,
2745,2026-09-11,SH600549,-0.004496506826592205,EXP_LGBModel_Alpha158_csi300_custom_step0_s_20260911_18,34e027e641654c049ce3913bee51c767,0.126,,,
2746,2026-09-11,SH600570,-0.00901534512300098,EXP_LGBModel_Alpha158_csi300_custom_step0_s_20260911_18,34e027e641654c049ce3913bee51c767,0.126,,,
2747,2026-09-11,SH600584,-0.004496506826592205,EXP_LGBModel_Alpha158_csi300_custom_step0_s_20260911_18,34e027e641654c049ce3913bee51c767,0.126,,,
2748,2026-09-11,SH600585,0.00648352016627092,EXP_LGBModel_Alpha158_csi300_custom_step0_s_20260911_18,34e027e641654c049ce3913bee51c767,0.126,,,
2749,2026-09-11,SH600588,-0.0029390354592946266,EXP_LGBModel_Alpha158_csi300_custom_step0_s_20260911_18,34e027e641654c049ce3913bee51c767,0.126,,,
2750,2026-09-11,SH600600,0.008062347601747333,EXP_LGBModel_Alpha158_csi300_custom_step0_s_20260911_18,34e027e641654c049ce3913bee51c767,0.126,,,
2751,2026-09-11,SH600660,-0.006749260796502508,EXP_LGBModel_Alpha158_csi300_custom_step0_s_20260911_18,34e027e641654c049ce3913bee51c767,0.126,,,
2752,2026-09-11,SH600674,0.01134769270368239,EXP_LGBModel_Alpha158_csi300_custom_step0_s_20260911_18,34e027e641654c049ce3913bee51c767,0.126,,,
2753,2026-09-11,SH600690,0.008062347601747333,EXP_LGBModel_Alpha158_csi300_custom_step0_s_20260911_18,34e027e641654c049ce3913bee51c767,0.126,,,
2754,2026-09-11,SH600741,0.00648352016627092,EXP_LGBModel_Alpha158_csi300_custom_step0_s_20260911_18,34e027e641654c049ce3913bee51c767,0.126,,,
2755,2026-09-11,SH600760,0.00869546540660605,EXP_LGBModel_Alpha158_csi300_custom_step0_s_20260911_18,34e027e641654c049ce3913bee51c767,0.126,,,
2756,2026-09-11,SH600795,0.01134769270368239,EXP_LGBModel_Alpha158_csi300_custom_step0_s_20260911_18,34e027e641654c049ce3913bee51c767,0.126,,,
2757,2026-09-11,SH600803,0.006765360015839167,EXP_LGBModel_Alpha158_csi300_custom_step0_s_20260911_18,34e027e641654c049ce3913bee51c767,0.126,,,
2758,2026-09-11,SH600809,-0.004569293362429519,EXP_LGBModel_Alpha158_csi300_custom_step0_s_20260911_18,34e027e641654c049ce3913bee51c767,0.126,,,
2759,2026-09-11,SH600958,0.004684523062338892,EXP_LGBModel_Alpha158_csi300_custom_step0_s_20260911_18,34e027e641654c049ce3913bee51c767,0.126,,,
2760,2026-09-11,SH600941,0.0026522271557197896,EXP_LGBModel_Alpha158_csi300_custom_step0_s_20260911_18,34e027e641654c049ce3913bee51c767,0.126,,,
2761,2026-09-11,SH600938,0.0026650209041407325,EXP_LGBModel_Alpha158_csi300_custom_step0_s_20260911_18,34e027e641654c049ce3913bee51c767,0.126,,,
2762,2026-09-11,SH600930,0.0015788272941198648,EXP_LGBModel_Alpha158_csi300_custom_step0_s_20260911_18,34e027e641654c049ce3913bee51c767,0.126,,,
2763,2026-09-11,SH600926,0.01134769270368239,EXP_LGBModel_Alpha158_csi300_custom_step0_s_20260911_18,34e027e641654c049ce3913bee51c767,0.126,,,
2764,2026-09-11,SH600919,0.01134769270368239,EXP_LGBModel_Alpha158_csi300_custom_step0_s_20260911_18,34e027e641654c049ce3913bee51c767,0.126,,,
2765,2026-09-11,SH600515,-0.002369683356324218,EXP_LGBModel_Alpha158_csi300_custom_step0_s_20260911_18,34e027e641654c049ce3913bee51c767,0.126,,,
2766,2026-09-11,SH600918,0.0049104700554658464,EXP_LGBModel_Alpha158_csi300_custom_step0_s_20260911_18,34e027e641654c049ce3913bee51c767,0.126,,,
2767,2026-09-11,SH600900,0.01134769270368239,EXP_LGBModel_Alpha158_csi300_custom_step0_s_20260911_18,34e027e641654c049ce3913bee51c767,0.126,,,
2768,2026-09-11,SH600893,-0.010931734435011938,EXP_LGBModel_Alpha158_csi300_custom_step0_s_20260911_18,34e027e641654c049ce3913bee51c767,0.126,,,
2769,2026-09-11,SH600887,0.00869546540660605,EXP_LGBModel_Alpha158_csi300_custom_step0_s_20260911_18,34e027e641654c049ce3913bee51c767,0.126,,,
2770,2026-09-11,SH600886,0.01134769270368239,EXP_LGBModel_Alpha158_csi300_custom_step0_s_20260911_18,34e027e641654c049ce3913bee51c767,0.126,,,
2771,2026-09-11,SH600875,-0.00901534512300098,EXP_LGBModel_Alpha158_csi300_custom_step0_s_20260911_18,34e027e641654c049ce3913bee51c767,0.126,,,
2772,2026-09-11,SH600845,0.0008332184790860607,EXP_LGBModel_Alpha158_csi300_custom_step0_s_20260911_18,34e027e641654c049ce3913bee51c767,0.126,,,
2773,2026-09-11,SH600905,0.0015788272941198648,EXP_LGBModel_Alpha158_csi300_custom_step0_s_20260911_18,34e027e641654c049ce3913bee51c767,0.126,,,
2774,2026-09-11,SH600489,-0.006749260796502508,EXP_LGBModel_Alpha158_csi300_custom_step0_s_20260911_18,34e027e641654c049ce3913bee51c767,0.126,,,
2775,2026-09-11,SH600482,-0.011181596478318043,EXP_LGBModel_Alpha158_csi300_custom_step0_s_20260911_18,34e027e641654c049ce3913bee51c767,0.126,,,
2776,2026-09-11,SH600460,-0.004496506826592205,EXP_LGBModel_Alpha158_csi300_custom_step0_s_20260911_18,34e027e641654c049ce3913bee51c767,0.126,,,
2777,2026-09-11,SH600150,-0.0022888531854550497,EXP_LGBModel_Alpha158_csi300_custom_step0_s_20260911_18,34e027e641654c049ce3913bee51c767,0.126,,,
2778,2026-09-11,SH600118,-0.0007281943443353386,EXP_LGBModel_Alpha158_csi300_custom_step0_s_20260911_18,34e027e641654c049ce3913bee51c767,0.126,,,
2779,2026-09-11,SH600115,0.0002259468517704043,EXP_LGBModel_Alpha158_csi300_custom_step0_s_20260911_18,34e027e641654c049ce3913bee51c767,0.126,,,
2780,2026-09-11,SH600111,-0.002294180692010961,EXP_LGBModel_Alpha158_csi300_custom_step0_s_20260911_18,34e027e641654c049ce3913bee51c767,0.126,,,
2781,2026-09-11,SH600104,0.0010893878498576103,EXP_LGBModel_Alpha158_csi300_custom_step0_s_20260911_18,34e027e641654c049ce3913bee51c767,0.126,,,
2782,2026-09-11,SH600089,-0.002179967575429539,EXP_LGBModel_Alpha158_csi300_custom_step0_s_20260911_18,34e027e641654c049ce3913bee51c767,0.126,,,
2783,2026-09-11,SH600160,-0.004559075712143685,EXP_LGBModel_Alpha158_csi300_custom_step0_s_20260911_18,34e027e641654c049ce3913bee51c767,0.126,,,
2784,2026-09-11,SH600085,0.008062347601747333,EXP_LGBModel_Alpha158_csi300_custom_step0_s_20260911_18,34e027e641654c049ce3913bee51c767,0.126,,,
2785,2026-09-11,SH600061,0.00648352016627092,EXP_LGBModel_Alpha158_csi300_custom_step0_s_20260911_18,34e027e641654c049ce3913bee51c767,0.126,,,
2786,2026-09-11,SH600050,0.00648352016627092,EXP_LGBModel_Alpha158_csi300_custom_step0_s_20260911_18,34e027e641654c049ce3913bee51c767,0.126,,,
2787,2026-09-11,SH600048,-0.007274279563039878,EXP_LGBModel_Alpha158_csi300_custom_step0_s_20260911_18,34e027e641654c049ce3913bee51c767,0.126,,,
2788,2026-09-11,SH600039,0.008815026159461545,EXP_LGBModel_Alpha158_csi300_custom_step0_s_20260911_18,34e027e641654c049ce3913bee51c767,0.126,,,
2789,2026-09-11,SH600036,0.011246337899768501,EXP_LGBModel_Alpha158_csi300_custom_step0_s_20260911_18,34e027e641654c049ce3913bee51c767,0.126,,,
2790,2026-09-11,SH600031,0.0010950590056249157,EXP_LGBModel_Alpha158_csi300_custom_step0_s_20260911_18,34e027e641654c049ce3913bee51c767,0.126,,,
2791,2026-09-11,SH600066,-0.007274279563039878,EXP_LGBModel_Alpha158_csi300_custom_step0_s_20260911_18,34e027e641654c049ce3913bee51c767,0.126,,,
2792,2026-09-11,SZ002384,-1.3362553222845903e-10,EXP_LGBModel_Alpha158_csi300_custom_step0_s_20260911_18,4afe5f98d310468bad9e5af4ed2e30e1,0.08,,,
2793,2026-09-11,SH600176,-1.4135654980394333e-10,EXP_LGBModel_Alpha158_csi300_custom_step0_s_20260911_18,34e027e641654c049ce3913bee51c767,0.126,,,
2794,2026-09-11,SH600188,-0.00901534512300098,EXP_LGBModel_Alpha158_csi300_custom_step0_s_20260911_18,34e027e641654c049ce3913bee51c767,0.126,,,
2795,2026-09-11,SH600438,-0.0036672296622734155,EXP_LGBModel_Alpha158_csi300_custom_step0_s_20260911_18,34e027e641654c049ce3913bee51c767,0.126,,,
2796,2026-09-11,SH600436,0.0021471460442563537,EXP_LGBModel_Alpha158_csi300_custom_step0_s_20260911_18,34e027e641654c049ce3913bee51c767,0.126,,,
2797,2026-09-11,SH600426,-0.00901534512300098,EXP_LGBModel_Alpha158_csi300_custom_step0_s_20260911_18,34e027e641654c049ce3913bee51c767,0.126,,,
2798,2026-09-11,SH600415,-0.00901534512300098,EXP_LGBModel_Alpha158_csi300_custom_step0_s_20260911_18,34e027e641654c049ce3913bee51c767,0.126,,,
2799,2026-09-11,SH600406,0.008062347601747333,EXP_LGBModel_Alpha158_csi300_custom_step0_s_20260911_18,34e027e641654c049ce3913bee51c767,0.126,,,
2800,2026-09-11,SH600372,-0.0006824520366260974,EXP_LGBModel_Alpha158_csi300_custom_step0_s_20260911_18,34e027e641654c049ce3913bee51c767,0.126,,,
2801,2026-09-11,SH600183,-0.006835377688927989,EXP_LGBModel_Alpha158_csi300_custom_step0_s_20260911_18,34e027e641654c049ce3913bee51c767,0.126,,,
2802,2026-09-11,SH600362,-0.00901534512300098,EXP_LGBModel_Alpha158_csi300_custom_step0_s_20260911_18,34e027e641654c049ce3913bee51c767,0.126,,,
2803,2026-09-11,SH600309,0.0022261190300288435,EXP_LGBModel_Alpha158_csi300_custom_step0_s_20260911_18,34e027e641654c049ce3913bee51c767,0.126,,,
2804,2026-09-11,SH600276,0.009776884279251715,EXP_LGBModel_Alpha158_csi300_custom_step0_s_20260911_18,34e027e641654c049ce3913bee51c767,0.126,,,
2805,2026-09-11,SH600233,-0.00901534512300098,EXP_LGBModel_Alpha158_csi300_custom_step0_s_20260911_18,34e027e641654c049ce3913bee51c767,0.126,,,
2806,2026-09-11,SH600221,0.0015788272941198648,EXP_LGBModel_Alpha158_csi300_custom_step0_s_20260911_18,34e027e641654c049ce3913bee51c767,0.126,,,
2807,2026-09-11,SH600219,0.0026650209041407325,EXP_LGBModel_Alpha158_csi300_custom_step0_s_20260911_18,34e027e641654c049ce3913bee51c767,0.126,,,
2808,2026-09-11,SH600196,-1.6044123872232083e-05,EXP_LGBModel_Alpha158_csi300_custom_step0_s_20260911_18,34e027e641654c049ce3913bee51c767,0.126,,,
2809,2026-09-11,SH600346,-0.006835377688927989,EXP_LGBModel_Alpha158_csi300_custom_step0_s_20260911_18,34e027e641654c049ce3913bee51c767,0.126,,,
2810,2026-09-11,SZ002916,-0.001165409931909414,EXP_CatBoostModel_Alpha158_csi300_custom_step0_s_20260911_18,ab5b59f67f9e44068d1e30b501f01ee2,0.043,,,
2811,2026-09-11,SZ002837,0.003318777137668561,EXP_CatBoostModel_Alpha158_csi300_custom_step0_s_20260911_18,ab5b59f67f9e44068d1e30b501f01ee2,0.043,,,
2812,2026-09-11,SZ002736,0.005442616828645255,EXP_CatBoostModel_Alpha158_csi300_custom_step0_s_20260911_18,ab5b59f67f9e44068d1e30b501f01ee2,0.043,,,
2813,2026-09-11,SH688111,-0.0021514071672282292,EXP_CatBoostModel_Alpha158_csi300_custom_step0_s_20260911_18,6c9d478d9c7743e18a211f23b6d61d0c,0.074,,,
2814,2026-09-11,SH688126,-0.005206023479292234,EXP_CatBoostModel_Alpha158_csi300_custom_step0_s_20260911_18,6c9d478d9c7743e18a211f23b6d61d0c,0.074,,,
2815,2026-09-11,SH688183,-0.005206023479292234,EXP_CatBoostModel_Alpha158_csi300_custom_step0_s_20260911_18,6c9d478d9c7743e18a211f23b6d61d0c,0.074,,,
2816,2026-09-11,SH688223,-0.004323282670328248,EXP_CatBoostModel_Alpha158_csi300_custom_step0_s_20260911_18,6c9d478d9c7743e18a211f23b6d61d0c,0.074,,,
2817,2026-09-11,SH688256,-0.005206023479292234,EXP_CatBoostModel_Alpha158_csi300_custom_step0_s_20260911_18,6c9d478d9c7743e18a211f23b6d61d0c,0.074,,,
2818,2026-09-11,SH688271,-0.0023173820464772272,EXP_CatBoostModel_Alpha158_csi300_custom_step0_s_20260911_18,6c9d478d9c7743e18a211f23b6d61d0c,0.074,,,
2819,2026-09-11,SH688303,-0.004542811894214676,EXP_CatBoostModel_Alpha158_csi300_custom_step0_s_20260911_18,6c9d478d9c7743e18a211f23b6d61d0c,0.074,,,
2820,2026-09-11,SH688396,-0.004915758882208822,EXP_CatBoostModel_Alpha158_csi300_custom_step0_s_20260911_18,6c9d478d9c7743e18a211f23b6d61d0c,0.074,,,
2821,2026-09-11,SH688472,0.006699816087562363,EXP_CatBoostModel_Alpha158_csi300_custom_step0_s_20260911_18,6c9d478d9c7743e18a211f23b6d61d0c,0.074,,,
2822,2026-09-11,SH688506,0.006968746220363175,EXP_CatBoostModel_Alpha158_csi300_custom_step0_s_20260911_18,6c9d478d9c7743e18a211f23b6d61d0c,0.074,,,
2823,2026-09-11,SH688521,-0.00562811364817906,EXP_CatBoostModel_Alpha158_csi300_custom_step0_s_20260911_18,6c9d478d9c7743e18a211f23b6d61d0c,0.074,,,
2824,2026-09-11,SH688981,-0.005206023479292234,EXP_CatBoostModel_Alpha158_csi300_custom_step0_s_20260911_18,6c9d478d9c7743e18a211f23b6d61d0c,0.074,,,
2825,2026-09-11,SZ000001,0.005444460180935275,EXP_CatBoostModel_Alpha158_csi300_custom_step0_s_20260911_18,6c9d478d9c7743e18a211f23b6d61d0c,0.074,,,
2826,2026-09-11,SZ000002,-2.606632943426019e-07,EXP_CatBoostModel_Alpha158_csi300_custom_step0_s_20260911_18,6c9d478d9c7743e18a211f23b6d61d0c,0.074,,,
2827,2026-09-11,SZ000063,-0.005206023479292234,EXP_CatBoostModel_Alpha158_csi300_custom_step0_s_20260911_18,6c9d478d9c7743e18a211f23b6d61d0c,0.074,,,
2828,2026-09-11,SZ000100,-0.005206023479292234,EXP_CatBoostModel_Alpha158_csi300_custom_step0_s_20260911_18,6c9d478d9c7743e18a211f23b6d61d0c,0.074,,,
2829,2026-09-11,SZ000157,0.0018930582700293088,EXP_CatBoostModel_Alpha158_csi300_custom_step0_s_20260911_18,6c9d478d9c7743e18a211f23b6d61d0c,0.074,,,
2830,2026-09-11,SZ000657,-0.005206023479292234,EXP_CatBoostModel_Alpha158_csi300_custom_step0_s_20260911_18,6c9d478d9c7743e18a211f23b6d61d0c,0.074,,,
2831,2026-09-11,SZ000651,0.005098763346862458,EXP_CatBoostModel_Alpha158_csi300_custom_step0_s_20260911_18,6c9d478d9c7743e18a211f23b6d61d0c,0.074,,,
2832,2026-09-11,SZ000630,-0.004542811894214676,EXP_CatBoostModel_Alpha158_csi300_custom_step0_s_20260911_18,6c9d478d9c7743e18a211f23b6d61d0c,0.074,,,
2833,2026-09-11,SZ000625,0.003550423162862702,EXP_CatBoostModel_Alpha158_csi300_custom_step0_s_20260911_18,6c9d478d9c7743e18a211f23b6d61d0c,0.074,,,
2834,2026-09-11,SZ000617,-0.006704122565961477,EXP_CatBoostModel_Alpha158_csi300_custom_step0_s_20260911_18,6c9d478d9c7743e18a211f23b6d61d0c,0.074,,,
2835,2026-09-11,SZ000596,-0.0021514071672282292,EXP_CatBoostModel_Alpha158_csi300_custom_step0_s_20260911_18,6c9d478d9c7743e18a211f23b6d61d0c,0.074,,,
2836,2026-09-11,SH688082,-0.004915758882208822,EXP_CatBoostModel_Alpha158_csi300_custom_step0_s_20260911_18,6c9d478d9c7743e18a211f23b6d61d0c,0.074,,,
2837,2026-09-11,SZ000568,-0.00603648769113589,EXP_CatBoostModel_Alpha158_csi300_custom_step0_s_20260911_18,6c9d478d9c7743e18a211f23b6d61d0c,0.074,,,
2838,2026-09-11,SZ000425,-0.0035898631100659147,EXP_CatBoostModel_Alpha158_csi300_custom_step0_s_20260911_18,6c9d478d9c7743e18a211f23b6d61d0c,0.074,,,
2839,2026-09-11,SZ000408,-0.0013661326996427248,EXP_CatBoostModel_Alpha158_csi300_custom_step0_s_20260911_18,6c9d478d9c7743e18a211f23b6d61d0c,0.074,,,
2840,2026-09-11,SZ000338,-0.005058820433873405,EXP_CatBoostModel_Alpha158_csi300_custom_step0_s_20260911_18,6c9d478d9c7743e18a211f23b6d61d0c,0.074,,,
2841,2026-09-11,SZ000333,0.008349424505034316,EXP_CatBoostModel_Alpha158_csi300_custom_step0_s_20260911_18,6c9d478d9c7743e18a211f23b6d61d0c,0.074,,,
2842,2026-09-11,SZ000301,-0.0016610973342540258,EXP_CatBoostModel_Alpha158_csi300_custom_step0_s_20260911_18,6c9d478d9c7743e18a211f23b6d61d0c,0.074,,,
2843,2026-09-11,SZ000166,0.005098763346862458,EXP_CatBoostModel_Alpha158_csi300_custom_step0_s_20260911_18,6c9d478d9c7743e18a211f23b6d61d0c,0.074,,,
2844,2026-09-11,SZ000538,0.005098763346862458,EXP_CatBoostModel_Alpha158_csi300_custom_step0_s_20260911_18,6c9d478d9c7743e18a211f23b6d61d0c,0.074,,,
2845,2026-09-11,SZ000708,0.007009574363205661,EXP_CatBoostModel_Alpha158_csi300_custom_step0_s_20260911_18,6c9d478d9c7743e18a211f23b6d61d0c,0.074,,,
2846,2026-09-11,SH688072,-0.005206023479292234,EXP_CatBoostModel_Alpha158_csi300_custom_step0_s_20260911_18,6c9d478d9c7743e18a211f23b6d61d0c,0.074,,,
2847,2026-09-11,SH688041,-0.005599077293119044,EXP_CatBoostModel_Alpha158_csi300_custom_step0_s_20260911_18,6c9d478d9c7743e18a211f23b6d61d0c,0.074,,,
2848,2026-09-11,SH601878,0.0025558381612870804,EXP_CatBoostModel_Alpha158_csi300_custom_step0_s_20260911_18,6c9d478d9c7743e18a211f23b6d61d0c,0.074,,,
2849,2026-09-11,SH601881,0.004580481470111935,EXP_CatBoostModel_Alpha158_csi300_custom_step0_s_20260911_18,6c9d478d9c7743e18a211f23b6d61d0c,0.074,,,
2850,2026-09-11,SH601888,-0.0049370933464914215,EXP_CatBoostModel_Alpha158_csi300_custom_step0_s_20260911_18,6c9d478d9c7743e18a211f23b6d61d0c,0.074,,,
2851,2026-09-11,SH601898,-0.0015607794886399748,EXP_CatBoostModel_Alpha158_csi300_custom_step0_s_20260911_18,6c9d478d9c7743e18a211f23b6d61d0c,0.074,,,
2852,2026-09-11,SH601899,-2.606632943426019e-07,EXP_CatBoostModel_Alpha158_csi300_custom_step0_s_20260911_18,6c9d478d9c7743e18a211f23b6d61d0c,0.074,,,
2853,2026-09-11,SH601901,0.0038956883031157344,EXP_CatBoostModel_Alpha158_csi300_custom_step0_s_20260911_18,6c9d478d9c7743e18a211f23b6d61d0c,0.074,,,
2854,2026-09-11,SH601916,0.0057035713093351054,EXP_CatBoostModel_Alpha158_csi300_custom_step0_s_20260911_18,6c9d478d9c7743e18a211f23b6d61d0c,0.074,,,
2855,2026-09-11,SH601919,-0.0023173820464772272,EXP_CatBoostModel_Alpha158_csi300_custom_step0_s_20260911_18,6c9d478d9c7743e18a211f23b6d61d0c,0.074,,,
2856,2026-09-11,SH601939,0.004451985385235464,EXP_CatBoostModel_Alpha158_csi300_custom_step0_s_20260911_18,6c9d478d9c7743e18a211f23b6d61d0c,0.074,,,
2857,2026-09-11,SH601985,0.006459511198739971,EXP_CatBoostModel_Alpha158_csi300_custom_step0_s_20260911_18,6c9d478d9c7743e18a211f23b6d61d0c,0.074,,,
2858,2026-09-11,SH601988,0.003622370973048191,EXP_CatBoostModel_Alpha158_csi300_custom_step0_s_20260911_18,6c9d478d9c7743e18a211f23b6d61d0c,0.074,,,
2859,2026-09-11,SH601995,-0.004449420921454982,EXP_CatBoostModel_Alpha158_csi300_custom_step0_s_20260911_18,6c9d478d9c7743e18a211f23b6d61d0c,0.074,,,
2860,2026-09-11,SH601998,0.008466193166247058,EXP_CatBoostModel_Alpha158_csi300_custom_step0_s_20260911_18,6c9d478d9c7743e18a211f23b6d61d0c,0.074,,,
2861,2026-09-11,SH603019,-0.004915758882208822,EXP_CatBoostModel_Alpha158_csi300_custom_step0_s_20260911_18,6c9d478d9c7743e18a211f23b6d61d0c,0.074,,,
2862,2026-09-11,SH603259,0.0038911933420264725,EXP_CatBoostModel_Alpha158_csi300_custom_step0_s_20260911_18,6c9d478d9c7743e18a211f23b6d61d0c,0.074,,,
2863,2026-09-11,SH603260,-0.005206023479292234,EXP_CatBoostModel_Alpha158_csi300_custom_step0_s_20260911_18,6c9d478d9c7743e18a211f23b6d61d0c,0.074,,,
2864,2026-09-11,SH603288,0.0020767953965849534,EXP_CatBoostModel_Alpha158_csi300_custom_step0_s_20260911_18,6c9d478d9c7743e18a211f23b6d61d0c,0.074,,,
2865,2026-09-11,SH688036,-0.002793284288023187,EXP_CatBoostModel_Alpha158_csi300_custom_step0_s_20260911_18,6c9d478d9c7743e18a211f23b6d61d0c,0.074,,,
2866,2026-09-11,SH688012,-0.004915758882208822,EXP_CatBoostModel_Alpha158_csi300_custom_step0_s_20260911_18,6c9d478d9c7743e18a211f23b6d61d0c,0.074,,,
2867,2026-09-11,SH688009,0.003684167382296429,EXP_CatBoostModel_Alpha158_csi300_custom_step0_s_20260911_18,6c9d478d9c7743e18a211f23b6d61d0c,0.074,,,
2868,2026-09-11,SH688008,-0.005206023479292234,EXP_CatBoostModel_Alpha158_csi300_custom_step0_s_20260911_18,6c9d478d9c7743e18a211f23b6d61d0c,0.074,,,
2869,2026-09-11,SH605499,-0.0049370933464914215,EXP_CatBoostModel_Alpha158_csi300_custom_step0_s_20260911_18,6c9d478d9c7743e18a211f23b6d61d0c,0.074,,,
2870,2026-09-11,SH605117,-0.002462234851792196,EXP_CatBoostModel_Alpha158_csi300_custom_step0_s_20260911_18,6c9d478d9c7743e18a211f23b6d61d0c,0.074,,,
2871,2026-09-11,SH688047,-0.005206023479292234,EXP_CatBoostModel_Alpha158_csi300_custom_step0_s_20260911_18,6c9d478d9c7743e18a211f23b6d61d0c,0.074,,,
2872,2026-09-11,SH603993,-0.004542811894214676,EXP_CatBoostModel_Alpha158_csi300_custom_step0_s_20260911_18,6c9d478d9c7743e18a211f23b6d61d0c,0.074,,,
2873,2026-09-11,SH603893,-0.002814618752305787,EXP_CatBoostModel_Alpha158_csi300_custom_step0_s_20260911_18,6c9d478d9c7743e18a211f23b6d61d0c,0.074,,,
2874,2026-09-11,SH603799,-0.004449420921454982,EXP_CatBoostModel_Alpha158_csi300_custom_step0_s_20260911_18,6c9d478d9c7743e18a211f23b6d61d0c,0.074,,,
2875,2026-09-11,SH603501,-0.004449420921454982,EXP_CatBoostModel_Alpha158_csi300_custom_step0_s_20260911_18,6c9d478d9c7743e18a211f23b6d61d0c,0.074,,,
2876,2026-09-11,SH603392,-0.003517279203576611,EXP_CatBoostModel_Alpha158_csi300_custom_step0_s_20260911_18,6c9d478d9c7743e18a211f23b6d61d0c,0.074,,,
2877,2026-09-11,SH603369,-0.0021514071672282292,EXP_CatBoostModel_Alpha158_csi300_custom_step0_s_20260911_18,6c9d478d9c7743e18a211f23b6d61d0c,0.074,,,
2878,2026-09-11,SH603296,-0.0029266515249883568,EXP_CatBoostModel_Alpha158_csi300_custom_step0_s_20260911_18,6c9d478d9c7743e18a211f23b6d61d0c,0.074,,,
2879,2026-09-11,SH603986,-0.005206023479292234,EXP_CatBoostModel_Alpha158_csi300_custom_step0_s_20260911_18,6c9d478d9c7743e18a211f23b6d61d0c,0.074,,,
2880,2026-09-11,SH601877,0.0025183930690820967,EXP_CatBoostModel_Alpha158_csi300_custom_step0_s_20260911_18,6c9d478d9c7743e18a211f23b6d61d0c,0.074,,,
2881,2026-09-11,SZ000725,-0.005206023479292234,EXP_CatBoostModel_Alpha158_csi300_custom_step0_s_20260911_18,6c9d478d9c7743e18a211f23b6d61d0c,0.074,,,
2882,2026-09-11,SZ000776,-0.0030835488851065997,EXP_CatBoostModel_Alpha158_csi300_custom_step0_s_20260911_18,6c9d478d9c7743e18a211f23b6d61d0c,0.074,,,
2883,2026-09-11,SZ002463,-0.002900241260277953,EXP_CatBoostModel_Alpha158_csi300_custom_step0_s_20260911_18,6c9d478d9c7743e18a211f23b6d61d0c,0.074,,,
2884,2026-09-11,SZ002466,-0.005206023479292234,EXP_CatBoostModel_Alpha158_csi300_custom_step0_s_20260911_18,6c9d478d9c7743e18a211f23b6d61d0c,0.074,,,
2885,2026-09-11,SZ002475,-0.00562811364817906,EXP_CatBoostModel_Alpha158_csi300_custom_step0_s_20260911_18,6c9d478d9c7743e18a211f23b6d61d0c,0.074,,,
2886,2026-09-11,SZ002493,-2.606632943426019e-07,EXP_CatBoostModel_Alpha158_csi300_custom_step0_s_20260911_18,6c9d478d9c7743e18a211f23b6d61d0c,0.074,,,
2887,2026-09-11,SZ002532,-0.0015607794886399748,EXP_CatBoostModel_Alpha158_csi300_custom_step0_s_20260911_18,6c9d478d9c7743e18a211f23b6d61d0c,0.074,,,
2888,2026-09-11,SZ002558,-0.006270392247491466,EXP_CatBoostModel_Alpha158_csi300_custom_step0_s_20260911_18,6c9d478d9c7743e18a211f23b6d61d0c,0.074,,,
2889,2026-09-11,SZ002594,-0.003517279203576611,EXP_CatBoostModel_Alpha158_csi300_custom_step0_s_20260911_18,6c9d478d9c7743e18a211f23b6d61d0c,0.074,,,
2890,2026-09-11,SZ002600,-0.005849618367820523,EXP_CatBoostModel_Alpha158_csi300_custom_step0_s_20260911_18,6c9d478d9c7743e18a211f23b6d61d0c,0.074,,,
2891,2026-09-11,SZ002602,-0.0016610973342540258,EXP_CatBoostModel_Alpha158_csi300_custom_step0_s_20260911_18,6c9d478d9c7743e18a211f23b6d61d0c,0.074,,,
2892,2026-09-11,SZ002625,-0.005206023479292234,EXP_CatBoostModel_Alpha158_csi300_custom_step0_s_20260911_18,6c9d478d9c7743e18a211f23b6d61d0c,0.074,,,
2893,2026-09-11,SZ002648,-0.0015607794886399748,EXP_CatBoostModel_Alpha158_csi300_custom_step0_s_20260911_18,6c9d478d9c7743e18a211f23b6d61d0c,0.074,,,
2894,2026-09-11,SZ002709,-0.005206023479292234,EXP_CatBoostModel_Alpha158_csi300_custom_step0_s_20260911_18,6c9d478d9c7743e18a211f23b6d61d0c,0.074,,,
2895,2026-09-11,SZ002714,-0.0030297368124474647,EXP_CatBoostModel_Alpha158_csi300_custom_step0_s_20260911_18,6c9d478d9c7743e18a211f23b6d61d0c,0.074,,,
2896,2026-09-11,SZ002736,0.005603958919401169,EXP_CatBoostModel_Alpha158_csi300_custom_step0_s_20260911_18,6c9d478d9c7743e18a211f23b6d61d0c,0.074,,,
2897,2026-09-11,SZ002837,-0.004449420921454982,EXP_CatBoostModel_Alpha158_csi300_custom_step0_s_20260911_18,6c9d478d9c7743e18a211f23b6d61d0c,0.074,,,
2898,2026-09-11,SZ002916,-0.002900241260277953,EXP_CatBoostModel_Alpha158_csi300_custom_step0_s_20260911_18,6c9d478d9c7743e18a211f23b6d61d0c,0.074,,,
2899,2026-09-11,SZ002920,-0.003517279203576611,EXP_CatBoostModel_Alpha158_csi300_custom_step0_s_20260911_18,6c9d478d9c7743e18a211f23b6d61d0c,0.074,,,
2900,2026-09-11,SZ300408,-0.001431283936470463,EXP_CatBoostModel_Alpha158_csi300_custom_step0_s_20260911_18,6c9d478d9c7743e18a211f23b6d61d0c,0.074,,,
2901,2026-09-11,SZ300394,-0.02206970479294438,EXP_CatBoostModel_Alpha158_csi300_custom_step0_s_20260911_18,6c9d478d9c7743e18a211f23b6d61d0c,0.074,,,
2902,2026-09-11,SZ300316,-0.004915758882208822,EXP_CatBoostModel_Alpha158_csi300_custom_step0_s_20260911_18,6c9d478d9c7743e18a211f23b6d61d0c,0.074,,,
2903,2026-09-11,SZ300308,-0.001431283936470463,EXP_CatBoostModel_Alpha158_csi300_custom_step0_s_20260911_18,6c9d478d9c7743e18a211f23b6d61d0c,0.074,,,
2904,2026-09-11,SZ300274,0.013032463726797484,EXP_CatBoostModel_Alpha158_csi300_custom_step0_s_20260911_18,6c9d478d9c7743e18a211f23b6d61d0c,0.074,,,
2905,2026-09-11,SZ300251,-0.002814618752305787,EXP_CatBoostModel_Alpha158_csi300_custom_step0_s_20260911_18,6c9d478d9c7743e18a211f23b6d61d0c,0.074,,,
2906,2026-09-11,SZ002460,-0.005206023479292234,EXP_CatBoostModel_Alpha158_csi300_custom_step0_s_20260911_18,6c9d478d9c7743e18a211f23b6d61d0c,0.074,,,
2907,2026-09-11,SZ300124,-0.0069686294090142605,EXP_CatBoostModel_Alpha158_csi300_custom_step0_s_20260911_18,6c9d478d9c7743e18a211f23b6d61d0c,0.074,,,
2908,2026-09-11,SZ300059,-0.001805820467190025,EXP_CatBoostModel_Alpha158_csi300_custom_step0_s_20260911_18,6c9d478d9c7743e18a211f23b6d61d0c,0.074,,,
2909,2026-09-11,SZ300033,-0.007636264283839848,EXP_CatBoostModel_Alpha158_csi300_custom_step0_s_20260911_18,6c9d478d9c7743e18a211f23b6d61d0c,0.074,,,
2910,2026-09-11,SZ300015,0.003227981756948915,EXP_CatBoostModel_Alpha158_csi300_custom_step0_s_20260911_18,6c9d478d9c7743e18a211f23b6d61d0c,0.074,,,
2911,2026-09-11,SZ300014,-0.004538388604466647,EXP_CatBoostModel_Alpha158_csi300_custom_step0_s_20260911_18,6c9d478d9c7743e18a211f23b6d61d0c,0.074,,,
2912,2026-09-11,SZ003816,0.004451985385235464,EXP_CatBoostModel_Alpha158_csi300_custom_step0_s_20260911_18,6c9d478d9c7743e18a211f23b6d61d0c,0.074,,,
2913,2026-09-11,SZ002938,-0.004915758882208822,EXP_CatBoostModel_Alpha158_csi300_custom_step0_s_20260911_18,6c9d478d9c7743e18a211f23b6d61d0c,0.074,,,
2914,2026-09-11,SZ300122,-0.0021514071672282292,EXP_CatBoostModel_Alpha158_csi300_custom_step0_s_20260911_18,6c9d478d9c7743e18a211f23b6d61d0c,0.074,,,
2915,2026-09-11,SZ000768,-0.0015607794886399748,EXP_CatBoostModel_Alpha158_csi300_custom_step0_s_20260911_18,6c9d478d9c7743e18a211f23b6d61d0c,0.074,,,
2916,2026-09-11,SZ002422,-0.0030835488851065997,EXP_CatBoostModel_Alpha158_csi300_custom_step0_s_20260911_18,6c9d478d9c7743e18a211f23b6d61d0c,0.074,,,
2917,2026-09-11,SZ002384,-0.004159156324371569,EXP_CatBoostModel_Alpha158_csi300_custom_step0_s_20260911_18,6c9d478d9c7743e18a211f23b6d61d0c,0.074,,,
2918,2026-09-11,SZ000792,-0.005206023479292234,EXP_CatBoostModel_Alpha158_csi300_custom_step0_s_20260911_18,6c9d478d9c7743e18a211f23b6d61d0c,0.074,,,
2919,2026-09-11,SZ000807,-0.0015607794886399748,EXP_CatBoostModel_Alpha158_csi300_custom_step0_s_20260911_18,6c9d478d9c7743e18a211f23b6d61d0c,0.074,,,
2920,2026-09-11,SZ000858,0.003392407150323855,EXP_CatBoostModel_Alpha158_csi300_custom_step0_s_20260911_18,6c9d478d9c7743e18a211f23b6d61d0c,0.074,,,
2921,2026-09-11,SZ000895,0.0025562698551068663,EXP_CatBoostModel_Alpha158_csi300_custom_step0_s_20260911_18,6c9d478d9c7743e18a211f23b6d61d0c,0.074,,,
2922,2026-09-11,SZ000938,-0.0021514071672282292,EXP_CatBoostModel_Alpha158_csi300_custom_step0_s_20260911_18,6c9d478d9c7743e18a211f23b6d61d0c,0.074,,,
2923,2026-09-11,SZ000963,0.0010634438578420355,EXP_CatBoostModel_Alpha158_csi300_custom_step0_s_20260911_18,6c9d478d9c7743e18a211f23b6d61d0c,0.074,,,
2924,2026-09-11,SZ000975,-0.000193136094185147,EXP_CatBoostModel_Alpha158_csi300_custom_step0_s_20260911_18,6c9d478d9c7743e18a211f23b6d61d0c,0.074,,,
2925,2026-09-11,SZ000977,-0.0015607794886399748,EXP_CatBoostModel_Alpha158_csi300_custom_step0_s_20260911_18,6c9d478d9c7743e18a211f23b6d61d0c,0.074,,,
2926,2026-09-11,SZ000988,-0.004159156324371569,EXP_CatBoostModel_Alpha158_csi300_custom_step0_s_20260911_18,6c9d478d9c7743e18a211f23b6d61d0c,0.074,,,
2927,2026-09-11,SZ000999,0.005603958919401169,EXP_CatBoostModel_Alpha158_csi300_custom_step0_s_20260911_18,6c9d478d9c7743e18a211f23b6d61d0c,0.074,,,
2928,2026-09-11,SZ001280,-0.0037862093363774238,EXP_CatBoostModel_Alpha158_csi300_custom_step0_s_20260911_18,6c9d478d9c7743e18a211f23b6d61d0c,0.074,,,
2929,2026-09-11,SZ001391,0.005603958919401169,EXP_CatBoostModel_Alpha158_csi300_custom_step0_s_20260911_18,6c9d478d9c7743e18a211f23b6d61d0c,0.074,,,
2930,2026-09-11,SZ001965,0.0020510742825681555,EXP_CatBoostModel_Alpha158_csi300_custom_step0_s_20260911_18,6c9d478d9c7743e18a211f23b6d61d0c,0.074,,,
2931,2026-09-11,SZ001979,-0.0029266515249883568,EXP_CatBoostModel_Alpha158_csi300_custom_step0_s_20260911_18,6c9d478d9c7743e18a211f23b6d61d0c,0.074,,,
2932,2026-09-11,SZ002001,0.0016872897094378511,EXP_CatBoostModel_Alpha158_csi300_custom_step0_s_20260911_18,6c9d478d9c7743e18a211f23b6d61d0c,0.074,,,
2933,2026-09-11,SZ002027,0.004055618735401413,EXP_CatBoostModel_Alpha158_csi300_custom_step0_s_20260911_18,6c9d478d9c7743e18a211f23b6d61d0c,0.074,,,
2934,2026-09-11,SZ002028,0.008631632736107198,EXP_CatBoostModel_Alpha158_csi300_custom_step0_s_20260911_18,6c9d478d9c7743e18a211f23b6d61d0c,0.074,,,
2935,2026-09-11,SZ002371,-0.005206023479292234,EXP_CatBoostModel_Alpha158_csi300_custom_step0_s_20260911_18,6c9d478d9c7743e18a211f23b6d61d0c,0.074,,,
2936,2026-09-11,SZ002353,0.011278013925793829,EXP_CatBoostModel_Alpha158_csi300_custom_step0_s_20260911_18,6c9d478d9c7743e18a211f23b6d61d0c,0.074,,,
2937,2026-09-11,SZ002352,0.0038911933420264725,EXP_CatBoostModel_Alpha158_csi300_custom_step0_s_20260911_18,6c9d478d9c7743e18a211f23b6d61d0c,0.074,,,
2938,2026-09-11,SZ002311,-0.002814618752305787,EXP_CatBoostModel_Alpha158_csi300_custom_step0_s_20260911_18,6c9d478d9c7743e18a211f23b6d61d0c,0.074,,,
2939,2026-09-11,SZ002304,0.004055618735401413,EXP_CatBoostModel_Alpha158_csi300_custom_step0_s_20260911_18,6c9d478d9c7743e18a211f23b6d61d0c,0.074,,,
2940,2026-09-11,SZ002241,-0.003517279203576611,EXP_CatBoostModel_Alpha158_csi300_custom_step0_s_20260911_18,6c9d478d9c7743e18a211f23b6d61d0c,0.074,,,
2941,2026-09-11,SZ002415,-0.0021514071672282292,EXP_CatBoostModel_Alpha158_csi300_custom_step0_s_20260911_18,6c9d478d9c7743e18a211f23b6d61d0c,0.074,,,
2942,2026-09-11,SZ002236,0.003684167382296429,EXP_CatBoostModel_Alpha158_csi300_custom_step0_s_20260911_18,6c9d478d9c7743e18a211f23b6d61d0c,0.074,,,
2943,2026-09-11,SZ002202,-0.002462234851792196,EXP_CatBoostModel_Alpha158_csi300_custom_step0_s_20260911_18,6c9d478d9c7743e18a211f23b6d61d0c,0.074,,,
2944,2026-09-11,SZ002179,0.003898841478515165,EXP_CatBoostModel_Alpha158_csi300_custom_step0_s_20260911_18,6c9d478d9c7743e18a211f23b6d61d0c,0.074,,,
2945,2026-09-11,SZ002142,-0.00041215825270223656,EXP_CatBoostModel_Alpha158_csi300_custom_step0_s_20260911_18,6c9d478d9c7743e18a211f23b6d61d0c,0.074,,,
2946,2026-09-11,SZ002074,-0.005206023479292234,EXP_CatBoostModel_Alpha158_csi300_custom_step0_s_20260911_18,6c9d478d9c7743e18a211f23b6d61d0c,0.074,,,
2947,2026-09-11,SZ002050,0.0005805471979352388,EXP_CatBoostModel_Alpha158_csi300_custom_step0_s_20260911_18,6c9d478d9c7743e18a211f23b6d61d0c,0.074,,,
2948,2026-09-11,SZ002049,-0.004538388604466647,EXP_CatBoostModel_Alpha158_csi300_custom_step0_s_20260911_18,6c9d478d9c7743e18a211f23b6d61d0c,0.074,,,
2949,2026-09-11,SZ002230,0.0014135838115073955,EXP_CatBoostModel_Alpha158_csi300_custom_step0_s_20260911_18,6c9d478d9c7743e18a211f23b6d61d0c,0.074,,,
2950,2026-09-11,SH601872,-0.002130072702945629,EXP_CatBoostModel_Alpha158_csi300_custom_step0_s_20260911_18,6c9d478d9c7743e18a211f23b6d61d0c,0.074,,,
2951,2026-09-11,SH601868,0.005098763346862458,EXP_CatBoostModel_Alpha158_csi300_custom_step0_s_20260911_18,6c9d478d9c7743e18a211f23b6d61d0c,0.074,,,
2952,2026-09-11,SH601857,0.008349424505034316,EXP_CatBoostModel_Alpha158_csi300_custom_step0_s_20260911_18,6c9d478d9c7743e18a211f23b6d61d0c,0.074,,,
2953,2026-09-11,SH600233,-0.0015607794886399748,EXP_CatBoostModel_Alpha158_csi300_custom_step0_s_20260911_18,6c9d478d9c7743e18a211f23b6d61d0c,0.074,,,
2954,2026-09-11,SH600276,0.006699816087562363,EXP_CatBoostModel_Alpha158_csi300_custom_step0_s_20260911_18,6c9d478d9c7743e18a211f23b6d61d0c,0.074,,,
2955,2026-09-11,SH600309,0.0032749956269193495,EXP_CatBoostModel_Alpha158_csi300_custom_step0_s_20260911_18,6c9d478d9c7743e18a211f23b6d61d0c,0.074,,,
2956,2026-09-11,SH600346,-0.0016610973342540258,EXP_CatBoostModel_Alpha158_csi300_custom_step0_s_20260911_18,6c9d478d9c7743e18a211f23b6d61d0c,0.074,,,
2957,2026-09-11,SH600362,-0.0037862093363774238,EXP_CatBoostModel_Alpha158_csi300_custom_step0_s_20260911_18,6c9d478d9c7743e18a211f23b6d61d0c,0.074,,,
2958,2026-09-11,SH600372,-2.606632943426019e-07,EXP_CatBoostModel_Alpha158_csi300_custom_step0_s_20260911_18,6c9d478d9c7743e18a211f23b6d61d0c,0.074,,,
2959,2026-09-11,SH600406,0.002135827198296673,EXP_CatBoostModel_Alpha158_csi300_custom_step0_s_20260911_18,6c9d478d9c7743e18a211f23b6d61d0c,0.074,,,
2960,2026-09-11,SH600415,-0.002908009725065482,EXP_CatBoostModel_Alpha158_csi300_custom_step0_s_20260911_18,6c9d478d9c7743e18a211f23b6d61d0c,0.074,,,
2961,2026-09-11,SH600426,0.0007914769628681608,EXP_CatBoostModel_Alpha158_csi300_custom_step0_s_20260911_18,6c9d478d9c7743e18a211f23b6d61d0c,0.074,,,
2962,2026-09-11,SH600436,0.0038911933420264725,EXP_CatBoostModel_Alpha158_csi300_custom_step0_s_20260911_18,6c9d478d9c7743e18a211f23b6d61d0c,0.074,,,
2963,2026-09-11,SH600438,-0.003517279203576611,EXP_CatBoostModel_Alpha158_csi300_custom_step0_s_20260911_18,6c9d478d9c7743e18a211f23b6d61d0c,0.074,,,
2964,2026-09-11,SH600460,-0.004915758882208822,EXP_CatBoostModel_Alpha158_csi300_custom_step0_s_20260911_18,6c9d478d9c7743e18a211f23b6d61d0c,0.074,,,
2965,2026-09-11,SH600482,-0.0035990300267531193,EXP_CatBoostModel_Alpha158_csi300_custom_step0_s_20260911_18,6c9d478d9c7743e18a211f23b6d61d0c,0.074,,,
2966,2026-09-11,SH600489,-0.0016610973342540258,EXP_CatBoostModel_Alpha158_csi300_custom_step0_s_20260911_18,6c9d478d9c7743e18a211f23b6d61d0c,0.074,,,
2967,2026-09-11,SH600515,0.0012774677546222321,EXP_CatBoostModel_Alpha158_csi300_custom_step0_s_20260911_18,6c9d478d9c7743e18a211f23b6d61d0c,0.074,,,
2968,2026-09-11,SH600519,0.005603958919401169,EXP_CatBoostModel_Alpha158_csi300_custom_step0_s_20260911_18,6c9d478d9c7743e18a211f23b6d61d0c,0.074,,,
2969,2026-09-11,SH600522,-0.002462234851792196,EXP_CatBoostModel_Alpha158_csi300_custom_step0_s_20260911_18,6c9d478d9c7743e18a211f23b6d61d0c,0.074,,,
2970,2026-09-11,SH600803,0.003622370973048191,EXP_CatBoostModel_Alpha158_csi300_custom_step0_s_20260911_18,6c9d478d9c7743e18a211f23b6d61d0c,0.074,,,
2971,2026-09-11,SH600795,0.006049268143407923,EXP_CatBoostModel_Alpha158_csi300_custom_step0_s_20260911_18,6c9d478d9c7743e18a211f23b6d61d0c,0.074,,,
2972,2026-09-11,SH600760,0.002510973829522775,EXP_CatBoostModel_Alpha158_csi300_custom_step0_s_20260911_18,6c9d478d9c7743e18a211f23b6d61d0c,0.074,,,
2973,2026-09-11,SH600741,0.005098763346862458,EXP_CatBoostModel_Alpha158_csi300_custom_step0_s_20260911_18,6c9d478d9c7743e18a211f23b6d61d0c,0.074,,,
2974,2026-09-11,SH600690,0.0025183930690820967,EXP_CatBoostModel_Alpha158_csi300_custom_step0_s_20260911_18,6c9d478d9c7743e18a211f23b6d61d0c,0.074,,,
2975,2026-09-11,SH600674,0.007548617023702469,EXP_CatBoostModel_Alpha158_csi300_custom_step0_s_20260911_18,6c9d478d9c7743e18a211f23b6d61d0c,0.074,,,
2976,2026-09-11,SH600221,0.005098763346862458,EXP_CatBoostModel_Alpha158_csi300_custom_step0_s_20260911_18,6c9d478d9c7743e18a211f23b6d61d0c,0.074,,,
2977,2026-09-11,SH600660,0.009776383691369003,EXP_CatBoostModel_Alpha158_csi300_custom_step0_s_20260911_18,6c9d478d9c7743e18a211f23b6d61d0c,0.074,,,
2978,2026-09-11,SH600588,0.006968746220363175,EXP_CatBoostModel_Alpha158_csi300_custom_step0_s_20260911_18,6c9d478d9c7743e18a211f23b6d61d0c,0.074,,,
2979,2026-09-11,SH600585,0.005603958919401169,EXP_CatBoostModel_Alpha158_csi300_custom_step0_s_20260911_18,6c9d478d9c7743e18a211f23b6d61d0c,0.074,,,
2980,2026-09-11,SH600584,-0.004915758882208822,EXP_CatBoostModel_Alpha158_csi300_custom_step0_s_20260911_18,6c9d478d9c7743e18a211f23b6d61d0c,0.074,,,
2981,2026-09-11,SH600570,-0.0031185744615518365,EXP_CatBoostModel_Alpha158_csi300_custom_step0_s_20260911_18,6c9d478d9c7743e18a211f23b6d61d0c,0.074,,,
2982,2026-09-11,SH600549,-0.005206023479292234,EXP_CatBoostModel_Alpha158_csi300_custom_step0_s_20260911_18,6c9d478d9c7743e18a211f23b6d61d0c,0.074,,,
2983,2026-09-11,SH600547,-0.0021514071672282292,EXP_CatBoostModel_Alpha158_csi300_custom_step0_s_20260911_18,6c9d478d9c7743e18a211f23b6d61d0c,0.074,,,
2984,2026-09-11,SH600600,0.003392407150323855,EXP_CatBoostModel_Alpha158_csi300_custom_step0_s_20260911_18,6c9d478d9c7743e18a211f23b6d61d0c,0.074,,,
2985,2026-09-11,SH600809,-0.002908009725065482,EXP_CatBoostModel_Alpha158_csi300_custom_step0_s_20260911_18,6c9d478d9c7743e18a211f23b6d61d0c,0.074,,,
2986,2026-09-11,SH600219,0.001265289113276356,EXP_CatBoostModel_Alpha158_csi300_custom_step0_s_20260911_18,6c9d478d9c7743e18a211f23b6d61d0c,0.074,,,
2987,2026-09-11,SH600188,-0.0015607794886399748,EXP_CatBoostModel_Alpha158_csi300_custom_step0_s_20260911_18,6c9d478d9c7743e18a211f23b6d61d0c,0.074,,,
2988,2026-09-11,SH600009,0.00605171809074232,EXP_CatBoostModel_Alpha158_csi300_custom_step0_s_20260911_18,6c9d478d9c7743e18a211f23b6d61d0c,0.074,,,
2989,2026-09-11,SH600010,0.0005986015319773564,EXP_CatBoostModel_Alpha158_csi300_custom_step0_s_20260911_18,6c9d478d9c7743e18a211f23b6d61d0c,0.074,,,
2990,2026-09-11,SH600011,0.0021385310004941194,EXP_CatBoostModel_Alpha158_csi300_custom_step0_s_20260911_18,6c9d478d9c7743e18a211f23b6d61d0c,0.074,,,
2991,2026-09-11,SH600015,0.0025562698551068663,EXP_CatBoostModel_Alpha158_csi300_custom_step0_s_20260911_18,6c9d478d9c7743e18a211f23b6d61d0c,0.074,,,
2992,2026-09-11,SH600016,0.004587047976881146,EXP_CatBoostModel_Alpha158_csi300_custom_step0_s_20260911_18,6c9d478d9c7743e18a211f23b6d61d0c,0.074,,,
2993,2026-09-11,SH600018,0.002174414614260745,EXP_CatBoostModel_Alpha158_csi300_custom_step0_s_20260911_18,6c9d478d9c7743e18a211f23b6d61d0c,0.074,,,
2994,2026-09-11,SH600019,0.005098763346862458,EXP_CatBoostModel_Alpha158_csi300_custom_step0_s_20260911_18,6c9d478d9c7743e18a211f23b6d61d0c,0.074,,,
2995,2026-09-11,SH600023,6.856782854201317e-05,EXP_CatBoostModel_Alpha158_csi300_custom_step0_s_20260911_18,6c9d478d9c7743e18a211f23b6d61d0c,0.074,,,
2996,2026-09-11,SH600025,0.0057035713093351054,EXP_CatBoostModel_Alpha158_csi300_custom_step0_s_20260911_18,6c9d478d9c7743e18a211f23b6d61d0c,0.074,,,
2997,2026-09-11,SH600026,-0.0035990300267531193,EXP_CatBoostModel_Alpha158_csi300_custom_step0_s_20260911_18,6c9d478d9c7743e18a211f23b6d61d0c,0.074,,,
2998,2026-09-11,SH600027,-0.0030297368124474647,EXP_CatBoostModel_Alpha158_csi300_custom_step0_s_20260911_18,6c9d478d9c7743e18a211f23b6d61d0c,0.074,,,
2999,2026-09-11,SH600028,0.008173021282724407,EXP_CatBoostModel_Alpha158_csi300_custom_step0_s_20260911_18,6c9d478d9c7743e18a211f23b6d61d0c,0.074,,,
3000,2026-09-11,SH600029,0.0025558381612870804,EXP_CatBoostModel_Alpha158_csi300_custom_step0_s_20260911_18,6c9d478d9c7743e18a211f23b6d61d0c,0.074,,,
3001,2026-09-11,SH600030,0.0025558381612870804,EXP_CatBoostModel_Alpha158_csi300_custom_step0_s_20260911_18,6c9d478d9c7743e18a211f23b6d61d0c,0.074,,,
3002,2026-09-11,SH600031,0.000387096169019879,EXP_CatBoostModel_Alpha158_csi300_custom_step0_s_20260911_18,6c9d478d9c7743e18a211f23b6d61d0c,0.074,,,
3003,2026-09-11,SH600036,0.004451985385235464,EXP_CatBoostModel_Alpha158_csi300_custom_step0_s_20260911_18,6c9d478d9c7743e18a211f23b6d61d0c,0.074,,,
3004,2026-09-11,SH600039,-0.0015607794886399748,EXP_CatBoostModel_Alpha158_csi300_custom_step0_s_20260911_18,6c9d478d9c7743e18a211f23b6d61d0c,0.074,,,
3005,2026-09-11,SH600183,-0.0031282054090498363,EXP_CatBoostModel_Alpha158_csi300_custom_step0_s_20260911_18,6c9d478d9c7743e18a211f23b6d61d0c,0.074,,,
3006,2026-09-11,SH600176,-0.001431283936470463,EXP_CatBoostModel_Alpha158_csi300_custom_step0_s_20260911_18,6c9d478d9c7743e18a211f23b6d61d0c,0.074,,,
3007,2026-09-11,SH600160,-0.005206023479292234,EXP_CatBoostModel_Alpha158_csi300_custom_step0_s_20260911_18,6c9d478d9c7743e18a211f23b6d61d0c,0.074,,,
3008,2026-09-11,SH600150,-2.606632943426019e-07,EXP_CatBoostModel_Alpha158_csi300_custom_step0_s_20260911_18,6c9d478d9c7743e18a211f23b6d61d0c,0.074,,,
3009,2026-09-11,SH600118,-0.00013180756803499866,EXP_CatBoostModel_Alpha158_csi300_custom_step0_s_20260911_18,6c9d478d9c7743e18a211f23b6d61d0c,0.074,,,
3010,2026-09-11,SH600115,0.0008749449471856317,EXP_CatBoostModel_Alpha158_csi300_custom_step0_s_20260911_18,6c9d478d9c7743e18a211f23b6d61d0c,0.074,,,
3011,2026-09-11,SH600196,-0.0008736787493116545,EXP_CatBoostModel_Alpha158_csi300_custom_step0_s_20260911_18,6c9d478d9c7743e18a211f23b6d61d0c,0.074,,,
3012,2026-09-11,SH600111,-0.005206023479292234,EXP_CatBoostModel_Alpha158_csi300_custom_step0_s_20260911_18,6c9d478d9c7743e18a211f23b6d61d0c,0.074,,,
3013,2026-09-11,SH600089,0.0016414697394294565,EXP_CatBoostModel_Alpha158_csi300_custom_step0_s_20260911_18,6c9d478d9c7743e18a211f23b6d61d0c,0.074,,,
3014,2026-09-11,SH600085,0.004055618735401413,EXP_CatBoostModel_Alpha158_csi300_custom_step0_s_20260911_18,6c9d478d9c7743e18a211f23b6d61d0c,0.074,,,
3015,2026-09-11,SH600066,-0.002908009725065482,EXP_CatBoostModel_Alpha158_csi300_custom_step0_s_20260911_18,6c9d478d9c7743e18a211f23b6d61d0c,0.074,,,
3016,2026-09-11,SH600061,0.008592832199920516,EXP_CatBoostModel_Alpha158_csi300_custom_step0_s_20260911_18,6c9d478d9c7743e18a211f23b6d61d0c,0.074,,,
3017,2026-09-11,SH600050,0.0031789718097577175,EXP_CatBoostModel_Alpha158_csi300_custom_step0_s_20260911_18,6c9d478d9c7743e18a211f23b6d61d0c,0.074,,,
3018,2026-09-11,SH600048,-0.0015607794886399748,EXP_CatBoostModel_Alpha158_csi300_custom_step0_s_20260911_18,6c9d478d9c7743e18a211f23b6d61d0c,0.074,,,
3019,2026-09-11,SH600104,0.004542232580684771,EXP_CatBoostModel_Alpha158_csi300_custom_step0_s_20260911_18,6c9d478d9c7743e18a211f23b6d61d0c,0.074,,,
3020,2026-09-11,SH600845,-0.0008563476792627049,EXP_CatBoostModel_Alpha158_csi300_custom_step0_s_20260911_18,6c9d478d9c7743e18a211f23b6d61d0c,0.074,,,
3021,2026-09-11,SH600875,-0.004915758882208822,EXP_CatBoostModel_Alpha158_csi300_custom_step0_s_20260911_18,6c9d478d9c7743e18a211f23b6d61d0c,0.074,,,
3022,2026-09-11,SH600886,-0.00010405582059719776,EXP_CatBoostModel_Alpha158_csi300_custom_step0_s_20260911_18,6c9d478d9c7743e18a211f23b6d61d0c,0.074,,,
3023,2026-09-11,SH601288,0.003622370973048191,EXP_CatBoostModel_Alpha158_csi300_custom_step0_s_20260911_18,6c9d478d9c7743e18a211f23b6d61d0c,0.074,,,
3024,2026-09-11,SH601318,-0.00175200839453089,EXP_CatBoostModel_Alpha158_csi300_custom_step0_s_20260911_18,6c9d478d9c7743e18a211f23b6d61d0c,0.074,,,
3025,2026-09-11,SH601319,-0.0015607794886399748,EXP_CatBoostModel_Alpha158_csi300_custom_step0_s_20260911_18,6c9d478d9c7743e18a211f23b6d61d0c,0.074,,,
3026,2026-09-11,SH601328,0.011305596266145928,EXP_CatBoostModel_Alpha158_csi300_custom_step0_s_20260911_18,6c9d478d9c7743e18a211f23b6d61d0c,0.074,,,
3027,2026-09-11,SH601336,-0.00238314699035496,EXP_CatBoostModel_Alpha158_csi300_custom_step0_s_20260911_18,6c9d478d9c7743e18a211f23b6d61d0c,0.074,,,
3028,2026-09-11,SH601360,-0.0029266515249883568,EXP_CatBoostModel_Alpha158_csi300_custom_step0_s_20260911_18,6c9d478d9c7743e18a211f23b6d61d0c,0.074,,,
3029,2026-09-11,SH601377,0.002050642588748369,EXP_CatBoostModel_Alpha158_csi300_custom_step0_s_20260911_18,6c9d478d9c7743e18a211f23b6d61d0c,0.074,,,
3030,2026-09-11,SH601390,0.005098763346862458,EXP_CatBoostModel_Alpha158_csi300_custom_step0_s_20260911_18,6c9d478d9c7743e18a211f23b6d61d0c,0.074,,,
3031,2026-09-11,SH601398,0.004451985385235464,EXP_CatBoostModel_Alpha158_csi300_custom_step0_s_20260911_18,6c9d478d9c7743e18a211f23b6d61d0c,0.074,,,
3032,2026-09-11,SH601456,0.005098763346862458,EXP_CatBoostModel_Alpha158_csi300_custom_step0_s_20260911_18,6c9d478d9c7743e18a211f23b6d61d0c,0.074,,,
3033,2026-09-11,SH601600,-0.0013596695410657258,EXP_CatBoostModel_Alpha158_csi300_custom_step0_s_20260911_18,6c9d478d9c7743e18a211f23b6d61d0c,0.074,,,
3034,2026-09-11,SH601601,-0.0030297368124474647,EXP_CatBoostModel_Alpha158_csi300_custom_step0_s_20260911_18,6c9d478d9c7743e18a211f23b6d61d0c,0.074,,,
3035,2026-09-11,SH601607,0.006943809061229822,EXP_CatBoostModel_Alpha158_csi300_custom_step0_s_20260911_18,6c9d478d9c7743e18a211f23b6d61d0c,0.074,,,
3036,2026-09-11,SH601618,0.0027698000543806382,EXP_CatBoostModel_Alpha158_csi300_custom_step0_s_20260911_18,6c9d478d9c7743e18a211f23b6d61d0c,0.074,,,
3037,2026-09-11,SH601628,0.004104610039106622,EXP_CatBoostModel_Alpha158_csi300_custom_step0_s_20260911_18,6c9d478d9c7743e18a211f23b6d61d0c,0.074,,,
3038,2026-09-11,SH601633,-0.0025624230250272774,EXP_CatBoostModel_Alpha158_csi300_custom_step0_s_20260911_18,6c9d478d9c7743e18a211f23b6d61d0c,0.074,,,
3039,2026-09-11,SH601658,0.0038961199969355202,EXP_CatBoostModel_Alpha158_csi300_custom_step0_s_20260911_18,6c9d478d9c7743e18a211f23b6d61d0c,0.074,,,
3040,2026-09-11,SH601838,-0.0015607794886399748,EXP_CatBoostModel_Alpha158_csi300_custom_step0_s_20260911_18,6c9d478d9c7743e18a211f23b6d61d0c,0.074,,,
3041,2026-09-11,SH601825,0.005395468877230067,EXP_CatBoostModel_Alpha158_csi300_custom_step0_s_20260911_18,6c9d478d9c7743e18a211f23b6d61d0c,0.074,,,
3042,2026-09-11,SH601818,0.005098763346862458,EXP_CatBoostModel_Alpha158_csi300_custom_step0_s_20260911_18,6c9d478d9c7743e18a211f23b6d61d0c,0.074,,,
3043,2026-09-11,SH601816,0.003684167382296429,EXP_CatBoostModel_Alpha158_csi300_custom_step0_s_20260911_18,6c9d478d9c7743e18a211f23b6d61d0c,0.074,,,
3044,2026-09-11,SH601800,0.005098763346862458,EXP_CatBoostModel_Alpha158_csi300_custom_step0_s_20260911_18,6c9d478d9c7743e18a211f23b6d61d0c,0.074,,,
3045,2026-09-11,SH601788,0.0004057313018872889,EXP_CatBoostModel_Alpha158_csi300_custom_step0_s_20260911_18,6c9d478d9c7743e18a211f23b6d61d0c,0.074,,,
3046,2026-09-11,SH601238,0.00601175202739882,EXP_CatBoostModel_Alpha158_csi300_custom_step0_s_20260911_18,6c9d478d9c7743e18a211f23b6d61d0c,0.074,,,
3047,2026-09-11,SH601766,0.006801084321034559,EXP_CatBoostModel_Alpha158_csi300_custom_step0_s_20260911_18,6c9d478d9c7743e18a211f23b6d61d0c,0.074,,,
3048,2026-09-11,SH601727,0.006943809061229822,EXP_CatBoostModel_Alpha158_csi300_custom_step0_s_20260911_18,6c9d478d9c7743e18a211f23b6d61d0c,0.074,,,
3049,2026-09-11,SH601698,-0.0011038783916308282,EXP_CatBoostModel_Alpha158_csi300_custom_step0_s_20260911_18,6c9d478d9c7743e18a211f23b6d61d0c,0.074,,,
3050,2026-09-11,SH601689,-0.005206023479292234,EXP_CatBoostModel_Alpha158_csi300_custom_step0_s_20260911_18,6c9d478d9c7743e18a211f23b6d61d0c,0.074,,,
3051,2026-09-11,SH601688,0.0025558381612870804,EXP_CatBoostModel_Alpha158_csi300_custom_step0_s_20260911_18,6c9d478d9c7743e18a211f23b6d61d0c,0.074,,,
3052,2026-09-11,SH601669,0.005098763346862458,EXP_CatBoostModel_Alpha158_csi300_custom_step0_s_20260911_18,6c9d478d9c7743e18a211f23b6d61d0c,0.074,,,
3053,2026-09-11,SH601668,0.005098763346862458,EXP_CatBoostModel_Alpha158_csi300_custom_step0_s_20260911_18,6c9d478d9c7743e18a211f23b6d61d0c,0.074,,,
3054,2026-09-11,SH601728,0.009013978651626717,EXP_CatBoostModel_Alpha158_csi300_custom_step0_s_20260911_18,6c9d478d9c7743e18a211f23b6d61d0c,0.074,,,
3055,2026-09-11,SH601229,0.007608363207822224,EXP_CatBoostModel_Alpha158_csi300_custom_step0_s_20260911_18,6c9d478d9c7743e18a211f23b6d61d0c,0.074,,,
3056,2026-09-11,SH601225,-2.606632943426019e-07,EXP_CatBoostModel_Alpha158_csi300_custom_step0_s_20260911_18,6c9d478d9c7743e18a211f23b6d61d0c,0.074,,,
3057,2026-09-11,SH601211,0.005603958919401169,EXP_CatBoostModel_Alpha158_csi300_custom_step0_s_20260911_18,6c9d478d9c7743e18a211f23b6d61d0c,0.074,,,
3058,2026-09-11,SH601006,0.0057035713093351054,EXP_CatBoostModel_Alpha158_csi300_custom_step0_s_20260911_18,6c9d478d9c7743e18a211f23b6d61d0c,0.074,,,
3059,2026-09-11,SH600999,-0.00299447171021492,EXP_CatBoostModel_Alpha158_csi300_custom_step0_s_20260911_18,6c9d478d9c7743e18a211f23b6d61d0c,0.074,,,
3060,2026-09-11,SH600989,-0.0008917059314647554,EXP_CatBoostModel_Alpha158_csi300_custom_step0_s_20260911_18,6c9d478d9c7743e18a211f23b6d61d0c,0.074,,,
3061,2026-09-11,SH600958,0.005603958919401169,EXP_CatBoostModel_Alpha158_csi300_custom_step0_s_20260911_18,6c9d478d9c7743e18a211f23b6d61d0c,0.074,,,
3062,2026-09-11,SH600941,0.005022638876745654,EXP_CatBoostModel_Alpha158_csi300_custom_step0_s_20260911_18,6c9d478d9c7743e18a211f23b6d61d0c,0.074,,,
3063,2026-09-11,SH600938,-0.0008917059314647554,EXP_CatBoostModel_Alpha158_csi300_custom_step0_s_20260911_18,6c9d478d9c7743e18a211f23b6d61d0c,0.074,,,
3064,2026-09-11,SH601009,0.0010567990711052534,EXP_CatBoostModel_Alpha158_csi300_custom_step0_s_20260911_18,6c9d478d9c7743e18a211f23b6d61d0c,0.074,,,
3065,2026-09-11,SH600930,0.00459225403353689,EXP_CatBoostModel_Alpha158_csi300_custom_step0_s_20260911_18,6c9d478d9c7743e18a211f23b6d61d0c,0.074,,,
3066,2026-09-11,SH600919,0.010619341312719462,EXP_CatBoostModel_Alpha158_csi300_custom_step0_s_20260911_18,6c9d478d9c7743e18a211f23b6d61d0c,0.074,,,
3067,2026-09-11,SH600918,0.0032749956269193495,EXP_CatBoostModel_Alpha158_csi300_custom_step0_s_20260911_18,6c9d478d9c7743e18a211f23b6d61d0c,0.074,,,
3068,2026-09-11,SH600905,0.005098763346862458,EXP_CatBoostModel_Alpha158_csi300_custom_step0_s_20260911_18,6c9d478d9c7743e18a211f23b6d61d0c,0.074,,,
3069,2026-09-11,SH600900,0.0056546287351624015,EXP_CatBoostModel_Alpha158_csi300_custom_step0_s_20260911_18,6c9d478d9c7743e18a211f23b6d61d0c,0.074,,,
3070,2026-09-11,SH600893,-2.606632943426019e-07,EXP_CatBoostModel_Alpha158_csi300_custom_step0_s_20260911_18,6c9d478d9c7743e18a211f23b6d61d0c,0.074,,,
3071,2026-09-11,SH600887,0.0045523692104477735,EXP_CatBoostModel_Alpha158_csi300_custom_step0_s_20260911_18,6c9d478d9c7743e18a211f23b6d61d0c,0.074,,,
3072,2026-09-11,SH600926,0.005227352250019195,EXP_CatBoostModel_Alpha158_csi300_custom_step0_s_20260911_18,6c9d478d9c7743e18a211f23b6d61d0c,0.074,,,
3073,2026-09-11,SZ300413,0.02350061085628895,EXP_CatBoostModel_Alpha158_csi300_custom_step0_s_20260911_18,6c9d478d9c7743e18a211f23b6d61d0c,0.074,,,
3074,2026-09-11,SH601012,-0.004449420921454982,EXP_CatBoostModel_Alpha158_csi300_custom_step0_s_20260911_18,6c9d478d9c7743e18a211f23b6d61d0c,0.074,,,
3075,2026-09-11,SH601021,0.003392407150323855,EXP_CatBoostModel_Alpha158_csi300_custom_step0_s_20260911_18,6c9d478d9c7743e18a211f23b6d61d0c,0.074,,,
3076,2026-09-11,SH601186,0.005098763346862458,EXP_CatBoostModel_Alpha158_csi300_custom_step0_s_20260911_18,6c9d478d9c7743e18a211f23b6d61d0c,0.074,,,
3077,2026-09-11,SH601169,0.003066505584748247,EXP_CatBoostModel_Alpha158_csi300_custom_step0_s_20260911_18,6c9d478d9c7743e18a211f23b6d61d0c,0.074,,,
3078,2026-09-11,SH601166,0.005763317493454859,EXP_CatBoostModel_Alpha158_csi300_custom_step0_s_20260911_18,6c9d478d9c7743e18a211f23b6d61d0c,0.074,,,
3079,2026-09-11,SH601138,-0.00562811364817906,EXP_CatBoostModel_Alpha158_csi300_custom_step0_s_20260911_18,6c9d478d9c7743e18a211f23b6d61d0c,0.074,,,
3080,2026-09-11,SH601136,-0.0021514071672282292,EXP_CatBoostModel_Alpha158_csi300_custom_step0_s_20260911_18,6c9d478d9c7743e18a211f23b6d61d0c,0.074,,,
3081,2026-09-11,SH601127,-0.005206023479292234,EXP_CatBoostModel_Alpha158_csi300_custom_step0_s_20260911_18,6c9d478d9c7743e18a211f23b6d61d0c,0.074,,,
3082,2026-09-11,SH601018,0.004467107121520182,EXP_CatBoostModel_Alpha158_csi300_custom_step0_s_20260911_18,6c9d478d9c7743e18a211f23b6d61d0c,0.074,,,
3083,2026-09-11,SH601117,0.005603958919401169,EXP_CatBoostModel_Alpha158_csi300_custom_step0_s_20260911_18,6c9d478d9c7743e18a211f23b6d61d0c,0.074,,,
3084,2026-09-11,SH601100,0.0018930582700293088,EXP_CatBoostModel_Alpha158_csi300_custom_step0_s_20260911_18,6c9d478d9c7743e18a211f23b6d61d0c,0.074,,,
3085,2026-09-11,SH601088,-0.0023173820464772272,EXP_CatBoostModel_Alpha158_csi300_custom_step0_s_20260911_18,6c9d478d9c7743e18a211f23b6d61d0c,0.074,,,
3086,2026-09-11,SH601077,0.004055618735401413,EXP_CatBoostModel_Alpha158_csi300_custom_step0_s_20260911_18,6c9d478d9c7743e18a211f23b6d61d0c,0.074,,,
3087,2026-09-11,SH601066,-0.0040179491595041545,EXP_CatBoostModel_Alpha158_csi300_custom_step0_s_20260911_18,6c9d478d9c7743e18a211f23b6d61d0c,0.074,,,
3088,2026-09-11,SH601059,0.0015480795207054134,EXP_CatBoostModel_Alpha158_csi300_custom_step0_s_20260911_18,6c9d478d9c7743e18a211f23b6d61d0c,0.074,,,
3089,2026-09-11,SH601058,-0.0021514071672282292,EXP_CatBoostModel_Alpha158_csi300_custom_step0_s_20260911_18,6c9d478d9c7743e18a211f23b6d61d0c,0.074,,,
3090,2026-09-11,SH601111,0.005098763346862458,EXP_CatBoostModel_Alpha158_csi300_custom_step0_s_20260911_18,6c9d478d9c7743e18a211f23b6d61d0c,0.074,,,
3091,2026-09-11,SZ300418,-0.0031769398578662946,EXP_CatBoostModel_Alpha158_csi300_custom_step0_s_20260911_18,6c9d478d9c7743e18a211f23b6d61d0c,0.074,,,
3092,2026-09-11,SZ300433,-0.005206023479292234,EXP_CatBoostModel_Alpha158_csi300_custom_step0_s_20260911_18,6c9d478d9c7743e18a211f23b6d61d0c,0.074,,,
3093,2026-09-11,SZ300442,-0.005206023479292234,EXP_CatBoostModel_Alpha158_csi300_custom_step0_s_20260911_18,6c9d478d9c7743e18a211f23b6d61d0c,0.074,,,
3094,2026-09-11,SH603288,-0.0008507029064614054,EXP_CatBoostModel_Alpha158_csi300_custom_step0_s_20260911_18,ab5b59f67f9e44068d1e30b501f01ee2,0.043,,,
3095,2026-09-11,SH603296,-0.002974624875534417,EXP_CatBoostModel_Alpha158_csi300_custom_step0_s_20260911_18,ab5b59f67f9e44068d1e30b501f01ee2,0.043,,,
3096,2026-09-11,SH603369,-0.005317702205466717,EXP_CatBoostModel_Alpha158_csi300_custom_step0_s_20260911_18,ab5b59f67f9e44068d1e30b501f01ee2,0.043,,,
3097,2026-09-11,SH603392,-0.00901605648910998,EXP_CatBoostModel_Alpha158_csi300_custom_step0_s_20260911_18,ab5b59f67f9e44068d1e30b501f01ee2,0.043,,,
3098,2026-09-11,SH603501,-0.0038798907879039985,EXP_CatBoostModel_Alpha158_csi300_custom_step0_s_20260911_18,ab5b59f67f9e44068d1e30b501f01ee2,0.043,,,
3099,2026-09-11,SH603799,-0.0051394442267536445,EXP_CatBoostModel_Alpha158_csi300_custom_step0_s_20260911_18,ab5b59f67f9e44068d1e30b501f01ee2,0.043,,,
3100,2026-09-11,SH603893,-0.005276235377820988,EXP_CatBoostModel_Alpha158_csi300_custom_step0_s_20260911_18,ab5b59f67f9e44068d1e30b501f01ee2,0.043,,,
3101,2026-09-11,SH603986,-0.0038798907879039985,EXP_CatBoostModel_Alpha158_csi300_custom_step0_s_20260911_18,ab5b59f67f9e44068d1e30b501f01ee2,0.043,,,
3102,2026-09-11,SH603993,-0.004433696756070774,EXP_CatBoostModel_Alpha158_csi300_custom_step0_s_20260911_18,ab5b59f67f9e44068d1e30b501f01ee2,0.043,,,
3103,2026-09-11,SH605117,-0.002974624875534417,EXP_CatBoostModel_Alpha158_csi300_custom_step0_s_20260911_18,ab5b59f67f9e44068d1e30b501f01ee2,0.043,,,
3104,2026-09-11,SH605499,-0.005317702205466717,EXP_CatBoostModel_Alpha158_csi300_custom_step0_s_20260911_18,ab5b59f67f9e44068d1e30b501f01ee2,0.043,,,
3105,2026-09-11,SH688008,-0.004412436293097136,EXP_CatBoostModel_Alpha158_csi300_custom_step0_s_20260911_18,ab5b59f67f9e44068d1e30b501f01ee2,0.043,,,
3106,2026-09-11,SH688009,0.005537743799142582,EXP_CatBoostModel_Alpha158_csi300_custom_step0_s_20260911_18,ab5b59f67f9e44068d1e30b501f01ee2,0.043,,,
3107,2026-09-11,SH688012,-0.004412436293097136,EXP_CatBoostModel_Alpha158_csi300_custom_step0_s_20260911_18,ab5b59f67f9e44068d1e30b501f01ee2,0.043,,,
3108,2026-09-11,SH688036,-0.004370969465451406,EXP_CatBoostModel_Alpha158_csi300_custom_step0_s_20260911_18,ab5b59f67f9e44068d1e30b501f01ee2,0.043,,,
3109,2026-09-11,SH688041,0.0007244138890316935,EXP_CatBoostModel_Alpha158_csi300_custom_step0_s_20260911_18,ab5b59f67f9e44068d1e30b501f01ee2,0.043,,,
3110,2026-09-11,SH688047,-0.006871436935388138,EXP_CatBoostModel_Alpha158_csi300_custom_step0_s_20260911_18,ab5b59f67f9e44068d1e30b501f01ee2,0.043,,,
3111,2026-09-11,SH688981,-0.004556214835742353,EXP_CatBoostModel_Alpha158_csi300_custom_step0_s_20260911_18,ab5b59f67f9e44068d1e30b501f01ee2,0.043,,,
3112,2026-09-11,SH688521,0.0043733078864502785,EXP_CatBoostModel_Alpha158_csi300_custom_step0_s_20260911_18,ab5b59f67f9e44068d1e30b501f01ee2,0.043,,,
3113,2026-09-11,SH688506,0.004365429438265716,EXP_CatBoostModel_Alpha158_csi300_custom_step0_s_20260911_18,ab5b59f67f9e44068d1e30b501f01ee2,0.043,,,
3114,2026-09-11,SH688472,-0.0033980144485805347,EXP_CatBoostModel_Alpha158_csi300_custom_step0_s_20260911_18,ab5b59f67f9e44068d1e30b501f01ee2,0.043,,,
3115,2026-09-11,SH688396,-0.004412436293097136,EXP_CatBoostModel_Alpha158_csi300_custom_step0_s_20260911_18,ab5b59f67f9e44068d1e30b501f01ee2,0.043,,,
3116,2026-09-11,SH688303,-0.004202216666456237,EXP_CatBoostModel_Alpha158_csi300_custom_step0_s_20260911_18,ab5b59f67f9e44068d1e30b501f01ee2,0.043,,,
3117,2026-09-11,SH603260,-0.0051394442267536445,EXP_CatBoostModel_Alpha158_csi300_custom_step0_s_20260911_18,ab5b59f67f9e44068d1e30b501f01ee2,0.043,,,
3118,2026-09-11,SH688271,-0.003576485871485094,EXP_CatBoostModel_Alpha158_csi300_custom_step0_s_20260911_18,ab5b59f67f9e44068d1e30b501f01ee2,0.043,,,
3119,2026-09-11,SH688223,-0.00036592035030638356,EXP_CatBoostModel_Alpha158_csi300_custom_step0_s_20260911_18,ab5b59f67f9e44068d1e30b501f01ee2,0.043,,,
3120,2026-09-11,SH688183,-0.004603139613692573,EXP_CatBoostModel_Alpha158_csi300_custom_step0_s_20260911_18,ab5b59f67f9e44068d1e30b501f01ee2,0.043,,,
3121,2026-09-11,SH688126,-0.005994026253305073,EXP_CatBoostModel_Alpha158_csi300_custom_step0_s_20260911_18,ab5b59f67f9e44068d1e30b501f01ee2,0.043,,,
3122,2026-09-11,SH688111,-0.005966171023018557,EXP_CatBoostModel_Alpha158_csi300_custom_step0_s_20260911_18,ab5b59f67f9e44068d1e30b501f01ee2,0.043,,,
3123,2026-09-11,SH688082,-0.004412436293097136,EXP_CatBoostModel_Alpha158_csi300_custom_step0_s_20260911_18,ab5b59f67f9e44068d1e30b501f01ee2,0.043,,,
3124,2026-09-11,SH688072,-0.0029331580478886873,EXP_CatBoostModel_Alpha158_csi300_custom_step0_s_20260911_18,ab5b59f67f9e44068d1e30b501f01ee2,0.043,,,
3125,2026-09-11,SH688256,-0.004556214835742353,EXP_CatBoostModel_Alpha158_csi300_custom_step0_s_20260911_18,ab5b59f67f9e44068d1e30b501f01ee2,0.043,,,
3126,2026-09-11,SZ000001,0.0064256637959073555,EXP_CatBoostModel_Alpha158_csi300_custom_step0_s_20260911_18,ab5b59f67f9e44068d1e30b501f01ee2,0.043,,,
3127,2026-09-11,SH603259,-0.002025584736737574,EXP_CatBoostModel_Alpha158_csi300_custom_step0_s_20260911_18,ab5b59f67f9e44068d1e30b501f01ee2,0.043,,,
3128,2026-09-11,SH601998,0.001472116822861352,EXP_CatBoostModel_Alpha158_csi300_custom_step0_s_20260911_18,ab5b59f67f9e44068d1e30b501f01ee2,0.043,,,
3129,2026-09-11,SH601658,0.005151312388514239,EXP_CatBoostModel_Alpha158_csi300_custom_step0_s_20260911_18,ab5b59f67f9e44068d1e30b501f01ee2,0.043,,,
3130,2026-09-11,SH601668,0.0032602061658842107,EXP_CatBoostModel_Alpha158_csi300_custom_step0_s_20260911_18,ab5b59f67f9e44068d1e30b501f01ee2,0.043,,,
3131,2026-09-11,SH601669,0.0032602061658842107,EXP_CatBoostModel_Alpha158_csi300_custom_step0_s_20260911_18,ab5b59f67f9e44068d1e30b501f01ee2,0.043,,,
3132,2026-09-11,SH601688,0.002132791321681952,EXP_CatBoostModel_Alpha158_csi300_custom_step0_s_20260911_18,ab5b59f67f9e44068d1e30b501f01ee2,0.043,,,
3133,2026-09-11,SH601689,-0.0038798907879039985,EXP_CatBoostModel_Alpha158_csi300_custom_step0_s_20260911_18,ab5b59f67f9e44068d1e30b501f01ee2,0.043,,,
3134,2026-09-11,SH601698,-0.0016290451640907791,EXP_CatBoostModel_Alpha158_csi300_custom_step0_s_20260911_18,ab5b59f67f9e44068d1e30b501f01ee2,0.043,,,
3135,2026-09-11,SH601727,0.003726062612929626,EXP_CatBoostModel_Alpha158_csi300_custom_step0_s_20260911_18,ab5b59f67f9e44068d1e30b501f01ee2,0.043,,,
3136,2026-09-11,SH601728,0.0067823744689875475,EXP_CatBoostModel_Alpha158_csi300_custom_step0_s_20260911_18,ab5b59f67f9e44068d1e30b501f01ee2,0.043,,,
3137,2026-09-11,SH601766,0.009906627557470585,EXP_CatBoostModel_Alpha158_csi300_custom_step0_s_20260911_18,ab5b59f67f9e44068d1e30b501f01ee2,0.043,,,
3138,2026-09-11,SH601788,-0.004328080381554113,EXP_CatBoostModel_Alpha158_csi300_custom_step0_s_20260911_18,ab5b59f67f9e44068d1e30b501f01ee2,0.043,,,
3139,2026-09-11,SH601800,0.006127099915438668,EXP_CatBoostModel_Alpha158_csi300_custom_step0_s_20260911_18,ab5b59f67f9e44068d1e30b501f01ee2,0.043,,,
3140,2026-09-11,SH601816,0.0065263892886197866,EXP_CatBoostModel_Alpha158_csi300_custom_step0_s_20260911_18,ab5b59f67f9e44068d1e30b501f01ee2,0.043,,,
3141,2026-09-11,SH601818,0.005893282121559677,EXP_CatBoostModel_Alpha158_csi300_custom_step0_s_20260911_18,ab5b59f67f9e44068d1e30b501f01ee2,0.043,,,
3142,2026-09-11,SH601825,0.008485434828445973,EXP_CatBoostModel_Alpha158_csi300_custom_step0_s_20260911_18,ab5b59f67f9e44068d1e30b501f01ee2,0.043,,,
3143,2026-09-11,SH601838,0.001472116822861352,EXP_CatBoostModel_Alpha158_csi300_custom_step0_s_20260911_18,ab5b59f67f9e44068d1e30b501f01ee2,0.043,,,
3144,2026-09-11,SH601857,0.005487514917770313,EXP_CatBoostModel_Alpha158_csi300_custom_step0_s_20260911_18,ab5b59f67f9e44068d1e30b501f01ee2,0.043,,,
3145,2026-09-11,SH601868,0.004504404870558999,EXP_CatBoostModel_Alpha158_csi300_custom_step0_s_20260911_18,ab5b59f67f9e44068d1e30b501f01ee2,0.043,,,
3146,2026-09-11,SH601995,-0.004556214835742353,EXP_CatBoostModel_Alpha158_csi300_custom_step0_s_20260911_18,ab5b59f67f9e44068d1e30b501f01ee2,0.043,,,
3147,2026-09-11,SH601988,0.005151312388514239,EXP_CatBoostModel_Alpha158_csi300_custom_step0_s_20260911_18,ab5b59f67f9e44068d1e30b501f01ee2,0.043,,,
3148,2026-09-11,SH601985,0.005442616828645255,EXP_CatBoostModel_Alpha158_csi300_custom_step0_s_20260911_18,ab5b59f67f9e44068d1e30b501f01ee2,0.043,,,
3149,2026-09-11,SH601939,0.009091055229606756,EXP_CatBoostModel_Alpha158_csi300_custom_step0_s_20260911_18,ab5b59f67f9e44068d1e30b501f01ee2,0.043,,,
3150,2026-09-11,SH601919,-0.005630522904301053,EXP_CatBoostModel_Alpha158_csi300_custom_step0_s_20260911_18,ab5b59f67f9e44068d1e30b501f01ee2,0.043,,,
3151,2026-09-11,SH601916,0.010450539898295226,EXP_CatBoostModel_Alpha158_csi300_custom_step0_s_20260911_18,ab5b59f67f9e44068d1e30b501f01ee2,0.043,,,
3152,2026-09-11,SH603019,-0.004556214835742353,EXP_CatBoostModel_Alpha158_csi300_custom_step0_s_20260911_18,ab5b59f67f9e44068d1e30b501f01ee2,0.043,,,
3153,2026-09-11,SH601901,0.005329569830338716,EXP_CatBoostModel_Alpha158_csi300_custom_step0_s_20260911_18,ab5b59f67f9e44068d1e30b501f01ee2,0.043,,,
3154,2026-09-11,SH601898,-0.006529200616532462,EXP_CatBoostModel_Alpha158_csi300_custom_step0_s_20260911_18,ab5b59f67f9e44068d1e30b501f01ee2,0.043,,,
3155,2026-09-11,SH601888,-0.005317702205466717,EXP_CatBoostModel_Alpha158_csi300_custom_step0_s_20260911_18,ab5b59f67f9e44068d1e30b501f01ee2,0.043,,,
3156,2026-09-11,SH601881,-0.000371137227957971,EXP_CatBoostModel_Alpha158_csi300_custom_step0_s_20260911_18,ab5b59f67f9e44068d1e30b501f01ee2,0.043,,,
3157,2026-09-11,SH601878,0.0032602061658842107,EXP_CatBoostModel_Alpha158_csi300_custom_step0_s_20260911_18,ab5b59f67f9e44068d1e30b501f01ee2,0.043,,,
3158,2026-09-11,SH601877,-0.003576485871485094,EXP_CatBoostModel_Alpha158_csi300_custom_step0_s_20260911_18,ab5b59f67f9e44068d1e30b501f01ee2,0.043,,,
3159,2026-09-11,SH601872,-0.01246557380175867,EXP_CatBoostModel_Alpha158_csi300_custom_step0_s_20260911_18,ab5b59f67f9e44068d1e30b501f01ee2,0.043,,,
3160,2026-09-11,SH601899,-0.00036592035030638356,EXP_CatBoostModel_Alpha158_csi300_custom_step0_s_20260911_18,ab5b59f67f9e44068d1e30b501f01ee2,0.043,,,
3161,2026-09-11,SZ000002,-0.007434466528902043,EXP_CatBoostModel_Alpha158_csi300_custom_step0_s_20260911_18,ab5b59f67f9e44068d1e30b501f01ee2,0.043,,,
3162,2026-09-11,SZ000063,-0.005783806626664174,EXP_CatBoostModel_Alpha158_csi300_custom_step0_s_20260911_18,ab5b59f67f9e44068d1e30b501f01ee2,0.043,,,
3163,2026-09-11,SZ000100,-0.004556214835742353,EXP_CatBoostModel_Alpha158_csi300_custom_step0_s_20260911_18,ab5b59f67f9e44068d1e30b501f01ee2,0.043,,,
3164,2026-09-11,SZ002049,-0.005461480748111935,EXP_CatBoostModel_Alpha158_csi300_custom_step0_s_20260911_18,ab5b59f67f9e44068d1e30b501f01ee2,0.043,,,
3165,2026-09-11,SZ002050,-0.005640028084018956,EXP_CatBoostModel_Alpha158_csi300_custom_step0_s_20260911_18,ab5b59f67f9e44068d1e30b501f01ee2,0.043,,,
3166,2026-09-11,SZ002074,-0.007221618044226892,EXP_CatBoostModel_Alpha158_csi300_custom_step0_s_20260911_18,ab5b59f67f9e44068d1e30b501f01ee2,0.043,,,
3167,2026-09-11,SZ002142,0.001472116822861352,EXP_CatBoostModel_Alpha158_csi300_custom_step0_s_20260911_18,ab5b59f67f9e44068d1e30b501f01ee2,0.043,,,
3168,2026-09-11,SZ002179,0.002106636275920528,EXP_CatBoostModel_Alpha158_csi300_custom_step0_s_20260911_18,ab5b59f67f9e44068d1e30b501f01ee2,0.043,,,
3169,2026-09-11,SZ002202,0.0003497183128548417,EXP_CatBoostModel_Alpha158_csi300_custom_step0_s_20260911_18,ab5b59f67f9e44068d1e30b501f01ee2,0.043,,,
3170,2026-09-11,SZ002230,0.0004976525562535093,EXP_CatBoostModel_Alpha158_csi300_custom_step0_s_20260911_18,ab5b59f67f9e44068d1e30b501f01ee2,0.043,,,
3171,2026-09-11,SZ002236,0.0032602061658842107,EXP_CatBoostModel_Alpha158_csi300_custom_step0_s_20260911_18,ab5b59f67f9e44068d1e30b501f01ee2,0.043,,,
3172,2026-09-11,SZ002241,-0.006871436935388138,EXP_CatBoostModel_Alpha158_csi300_custom_step0_s_20260911_18,ab5b59f67f9e44068d1e30b501f01ee2,0.043,,,
3173,2026-09-11,SZ002304,0.0004360337309949421,EXP_CatBoostModel_Alpha158_csi300_custom_step0_s_20260911_18,ab5b59f67f9e44068d1e30b501f01ee2,0.043,,,
3174,2026-09-11,SZ002311,-0.0034932269678083065,EXP_CatBoostModel_Alpha158_csi300_custom_step0_s_20260911_18,ab5b59f67f9e44068d1e30b501f01ee2,0.043,,,
3175,2026-09-11,SZ002352,-0.0021880180372156935,EXP_CatBoostModel_Alpha158_csi300_custom_step0_s_20260911_18,ab5b59f67f9e44068d1e30b501f01ee2,0.043,,,
3176,2026-09-11,SZ002353,0.001400737936870049,EXP_CatBoostModel_Alpha158_csi300_custom_step0_s_20260911_18,ab5b59f67f9e44068d1e30b501f01ee2,0.043,,,
3177,2026-09-11,SZ002371,-0.0029331580478886873,EXP_CatBoostModel_Alpha158_csi300_custom_step0_s_20260911_18,ab5b59f67f9e44068d1e30b501f01ee2,0.043,,,
3178,2026-09-11,SZ002384,-0.0030277561931855777,EXP_CatBoostModel_Alpha158_csi300_custom_step0_s_20260911_18,ab5b59f67f9e44068d1e30b501f01ee2,0.043,,,
3179,2026-09-11,SZ002415,-0.002048650635117419,EXP_CatBoostModel_Alpha158_csi300_custom_step0_s_20260911_18,ab5b59f67f9e44068d1e30b501f01ee2,0.043,,,
3180,2026-09-11,SZ002422,-0.003838423960258269,EXP_CatBoostModel_Alpha158_csi300_custom_step0_s_20260911_18,ab5b59f67f9e44068d1e30b501f01ee2,0.043,,,
3181,2026-09-11,SZ002714,-0.002022938448674026,EXP_CatBoostModel_Alpha158_csi300_custom_step0_s_20260911_18,ab5b59f67f9e44068d1e30b501f01ee2,0.043,,,
3182,2026-09-11,SZ002709,-0.005461480748111935,EXP_CatBoostModel_Alpha158_csi300_custom_step0_s_20260911_18,ab5b59f67f9e44068d1e30b501f01ee2,0.043,,,
3183,2026-09-11,SZ002648,-0.0031105439059810063,EXP_CatBoostModel_Alpha158_csi300_custom_step0_s_20260911_18,ab5b59f67f9e44068d1e30b501f01ee2,0.043,,,
3184,2026-09-11,SZ002625,-0.004202216666456237,EXP_CatBoostModel_Alpha158_csi300_custom_step0_s_20260911_18,ab5b59f67f9e44068d1e30b501f01ee2,0.043,,,
3185,2026-09-11,SZ002602,-0.004372668205014333,EXP_CatBoostModel_Alpha158_csi300_custom_step0_s_20260911_18,ab5b59f67f9e44068d1e30b501f01ee2,0.043,,,
3186,2026-09-11,SZ002600,0.004703111310624222,EXP_CatBoostModel_Alpha158_csi300_custom_step0_s_20260911_18,ab5b59f67f9e44068d1e30b501f01ee2,0.043,,,
3187,2026-09-11,SZ002028,0.008258962070622808,EXP_CatBoostModel_Alpha158_csi300_custom_step0_s_20260911_18,ab5b59f67f9e44068d1e30b501f01ee2,0.043,,,
3188,2026-09-11,SZ002594,-0.003255483926440927,EXP_CatBoostModel_Alpha158_csi300_custom_step0_s_20260911_18,ab5b59f67f9e44068d1e30b501f01ee2,0.043,,,
3189,2026-09-11,SZ002532,-0.006535788816670634,EXP_CatBoostModel_Alpha158_csi300_custom_step0_s_20260911_18,ab5b59f67f9e44068d1e30b501f01ee2,0.043,,,
3190,2026-09-11,SZ002493,-0.007392999701256313,EXP_CatBoostModel_Alpha158_csi300_custom_step0_s_20260911_18,ab5b59f67f9e44068d1e30b501f01ee2,0.043,,,
3191,2026-09-11,SZ002475,-0.002779444708607472,EXP_CatBoostModel_Alpha158_csi300_custom_step0_s_20260911_18,ab5b59f67f9e44068d1e30b501f01ee2,0.043,,,
3192,2026-09-11,SZ002466,-0.0081588456045243,EXP_CatBoostModel_Alpha158_csi300_custom_step0_s_20260911_18,ab5b59f67f9e44068d1e30b501f01ee2,0.043,,,
3193,2026-09-11,SZ002463,-0.001165409931909414,EXP_CatBoostModel_Alpha158_csi300_custom_step0_s_20260911_18,ab5b59f67f9e44068d1e30b501f01ee2,0.043,,,
3194,2026-09-11,SZ002460,-0.0081588456045243,EXP_CatBoostModel_Alpha158_csi300_custom_step0_s_20260911_18,ab5b59f67f9e44068d1e30b501f01ee2,0.043,,,
3195,2026-09-11,SZ002558,-0.00873758011125391,EXP_CatBoostModel_Alpha158_csi300_custom_step0_s_20260911_18,ab5b59f67f9e44068d1e30b501f01ee2,0.043,,,
3196,2026-09-11,SZ002027,0.003380359570138908,EXP_CatBoostModel_Alpha158_csi300_custom_step0_s_20260911_18,ab5b59f67f9e44068d1e30b501f01ee2,0.043,,,
3197,2026-09-11,SZ002001,0.0008805843695088568,EXP_CatBoostModel_Alpha158_csi300_custom_step0_s_20260911_18,ab5b59f67f9e44068d1e30b501f01ee2,0.043,,,
3198,2026-09-11,SZ001979,-0.0029539165474869998,EXP_CatBoostModel_Alpha158_csi300_custom_step0_s_20260911_18,ab5b59f67f9e44068d1e30b501f01ee2,0.043,,,
3199,2026-09-11,SZ000651,0.009451824521230228,EXP_CatBoostModel_Alpha158_csi300_custom_step0_s_20260911_18,ab5b59f67f9e44068d1e30b501f01ee2,0.043,,,
3200,2026-09-11,SZ000630,-0.007434466528902043,EXP_CatBoostModel_Alpha158_csi300_custom_step0_s_20260911_18,ab5b59f67f9e44068d1e30b501f01ee2,0.043,,,
3201,2026-09-11,SZ000625,0.0024502323602354856,EXP_CatBoostModel_Alpha158_csi300_custom_step0_s_20260911_18,ab5b59f67f9e44068d1e30b501f01ee2,0.043,,,
3202,2026-09-11,SZ000617,-0.0097966052743164,EXP_CatBoostModel_Alpha158_csi300_custom_step0_s_20260911_18,ab5b59f67f9e44068d1e30b501f01ee2,0.043,,,
3203,2026-09-11,SZ000596,-0.005276235377820988,EXP_CatBoostModel_Alpha158_csi300_custom_step0_s_20260911_18,ab5b59f67f9e44068d1e30b501f01ee2,0.043,,,
3204,2026-09-11,SZ000568,-0.006670832463101084,EXP_CatBoostModel_Alpha158_csi300_custom_step0_s_20260911_18,ab5b59f67f9e44068d1e30b501f01ee2,0.043,,,
3205,2026-09-11,SZ000657,-0.0009176070201614545,EXP_CatBoostModel_Alpha158_csi300_custom_step0_s_20260911_18,ab5b59f67f9e44068d1e30b501f01ee2,0.043,,,
3206,2026-09-11,SZ000538,0.006781942503817371,EXP_CatBoostModel_Alpha158_csi300_custom_step0_s_20260911_18,ab5b59f67f9e44068d1e30b501f01ee2,0.043,,,
3207,2026-09-11,SZ000408,-0.005097977399107915,EXP_CatBoostModel_Alpha158_csi300_custom_step0_s_20260911_18,ab5b59f67f9e44068d1e30b501f01ee2,0.043,,,
3208,2026-09-11,SZ000338,-0.0051394442267536445,EXP_CatBoostModel_Alpha158_csi300_custom_step0_s_20260911_18,ab5b59f67f9e44068d1e30b501f01ee2,0.043,,,
3209,2026-09-11,SZ000333,0.00968564231510922,EXP_CatBoostModel_Alpha158_csi300_custom_step0_s_20260911_18,ab5b59f67f9e44068d1e30b501f01ee2,0.043,,,
3210,2026-09-11,SZ000301,-0.00893939438973072,EXP_CatBoostModel_Alpha158_csi300_custom_step0_s_20260911_18,ab5b59f67f9e44068d1e30b501f01ee2,0.043,,,
3211,2026-09-11,SZ000166,0.005474248376664606,EXP_CatBoostModel_Alpha158_csi300_custom_step0_s_20260911_18,ab5b59f67f9e44068d1e30b501f01ee2,0.043,,,
3212,2026-09-11,SZ000157,-0.0029142451189952674,EXP_CatBoostModel_Alpha158_csi300_custom_step0_s_20260911_18,ab5b59f67f9e44068d1e30b501f01ee2,0.043,,,
3213,2026-09-11,SZ000425,-0.006577255644316363,EXP_CatBoostModel_Alpha158_csi300_custom_step0_s_20260911_18,ab5b59f67f9e44068d1e30b501f01ee2,0.043,,,
3214,2026-09-11,SH601633,-0.005755951396377659,EXP_CatBoostModel_Alpha158_csi300_custom_step0_s_20260911_18,ab5b59f67f9e44068d1e30b501f01ee2,0.043,,,
3215,2026-09-11,SZ000708,0.0014277797661569323,EXP_CatBoostModel_Alpha158_csi300_custom_step0_s_20260911_18,ab5b59f67f9e44068d1e30b501f01ee2,0.043,,,
3216,2026-09-11,SZ000768,0.00021506850793257166,EXP_CatBoostModel_Alpha158_csi300_custom_step0_s_20260911_18,ab5b59f67f9e44068d1e30b501f01ee2,0.043,,,
3217,2026-09-11,SZ001965,0.001241722250140051,EXP_CatBoostModel_Alpha158_csi300_custom_step0_s_20260911_18,ab5b59f67f9e44068d1e30b501f01ee2,0.043,,,
3218,2026-09-11,SZ001391,0.00047750055864067176,EXP_CatBoostModel_Alpha158_csi300_custom_step0_s_20260911_18,ab5b59f67f9e44068d1e30b501f01ee2,0.043,,,
3219,2026-09-11,SZ001280,-0.007434466528902043,EXP_CatBoostModel_Alpha158_csi300_custom_step0_s_20260911_18,ab5b59f67f9e44068d1e30b501f01ee2,0.043,,,
3220,2026-09-11,SZ000999,0.003380359570138908,EXP_CatBoostModel_Alpha158_csi300_custom_step0_s_20260911_18,ab5b59f67f9e44068d1e30b501f01ee2,0.043,,,
3221,2026-09-11,SZ000988,-0.01160177471703482,EXP_CatBoostModel_Alpha158_csi300_custom_step0_s_20260911_18,ab5b59f67f9e44068d1e30b501f01ee2,0.043,,,
3222,2026-09-11,SZ000977,-0.004370969465451406,EXP_CatBoostModel_Alpha158_csi300_custom_step0_s_20260911_18,ab5b59f67f9e44068d1e30b501f01ee2,0.043,,,
3223,2026-09-11,SZ000725,-0.006899292165674654,EXP_CatBoostModel_Alpha158_csi300_custom_step0_s_20260911_18,ab5b59f67f9e44068d1e30b501f01ee2,0.043,,,
3224,2026-09-11,SZ000975,-0.00036592035030638356,EXP_CatBoostModel_Alpha158_csi300_custom_step0_s_20260911_18,ab5b59f67f9e44068d1e30b501f01ee2,0.043,,,
3225,2026-09-11,SZ000938,-0.004370969465451406,EXP_CatBoostModel_Alpha158_csi300_custom_step0_s_20260911_18,ab5b59f67f9e44068d1e30b501f01ee2,0.043,,,
3226,2026-09-11,SZ000895,-0.002067051564383304,EXP_CatBoostModel_Alpha158_csi300_custom_step0_s_20260911_18,ab5b59f67f9e44068d1e30b501f01ee2,0.043,,,
3227,2026-09-11,SZ000858,0.00473822266443799,EXP_CatBoostModel_Alpha158_csi300_custom_step0_s_20260911_18,ab5b59f67f9e44068d1e30b501f01ee2,0.043,,,
3228,2026-09-11,SZ000807,-0.005254102794226596,EXP_CatBoostModel_Alpha158_csi300_custom_step0_s_20260911_18,ab5b59f67f9e44068d1e30b501f01ee2,0.043,,,
3229,2026-09-11,SZ000792,-0.006721034186961581,EXP_CatBoostModel_Alpha158_csi300_custom_step0_s_20260911_18,ab5b59f67f9e44068d1e30b501f01ee2,0.043,,,
3230,2026-09-11,SZ000776,-0.005170572186054418,EXP_CatBoostModel_Alpha158_csi300_custom_step0_s_20260911_18,ab5b59f67f9e44068d1e30b501f01ee2,0.043,,,
3231,2026-09-11,SZ000963,-0.005640028084018956,EXP_CatBoostModel_Alpha158_csi300_custom_step0_s_20260911_18,ab5b59f67f9e44068d1e30b501f01ee2,0.043,,,
3232,2026-09-11,SZ001280,-0.006835377688927989,EXP_LGBModel_Alpha158_csi300_custom_step0_s_20260911_18,34e027e641654c049ce3913bee51c767,0.126,,,
3233,2026-09-11,SH601628,-0.0006419953119675063,EXP_CatBoostModel_Alpha158_csi300_custom_step0_s_20260911_18,ab5b59f67f9e44068d1e30b501f01ee2,0.043,,,
3234,2026-09-11,SH601607,0.006027546773389334,EXP_CatBoostModel_Alpha158_csi300_custom_step0_s_20260911_18,ab5b59f67f9e44068d1e30b501f01ee2,0.043,,,
3235,2026-09-11,SH600039,-0.002294799849041057,EXP_CatBoostModel_Alpha158_csi300_custom_step0_s_20260911_18,ab5b59f67f9e44068d1e30b501f01ee2,0.043,,,
3236,2026-09-11,SH600048,-0.007434466528902043,EXP_CatBoostModel_Alpha158_csi300_custom_step0_s_20260911_18,ab5b59f67f9e44068d1e30b501f01ee2,0.043,,,
3237,2026-09-11,SH600050,0.0031461800332859206,EXP_CatBoostModel_Alpha158_csi300_custom_step0_s_20260911_18,ab5b59f67f9e44068d1e30b501f01ee2,0.043,,,
3238,2026-09-11,SH600061,0.005474248376664606,EXP_CatBoostModel_Alpha158_csi300_custom_step0_s_20260911_18,ab5b59f67f9e44068d1e30b501f01ee2,0.043,,,
3239,2026-09-11,SH600066,-0.010248432324452742,EXP_CatBoostModel_Alpha158_csi300_custom_step0_s_20260911_18,ab5b59f67f9e44068d1e30b501f01ee2,0.043,,,
3240,2026-09-11,SH600085,0.00473822266443799,EXP_CatBoostModel_Alpha158_csi300_custom_step0_s_20260911_18,ab5b59f67f9e44068d1e30b501f01ee2,0.043,,,
3241,2026-09-11,SH600089,-0.002955711946640997,EXP_CatBoostModel_Alpha158_csi300_custom_step0_s_20260911_18,ab5b59f67f9e44068d1e30b501f01ee2,0.043,,,
3242,2026-09-11,SH600104,0.002639224578192261,EXP_CatBoostModel_Alpha158_csi300_custom_step0_s_20260911_18,ab5b59f67f9e44068d1e30b501f01ee2,0.043,,,
3243,2026-09-11,SH600111,-0.005461480748111935,EXP_CatBoostModel_Alpha158_csi300_custom_step0_s_20260911_18,ab5b59f67f9e44068d1e30b501f01ee2,0.043,,,
3244,2026-09-11,SH600115,0.0024916991878812154,EXP_CatBoostModel_Alpha158_csi300_custom_step0_s_20260911_18,ab5b59f67f9e44068d1e30b501f01ee2,0.043,,,
3245,2026-09-11,SH600118,-0.0011367990269824184,EXP_CatBoostModel_Alpha158_csi300_custom_step0_s_20260911_18,ab5b59f67f9e44068d1e30b501f01ee2,0.043,,,
3246,2026-09-11,SH600150,-0.0017590475226912177,EXP_CatBoostModel_Alpha158_csi300_custom_step0_s_20260911_18,ab5b59f67f9e44068d1e30b501f01ee2,0.043,,,
3247,2026-09-11,SH600160,-0.009732455727445468,EXP_CatBoostModel_Alpha158_csi300_custom_step0_s_20260911_18,ab5b59f67f9e44068d1e30b501f01ee2,0.043,,,
3248,2026-09-11,SH600176,0.00010140682827673603,EXP_CatBoostModel_Alpha158_csi300_custom_step0_s_20260911_18,ab5b59f67f9e44068d1e30b501f01ee2,0.043,,,
3249,2026-09-11,SH600183,-0.01823165003800073,EXP_CatBoostModel_Alpha158_csi300_custom_step0_s_20260911_18,ab5b59f67f9e44068d1e30b501f01ee2,0.043,,,
3250,2026-09-11,SH600188,-0.005671989731946782,EXP_CatBoostModel_Alpha158_csi300_custom_step0_s_20260911_18,ab5b59f67f9e44068d1e30b501f01ee2,0.043,,,
3251,2026-09-11,SH600196,-0.005598561256373227,EXP_CatBoostModel_Alpha158_csi300_custom_step0_s_20260911_18,ab5b59f67f9e44068d1e30b501f01ee2,0.043,,,
3252,2026-09-11,SH600460,-0.002974624875534417,EXP_CatBoostModel_Alpha158_csi300_custom_step0_s_20260911_18,ab5b59f67f9e44068d1e30b501f01ee2,0.043,,,
3253,2026-09-11,SH600438,-0.0051394442267536445,EXP_CatBoostModel_Alpha158_csi300_custom_step0_s_20260911_18,ab5b59f67f9e44068d1e30b501f01ee2,0.043,,,
3254,2026-09-11,SH600436,-0.002067051564383304,EXP_CatBoostModel_Alpha158_csi300_custom_step0_s_20260911_18,ab5b59f67f9e44068d1e30b501f01ee2,0.043,,,
3255,2026-09-11,SH600426,-0.0073288501543853826,EXP_CatBoostModel_Alpha158_csi300_custom_step0_s_20260911_18,ab5b59f67f9e44068d1e30b501f01ee2,0.043,,,
3256,2026-09-11,SH600415,-0.005317702205466717,EXP_CatBoostModel_Alpha158_csi300_custom_step0_s_20260911_18,ab5b59f67f9e44068d1e30b501f01ee2,0.043,,,
3257,2026-09-11,SH600406,-0.0010839374039544273,EXP_CatBoostModel_Alpha158_csi300_custom_step0_s_20260911_18,ab5b59f67f9e44068d1e30b501f01ee2,0.043,,,
3258,2026-09-11,SH600036,0.003907113683839451,EXP_CatBoostModel_Alpha158_csi300_custom_step0_s_20260911_18,ab5b59f67f9e44068d1e30b501f01ee2,0.043,,,
3259,2026-09-11,SH600372,0.0003850133289296971,EXP_CatBoostModel_Alpha158_csi300_custom_step0_s_20260911_18,ab5b59f67f9e44068d1e30b501f01ee2,0.043,,,
3260,2026-09-11,SH600346,-0.0097966052743164,EXP_CatBoostModel_Alpha158_csi300_custom_step0_s_20260911_18,ab5b59f67f9e44068d1e30b501f01ee2,0.043,,,
3261,2026-09-11,SH600309,-0.003031675279024701,EXP_CatBoostModel_Alpha158_csi300_custom_step0_s_20260911_18,ab5b59f67f9e44068d1e30b501f01ee2,0.043,,,
3262,2026-09-11,SH600276,-0.001816424488372598,EXP_CatBoostModel_Alpha158_csi300_custom_step0_s_20260911_18,ab5b59f67f9e44068d1e30b501f01ee2,0.043,,,
3263,2026-09-11,SH600233,-0.001446640708051427,EXP_CatBoostModel_Alpha158_csi300_custom_step0_s_20260911_18,ab5b59f67f9e44068d1e30b501f01ee2,0.043,,,
3264,2026-09-11,SH600221,0.006235692146529261,EXP_CatBoostModel_Alpha158_csi300_custom_step0_s_20260911_18,ab5b59f67f9e44068d1e30b501f01ee2,0.043,,,
3265,2026-09-11,SH600219,-0.003031675279024701,EXP_CatBoostModel_Alpha158_csi300_custom_step0_s_20260911_18,ab5b59f67f9e44068d1e30b501f01ee2,0.043,,,
3266,2026-09-11,SH600362,-0.006600981584348022,EXP_CatBoostModel_Alpha158_csi300_custom_step0_s_20260911_18,ab5b59f67f9e44068d1e30b501f01ee2,0.043,,,
3267,2026-09-11,SH600482,0.00021506850793257166,EXP_CatBoostModel_Alpha158_csi300_custom_step0_s_20260911_18,ab5b59f67f9e44068d1e30b501f01ee2,0.043,,,
3268,2026-09-11,SH600031,0.006301407265332071,EXP_CatBoostModel_Alpha158_csi300_custom_step0_s_20260911_18,ab5b59f67f9e44068d1e30b501f01ee2,0.043,,,
3269,2026-09-11,SH600029,0.004504404870558999,EXP_CatBoostModel_Alpha158_csi300_custom_step0_s_20260911_18,ab5b59f67f9e44068d1e30b501f01ee2,0.043,,,
3270,2026-09-11,SZ300450,-0.004538388604466647,EXP_CatBoostModel_Alpha158_csi300_custom_step0_s_20260911_18,6c9d478d9c7743e18a211f23b6d61d0c,0.074,,,
3271,2026-09-11,SZ300476,-0.004915758882208822,EXP_CatBoostModel_Alpha158_csi300_custom_step0_s_20260911_18,6c9d478d9c7743e18a211f23b6d61d0c,0.074,,,
3272,2026-09-11,SZ300498,-0.0015607794886399748,EXP_CatBoostModel_Alpha158_csi300_custom_step0_s_20260911_18,6c9d478d9c7743e18a211f23b6d61d0c,0.074,,,
3273,2026-09-11,SZ300502,-0.0031282054090498363,EXP_CatBoostModel_Alpha158_csi300_custom_step0_s_20260911_18,6c9d478d9c7743e18a211f23b6d61d0c,0.074,,,
3274,2026-09-11,SZ300628,-0.0016610973342540258,EXP_CatBoostModel_Alpha158_csi300_custom_step0_s_20260911_18,6c9d478d9c7743e18a211f23b6d61d0c,0.074,,,
3275,2026-09-11,SZ300661,-0.004159156324371569,EXP_CatBoostModel_Alpha158_csi300_custom_step0_s_20260911_18,6c9d478d9c7743e18a211f23b6d61d0c,0.074,,,
3276,2026-09-11,SZ300750,-0.004449420921454982,EXP_CatBoostModel_Alpha158_csi300_custom_step0_s_20260911_18,6c9d478d9c7743e18a211f23b6d61d0c,0.074,,,
3277,2026-09-11,SZ300760,0.0038911933420264725,EXP_CatBoostModel_Alpha158_csi300_custom_step0_s_20260911_18,6c9d478d9c7743e18a211f23b6d61d0c,0.074,,,
3278,2026-09-11,SZ300803,-0.004449420921454982,EXP_CatBoostModel_Alpha158_csi300_custom_step0_s_20260911_18,6c9d478d9c7743e18a211f23b6d61d0c,0.074,,,
3279,2026-09-11,SZ300832,-0.0021514071672282292,EXP_CatBoostModel_Alpha158_csi300_custom_step0_s_20260911_18,6c9d478d9c7743e18a211f23b6d61d0c,0.074,,,
3280,2026-09-11,SZ300866,-0.0030297368124474647,EXP_CatBoostModel_Alpha158_csi300_custom_step0_s_20260911_18,6c9d478d9c7743e18a211f23b6d61d0c,0.074,,,
3281,2026-09-11,SZ300896,-0.003517279203576611,EXP_CatBoostModel_Alpha158_csi300_custom_step0_s_20260911_18,6c9d478d9c7743e18a211f23b6d61d0c,0.074,,,
3282,2026-09-11,SZ300999,-0.0015607794886399748,EXP_CatBoostModel_Alpha158_csi300_custom_step0_s_20260911_18,6c9d478d9c7743e18a211f23b6d61d0c,0.074,,,
3283,2026-09-11,SZ301165,0.00778633000739163,EXP_CatBoostModel_Alpha158_csi300_custom_step0_s_20260911_18,6c9d478d9c7743e18a211f23b6d61d0c,0.074,,,
3284,2026-09-11,SZ301236,-0.004449420921454982,EXP_CatBoostModel_Alpha158_csi300_custom_step0_s_20260911_18,6c9d478d9c7743e18a211f23b6d61d0c,0.074,,,
3285,2026-09-11,SZ301269,-0.005206023479292234,EXP_CatBoostModel_Alpha158_csi300_custom_step0_s_20260911_18,6c9d478d9c7743e18a211f23b6d61d0c,0.074,,,
3286,2026-09-11,SZ301308,-0.005206023479292234,EXP_CatBoostModel_Alpha158_csi300_custom_step0_s_20260911_18,6c9d478d9c7743e18a211f23b6d61d0c,0.074,,,
3287,2026-09-11,SH600028,0.001472116822861352,EXP_CatBoostModel_Alpha158_csi300_custom_step0_s_20260911_18,ab5b59f67f9e44068d1e30b501f01ee2,0.043,,,
3288,2026-09-11,SH600027,0.0009785224147122076,EXP_CatBoostModel_Alpha158_csi300_custom_step0_s_20260911_18,ab5b59f67f9e44068d1e30b501f01ee2,0.043,,,
3289,2026-09-11,SH600026,-0.011183887779314634,EXP_CatBoostModel_Alpha158_csi300_custom_step0_s_20260911_18,ab5b59f67f9e44068d1e30b501f01ee2,0.043,,,
3290,2026-09-11,SH600025,0.007496789338968768,EXP_CatBoostModel_Alpha158_csi300_custom_step0_s_20260911_18,ab5b59f67f9e44068d1e30b501f01ee2,0.043,,,
3291,2026-09-11,SH600023,0.004863713383293302,EXP_CatBoostModel_Alpha158_csi300_custom_step0_s_20260911_18,ab5b59f67f9e44068d1e30b501f01ee2,0.043,,,
3292,2026-09-11,SH600019,0.007770587993294575,EXP_CatBoostModel_Alpha158_csi300_custom_step0_s_20260911_18,ab5b59f67f9e44068d1e30b501f01ee2,0.043,,,
3293,2026-09-11,SH600030,0.0003902925617374258,EXP_CatBoostModel_Alpha158_csi300_custom_step0_s_20260911_18,ab5b59f67f9e44068d1e30b501f01ee2,0.043,,,
3294,2026-09-11,SH600018,0.0027163155275361406,EXP_CatBoostModel_Alpha158_csi300_custom_step0_s_20260911_18,ab5b59f67f9e44068d1e30b501f01ee2,0.043,,,
3295,2026-09-11,SH600015,-0.0029142451189952674,EXP_CatBoostModel_Alpha158_csi300_custom_step0_s_20260911_18,ab5b59f67f9e44068d1e30b501f01ee2,0.043,,,
3296,2026-09-11,SH600011,-0.0007065722673383094,EXP_CatBoostModel_Alpha158_csi300_custom_step0_s_20260911_18,ab5b59f67f9e44068d1e30b501f01ee2,0.043,,,
3297,2026-09-11,SH600010,-0.0021386744539223755,EXP_CatBoostModel_Alpha158_csi300_custom_step0_s_20260911_18,ab5b59f67f9e44068d1e30b501f01ee2,0.043,,,
3298,2026-09-11,SH600009,0.0038391096112361635,EXP_CatBoostModel_Alpha158_csi300_custom_step0_s_20260911_18,ab5b59f67f9e44068d1e30b501f01ee2,0.043,,,
3299,2026-09-11,SH600000,0.008485434828445973,EXP_CatBoostModel_Alpha158_csi300_custom_step0_s_20260911_18,ab5b59f67f9e44068d1e30b501f01ee2,0.043,,,
3300,2026-09-11,SZ302132,-0.0015607794886399748,EXP_CatBoostModel_Alpha158_csi300_custom_step0_s_20260911_18,6c9d478d9c7743e18a211f23b6d61d0c,0.074,,,
3301,2026-09-11,SH600016,0.003907113683839451,EXP_CatBoostModel_Alpha158_csi300_custom_step0_s_20260911_18,ab5b59f67f9e44068d1e30b501f01ee2,0.043,,,
3302,2026-09-11,SH600489,-0.004160749838810508,EXP_CatBoostModel_Alpha158_csi300_custom_step0_s_20260911_18,ab5b59f67f9e44068d1e30b501f01ee2,0.043,,,
3303,2026-09-11,SH600515,0.0018680778603831147,EXP_CatBoostModel_Alpha158_csi300_custom_step0_s_20260911_18,ab5b59f67f9e44068d1e30b501f01ee2,0.043,,,
3304,2026-09-11,SH600519,0.00615981412288203,EXP_CatBoostModel_Alpha158_csi300_custom_step0_s_20260911_18,ab5b59f67f9e44068d1e30b501f01ee2,0.043,,,
3305,2026-09-11,SH601021,0.0024502323602354856,EXP_CatBoostModel_Alpha158_csi300_custom_step0_s_20260911_18,ab5b59f67f9e44068d1e30b501f01ee2,0.043,,,
3306,2026-09-11,SH601058,-0.007501582972168001,EXP_CatBoostModel_Alpha158_csi300_custom_step0_s_20260911_18,ab5b59f67f9e44068d1e30b501f01ee2,0.043,,,
3307,2026-09-11,SH601059,-0.009530641448968659,EXP_CatBoostModel_Alpha158_csi300_custom_step0_s_20260911_18,ab5b59f67f9e44068d1e30b501f01ee2,0.043,,,
3308,2026-09-11,SH601066,-0.007459361085594272,EXP_CatBoostModel_Alpha158_csi300_custom_step0_s_20260911_18,ab5b59f67f9e44068d1e30b501f01ee2,0.043,,,
3309,2026-09-11,SH601077,0.004440584298611789,EXP_CatBoostModel_Alpha158_csi300_custom_step0_s_20260911_18,ab5b59f67f9e44068d1e30b501f01ee2,0.043,,,
3310,2026-09-11,SH601088,0.004243316213095524,EXP_CatBoostModel_Alpha158_csi300_custom_step0_s_20260911_18,ab5b59f67f9e44068d1e30b501f01ee2,0.043,,,
3311,2026-09-11,SH601100,-0.0008921697341071351,EXP_CatBoostModel_Alpha158_csi300_custom_step0_s_20260911_18,ab5b59f67f9e44068d1e30b501f01ee2,0.043,,,
3312,2026-09-11,SH601111,0.0024502323602354856,EXP_CatBoostModel_Alpha158_csi300_custom_step0_s_20260911_18,ab5b59f67f9e44068d1e30b501f01ee2,0.043,,,
3313,2026-09-11,SH601117,0.004222986463851477,EXP_CatBoostModel_Alpha158_csi300_custom_step0_s_20260911_18,ab5b59f67f9e44068d1e30b501f01ee2,0.043,,,
3314,2026-09-11,SH601127,-0.0038798907879039985,EXP_CatBoostModel_Alpha158_csi300_custom_step0_s_20260911_18,ab5b59f67f9e44068d1e30b501f01ee2,0.043,,,
3315,2026-09-11,SH601136,-0.00983807210196213,EXP_CatBoostModel_Alpha158_csi300_custom_step0_s_20260911_18,ab5b59f67f9e44068d1e30b501f01ee2,0.043,,,
3316,2026-09-11,SH601138,-0.0038915552779094286,EXP_CatBoostModel_Alpha158_csi300_custom_step0_s_20260911_18,ab5b59f67f9e44068d1e30b501f01ee2,0.043,,,
3317,2026-09-11,SH601166,0.0065263892886197866,EXP_CatBoostModel_Alpha158_csi300_custom_step0_s_20260911_18,ab5b59f67f9e44068d1e30b501f01ee2,0.043,,,
3318,2026-09-11,SH601169,0.003907113683839451,EXP_CatBoostModel_Alpha158_csi300_custom_step0_s_20260911_18,ab5b59f67f9e44068d1e30b501f01ee2,0.043,,,
3319,2026-09-11,SH601186,0.005537743799142582,EXP_CatBoostModel_Alpha158_csi300_custom_step0_s_20260911_18,ab5b59f67f9e44068d1e30b501f01ee2,0.043,,,
3320,2026-09-11,SH601211,0.002481863908254837,EXP_CatBoostModel_Alpha158_csi300_custom_step0_s_20260911_18,ab5b59f67f9e44068d1e30b501f01ee2,0.043,,,
3321,2026-09-11,SH601225,-0.003089283443007369,EXP_CatBoostModel_Alpha158_csi300_custom_step0_s_20260911_18,ab5b59f67f9e44068d1e30b501f01ee2,0.043,,,
3322,2026-09-11,SH601601,-0.002253333021395327,EXP_CatBoostModel_Alpha158_csi300_custom_step0_s_20260911_18,ab5b59f67f9e44068d1e30b501f01ee2,0.043,,,
3323,2026-09-11,SH601600,-0.005170572186054418,EXP_CatBoostModel_Alpha158_csi300_custom_step0_s_20260911_18,ab5b59f67f9e44068d1e30b501f01ee2,0.043,,,
3324,2026-09-11,SH601456,0.002481863908254837,EXP_CatBoostModel_Alpha158_csi300_custom_step0_s_20260911_18,ab5b59f67f9e44068d1e30b501f01ee2,0.043,,,
3325,2026-09-11,SH601398,0.009091055229606756,EXP_CatBoostModel_Alpha158_csi300_custom_step0_s_20260911_18,ab5b59f67f9e44068d1e30b501f01ee2,0.043,,,
3326,2026-09-11,SH601390,0.005537743799142582,EXP_CatBoostModel_Alpha158_csi300_custom_step0_s_20260911_18,ab5b59f67f9e44068d1e30b501f01ee2,0.043,,,
3327,2026-09-11,SH601377,0.006718447081339394,EXP_CatBoostModel_Alpha158_csi300_custom_step0_s_20260911_18,ab5b59f67f9e44068d1e30b501f01ee2,0.043,,,
3328,2026-09-11,SH601018,0.007241236123771184,EXP_CatBoostModel_Alpha158_csi300_custom_step0_s_20260911_18,ab5b59f67f9e44068d1e30b501f01ee2,0.043,,,
3329,2026-09-11,SH601360,-0.004370969465451406,EXP_CatBoostModel_Alpha158_csi300_custom_step0_s_20260911_18,ab5b59f67f9e44068d1e30b501f01ee2,0.043,,,
3330,2026-09-11,SH601328,0.007529780168352087,EXP_CatBoostModel_Alpha158_csi300_custom_step0_s_20260911_18,ab5b59f67f9e44068d1e30b501f01ee2,0.043,,,
3331,2026-09-11,SH601319,0.0016292120336044856,EXP_CatBoostModel_Alpha158_csi300_custom_step0_s_20260911_18,ab5b59f67f9e44068d1e30b501f01ee2,0.043,,,
3332,2026-09-11,SH601318,-0.00411318354464187,EXP_CatBoostModel_Alpha158_csi300_custom_step0_s_20260911_18,ab5b59f67f9e44068d1e30b501f01ee2,0.043,,,
3333,2026-09-11,SH601288,0.011150826262145372,EXP_CatBoostModel_Alpha158_csi300_custom_step0_s_20260911_18,ab5b59f67f9e44068d1e30b501f01ee2,0.043,,,
3334,2026-09-11,SH601238,0.0004976525562535093,EXP_CatBoostModel_Alpha158_csi300_custom_step0_s_20260911_18,ab5b59f67f9e44068d1e30b501f01ee2,0.043,,,
3335,2026-09-11,SH601229,0.009842688044360198,EXP_CatBoostModel_Alpha158_csi300_custom_step0_s_20260911_18,ab5b59f67f9e44068d1e30b501f01ee2,0.043,,,
3336,2026-09-11,SH601336,-0.003576485871485094,EXP_CatBoostModel_Alpha158_csi300_custom_step0_s_20260911_18,ab5b59f67f9e44068d1e30b501f01ee2,0.043,,,
3337,2026-09-11,SH601012,-0.006391622594087975,EXP_CatBoostModel_Alpha158_csi300_custom_step0_s_20260911_18,ab5b59f67f9e44068d1e30b501f01ee2,0.043,,,
3338,2026-09-11,SH601009,0.0008323477512305521,EXP_CatBoostModel_Alpha158_csi300_custom_step0_s_20260911_18,ab5b59f67f9e44068d1e30b501f01ee2,0.043,,,
3339,2026-09-11,SH601006,0.009461894408818021,EXP_CatBoostModel_Alpha158_csi300_custom_step0_s_20260911_18,ab5b59f67f9e44068d1e30b501f01ee2,0.043,,,
3340,2026-09-11,SH600795,0.009091055229606756,EXP_CatBoostModel_Alpha158_csi300_custom_step0_s_20260911_18,ab5b59f67f9e44068d1e30b501f01ee2,0.043,,,
3341,2026-09-11,SH600760,0.001472116822861352,EXP_CatBoostModel_Alpha158_csi300_custom_step0_s_20260911_18,ab5b59f67f9e44068d1e30b501f01ee2,0.043,,,
3342,2026-09-11,SH600741,0.0032602061658842107,EXP_CatBoostModel_Alpha158_csi300_custom_step0_s_20260911_18,ab5b59f67f9e44068d1e30b501f01ee2,0.043,,,
3343,2026-09-11,SH600690,-0.0002350288165024397,EXP_CatBoostModel_Alpha158_csi300_custom_step0_s_20260911_18,ab5b59f67f9e44068d1e30b501f01ee2,0.043,,,
3344,2026-09-11,SH600674,0.008207625816555441,EXP_CatBoostModel_Alpha158_csi300_custom_step0_s_20260911_18,ab5b59f67f9e44068d1e30b501f01ee2,0.043,,,
3345,2026-09-11,SH600660,-0.004972505213016755,EXP_CatBoostModel_Alpha158_csi300_custom_step0_s_20260911_18,ab5b59f67f9e44068d1e30b501f01ee2,0.043,,,
3346,2026-09-11,SH600803,-0.001478388648645076,EXP_CatBoostModel_Alpha158_csi300_custom_step0_s_20260911_18,ab5b59f67f9e44068d1e30b501f01ee2,0.043,,,
3347,2026-09-11,SH600600,0.00473822266443799,EXP_CatBoostModel_Alpha158_csi300_custom_step0_s_20260911_18,ab5b59f67f9e44068d1e30b501f01ee2,0.043,,,
3348,2026-09-11,SH600585,0.003647522960897041,EXP_CatBoostModel_Alpha158_csi300_custom_step0_s_20260911_18,ab5b59f67f9e44068d1e30b501f01ee2,0.043,,,
3349,2026-09-11,SH600584,-0.002974624875534417,EXP_CatBoostModel_Alpha158_csi300_custom_step0_s_20260911_18,ab5b59f67f9e44068d1e30b501f01ee2,0.043,,,
3350,2026-09-11,SH600570,-0.007459361085594272,EXP_CatBoostModel_Alpha158_csi300_custom_step0_s_20260911_18,ab5b59f67f9e44068d1e30b501f01ee2,0.043,,,
3351,2026-09-11,SH600549,-0.004412436293097136,EXP_CatBoostModel_Alpha158_csi300_custom_step0_s_20260911_18,ab5b59f67f9e44068d1e30b501f01ee2,0.043,,,
3352,2026-09-11,SH600547,0.015310125388724075,EXP_CatBoostModel_Alpha158_csi300_custom_step0_s_20260911_18,ab5b59f67f9e44068d1e30b501f01ee2,0.043,,,
3353,2026-09-11,SH600522,-0.0030277561931855777,EXP_CatBoostModel_Alpha158_csi300_custom_step0_s_20260911_18,ab5b59f67f9e44068d1e30b501f01ee2,0.043,,,
3354,2026-09-11,SH600588,-0.000699029308818129,EXP_CatBoostModel_Alpha158_csi300_custom_step0_s_20260911_18,ab5b59f67f9e44068d1e30b501f01ee2,0.043,,,
3355,2026-09-11,SH601618,0.0026348847876443452,EXP_CatBoostModel_Alpha158_csi300_custom_step0_s_20260911_18,ab5b59f67f9e44068d1e30b501f01ee2,0.043,,,
3356,2026-09-11,SH600809,-0.005877771125386335,EXP_CatBoostModel_Alpha158_csi300_custom_step0_s_20260911_18,ab5b59f67f9e44068d1e30b501f01ee2,0.043,,,
3357,2026-09-11,SH600875,-0.006577255644316363,EXP_CatBoostModel_Alpha158_csi300_custom_step0_s_20260911_18,ab5b59f67f9e44068d1e30b501f01ee2,0.043,,,
3358,2026-09-11,SH600999,-0.006535788816670634,EXP_CatBoostModel_Alpha158_csi300_custom_step0_s_20260911_18,ab5b59f67f9e44068d1e30b501f01ee2,0.043,,,
3359,2026-09-11,SH600989,-0.002675372127079151,EXP_CatBoostModel_Alpha158_csi300_custom_step0_s_20260911_18,ab5b59f67f9e44068d1e30b501f01ee2,0.043,,,
3360,2026-09-11,SH600958,0.002382310766205503,EXP_CatBoostModel_Alpha158_csi300_custom_step0_s_20260911_18,ab5b59f67f9e44068d1e30b501f01ee2,0.043,,,
3361,2026-09-11,SH600941,0.007241236123771184,EXP_CatBoostModel_Alpha158_csi300_custom_step0_s_20260911_18,ab5b59f67f9e44068d1e30b501f01ee2,0.043,,,
3362,2026-09-11,SH600938,-0.001931948364717321,EXP_CatBoostModel_Alpha158_csi300_custom_step0_s_20260911_18,ab5b59f67f9e44068d1e30b501f01ee2,0.043,,,
3363,2026-09-11,SH600930,0.0024502323602354856,EXP_CatBoostModel_Alpha158_csi300_custom_step0_s_20260911_18,ab5b59f67f9e44068d1e30b501f01ee2,0.043,,,
3364,2026-09-11,SH600845,-0.0005698133329717239,EXP_CatBoostModel_Alpha158_csi300_custom_step0_s_20260911_18,ab5b59f67f9e44068d1e30b501f01ee2,0.043,,,
3365,2026-09-11,SH600926,0.005910355635237818,EXP_CatBoostModel_Alpha158_csi300_custom_step0_s_20260911_18,ab5b59f67f9e44068d1e30b501f01ee2,0.043,,,
3366,2026-09-11,SH600918,-0.0010507728734423893,EXP_CatBoostModel_Alpha158_csi300_custom_step0_s_20260911_18,ab5b59f67f9e44068d1e30b501f01ee2,0.043,,,
3367,2026-09-11,SH600905,0.004504404870558999,EXP_CatBoostModel_Alpha158_csi300_custom_step0_s_20260911_18,ab5b59f67f9e44068d1e30b501f01ee2,0.043,,,
3368,2026-09-11,SH600900,0.010216722104416235,EXP_CatBoostModel_Alpha158_csi300_custom_step0_s_20260911_18,ab5b59f67f9e44068d1e30b501f01ee2,0.043,,,
3369,2026-09-11,SH600893,-0.0017590475226912177,EXP_CatBoostModel_Alpha158_csi300_custom_step0_s_20260911_18,ab5b59f67f9e44068d1e30b501f01ee2,0.043,,,
3370,2026-09-11,SH600887,0.0064256637959073555,EXP_CatBoostModel_Alpha158_csi300_custom_step0_s_20260911_18,ab5b59f67f9e44068d1e30b501f01ee2,0.043,,,
3371,2026-09-11,SH600886,0.00843802038927674,EXP_CatBoostModel_Alpha158_csi300_custom_step0_s_20260911_18,ab5b59f67f9e44068d1e30b501f01ee2,0.043,,,
3372,2026-09-11,SH600919,0.008207625816555441,EXP_CatBoostModel_Alpha158_csi300_custom_step0_s_20260911_18,ab5b59f67f9e44068d1e30b501f01ee2,0.043,,,
3373,2026-09-11,SZ001391,-0.0015730502521616237,EXP_LGBModel_Alpha158_csi300_custom_step0_s_20260911_18,34e027e641654c049ce3913bee51c767,0.126,,,
3374,2026-09-11,SZ001965,0.008256563532494161,EXP_LGBModel_Alpha158_csi300_custom_step0_s_20260911_18,34e027e641654c049ce3913bee51c767,0.126,,,
3375,2026-09-11,SZ001979,0.0016302577617783426,EXP_LGBModel_Alpha158_csi300_custom_step0_s_20260911_18,34e027e641654c049ce3913bee51c767,0.126,,,
3376,2026-09-11,SH600795,0.018616130525426832,EXP_DEnsembleModel_Alpha158_csi300_custom_step0_s_20260911_16,2198b0213c7b418395e348f6f2f9434d,0.103,,,
3377,2026-09-11,SH600803,0.07693029154704421,EXP_DEnsembleModel_Alpha158_csi300_custom_step0_s_20260911_16,2198b0213c7b418395e348f6f2f9434d,0.103,,,
3378,2026-09-11,SH600809,-0.04432022480533163,EXP_DEnsembleModel_Alpha158_csi300_custom_step0_s_20260911_16,2198b0213c7b418395e348f6f2f9434d,0.103,,,
3379,2026-09-11,SH600845,-0.05263767982675361,EXP_DEnsembleModel_Alpha158_csi300_custom_step0_s_20260911_16,2198b0213c7b418395e348f6f2f9434d,0.103,,,
3380,2026-09-11,SH600875,-0.07410092003695767,EXP_DEnsembleModel_Alpha158_csi300_custom_step0_s_20260911_16,2198b0213c7b418395e348f6f2f9434d,0.103,,,
3381,2026-09-11,SH600886,0.07032610875103615,EXP_DEnsembleModel_Alpha158_csi300_custom_step0_s_20260911_16,2198b0213c7b418395e348f6f2f9434d,0.103,,,
3382,2026-09-11,SH600887,0.13108746086637701,EXP_DEnsembleModel_Alpha158_csi300_custom_step0_s_20260911_16,2198b0213c7b418395e348f6f2f9434d,0.103,,,
3383,2026-09-11,SH600893,-0.06646959157004911,EXP_DEnsembleModel_Alpha158_csi300_custom_step0_s_20260911_16,2198b0213c7b418395e348f6f2f9434d,0.103,,,
3384,2026-09-11,SH600900,0.09342665657299182,EXP_DEnsembleModel_Alpha158_csi300_custom_step0_s_20260911_16,2198b0213c7b418395e348f6f2f9434d,0.103,,,
3385,2026-09-11,SH600905,0.06905506474935257,EXP_DEnsembleModel_Alpha158_csi300_custom_step0_s_20260911_16,2198b0213c7b418395e348f6f2f9434d,0.103,,,
3386,2026-09-11,SH600918,0.003581472926813955,EXP_DEnsembleModel_Alpha158_csi300_custom_step0_s_20260911_16,2198b0213c7b418395e348f6f2f9434d,0.103,,,
3387,2026-09-11,SH600919,0.07219485461465243,EXP_DEnsembleModel_Alpha158_csi300_custom_step0_s_20260911_16,2198b0213c7b418395e348f6f2f9434d,0.103,,,
3388,2026-09-11,SH600926,0.1157511941956329,EXP_DEnsembleModel_Alpha158_csi300_custom_step0_s_20260911_16,2198b0213c7b418395e348f6f2f9434d,0.103,,,
3389,2026-09-11,SH600930,0.02715017619618892,EXP_DEnsembleModel_Alpha158_csi300_custom_step0_s_20260911_16,2198b0213c7b418395e348f6f2f9434d,0.103,,,
3390,2026-09-11,SH600938,0.04297465371333428,EXP_DEnsembleModel_Alpha158_csi300_custom_step0_s_20260911_16,2198b0213c7b418395e348f6f2f9434d,0.103,,,
3391,2026-09-11,SH600941,0.0562711645136704,EXP_DEnsembleModel_Alpha158_csi300_custom_step0_s_20260911_16,2198b0213c7b418395e348f6f2f9434d,0.103,,,
3392,2026-09-11,SH600958,0.03715149569819714,EXP_DEnsembleModel_Alpha158_csi300_custom_step0_s_20260911_16,2198b0213c7b418395e348f6f2f9434d,0.103,,,
3393,2026-09-11,SH601111,0.046772789701292145,EXP_DEnsembleModel_Alpha158_csi300_custom_step0_s_20260911_16,2198b0213c7b418395e348f6f2f9434d,0.103,,,
3394,2026-09-11,SH601100,0.05863627264341709,EXP_DEnsembleModel_Alpha158_csi300_custom_step0_s_20260911_16,2198b0213c7b418395e348f6f2f9434d,0.103,,,
3395,2026-09-11,SH601088,-0.03882201594376085,EXP_DEnsembleModel_Alpha158_csi300_custom_step0_s_20260911_16,2198b0213c7b418395e348f6f2f9434d,0.103,,,
3396,2026-09-11,SH601077,0.10313261535733123,EXP_DEnsembleModel_Alpha158_csi300_custom_step0_s_20260911_16,2198b0213c7b418395e348f6f2f9434d,0.103,,,
3397,2026-09-11,SH601066,-0.014691368683401379,EXP_DEnsembleModel_Alpha158_csi300_custom_step0_s_20260911_16,2198b0213c7b418395e348f6f2f9434d,0.103,,,
3398,2026-09-11,SH601059,-0.04039439203933042,EXP_DEnsembleModel_Alpha158_csi300_custom_step0_s_20260911_16,2198b0213c7b418395e348f6f2f9434d,0.103,,,
3399,2026-09-11,SH600760,0.049457451679447935,EXP_DEnsembleModel_Alpha158_csi300_custom_step0_s_20260911_16,2198b0213c7b418395e348f6f2f9434d,0.103,,,
3400,2026-09-11,SH601058,-0.039291486144732164,EXP_DEnsembleModel_Alpha158_csi300_custom_step0_s_20260911_16,2198b0213c7b418395e348f6f2f9434d,0.103,,,
3401,2026-09-11,SH601018,0.1198567688298439,EXP_DEnsembleModel_Alpha158_csi300_custom_step0_s_20260911_16,2198b0213c7b418395e348f6f2f9434d,0.103,,,
3402,2026-09-11,SH601012,-0.02552273224004905,EXP_DEnsembleModel_Alpha158_csi300_custom_step0_s_20260911_16,2198b0213c7b418395e348f6f2f9434d,0.103,,,
3403,2026-09-11,SH601009,0.11976417656147216,EXP_DEnsembleModel_Alpha158_csi300_custom_step0_s_20260911_16,2198b0213c7b418395e348f6f2f9434d,0.103,,,
3404,2026-09-11,SH601006,0.10887124205744568,EXP_DEnsembleModel_Alpha158_csi300_custom_step0_s_20260911_16,2198b0213c7b418395e348f6f2f9434d,0.103,,,
3405,2026-09-11,SH600999,-0.03414130274382528,EXP_DEnsembleModel_Alpha158_csi300_custom_step0_s_20260911_16,2198b0213c7b418395e348f6f2f9434d,0.103,,,
3406,2026-09-11,SH600989,0.07101525655598095,EXP_DEnsembleModel_Alpha158_csi300_custom_step0_s_20260911_16,2198b0213c7b418395e348f6f2f9434d,0.103,,,
3407,2026-09-11,SH601021,0.047308557052362116,EXP_DEnsembleModel_Alpha158_csi300_custom_step0_s_20260911_16,2198b0213c7b418395e348f6f2f9434d,0.103,,,
3408,2026-09-11,SH601117,0.07712530028096254,EXP_DEnsembleModel_Alpha158_csi300_custom_step0_s_20260911_16,2198b0213c7b418395e348f6f2f9434d,0.103,,,
3409,2026-09-11,SH600741,0.059767379133702565,EXP_DEnsembleModel_Alpha158_csi300_custom_step0_s_20260911_16,2198b0213c7b418395e348f6f2f9434d,0.103,,,
3410,2026-09-11,SH600674,0.08640005028007185,EXP_DEnsembleModel_Alpha158_csi300_custom_step0_s_20260911_16,2198b0213c7b418395e348f6f2f9434d,0.103,,,
3411,2026-09-11,SH600176,-0.056547604263859456,EXP_DEnsembleModel_Alpha158_csi300_custom_step0_s_20260911_16,2198b0213c7b418395e348f6f2f9434d,0.103,,,
3412,2026-09-11,SH600183,-0.08446705594153447,EXP_DEnsembleModel_Alpha158_csi300_custom_step0_s_20260911_16,2198b0213c7b418395e348f6f2f9434d,0.103,,,
3413,2026-09-11,SH600188,-0.07768381845037979,EXP_DEnsembleModel_Alpha158_csi300_custom_step0_s_20260911_16,2198b0213c7b418395e348f6f2f9434d,0.103,,,
3414,2026-09-11,SH600196,-0.020890532341050656,EXP_DEnsembleModel_Alpha158_csi300_custom_step0_s_20260911_16,2198b0213c7b418395e348f6f2f9434d,0.103,,,
3415,2026-09-11,SH600219,0.038730850808636405,EXP_DEnsembleModel_Alpha158_csi300_custom_step0_s_20260911_16,2198b0213c7b418395e348f6f2f9434d,0.103,,,
3416,2026-09-11,SH600221,0.07177718729756824,EXP_DEnsembleModel_Alpha158_csi300_custom_step0_s_20260911_16,2198b0213c7b418395e348f6f2f9434d,0.103,,,
3417,2026-09-11,SH600233,-0.10100038940079932,EXP_DEnsembleModel_Alpha158_csi300_custom_step0_s_20260911_16,2198b0213c7b418395e348f6f2f9434d,0.103,,,
3418,2026-09-11,SH600276,0.16525899185482532,EXP_DEnsembleModel_Alpha158_csi300_custom_step0_s_20260911_16,2198b0213c7b418395e348f6f2f9434d,0.103,,,
3419,2026-09-11,SH600309,0.00842288128788661,EXP_DEnsembleModel_Alpha158_csi300_custom_step0_s_20260911_16,2198b0213c7b418395e348f6f2f9434d,0.103,,,
3420,2026-09-11,SH600346,-0.19869572246024472,EXP_DEnsembleModel_Alpha158_csi300_custom_step0_s_20260911_16,2198b0213c7b418395e348f6f2f9434d,0.103,,,
3421,2026-09-11,SH600362,-0.08873479710396757,EXP_DEnsembleModel_Alpha158_csi300_custom_step0_s_20260911_16,2198b0213c7b418395e348f6f2f9434d,0.103,,,
3422,2026-09-11,SH600372,0.048612854276482625,EXP_DEnsembleModel_Alpha158_csi300_custom_step0_s_20260911_16,2198b0213c7b418395e348f6f2f9434d,0.103,,,
3423,2026-09-11,SH600406,0.021035009326493343,EXP_DEnsembleModel_Alpha158_csi300_custom_step0_s_20260911_16,2198b0213c7b418395e348f6f2f9434d,0.103,,,
3424,2026-09-11,SH600415,-0.1254646309270591,EXP_DEnsembleModel_Alpha158_csi300_custom_step0_s_20260911_16,2198b0213c7b418395e348f6f2f9434d,0.103,,,
3425,2026-09-11,SH600426,-0.1428322885925893,EXP_DEnsembleModel_Alpha158_csi300_custom_step0_s_20260911_16,2198b0213c7b418395e348f6f2f9434d,0.103,,,
3426,2026-09-11,SH600436,-0.013281778157203798,EXP_DEnsembleModel_Alpha158_csi300_custom_step0_s_20260911_16,2198b0213c7b418395e348f6f2f9434d,0.103,,,
3427,2026-09-11,SH600438,-0.11006007051942103,EXP_DEnsembleModel_Alpha158_csi300_custom_step0_s_20260911_16,2198b0213c7b418395e348f6f2f9434d,0.103,,,
3428,2026-09-11,SH600660,-0.0061667912232722805,EXP_DEnsembleModel_Alpha158_csi300_custom_step0_s_20260911_16,2198b0213c7b418395e348f6f2f9434d,0.103,,,
3429,2026-09-11,SH600600,0.037946152940279566,EXP_DEnsembleModel_Alpha158_csi300_custom_step0_s_20260911_16,2198b0213c7b418395e348f6f2f9434d,0.103,,,
3430,2026-09-11,SH600588,0.06445732553764993,EXP_DEnsembleModel_Alpha158_csi300_custom_step0_s_20260911_16,2198b0213c7b418395e348f6f2f9434d,0.103,,,
3431,2026-09-11,SH600585,0.04539275946388765,EXP_DEnsembleModel_Alpha158_csi300_custom_step0_s_20260911_16,2198b0213c7b418395e348f6f2f9434d,0.103,,,
3432,2026-09-11,SH600584,0.00335645197128978,EXP_DEnsembleModel_Alpha158_csi300_custom_step0_s_20260911_16,2198b0213c7b418395e348f6f2f9434d,0.103,,,
3433,2026-09-11,SH600570,-0.12274515090947787,EXP_DEnsembleModel_Alpha158_csi300_custom_step0_s_20260911_16,2198b0213c7b418395e348f6f2f9434d,0.103,,,
3434,2026-09-11,SH600690,0.02549392636642178,EXP_DEnsembleModel_Alpha158_csi300_custom_step0_s_20260911_16,2198b0213c7b418395e348f6f2f9434d,0.103,,,
3435,2026-09-11,SH600549,-0.060854630251988416,EXP_DEnsembleModel_Alpha158_csi300_custom_step0_s_20260911_16,2198b0213c7b418395e348f6f2f9434d,0.103,,,
3436,2026-09-11,SH600522,-0.08434458444766667,EXP_DEnsembleModel_Alpha158_csi300_custom_step0_s_20260911_16,2198b0213c7b418395e348f6f2f9434d,0.103,,,
3437,2026-09-11,SH600519,0.07376025953906037,EXP_DEnsembleModel_Alpha158_csi300_custom_step0_s_20260911_16,2198b0213c7b418395e348f6f2f9434d,0.103,,,
3438,2026-09-11,SH600515,-0.0100268658358304,EXP_DEnsembleModel_Alpha158_csi300_custom_step0_s_20260911_16,2198b0213c7b418395e348f6f2f9434d,0.103,,,
3439,2026-09-11,SH600489,0.02702927040660991,EXP_DEnsembleModel_Alpha158_csi300_custom_step0_s_20260911_16,2198b0213c7b418395e348f6f2f9434d,0.103,,,
3440,2026-09-11,SH600482,-0.12770430882976097,EXP_DEnsembleModel_Alpha158_csi300_custom_step0_s_20260911_16,2198b0213c7b418395e348f6f2f9434d,0.103,,,
3441,2026-09-11,SH600460,-0.06633583866684006,EXP_DEnsembleModel_Alpha158_csi300_custom_step0_s_20260911_16,2198b0213c7b418395e348f6f2f9434d,0.103,,,
3442,2026-09-11,SH600547,0.06335385959347031,EXP_DEnsembleModel_Alpha158_csi300_custom_step0_s_20260911_16,2198b0213c7b418395e348f6f2f9434d,0.103,,,
3443,2026-09-11,SH600160,-0.0002591821278729481,EXP_DEnsembleModel_Alpha158_csi300_custom_step0_s_20260911_16,2198b0213c7b418395e348f6f2f9434d,0.103,,,
3444,2026-09-11,SH601127,0.04630068218175696,EXP_DEnsembleModel_Alpha158_csi300_custom_step0_s_20260911_16,2198b0213c7b418395e348f6f2f9434d,0.103,,,
3445,2026-09-11,SH601138,-0.11934402233331377,EXP_DEnsembleModel_Alpha158_csi300_custom_step0_s_20260911_16,2198b0213c7b418395e348f6f2f9434d,0.103,,,
3446,2026-09-11,SH601818,0.08882462250730348,EXP_DEnsembleModel_Alpha158_csi300_custom_step0_s_20260911_16,2198b0213c7b418395e348f6f2f9434d,0.103,,,
3447,2026-09-11,SH601825,0.09551793779792932,EXP_DEnsembleModel_Alpha158_csi300_custom_step0_s_20260911_16,2198b0213c7b418395e348f6f2f9434d,0.103,,,
3448,2026-09-11,SH601838,0.022932521403982022,EXP_DEnsembleModel_Alpha158_csi300_custom_step0_s_20260911_16,2198b0213c7b418395e348f6f2f9434d,0.103,,,
3449,2026-09-11,SH601857,0.11901453095958364,EXP_DEnsembleModel_Alpha158_csi300_custom_step0_s_20260911_16,2198b0213c7b418395e348f6f2f9434d,0.103,,,
3450,2026-09-11,SH601868,0.08132642811797515,EXP_DEnsembleModel_Alpha158_csi300_custom_step0_s_20260911_16,2198b0213c7b418395e348f6f2f9434d,0.103,,,
3451,2026-09-11,SH601872,-0.1440703678862624,EXP_DEnsembleModel_Alpha158_csi300_custom_step0_s_20260911_16,2198b0213c7b418395e348f6f2f9434d,0.103,,,
3452,2026-09-11,SH601877,0.01868208496658174,EXP_DEnsembleModel_Alpha158_csi300_custom_step0_s_20260911_16,2198b0213c7b418395e348f6f2f9434d,0.103,,,
3453,2026-09-11,SH601878,0.010931457172728564,EXP_DEnsembleModel_Alpha158_csi300_custom_step0_s_20260911_16,2198b0213c7b418395e348f6f2f9434d,0.103,,,
3454,2026-09-11,SH601881,0.017412036873891812,EXP_DEnsembleModel_Alpha158_csi300_custom_step0_s_20260911_16,2198b0213c7b418395e348f6f2f9434d,0.103,,,
3455,2026-09-11,SH601888,-0.08519747383550691,EXP_DEnsembleModel_Alpha158_csi300_custom_step0_s_20260911_16,2198b0213c7b418395e348f6f2f9434d,0.103,,,
3456,2026-09-11,SH601898,-0.06639164097863899,EXP_DEnsembleModel_Alpha158_csi300_custom_step0_s_20260911_16,2198b0213c7b418395e348f6f2f9434d,0.103,,,
3457,2026-09-11,SH601899,-0.017282610636559954,EXP_DEnsembleModel_Alpha158_csi300_custom_step0_s_20260911_16,2198b0213c7b418395e348f6f2f9434d,0.103,,,
3458,2026-09-11,SH601901,0.05006669474654342,EXP_DEnsembleModel_Alpha158_csi300_custom_step0_s_20260911_16,2198b0213c7b418395e348f6f2f9434d,0.103,,,
3459,2026-09-11,SH601916,0.10473189564501988,EXP_DEnsembleModel_Alpha158_csi300_custom_step0_s_20260911_16,2198b0213c7b418395e348f6f2f9434d,0.103,,,
3460,2026-09-11,SH601919,0.010722474036434448,EXP_DEnsembleModel_Alpha158_csi300_custom_step0_s_20260911_16,2198b0213c7b418395e348f6f2f9434d,0.103,,,
3461,2026-09-11,SH601939,0.06578289427123586,EXP_DEnsembleModel_Alpha158_csi300_custom_step0_s_20260911_16,2198b0213c7b418395e348f6f2f9434d,0.103,,,
3462,2026-09-11,SH601985,0.08537094263826409,EXP_DEnsembleModel_Alpha158_csi300_custom_step0_s_20260911_16,2198b0213c7b418395e348f6f2f9434d,0.103,,,
3463,2026-09-11,SH603986,-0.08877494275356912,EXP_DEnsembleModel_Alpha158_csi300_custom_step0_s_20260911_16,2198b0213c7b418395e348f6f2f9434d,0.103,,,
3464,2026-09-11,SH603893,-0.1340064364183738,EXP_DEnsembleModel_Alpha158_csi300_custom_step0_s_20260911_16,2198b0213c7b418395e348f6f2f9434d,0.103,,,
3465,2026-09-11,SH603799,-0.04749405860474957,EXP_DEnsembleModel_Alpha158_csi300_custom_step0_s_20260911_16,2198b0213c7b418395e348f6f2f9434d,0.103,,,
3466,2026-09-11,SH603501,0.09378638747902483,EXP_DEnsembleModel_Alpha158_csi300_custom_step0_s_20260911_16,2198b0213c7b418395e348f6f2f9434d,0.103,,,
3467,2026-09-11,SH603392,-0.051524285541628904,EXP_DEnsembleModel_Alpha158_csi300_custom_step0_s_20260911_16,2198b0213c7b418395e348f6f2f9434d,0.103,,,
3468,2026-09-11,SH603369,-0.03250940221067599,EXP_DEnsembleModel_Alpha158_csi300_custom_step0_s_20260911_16,2198b0213c7b418395e348f6f2f9434d,0.103,,,
3469,2026-09-11,SH601816,0.048341792441987566,EXP_DEnsembleModel_Alpha158_csi300_custom_step0_s_20260911_16,2198b0213c7b418395e348f6f2f9434d,0.103,,,
3470,2026-09-11,SH603296,-0.10673332961459216,EXP_DEnsembleModel_Alpha158_csi300_custom_step0_s_20260911_16,2198b0213c7b418395e348f6f2f9434d,0.103,,,
3471,2026-09-11,SH603260,-0.006767694958527128,EXP_DEnsembleModel_Alpha158_csi300_custom_step0_s_20260911_16,2198b0213c7b418395e348f6f2f9434d,0.103,,,
3472,2026-09-11,SH603259,0.06552256233212593,EXP_DEnsembleModel_Alpha158_csi300_custom_step0_s_20260911_16,2198b0213c7b418395e348f6f2f9434d,0.103,,,
3473,2026-09-11,SH603019,-0.09929333355392349,EXP_DEnsembleModel_Alpha158_csi300_custom_step0_s_20260911_16,2198b0213c7b418395e348f6f2f9434d,0.103,,,
3474,2026-09-11,SH601998,0.056920612566431376,EXP_DEnsembleModel_Alpha158_csi300_custom_step0_s_20260911_16,2198b0213c7b418395e348f6f2f9434d,0.103,,,
3475,2026-09-11,SH601995,-0.01942710862581189,EXP_DEnsembleModel_Alpha158_csi300_custom_step0_s_20260911_16,2198b0213c7b418395e348f6f2f9434d,0.103,,,
3476,2026-09-11,SH601988,-0.003197126470318463,EXP_DEnsembleModel_Alpha158_csi300_custom_step0_s_20260911_16,2198b0213c7b418395e348f6f2f9434d,0.103,,,
3477,2026-09-11,SH603288,0.009704105806565085,EXP_DEnsembleModel_Alpha158_csi300_custom_step0_s_20260911_16,2198b0213c7b418395e348f6f2f9434d,0.103,,,
3478,2026-09-11,SH601136,-0.04734039459728399,EXP_DEnsembleModel_Alpha158_csi300_custom_step0_s_20260911_16,2198b0213c7b418395e348f6f2f9434d,0.103,,,
3479,2026-09-11,SH601800,0.06987493062066717,EXP_DEnsembleModel_Alpha158_csi300_custom_step0_s_20260911_16,2198b0213c7b418395e348f6f2f9434d,0.103,,,
3480,2026-09-11,SH601766,0.05938172886940808,EXP_DEnsembleModel_Alpha158_csi300_custom_step0_s_20260911_16,2198b0213c7b418395e348f6f2f9434d,0.103,,,
3481,2026-09-11,SH601166,0.09143326724432832,EXP_DEnsembleModel_Alpha158_csi300_custom_step0_s_20260911_16,2198b0213c7b418395e348f6f2f9434d,0.103,,,
3482,2026-09-11,SH601169,0.04408952483702689,EXP_DEnsembleModel_Alpha158_csi300_custom_step0_s_20260911_16,2198b0213c7b418395e348f6f2f9434d,0.103,,,
3483,2026-09-11,SH601186,0.057146536427369825,EXP_DEnsembleModel_Alpha158_csi300_custom_step0_s_20260911_16,2198b0213c7b418395e348f6f2f9434d,0.103,,,
3484,2026-09-11,SH601211,0.016108971664035285,EXP_DEnsembleModel_Alpha158_csi300_custom_step0_s_20260911_16,2198b0213c7b418395e348f6f2f9434d,0.103,,,
3485,2026-09-11,SH601225,0.006380407429912262,EXP_DEnsembleModel_Alpha158_csi300_custom_step0_s_20260911_16,2198b0213c7b418395e348f6f2f9434d,0.103,,,
3486,2026-09-11,SH601229,0.1265799334558148,EXP_DEnsembleModel_Alpha158_csi300_custom_step0_s_20260911_16,2198b0213c7b418395e348f6f2f9434d,0.103,,,
3487,2026-09-11,SH601238,0.06197291609570215,EXP_DEnsembleModel_Alpha158_csi300_custom_step0_s_20260911_16,2198b0213c7b418395e348f6f2f9434d,0.103,,,
3488,2026-09-11,SH601288,0.08124086018605609,EXP_DEnsembleModel_Alpha158_csi300_custom_step0_s_20260911_16,2198b0213c7b418395e348f6f2f9434d,0.103,,,
3489,2026-09-11,SH601318,0.03052148902356246,EXP_DEnsembleModel_Alpha158_csi300_custom_step0_s_20260911_16,2198b0213c7b418395e348f6f2f9434d,0.103,,,
3490,2026-09-11,SH601319,0.020933492099311838,EXP_DEnsembleModel_Alpha158_csi300_custom_step0_s_20260911_16,2198b0213c7b418395e348f6f2f9434d,0.103,,,
3491,2026-09-11,SH601328,0.05085502607316773,EXP_DEnsembleModel_Alpha158_csi300_custom_step0_s_20260911_16,2198b0213c7b418395e348f6f2f9434d,0.103,,,
3492,2026-09-11,SH601336,-0.0592076207605007,EXP_DEnsembleModel_Alpha158_csi300_custom_step0_s_20260911_16,2198b0213c7b418395e348f6f2f9434d,0.103,,,
3493,2026-09-11,SH601360,-0.07132221543545762,EXP_DEnsembleModel_Alpha158_csi300_custom_step0_s_20260911_16,2198b0213c7b418395e348f6f2f9434d,0.103,,,
3494,2026-09-11,SH601377,0.06416490723967326,EXP_DEnsembleModel_Alpha158_csi300_custom_step0_s_20260911_16,2198b0213c7b418395e348f6f2f9434d,0.103,,,
3495,2026-09-11,SH601390,0.06553681051000126,EXP_DEnsembleModel_Alpha158_csi300_custom_step0_s_20260911_16,2198b0213c7b418395e348f6f2f9434d,0.103,,,
3496,2026-09-11,SH601398,0.054715928602659926,EXP_DEnsembleModel_Alpha158_csi300_custom_step0_s_20260911_16,2198b0213c7b418395e348f6f2f9434d,0.103,,,
3497,2026-09-11,SH601456,0.0374571462617768,EXP_DEnsembleModel_Alpha158_csi300_custom_step0_s_20260911_16,2198b0213c7b418395e348f6f2f9434d,0.103,,,
3498,2026-09-11,SH601728,0.07092524037646812,EXP_DEnsembleModel_Alpha158_csi300_custom_step0_s_20260911_16,2198b0213c7b418395e348f6f2f9434d,0.103,,,
3499,2026-09-11,SH601727,0.0644851585177235,EXP_DEnsembleModel_Alpha158_csi300_custom_step0_s_20260911_16,2198b0213c7b418395e348f6f2f9434d,0.103,,,
3500,2026-09-11,SH601698,0.036617558107743135,EXP_DEnsembleModel_Alpha158_csi300_custom_step0_s_20260911_16,2198b0213c7b418395e348f6f2f9434d,0.103,,,
3501,2026-09-11,SH601689,0.05063400987789198,EXP_DEnsembleModel_Alpha158_csi300_custom_step0_s_20260911_16,2198b0213c7b418395e348f6f2f9434d,0.103,,,
3502,2026-09-11,SH601688,0.026658784728318577,EXP_DEnsembleModel_Alpha158_csi300_custom_step0_s_20260911_16,2198b0213c7b418395e348f6f2f9434d,0.103,,,
3503,2026-09-11,SH601669,0.07547574460878557,EXP_DEnsembleModel_Alpha158_csi300_custom_step0_s_20260911_16,2198b0213c7b418395e348f6f2f9434d,0.103,,,
3504,2026-09-11,SH601788,-0.0016016874279562016,EXP_DEnsembleModel_Alpha158_csi300_custom_step0_s_20260911_16,2198b0213c7b418395e348f6f2f9434d,0.103,,,
3505,2026-09-11,SH601668,0.07922116221660121,EXP_DEnsembleModel_Alpha158_csi300_custom_step0_s_20260911_16,2198b0213c7b418395e348f6f2f9434d,0.103,,,
3506,2026-09-11,SH601633,0.007375695558302995,EXP_DEnsembleModel_Alpha158_csi300_custom_step0_s_20260911_16,2198b0213c7b418395e348f6f2f9434d,0.103,,,
3507,2026-09-11,SH601628,0.03734680231610399,EXP_DEnsembleModel_Alpha158_csi300_custom_step0_s_20260911_16,2198b0213c7b418395e348f6f2f9434d,0.103,,,
3508,2026-09-11,SH601618,0.022882256912595267,EXP_DEnsembleModel_Alpha158_csi300_custom_step0_s_20260911_16,2198b0213c7b418395e348f6f2f9434d,0.103,,,
3509,2026-09-11,SH601607,0.1093301086512846,EXP_DEnsembleModel_Alpha158_csi300_custom_step0_s_20260911_16,2198b0213c7b418395e348f6f2f9434d,0.103,,,
3510,2026-09-11,SH601601,-0.02937733800759917,EXP_DEnsembleModel_Alpha158_csi300_custom_step0_s_20260911_16,2198b0213c7b418395e348f6f2f9434d,0.103,,,
3511,2026-09-11,SH601600,-0.06589112992237407,EXP_DEnsembleModel_Alpha158_csi300_custom_step0_s_20260911_16,2198b0213c7b418395e348f6f2f9434d,0.103,,,
3512,2026-09-11,SH601658,2.464293798168328e-05,EXP_DEnsembleModel_Alpha158_csi300_custom_step0_s_20260911_16,2198b0213c7b418395e348f6f2f9434d,0.103,,,
3513,2026-09-11,SH600150,0.10885191670566861,EXP_DEnsembleModel_Alpha158_csi300_custom_step0_s_20260911_16,2198b0213c7b418395e348f6f2f9434d,0.103,,,
3514,2026-09-11,SH600118,0.07573153235866181,EXP_DEnsembleModel_Alpha158_csi300_custom_step0_s_20260911_16,2198b0213c7b418395e348f6f2f9434d,0.103,,,
3515,2026-09-11,SH600115,0.03594757006649399,EXP_DEnsembleModel_Alpha158_csi300_custom_step0_s_20260911_16,2198b0213c7b418395e348f6f2f9434d,0.103,,,
3516,2026-09-11,SZ001965,0.047916394079292164,EXP_DEnsembleModel_Alpha158_csi300_custom_step0_s_20260911_16,9aaff0ddaf834c63b809193ee2f5241d,0.098,,,
3517,2026-09-11,SZ001979,0.0711733332778759,EXP_DEnsembleModel_Alpha158_csi300_custom_step0_s_20260911_16,9aaff0ddaf834c63b809193ee2f5241d,0.098,,,
3518,2026-09-11,SZ002001,0.011581790714220407,EXP_DEnsembleModel_Alpha158_csi300_custom_step0_s_20260911_16,9aaff0ddaf834c63b809193ee2f5241d,0.098,,,
3519,2026-09-11,SZ002027,0.11580210042738741,EXP_DEnsembleModel_Alpha158_csi300_custom_step0_s_20260911_16,9aaff0ddaf834c63b809193ee2f5241d,0.098,,,
3520,2026-09-11,SZ002028,0.06299814584393194,EXP_DEnsembleModel_Alpha158_csi300_custom_step0_s_20260911_16,9aaff0ddaf834c63b809193ee2f5241d,0.098,,,
3521,2026-09-11,SZ002049,0.017590459652203922,EXP_DEnsembleModel_Alpha158_csi300_custom_step0_s_20260911_16,9aaff0ddaf834c63b809193ee2f5241d,0.098,,,
3522,2026-09-11,SZ002050,0.01170570674728231,EXP_DEnsembleModel_Alpha158_csi300_custom_step0_s_20260911_16,9aaff0ddaf834c63b809193ee2f5241d,0.098,,,
3523,2026-09-11,SZ002074,-0.0777491663009128,EXP_DEnsembleModel_Alpha158_csi300_custom_step0_s_20260911_16,9aaff0ddaf834c63b809193ee2f5241d,0.098,,,
3524,2026-09-11,SZ002142,0.03267208270712157,EXP_DEnsembleModel_Alpha158_csi300_custom_step0_s_20260911_16,9aaff0ddaf834c63b809193ee2f5241d,0.098,,,
3525,2026-09-11,SZ002179,-0.003183263690728452,EXP_DEnsembleModel_Alpha158_csi300_custom_step0_s_20260911_16,9aaff0ddaf834c63b809193ee2f5241d,0.098,,,
3526,2026-09-11,SZ002202,0.0026536026082213124,EXP_DEnsembleModel_Alpha158_csi300_custom_step0_s_20260911_16,9aaff0ddaf834c63b809193ee2f5241d,0.098,,,
3527,2026-09-11,SZ002230,-0.017735299304566705,EXP_DEnsembleModel_Alpha158_csi300_custom_step0_s_20260911_16,9aaff0ddaf834c63b809193ee2f5241d,0.098,,,
3528,2026-09-11,SZ002236,0.023059137525894054,EXP_DEnsembleModel_Alpha158_csi300_custom_step0_s_20260911_16,9aaff0ddaf834c63b809193ee2f5241d,0.098,,,
3529,2026-09-11,SZ002241,-0.09654755476328071,EXP_DEnsembleModel_Alpha158_csi300_custom_step0_s_20260911_16,9aaff0ddaf834c63b809193ee2f5241d,0.098,,,
3530,2026-09-11,SZ002304,-0.038352882272187645,EXP_DEnsembleModel_Alpha158_csi300_custom_step0_s_20260911_16,9aaff0ddaf834c63b809193ee2f5241d,0.098,,,
3531,2026-09-11,SZ002311,0.05149013108156576,EXP_DEnsembleModel_Alpha158_csi300_custom_step0_s_20260911_16,9aaff0ddaf834c63b809193ee2f5241d,0.098,,,
3532,2026-09-11,SZ002352,0.08094955346656962,EXP_DEnsembleModel_Alpha158_csi300_custom_step0_s_20260911_16,9aaff0ddaf834c63b809193ee2f5241d,0.098,,,
3533,2026-09-11,SZ002600,-0.029857118885725304,EXP_DEnsembleModel_Alpha158_csi300_custom_step0_s_20260911_16,9aaff0ddaf834c63b809193ee2f5241d,0.098,,,
3534,2026-09-11,SZ002594,0.009927698452430729,EXP_DEnsembleModel_Alpha158_csi300_custom_step0_s_20260911_16,9aaff0ddaf834c63b809193ee2f5241d,0.098,,,
3535,2026-09-11,SZ002558,-0.0700709929613448,EXP_DEnsembleModel_Alpha158_csi300_custom_step0_s_20260911_16,9aaff0ddaf834c63b809193ee2f5241d,0.098,,,
3536,2026-09-11,SZ002532,-0.12674639316022038,EXP_DEnsembleModel_Alpha158_csi300_custom_step0_s_20260911_16,9aaff0ddaf834c63b809193ee2f5241d,0.098,,,
3537,2026-09-11,SZ002493,-0.042703765549469766,EXP_DEnsembleModel_Alpha158_csi300_custom_step0_s_20260911_16,9aaff0ddaf834c63b809193ee2f5241d,0.098,,,
3538,2026-09-11,SZ002475,-0.061304131331143,EXP_DEnsembleModel_Alpha158_csi300_custom_step0_s_20260911_16,9aaff0ddaf834c63b809193ee2f5241d,0.098,,,
3539,2026-09-11,SZ001391,-0.006612439062608308,EXP_DEnsembleModel_Alpha158_csi300_custom_step0_s_20260911_16,9aaff0ddaf834c63b809193ee2f5241d,0.098,,,
3540,2026-09-11,SZ002466,0.06209165333516369,EXP_DEnsembleModel_Alpha158_csi300_custom_step0_s_20260911_16,9aaff0ddaf834c63b809193ee2f5241d,0.098,,,
3541,2026-09-11,SZ002460,-0.021411304994167882,EXP_DEnsembleModel_Alpha158_csi300_custom_step0_s_20260911_16,9aaff0ddaf834c63b809193ee2f5241d,0.098,,,
3542,2026-09-11,SZ002422,0.05909619040333942,EXP_DEnsembleModel_Alpha158_csi300_custom_step0_s_20260911_16,9aaff0ddaf834c63b809193ee2f5241d,0.098,,,
3543,2026-09-11,SZ002415,0.02728010615153951,EXP_DEnsembleModel_Alpha158_csi300_custom_step0_s_20260911_16,9aaff0ddaf834c63b809193ee2f5241d,0.098,,,
3544,2026-09-11,SZ002384,-0.04809756662834705,EXP_DEnsembleModel_Alpha158_csi300_custom_step0_s_20260911_16,9aaff0ddaf834c63b809193ee2f5241d,0.098,,,
3545,2026-09-11,SZ002371,-0.0055525729423742485,EXP_DEnsembleModel_Alpha158_csi300_custom_step0_s_20260911_16,9aaff0ddaf834c63b809193ee2f5241d,0.098,,,
3546,2026-09-11,SZ002353,0.10593366148377407,EXP_DEnsembleModel_Alpha158_csi300_custom_step0_s_20260911_16,9aaff0ddaf834c63b809193ee2f5241d,0.098,,,
3547,2026-09-11,SZ002463,-0.18749629190847292,EXP_DEnsembleModel_Alpha158_csi300_custom_step0_s_20260911_16,9aaff0ddaf834c63b809193ee2f5241d,0.098,,,
3548,2026-09-11,SZ002602,0.053825941691391134,EXP_DEnsembleModel_Alpha158_csi300_custom_step0_s_20260911_16,9aaff0ddaf834c63b809193ee2f5241d,0.098,,,
3549,2026-09-11,SZ001280,-0.13300974572493673,EXP_DEnsembleModel_Alpha158_csi300_custom_step0_s_20260911_16,9aaff0ddaf834c63b809193ee2f5241d,0.098,,,
3550,2026-09-11,SZ000988,-0.013578241455648255,EXP_DEnsembleModel_Alpha158_csi300_custom_step0_s_20260911_16,9aaff0ddaf834c63b809193ee2f5241d,0.098,,,
3551,2026-09-11,SZ000001,0.060873060674057754,EXP_DEnsembleModel_Alpha158_csi300_custom_step0_s_20260911_16,9aaff0ddaf834c63b809193ee2f5241d,0.098,,,
3552,2026-09-11,SZ000002,-0.057600283440544055,EXP_DEnsembleModel_Alpha158_csi300_custom_step0_s_20260911_16,9aaff0ddaf834c63b809193ee2f5241d,0.098,,,
3553,2026-09-11,SZ000063,-0.04868858376993244,EXP_DEnsembleModel_Alpha158_csi300_custom_step0_s_20260911_16,9aaff0ddaf834c63b809193ee2f5241d,0.098,,,
3554,2026-09-11,SZ000100,-0.052512757403920855,EXP_DEnsembleModel_Alpha158_csi300_custom_step0_s_20260911_16,9aaff0ddaf834c63b809193ee2f5241d,0.098,,,
3555,2026-09-11,SZ000157,0.05456919754813694,EXP_DEnsembleModel_Alpha158_csi300_custom_step0_s_20260911_16,9aaff0ddaf834c63b809193ee2f5241d,0.098,,,
3556,2026-09-11,SZ000166,0.054198474795324296,EXP_DEnsembleModel_Alpha158_csi300_custom_step0_s_20260911_16,9aaff0ddaf834c63b809193ee2f5241d,0.098,,,
3557,2026-09-11,SZ000301,-0.028520135787453223,EXP_DEnsembleModel_Alpha158_csi300_custom_step0_s_20260911_16,9aaff0ddaf834c63b809193ee2f5241d,0.098,,,
3558,2026-09-11,SZ000333,0.07831353090117586,EXP_DEnsembleModel_Alpha158_csi300_custom_step0_s_20260911_16,9aaff0ddaf834c63b809193ee2f5241d,0.098,,,
3559,2026-09-11,SZ000338,-0.030273070954983116,EXP_DEnsembleModel_Alpha158_csi300_custom_step0_s_20260911_16,9aaff0ddaf834c63b809193ee2f5241d,0.098,,,
3560,2026-09-11,SZ000408,0.030824983408820925,EXP_DEnsembleModel_Alpha158_csi300_custom_step0_s_20260911_16,9aaff0ddaf834c63b809193ee2f5241d,0.098,,,
3561,2026-09-11,SZ000425,0.0074361167906483805,EXP_DEnsembleModel_Alpha158_csi300_custom_step0_s_20260911_16,9aaff0ddaf834c63b809193ee2f5241d,0.098,,,
3562,2026-09-11,SZ000538,0.10743603416187635,EXP_DEnsembleModel_Alpha158_csi300_custom_step0_s_20260911_16,9aaff0ddaf834c63b809193ee2f5241d,0.098,,,
3563,2026-09-11,SZ000568,-0.014914071924873087,EXP_DEnsembleModel_Alpha158_csi300_custom_step0_s_20260911_16,9aaff0ddaf834c63b809193ee2f5241d,0.098,,,
3564,2026-09-11,SZ000596,0.004755123605866528,EXP_DEnsembleModel_Alpha158_csi300_custom_step0_s_20260911_16,9aaff0ddaf834c63b809193ee2f5241d,0.098,,,
3565,2026-09-11,SZ000617,-0.04230878491921343,EXP_DEnsembleModel_Alpha158_csi300_custom_step0_s_20260911_16,9aaff0ddaf834c63b809193ee2f5241d,0.098,,,
3566,2026-09-11,SZ000625,0.011402132173883658,EXP_DEnsembleModel_Alpha158_csi300_custom_step0_s_20260911_16,9aaff0ddaf834c63b809193ee2f5241d,0.098,,,
3567,2026-09-11,SZ000630,-0.04724094965285463,EXP_DEnsembleModel_Alpha158_csi300_custom_step0_s_20260911_16,9aaff0ddaf834c63b809193ee2f5241d,0.098,,,
3568,2026-09-11,SZ000977,0.013905083928221089,EXP_DEnsembleModel_Alpha158_csi300_custom_step0_s_20260911_16,9aaff0ddaf834c63b809193ee2f5241d,0.098,,,
3569,2026-09-11,SZ000975,0.0763388339822571,EXP_DEnsembleModel_Alpha158_csi300_custom_step0_s_20260911_16,9aaff0ddaf834c63b809193ee2f5241d,0.098,,,
3570,2026-09-11,SZ000963,-0.012780377090611817,EXP_DEnsembleModel_Alpha158_csi300_custom_step0_s_20260911_16,9aaff0ddaf834c63b809193ee2f5241d,0.098,,,
3571,2026-09-11,SZ000938,0.042469460744720904,EXP_DEnsembleModel_Alpha158_csi300_custom_step0_s_20260911_16,9aaff0ddaf834c63b809193ee2f5241d,0.098,,,
3572,2026-09-11,SZ000895,0.11103194251059263,EXP_DEnsembleModel_Alpha158_csi300_custom_step0_s_20260911_16,9aaff0ddaf834c63b809193ee2f5241d,0.098,,,
3573,2026-09-11,SZ000858,-0.0013680358821533637,EXP_DEnsembleModel_Alpha158_csi300_custom_step0_s_20260911_16,9aaff0ddaf834c63b809193ee2f5241d,0.098,,,
3574,2026-09-11,SZ000999,0.06159939706460734,EXP_DEnsembleModel_Alpha158_csi300_custom_step0_s_20260911_16,9aaff0ddaf834c63b809193ee2f5241d,0.098,,,
3575,2026-09-11,SZ000807,-0.09396877448654077,EXP_DEnsembleModel_Alpha158_csi300_custom_step0_s_20260911_16,9aaff0ddaf834c63b809193ee2f5241d,0.098,,,
3576,2026-09-11,SZ000776,-0.06475807079083623,EXP_DEnsembleModel_Alpha158_csi300_custom_step0_s_20260911_16,9aaff0ddaf834c63b809193ee2f5241d,0.098,,,
3577,2026-09-11,SZ000768,-0.008025556715828636,EXP_DEnsembleModel_Alpha158_csi300_custom_step0_s_20260911_16,9aaff0ddaf834c63b809193ee2f5241d,0.098,,,
3578,2026-09-11,SZ000725,0.004889274353639179,EXP_DEnsembleModel_Alpha158_csi300_custom_step0_s_20260911_16,9aaff0ddaf834c63b809193ee2f5241d,0.098,,,
3579,2026-09-11,SZ000708,0.0833405536110767,EXP_DEnsembleModel_Alpha158_csi300_custom_step0_s_20260911_16,9aaff0ddaf834c63b809193ee2f5241d,0.098,,,
3580,2026-09-11,SZ000657,-0.004677236579654836,EXP_DEnsembleModel_Alpha158_csi300_custom_step0_s_20260911_16,9aaff0ddaf834c63b809193ee2f5241d,0.098,,,
3581,2026-09-11,SZ000651,0.09473574543799346,EXP_DEnsembleModel_Alpha158_csi300_custom_step0_s_20260911_16,9aaff0ddaf834c63b809193ee2f5241d,0.098,,,
3582,2026-09-11,SZ000792,-0.012971084041837581,EXP_DEnsembleModel_Alpha158_csi300_custom_step0_s_20260911_16,9aaff0ddaf834c63b809193ee2f5241d,0.098,,,
3583,2026-09-11,SZ002625,-0.005424404105160917,EXP_DEnsembleModel_Alpha158_csi300_custom_step0_s_20260911_16,9aaff0ddaf834c63b809193ee2f5241d,0.098,,,
3584,2026-09-11,SZ002648,-0.050267220030475804,EXP_DEnsembleModel_Alpha158_csi300_custom_step0_s_20260911_16,9aaff0ddaf834c63b809193ee2f5241d,0.098,,,
3585,2026-09-11,SZ002709,0.013135147899079009,EXP_DEnsembleModel_Alpha158_csi300_custom_step0_s_20260911_16,9aaff0ddaf834c63b809193ee2f5241d,0.098,,,
3586,2026-09-11,SZ301165,0.07060444813949197,EXP_DEnsembleModel_Alpha158_csi300_custom_step0_s_20260911_16,9aaff0ddaf834c63b809193ee2f5241d,0.098,,,
3587,2026-09-11,SZ301236,-0.0797574251914687,EXP_DEnsembleModel_Alpha158_csi300_custom_step0_s_20260911_16,9aaff0ddaf834c63b809193ee2f5241d,0.098,,,
3588,2026-09-11,SZ301269,-0.05987576444833711,EXP_DEnsembleModel_Alpha158_csi300_custom_step0_s_20260911_16,9aaff0ddaf834c63b809193ee2f5241d,0.098,,,
3589,2026-09-11,SZ301308,0.080049056122611,EXP_DEnsembleModel_Alpha158_csi300_custom_step0_s_20260911_16,9aaff0ddaf834c63b809193ee2f5241d,0.098,,,
3590,2026-09-11,SZ302132,-0.041190354031154314,EXP_DEnsembleModel_Alpha158_csi300_custom_step0_s_20260911_16,9aaff0ddaf834c63b809193ee2f5241d,0.098,,,
3591,2026-09-11,SH600000,0.028990640798609888,EXP_DEnsembleModel_Alpha158_csi300_custom_step0_s_20260911_16,2198b0213c7b418395e348f6f2f9434d,0.103,,,
3592,2026-09-11,SH600009,0.063673477987905,EXP_DEnsembleModel_Alpha158_csi300_custom_step0_s_20260911_16,2198b0213c7b418395e348f6f2f9434d,0.103,,,
3593,2026-09-11,SH600010,0.019855629074190577,EXP_DEnsembleModel_Alpha158_csi300_custom_step0_s_20260911_16,2198b0213c7b418395e348f6f2f9434d,0.103,,,
3594,2026-09-11,SH600011,0.0022722877475277264,EXP_DEnsembleModel_Alpha158_csi300_custom_step0_s_20260911_16,2198b0213c7b418395e348f6f2f9434d,0.103,,,
3595,2026-09-11,SH600015,0.09475420666369037,EXP_DEnsembleModel_Alpha158_csi300_custom_step0_s_20260911_16,2198b0213c7b418395e348f6f2f9434d,0.103,,,
3596,2026-09-11,SH600016,0.14970854291816466,EXP_DEnsembleModel_Alpha158_csi300_custom_step0_s_20260911_16,2198b0213c7b418395e348f6f2f9434d,0.103,,,
3597,2026-09-11,SH600018,0.06948155017964437,EXP_DEnsembleModel_Alpha158_csi300_custom_step0_s_20260911_16,2198b0213c7b418395e348f6f2f9434d,0.103,,,
3598,2026-09-11,SH600019,0.07075057957422178,EXP_DEnsembleModel_Alpha158_csi300_custom_step0_s_20260911_16,2198b0213c7b418395e348f6f2f9434d,0.103,,,
3599,2026-09-11,SH600023,0.07179049974104351,EXP_DEnsembleModel_Alpha158_csi300_custom_step0_s_20260911_16,2198b0213c7b418395e348f6f2f9434d,0.103,,,
3600,2026-09-11,SH600025,0.07479708761313991,EXP_DEnsembleModel_Alpha158_csi300_custom_step0_s_20260911_16,2198b0213c7b418395e348f6f2f9434d,0.103,,,
3601,2026-09-11,SH600026,-0.09908918743128349,EXP_DEnsembleModel_Alpha158_csi300_custom_step0_s_20260911_16,2198b0213c7b418395e348f6f2f9434d,0.103,,,
3602,2026-09-11,SH600027,0.01106030520512288,EXP_DEnsembleModel_Alpha158_csi300_custom_step0_s_20260911_16,2198b0213c7b418395e348f6f2f9434d,0.103,,,
3603,2026-09-11,SH600111,-0.0394064695607262,EXP_DEnsembleModel_Alpha158_csi300_custom_step0_s_20260911_16,2198b0213c7b418395e348f6f2f9434d,0.103,,,
3604,2026-09-11,SH600104,0.061150172168816644,EXP_DEnsembleModel_Alpha158_csi300_custom_step0_s_20260911_16,2198b0213c7b418395e348f6f2f9434d,0.103,,,
3605,2026-09-11,SH600089,0.03429514590883386,EXP_DEnsembleModel_Alpha158_csi300_custom_step0_s_20260911_16,2198b0213c7b418395e348f6f2f9434d,0.103,,,
3606,2026-09-11,SH600085,0.09151378096024722,EXP_DEnsembleModel_Alpha158_csi300_custom_step0_s_20260911_16,2198b0213c7b418395e348f6f2f9434d,0.103,,,
3607,2026-09-11,SH600066,-0.06190977500785528,EXP_DEnsembleModel_Alpha158_csi300_custom_step0_s_20260911_16,2198b0213c7b418395e348f6f2f9434d,0.103,,,
3608,2026-09-11,SH600061,0.016654129333922112,EXP_DEnsembleModel_Alpha158_csi300_custom_step0_s_20260911_16,2198b0213c7b418395e348f6f2f9434d,0.103,,,
3609,2026-09-11,SZ300999,-0.030718623516220334,EXP_DEnsembleModel_Alpha158_csi300_custom_step0_s_20260911_16,9aaff0ddaf834c63b809193ee2f5241d,0.098,,,
3610,2026-09-11,SH600050,0.047351618898963915,EXP_DEnsembleModel_Alpha158_csi300_custom_step0_s_20260911_16,2198b0213c7b418395e348f6f2f9434d,0.103,,,
3611,2026-09-11,SH600039,0.06044649625288106,EXP_DEnsembleModel_Alpha158_csi300_custom_step0_s_20260911_16,2198b0213c7b418395e348f6f2f9434d,0.103,,,
3612,2026-09-11,SH600036,0.07525448438013194,EXP_DEnsembleModel_Alpha158_csi300_custom_step0_s_20260911_16,2198b0213c7b418395e348f6f2f9434d,0.103,,,
3613,2026-09-11,SH600031,0.04973053722265163,EXP_DEnsembleModel_Alpha158_csi300_custom_step0_s_20260911_16,2198b0213c7b418395e348f6f2f9434d,0.103,,,
3614,2026-09-11,SH600030,0.049898640894809755,EXP_DEnsembleModel_Alpha158_csi300_custom_step0_s_20260911_16,2198b0213c7b418395e348f6f2f9434d,0.103,,,
3615,2026-09-11,SH600029,0.06203373707213044,EXP_DEnsembleModel_Alpha158_csi300_custom_step0_s_20260911_16,2198b0213c7b418395e348f6f2f9434d,0.103,,,
3616,2026-09-11,SH600028,0.020148948403988277,EXP_DEnsembleModel_Alpha158_csi300_custom_step0_s_20260911_16,2198b0213c7b418395e348f6f2f9434d,0.103,,,
3617,2026-09-11,SH600048,-0.01865264272285985,EXP_DEnsembleModel_Alpha158_csi300_custom_step0_s_20260911_16,2198b0213c7b418395e348f6f2f9434d,0.103,,,
3618,2026-09-11,SZ300896,-0.13152993664054516,EXP_DEnsembleModel_Alpha158_csi300_custom_step0_s_20260911_16,9aaff0ddaf834c63b809193ee2f5241d,0.098,,,
3619,2026-09-11,SZ300866,-0.008948397612202959,EXP_DEnsembleModel_Alpha158_csi300_custom_step0_s_20260911_16,9aaff0ddaf834c63b809193ee2f5241d,0.098,,,
3620,2026-09-11,SZ300832,0.09931724314473399,EXP_DEnsembleModel_Alpha158_csi300_custom_step0_s_20260911_16,9aaff0ddaf834c63b809193ee2f5241d,0.098,,,
3621,2026-09-11,SZ300251,-0.04027540312604018,EXP_DEnsembleModel_Alpha158_csi300_custom_step0_s_20260911_16,9aaff0ddaf834c63b809193ee2f5241d,0.098,,,
3622,2026-09-11,SZ300124,-0.07370355608487994,EXP_DEnsembleModel_Alpha158_csi300_custom_step0_s_20260911_16,9aaff0ddaf834c63b809193ee2f5241d,0.098,,,
3623,2026-09-11,SZ300122,0.010288020941718767,EXP_DEnsembleModel_Alpha158_csi300_custom_step0_s_20260911_16,9aaff0ddaf834c63b809193ee2f5241d,0.098,,,
3624,2026-09-11,SZ300059,-0.05727676781400538,EXP_DEnsembleModel_Alpha158_csi300_custom_step0_s_20260911_16,9aaff0ddaf834c63b809193ee2f5241d,0.098,,,
3625,2026-09-11,SZ300033,-0.16843220531291184,EXP_DEnsembleModel_Alpha158_csi300_custom_step0_s_20260911_16,9aaff0ddaf834c63b809193ee2f5241d,0.098,,,
3626,2026-09-11,SZ300015,0.0215257300331932,EXP_DEnsembleModel_Alpha158_csi300_custom_step0_s_20260911_16,9aaff0ddaf834c63b809193ee2f5241d,0.098,,,
3627,2026-09-11,SZ300274,0.11045208502553082,EXP_DEnsembleModel_Alpha158_csi300_custom_step0_s_20260911_16,9aaff0ddaf834c63b809193ee2f5241d,0.098,,,
3628,2026-09-11,SZ300014,0.053467375451603405,EXP_DEnsembleModel_Alpha158_csi300_custom_step0_s_20260911_16,9aaff0ddaf834c63b809193ee2f5241d,0.098,,,
3629,2026-09-11,SZ002938,-0.1700226874505211,EXP_DEnsembleModel_Alpha158_csi300_custom_step0_s_20260911_16,9aaff0ddaf834c63b809193ee2f5241d,0.098,,,
3630,2026-09-11,SZ002920,-0.0847241767797271,EXP_DEnsembleModel_Alpha158_csi300_custom_step0_s_20260911_16,9aaff0ddaf834c63b809193ee2f5241d,0.098,,,
3631,2026-09-11,SZ002916,-0.18005494795109805,EXP_DEnsembleModel_Alpha158_csi300_custom_step0_s_20260911_16,9aaff0ddaf834c63b809193ee2f5241d,0.098,,,
3632,2026-09-11,SZ002837,0.0051196367452143975,EXP_DEnsembleModel_Alpha158_csi300_custom_step0_s_20260911_16,9aaff0ddaf834c63b809193ee2f5241d,0.098,,,
3633,2026-09-11,SZ002736,0.034117470676896085,EXP_DEnsembleModel_Alpha158_csi300_custom_step0_s_20260911_16,9aaff0ddaf834c63b809193ee2f5241d,0.098,,,
3634,2026-09-11,SZ002714,0.015112076317602958,EXP_DEnsembleModel_Alpha158_csi300_custom_step0_s_20260911_16,9aaff0ddaf834c63b809193ee2f5241d,0.098,,,
3635,2026-09-11,SZ003816,0.05631689481925287,EXP_DEnsembleModel_Alpha158_csi300_custom_step0_s_20260911_16,9aaff0ddaf834c63b809193ee2f5241d,0.098,,,
3636,2026-09-11,SH603993,-0.06501526536346776,EXP_DEnsembleModel_Alpha158_csi300_custom_step0_s_20260911_16,2198b0213c7b418395e348f6f2f9434d,0.103,,,
3637,2026-09-11,SZ300308,-0.035714811104978816,EXP_DEnsembleModel_Alpha158_csi300_custom_step0_s_20260911_16,9aaff0ddaf834c63b809193ee2f5241d,0.098,,,
3638,2026-09-11,SZ300394,-0.13236345911949499,EXP_DEnsembleModel_Alpha158_csi300_custom_step0_s_20260911_16,9aaff0ddaf834c63b809193ee2f5241d,0.098,,,
3639,2026-09-11,SZ300803,-0.17197829194370257,EXP_DEnsembleModel_Alpha158_csi300_custom_step0_s_20260911_16,9aaff0ddaf834c63b809193ee2f5241d,0.098,,,
3640,2026-09-11,SZ300760,0.09598236567249777,EXP_DEnsembleModel_Alpha158_csi300_custom_step0_s_20260911_16,9aaff0ddaf834c63b809193ee2f5241d,0.098,,,
3641,2026-09-11,SZ300750,0.015969066510752066,EXP_DEnsembleModel_Alpha158_csi300_custom_step0_s_20260911_16,9aaff0ddaf834c63b809193ee2f5241d,0.098,,,
3642,2026-09-11,SZ300661,-0.1123211623911609,EXP_DEnsembleModel_Alpha158_csi300_custom_step0_s_20260911_16,9aaff0ddaf834c63b809193ee2f5241d,0.098,,,
3643,2026-09-11,SZ300628,-0.0015449769093705496,EXP_DEnsembleModel_Alpha158_csi300_custom_step0_s_20260911_16,9aaff0ddaf834c63b809193ee2f5241d,0.098,,,
3644,2026-09-11,SZ300502,-0.012929395472057374,EXP_DEnsembleModel_Alpha158_csi300_custom_step0_s_20260911_16,9aaff0ddaf834c63b809193ee2f5241d,0.098,,,
3645,2026-09-11,SZ300316,-0.010542790159882406,EXP_DEnsembleModel_Alpha158_csi300_custom_step0_s_20260911_16,9aaff0ddaf834c63b809193ee2f5241d,0.098,,,
3646,2026-09-11,SZ300498,0.057139635460743056,EXP_DEnsembleModel_Alpha158_csi300_custom_step0_s_20260911_16,9aaff0ddaf834c63b809193ee2f5241d,0.098,,,
3647,2026-09-11,SZ300450,0.020134663154053586,EXP_DEnsembleModel_Alpha158_csi300_custom_step0_s_20260911_16,9aaff0ddaf834c63b809193ee2f5241d,0.098,,,
3648,2026-09-11,SZ300442,0.021615339734687457,EXP_DEnsembleModel_Alpha158_csi300_custom_step0_s_20260911_16,9aaff0ddaf834c63b809193ee2f5241d,0.098,,,
3649,2026-09-11,SZ300433,-0.035950526211360335,EXP_DEnsembleModel_Alpha158_csi300_custom_step0_s_20260911_16,9aaff0ddaf834c63b809193ee2f5241d,0.098,,,
3650,2026-09-11,SZ300418,-0.08321823576715486,EXP_DEnsembleModel_Alpha158_csi300_custom_step0_s_20260911_16,9aaff0ddaf834c63b809193ee2f5241d,0.098,,,
3651,2026-09-11,SZ300413,0.21666772494507852,EXP_DEnsembleModel_Alpha158_csi300_custom_step0_s_20260911_16,9aaff0ddaf834c63b809193ee2f5241d,0.098,,,
3652,2026-09-11,SZ300408,-0.0483869931939592,EXP_DEnsembleModel_Alpha158_csi300_custom_step0_s_20260911_16,9aaff0ddaf834c63b809193ee2f5241d,0.098,,,
3653,2026-09-11,SZ300476,0.05094871649234849,EXP_DEnsembleModel_Alpha158_csi300_custom_step0_s_20260911_16,9aaff0ddaf834c63b809193ee2f5241d,0.098,,,
3654,2026-09-11,SH605117,-0.13626910867505768,EXP_DEnsembleModel_Alpha158_csi300_custom_step0_s_20260911_16,2198b0213c7b418395e348f6f2f9434d,0.103,,,
3655,2026-09-11,SH605499,-0.1462091214378791,EXP_DEnsembleModel_Alpha158_csi300_custom_step0_s_20260911_16,2198b0213c7b418395e348f6f2f9434d,0.103,,,
3656,2026-09-11,SH688008,0.013740531576349127,EXP_DEnsembleModel_Alpha158_csi300_custom_step0_s_20260911_16,2198b0213c7b418395e348f6f2f9434d,0.103,,,
3657,2026-09-11,SH600438,-0.17166172944931524,EXP_DEnsembleModel_Alpha158_csi300_custom_step0_s_20260911_16,450ed30494444ad98855dac200611002,0.042,,,
3658,2026-09-11,SH600460,-0.030769852934197043,EXP_DEnsembleModel_Alpha158_csi300_custom_step0_s_20260911_16,450ed30494444ad98855dac200611002,0.042,,,
3659,2026-09-11,SH600482,-0.06711941044504405,EXP_DEnsembleModel_Alpha158_csi300_custom_step0_s_20260911_16,450ed30494444ad98855dac200611002,0.042,,,
3660,2026-09-11,SH600489,0.08216959748347095,EXP_DEnsembleModel_Alpha158_csi300_custom_step0_s_20260911_16,450ed30494444ad98855dac200611002,0.042,,,
3661,2026-09-11,SH600515,0.0012775103253570544,EXP_DEnsembleModel_Alpha158_csi300_custom_step0_s_20260911_16,450ed30494444ad98855dac200611002,0.042,,,
3662,2026-09-11,SH600519,0.04227023239040271,EXP_DEnsembleModel_Alpha158_csi300_custom_step0_s_20260911_16,450ed30494444ad98855dac200611002,0.042,,,
3663,2026-09-11,SH600522,0.0062820654625843925,EXP_DEnsembleModel_Alpha158_csi300_custom_step0_s_20260911_16,450ed30494444ad98855dac200611002,0.042,,,
3664,2026-09-11,SH600547,0.10394414036508443,EXP_DEnsembleModel_Alpha158_csi300_custom_step0_s_20260911_16,450ed30494444ad98855dac200611002,0.042,,,
3665,2026-09-11,SH600549,-0.01665127299174216,EXP_DEnsembleModel_Alpha158_csi300_custom_step0_s_20260911_16,450ed30494444ad98855dac200611002,0.042,,,
3666,2026-09-11,SH600570,-0.15184887165356,EXP_DEnsembleModel_Alpha158_csi300_custom_step0_s_20260911_16,450ed30494444ad98855dac200611002,0.042,,,
3667,2026-09-11,SH600584,0.06486222712759662,EXP_DEnsembleModel_Alpha158_csi300_custom_step0_s_20260911_16,450ed30494444ad98855dac200611002,0.042,,,
3668,2026-09-11,SH600585,-0.017775261229268924,EXP_DEnsembleModel_Alpha158_csi300_custom_step0_s_20260911_16,450ed30494444ad98855dac200611002,0.042,,,
3669,2026-09-11,SH600588,0.05484207878785915,EXP_DEnsembleModel_Alpha158_csi300_custom_step0_s_20260911_16,450ed30494444ad98855dac200611002,0.042,,,
3670,2026-09-11,SH600600,0.03075406777831592,EXP_DEnsembleModel_Alpha158_csi300_custom_step0_s_20260911_16,450ed30494444ad98855dac200611002,0.042,,,
3671,2026-09-11,SH600660,-0.05577006750697999,EXP_DEnsembleModel_Alpha158_csi300_custom_step0_s_20260911_16,450ed30494444ad98855dac200611002,0.042,,,
3672,2026-09-11,SH600674,0.11029448300285541,EXP_DEnsembleModel_Alpha158_csi300_custom_step0_s_20260911_16,450ed30494444ad98855dac200611002,0.042,,,
3673,2026-09-11,SH600690,0.043396496841310084,EXP_DEnsembleModel_Alpha158_csi300_custom_step0_s_20260911_16,450ed30494444ad98855dac200611002,0.042,,,
3674,2026-09-11,SH600919,0.10294606059566215,EXP_DEnsembleModel_Alpha158_csi300_custom_step0_s_20260911_16,450ed30494444ad98855dac200611002,0.042,,,
3675,2026-09-11,SH600918,-0.05890964874325489,EXP_DEnsembleModel_Alpha158_csi300_custom_step0_s_20260911_16,450ed30494444ad98855dac200611002,0.042,,,
3676,2026-09-11,SH600905,0.001526105459511516,EXP_DEnsembleModel_Alpha158_csi300_custom_step0_s_20260911_16,450ed30494444ad98855dac200611002,0.042,,,
3677,2026-09-11,SH600900,0.14252310943336613,EXP_DEnsembleModel_Alpha158_csi300_custom_step0_s_20260911_16,450ed30494444ad98855dac200611002,0.042,,,
3678,2026-09-11,SH600893,-0.019281464225971153,EXP_DEnsembleModel_Alpha158_csi300_custom_step0_s_20260911_16,450ed30494444ad98855dac200611002,0.042,,,
3679,2026-09-11,SH600887,0.11671781903497787,EXP_DEnsembleModel_Alpha158_csi300_custom_step0_s_20260911_16,450ed30494444ad98855dac200611002,0.042,,,
3680,2026-09-11,SH600436,0.01596491701547302,EXP_DEnsembleModel_Alpha158_csi300_custom_step0_s_20260911_16,450ed30494444ad98855dac200611002,0.042,,,
3681,2026-09-11,SH600886,0.06972953889983777,EXP_DEnsembleModel_Alpha158_csi300_custom_step0_s_20260911_16,450ed30494444ad98855dac200611002,0.042,,,
3682,2026-09-11,SH600845,-0.049860113784115076,EXP_DEnsembleModel_Alpha158_csi300_custom_step0_s_20260911_16,450ed30494444ad98855dac200611002,0.042,,,
3683,2026-09-11,SH600809,-0.10026946907031643,EXP_DEnsembleModel_Alpha158_csi300_custom_step0_s_20260911_16,450ed30494444ad98855dac200611002,0.042,,,
3684,2026-09-11,SH600803,0.11999409441382661,EXP_DEnsembleModel_Alpha158_csi300_custom_step0_s_20260911_16,450ed30494444ad98855dac200611002,0.042,,,
3685,2026-09-11,SH600795,0.021994098058216983,EXP_DEnsembleModel_Alpha158_csi300_custom_step0_s_20260911_16,450ed30494444ad98855dac200611002,0.042,,,
3686,2026-09-11,SH600760,0.07870520746993995,EXP_DEnsembleModel_Alpha158_csi300_custom_step0_s_20260911_16,450ed30494444ad98855dac200611002,0.042,,,
3687,2026-09-11,SH600741,-0.0022865619428683853,EXP_DEnsembleModel_Alpha158_csi300_custom_step0_s_20260911_16,450ed30494444ad98855dac200611002,0.042,,,
3688,2026-09-11,SH600875,-0.08975831736985289,EXP_DEnsembleModel_Alpha158_csi300_custom_step0_s_20260911_16,450ed30494444ad98855dac200611002,0.042,,,
3689,2026-09-11,SH600926,0.1213615653315628,EXP_DEnsembleModel_Alpha158_csi300_custom_step0_s_20260911_16,450ed30494444ad98855dac200611002,0.042,,,
3690,2026-09-11,SH600426,-0.0864846436026783,EXP_DEnsembleModel_Alpha158_csi300_custom_step0_s_20260911_16,450ed30494444ad98855dac200611002,0.042,,,
3691,2026-09-11,SH600406,-0.015079051152098977,EXP_DEnsembleModel_Alpha158_csi300_custom_step0_s_20260911_16,450ed30494444ad98855dac200611002,0.042,,,
3692,2026-09-11,SH600027,0.003649354072534233,EXP_DEnsembleModel_Alpha158_csi300_custom_step0_s_20260911_16,450ed30494444ad98855dac200611002,0.042,,,
3693,2026-09-11,SH600028,0.061526137558647886,EXP_DEnsembleModel_Alpha158_csi300_custom_step0_s_20260911_16,450ed30494444ad98855dac200611002,0.042,,,
3694,2026-09-11,SH600029,0.01543721575626246,EXP_DEnsembleModel_Alpha158_csi300_custom_step0_s_20260911_16,450ed30494444ad98855dac200611002,0.042,,,
3695,2026-09-11,SH600030,-0.01659638857746466,EXP_DEnsembleModel_Alpha158_csi300_custom_step0_s_20260911_16,450ed30494444ad98855dac200611002,0.042,,,
3696,2026-09-11,SH600031,0.03808368443695933,EXP_DEnsembleModel_Alpha158_csi300_custom_step0_s_20260911_16,450ed30494444ad98855dac200611002,0.042,,,
3697,2026-09-11,SH600036,0.06232502672580221,EXP_DEnsembleModel_Alpha158_csi300_custom_step0_s_20260911_16,450ed30494444ad98855dac200611002,0.042,,,
3698,2026-09-11,SH600039,0.016327499905692367,EXP_DEnsembleModel_Alpha158_csi300_custom_step0_s_20260911_16,450ed30494444ad98855dac200611002,0.042,,,
3699,2026-09-11,SH600048,-0.056970330126155294,EXP_DEnsembleModel_Alpha158_csi300_custom_step0_s_20260911_16,450ed30494444ad98855dac200611002,0.042,,,
3700,2026-09-11,SH600050,0.054763038444784716,EXP_DEnsembleModel_Alpha158_csi300_custom_step0_s_20260911_16,450ed30494444ad98855dac200611002,0.042,,,
3701,2026-09-11,SH600061,0.018676337705899004,EXP_DEnsembleModel_Alpha158_csi300_custom_step0_s_20260911_16,450ed30494444ad98855dac200611002,0.042,,,
3702,2026-09-11,SH600066,-0.07727737559506624,EXP_DEnsembleModel_Alpha158_csi300_custom_step0_s_20260911_16,450ed30494444ad98855dac200611002,0.042,,,
3703,2026-09-11,SH600085,0.007389490289189708,EXP_DEnsembleModel_Alpha158_csi300_custom_step0_s_20260911_16,450ed30494444ad98855dac200611002,0.042,,,
3704,2026-09-11,SH600089,-0.025401953270377566,EXP_DEnsembleModel_Alpha158_csi300_custom_step0_s_20260911_16,450ed30494444ad98855dac200611002,0.042,,,
3705,2026-09-11,SH600104,0.1413252452779968,EXP_DEnsembleModel_Alpha158_csi300_custom_step0_s_20260911_16,450ed30494444ad98855dac200611002,0.042,,,
3706,2026-09-11,SH600111,-0.07524238865741774,EXP_DEnsembleModel_Alpha158_csi300_custom_step0_s_20260911_16,450ed30494444ad98855dac200611002,0.042,,,
3707,2026-09-11,SH600115,0.011015750256557036,EXP_DEnsembleModel_Alpha158_csi300_custom_step0_s_20260911_16,450ed30494444ad98855dac200611002,0.042,,,
3708,2026-09-11,SH600118,0.0849302224962545,EXP_DEnsembleModel_Alpha158_csi300_custom_step0_s_20260911_16,450ed30494444ad98855dac200611002,0.042,,,
3709,2026-09-11,SH600372,0.006278467622617848,EXP_DEnsembleModel_Alpha158_csi300_custom_step0_s_20260911_16,450ed30494444ad98855dac200611002,0.042,,,
3710,2026-09-11,SH600362,-0.006554392465503815,EXP_DEnsembleModel_Alpha158_csi300_custom_step0_s_20260911_16,450ed30494444ad98855dac200611002,0.042,,,
3711,2026-09-11,SH600346,-0.14321410489231598,EXP_DEnsembleModel_Alpha158_csi300_custom_step0_s_20260911_16,450ed30494444ad98855dac200611002,0.042,,,
3712,2026-09-11,SH600309,0.05881405852540448,EXP_DEnsembleModel_Alpha158_csi300_custom_step0_s_20260911_16,450ed30494444ad98855dac200611002,0.042,,,
3713,2026-09-11,SH600276,0.11229473604452907,EXP_DEnsembleModel_Alpha158_csi300_custom_step0_s_20260911_16,450ed30494444ad98855dac200611002,0.042,,,
3714,2026-09-11,SH600233,-0.1748754980028928,EXP_DEnsembleModel_Alpha158_csi300_custom_step0_s_20260911_16,450ed30494444ad98855dac200611002,0.042,,,
3715,2026-09-11,SH600415,-0.09529372191460288,EXP_DEnsembleModel_Alpha158_csi300_custom_step0_s_20260911_16,450ed30494444ad98855dac200611002,0.042,,,
3716,2026-09-11,SH600221,0.025121955292699293,EXP_DEnsembleModel_Alpha158_csi300_custom_step0_s_20260911_16,450ed30494444ad98855dac200611002,0.042,,,
3717,2026-09-11,SH600196,-0.16595363770897553,EXP_DEnsembleModel_Alpha158_csi300_custom_step0_s_20260911_16,450ed30494444ad98855dac200611002,0.042,,,
3718,2026-09-11,SH600188,-0.04148069450832623,EXP_DEnsembleModel_Alpha158_csi300_custom_step0_s_20260911_16,450ed30494444ad98855dac200611002,0.042,,,
3719,2026-09-11,SH600183,-0.015585750334733013,EXP_DEnsembleModel_Alpha158_csi300_custom_step0_s_20260911_16,450ed30494444ad98855dac200611002,0.042,,,
3720,2026-09-11,SH600176,0.015839847550806384,EXP_DEnsembleModel_Alpha158_csi300_custom_step0_s_20260911_16,450ed30494444ad98855dac200611002,0.042,,,
3721,2026-09-11,SH600160,-0.0926585418214049,EXP_DEnsembleModel_Alpha158_csi300_custom_step0_s_20260911_16,450ed30494444ad98855dac200611002,0.042,,,
3722,2026-09-11,SH600150,0.1009214878895941,EXP_DEnsembleModel_Alpha158_csi300_custom_step0_s_20260911_16,450ed30494444ad98855dac200611002,0.042,,,
3723,2026-09-11,SH600219,-0.0024244783035551787,EXP_DEnsembleModel_Alpha158_csi300_custom_step0_s_20260911_16,450ed30494444ad98855dac200611002,0.042,,,
3724,2026-09-11,SH600930,0.01665061159065885,EXP_DEnsembleModel_Alpha158_csi300_custom_step0_s_20260911_16,450ed30494444ad98855dac200611002,0.042,,,
3725,2026-09-11,SH600938,0.11768648070192918,EXP_DEnsembleModel_Alpha158_csi300_custom_step0_s_20260911_16,450ed30494444ad98855dac200611002,0.042,,,
3726,2026-09-11,SH600941,0.1044714717964464,EXP_DEnsembleModel_Alpha158_csi300_custom_step0_s_20260911_16,450ed30494444ad98855dac200611002,0.042,,,
3727,2026-09-11,SH601600,-0.08095444205820769,EXP_DEnsembleModel_Alpha158_csi300_custom_step0_s_20260911_16,450ed30494444ad98855dac200611002,0.042,,,
3728,2026-09-11,SH601601,-0.020653090200204425,EXP_DEnsembleModel_Alpha158_csi300_custom_step0_s_20260911_16,450ed30494444ad98855dac200611002,0.042,,,
3729,2026-09-11,SH601607,0.10087214368672542,EXP_DEnsembleModel_Alpha158_csi300_custom_step0_s_20260911_16,450ed30494444ad98855dac200611002,0.042,,,
3730,2026-09-11,SH601618,0.02766589414125755,EXP_DEnsembleModel_Alpha158_csi300_custom_step0_s_20260911_16,450ed30494444ad98855dac200611002,0.042,,,
3731,2026-09-11,SH601628,0.05337206455065993,EXP_DEnsembleModel_Alpha158_csi300_custom_step0_s_20260911_16,450ed30494444ad98855dac200611002,0.042,,,
3732,2026-09-11,SH601633,-0.0052896664720927635,EXP_DEnsembleModel_Alpha158_csi300_custom_step0_s_20260911_16,450ed30494444ad98855dac200611002,0.042,,,
3733,2026-09-11,SH601658,0.035572389671099484,EXP_DEnsembleModel_Alpha158_csi300_custom_step0_s_20260911_16,450ed30494444ad98855dac200611002,0.042,,,
3734,2026-09-11,SH601668,0.04342652653784103,EXP_DEnsembleModel_Alpha158_csi300_custom_step0_s_20260911_16,450ed30494444ad98855dac200611002,0.042,,,
3735,2026-09-11,SH601669,0.02042125350504603,EXP_DEnsembleModel_Alpha158_csi300_custom_step0_s_20260911_16,450ed30494444ad98855dac200611002,0.042,,,
3736,2026-09-11,SH601688,0.013512047484162652,EXP_DEnsembleModel_Alpha158_csi300_custom_step0_s_20260911_16,450ed30494444ad98855dac200611002,0.042,,,
3737,2026-09-11,SH601689,-0.13632416928960475,EXP_DEnsembleModel_Alpha158_csi300_custom_step0_s_20260911_16,450ed30494444ad98855dac200611002,0.042,,,
3738,2026-09-11,SH601698,0.010984703104559417,EXP_DEnsembleModel_Alpha158_csi300_custom_step0_s_20260911_16,450ed30494444ad98855dac200611002,0.042,,,
3739,2026-09-11,SH601727,0.03172538323374255,EXP_DEnsembleModel_Alpha158_csi300_custom_step0_s_20260911_16,450ed30494444ad98855dac200611002,0.042,,,
3740,2026-09-11,SH601728,0.1267014149664721,EXP_DEnsembleModel_Alpha158_csi300_custom_step0_s_20260911_16,450ed30494444ad98855dac200611002,0.042,,,
3741,2026-09-11,SH601766,0.08247705784863557,EXP_DEnsembleModel_Alpha158_csi300_custom_step0_s_20260911_16,450ed30494444ad98855dac200611002,0.042,,,
3742,2026-09-11,SH601788,-0.07313835510917542,EXP_DEnsembleModel_Alpha158_csi300_custom_step0_s_20260911_16,450ed30494444ad98855dac200611002,0.042,,,
3743,2026-09-11,SH601800,0.047832222104414374,EXP_DEnsembleModel_Alpha158_csi300_custom_step0_s_20260911_16,450ed30494444ad98855dac200611002,0.042,,,
3744,2026-09-11,SH601901,0.021790045380312834,EXP_DEnsembleModel_Alpha158_csi300_custom_step0_s_20260911_16,450ed30494444ad98855dac200611002,0.042,,,
3745,2026-09-11,SH601899,0.0020417961522073403,EXP_DEnsembleModel_Alpha158_csi300_custom_step0_s_20260911_16,450ed30494444ad98855dac200611002,0.042,,,
3746,2026-09-11,SH601898,0.00517905975757281,EXP_DEnsembleModel_Alpha158_csi300_custom_step0_s_20260911_16,450ed30494444ad98855dac200611002,0.042,,,
3747,2026-09-11,SH601888,-0.04698653300079859,EXP_DEnsembleModel_Alpha158_csi300_custom_step0_s_20260911_16,450ed30494444ad98855dac200611002,0.042,,,
3748,2026-09-11,SH601881,-0.0563411557974939,EXP_DEnsembleModel_Alpha158_csi300_custom_step0_s_20260911_16,450ed30494444ad98855dac200611002,0.042,,,
3749,2026-09-11,SH601878,-0.05590690433692027,EXP_DEnsembleModel_Alpha158_csi300_custom_step0_s_20260911_16,450ed30494444ad98855dac200611002,0.042,,,
3750,2026-09-11,SH601456,-0.026217596214225834,EXP_DEnsembleModel_Alpha158_csi300_custom_step0_s_20260911_16,450ed30494444ad98855dac200611002,0.042,,,
3751,2026-09-11,SH601877,-0.050554110232392695,EXP_DEnsembleModel_Alpha158_csi300_custom_step0_s_20260911_16,450ed30494444ad98855dac200611002,0.042,,,
3752,2026-09-11,SH601868,0.03961953105117678,EXP_DEnsembleModel_Alpha158_csi300_custom_step0_s_20260911_16,450ed30494444ad98855dac200611002,0.042,,,
3753,2026-09-11,SH601857,0.16029756682969096,EXP_DEnsembleModel_Alpha158_csi300_custom_step0_s_20260911_16,450ed30494444ad98855dac200611002,0.042,,,
3754,2026-09-11,SH601838,-0.02282075817178791,EXP_DEnsembleModel_Alpha158_csi300_custom_step0_s_20260911_16,450ed30494444ad98855dac200611002,0.042,,,
3755,2026-09-11,SH601825,0.11418695910810776,EXP_DEnsembleModel_Alpha158_csi300_custom_step0_s_20260911_16,450ed30494444ad98855dac200611002,0.042,,,
3756,2026-09-11,SH601818,0.03228752569615151,EXP_DEnsembleModel_Alpha158_csi300_custom_step0_s_20260911_16,450ed30494444ad98855dac200611002,0.042,,,
3757,2026-09-11,SH601816,0.053625266990093956,EXP_DEnsembleModel_Alpha158_csi300_custom_step0_s_20260911_16,450ed30494444ad98855dac200611002,0.042,,,
3758,2026-09-11,SH601872,-0.045139318500345346,EXP_DEnsembleModel_Alpha158_csi300_custom_step0_s_20260911_16,450ed30494444ad98855dac200611002,0.042,,,
3759,2026-09-11,SH601398,0.09375586188248099,EXP_DEnsembleModel_Alpha158_csi300_custom_step0_s_20260911_16,450ed30494444ad98855dac200611002,0.042,,,
3760,2026-09-11,SH601390,0.0687690201521711,EXP_DEnsembleModel_Alpha158_csi300_custom_step0_s_20260911_16,450ed30494444ad98855dac200611002,0.042,,,
3761,2026-09-11,SH601377,0.007334110476092801,EXP_DEnsembleModel_Alpha158_csi300_custom_step0_s_20260911_16,450ed30494444ad98855dac200611002,0.042,,,
3762,2026-09-11,SH601100,0.03913451993382931,EXP_DEnsembleModel_Alpha158_csi300_custom_step0_s_20260911_16,450ed30494444ad98855dac200611002,0.042,,,
3763,2026-09-11,SH601088,0.020961304835061638,EXP_DEnsembleModel_Alpha158_csi300_custom_step0_s_20260911_16,450ed30494444ad98855dac200611002,0.042,,,
3764,2026-09-11,SH601077,0.02714544599086224,EXP_DEnsembleModel_Alpha158_csi300_custom_step0_s_20260911_16,450ed30494444ad98855dac200611002,0.042,,,
3765,2026-09-11,SH601066,-0.0701895913363677,EXP_DEnsembleModel_Alpha158_csi300_custom_step0_s_20260911_16,450ed30494444ad98855dac200611002,0.042,,,
3766,2026-09-11,SH601059,-0.09481406877197757,EXP_DEnsembleModel_Alpha158_csi300_custom_step0_s_20260911_16,450ed30494444ad98855dac200611002,0.042,,,
3767,2026-09-11,SH601058,-0.0019172263064488996,EXP_DEnsembleModel_Alpha158_csi300_custom_step0_s_20260911_16,450ed30494444ad98855dac200611002,0.042,,,
3768,2026-09-11,SH601111,0.029815656263025663,EXP_DEnsembleModel_Alpha158_csi300_custom_step0_s_20260911_16,450ed30494444ad98855dac200611002,0.042,,,
3769,2026-09-11,SH601021,-0.001466458372055057,EXP_DEnsembleModel_Alpha158_csi300_custom_step0_s_20260911_16,450ed30494444ad98855dac200611002,0.042,,,
3770,2026-09-11,SH601012,-0.12692804814993508,EXP_DEnsembleModel_Alpha158_csi300_custom_step0_s_20260911_16,450ed30494444ad98855dac200611002,0.042,,,
3771,2026-09-11,SH601009,0.06735667014122673,EXP_DEnsembleModel_Alpha158_csi300_custom_step0_s_20260911_16,450ed30494444ad98855dac200611002,0.042,,,
3772,2026-09-11,SH601006,0.11813117873860383,EXP_DEnsembleModel_Alpha158_csi300_custom_step0_s_20260911_16,450ed30494444ad98855dac200611002,0.042,,,
3773,2026-09-11,SH600999,-0.12756165697505492,EXP_DEnsembleModel_Alpha158_csi300_custom_step0_s_20260911_16,450ed30494444ad98855dac200611002,0.042,,,
3774,2026-09-11,SH600989,0.07635921011369515,EXP_DEnsembleModel_Alpha158_csi300_custom_step0_s_20260911_16,450ed30494444ad98855dac200611002,0.042,,,
3775,2026-09-11,SH600958,-0.009031018739255747,EXP_DEnsembleModel_Alpha158_csi300_custom_step0_s_20260911_16,450ed30494444ad98855dac200611002,0.042,,,
3776,2026-09-11,SH601018,0.1364132643459473,EXP_DEnsembleModel_Alpha158_csi300_custom_step0_s_20260911_16,450ed30494444ad98855dac200611002,0.042,,,
3777,2026-09-11,SH600026,-0.13140179953212575,EXP_DEnsembleModel_Alpha158_csi300_custom_step0_s_20260911_16,450ed30494444ad98855dac200611002,0.042,,,
3778,2026-09-11,SH601117,0.02080077090291128,EXP_DEnsembleModel_Alpha158_csi300_custom_step0_s_20260911_16,450ed30494444ad98855dac200611002,0.042,,,
3779,2026-09-11,SH601136,-0.1210434225541628,EXP_DEnsembleModel_Alpha158_csi300_custom_step0_s_20260911_16,450ed30494444ad98855dac200611002,0.042,,,
3780,2026-09-11,SH601360,-0.08210115149962048,EXP_DEnsembleModel_Alpha158_csi300_custom_step0_s_20260911_16,450ed30494444ad98855dac200611002,0.042,,,
3781,2026-09-11,SH601336,-0.08083192044292613,EXP_DEnsembleModel_Alpha158_csi300_custom_step0_s_20260911_16,450ed30494444ad98855dac200611002,0.042,,,
3782,2026-09-11,SH601328,0.10601927076488492,EXP_DEnsembleModel_Alpha158_csi300_custom_step0_s_20260911_16,450ed30494444ad98855dac200611002,0.042,,,
3783,2026-09-11,SH601319,0.033616803766695826,EXP_DEnsembleModel_Alpha158_csi300_custom_step0_s_20260911_16,450ed30494444ad98855dac200611002,0.042,,,
3784,2026-09-11,SH601318,0.03742525964982719,EXP_DEnsembleModel_Alpha158_csi300_custom_step0_s_20260911_16,450ed30494444ad98855dac200611002,0.042,,,
3785,2026-09-11,SH601288,0.15216906088601082,EXP_DEnsembleModel_Alpha158_csi300_custom_step0_s_20260911_16,450ed30494444ad98855dac200611002,0.042,,,
3786,2026-09-11,SH601127,0.004804717579927021,EXP_DEnsembleModel_Alpha158_csi300_custom_step0_s_20260911_16,450ed30494444ad98855dac200611002,0.042,,,
3787,2026-09-11,SH601238,0.042470124984551126,EXP_DEnsembleModel_Alpha158_csi300_custom_step0_s_20260911_16,450ed30494444ad98855dac200611002,0.042,,,
3788,2026-09-11,SH601225,0.014706255335649171,EXP_DEnsembleModel_Alpha158_csi300_custom_step0_s_20260911_16,450ed30494444ad98855dac200611002,0.042,,,
3789,2026-09-11,SH601211,-0.0256345874739718,EXP_DEnsembleModel_Alpha158_csi300_custom_step0_s_20260911_16,450ed30494444ad98855dac200611002,0.042,,,
3790,2026-09-11,SH601186,0.03552847526671482,EXP_DEnsembleModel_Alpha158_csi300_custom_step0_s_20260911_16,450ed30494444ad98855dac200611002,0.042,,,
3791,2026-09-11,SH601169,0.0450159600389703,EXP_DEnsembleModel_Alpha158_csi300_custom_step0_s_20260911_16,450ed30494444ad98855dac200611002,0.042,,,
3792,2026-09-11,SH601166,0.0553931832985461,EXP_DEnsembleModel_Alpha158_csi300_custom_step0_s_20260911_16,450ed30494444ad98855dac200611002,0.042,,,
3793,2026-09-11,SH601138,-0.08546366398987928,EXP_DEnsembleModel_Alpha158_csi300_custom_step0_s_20260911_16,450ed30494444ad98855dac200611002,0.042,,,
3794,2026-09-11,SH601229,0.1291397046513529,EXP_DEnsembleModel_Alpha158_csi300_custom_step0_s_20260911_16,450ed30494444ad98855dac200611002,0.042,,,
3795,2026-09-11,SH688981,-0.0012309894058092619,EXP_DEnsembleModel_Alpha158_csi300_custom_step0_s_20260911_16,9aaff0ddaf834c63b809193ee2f5241d,0.098,,,
3796,2026-09-11,SH600025,0.08403317254509318,EXP_DEnsembleModel_Alpha158_csi300_custom_step0_s_20260911_16,450ed30494444ad98855dac200611002,0.042,,,
3797,2026-09-11,SH600019,0.11734633647581437,EXP_DEnsembleModel_Alpha158_csi300_custom_step0_s_20260911_16,450ed30494444ad98855dac200611002,0.042,,,
3798,2026-09-11,SZ000630,-0.07588303875030354,EXP_DEnsembleModel_Alpha158_csi300_custom_step0_s_20260911_16,2198b0213c7b418395e348f6f2f9434d,0.103,,,
3799,2026-09-11,SZ000651,0.10683764647689431,EXP_DEnsembleModel_Alpha158_csi300_custom_step0_s_20260911_16,2198b0213c7b418395e348f6f2f9434d,0.103,,,
3800,2026-09-11,SZ000657,0.007181851781146427,EXP_DEnsembleModel_Alpha158_csi300_custom_step0_s_20260911_16,2198b0213c7b418395e348f6f2f9434d,0.103,,,
3801,2026-09-11,SZ000708,0.07483857378304212,EXP_DEnsembleModel_Alpha158_csi300_custom_step0_s_20260911_16,2198b0213c7b418395e348f6f2f9434d,0.103,,,
3802,2026-09-11,SZ000725,-0.011196821943257093,EXP_DEnsembleModel_Alpha158_csi300_custom_step0_s_20260911_16,2198b0213c7b418395e348f6f2f9434d,0.103,,,
3803,2026-09-11,SZ000768,-0.05313824755465529,EXP_DEnsembleModel_Alpha158_csi300_custom_step0_s_20260911_16,2198b0213c7b418395e348f6f2f9434d,0.103,,,
3804,2026-09-11,SZ000776,-0.07141454616304416,EXP_DEnsembleModel_Alpha158_csi300_custom_step0_s_20260911_16,2198b0213c7b418395e348f6f2f9434d,0.103,,,
3805,2026-09-11,SZ000792,-0.03380277167472602,EXP_DEnsembleModel_Alpha158_csi300_custom_step0_s_20260911_16,2198b0213c7b418395e348f6f2f9434d,0.103,,,
3806,2026-09-11,SZ000807,-0.08953747217326005,EXP_DEnsembleModel_Alpha158_csi300_custom_step0_s_20260911_16,2198b0213c7b418395e348f6f2f9434d,0.103,,,
3807,2026-09-11,SZ000858,0.011793726614844631,EXP_DEnsembleModel_Alpha158_csi300_custom_step0_s_20260911_16,2198b0213c7b418395e348f6f2f9434d,0.103,,,
3808,2026-09-11,SZ000895,0.08856913648000121,EXP_DEnsembleModel_Alpha158_csi300_custom_step0_s_20260911_16,2198b0213c7b418395e348f6f2f9434d,0.103,,,
3809,2026-09-11,SZ000938,-0.02095807946837166,EXP_DEnsembleModel_Alpha158_csi300_custom_step0_s_20260911_16,2198b0213c7b418395e348f6f2f9434d,0.103,,,
3810,2026-09-11,SZ000963,0.005784770861232345,EXP_DEnsembleModel_Alpha158_csi300_custom_step0_s_20260911_16,2198b0213c7b418395e348f6f2f9434d,0.103,,,
3811,2026-09-11,SZ000975,0.06144124345501454,EXP_DEnsembleModel_Alpha158_csi300_custom_step0_s_20260911_16,2198b0213c7b418395e348f6f2f9434d,0.103,,,
3812,2026-09-11,SZ000977,-0.04504192615019245,EXP_DEnsembleModel_Alpha158_csi300_custom_step0_s_20260911_16,2198b0213c7b418395e348f6f2f9434d,0.103,,,
3813,2026-09-11,SZ000988,-0.14635376288278953,EXP_DEnsembleModel_Alpha158_csi300_custom_step0_s_20260911_16,2198b0213c7b418395e348f6f2f9434d,0.103,,,
3814,2026-09-11,SZ000999,0.05536322673269029,EXP_DEnsembleModel_Alpha158_csi300_custom_step0_s_20260911_16,2198b0213c7b418395e348f6f2f9434d,0.103,,,
3815,2026-09-11,SZ002230,-0.032653419655386706,EXP_DEnsembleModel_Alpha158_csi300_custom_step0_s_20260911_16,2198b0213c7b418395e348f6f2f9434d,0.103,,,
3816,2026-09-11,SZ002202,0.03618193434782308,EXP_DEnsembleModel_Alpha158_csi300_custom_step0_s_20260911_16,2198b0213c7b418395e348f6f2f9434d,0.103,,,
3817,2026-09-11,SZ002179,-0.012866534052207255,EXP_DEnsembleModel_Alpha158_csi300_custom_step0_s_20260911_16,2198b0213c7b418395e348f6f2f9434d,0.103,,,
3818,2026-09-11,SZ002142,0.024965320374830003,EXP_DEnsembleModel_Alpha158_csi300_custom_step0_s_20260911_16,2198b0213c7b418395e348f6f2f9434d,0.103,,,
3819,2026-09-11,SZ002074,-0.09431535622955443,EXP_DEnsembleModel_Alpha158_csi300_custom_step0_s_20260911_16,2198b0213c7b418395e348f6f2f9434d,0.103,,,
3820,2026-09-11,SZ002050,0.01278193188112999,EXP_DEnsembleModel_Alpha158_csi300_custom_step0_s_20260911_16,2198b0213c7b418395e348f6f2f9434d,0.103,,,
3821,2026-09-11,SZ000625,0.013739914059737287,EXP_DEnsembleModel_Alpha158_csi300_custom_step0_s_20260911_16,2198b0213c7b418395e348f6f2f9434d,0.103,,,
3822,2026-09-11,SZ002049,0.004361942165732917,EXP_DEnsembleModel_Alpha158_csi300_custom_step0_s_20260911_16,2198b0213c7b418395e348f6f2f9434d,0.103,,,
3823,2026-09-11,SZ002027,0.06954229364075762,EXP_DEnsembleModel_Alpha158_csi300_custom_step0_s_20260911_16,2198b0213c7b418395e348f6f2f9434d,0.103,,,
3824,2026-09-11,SZ002001,0.06345731951182645,EXP_DEnsembleModel_Alpha158_csi300_custom_step0_s_20260911_16,2198b0213c7b418395e348f6f2f9434d,0.103,,,
3825,2026-09-11,SZ001979,0.07369959707250148,EXP_DEnsembleModel_Alpha158_csi300_custom_step0_s_20260911_16,2198b0213c7b418395e348f6f2f9434d,0.103,,,
3826,2026-09-11,SZ001965,0.055548153250856096,EXP_DEnsembleModel_Alpha158_csi300_custom_step0_s_20260911_16,2198b0213c7b418395e348f6f2f9434d,0.103,,,
3827,2026-09-11,SZ001391,-0.022421512449896593,EXP_DEnsembleModel_Alpha158_csi300_custom_step0_s_20260911_16,2198b0213c7b418395e348f6f2f9434d,0.103,,,
3828,2026-09-11,SZ001280,-0.12026927279197065,EXP_DEnsembleModel_Alpha158_csi300_custom_step0_s_20260911_16,2198b0213c7b418395e348f6f2f9434d,0.103,,,
3829,2026-09-11,SZ002028,0.10182172099023631,EXP_DEnsembleModel_Alpha158_csi300_custom_step0_s_20260911_16,2198b0213c7b418395e348f6f2f9434d,0.103,,,
3830,2026-09-11,SZ002236,0.014352354568225287,EXP_DEnsembleModel_Alpha158_csi300_custom_step0_s_20260911_16,2198b0213c7b418395e348f6f2f9434d,0.103,,,
3831,2026-09-11,SZ000617,-0.08331630440631163,EXP_DEnsembleModel_Alpha158_csi300_custom_step0_s_20260911_16,2198b0213c7b418395e348f6f2f9434d,0.103,,,
3832,2026-09-11,SZ000568,-0.01918438616309996,EXP_DEnsembleModel_Alpha158_csi300_custom_step0_s_20260911_16,2198b0213c7b418395e348f6f2f9434d,0.103,,,
3833,2026-09-11,SH688009,0.06615033303575628,EXP_DEnsembleModel_Alpha158_csi300_custom_step0_s_20260911_16,2198b0213c7b418395e348f6f2f9434d,0.103,,,
3834,2026-09-11,SH688012,-0.13229134469986628,EXP_DEnsembleModel_Alpha158_csi300_custom_step0_s_20260911_16,2198b0213c7b418395e348f6f2f9434d,0.103,,,
3835,2026-09-11,SH688036,-0.089876170963703,EXP_DEnsembleModel_Alpha158_csi300_custom_step0_s_20260911_16,2198b0213c7b418395e348f6f2f9434d,0.103,,,
3836,2026-09-11,SH688041,0.06276314012144187,EXP_DEnsembleModel_Alpha158_csi300_custom_step0_s_20260911_16,2198b0213c7b418395e348f6f2f9434d,0.103,,,
3837,2026-09-11,SH688047,-0.02955566127936739,EXP_DEnsembleModel_Alpha158_csi300_custom_step0_s_20260911_16,2198b0213c7b418395e348f6f2f9434d,0.103,,,
3838,2026-09-11,SH688072,-0.04738368089635535,EXP_DEnsembleModel_Alpha158_csi300_custom_step0_s_20260911_16,2198b0213c7b418395e348f6f2f9434d,0.103,,,
3839,2026-09-11,SH688082,-0.02241064648064218,EXP_DEnsembleModel_Alpha158_csi300_custom_step0_s_20260911_16,2198b0213c7b418395e348f6f2f9434d,0.103,,,
3840,2026-09-11,SH688111,-0.15452655227135548,EXP_DEnsembleModel_Alpha158_csi300_custom_step0_s_20260911_16,2198b0213c7b418395e348f6f2f9434d,0.103,,,
3841,2026-09-11,SH688126,-0.04187568364322263,EXP_DEnsembleModel_Alpha158_csi300_custom_step0_s_20260911_16,2198b0213c7b418395e348f6f2f9434d,0.103,,,
3842,2026-09-11,SH688183,-0.08751577804528932,EXP_DEnsembleModel_Alpha158_csi300_custom_step0_s_20260911_16,2198b0213c7b418395e348f6f2f9434d,0.103,,,
3843,2026-09-11,SH688223,0.043224558755545935,EXP_DEnsembleModel_Alpha158_csi300_custom_step0_s_20260911_16,2198b0213c7b418395e348f6f2f9434d,0.103,,,
3844,2026-09-11,SH688256,-0.10208730639437665,EXP_DEnsembleModel_Alpha158_csi300_custom_step0_s_20260911_16,2198b0213c7b418395e348f6f2f9434d,0.103,,,
3845,2026-09-11,SH688271,-0.06993697900628885,EXP_DEnsembleModel_Alpha158_csi300_custom_step0_s_20260911_16,2198b0213c7b418395e348f6f2f9434d,0.103,,,
3846,2026-09-11,SH688303,0.02916114367834093,EXP_DEnsembleModel_Alpha158_csi300_custom_step0_s_20260911_16,2198b0213c7b418395e348f6f2f9434d,0.103,,,
3847,2026-09-11,SH688396,-0.05473452576399026,EXP_DEnsembleModel_Alpha158_csi300_custom_step0_s_20260911_16,2198b0213c7b418395e348f6f2f9434d,0.103,,,
3848,2026-09-11,SH688472,0.12506695116137442,EXP_DEnsembleModel_Alpha158_csi300_custom_step0_s_20260911_16,2198b0213c7b418395e348f6f2f9434d,0.103,,,
3849,2026-09-11,SH688506,0.0895202502097281,EXP_DEnsembleModel_Alpha158_csi300_custom_step0_s_20260911_16,2198b0213c7b418395e348f6f2f9434d,0.103,,,
3850,2026-09-11,SZ000538,0.1063765133163749,EXP_DEnsembleModel_Alpha158_csi300_custom_step0_s_20260911_16,2198b0213c7b418395e348f6f2f9434d,0.103,,,
3851,2026-09-11,SZ000425,-0.03774486551108131,EXP_DEnsembleModel_Alpha158_csi300_custom_step0_s_20260911_16,2198b0213c7b418395e348f6f2f9434d,0.103,,,
3852,2026-09-11,SZ000408,-0.03321690774384264,EXP_DEnsembleModel_Alpha158_csi300_custom_step0_s_20260911_16,2198b0213c7b418395e348f6f2f9434d,0.103,,,
3853,2026-09-11,SZ000338,-0.005644555856242193,EXP_DEnsembleModel_Alpha158_csi300_custom_step0_s_20260911_16,2198b0213c7b418395e348f6f2f9434d,0.103,,,
3854,2026-09-11,SZ000333,0.06567410590688412,EXP_DEnsembleModel_Alpha158_csi300_custom_step0_s_20260911_16,2198b0213c7b418395e348f6f2f9434d,0.103,,,
3855,2026-09-11,SZ000301,-0.05387398671901687,EXP_DEnsembleModel_Alpha158_csi300_custom_step0_s_20260911_16,2198b0213c7b418395e348f6f2f9434d,0.103,,,
3856,2026-09-11,SZ000596,-0.04619738769248451,EXP_DEnsembleModel_Alpha158_csi300_custom_step0_s_20260911_16,2198b0213c7b418395e348f6f2f9434d,0.103,,,
3857,2026-09-11,SZ000166,0.015490055628132623,EXP_DEnsembleModel_Alpha158_csi300_custom_step0_s_20260911_16,2198b0213c7b418395e348f6f2f9434d,0.103,,,
3858,2026-09-11,SZ000100,-0.08025287139351103,EXP_DEnsembleModel_Alpha158_csi300_custom_step0_s_20260911_16,2198b0213c7b418395e348f6f2f9434d,0.103,,,
3859,2026-09-11,SZ000063,-0.06425479007299711,EXP_DEnsembleModel_Alpha158_csi300_custom_step0_s_20260911_16,2198b0213c7b418395e348f6f2f9434d,0.103,,,
3860,2026-09-11,SZ000002,-0.07892416069818607,EXP_DEnsembleModel_Alpha158_csi300_custom_step0_s_20260911_16,2198b0213c7b418395e348f6f2f9434d,0.103,,,
3861,2026-09-11,SZ000001,0.05417471608687756,EXP_DEnsembleModel_Alpha158_csi300_custom_step0_s_20260911_16,2198b0213c7b418395e348f6f2f9434d,0.103,,,
3862,2026-09-11,SH688981,-0.03407163345627809,EXP_DEnsembleModel_Alpha158_csi300_custom_step0_s_20260911_16,2198b0213c7b418395e348f6f2f9434d,0.103,,,
3863,2026-09-11,SH688521,0.005632812259162712,EXP_DEnsembleModel_Alpha158_csi300_custom_step0_s_20260911_16,2198b0213c7b418395e348f6f2f9434d,0.103,,,
3864,2026-09-11,SZ000157,0.0837106207911247,EXP_DEnsembleModel_Alpha158_csi300_custom_step0_s_20260911_16,2198b0213c7b418395e348f6f2f9434d,0.103,,,
3865,2026-09-11,SZ002241,-0.12198882457996776,EXP_DEnsembleModel_Alpha158_csi300_custom_step0_s_20260911_16,2198b0213c7b418395e348f6f2f9434d,0.103,,,
3866,2026-09-11,SZ002304,-0.0010589877048464262,EXP_DEnsembleModel_Alpha158_csi300_custom_step0_s_20260911_16,2198b0213c7b418395e348f6f2f9434d,0.103,,,
3867,2026-09-11,SZ002311,0.06626585022331476,EXP_DEnsembleModel_Alpha158_csi300_custom_step0_s_20260911_16,2198b0213c7b418395e348f6f2f9434d,0.103,,,
3868,2026-09-11,SZ300394,-0.0987073125137339,EXP_DEnsembleModel_Alpha158_csi300_custom_step0_s_20260911_16,2198b0213c7b418395e348f6f2f9434d,0.103,,,
3869,2026-09-11,SZ300408,-0.04961274562578174,EXP_DEnsembleModel_Alpha158_csi300_custom_step0_s_20260911_16,2198b0213c7b418395e348f6f2f9434d,0.103,,,
3870,2026-09-11,SZ300413,0.32320869001978125,EXP_DEnsembleModel_Alpha158_csi300_custom_step0_s_20260911_16,2198b0213c7b418395e348f6f2f9434d,0.103,,,
3871,2026-09-11,SZ300418,-0.09650200968613838,EXP_DEnsembleModel_Alpha158_csi300_custom_step0_s_20260911_16,2198b0213c7b418395e348f6f2f9434d,0.103,,,
3872,2026-09-11,SZ300433,-0.1556561434809297,EXP_DEnsembleModel_Alpha158_csi300_custom_step0_s_20260911_16,2198b0213c7b418395e348f6f2f9434d,0.103,,,
3873,2026-09-11,SZ300442,-0.12546670678130498,EXP_DEnsembleModel_Alpha158_csi300_custom_step0_s_20260911_16,2198b0213c7b418395e348f6f2f9434d,0.103,,,
3874,2026-09-11,SZ300450,-0.026317549172590115,EXP_DEnsembleModel_Alpha158_csi300_custom_step0_s_20260911_16,2198b0213c7b418395e348f6f2f9434d,0.103,,,
3875,2026-09-11,SZ300476,0.06023179901049902,EXP_DEnsembleModel_Alpha158_csi300_custom_step0_s_20260911_16,2198b0213c7b418395e348f6f2f9434d,0.103,,,
3876,2026-09-11,SZ300498,0.031398070706840926,EXP_DEnsembleModel_Alpha158_csi300_custom_step0_s_20260911_16,2198b0213c7b418395e348f6f2f9434d,0.103,,,
3877,2026-09-11,SZ300502,-0.07249690803591065,EXP_DEnsembleModel_Alpha158_csi300_custom_step0_s_20260911_16,2198b0213c7b418395e348f6f2f9434d,0.103,,,
3878,2026-09-11,SZ300628,0.00935346679921631,EXP_DEnsembleModel_Alpha158_csi300_custom_step0_s_20260911_16,2198b0213c7b418395e348f6f2f9434d,0.103,,,
3879,2026-09-11,SZ300661,-0.14744690262480617,EXP_DEnsembleModel_Alpha158_csi300_custom_step0_s_20260911_16,2198b0213c7b418395e348f6f2f9434d,0.103,,,
3880,2026-09-11,SZ300750,0.07526007113801227,EXP_DEnsembleModel_Alpha158_csi300_custom_step0_s_20260911_16,2198b0213c7b418395e348f6f2f9434d,0.103,,,
3881,2026-09-11,SZ300760,0.08831402402661175,EXP_DEnsembleModel_Alpha158_csi300_custom_step0_s_20260911_16,2198b0213c7b418395e348f6f2f9434d,0.103,,,
3882,2026-09-11,SZ300803,-0.1581332958419313,EXP_DEnsembleModel_Alpha158_csi300_custom_step0_s_20260911_16,2198b0213c7b418395e348f6f2f9434d,0.103,,,
3883,2026-09-11,SZ300832,0.034042798372842895,EXP_DEnsembleModel_Alpha158_csi300_custom_step0_s_20260911_16,2198b0213c7b418395e348f6f2f9434d,0.103,,,
3884,2026-09-11,SZ300866,-0.05026776438050519,EXP_DEnsembleModel_Alpha158_csi300_custom_step0_s_20260911_16,2198b0213c7b418395e348f6f2f9434d,0.103,,,
3885,2026-09-11,SH600018,0.06112175951959024,EXP_DEnsembleModel_Alpha158_csi300_custom_step0_s_20260911_16,450ed30494444ad98855dac200611002,0.042,,,
3886,2026-09-11,SH600016,0.14828599090148645,EXP_DEnsembleModel_Alpha158_csi300_custom_step0_s_20260911_16,450ed30494444ad98855dac200611002,0.042,,,
3887,2026-09-11,SH600015,0.04620832696865005,EXP_DEnsembleModel_Alpha158_csi300_custom_step0_s_20260911_16,450ed30494444ad98855dac200611002,0.042,,,
3888,2026-09-11,SH600011,0.017217381003274832,EXP_DEnsembleModel_Alpha158_csi300_custom_step0_s_20260911_16,450ed30494444ad98855dac200611002,0.042,,,
3889,2026-09-11,SH600010,-0.04208768763435493,EXP_DEnsembleModel_Alpha158_csi300_custom_step0_s_20260911_16,450ed30494444ad98855dac200611002,0.042,,,
3890,2026-09-11,SH600009,0.08269897434844854,EXP_DEnsembleModel_Alpha158_csi300_custom_step0_s_20260911_16,450ed30494444ad98855dac200611002,0.042,,,
3891,2026-09-11,SZ300316,-0.10787625248680328,EXP_DEnsembleModel_Alpha158_csi300_custom_step0_s_20260911_16,2198b0213c7b418395e348f6f2f9434d,0.103,,,
3892,2026-09-11,SH600000,0.06103696551066712,EXP_DEnsembleModel_Alpha158_csi300_custom_step0_s_20260911_16,450ed30494444ad98855dac200611002,0.042,,,
3893,2026-09-11,SZ301308,-0.057010929182183756,EXP_DEnsembleModel_Alpha158_csi300_custom_step0_s_20260911_16,2198b0213c7b418395e348f6f2f9434d,0.103,,,
3894,2026-09-11,SZ301269,-0.03397798440285736,EXP_DEnsembleModel_Alpha158_csi300_custom_step0_s_20260911_16,2198b0213c7b418395e348f6f2f9434d,0.103,,,
3895,2026-09-11,SZ301236,-0.09257081023252525,EXP_DEnsembleModel_Alpha158_csi300_custom_step0_s_20260911_16,2198b0213c7b418395e348f6f2f9434d,0.103,,,
3896,2026-09-11,SZ301165,0.10655199980865637,EXP_DEnsembleModel_Alpha158_csi300_custom_step0_s_20260911_16,2198b0213c7b418395e348f6f2f9434d,0.103,,,
3897,2026-09-11,SZ300999,0.03035673325518312,EXP_DEnsembleModel_Alpha158_csi300_custom_step0_s_20260911_16,2198b0213c7b418395e348f6f2f9434d,0.103,,,
3898,2026-09-11,SZ300896,-0.1404852038194344,EXP_DEnsembleModel_Alpha158_csi300_custom_step0_s_20260911_16,2198b0213c7b418395e348f6f2f9434d,0.103,,,
3899,2026-09-11,SZ302132,-0.027144232116453407,EXP_DEnsembleModel_Alpha158_csi300_custom_step0_s_20260911_16,2198b0213c7b418395e348f6f2f9434d,0.103,,,
3900,2026-09-11,SZ300308,-0.04076106029276095,EXP_DEnsembleModel_Alpha158_csi300_custom_step0_s_20260911_16,2198b0213c7b418395e348f6f2f9434d,0.103,,,
3901,2026-09-11,SZ300274,0.15733304761263714,EXP_DEnsembleModel_Alpha158_csi300_custom_step0_s_20260911_16,2198b0213c7b418395e348f6f2f9434d,0.103,,,
3902,2026-09-11,SZ300251,-0.030628388564322307,EXP_DEnsembleModel_Alpha158_csi300_custom_step0_s_20260911_16,2198b0213c7b418395e348f6f2f9434d,0.103,,,
3903,2026-09-11,SZ002594,0.028369596430243713,EXP_DEnsembleModel_Alpha158_csi300_custom_step0_s_20260911_16,2198b0213c7b418395e348f6f2f9434d,0.103,,,
3904,2026-09-11,SZ002558,-0.12398213295233827,EXP_DEnsembleModel_Alpha158_csi300_custom_step0_s_20260911_16,2198b0213c7b418395e348f6f2f9434d,0.103,,,
3905,2026-09-11,SZ002532,-0.13467701223581782,EXP_DEnsembleModel_Alpha158_csi300_custom_step0_s_20260911_16,2198b0213c7b418395e348f6f2f9434d,0.103,,,
3906,2026-09-11,SZ002493,-0.09194541332939032,EXP_DEnsembleModel_Alpha158_csi300_custom_step0_s_20260911_16,2198b0213c7b418395e348f6f2f9434d,0.103,,,
3907,2026-09-11,SZ002475,-0.13204069112243622,EXP_DEnsembleModel_Alpha158_csi300_custom_step0_s_20260911_16,2198b0213c7b418395e348f6f2f9434d,0.103,,,
3908,2026-09-11,SZ002466,-0.0598555849155432,EXP_DEnsembleModel_Alpha158_csi300_custom_step0_s_20260911_16,2198b0213c7b418395e348f6f2f9434d,0.103,,,
3909,2026-09-11,SZ002600,-0.0827270747508228,EXP_DEnsembleModel_Alpha158_csi300_custom_step0_s_20260911_16,2198b0213c7b418395e348f6f2f9434d,0.103,,,
3910,2026-09-11,SZ002463,-0.18813730284371005,EXP_DEnsembleModel_Alpha158_csi300_custom_step0_s_20260911_16,2198b0213c7b418395e348f6f2f9434d,0.103,,,
3911,2026-09-11,SZ002422,0.06798729639085672,EXP_DEnsembleModel_Alpha158_csi300_custom_step0_s_20260911_16,2198b0213c7b418395e348f6f2f9434d,0.103,,,
3912,2026-09-11,SZ002415,-0.006511384130102553,EXP_DEnsembleModel_Alpha158_csi300_custom_step0_s_20260911_16,2198b0213c7b418395e348f6f2f9434d,0.103,,,
3913,2026-09-11,SZ002384,-0.026309481832060156,EXP_DEnsembleModel_Alpha158_csi300_custom_step0_s_20260911_16,2198b0213c7b418395e348f6f2f9434d,0.103,,,
3914,2026-09-11,SZ002371,-0.053414129625386345,EXP_DEnsembleModel_Alpha158_csi300_custom_step0_s_20260911_16,2198b0213c7b418395e348f6f2f9434d,0.103,,,
3915,2026-09-11,SZ002353,0.11621922177354009,EXP_DEnsembleModel_Alpha158_csi300_custom_step0_s_20260911_16,2198b0213c7b418395e348f6f2f9434d,0.103,,,
3916,2026-09-11,SZ002352,0.0756710443449135,EXP_DEnsembleModel_Alpha158_csi300_custom_step0_s_20260911_16,2198b0213c7b418395e348f6f2f9434d,0.103,,,
3917,2026-09-11,SZ002460,-0.051195933588194305,EXP_DEnsembleModel_Alpha158_csi300_custom_step0_s_20260911_16,2198b0213c7b418395e348f6f2f9434d,0.103,,,
3918,2026-09-11,SH600023,0.08270339264935615,EXP_DEnsembleModel_Alpha158_csi300_custom_step0_s_20260911_16,450ed30494444ad98855dac200611002,0.042,,,
3919,2026-09-11,SZ002602,0.012112731665629742,EXP_DEnsembleModel_Alpha158_csi300_custom_step0_s_20260911_16,2198b0213c7b418395e348f6f2f9434d,0.103,,,
3920,2026-09-11,SZ002648,-0.00723419305611436,EXP_DEnsembleModel_Alpha158_csi300_custom_step0_s_20260911_16,2198b0213c7b418395e348f6f2f9434d,0.103,,,
3921,2026-09-11,SZ300124,-0.09949870965732942,EXP_DEnsembleModel_Alpha158_csi300_custom_step0_s_20260911_16,2198b0213c7b418395e348f6f2f9434d,0.103,,,
3922,2026-09-11,SZ300122,-0.07113521624449629,EXP_DEnsembleModel_Alpha158_csi300_custom_step0_s_20260911_16,2198b0213c7b418395e348f6f2f9434d,0.103,,,
3923,2026-09-11,SZ300059,0.015752806053371777,EXP_DEnsembleModel_Alpha158_csi300_custom_step0_s_20260911_16,2198b0213c7b418395e348f6f2f9434d,0.103,,,
3924,2026-09-11,SZ300033,-0.15395176433677868,EXP_DEnsembleModel_Alpha158_csi300_custom_step0_s_20260911_16,2198b0213c7b418395e348f6f2f9434d,0.103,,,
3925,2026-09-11,SZ300015,0.011851553803910514,EXP_DEnsembleModel_Alpha158_csi300_custom_step0_s_20260911_16,2198b0213c7b418395e348f6f2f9434d,0.103,,,
3926,2026-09-11,SZ300014,0.04381941264527021,EXP_DEnsembleModel_Alpha158_csi300_custom_step0_s_20260911_16,2198b0213c7b418395e348f6f2f9434d,0.103,,,
3927,2026-09-11,SZ002625,-0.05562200510193095,EXP_DEnsembleModel_Alpha158_csi300_custom_step0_s_20260911_16,2198b0213c7b418395e348f6f2f9434d,0.103,,,
3928,2026-09-11,SZ003816,0.04123586403271191,EXP_DEnsembleModel_Alpha158_csi300_custom_step0_s_20260911_16,2198b0213c7b418395e348f6f2f9434d,0.103,,,
3929,2026-09-11,SZ002920,-0.10393770770455157,EXP_DEnsembleModel_Alpha158_csi300_custom_step0_s_20260911_16,2198b0213c7b418395e348f6f2f9434d,0.103,,,
3930,2026-09-11,SZ002916,-0.13927209426131268,EXP_DEnsembleModel_Alpha158_csi300_custom_step0_s_20260911_16,2198b0213c7b418395e348f6f2f9434d,0.103,,,
3931,2026-09-11,SZ002837,0.08582814684174254,EXP_DEnsembleModel_Alpha158_csi300_custom_step0_s_20260911_16,2198b0213c7b418395e348f6f2f9434d,0.103,,,
3932,2026-09-11,SZ002736,0.03300306255185707,EXP_DEnsembleModel_Alpha158_csi300_custom_step0_s_20260911_16,2198b0213c7b418395e348f6f2f9434d,0.103,,,
3933,2026-09-11,SZ002714,0.020979888415966225,EXP_DEnsembleModel_Alpha158_csi300_custom_step0_s_20260911_16,2198b0213c7b418395e348f6f2f9434d,0.103,,,
3934,2026-09-11,SZ002709,0.048770854859497045,EXP_DEnsembleModel_Alpha158_csi300_custom_step0_s_20260911_16,2198b0213c7b418395e348f6f2f9434d,0.103,,,
3935,2026-09-11,SZ002938,-0.15540291571973675,EXP_DEnsembleModel_Alpha158_csi300_custom_step0_s_20260911_16,2198b0213c7b418395e348f6f2f9434d,0.103,,,
3936,2026-09-11,SZ301308,-0.18224641680717468,EXP_XGBModel_Alpha158_csi300_custom_step0_s_20260911_16,b9b526c7d1da4197a3d3f40f3cedf248,0.032,,,
3937,2026-09-11,SH688521,0.08374367570198413,EXP_DEnsembleModel_Alpha158_csi300_custom_step0_s_20260911_16,9aaff0ddaf834c63b809193ee2f5241d,0.098,,,
3938,2026-09-11,SH688472,0.03692058605684947,EXP_DEnsembleModel_Alpha158_csi300_custom_step0_s_20260911_16,9aaff0ddaf834c63b809193ee2f5241d,0.098,,,
3939,2026-09-11,SH601186,0.0040367740388478,EXP_LGBModel_Alpha158_csi300_custom_step0_s_20260911_18,ca7e84e01842403192efd94e245990ca,0.043,,,
3940,2026-09-11,SH601211,-0.004146519085852755,EXP_LGBModel_Alpha158_csi300_custom_step0_s_20260911_18,ca7e84e01842403192efd94e245990ca,0.043,,,
3941,2026-09-11,SH601225,-0.0009616703720250288,EXP_LGBModel_Alpha158_csi300_custom_step0_s_20260911_18,ca7e84e01842403192efd94e245990ca,0.043,,,
3942,2026-09-11,SH601229,0.019987447151256353,EXP_LGBModel_Alpha158_csi300_custom_step0_s_20260911_18,ca7e84e01842403192efd94e245990ca,0.043,,,
3943,2026-09-11,SH601238,-0.0015004230988967069,EXP_LGBModel_Alpha158_csi300_custom_step0_s_20260911_18,ca7e84e01842403192efd94e245990ca,0.043,,,
3944,2026-09-11,SH601288,0.019987447151256353,EXP_LGBModel_Alpha158_csi300_custom_step0_s_20260911_18,ca7e84e01842403192efd94e245990ca,0.043,,,
3945,2026-09-11,SH601318,0.0038583555118435293,EXP_LGBModel_Alpha158_csi300_custom_step0_s_20260911_18,ca7e84e01842403192efd94e245990ca,0.043,,,
3946,2026-09-11,SH601319,-0.004734961257159513,EXP_LGBModel_Alpha158_csi300_custom_step0_s_20260911_18,ca7e84e01842403192efd94e245990ca,0.043,,,
3947,2026-09-11,SH601328,0.016158649682811766,EXP_LGBModel_Alpha158_csi300_custom_step0_s_20260911_18,ca7e84e01842403192efd94e245990ca,0.043,,,
3948,2026-09-11,SH601336,-0.019641424808705753,EXP_LGBModel_Alpha158_csi300_custom_step0_s_20260911_18,ca7e84e01842403192efd94e245990ca,0.043,,,
3949,2026-09-11,SH601360,-0.005988626375353088,EXP_LGBModel_Alpha158_csi300_custom_step0_s_20260911_18,ca7e84e01842403192efd94e245990ca,0.043,,,
3950,2026-09-11,SH601377,0.002203769024626202,EXP_LGBModel_Alpha158_csi300_custom_step0_s_20260911_18,ca7e84e01842403192efd94e245990ca,0.043,,,
3951,2026-09-11,SH601390,0.0040367740388478,EXP_LGBModel_Alpha158_csi300_custom_step0_s_20260911_18,ca7e84e01842403192efd94e245990ca,0.043,,,
3952,2026-09-11,SH601398,0.016158649682811766,EXP_LGBModel_Alpha158_csi300_custom_step0_s_20260911_18,ca7e84e01842403192efd94e245990ca,0.043,,,
3953,2026-09-11,SH601456,-0.0002554346233737455,EXP_LGBModel_Alpha158_csi300_custom_step0_s_20260911_18,ca7e84e01842403192efd94e245990ca,0.043,,,
3954,2026-09-11,SH601600,-0.002526867658653831,EXP_LGBModel_Alpha158_csi300_custom_step0_s_20260911_18,ca7e84e01842403192efd94e245990ca,0.043,,,
3955,2026-09-11,SH601601,-0.008482254477941525,EXP_LGBModel_Alpha158_csi300_custom_step0_s_20260911_18,ca7e84e01842403192efd94e245990ca,0.043,,,
3956,2026-09-11,SH601788,-0.008182513968554291,EXP_LGBModel_Alpha158_csi300_custom_step0_s_20260911_18,ca7e84e01842403192efd94e245990ca,0.043,,,
3957,2026-09-11,SH601766,0.01788294629922044,EXP_LGBModel_Alpha158_csi300_custom_step0_s_20260911_18,ca7e84e01842403192efd94e245990ca,0.043,,,
3958,2026-09-11,SH601728,0.01788294629922044,EXP_LGBModel_Alpha158_csi300_custom_step0_s_20260911_18,ca7e84e01842403192efd94e245990ca,0.043,,,
3959,2026-09-11,SH601727,-0.0026067082967627065,EXP_LGBModel_Alpha158_csi300_custom_step0_s_20260911_18,ca7e84e01842403192efd94e245990ca,0.043,,,
3960,2026-09-11,SH601698,-0.005784908994176714,EXP_LGBModel_Alpha158_csi300_custom_step0_s_20260911_18,ca7e84e01842403192efd94e245990ca,0.043,,,
3961,2026-09-11,SH601689,-0.013784981617050131,EXP_LGBModel_Alpha158_csi300_custom_step0_s_20260911_18,ca7e84e01842403192efd94e245990ca,0.043,,,
3962,2026-09-11,SH601169,0.001704019825019428,EXP_LGBModel_Alpha158_csi300_custom_step0_s_20260911_18,ca7e84e01842403192efd94e245990ca,0.043,,,
3963,2026-09-11,SH601688,0.007666782442426837,EXP_LGBModel_Alpha158_csi300_custom_step0_s_20260911_18,ca7e84e01842403192efd94e245990ca,0.043,,,
3964,2026-09-11,SH601668,0.003936045259109536,EXP_LGBModel_Alpha158_csi300_custom_step0_s_20260911_18,ca7e84e01842403192efd94e245990ca,0.043,,,
3965,2026-09-11,SH601658,0.006366614835655333,EXP_LGBModel_Alpha158_csi300_custom_step0_s_20260911_18,ca7e84e01842403192efd94e245990ca,0.043,,,
3966,2026-09-11,SH601633,-0.003666130984267457,EXP_LGBModel_Alpha158_csi300_custom_step0_s_20260911_18,ca7e84e01842403192efd94e245990ca,0.043,,,
3967,2026-09-11,SH601628,0.014550978793250109,EXP_LGBModel_Alpha158_csi300_custom_step0_s_20260911_18,ca7e84e01842403192efd94e245990ca,0.043,,,
3968,2026-09-11,SH601618,0.004191480187012978,EXP_LGBModel_Alpha158_csi300_custom_step0_s_20260911_18,ca7e84e01842403192efd94e245990ca,0.043,,,
3969,2026-09-11,SH601607,0.011935051244873937,EXP_LGBModel_Alpha158_csi300_custom_step0_s_20260911_18,ca7e84e01842403192efd94e245990ca,0.043,,,
3970,2026-09-11,SH601669,-0.0009357330359508424,EXP_LGBModel_Alpha158_csi300_custom_step0_s_20260911_18,ca7e84e01842403192efd94e245990ca,0.043,,,
3971,2026-09-11,SH601800,0.006976279451625987,EXP_LGBModel_Alpha158_csi300_custom_step0_s_20260911_18,ca7e84e01842403192efd94e245990ca,0.043,,,
3972,2026-09-11,SH601166,0.011638874462261892,EXP_LGBModel_Alpha158_csi300_custom_step0_s_20260911_18,ca7e84e01842403192efd94e245990ca,0.043,,,
3973,2026-09-11,SH601136,-0.0210590208487115,EXP_LGBModel_Alpha158_csi300_custom_step0_s_20260911_18,ca7e84e01842403192efd94e245990ca,0.043,,,
3974,2026-09-11,SH600809,-0.015554018861000421,EXP_LGBModel_Alpha158_csi300_custom_step0_s_20260911_18,ca7e84e01842403192efd94e245990ca,0.043,,,
3975,2026-09-11,SH600845,-0.0012084979408587277,EXP_LGBModel_Alpha158_csi300_custom_step0_s_20260911_18,ca7e84e01842403192efd94e245990ca,0.043,,,
3976,2026-09-11,SH600875,-0.013283931130094299,EXP_LGBModel_Alpha158_csi300_custom_step0_s_20260911_18,ca7e84e01842403192efd94e245990ca,0.043,,,
3977,2026-09-11,SH600886,0.016318348163318116,EXP_LGBModel_Alpha158_csi300_custom_step0_s_20260911_18,ca7e84e01842403192efd94e245990ca,0.043,,,
3978,2026-09-11,SH600887,0.009179670814261945,EXP_LGBModel_Alpha158_csi300_custom_step0_s_20260911_18,ca7e84e01842403192efd94e245990ca,0.043,,,
3979,2026-09-11,SH600893,-0.009709355041635009,EXP_LGBModel_Alpha158_csi300_custom_step0_s_20260911_18,ca7e84e01842403192efd94e245990ca,0.043,,,
3980,2026-09-11,SH600900,0.015127565868608446,EXP_LGBModel_Alpha158_csi300_custom_step0_s_20260911_18,ca7e84e01842403192efd94e245990ca,0.043,,,
3981,2026-09-11,SH600905,-0.00387523844872903,EXP_LGBModel_Alpha158_csi300_custom_step0_s_20260911_18,ca7e84e01842403192efd94e245990ca,0.043,,,
3982,2026-09-11,SH600918,-0.005979739300764943,EXP_LGBModel_Alpha158_csi300_custom_step0_s_20260911_18,ca7e84e01842403192efd94e245990ca,0.043,,,
3983,2026-09-11,SH600919,0.019987447151256353,EXP_LGBModel_Alpha158_csi300_custom_step0_s_20260911_18,ca7e84e01842403192efd94e245990ca,0.043,,,
3984,2026-09-11,SH600926,0.019987447151256353,EXP_LGBModel_Alpha158_csi300_custom_step0_s_20260911_18,ca7e84e01842403192efd94e245990ca,0.043,,,
3985,2026-09-11,SH600930,3.0452969662881977e-10,EXP_LGBModel_Alpha158_csi300_custom_step0_s_20260911_18,ca7e84e01842403192efd94e245990ca,0.043,,,
3986,2026-09-11,SH600938,3.0452969662881977e-10,EXP_LGBModel_Alpha158_csi300_custom_step0_s_20260911_18,ca7e84e01842403192efd94e245990ca,0.043,,,
3987,2026-09-11,SH600941,0.015423742651220491,EXP_LGBModel_Alpha158_csi300_custom_step0_s_20260911_18,ca7e84e01842403192efd94e245990ca,0.043,,,
3988,2026-09-11,SH600958,3.0452969662881977e-10,EXP_LGBModel_Alpha158_csi300_custom_step0_s_20260911_18,ca7e84e01842403192efd94e245990ca,0.043,,,
3989,2026-09-11,SH600989,0.003159042259966616,EXP_LGBModel_Alpha158_csi300_custom_step0_s_20260911_18,ca7e84e01842403192efd94e245990ca,0.043,,,
3990,2026-09-11,SH600999,-0.014654900810724854,EXP_LGBModel_Alpha158_csi300_custom_step0_s_20260911_18,ca7e84e01842403192efd94e245990ca,0.043,,,
3991,2026-09-11,SH601127,0.007107015670836873,EXP_LGBModel_Alpha158_csi300_custom_step0_s_20260911_18,ca7e84e01842403192efd94e245990ca,0.043,,,
3992,2026-09-11,SH601117,0.0008974871789613457,EXP_LGBModel_Alpha158_csi300_custom_step0_s_20260911_18,ca7e84e01842403192efd94e245990ca,0.043,,,
3993,2026-09-11,SH601111,-0.00046571721459225633,EXP_LGBModel_Alpha158_csi300_custom_step0_s_20260911_18,ca7e84e01842403192efd94e245990ca,0.043,,,
3994,2026-09-11,SH601100,0.001776952042678136,EXP_LGBModel_Alpha158_csi300_custom_step0_s_20260911_18,ca7e84e01842403192efd94e245990ca,0.043,,,
3995,2026-09-11,SH601088,0.014146361737939754,EXP_LGBModel_Alpha158_csi300_custom_step0_s_20260911_18,ca7e84e01842403192efd94e245990ca,0.043,,,
3996,2026-09-11,SH601077,0.005270935130582823,EXP_LGBModel_Alpha158_csi300_custom_step0_s_20260911_18,ca7e84e01842403192efd94e245990ca,0.043,,,
3997,2026-09-11,SH601138,-0.019641424808705753,EXP_LGBModel_Alpha158_csi300_custom_step0_s_20260911_18,ca7e84e01842403192efd94e245990ca,0.043,,,
3998,2026-09-11,SH601066,-0.01596230494377558,EXP_LGBModel_Alpha158_csi300_custom_step0_s_20260911_18,ca7e84e01842403192efd94e245990ca,0.043,,,
3999,2026-09-11,SH601058,-0.0038832726869492467,EXP_LGBModel_Alpha158_csi300_custom_step0_s_20260911_18,ca7e84e01842403192efd94e245990ca,0.043,,,
4000,2026-09-11,SH601021,0.0027292231260893727,EXP_LGBModel_Alpha158_csi300_custom_step0_s_20260911_18,ca7e84e01842403192efd94e245990ca,0.043,,,
4001,2026-09-11,SH601018,0.019987447151256353,EXP_LGBModel_Alpha158_csi300_custom_step0_s_20260911_18,ca7e84e01842403192efd94e245990ca,0.043,,,
4002,2026-09-11,SH601012,-0.008741769131702772,EXP_LGBModel_Alpha158_csi300_custom_step0_s_20260911_18,ca7e84e01842403192efd94e245990ca,0.043,,,
4003,2026-09-11,SH601009,0.001782782853381461,EXP_LGBModel_Alpha158_csi300_custom_step0_s_20260911_18,ca7e84e01842403192efd94e245990ca,0.043,,,
4004,2026-09-11,SH601006,0.015127565868608446,EXP_LGBModel_Alpha158_csi300_custom_step0_s_20260911_18,ca7e84e01842403192efd94e245990ca,0.043,,,
4005,2026-09-11,SH601059,-0.004017584314606071,EXP_LGBModel_Alpha158_csi300_custom_step0_s_20260911_18,ca7e84e01842403192efd94e245990ca,0.043,,,
4006,2026-09-11,SH600803,0.010565457424429298,EXP_LGBModel_Alpha158_csi300_custom_step0_s_20260911_18,ca7e84e01842403192efd94e245990ca,0.043,,,
4007,2026-09-11,SH601816,0.006976279451625987,EXP_LGBModel_Alpha158_csi300_custom_step0_s_20260911_18,ca7e84e01842403192efd94e245990ca,0.043,,,
4008,2026-09-11,SH601825,0.015115668856195974,EXP_LGBModel_Alpha158_csi300_custom_step0_s_20260911_18,ca7e84e01842403192efd94e245990ca,0.043,,,
4009,2026-09-11,SH688036,-0.015387499069280936,EXP_LGBModel_Alpha158_csi300_custom_step0_s_20260911_18,ca7e84e01842403192efd94e245990ca,0.043,,,
4010,2026-09-11,SH688041,0.027228404276015056,EXP_LGBModel_Alpha158_csi300_custom_step0_s_20260911_18,ca7e84e01842403192efd94e245990ca,0.043,,,
4011,2026-09-11,SH688047,-0.013784981617050131,EXP_LGBModel_Alpha158_csi300_custom_step0_s_20260911_18,ca7e84e01842403192efd94e245990ca,0.043,,,
4012,2026-09-11,SH688072,-0.005644367466412249,EXP_LGBModel_Alpha158_csi300_custom_step0_s_20260911_18,ca7e84e01842403192efd94e245990ca,0.043,,,
4013,2026-09-11,SH688082,-0.005245119364741113,EXP_LGBModel_Alpha158_csi300_custom_step0_s_20260911_18,ca7e84e01842403192efd94e245990ca,0.043,,,
4014,2026-09-11,SH688111,-0.015114703656479675,EXP_LGBModel_Alpha158_csi300_custom_step0_s_20260911_18,ca7e84e01842403192efd94e245990ca,0.043,,,
4015,2026-09-11,SH688126,-0.004449964968339219,EXP_LGBModel_Alpha158_csi300_custom_step0_s_20260911_18,ca7e84e01842403192efd94e245990ca,0.043,,,
4016,2026-09-11,SH688183,-0.00695720090548342,EXP_LGBModel_Alpha158_csi300_custom_step0_s_20260911_18,ca7e84e01842403192efd94e245990ca,0.043,,,
4017,2026-09-11,SH688223,-0.005784908994176714,EXP_LGBModel_Alpha158_csi300_custom_step0_s_20260911_18,ca7e84e01842403192efd94e245990ca,0.043,,,
4018,2026-09-11,SH688256,-0.006338326576248674,EXP_LGBModel_Alpha158_csi300_custom_step0_s_20260911_18,ca7e84e01842403192efd94e245990ca,0.043,,,
4019,2026-09-11,SH688271,-0.012811946031682226,EXP_LGBModel_Alpha158_csi300_custom_step0_s_20260911_18,ca7e84e01842403192efd94e245990ca,0.043,,,
4020,2026-09-11,SH688303,-0.002719553827644357,EXP_LGBModel_Alpha158_csi300_custom_step0_s_20260911_18,ca7e84e01842403192efd94e245990ca,0.043,,,
4021,2026-09-11,SH688396,-0.009050411484761264,EXP_LGBModel_Alpha158_csi300_custom_step0_s_20260911_18,ca7e84e01842403192efd94e245990ca,0.043,,,
4022,2026-09-11,SH688472,0.005009182770922261,EXP_LGBModel_Alpha158_csi300_custom_step0_s_20260911_18,ca7e84e01842403192efd94e245990ca,0.043,,,
4023,2026-09-11,SH688506,0.02581477367379819,EXP_LGBModel_Alpha158_csi300_custom_step0_s_20260911_18,ca7e84e01842403192efd94e245990ca,0.043,,,
4024,2026-09-11,SH688521,0.013683906258245839,EXP_LGBModel_Alpha158_csi300_custom_step0_s_20260911_18,ca7e84e01842403192efd94e245990ca,0.043,,,
4025,2026-09-11,SH688981,-0.010990495233038581,EXP_LGBModel_Alpha158_csi300_custom_step0_s_20260911_18,ca7e84e01842403192efd94e245990ca,0.043,,,
4026,2026-09-11,SZ000596,-0.012893770644212241,EXP_LGBModel_Alpha158_csi300_custom_step0_s_20260911_18,ca7e84e01842403192efd94e245990ca,0.043,,,
4027,2026-09-11,SZ000568,-0.009198145647056642,EXP_LGBModel_Alpha158_csi300_custom_step0_s_20260911_18,ca7e84e01842403192efd94e245990ca,0.043,,,
4028,2026-09-11,SZ000538,0.012672191018403473,EXP_LGBModel_Alpha158_csi300_custom_step0_s_20260911_18,ca7e84e01842403192efd94e245990ca,0.043,,,
4029,2026-09-11,SZ000425,-0.009882882615581366,EXP_LGBModel_Alpha158_csi300_custom_step0_s_20260911_18,ca7e84e01842403192efd94e245990ca,0.043,,,
4030,2026-09-11,SZ000408,-0.0032675447089057187,EXP_LGBModel_Alpha158_csi300_custom_step0_s_20260911_18,ca7e84e01842403192efd94e245990ca,0.043,,,
4031,2026-09-11,SZ000338,-0.018316948019393306,EXP_LGBModel_Alpha158_csi300_custom_step0_s_20260911_18,ca7e84e01842403192efd94e245990ca,0.043,,,
4032,2026-09-11,SH688012,-0.008098375790839916,EXP_LGBModel_Alpha158_csi300_custom_step0_s_20260911_18,ca7e84e01842403192efd94e245990ca,0.043,,,
4033,2026-09-11,SZ000333,0.019987447151256353,EXP_LGBModel_Alpha158_csi300_custom_step0_s_20260911_18,ca7e84e01842403192efd94e245990ca,0.043,,,
4034,2026-09-11,SZ000166,0.006511661239298073,EXP_LGBModel_Alpha158_csi300_custom_step0_s_20260911_18,ca7e84e01842403192efd94e245990ca,0.043,,,
4035,2026-09-11,SZ000157,-6.0604316785516795e-05,EXP_LGBModel_Alpha158_csi300_custom_step0_s_20260911_18,ca7e84e01842403192efd94e245990ca,0.043,,,
4036,2026-09-11,SZ000100,-0.011153736147920416,EXP_LGBModel_Alpha158_csi300_custom_step0_s_20260911_18,ca7e84e01842403192efd94e245990ca,0.043,,,
4037,2026-09-11,SZ000063,-0.013420751289118323,EXP_LGBModel_Alpha158_csi300_custom_step0_s_20260911_18,ca7e84e01842403192efd94e245990ca,0.043,,,
4038,2026-09-11,SZ000002,-0.005801668121663672,EXP_LGBModel_Alpha158_csi300_custom_step0_s_20260911_18,ca7e84e01842403192efd94e245990ca,0.043,,,
4039,2026-09-11,SZ000001,0.01723206672064436,EXP_LGBModel_Alpha158_csi300_custom_step0_s_20260911_18,ca7e84e01842403192efd94e245990ca,0.043,,,
4040,2026-09-11,SZ000301,-0.015507205890366204,EXP_LGBModel_Alpha158_csi300_custom_step0_s_20260911_18,ca7e84e01842403192efd94e245990ca,0.043,,,
4041,2026-09-11,SH601818,0.0012519747742347903,EXP_LGBModel_Alpha158_csi300_custom_step0_s_20260911_18,ca7e84e01842403192efd94e245990ca,0.043,,,
4042,2026-09-11,SH688009,-0.0004803014602485431,EXP_LGBModel_Alpha158_csi300_custom_step0_s_20260911_18,ca7e84e01842403192efd94e245990ca,0.043,,,
4043,2026-09-11,SH605499,-0.01924403217121475,EXP_LGBModel_Alpha158_csi300_custom_step0_s_20260911_18,ca7e84e01842403192efd94e245990ca,0.043,,,
4044,2026-09-11,SH601838,-0.003378191789034389,EXP_LGBModel_Alpha158_csi300_custom_step0_s_20260911_18,ca7e84e01842403192efd94e245990ca,0.043,,,
4045,2026-09-11,SH601857,0.01723206672064436,EXP_LGBModel_Alpha158_csi300_custom_step0_s_20260911_18,ca7e84e01842403192efd94e245990ca,0.043,,,
4046,2026-09-11,SH601868,-0.0020420182338168422,EXP_LGBModel_Alpha158_csi300_custom_step0_s_20260911_18,ca7e84e01842403192efd94e245990ca,0.043,,,
4047,2026-09-11,SH601872,0.00039185223297075146,EXP_LGBModel_Alpha158_csi300_custom_step0_s_20260911_18,ca7e84e01842403192efd94e245990ca,0.043,,,
4048,2026-09-11,SH601877,-0.004178096149458223,EXP_LGBModel_Alpha158_csi300_custom_step0_s_20260911_18,ca7e84e01842403192efd94e245990ca,0.043,,,
4049,2026-09-11,SH601878,-0.005724304372861501,EXP_LGBModel_Alpha158_csi300_custom_step0_s_20260911_18,ca7e84e01842403192efd94e245990ca,0.043,,,
4050,2026-09-11,SH601881,-0.005979739300764943,EXP_LGBModel_Alpha158_csi300_custom_step0_s_20260911_18,ca7e84e01842403192efd94e245990ca,0.043,,,
4051,2026-09-11,SH601888,-0.012811946031682226,EXP_LGBModel_Alpha158_csi300_custom_step0_s_20260911_18,ca7e84e01842403192efd94e245990ca,0.043,,,
4052,2026-09-11,SH601898,-0.014924037195173526,EXP_LGBModel_Alpha158_csi300_custom_step0_s_20260911_18,ca7e84e01842403192efd94e245990ca,0.043,,,
4053,2026-09-11,SH601899,-0.0014305907062201538,EXP_LGBModel_Alpha158_csi300_custom_step0_s_20260911_18,ca7e84e01842403192efd94e245990ca,0.043,,,
4054,2026-09-11,SH601901,0.0015777855915384425,EXP_LGBModel_Alpha158_csi300_custom_step0_s_20260911_18,ca7e84e01842403192efd94e245990ca,0.043,,,
4055,2026-09-11,SH601916,0.015127565868608446,EXP_LGBModel_Alpha158_csi300_custom_step0_s_20260911_18,ca7e84e01842403192efd94e245990ca,0.043,,,
4056,2026-09-11,SH601919,-0.0072493381171988384,EXP_LGBModel_Alpha158_csi300_custom_step0_s_20260911_18,ca7e84e01842403192efd94e245990ca,0.043,,,
4057,2026-09-11,SH601939,0.01723206672064436,EXP_LGBModel_Alpha158_csi300_custom_step0_s_20260911_18,ca7e84e01842403192efd94e245990ca,0.043,,,
4058,2026-09-11,SH601985,0.011638874462261892,EXP_LGBModel_Alpha158_csi300_custom_step0_s_20260911_18,ca7e84e01842403192efd94e245990ca,0.043,,,
4059,2026-09-11,SH601988,0.01266995827646521,EXP_LGBModel_Alpha158_csi300_custom_step0_s_20260911_18,ca7e84e01842403192efd94e245990ca,0.043,,,
4060,2026-09-11,SH601995,-0.016022909565090792,EXP_LGBModel_Alpha158_csi300_custom_step0_s_20260911_18,ca7e84e01842403192efd94e245990ca,0.043,,,
4061,2026-09-11,SH605117,-0.014817982743153496,EXP_LGBModel_Alpha158_csi300_custom_step0_s_20260911_18,ca7e84e01842403192efd94e245990ca,0.043,,,
4062,2026-09-11,SH603993,-0.00225100505727913,EXP_LGBModel_Alpha158_csi300_custom_step0_s_20260911_18,ca7e84e01842403192efd94e245990ca,0.043,,,
4063,2026-09-11,SH603986,-0.007447894032530462,EXP_LGBModel_Alpha158_csi300_custom_step0_s_20260911_18,ca7e84e01842403192efd94e245990ca,0.043,,,
4064,2026-09-11,SH603893,-0.015507205890366204,EXP_LGBModel_Alpha158_csi300_custom_step0_s_20260911_18,ca7e84e01842403192efd94e245990ca,0.043,,,
4065,2026-09-11,SH603799,-0.010990495233038581,EXP_LGBModel_Alpha158_csi300_custom_step0_s_20260911_18,ca7e84e01842403192efd94e245990ca,0.043,,,
4066,2026-09-11,SH603501,-0.010825458008975566,EXP_LGBModel_Alpha158_csi300_custom_step0_s_20260911_18,ca7e84e01842403192efd94e245990ca,0.043,,,
4067,2026-09-11,SH688008,-0.01396990302927519,EXP_LGBModel_Alpha158_csi300_custom_step0_s_20260911_18,ca7e84e01842403192efd94e245990ca,0.043,,,
4068,2026-09-11,SH603392,-0.0189257532768294,EXP_LGBModel_Alpha158_csi300_custom_step0_s_20260911_18,ca7e84e01842403192efd94e245990ca,0.043,,,
4069,2026-09-11,SH603296,-0.017368752909022046,EXP_LGBModel_Alpha158_csi300_custom_step0_s_20260911_18,ca7e84e01842403192efd94e245990ca,0.043,,,
4070,2026-09-11,SH603288,0.0012680533932929309,EXP_LGBModel_Alpha158_csi300_custom_step0_s_20260911_18,ca7e84e01842403192efd94e245990ca,0.043,,,
4071,2026-09-11,SH603260,-0.008865490072536206,EXP_LGBModel_Alpha158_csi300_custom_step0_s_20260911_18,ca7e84e01842403192efd94e245990ca,0.043,,,
4072,2026-09-11,SH603259,-0.0012084979408587277,EXP_LGBModel_Alpha158_csi300_custom_step0_s_20260911_18,ca7e84e01842403192efd94e245990ca,0.043,,,
4073,2026-09-11,SH603019,-0.00930018999105093,EXP_LGBModel_Alpha158_csi300_custom_step0_s_20260911_18,ca7e84e01842403192efd94e245990ca,0.043,,,
4074,2026-09-11,SH601998,0.006976279451625987,EXP_LGBModel_Alpha158_csi300_custom_step0_s_20260911_18,ca7e84e01842403192efd94e245990ca,0.043,,,
4075,2026-09-11,SH603369,-0.0074649431741455104,EXP_LGBModel_Alpha158_csi300_custom_step0_s_20260911_18,ca7e84e01842403192efd94e245990ca,0.043,,,
4076,2026-09-11,SH600795,0.0126683622206085,EXP_LGBModel_Alpha158_csi300_custom_step0_s_20260911_18,ca7e84e01842403192efd94e245990ca,0.043,,,
4077,2026-09-11,SH600760,0.0070751699622260324,EXP_LGBModel_Alpha158_csi300_custom_step0_s_20260911_18,ca7e84e01842403192efd94e245990ca,0.043,,,
4078,2026-09-11,SH600741,-0.0006802981080474002,EXP_LGBModel_Alpha158_csi300_custom_step0_s_20260911_18,ca7e84e01842403192efd94e245990ca,0.043,,,
4079,2026-09-11,SZ002837,0.014032213867571381,EXP_LGBModel_Alpha158_csi300_custom_step0_s_20260911_18,34e027e641654c049ce3913bee51c767,0.126,,,
4080,2026-09-11,SZ002916,-0.002179967575429539,EXP_LGBModel_Alpha158_csi300_custom_step0_s_20260911_18,34e027e641654c049ce3913bee51c767,0.126,,,
4081,2026-09-11,SZ002920,-0.00901534512300098,EXP_LGBModel_Alpha158_csi300_custom_step0_s_20260911_18,34e027e641654c049ce3913bee51c767,0.126,,,
4082,2026-09-11,SZ002938,-0.002179967575429539,EXP_LGBModel_Alpha158_csi300_custom_step0_s_20260911_18,34e027e641654c049ce3913bee51c767,0.126,,,
4083,2026-09-11,SZ003816,0.0007655127270128944,EXP_LGBModel_Alpha158_csi300_custom_step0_s_20260911_18,34e027e641654c049ce3913bee51c767,0.126,,,
4084,2026-09-11,SZ300014,0.0023303557406011916,EXP_LGBModel_Alpha158_csi300_custom_step0_s_20260911_18,34e027e641654c049ce3913bee51c767,0.126,,,
4085,2026-09-11,SZ300015,0.00565607887049965,EXP_LGBModel_Alpha158_csi300_custom_step0_s_20260911_18,34e027e641654c049ce3913bee51c767,0.126,,,
4086,2026-09-11,SZ300033,-0.00901534512300098,EXP_LGBModel_Alpha158_csi300_custom_step0_s_20260911_18,34e027e641654c049ce3913bee51c767,0.126,,,
4087,2026-09-11,SZ300059,-1.4135654980394333e-10,EXP_LGBModel_Alpha158_csi300_custom_step0_s_20260911_18,34e027e641654c049ce3913bee51c767,0.126,,,
4088,2026-09-11,SZ300122,-0.00901534512300098,EXP_LGBModel_Alpha158_csi300_custom_step0_s_20260911_18,34e027e641654c049ce3913bee51c767,0.126,,,
4089,2026-09-11,SZ300124,-0.007274279563039878,EXP_LGBModel_Alpha158_csi300_custom_step0_s_20260911_18,34e027e641654c049ce3913bee51c767,0.126,,,
4090,2026-09-11,SZ300251,-0.00901534512300098,EXP_LGBModel_Alpha158_csi300_custom_step0_s_20260911_18,34e027e641654c049ce3913bee51c767,0.126,,,
4091,2026-09-11,SZ300274,0.014787841034733636,EXP_LGBModel_Alpha158_csi300_custom_step0_s_20260911_18,34e027e641654c049ce3913bee51c767,0.126,,,
4092,2026-09-11,SZ300308,0.00016711226224359508,EXP_LGBModel_Alpha158_csi300_custom_step0_s_20260911_18,34e027e641654c049ce3913bee51c767,0.126,,,
4093,2026-09-11,SZ300316,-0.0025664014358253223,EXP_LGBModel_Alpha158_csi300_custom_step0_s_20260911_18,34e027e641654c049ce3913bee51c767,0.126,,,
4094,2026-09-11,SZ300394,-1.4135654980394333e-10,EXP_LGBModel_Alpha158_csi300_custom_step0_s_20260911_18,34e027e641654c049ce3913bee51c767,0.126,,,
4095,2026-09-11,SZ300408,-1.4135654980394333e-10,EXP_LGBModel_Alpha158_csi300_custom_step0_s_20260911_18,34e027e641654c049ce3913bee51c767,0.126,,,
4096,2026-09-11,SZ300832,-0.006835377688927989,EXP_LGBModel_Alpha158_csi300_custom_step0_s_20260911_18,34e027e641654c049ce3913bee51c767,0.126,,,
4097,2026-09-11,SZ300803,-0.00901534512300098,EXP_LGBModel_Alpha158_csi300_custom_step0_s_20260911_18,34e027e641654c049ce3913bee51c767,0.126,,,
4098,2026-09-11,SZ300760,0.005601337656976746,EXP_LGBModel_Alpha158_csi300_custom_step0_s_20260911_18,34e027e641654c049ce3913bee51c767,0.126,,,
4099,2026-09-11,SZ300750,0.0016302577617783426,EXP_LGBModel_Alpha158_csi300_custom_step0_s_20260911_18,34e027e641654c049ce3913bee51c767,0.126,,,
4100,2026-09-11,SZ300661,-0.00901534512300098,EXP_LGBModel_Alpha158_csi300_custom_step0_s_20260911_18,34e027e641654c049ce3913bee51c767,0.126,,,
4101,2026-09-11,SZ300628,-0.006201490223186633,EXP_LGBModel_Alpha158_csi300_custom_step0_s_20260911_18,34e027e641654c049ce3913bee51c767,0.126,,,
4102,2026-09-11,SZ002736,0.004684523062338892,EXP_LGBModel_Alpha158_csi300_custom_step0_s_20260911_18,34e027e641654c049ce3913bee51c767,0.126,,,
4103,2026-09-11,SZ300502,0.00016711226224359508,EXP_LGBModel_Alpha158_csi300_custom_step0_s_20260911_18,34e027e641654c049ce3913bee51c767,0.126,,,
4104,2026-09-11,SZ300476,0.014032213867571381,EXP_LGBModel_Alpha158_csi300_custom_step0_s_20260911_18,34e027e641654c049ce3913bee51c767,0.126,,,
4105,2026-09-11,SZ300450,-0.002379108278070696,EXP_LGBModel_Alpha158_csi300_custom_step0_s_20260911_18,34e027e641654c049ce3913bee51c767,0.126,,,
4106,2026-09-11,SZ300442,-0.006825160038642157,EXP_LGBModel_Alpha158_csi300_custom_step0_s_20260911_18,34e027e641654c049ce3913bee51c767,0.126,,,
4107,2026-09-11,SZ300433,-0.002928817809008793,EXP_LGBModel_Alpha158_csi300_custom_step0_s_20260911_18,34e027e641654c049ce3913bee51c767,0.126,,,
4108,2026-09-11,SZ300418,-0.00901534512300098,EXP_LGBModel_Alpha158_csi300_custom_step0_s_20260911_18,34e027e641654c049ce3913bee51c767,0.126,,,
4109,2026-09-11,SZ300413,0.013696264218280806,EXP_LGBModel_Alpha158_csi300_custom_step0_s_20260911_18,34e027e641654c049ce3913bee51c767,0.126,,,
4110,2026-09-11,SZ300498,0.008815026159461545,EXP_LGBModel_Alpha158_csi300_custom_step0_s_20260911_18,34e027e641654c049ce3913bee51c767,0.126,,,
4111,2026-09-11,SZ300866,-0.00428450519576554,EXP_LGBModel_Alpha158_csi300_custom_step0_s_20260911_18,34e027e641654c049ce3913bee51c767,0.126,,,
4112,2026-09-11,SZ002714,-0.005190810379464161,EXP_LGBModel_Alpha158_csi300_custom_step0_s_20260911_18,34e027e641654c049ce3913bee51c767,0.126,,,
4113,2026-09-11,SZ002648,0.004084186232226105,EXP_LGBModel_Alpha158_csi300_custom_step0_s_20260911_18,34e027e641654c049ce3913bee51c767,0.126,,,
4114,2026-09-11,SZ002001,-1.4135654980394333e-10,EXP_LGBModel_Alpha158_csi300_custom_step0_s_20260911_18,34e027e641654c049ce3913bee51c767,0.126,,,
4115,2026-09-11,SZ002027,0.008062347601747333,EXP_LGBModel_Alpha158_csi300_custom_step0_s_20260911_18,34e027e641654c049ce3913bee51c767,0.126,,,
4116,2026-09-11,SZ002028,0.014787841034733636,EXP_LGBModel_Alpha158_csi300_custom_step0_s_20260911_18,34e027e641654c049ce3913bee51c767,0.126,,,
4117,2026-09-11,SZ002049,-0.004559075712143685,EXP_LGBModel_Alpha158_csi300_custom_step0_s_20260911_18,34e027e641654c049ce3913bee51c767,0.126,,,
4118,2026-09-11,SZ002050,-0.002179967575429539,EXP_LGBModel_Alpha158_csi300_custom_step0_s_20260911_18,34e027e641654c049ce3913bee51c767,0.126,,,
4119,2026-09-11,SZ002074,-0.00901534512300098,EXP_LGBModel_Alpha158_csi300_custom_step0_s_20260911_18,34e027e641654c049ce3913bee51c767,0.126,,,
4120,2026-09-11,SZ002142,0.008679421424090367,EXP_LGBModel_Alpha158_csi300_custom_step0_s_20260911_18,34e027e641654c049ce3913bee51c767,0.126,,,
4121,2026-09-11,SZ002179,-0.009152651591785037,EXP_LGBModel_Alpha158_csi300_custom_step0_s_20260911_18,34e027e641654c049ce3913bee51c767,0.126,,,
4122,2026-09-11,SZ002202,-0.0023672607331841657,EXP_LGBModel_Alpha158_csi300_custom_step0_s_20260911_18,34e027e641654c049ce3913bee51c767,0.126,,,
4123,2026-09-11,SZ002230,0.0002259468517704043,EXP_LGBModel_Alpha158_csi300_custom_step0_s_20260911_18,34e027e641654c049ce3913bee51c767,0.126,,,
4124,2026-09-11,SZ002236,0.0015788272941198648,EXP_LGBModel_Alpha158_csi300_custom_step0_s_20260911_18,34e027e641654c049ce3913bee51c767,0.126,,,
4125,2026-09-11,SZ002241,-0.00901534512300098,EXP_LGBModel_Alpha158_csi300_custom_step0_s_20260911_18,34e027e641654c049ce3913bee51c767,0.126,,,
4126,2026-09-11,SZ002304,0.008062347601747333,EXP_LGBModel_Alpha158_csi300_custom_step0_s_20260911_18,34e027e641654c049ce3913bee51c767,0.126,,,
4127,2026-09-11,SZ002311,-0.002179967575429539,EXP_LGBModel_Alpha158_csi300_custom_step0_s_20260911_18,34e027e641654c049ce3913bee51c767,0.126,,,
4128,2026-09-11,SZ002352,0.00424436383862338,EXP_LGBModel_Alpha158_csi300_custom_step0_s_20260911_18,34e027e641654c049ce3913bee51c767,0.126,,,
4129,2026-09-11,SZ002353,0.009776884279251715,EXP_LGBModel_Alpha158_csi300_custom_step0_s_20260911_18,34e027e641654c049ce3913bee51c767,0.126,,,
4130,2026-09-11,SZ002371,-0.006041058345293696,EXP_LGBModel_Alpha158_csi300_custom_step0_s_20260911_18,34e027e641654c049ce3913bee51c767,0.126,,,
4131,2026-09-11,SZ002625,-0.00901534512300098,EXP_LGBModel_Alpha158_csi300_custom_step0_s_20260911_18,34e027e641654c049ce3913bee51c767,0.126,,,
4132,2026-09-11,SZ002602,-0.011181596478318043,EXP_LGBModel_Alpha158_csi300_custom_step0_s_20260911_18,34e027e641654c049ce3913bee51c767,0.126,,,
4133,2026-09-11,SZ002600,-0.009152651591785037,EXP_LGBModel_Alpha158_csi300_custom_step0_s_20260911_18,34e027e641654c049ce3913bee51c767,0.126,,,
4134,2026-09-11,SZ002594,0.00016711226224359508,EXP_LGBModel_Alpha158_csi300_custom_step0_s_20260911_18,34e027e641654c049ce3913bee51c767,0.126,,,
4135,2026-09-11,SZ002558,-0.00901534512300098,EXP_LGBModel_Alpha158_csi300_custom_step0_s_20260911_18,34e027e641654c049ce3913bee51c767,0.126,,,
4136,2026-09-11,SZ002532,-0.00901534512300098,EXP_LGBModel_Alpha158_csi300_custom_step0_s_20260911_18,34e027e641654c049ce3913bee51c767,0.126,,,
4137,2026-09-11,SZ002709,0.0023303557406011916,EXP_LGBModel_Alpha158_csi300_custom_step0_s_20260911_18,34e027e641654c049ce3913bee51c767,0.126,,,
4138,2026-09-11,SZ002493,-0.006749260796502508,EXP_LGBModel_Alpha158_csi300_custom_step0_s_20260911_18,34e027e641654c049ce3913bee51c767,0.126,,,
4139,2026-09-11,SZ002466,-0.006825160038642157,EXP_LGBModel_Alpha158_csi300_custom_step0_s_20260911_18,34e027e641654c049ce3913bee51c767,0.126,,,
4140,2026-09-11,SZ002463,-0.002179967575429539,EXP_LGBModel_Alpha158_csi300_custom_step0_s_20260911_18,34e027e641654c049ce3913bee51c767,0.126,,,
4141,2026-09-11,SZ002460,-0.005119002893367616,EXP_LGBModel_Alpha158_csi300_custom_step0_s_20260911_18,34e027e641654c049ce3913bee51c767,0.126,,,
4142,2026-09-11,SZ002422,0.0023303557406011916,EXP_LGBModel_Alpha158_csi300_custom_step0_s_20260911_18,34e027e641654c049ce3913bee51c767,0.126,,,
4143,2026-09-11,SZ002415,0.00016711226224359508,EXP_LGBModel_Alpha158_csi300_custom_step0_s_20260911_18,34e027e641654c049ce3913bee51c767,0.126,,,
4144,2026-09-11,SZ002384,-0.006825160038642157,EXP_LGBModel_Alpha158_csi300_custom_step0_s_20260911_18,34e027e641654c049ce3913bee51c767,0.126,,,
4145,2026-09-11,SZ002475,-0.00901534512300098,EXP_LGBModel_Alpha158_csi300_custom_step0_s_20260911_18,34e027e641654c049ce3913bee51c767,0.126,,,
4146,2026-09-11,SZ300896,-0.00901534512300098,EXP_LGBModel_Alpha158_csi300_custom_step0_s_20260911_18,34e027e641654c049ce3913bee51c767,0.126,,,
4147,2026-09-11,SZ300999,0.006248109683783412,EXP_LGBModel_Alpha158_csi300_custom_step0_s_20260911_18,34e027e641654c049ce3913bee51c767,0.126,,,
4148,2026-09-11,SZ301165,0.009776884279251715,EXP_LGBModel_Alpha158_csi300_custom_step0_s_20260911_18,34e027e641654c049ce3913bee51c767,0.126,,,
4149,2026-09-11,SH600188,-0.008671980670953509,EXP_LGBModel_Alpha158_csi300_custom_step0_s_20260911_18,ca7e84e01842403192efd94e245990ca,0.043,,,
4150,2026-09-11,SH600196,-0.003738103438263344,EXP_LGBModel_Alpha158_csi300_custom_step0_s_20260911_18,ca7e84e01842403192efd94e245990ca,0.043,,,
4151,2026-09-11,SH600219,-0.006546827952300724,EXP_LGBModel_Alpha158_csi300_custom_step0_s_20260911_18,ca7e84e01842403192efd94e245990ca,0.043,,,
4152,2026-09-11,SH600221,-0.0020420182338168422,EXP_LGBModel_Alpha158_csi300_custom_step0_s_20260911_18,ca7e84e01842403192efd94e245990ca,0.043,,,
4153,2026-09-11,SH600233,-0.009277225230057341,EXP_LGBModel_Alpha158_csi300_custom_step0_s_20260911_18,ca7e84e01842403192efd94e245990ca,0.043,,,
4154,2026-09-11,SH600276,0.006494940856633604,EXP_LGBModel_Alpha158_csi300_custom_step0_s_20260911_18,ca7e84e01842403192efd94e245990ca,0.043,,,
4155,2026-09-11,SH600309,0.014936857330461002,EXP_LGBModel_Alpha158_csi300_custom_step0_s_20260911_18,ca7e84e01842403192efd94e245990ca,0.043,,,
4156,2026-09-11,SH600346,-0.01070533505701642,EXP_LGBModel_Alpha158_csi300_custom_step0_s_20260911_18,ca7e84e01842403192efd94e245990ca,0.043,,,
4157,2026-09-11,SH600362,-0.0010489700296608825,EXP_LGBModel_Alpha158_csi300_custom_step0_s_20260911_18,ca7e84e01842403192efd94e245990ca,0.043,,,
4158,2026-09-11,SH600372,-0.005606356582626967,EXP_LGBModel_Alpha158_csi300_custom_step0_s_20260911_18,ca7e84e01842403192efd94e245990ca,0.043,,,
4159,2026-09-11,SH600406,0.0031499482680143595,EXP_LGBModel_Alpha158_csi300_custom_step0_s_20260911_18,ca7e84e01842403192efd94e245990ca,0.043,,,
4160,2026-09-11,SH600415,-0.009216012863142328,EXP_LGBModel_Alpha158_csi300_custom_step0_s_20260911_18,ca7e84e01842403192efd94e245990ca,0.043,,,
4161,2026-09-11,SH600426,-0.007205631378904641,EXP_LGBModel_Alpha158_csi300_custom_step0_s_20260911_18,ca7e84e01842403192efd94e245990ca,0.043,,,
4162,2026-09-11,SH600436,0.005695911871307182,EXP_LGBModel_Alpha158_csi300_custom_step0_s_20260911_18,ca7e84e01842403192efd94e245990ca,0.043,,,
4163,2026-09-11,SH600438,-0.015028356602262337,EXP_LGBModel_Alpha158_csi300_custom_step0_s_20260911_18,ca7e84e01842403192efd94e245990ca,0.043,,,
4164,2026-09-11,SH600460,-0.002283879077057423,EXP_LGBModel_Alpha158_csi300_custom_step0_s_20260911_18,ca7e84e01842403192efd94e245990ca,0.043,,,
4165,2026-09-11,SH600482,-0.011284076699764042,EXP_LGBModel_Alpha158_csi300_custom_step0_s_20260911_18,ca7e84e01842403192efd94e245990ca,0.043,,,
4166,2026-09-11,SH600690,0.005695911871307182,EXP_LGBModel_Alpha158_csi300_custom_step0_s_20260911_18,ca7e84e01842403192efd94e245990ca,0.043,,,
4167,2026-09-11,SH600674,0.019987447151256353,EXP_LGBModel_Alpha158_csi300_custom_step0_s_20260911_18,ca7e84e01842403192efd94e245990ca,0.043,,,
4168,2026-09-11,SH600660,-0.010780342168902488,EXP_LGBModel_Alpha158_csi300_custom_step0_s_20260911_18,ca7e84e01842403192efd94e245990ca,0.043,,,
4169,2026-09-11,SH600600,0.007008303475328192,EXP_LGBModel_Alpha158_csi300_custom_step0_s_20260911_18,ca7e84e01842403192efd94e245990ca,0.043,,,
4170,2026-09-11,SH600588,0.000757274935197897,EXP_LGBModel_Alpha158_csi300_custom_step0_s_20260911_18,ca7e84e01842403192efd94e245990ca,0.043,,,
4171,2026-09-11,SH600585,-0.005979739300764943,EXP_LGBModel_Alpha158_csi300_custom_step0_s_20260911_18,ca7e84e01842403192efd94e245990ca,0.043,,,
4172,2026-09-11,SH600183,0.00156524125476658,EXP_LGBModel_Alpha158_csi300_custom_step0_s_20260911_18,ca7e84e01842403192efd94e245990ca,0.043,,,
4173,2026-09-11,SH600584,0.002589207941144087,EXP_LGBModel_Alpha158_csi300_custom_step0_s_20260911_18,ca7e84e01842403192efd94e245990ca,0.043,,,
4174,2026-09-11,SH600549,-0.009167352581871447,EXP_LGBModel_Alpha158_csi300_custom_step0_s_20260911_18,ca7e84e01842403192efd94e245990ca,0.043,,,
4175,2026-09-11,SH600547,0.03208099120173401,EXP_LGBModel_Alpha158_csi300_custom_step0_s_20260911_18,ca7e84e01842403192efd94e245990ca,0.043,,,
4176,2026-09-11,SH600522,-0.0016275174120588382,EXP_LGBModel_Alpha158_csi300_custom_step0_s_20260911_18,ca7e84e01842403192efd94e245990ca,0.043,,,
4177,2026-09-11,SH600519,-0.003619803520825588,EXP_LGBModel_Alpha158_csi300_custom_step0_s_20260911_18,ca7e84e01842403192efd94e245990ca,0.043,,,
4178,2026-09-11,SH600515,-0.002005298005069603,EXP_LGBModel_Alpha158_csi300_custom_step0_s_20260911_18,ca7e84e01842403192efd94e245990ca,0.043,,,
4179,2026-09-11,SH600489,-0.002588304427785631,EXP_LGBModel_Alpha158_csi300_custom_step0_s_20260911_18,ca7e84e01842403192efd94e245990ca,0.043,,,
4180,2026-09-11,SH600570,-0.0189257532768294,EXP_LGBModel_Alpha158_csi300_custom_step0_s_20260911_18,ca7e84e01842403192efd94e245990ca,0.043,,,
4181,2026-09-11,SH600176,-0.0040081142468661795,EXP_LGBModel_Alpha158_csi300_custom_step0_s_20260911_18,ca7e84e01842403192efd94e245990ca,0.043,,,
4182,2026-09-11,SH600160,-0.011629280768016845,EXP_LGBModel_Alpha158_csi300_custom_step0_s_20260911_18,ca7e84e01842403192efd94e245990ca,0.043,,,
4183,2026-09-11,SH600150,-0.00894706380477212,EXP_LGBModel_Alpha158_csi300_custom_step0_s_20260911_18,ca7e84e01842403192efd94e245990ca,0.043,,,
4184,2026-09-11,SH600025,0.01723206672064436,EXP_LGBModel_Alpha158_csi300_custom_step0_s_20260911_18,ca7e84e01842403192efd94e245990ca,0.043,,,
4185,2026-09-11,SH600023,0.01723206672064436,EXP_LGBModel_Alpha158_csi300_custom_step0_s_20260911_18,ca7e84e01842403192efd94e245990ca,0.043,,,
4186,2026-09-11,SH600019,0.012783228928158552,EXP_LGBModel_Alpha158_csi300_custom_step0_s_20260911_18,ca7e84e01842403192efd94e245990ca,0.043,,,
4187,2026-09-11,SH600018,0.006366614835655333,EXP_LGBModel_Alpha158_csi300_custom_step0_s_20260911_18,ca7e84e01842403192efd94e245990ca,0.043,,,
4188,2026-09-11,SH600016,0.01266995827646521,EXP_LGBModel_Alpha158_csi300_custom_step0_s_20260911_18,ca7e84e01842403192efd94e245990ca,0.043,,,
4189,2026-09-11,SH600015,0.0012680533932929309,EXP_LGBModel_Alpha158_csi300_custom_step0_s_20260911_18,ca7e84e01842403192efd94e245990ca,0.043,,,
4190,2026-09-11,SH600026,-0.011200041856544314,EXP_LGBModel_Alpha158_csi300_custom_step0_s_20260911_18,ca7e84e01842403192efd94e245990ca,0.043,,,
4191,2026-09-11,SH600011,0.0003308922230595131,EXP_LGBModel_Alpha158_csi300_custom_step0_s_20260911_18,ca7e84e01842403192efd94e245990ca,0.043,,,
4192,2026-09-11,SH600009,0.009112804327364105,EXP_LGBModel_Alpha158_csi300_custom_step0_s_20260911_18,ca7e84e01842403192efd94e245990ca,0.043,,,
4193,2026-09-11,SH600000,0.0126683622206085,EXP_LGBModel_Alpha158_csi300_custom_step0_s_20260911_18,ca7e84e01842403192efd94e245990ca,0.043,,,
4194,2026-09-11,SZ302132,0.006264153666299094,EXP_LGBModel_Alpha158_csi300_custom_step0_s_20260911_18,34e027e641654c049ce3913bee51c767,0.126,,,
4195,2026-09-11,SZ301308,-0.0025664014358253223,EXP_LGBModel_Alpha158_csi300_custom_step0_s_20260911_18,34e027e641654c049ce3913bee51c767,0.126,,,
4196,2026-09-11,SZ301269,-0.00901534512300098,EXP_LGBModel_Alpha158_csi300_custom_step0_s_20260911_18,34e027e641654c049ce3913bee51c767,0.126,,,
4197,2026-09-11,SZ301236,-0.00901534512300098,EXP_LGBModel_Alpha158_csi300_custom_step0_s_20260911_18,34e027e641654c049ce3913bee51c767,0.126,,,
4198,2026-09-11,SH600010,-0.003040233887986755,EXP_LGBModel_Alpha158_csi300_custom_step0_s_20260911_18,ca7e84e01842403192efd94e245990ca,0.043,,,
4199,2026-09-11,SZ000617,-0.012815084472503246,EXP_LGBModel_Alpha158_csi300_custom_step0_s_20260911_18,ca7e84e01842403192efd94e245990ca,0.043,,,
4200,2026-09-11,SH600027,-0.00782629934689919,EXP_LGBModel_Alpha158_csi300_custom_step0_s_20260911_18,ca7e84e01842403192efd94e245990ca,0.043,,,
4201,2026-09-11,SH600029,-0.0017865833059133999,EXP_LGBModel_Alpha158_csi300_custom_step0_s_20260911_18,ca7e84e01842403192efd94e245990ca,0.043,,,
4202,2026-09-11,SH600118,-0.005275403796081502,EXP_LGBModel_Alpha158_csi300_custom_step0_s_20260911_18,ca7e84e01842403192efd94e245990ca,0.043,,,
4203,2026-09-11,SH600115,-0.0017865833059133999,EXP_LGBModel_Alpha158_csi300_custom_step0_s_20260911_18,ca7e84e01842403192efd94e245990ca,0.043,,,
4204,2026-09-11,SH600111,-0.010563859010926175,EXP_LGBModel_Alpha158_csi300_custom_step0_s_20260911_18,ca7e84e01842403192efd94e245990ca,0.043,,,
4205,2026-09-11,SH600104,0.01398378961429047,EXP_LGBModel_Alpha158_csi300_custom_step0_s_20260911_18,ca7e84e01842403192efd94e245990ca,0.043,,,
4206,2026-09-11,SH600089,-0.0012084979408587277,EXP_LGBModel_Alpha158_csi300_custom_step0_s_20260911_18,ca7e84e01842403192efd94e245990ca,0.043,,,
4207,2026-09-11,SH600085,0.0031499482680143595,EXP_LGBModel_Alpha158_csi300_custom_step0_s_20260911_18,ca7e84e01842403192efd94e245990ca,0.043,,,
4208,2026-09-11,SH600028,0.00953437361022598,EXP_LGBModel_Alpha158_csi300_custom_step0_s_20260911_18,ca7e84e01842403192efd94e245990ca,0.043,,,
4209,2026-09-11,SH600066,-0.015532468342455613,EXP_LGBModel_Alpha158_csi300_custom_step0_s_20260911_18,ca7e84e01842403192efd94e245990ca,0.043,,,
4210,2026-09-11,SH600050,-0.00387523844872903,EXP_LGBModel_Alpha158_csi300_custom_step0_s_20260911_18,ca7e84e01842403192efd94e245990ca,0.043,,,
4211,2026-09-11,SH600048,-0.006585811053502878,EXP_LGBModel_Alpha158_csi300_custom_step0_s_20260911_18,ca7e84e01842403192efd94e245990ca,0.043,,,
4212,2026-09-11,SH600039,-0.007503557823637541,EXP_LGBModel_Alpha158_csi300_custom_step0_s_20260911_18,ca7e84e01842403192efd94e245990ca,0.043,,,
4213,2026-09-11,SH600036,0.014772863072644412,EXP_LGBModel_Alpha158_csi300_custom_step0_s_20260911_18,ca7e84e01842403192efd94e245990ca,0.043,,,
4214,2026-09-11,SH600031,0.004662595315165602,EXP_LGBModel_Alpha158_csi300_custom_step0_s_20260911_18,ca7e84e01842403192efd94e245990ca,0.043,,,
4215,2026-09-11,SH600030,0.0018375566639933494,EXP_LGBModel_Alpha158_csi300_custom_step0_s_20260911_18,ca7e84e01842403192efd94e245990ca,0.043,,,
4216,2026-09-11,SH600061,3.0452969662881977e-10,EXP_LGBModel_Alpha158_csi300_custom_step0_s_20260911_18,ca7e84e01842403192efd94e245990ca,0.043,,,
4217,2026-09-11,SZ000625,0.006522979272016596,EXP_LGBModel_Alpha158_csi300_custom_step0_s_20260911_18,ca7e84e01842403192efd94e245990ca,0.043,,,
4218,2026-09-11,SZ000630,-0.004474279817551036,EXP_LGBModel_Alpha158_csi300_custom_step0_s_20260911_18,ca7e84e01842403192efd94e245990ca,0.043,,,
4219,2026-09-11,SZ000651,0.014772863072644412,EXP_LGBModel_Alpha158_csi300_custom_step0_s_20260911_18,ca7e84e01842403192efd94e245990ca,0.043,,,
4220,2026-09-11,SH600999,-0.0464397163139095,EXP_DEnsembleModel_Alpha158_csi300_custom_step0_s_20260911_16,9aaff0ddaf834c63b809193ee2f5241d,0.098,,,
4221,2026-09-11,SH601006,0.08555421382083259,EXP_DEnsembleModel_Alpha158_csi300_custom_step0_s_20260911_16,9aaff0ddaf834c63b809193ee2f5241d,0.098,,,
4222,2026-09-11,SH601009,0.08671896249387229,EXP_DEnsembleModel_Alpha158_csi300_custom_step0_s_20260911_16,9aaff0ddaf834c63b809193ee2f5241d,0.098,,,
4223,2026-09-11,SH601012,-0.09980212341581815,EXP_DEnsembleModel_Alpha158_csi300_custom_step0_s_20260911_16,9aaff0ddaf834c63b809193ee2f5241d,0.098,,,
4224,2026-09-11,SH601018,0.11413026965023126,EXP_DEnsembleModel_Alpha158_csi300_custom_step0_s_20260911_16,9aaff0ddaf834c63b809193ee2f5241d,0.098,,,
4225,2026-09-11,SH601021,0.06398005961210279,EXP_DEnsembleModel_Alpha158_csi300_custom_step0_s_20260911_16,9aaff0ddaf834c63b809193ee2f5241d,0.098,,,
4226,2026-09-11,SH601058,0.029764421285311586,EXP_DEnsembleModel_Alpha158_csi300_custom_step0_s_20260911_16,9aaff0ddaf834c63b809193ee2f5241d,0.098,,,
4227,2026-09-11,SH601059,-0.09910431076954632,EXP_DEnsembleModel_Alpha158_csi300_custom_step0_s_20260911_16,9aaff0ddaf834c63b809193ee2f5241d,0.098,,,
4228,2026-09-11,SH601066,-0.06385346507606156,EXP_DEnsembleModel_Alpha158_csi300_custom_step0_s_20260911_16,9aaff0ddaf834c63b809193ee2f5241d,0.098,,,
4229,2026-09-11,SH601077,0.10410181109070378,EXP_DEnsembleModel_Alpha158_csi300_custom_step0_s_20260911_16,9aaff0ddaf834c63b809193ee2f5241d,0.098,,,
4230,2026-09-11,SH601088,-0.05348448037663717,EXP_DEnsembleModel_Alpha158_csi300_custom_step0_s_20260911_16,9aaff0ddaf834c63b809193ee2f5241d,0.098,,,
4231,2026-09-11,SH601100,0.07553418214164909,EXP_DEnsembleModel_Alpha158_csi300_custom_step0_s_20260911_16,9aaff0ddaf834c63b809193ee2f5241d,0.098,,,
4232,2026-09-11,SH601111,0.04071563862631646,EXP_DEnsembleModel_Alpha158_csi300_custom_step0_s_20260911_16,9aaff0ddaf834c63b809193ee2f5241d,0.098,,,
4233,2026-09-11,SH601117,0.09583062516621581,EXP_DEnsembleModel_Alpha158_csi300_custom_step0_s_20260911_16,9aaff0ddaf834c63b809193ee2f5241d,0.098,,,
4234,2026-09-11,SH601127,0.021805016180280544,EXP_DEnsembleModel_Alpha158_csi300_custom_step0_s_20260911_16,9aaff0ddaf834c63b809193ee2f5241d,0.098,,,
4235,2026-09-11,SH601136,-0.07781000437307045,EXP_DEnsembleModel_Alpha158_csi300_custom_step0_s_20260911_16,9aaff0ddaf834c63b809193ee2f5241d,0.098,,,
4236,2026-09-11,SH601138,-0.0834169978345712,EXP_DEnsembleModel_Alpha158_csi300_custom_step0_s_20260911_16,9aaff0ddaf834c63b809193ee2f5241d,0.098,,,
4237,2026-09-11,SH601377,0.06665919503694702,EXP_DEnsembleModel_Alpha158_csi300_custom_step0_s_20260911_16,9aaff0ddaf834c63b809193ee2f5241d,0.098,,,
4238,2026-09-11,SH601360,-0.04227257369257,EXP_DEnsembleModel_Alpha158_csi300_custom_step0_s_20260911_16,9aaff0ddaf834c63b809193ee2f5241d,0.098,,,
4239,2026-09-11,SH601336,-0.026843483899464695,EXP_DEnsembleModel_Alpha158_csi300_custom_step0_s_20260911_16,9aaff0ddaf834c63b809193ee2f5241d,0.098,,,
4240,2026-09-11,SH601328,0.03920289656410527,EXP_DEnsembleModel_Alpha158_csi300_custom_step0_s_20260911_16,9aaff0ddaf834c63b809193ee2f5241d,0.098,,,
4241,2026-09-11,SH601319,0.05685484648980017,EXP_DEnsembleModel_Alpha158_csi300_custom_step0_s_20260911_16,9aaff0ddaf834c63b809193ee2f5241d,0.098,,,
4242,2026-09-11,SH601318,0.031335066688894374,EXP_DEnsembleModel_Alpha158_csi300_custom_step0_s_20260911_16,9aaff0ddaf834c63b809193ee2f5241d,0.098,,,
4243,2026-09-11,SH600989,0.045135838747793235,EXP_DEnsembleModel_Alpha158_csi300_custom_step0_s_20260911_16,9aaff0ddaf834c63b809193ee2f5241d,0.098,,,
4244,2026-09-11,SH601288,0.036128406719233654,EXP_DEnsembleModel_Alpha158_csi300_custom_step0_s_20260911_16,9aaff0ddaf834c63b809193ee2f5241d,0.098,,,
4245,2026-09-11,SH601229,0.14859243972819275,EXP_DEnsembleModel_Alpha158_csi300_custom_step0_s_20260911_16,9aaff0ddaf834c63b809193ee2f5241d,0.098,,,
4246,2026-09-11,SH601225,-0.045048544433401415,EXP_DEnsembleModel_Alpha158_csi300_custom_step0_s_20260911_16,9aaff0ddaf834c63b809193ee2f5241d,0.098,,,
4247,2026-09-11,SH601211,0.03002290050498033,EXP_DEnsembleModel_Alpha158_csi300_custom_step0_s_20260911_16,9aaff0ddaf834c63b809193ee2f5241d,0.098,,,
4248,2026-09-11,SH601186,0.049483170700657976,EXP_DEnsembleModel_Alpha158_csi300_custom_step0_s_20260911_16,9aaff0ddaf834c63b809193ee2f5241d,0.098,,,
4249,2026-09-11,SH601169,0.07762677762356342,EXP_DEnsembleModel_Alpha158_csi300_custom_step0_s_20260911_16,9aaff0ddaf834c63b809193ee2f5241d,0.098,,,
4250,2026-09-11,SH601166,0.09500999267181888,EXP_DEnsembleModel_Alpha158_csi300_custom_step0_s_20260911_16,9aaff0ddaf834c63b809193ee2f5241d,0.098,,,
4251,2026-09-11,SH601238,0.041577362077888265,EXP_DEnsembleModel_Alpha158_csi300_custom_step0_s_20260911_16,9aaff0ddaf834c63b809193ee2f5241d,0.098,,,
4252,2026-09-11,SH601390,0.07864392476017219,EXP_DEnsembleModel_Alpha158_csi300_custom_step0_s_20260911_16,9aaff0ddaf834c63b809193ee2f5241d,0.098,,,
4253,2026-09-11,SH600958,0.05770316861609637,EXP_DEnsembleModel_Alpha158_csi300_custom_step0_s_20260911_16,9aaff0ddaf834c63b809193ee2f5241d,0.098,,,
4254,2026-09-11,SH600938,0.05080595112603532,EXP_DEnsembleModel_Alpha158_csi300_custom_step0_s_20260911_16,9aaff0ddaf834c63b809193ee2f5241d,0.098,,,
4255,2026-09-11,SH600482,-0.013984804925556682,EXP_DEnsembleModel_Alpha158_csi300_custom_step0_s_20260911_16,9aaff0ddaf834c63b809193ee2f5241d,0.098,,,
4256,2026-09-11,SH600489,0.05612322780876435,EXP_DEnsembleModel_Alpha158_csi300_custom_step0_s_20260911_16,9aaff0ddaf834c63b809193ee2f5241d,0.098,,,
4257,2026-09-11,SH600515,0.03034204810535943,EXP_DEnsembleModel_Alpha158_csi300_custom_step0_s_20260911_16,9aaff0ddaf834c63b809193ee2f5241d,0.098,,,
4258,2026-09-11,SH600519,0.10142415887161875,EXP_DEnsembleModel_Alpha158_csi300_custom_step0_s_20260911_16,9aaff0ddaf834c63b809193ee2f5241d,0.098,,,
4259,2026-09-11,SH600522,-0.07311918629886911,EXP_DEnsembleModel_Alpha158_csi300_custom_step0_s_20260911_16,9aaff0ddaf834c63b809193ee2f5241d,0.098,,,
4260,2026-09-11,SH600547,0.006018338444961754,EXP_DEnsembleModel_Alpha158_csi300_custom_step0_s_20260911_16,9aaff0ddaf834c63b809193ee2f5241d,0.098,,,
4261,2026-09-11,SH600549,0.013577479721943387,EXP_DEnsembleModel_Alpha158_csi300_custom_step0_s_20260911_16,9aaff0ddaf834c63b809193ee2f5241d,0.098,,,
4262,2026-09-11,SH600570,-0.11835440370789534,EXP_DEnsembleModel_Alpha158_csi300_custom_step0_s_20260911_16,9aaff0ddaf834c63b809193ee2f5241d,0.098,,,
4263,2026-09-11,SH600584,0.06846465170188037,EXP_DEnsembleModel_Alpha158_csi300_custom_step0_s_20260911_16,9aaff0ddaf834c63b809193ee2f5241d,0.098,,,
4264,2026-09-11,SH600585,0.08871747838904974,EXP_DEnsembleModel_Alpha158_csi300_custom_step0_s_20260911_16,9aaff0ddaf834c63b809193ee2f5241d,0.098,,,
4265,2026-09-11,SH600588,0.05562594786620427,EXP_DEnsembleModel_Alpha158_csi300_custom_step0_s_20260911_16,9aaff0ddaf834c63b809193ee2f5241d,0.098,,,
4266,2026-09-11,SH600600,0.016053196118735482,EXP_DEnsembleModel_Alpha158_csi300_custom_step0_s_20260911_16,9aaff0ddaf834c63b809193ee2f5241d,0.098,,,
4267,2026-09-11,SH600660,-0.013801473631513272,EXP_DEnsembleModel_Alpha158_csi300_custom_step0_s_20260911_16,9aaff0ddaf834c63b809193ee2f5241d,0.098,,,
4268,2026-09-11,SH600674,0.0921049135898215,EXP_DEnsembleModel_Alpha158_csi300_custom_step0_s_20260911_16,9aaff0ddaf834c63b809193ee2f5241d,0.098,,,
4269,2026-09-11,SH600690,0.011221755761764223,EXP_DEnsembleModel_Alpha158_csi300_custom_step0_s_20260911_16,9aaff0ddaf834c63b809193ee2f5241d,0.098,,,
4270,2026-09-11,SH600741,0.07632100988024197,EXP_DEnsembleModel_Alpha158_csi300_custom_step0_s_20260911_16,9aaff0ddaf834c63b809193ee2f5241d,0.098,,,
4271,2026-09-11,SH600760,0.028557683814942073,EXP_DEnsembleModel_Alpha158_csi300_custom_step0_s_20260911_16,9aaff0ddaf834c63b809193ee2f5241d,0.098,,,
4272,2026-09-11,SH600930,-7.630595982929682e-05,EXP_DEnsembleModel_Alpha158_csi300_custom_step0_s_20260911_16,9aaff0ddaf834c63b809193ee2f5241d,0.098,,,
4273,2026-09-11,SH600926,0.10153360668313637,EXP_DEnsembleModel_Alpha158_csi300_custom_step0_s_20260911_16,9aaff0ddaf834c63b809193ee2f5241d,0.098,,,
4274,2026-09-11,SH600919,0.07589271011558622,EXP_DEnsembleModel_Alpha158_csi300_custom_step0_s_20260911_16,9aaff0ddaf834c63b809193ee2f5241d,0.098,,,
4275,2026-09-11,SH600918,0.003023392467437319,EXP_DEnsembleModel_Alpha158_csi300_custom_step0_s_20260911_16,9aaff0ddaf834c63b809193ee2f5241d,0.098,,,
4276,2026-09-11,SH600905,0.07063590974681694,EXP_DEnsembleModel_Alpha158_csi300_custom_step0_s_20260911_16,9aaff0ddaf834c63b809193ee2f5241d,0.098,,,
4277,2026-09-11,SH600900,0.15798832991948386,EXP_DEnsembleModel_Alpha158_csi300_custom_step0_s_20260911_16,9aaff0ddaf834c63b809193ee2f5241d,0.098,,,
4278,2026-09-11,SH600941,0.03228796191337737,EXP_DEnsembleModel_Alpha158_csi300_custom_step0_s_20260911_16,9aaff0ddaf834c63b809193ee2f5241d,0.098,,,
4279,2026-09-11,SH600893,-0.10103145055910015,EXP_DEnsembleModel_Alpha158_csi300_custom_step0_s_20260911_16,9aaff0ddaf834c63b809193ee2f5241d,0.098,,,
4280,2026-09-11,SH600886,0.0945184232257735,EXP_DEnsembleModel_Alpha158_csi300_custom_step0_s_20260911_16,9aaff0ddaf834c63b809193ee2f5241d,0.098,,,
4281,2026-09-11,SH600875,-0.09213368166511916,EXP_DEnsembleModel_Alpha158_csi300_custom_step0_s_20260911_16,9aaff0ddaf834c63b809193ee2f5241d,0.098,,,
4282,2026-09-11,SH600845,-0.04268334364441568,EXP_DEnsembleModel_Alpha158_csi300_custom_step0_s_20260911_16,9aaff0ddaf834c63b809193ee2f5241d,0.098,,,
4283,2026-09-11,SH600809,-0.07472574320576841,EXP_DEnsembleModel_Alpha158_csi300_custom_step0_s_20260911_16,9aaff0ddaf834c63b809193ee2f5241d,0.098,,,
4284,2026-09-11,SH600803,0.07041118465803119,EXP_DEnsembleModel_Alpha158_csi300_custom_step0_s_20260911_16,9aaff0ddaf834c63b809193ee2f5241d,0.098,,,
4285,2026-09-11,SH600795,-0.0676977918334681,EXP_DEnsembleModel_Alpha158_csi300_custom_step0_s_20260911_16,9aaff0ddaf834c63b809193ee2f5241d,0.098,,,
4286,2026-09-11,SH600887,0.10789295985260942,EXP_DEnsembleModel_Alpha158_csi300_custom_step0_s_20260911_16,9aaff0ddaf834c63b809193ee2f5241d,0.098,,,
4287,2026-09-11,SH601398,0.05249605118684222,EXP_DEnsembleModel_Alpha158_csi300_custom_step0_s_20260911_16,9aaff0ddaf834c63b809193ee2f5241d,0.098,,,
4288,2026-09-11,SH601456,0.03258826550187668,EXP_DEnsembleModel_Alpha158_csi300_custom_step0_s_20260911_16,9aaff0ddaf834c63b809193ee2f5241d,0.098,,,
4289,2026-09-11,SH601600,-0.04931556648869895,EXP_DEnsembleModel_Alpha158_csi300_custom_step0_s_20260911_16,9aaff0ddaf834c63b809193ee2f5241d,0.098,,,
4290,2026-09-11,SH601998,0.059350787805528916,EXP_DEnsembleModel_Alpha158_csi300_custom_step0_s_20260911_16,9aaff0ddaf834c63b809193ee2f5241d,0.098,,,
4291,2026-09-11,SH603019,-0.04896351035370295,EXP_DEnsembleModel_Alpha158_csi300_custom_step0_s_20260911_16,9aaff0ddaf834c63b809193ee2f5241d,0.098,,,
4292,2026-09-11,SH603259,0.01835545663084889,EXP_DEnsembleModel_Alpha158_csi300_custom_step0_s_20260911_16,9aaff0ddaf834c63b809193ee2f5241d,0.098,,,
4293,2026-09-11,SH603260,-0.034022080312737395,EXP_DEnsembleModel_Alpha158_csi300_custom_step0_s_20260911_16,9aaff0ddaf834c63b809193ee2f5241d,0.098,,,
4294,2026-09-11,SH603288,-0.008685537009411822,EXP_DEnsembleModel_Alpha158_csi300_custom_step0_s_20260911_16,9aaff0ddaf834c63b809193ee2f5241d,0.098,,,
4295,2026-09-11,SH603296,-0.0891378687621046,EXP_DEnsembleModel_Alpha158_csi300_custom_step0_s_20260911_16,9aaff0ddaf834c63b809193ee2f5241d,0.098,,,
4296,2026-09-11,SH603369,-0.004099381451754185,EXP_DEnsembleModel_Alpha158_csi300_custom_step0_s_20260911_16,9aaff0ddaf834c63b809193ee2f5241d,0.098,,,
4297,2026-09-11,SH603392,-0.07330874131184716,EXP_DEnsembleModel_Alpha158_csi300_custom_step0_s_20260911_16,9aaff0ddaf834c63b809193ee2f5241d,0.098,,,
4298,2026-09-11,SH603501,0.020458883732365454,EXP_DEnsembleModel_Alpha158_csi300_custom_step0_s_20260911_16,9aaff0ddaf834c63b809193ee2f5241d,0.098,,,
4299,2026-09-11,SH603799,-0.021078512731186563,EXP_DEnsembleModel_Alpha158_csi300_custom_step0_s_20260911_16,9aaff0ddaf834c63b809193ee2f5241d,0.098,,,
4300,2026-09-11,SH603893,-0.10556204621947926,EXP_DEnsembleModel_Alpha158_csi300_custom_step0_s_20260911_16,9aaff0ddaf834c63b809193ee2f5241d,0.098,,,
4301,2026-09-11,SH603986,0.05936051432655127,EXP_DEnsembleModel_Alpha158_csi300_custom_step0_s_20260911_16,9aaff0ddaf834c63b809193ee2f5241d,0.098,,,
4302,2026-09-11,SH603993,-0.06294814602827636,EXP_DEnsembleModel_Alpha158_csi300_custom_step0_s_20260911_16,9aaff0ddaf834c63b809193ee2f5241d,0.098,,,
4303,2026-09-11,SH605117,-0.10768500733980566,EXP_DEnsembleModel_Alpha158_csi300_custom_step0_s_20260911_16,9aaff0ddaf834c63b809193ee2f5241d,0.098,,,
4304,2026-09-11,SH605499,-0.07977470934397045,EXP_DEnsembleModel_Alpha158_csi300_custom_step0_s_20260911_16,9aaff0ddaf834c63b809193ee2f5241d,0.098,,,
4305,2026-09-11,SH688008,0.07054885810654239,EXP_DEnsembleModel_Alpha158_csi300_custom_step0_s_20260911_16,9aaff0ddaf834c63b809193ee2f5241d,0.098,,,
4306,2026-09-11,SH688009,0.07158360817605638,EXP_DEnsembleModel_Alpha158_csi300_custom_step0_s_20260911_16,9aaff0ddaf834c63b809193ee2f5241d,0.098,,,
4307,2026-09-11,SH688396,0.008404660549671072,EXP_DEnsembleModel_Alpha158_csi300_custom_step0_s_20260911_16,9aaff0ddaf834c63b809193ee2f5241d,0.098,,,
4308,2026-09-11,SH688303,-0.002884950346934805,EXP_DEnsembleModel_Alpha158_csi300_custom_step0_s_20260911_16,9aaff0ddaf834c63b809193ee2f5241d,0.098,,,
4309,2026-09-11,SH688271,-0.06690003156143615,EXP_DEnsembleModel_Alpha158_csi300_custom_step0_s_20260911_16,9aaff0ddaf834c63b809193ee2f5241d,0.098,,,
4310,2026-09-11,SH688256,0.0920769839345854,EXP_DEnsembleModel_Alpha158_csi300_custom_step0_s_20260911_16,9aaff0ddaf834c63b809193ee2f5241d,0.098,,,
4311,2026-09-11,SH688223,0.013670157112647538,EXP_DEnsembleModel_Alpha158_csi300_custom_step0_s_20260911_16,9aaff0ddaf834c63b809193ee2f5241d,0.098,,,
4312,2026-09-11,SH688183,-0.08797501826057376,EXP_DEnsembleModel_Alpha158_csi300_custom_step0_s_20260911_16,9aaff0ddaf834c63b809193ee2f5241d,0.098,,,
4313,2026-09-11,SH601995,-0.02016083159040658,EXP_DEnsembleModel_Alpha158_csi300_custom_step0_s_20260911_16,9aaff0ddaf834c63b809193ee2f5241d,0.098,,,
4314,2026-09-11,SH688126,0.06506868086833954,EXP_DEnsembleModel_Alpha158_csi300_custom_step0_s_20260911_16,9aaff0ddaf834c63b809193ee2f5241d,0.098,,,
4315,2026-09-11,SH688082,0.06795431715509333,EXP_DEnsembleModel_Alpha158_csi300_custom_step0_s_20260911_16,9aaff0ddaf834c63b809193ee2f5241d,0.098,,,
4316,2026-09-11,SH688072,-0.03761390238924594,EXP_DEnsembleModel_Alpha158_csi300_custom_step0_s_20260911_16,9aaff0ddaf834c63b809193ee2f5241d,0.098,,,
4317,2026-09-11,SH688047,0.03999512089578086,EXP_DEnsembleModel_Alpha158_csi300_custom_step0_s_20260911_16,9aaff0ddaf834c63b809193ee2f5241d,0.098,,,
4318,2026-09-11,SH688041,0.09847747804339349,EXP_DEnsembleModel_Alpha158_csi300_custom_step0_s_20260911_16,9aaff0ddaf834c63b809193ee2f5241d,0.098,,,
4319,2026-09-11,SH688036,-0.03813197223084712,EXP_DEnsembleModel_Alpha158_csi300_custom_step0_s_20260911_16,9aaff0ddaf834c63b809193ee2f5241d,0.098,,,
4320,2026-09-11,SH688012,-0.09246036818959984,EXP_DEnsembleModel_Alpha158_csi300_custom_step0_s_20260911_16,9aaff0ddaf834c63b809193ee2f5241d,0.098,,,
4321,2026-09-11,SH688111,-0.086202483590967,EXP_DEnsembleModel_Alpha158_csi300_custom_step0_s_20260911_16,9aaff0ddaf834c63b809193ee2f5241d,0.098,,,
4322,2026-09-11,SH601988,0.01833933335720814,EXP_DEnsembleModel_Alpha158_csi300_custom_step0_s_20260911_16,9aaff0ddaf834c63b809193ee2f5241d,0.098,,,
4323,2026-09-11,SH601985,0.11887145881370152,EXP_DEnsembleModel_Alpha158_csi300_custom_step0_s_20260911_16,9aaff0ddaf834c63b809193ee2f5241d,0.098,,,
4324,2026-09-11,SH601939,0.060185718364245376,EXP_DEnsembleModel_Alpha158_csi300_custom_step0_s_20260911_16,9aaff0ddaf834c63b809193ee2f5241d,0.098,,,
4325,2026-09-11,SH601766,0.03376747829298113,EXP_DEnsembleModel_Alpha158_csi300_custom_step0_s_20260911_16,9aaff0ddaf834c63b809193ee2f5241d,0.098,,,
4326,2026-09-11,SH601728,0.009505560713990792,EXP_DEnsembleModel_Alpha158_csi300_custom_step0_s_20260911_16,9aaff0ddaf834c63b809193ee2f5241d,0.098,,,
4327,2026-09-11,SH601727,0.08516886187824575,EXP_DEnsembleModel_Alpha158_csi300_custom_step0_s_20260911_16,9aaff0ddaf834c63b809193ee2f5241d,0.098,,,
4328,2026-09-11,SH601698,0.03920981296685258,EXP_DEnsembleModel_Alpha158_csi300_custom_step0_s_20260911_16,9aaff0ddaf834c63b809193ee2f5241d,0.098,,,
4329,2026-09-11,SH601689,0.09763317392745118,EXP_DEnsembleModel_Alpha158_csi300_custom_step0_s_20260911_16,9aaff0ddaf834c63b809193ee2f5241d,0.098,,,
4330,2026-09-11,SH601688,0.08475721504470712,EXP_DEnsembleModel_Alpha158_csi300_custom_step0_s_20260911_16,9aaff0ddaf834c63b809193ee2f5241d,0.098,,,
4331,2026-09-11,SH601788,-0.026599796615805374,EXP_DEnsembleModel_Alpha158_csi300_custom_step0_s_20260911_16,9aaff0ddaf834c63b809193ee2f5241d,0.098,,,
4332,2026-09-11,SH601669,0.09152853959231683,EXP_DEnsembleModel_Alpha158_csi300_custom_step0_s_20260911_16,9aaff0ddaf834c63b809193ee2f5241d,0.098,,,
4333,2026-09-11,SH601658,0.05358179402094704,EXP_DEnsembleModel_Alpha158_csi300_custom_step0_s_20260911_16,9aaff0ddaf834c63b809193ee2f5241d,0.098,,,
4334,2026-09-11,SH601633,-0.00980982970414271,EXP_DEnsembleModel_Alpha158_csi300_custom_step0_s_20260911_16,9aaff0ddaf834c63b809193ee2f5241d,0.098,,,
4335,2026-09-11,SH601628,-0.030436265334059895,EXP_DEnsembleModel_Alpha158_csi300_custom_step0_s_20260911_16,9aaff0ddaf834c63b809193ee2f5241d,0.098,,,
4336,2026-09-11,SH601618,0.031136214388021197,EXP_DEnsembleModel_Alpha158_csi300_custom_step0_s_20260911_16,9aaff0ddaf834c63b809193ee2f5241d,0.098,,,
4337,2026-09-11,SH601607,0.11114458751474049,EXP_DEnsembleModel_Alpha158_csi300_custom_step0_s_20260911_16,9aaff0ddaf834c63b809193ee2f5241d,0.098,,,
4338,2026-09-11,SH601601,0.016294861192465555,EXP_DEnsembleModel_Alpha158_csi300_custom_step0_s_20260911_16,9aaff0ddaf834c63b809193ee2f5241d,0.098,,,
4339,2026-09-11,SH601668,0.08773571517001731,EXP_DEnsembleModel_Alpha158_csi300_custom_step0_s_20260911_16,9aaff0ddaf834c63b809193ee2f5241d,0.098,,,
4340,2026-09-11,SH600460,-0.011238894036530077,EXP_DEnsembleModel_Alpha158_csi300_custom_step0_s_20260911_16,9aaff0ddaf834c63b809193ee2f5241d,0.098,,,
4341,2026-09-11,SH601800,0.07536899587524114,EXP_DEnsembleModel_Alpha158_csi300_custom_step0_s_20260911_16,9aaff0ddaf834c63b809193ee2f5241d,0.098,,,
4342,2026-09-11,SH601818,0.10742508256723815,EXP_DEnsembleModel_Alpha158_csi300_custom_step0_s_20260911_16,9aaff0ddaf834c63b809193ee2f5241d,0.098,,,
4343,2026-09-11,SH601919,-0.002808863492156503,EXP_DEnsembleModel_Alpha158_csi300_custom_step0_s_20260911_16,9aaff0ddaf834c63b809193ee2f5241d,0.098,,,
4344,2026-09-11,SH601916,0.1128660215513251,EXP_DEnsembleModel_Alpha158_csi300_custom_step0_s_20260911_16,9aaff0ddaf834c63b809193ee2f5241d,0.098,,,
4345,2026-09-11,SH601901,0.0470882278204041,EXP_DEnsembleModel_Alpha158_csi300_custom_step0_s_20260911_16,9aaff0ddaf834c63b809193ee2f5241d,0.098,,,
4346,2026-09-11,SH601899,0.04978812381730723,EXP_DEnsembleModel_Alpha158_csi300_custom_step0_s_20260911_16,9aaff0ddaf834c63b809193ee2f5241d,0.098,,,
4347,2026-09-11,SH601898,-0.13721231908823608,EXP_DEnsembleModel_Alpha158_csi300_custom_step0_s_20260911_16,9aaff0ddaf834c63b809193ee2f5241d,0.098,,,
4348,2026-09-11,SH601888,-0.09376036715921915,EXP_DEnsembleModel_Alpha158_csi300_custom_step0_s_20260911_16,9aaff0ddaf834c63b809193ee2f5241d,0.098,,,
4349,2026-09-11,SH601816,0.07326189205005866,EXP_DEnsembleModel_Alpha158_csi300_custom_step0_s_20260911_16,9aaff0ddaf834c63b809193ee2f5241d,0.098,,,
4350,2026-09-11,SH601881,0.008829453735939746,EXP_DEnsembleModel_Alpha158_csi300_custom_step0_s_20260911_16,9aaff0ddaf834c63b809193ee2f5241d,0.098,,,
4351,2026-09-11,SH601877,0.032682972041574096,EXP_DEnsembleModel_Alpha158_csi300_custom_step0_s_20260911_16,9aaff0ddaf834c63b809193ee2f5241d,0.098,,,
4352,2026-09-11,SH601872,-0.13032536340443754,EXP_DEnsembleModel_Alpha158_csi300_custom_step0_s_20260911_16,9aaff0ddaf834c63b809193ee2f5241d,0.098,,,
4353,2026-09-11,SH601868,0.0890889907822157,EXP_DEnsembleModel_Alpha158_csi300_custom_step0_s_20260911_16,9aaff0ddaf834c63b809193ee2f5241d,0.098,,,
4354,2026-09-11,SH601857,0.11333271557572151,EXP_DEnsembleModel_Alpha158_csi300_custom_step0_s_20260911_16,9aaff0ddaf834c63b809193ee2f5241d,0.098,,,
4355,2026-09-11,SH601838,0.058060653209091526,EXP_DEnsembleModel_Alpha158_csi300_custom_step0_s_20260911_16,9aaff0ddaf834c63b809193ee2f5241d,0.098,,,
4356,2026-09-11,SH601825,0.09929096888453177,EXP_DEnsembleModel_Alpha158_csi300_custom_step0_s_20260911_16,9aaff0ddaf834c63b809193ee2f5241d,0.098,,,
4357,2026-09-11,SH601878,0.026094388502790014,EXP_DEnsembleModel_Alpha158_csi300_custom_step0_s_20260911_16,9aaff0ddaf834c63b809193ee2f5241d,0.098,,,
4358,2026-09-11,SH688506,-0.010224109002398172,EXP_DEnsembleModel_Alpha158_csi300_custom_step0_s_20260911_16,9aaff0ddaf834c63b809193ee2f5241d,0.098,,,
4359,2026-09-11,SH600438,-0.11483393568499307,EXP_DEnsembleModel_Alpha158_csi300_custom_step0_s_20260911_16,9aaff0ddaf834c63b809193ee2f5241d,0.098,,,
4360,2026-09-11,SH600426,-0.1067344019189191,EXP_DEnsembleModel_Alpha158_csi300_custom_step0_s_20260911_16,9aaff0ddaf834c63b809193ee2f5241d,0.098,,,
4361,2026-09-11,SZ002371,-0.007246884918643051,EXP_LGBModel_Alpha158_csi300_custom_step0_s_20260911_18,ca7e84e01842403192efd94e245990ca,0.043,,,
4362,2026-09-11,SZ002384,-0.015507205890366204,EXP_LGBModel_Alpha158_csi300_custom_step0_s_20260911_18,ca7e84e01842403192efd94e245990ca,0.043,,,
4363,2026-09-11,SZ002415,0.0004830669102527099,EXP_LGBModel_Alpha158_csi300_custom_step0_s_20260911_18,ca7e84e01842403192efd94e245990ca,0.043,,,
4364,2026-09-11,SZ002422,-0.003821071485997976,EXP_LGBModel_Alpha158_csi300_custom_step0_s_20260911_18,ca7e84e01842403192efd94e245990ca,0.043,,,
4365,2026-09-11,SZ002460,-0.007731692195778389,EXP_LGBModel_Alpha158_csi300_custom_step0_s_20260911_18,ca7e84e01842403192efd94e245990ca,0.043,,,
4366,2026-09-11,SZ002463,-0.006626354389268471,EXP_LGBModel_Alpha158_csi300_custom_step0_s_20260911_18,ca7e84e01842403192efd94e245990ca,0.043,,,
4367,2026-09-11,SZ002466,-0.0056219427802915636,EXP_LGBModel_Alpha158_csi300_custom_step0_s_20260911_18,ca7e84e01842403192efd94e245990ca,0.043,,,
4368,2026-09-11,SZ002475,-0.017194112717377634,EXP_LGBModel_Alpha158_csi300_custom_step0_s_20260911_18,ca7e84e01842403192efd94e245990ca,0.043,,,
4369,2026-09-11,SZ002493,-0.0043427932821006885,EXP_LGBModel_Alpha158_csi300_custom_step0_s_20260911_18,ca7e84e01842403192efd94e245990ca,0.043,,,
4370,2026-09-11,SZ002532,-0.009277225230057341,EXP_LGBModel_Alpha158_csi300_custom_step0_s_20260911_18,ca7e84e01842403192efd94e245990ca,0.043,,,
4371,2026-09-11,SZ002558,-0.008457745447532696,EXP_LGBModel_Alpha158_csi300_custom_step0_s_20260911_18,ca7e84e01842403192efd94e245990ca,0.043,,,
4372,2026-09-11,SZ002594,-0.0037500413092124638,EXP_LGBModel_Alpha158_csi300_custom_step0_s_20260911_18,ca7e84e01842403192efd94e245990ca,0.043,,,
4373,2026-09-11,SZ002600,-0.008257580219329201,EXP_LGBModel_Alpha158_csi300_custom_step0_s_20260911_18,ca7e84e01842403192efd94e245990ca,0.043,,,
4374,2026-09-11,SZ002602,-0.008111784315692875,EXP_LGBModel_Alpha158_csi300_custom_step0_s_20260911_18,ca7e84e01842403192efd94e245990ca,0.043,,,
4375,2026-09-11,SZ002625,-0.005644367466412249,EXP_LGBModel_Alpha158_csi300_custom_step0_s_20260911_18,ca7e84e01842403192efd94e245990ca,0.043,,,
4376,2026-09-11,SZ002648,-0.004342599017633845,EXP_LGBModel_Alpha158_csi300_custom_step0_s_20260911_18,ca7e84e01842403192efd94e245990ca,0.043,,,
4377,2026-09-11,SZ002709,-0.004449964968339219,EXP_LGBModel_Alpha158_csi300_custom_step0_s_20260911_18,ca7e84e01842403192efd94e245990ca,0.043,,,
4378,2026-09-11,SZ300251,-0.020426697434880133,EXP_LGBModel_Alpha158_csi300_custom_step0_s_20260911_18,ca7e84e01842403192efd94e245990ca,0.043,,,
4379,2026-09-11,SZ300124,-0.01924403217121475,EXP_LGBModel_Alpha158_csi300_custom_step0_s_20260911_18,ca7e84e01842403192efd94e245990ca,0.043,,,
4380,2026-09-11,SZ300122,-0.008475199206390366,EXP_LGBModel_Alpha158_csi300_custom_step0_s_20260911_18,ca7e84e01842403192efd94e245990ca,0.043,,,
4381,2026-09-11,SZ300059,-0.004672051779776585,EXP_LGBModel_Alpha158_csi300_custom_step0_s_20260911_18,ca7e84e01842403192efd94e245990ca,0.043,,,
4382,2026-09-11,SZ300033,-0.0160724968507306,EXP_LGBModel_Alpha158_csi300_custom_step0_s_20260911_18,ca7e84e01842403192efd94e245990ca,0.043,,,
4383,2026-09-11,SZ300015,0.0031499482680143595,EXP_LGBModel_Alpha158_csi300_custom_step0_s_20260911_18,ca7e84e01842403192efd94e245990ca,0.043,,,
4384,2026-09-11,SZ002353,0.037090173668126565,EXP_LGBModel_Alpha158_csi300_custom_step0_s_20260911_18,ca7e84e01842403192efd94e245990ca,0.043,,,
4385,2026-09-11,SZ300014,-0.005566597959125274,EXP_LGBModel_Alpha158_csi300_custom_step0_s_20260911_18,ca7e84e01842403192efd94e245990ca,0.043,,,
4386,2026-09-11,SZ002938,-0.014089609850360459,EXP_LGBModel_Alpha158_csi300_custom_step0_s_20260911_18,ca7e84e01842403192efd94e245990ca,0.043,,,
4387,2026-09-11,SZ002920,-0.0172244530719665,EXP_LGBModel_Alpha158_csi300_custom_step0_s_20260911_18,ca7e84e01842403192efd94e245990ca,0.043,,,
4388,2026-09-11,SZ002916,-0.010816995461581836,EXP_LGBModel_Alpha158_csi300_custom_step0_s_20260911_18,ca7e84e01842403192efd94e245990ca,0.043,,,
4389,2026-09-11,SZ002837,0.029017305872436526,EXP_LGBModel_Alpha158_csi300_custom_step0_s_20260911_18,ca7e84e01842403192efd94e245990ca,0.043,,,
4390,2026-09-11,SZ002736,3.0452969662881977e-10,EXP_LGBModel_Alpha158_csi300_custom_step0_s_20260911_18,ca7e84e01842403192efd94e245990ca,0.043,,,
4391,2026-09-11,SZ002714,-0.007002737115706021,EXP_LGBModel_Alpha158_csi300_custom_step0_s_20260911_18,ca7e84e01842403192efd94e245990ca,0.043,,,
4392,2026-09-11,SZ003816,0.011638874462261892,EXP_LGBModel_Alpha158_csi300_custom_step0_s_20260911_18,ca7e84e01842403192efd94e245990ca,0.043,,,
4393,2026-09-11,SZ300274,0.04250230557780304,EXP_LGBModel_Alpha158_csi300_custom_step0_s_20260911_18,ca7e84e01842403192efd94e245990ca,0.043,,,
4394,2026-09-11,SZ002352,-0.0002717573957971174,EXP_LGBModel_Alpha158_csi300_custom_step0_s_20260911_18,ca7e84e01842403192efd94e245990ca,0.043,,,
4395,2026-09-11,SZ002304,0.0031499482680143595,EXP_LGBModel_Alpha158_csi300_custom_step0_s_20260911_18,ca7e84e01842403192efd94e245990ca,0.043,,,
4396,2026-09-11,SZ000657,0.02400812340604396,EXP_LGBModel_Alpha158_csi300_custom_step0_s_20260911_18,ca7e84e01842403192efd94e245990ca,0.043,,,
4397,2026-09-11,SZ000708,0.0009982159586996101,EXP_LGBModel_Alpha158_csi300_custom_step0_s_20260911_18,ca7e84e01842403192efd94e245990ca,0.043,,,
4398,2026-09-11,SZ000725,-0.010584948621877192,EXP_LGBModel_Alpha158_csi300_custom_step0_s_20260911_18,ca7e84e01842403192efd94e245990ca,0.043,,,
4399,2026-09-11,SZ000768,-0.007796361766376511,EXP_LGBModel_Alpha158_csi300_custom_step0_s_20260911_18,ca7e84e01842403192efd94e245990ca,0.043,,,
4400,2026-09-11,SZ000776,-0.013482548888618499,EXP_LGBModel_Alpha158_csi300_custom_step0_s_20260911_18,ca7e84e01842403192efd94e245990ca,0.043,,,
4401,2026-09-11,SZ000792,-0.011582206949260786,EXP_LGBModel_Alpha158_csi300_custom_step0_s_20260911_18,ca7e84e01842403192efd94e245990ca,0.043,,,
4402,2026-09-11,SZ000807,-0.006717215564635904,EXP_LGBModel_Alpha158_csi300_custom_step0_s_20260911_18,ca7e84e01842403192efd94e245990ca,0.043,,,
4403,2026-09-11,SZ000858,0.007008303475328192,EXP_LGBModel_Alpha158_csi300_custom_step0_s_20260911_18,ca7e84e01842403192efd94e245990ca,0.043,,,
4404,2026-09-11,SZ000895,-0.003619803520825588,EXP_LGBModel_Alpha158_csi300_custom_step0_s_20260911_18,ca7e84e01842403192efd94e245990ca,0.043,,,
4405,2026-09-11,SZ000938,-0.013373938318484106,EXP_LGBModel_Alpha158_csi300_custom_step0_s_20260911_18,ca7e84e01842403192efd94e245990ca,0.043,,,
4406,2026-09-11,SZ000963,-0.0018641308829037294,EXP_LGBModel_Alpha158_csi300_custom_step0_s_20260911_18,ca7e84e01842403192efd94e245990ca,0.043,,,
4407,2026-09-11,SZ000975,3.0452969662881977e-10,EXP_LGBModel_Alpha158_csi300_custom_step0_s_20260911_18,ca7e84e01842403192efd94e245990ca,0.043,,,
4408,2026-09-11,SZ000977,-0.0172244530719665,EXP_LGBModel_Alpha158_csi300_custom_step0_s_20260911_18,ca7e84e01842403192efd94e245990ca,0.043,,,
4409,2026-09-11,SZ000988,-0.015507205890366204,EXP_LGBModel_Alpha158_csi300_custom_step0_s_20260911_18,ca7e84e01842403192efd94e245990ca,0.043,,,
4410,2026-09-11,SZ000999,0.010119844843766674,EXP_LGBModel_Alpha158_csi300_custom_step0_s_20260911_18,ca7e84e01842403192efd94e245990ca,0.043,,,
4411,2026-09-11,SZ001280,-0.005079946634166115,EXP_LGBModel_Alpha158_csi300_custom_step0_s_20260911_18,ca7e84e01842403192efd94e245990ca,0.043,,,
4412,2026-09-11,SZ001391,0.0021045011565656094,EXP_LGBModel_Alpha158_csi300_custom_step0_s_20260911_18,ca7e84e01842403192efd94e245990ca,0.043,,,
4413,2026-09-11,SZ002241,-0.015504440166391117,EXP_LGBModel_Alpha158_csi300_custom_step0_s_20260911_18,ca7e84e01842403192efd94e245990ca,0.043,,,
4414,2026-09-11,SZ002236,3.0452969662881977e-10,EXP_LGBModel_Alpha158_csi300_custom_step0_s_20260911_18,ca7e84e01842403192efd94e245990ca,0.043,,,
4415,2026-09-11,SZ002230,0.004689759057104408,EXP_LGBModel_Alpha158_csi300_custom_step0_s_20260911_18,ca7e84e01842403192efd94e245990ca,0.043,,,
4416,2026-09-11,SZ002202,-0.0045697423987713925,EXP_LGBModel_Alpha158_csi300_custom_step0_s_20260911_18,ca7e84e01842403192efd94e245990ca,0.043,,,
4417,2026-09-11,SZ002179,-0.002741737209762337,EXP_LGBModel_Alpha158_csi300_custom_step0_s_20260911_18,ca7e84e01842403192efd94e245990ca,0.043,,,
4418,2026-09-11,SZ002142,0.0017537111561367717,EXP_LGBModel_Alpha158_csi300_custom_step0_s_20260911_18,ca7e84e01842403192efd94e245990ca,0.043,,,
4419,2026-09-11,SZ002311,-0.0021412917073971357,EXP_LGBModel_Alpha158_csi300_custom_step0_s_20260911_18,ca7e84e01842403192efd94e245990ca,0.043,,,
4420,2026-09-11,SZ002074,-0.011233587700286572,EXP_LGBModel_Alpha158_csi300_custom_step0_s_20260911_18,ca7e84e01842403192efd94e245990ca,0.043,,,
4421,2026-09-11,SZ002049,-0.010378321694380601,EXP_LGBModel_Alpha158_csi300_custom_step0_s_20260911_18,ca7e84e01842403192efd94e245990ca,0.043,,,
4422,2026-09-11,SZ002028,0.02686714943136153,EXP_LGBModel_Alpha158_csi300_custom_step0_s_20260911_18,ca7e84e01842403192efd94e245990ca,0.043,,,
4423,2026-09-11,SZ002027,0.007008303475328192,EXP_LGBModel_Alpha158_csi300_custom_step0_s_20260911_18,ca7e84e01842403192efd94e245990ca,0.043,,,
4424,2026-09-11,SZ002001,0.000896002911177185,EXP_LGBModel_Alpha158_csi300_custom_step0_s_20260911_18,ca7e84e01842403192efd94e245990ca,0.043,,,
4425,2026-09-11,SZ001979,-0.0035882573194840443,EXP_LGBModel_Alpha158_csi300_custom_step0_s_20260911_18,ca7e84e01842403192efd94e245990ca,0.043,,,
4426,2026-09-11,SZ001965,0.014772863072644412,EXP_LGBModel_Alpha158_csi300_custom_step0_s_20260911_18,ca7e84e01842403192efd94e245990ca,0.043,,,
4427,2026-09-11,SZ002050,0.0002403699691321834,EXP_LGBModel_Alpha158_csi300_custom_step0_s_20260911_18,ca7e84e01842403192efd94e245990ca,0.043,,,
4428,2026-09-11,SZ300308,-0.013194106511032302,EXP_LGBModel_Alpha158_csi300_custom_step0_s_20260911_18,ca7e84e01842403192efd94e245990ca,0.043,,,
4429,2026-09-11,SZ300316,-0.0033809881773076865,EXP_LGBModel_Alpha158_csi300_custom_step0_s_20260911_18,ca7e84e01842403192efd94e245990ca,0.043,,,
4430,2026-09-11,SZ300394,0.014101220185077331,EXP_LGBModel_Alpha158_csi300_custom_step0_s_20260911_18,ca7e84e01842403192efd94e245990ca,0.043,,,
4431,2026-09-11,SH600029,0.01903956984977298,EXP_DEnsembleModel_Alpha158_csi300_custom_step0_s_20260911_16,9aaff0ddaf834c63b809193ee2f5241d,0.098,,,
4432,2026-09-11,SH600030,0.019974745474074667,EXP_DEnsembleModel_Alpha158_csi300_custom_step0_s_20260911_16,9aaff0ddaf834c63b809193ee2f5241d,0.098,,,
4433,2026-09-11,SH600031,0.05997314698082531,EXP_DEnsembleModel_Alpha158_csi300_custom_step0_s_20260911_16,9aaff0ddaf834c63b809193ee2f5241d,0.098,,,
4434,2026-09-11,SH600036,0.0927307452758658,EXP_DEnsembleModel_Alpha158_csi300_custom_step0_s_20260911_16,9aaff0ddaf834c63b809193ee2f5241d,0.098,,,
4435,2026-09-11,SH600039,0.07598614161586417,EXP_DEnsembleModel_Alpha158_csi300_custom_step0_s_20260911_16,9aaff0ddaf834c63b809193ee2f5241d,0.098,,,
4436,2026-09-11,SH600048,-0.006361647430225295,EXP_DEnsembleModel_Alpha158_csi300_custom_step0_s_20260911_16,9aaff0ddaf834c63b809193ee2f5241d,0.098,,,
4437,2026-09-11,SH600050,0.07258266819190816,EXP_DEnsembleModel_Alpha158_csi300_custom_step0_s_20260911_16,9aaff0ddaf834c63b809193ee2f5241d,0.098,,,
4438,2026-09-11,SH600061,0.02533504807496649,EXP_DEnsembleModel_Alpha158_csi300_custom_step0_s_20260911_16,9aaff0ddaf834c63b809193ee2f5241d,0.098,,,
4439,2026-09-11,SH600066,-0.02530310055844878,EXP_DEnsembleModel_Alpha158_csi300_custom_step0_s_20260911_16,9aaff0ddaf834c63b809193ee2f5241d,0.098,,,
4440,2026-09-11,SH600085,0.07866182491283825,EXP_DEnsembleModel_Alpha158_csi300_custom_step0_s_20260911_16,9aaff0ddaf834c63b809193ee2f5241d,0.098,,,
4441,2026-09-11,SH600089,0.010694204087852516,EXP_DEnsembleModel_Alpha158_csi300_custom_step0_s_20260911_16,9aaff0ddaf834c63b809193ee2f5241d,0.098,,,
4442,2026-09-11,SH600104,0.19916396394970018,EXP_DEnsembleModel_Alpha158_csi300_custom_step0_s_20260911_16,9aaff0ddaf834c63b809193ee2f5241d,0.098,,,
4443,2026-09-11,SH600111,-0.018563437146749014,EXP_DEnsembleModel_Alpha158_csi300_custom_step0_s_20260911_16,9aaff0ddaf834c63b809193ee2f5241d,0.098,,,
4444,2026-09-11,SH600115,0.020143239862340546,EXP_DEnsembleModel_Alpha158_csi300_custom_step0_s_20260911_16,9aaff0ddaf834c63b809193ee2f5241d,0.098,,,
4445,2026-09-11,SH600118,0.012391537789691777,EXP_DEnsembleModel_Alpha158_csi300_custom_step0_s_20260911_16,9aaff0ddaf834c63b809193ee2f5241d,0.098,,,
4446,2026-09-11,SH600150,0.013959800690597829,EXP_DEnsembleModel_Alpha158_csi300_custom_step0_s_20260911_16,9aaff0ddaf834c63b809193ee2f5241d,0.098,,,
4447,2026-09-11,SH600160,-0.0032493530653174593,EXP_DEnsembleModel_Alpha158_csi300_custom_step0_s_20260911_16,9aaff0ddaf834c63b809193ee2f5241d,0.098,,,
4448,2026-09-11,SH600415,-0.09154464265141843,EXP_DEnsembleModel_Alpha158_csi300_custom_step0_s_20260911_16,9aaff0ddaf834c63b809193ee2f5241d,0.098,,,
4449,2026-09-11,SH600406,0.08298021011758074,EXP_DEnsembleModel_Alpha158_csi300_custom_step0_s_20260911_16,9aaff0ddaf834c63b809193ee2f5241d,0.098,,,
4450,2026-09-11,SH600372,0.08322015179003892,EXP_DEnsembleModel_Alpha158_csi300_custom_step0_s_20260911_16,9aaff0ddaf834c63b809193ee2f5241d,0.098,,,
4451,2026-09-11,SH600362,-0.07644759159386927,EXP_DEnsembleModel_Alpha158_csi300_custom_step0_s_20260911_16,9aaff0ddaf834c63b809193ee2f5241d,0.098,,,
4452,2026-09-11,SH600346,-0.09543479292898101,EXP_DEnsembleModel_Alpha158_csi300_custom_step0_s_20260911_16,9aaff0ddaf834c63b809193ee2f5241d,0.098,,,
4453,2026-09-11,SH600309,0.044417145904387355,EXP_DEnsembleModel_Alpha158_csi300_custom_step0_s_20260911_16,9aaff0ddaf834c63b809193ee2f5241d,0.098,,,
4454,2026-09-11,SH600028,0.05576348089789633,EXP_DEnsembleModel_Alpha158_csi300_custom_step0_s_20260911_16,9aaff0ddaf834c63b809193ee2f5241d,0.098,,,
4455,2026-09-11,SH600276,0.1520367176641723,EXP_DEnsembleModel_Alpha158_csi300_custom_step0_s_20260911_16,9aaff0ddaf834c63b809193ee2f5241d,0.098,,,
4456,2026-09-11,SH600221,0.08052697581816091,EXP_DEnsembleModel_Alpha158_csi300_custom_step0_s_20260911_16,9aaff0ddaf834c63b809193ee2f5241d,0.098,,,
4457,2026-09-11,SH600219,0.0518447669702121,EXP_DEnsembleModel_Alpha158_csi300_custom_step0_s_20260911_16,9aaff0ddaf834c63b809193ee2f5241d,0.098,,,
4458,2026-09-11,SH600196,-0.035447326672793086,EXP_DEnsembleModel_Alpha158_csi300_custom_step0_s_20260911_16,9aaff0ddaf834c63b809193ee2f5241d,0.098,,,
4459,2026-09-11,SH600188,-0.15310043424713157,EXP_DEnsembleModel_Alpha158_csi300_custom_step0_s_20260911_16,9aaff0ddaf834c63b809193ee2f5241d,0.098,,,
4460,2026-09-11,SH600183,-0.11623522131706893,EXP_DEnsembleModel_Alpha158_csi300_custom_step0_s_20260911_16,9aaff0ddaf834c63b809193ee2f5241d,0.098,,,
4461,2026-09-11,SH600176,-0.022446107538702728,EXP_DEnsembleModel_Alpha158_csi300_custom_step0_s_20260911_16,9aaff0ddaf834c63b809193ee2f5241d,0.098,,,
4462,2026-09-11,SH600233,-0.09077536442702423,EXP_DEnsembleModel_Alpha158_csi300_custom_step0_s_20260911_16,9aaff0ddaf834c63b809193ee2f5241d,0.098,,,
4463,2026-09-11,SH600027,0.01863486908371804,EXP_DEnsembleModel_Alpha158_csi300_custom_step0_s_20260911_16,9aaff0ddaf834c63b809193ee2f5241d,0.098,,,
4464,2026-09-11,SH600026,-0.10727947748708956,EXP_DEnsembleModel_Alpha158_csi300_custom_step0_s_20260911_16,9aaff0ddaf834c63b809193ee2f5241d,0.098,,,
4465,2026-09-11,SH600025,0.07878306852488168,EXP_DEnsembleModel_Alpha158_csi300_custom_step0_s_20260911_16,9aaff0ddaf834c63b809193ee2f5241d,0.098,,,
4466,2026-09-11,SZ300803,-0.0189257532768294,EXP_LGBModel_Alpha158_csi300_custom_step0_s_20260911_18,ca7e84e01842403192efd94e245990ca,0.043,,,
4467,2026-09-11,SZ300760,0.004662595315165602,EXP_LGBModel_Alpha158_csi300_custom_step0_s_20260911_18,ca7e84e01842403192efd94e245990ca,0.043,,,
4468,2026-09-11,SZ300750,-0.004147486554683464,EXP_LGBModel_Alpha158_csi300_custom_step0_s_20260911_18,ca7e84e01842403192efd94e245990ca,0.043,,,
4469,2026-09-11,SZ300661,-0.014166508546108417,EXP_LGBModel_Alpha158_csi300_custom_step0_s_20260911_18,ca7e84e01842403192efd94e245990ca,0.043,,,
4470,2026-09-11,SZ300628,0.00010100677743736985,EXP_LGBModel_Alpha158_csi300_custom_step0_s_20260911_18,ca7e84e01842403192efd94e245990ca,0.043,,,
4471,2026-09-11,SZ300502,-0.00886108233527357,EXP_LGBModel_Alpha158_csi300_custom_step0_s_20260911_18,ca7e84e01842403192efd94e245990ca,0.043,,,
4472,2026-09-11,SZ300832,-0.009908380564227982,EXP_LGBModel_Alpha158_csi300_custom_step0_s_20260911_18,ca7e84e01842403192efd94e245990ca,0.043,,,
4473,2026-09-11,SZ300498,0.0003299735889004201,EXP_LGBModel_Alpha158_csi300_custom_step0_s_20260911_18,ca7e84e01842403192efd94e245990ca,0.043,,,
4474,2026-09-11,SZ300450,-0.00730322139443802,EXP_LGBModel_Alpha158_csi300_custom_step0_s_20260911_18,ca7e84e01842403192efd94e245990ca,0.043,,,
4475,2026-09-11,SZ300442,-0.012252655847674893,EXP_LGBModel_Alpha158_csi300_custom_step0_s_20260911_18,ca7e84e01842403192efd94e245990ca,0.043,,,
4476,2026-09-11,SZ300433,-0.007146181752581239,EXP_LGBModel_Alpha158_csi300_custom_step0_s_20260911_18,ca7e84e01842403192efd94e245990ca,0.043,,,
4477,2026-09-11,SZ300418,-0.020426697434880133,EXP_LGBModel_Alpha158_csi300_custom_step0_s_20260911_18,ca7e84e01842403192efd94e245990ca,0.043,,,
4478,2026-09-11,SZ300413,0.034429437782113,EXP_LGBModel_Alpha158_csi300_custom_step0_s_20260911_18,ca7e84e01842403192efd94e245990ca,0.043,,,
4479,2026-09-11,SZ300408,4.6437679562593565e-05,EXP_LGBModel_Alpha158_csi300_custom_step0_s_20260911_18,ca7e84e01842403192efd94e245990ca,0.043,,,
4480,2026-09-11,SZ300476,0.03171973635708048,EXP_LGBModel_Alpha158_csi300_custom_step0_s_20260911_18,ca7e84e01842403192efd94e245990ca,0.043,,,
4481,2026-09-11,SH600436,-0.012524351815602984,EXP_DEnsembleModel_Alpha158_csi300_custom_step0_s_20260911_16,9aaff0ddaf834c63b809193ee2f5241d,0.098,,,
4482,2026-09-11,SZ300866,-0.01159763655176184,EXP_LGBModel_Alpha158_csi300_custom_step0_s_20260911_18,ca7e84e01842403192efd94e245990ca,0.043,,,
4483,2026-09-11,SZ300999,-0.0057601950576395885,EXP_LGBModel_Alpha158_csi300_custom_step0_s_20260911_18,ca7e84e01842403192efd94e245990ca,0.043,,,
4484,2026-09-11,SH600023,0.08168983215131846,EXP_DEnsembleModel_Alpha158_csi300_custom_step0_s_20260911_16,9aaff0ddaf834c63b809193ee2f5241d,0.098,,,
4485,2026-09-11,SH600019,0.11096874711484739,EXP_DEnsembleModel_Alpha158_csi300_custom_step0_s_20260911_16,9aaff0ddaf834c63b809193ee2f5241d,0.098,,,
4486,2026-09-11,SH600018,0.061949272662481396,EXP_DEnsembleModel_Alpha158_csi300_custom_step0_s_20260911_16,9aaff0ddaf834c63b809193ee2f5241d,0.098,,,
4487,2026-09-11,SH600016,0.16864086225340139,EXP_DEnsembleModel_Alpha158_csi300_custom_step0_s_20260911_16,9aaff0ddaf834c63b809193ee2f5241d,0.098,,,
4488,2026-09-11,SH600015,0.08421155258883589,EXP_DEnsembleModel_Alpha158_csi300_custom_step0_s_20260911_16,9aaff0ddaf834c63b809193ee2f5241d,0.098,,,
4489,2026-09-11,SH600011,-0.02146666212748666,EXP_DEnsembleModel_Alpha158_csi300_custom_step0_s_20260911_16,9aaff0ddaf834c63b809193ee2f5241d,0.098,,,
4490,2026-09-11,SZ300896,-0.0189257532768294,EXP_LGBModel_Alpha158_csi300_custom_step0_s_20260911_18,ca7e84e01842403192efd94e245990ca,0.043,,,
4491,2026-09-11,SH600010,0.014078707849615896,EXP_DEnsembleModel_Alpha158_csi300_custom_step0_s_20260911_16,9aaff0ddaf834c63b809193ee2f5241d,0.098,,,
4492,2026-09-11,SH600000,0.05991904278992249,EXP_DEnsembleModel_Alpha158_csi300_custom_step0_s_20260911_16,9aaff0ddaf834c63b809193ee2f5241d,0.098,,,
4493,2026-09-11,SZ302132,-0.012382636781797421,EXP_LGBModel_Alpha158_csi300_custom_step0_s_20260911_18,ca7e84e01842403192efd94e245990ca,0.043,,,
4494,2026-09-11,SZ301308,-0.008865490072536206,EXP_LGBModel_Alpha158_csi300_custom_step0_s_20260911_18,ca7e84e01842403192efd94e245990ca,0.043,,,
4495,2026-09-11,SZ301269,-0.0189257532768294,EXP_LGBModel_Alpha158_csi300_custom_step0_s_20260911_18,ca7e84e01842403192efd94e245990ca,0.043,,,
4496,2026-09-11,SZ301236,-0.012304961527452574,EXP_LGBModel_Alpha158_csi300_custom_step0_s_20260911_18,ca7e84e01842403192efd94e245990ca,0.043,,,
4497,2026-09-11,SZ301165,0.009861769696641213,EXP_LGBModel_Alpha158_csi300_custom_step0_s_20260911_18,ca7e84e01842403192efd94e245990ca,0.043,,,
4498,2026-09-11,SH600009,0.08065471540431011,EXP_DEnsembleModel_Alpha158_csi300_custom_step0_s_20260911_16,9aaff0ddaf834c63b809193ee2f5241d,0.098,,,
4499,2026-09-11,SZ302132,-0.03196942061185837,EXP_XGBModel_Alpha158_csi300_custom_step0_s_20260911_16,b9b526c7d1da4197a3d3f40f3cedf248,0.032,,,
