,datetime,instrument,score,exp_name,rid,weight,real_label,error,abs_error
0,2026-09-03,SH600000,0.001992346026750403,EXP_CatBoostModel_Alpha158_csi300_custom_step0_s_20260903_18,0f2a89b25043409f82399b334300ed46,0.061,,,
1,2026-09-03,SZ300832,0.13623361437863596,EXP_DEnsembleModel_Alpha158_csi300_custom_step0_s_20260903_16,c51208b07462499ba8a1ebd1032704d0,0.002,,,
2,2026-09-03,SZ300866,0.18692751470365324,EXP_DEnsembleModel_Alpha158_csi300_custom_step0_s_20260903_16,c51208b07462499ba8a1ebd1032704d0,0.002,,,
3,2026-09-03,SZ300896,0.024340030066398424,EXP_DEnsembleModel_Alpha158_csi300_custom_step0_s_20260903_16,c51208b07462499ba8a1ebd1032704d0,0.002,,,
4,2026-09-03,SZ300999,-0.09654449043554243,EXP_DEnsembleModel_Alpha158_csi300_custom_step0_s_20260903_16,c51208b07462499ba8a1ebd1032704d0,0.002,,,
5,2026-09-03,SZ301165,0.16771909724993175,EXP_DEnsembleModel_Alpha158_csi300_custom_step0_s_20260903_16,c51208b07462499ba8a1ebd1032704d0,0.002,,,
6,2026-09-03,SZ301236,-0.04139060986838785,EXP_DEnsembleModel_Alpha158_csi300_custom_step0_s_20260903_16,c51208b07462499ba8a1ebd1032704d0,0.002,,,
7,2026-09-03,SZ301269,0.002865753654416801,EXP_DEnsembleModel_Alpha158_csi300_custom_step0_s_20260903_16,c51208b07462499ba8a1ebd1032704d0,0.002,,,
8,2026-09-03,SZ301308,0.08765464531213106,EXP_DEnsembleModel_Alpha158_csi300_custom_step0_s_20260903_16,c51208b07462499ba8a1ebd1032704d0,0.002,,,
9,2026-09-03,SZ302132,0.07785642278631673,EXP_DEnsembleModel_Alpha158_csi300_custom_step0_s_20260903_16,c51208b07462499ba8a1ebd1032704d0,0.002,,,
10,2026-09-03,SH600000,0.005096199456602335,EXP_LinearModel_Alpha158_csi300_custom_step0_s_20260903_16,18055128241e4f97809a294bb0275935,0.079,,,
11,2026-09-03,SH600009,-0.029300136491656303,EXP_LinearModel_Alpha158_csi300_custom_step0_s_20260903_16,18055128241e4f97809a294bb0275935,0.079,,,
12,2026-09-03,SH600010,0.02041064389050007,EXP_LinearModel_Alpha158_csi300_custom_step0_s_20260903_16,18055128241e4f97809a294bb0275935,0.079,,,
13,2026-09-03,SH600011,-0.02710151858627796,EXP_LinearModel_Alpha158_csi300_custom_step0_s_20260903_16,18055128241e4f97809a294bb0275935,0.079,,,
14,2026-09-03,SH600015,-0.0004453868605196476,EXP_LinearModel_Alpha158_csi300_custom_step0_s_20260903_16,18055128241e4f97809a294bb0275935,0.079,,,
15,2026-09-03,SH600016,0.06443735957145691,EXP_LinearModel_Alpha158_csi300_custom_step0_s_20260903_16,18055128241e4f97809a294bb0275935,0.079,,,
16,2026-09-03,SH600018,0.06290072947740555,EXP_LinearModel_Alpha158_csi300_custom_step0_s_20260903_16,18055128241e4f97809a294bb0275935,0.079,,,
17,2026-09-03,SH600019,0.039723046123981476,EXP_LinearModel_Alpha158_csi300_custom_step0_s_20260903_16,18055128241e4f97809a294bb0275935,0.079,,,
18,2026-09-03,SH600066,-0.00745781185105443,EXP_LinearModel_Alpha158_csi300_custom_step0_s_20260903_16,18055128241e4f97809a294bb0275935,0.079,,,
19,2026-09-03,SH600061,0.04274603724479675,EXP_LinearModel_Alpha158_csi300_custom_step0_s_20260903_16,18055128241e4f97809a294bb0275935,0.079,,,
20,2026-09-03,SH600050,0.039499104022979736,EXP_LinearModel_Alpha158_csi300_custom_step0_s_20260903_16,18055128241e4f97809a294bb0275935,0.079,,,
21,2026-09-03,SH600048,0.010323564521968365,EXP_LinearModel_Alpha158_csi300_custom_step0_s_20260903_16,18055128241e4f97809a294bb0275935,0.079,,,
22,2026-09-03,SH600039,0.016552871093153954,EXP_LinearModel_Alpha158_csi300_custom_step0_s_20260903_16,18055128241e4f97809a294bb0275935,0.079,,,
23,2026-09-03,SH600036,0.0013109738938510418,EXP_LinearModel_Alpha158_csi300_custom_step0_s_20260903_16,18055128241e4f97809a294bb0275935,0.079,,,
24,2026-09-03,SZ300803,0.033130553642404005,EXP_DEnsembleModel_Alpha158_csi300_custom_step0_s_20260903_16,c51208b07462499ba8a1ebd1032704d0,0.002,,,
25,2026-09-03,SH600031,-0.033179692924022675,EXP_LinearModel_Alpha158_csi300_custom_step0_s_20260903_16,18055128241e4f97809a294bb0275935,0.079,,,
26,2026-09-03,SH600029,0.014330510050058365,EXP_LinearModel_Alpha158_csi300_custom_step0_s_20260903_16,18055128241e4f97809a294bb0275935,0.079,,,
27,2026-09-03,SH600028,0.0306173637509346,EXP_LinearModel_Alpha158_csi300_custom_step0_s_20260903_16,18055128241e4f97809a294bb0275935,0.079,,,
28,2026-09-03,SH600027,0.032534629106521606,EXP_LinearModel_Alpha158_csi300_custom_step0_s_20260903_16,18055128241e4f97809a294bb0275935,0.079,,,
29,2026-09-03,SH600026,0.028310688212513924,EXP_LinearModel_Alpha158_csi300_custom_step0_s_20260903_16,18055128241e4f97809a294bb0275935,0.079,,,
30,2026-09-03,SH600025,0.044764481484889984,EXP_LinearModel_Alpha158_csi300_custom_step0_s_20260903_16,18055128241e4f97809a294bb0275935,0.079,,,
31,2026-09-03,SH600023,0.008148672059178352,EXP_LinearModel_Alpha158_csi300_custom_step0_s_20260903_16,18055128241e4f97809a294bb0275935,0.079,,,
32,2026-09-03,SH600030,-0.002401971258223057,EXP_LinearModel_Alpha158_csi300_custom_step0_s_20260903_16,18055128241e4f97809a294bb0275935,0.079,,,
33,2026-09-03,SH600085,-0.002894693985581398,EXP_LinearModel_Alpha158_csi300_custom_step0_s_20260903_16,18055128241e4f97809a294bb0275935,0.079,,,
34,2026-09-03,SZ300760,0.07091225793646933,EXP_DEnsembleModel_Alpha158_csi300_custom_step0_s_20260903_16,c51208b07462499ba8a1ebd1032704d0,0.002,,,
35,2026-09-03,SZ300661,0.17805153398609866,EXP_DEnsembleModel_Alpha158_csi300_custom_step0_s_20260903_16,c51208b07462499ba8a1ebd1032704d0,0.002,,,
36,2026-09-03,SZ002625,-0.015708149392546725,EXP_DEnsembleModel_Alpha158_csi300_custom_step0_s_20260903_16,c51208b07462499ba8a1ebd1032704d0,0.002,,,
37,2026-09-03,SZ002648,0.13469348599923586,EXP_DEnsembleModel_Alpha158_csi300_custom_step0_s_20260903_16,c51208b07462499ba8a1ebd1032704d0,0.002,,,
38,2026-09-03,SZ002709,0.02340664190429202,EXP_DEnsembleModel_Alpha158_csi300_custom_step0_s_20260903_16,c51208b07462499ba8a1ebd1032704d0,0.002,,,
39,2026-09-03,SZ002714,-0.07552267463862097,EXP_DEnsembleModel_Alpha158_csi300_custom_step0_s_20260903_16,c51208b07462499ba8a1ebd1032704d0,0.002,,,
40,2026-09-03,SZ002736,-0.019662991693506864,EXP_DEnsembleModel_Alpha158_csi300_custom_step0_s_20260903_16,c51208b07462499ba8a1ebd1032704d0,0.002,,,
41,2026-09-03,SZ002837,0.3681486403410962,EXP_DEnsembleModel_Alpha158_csi300_custom_step0_s_20260903_16,c51208b07462499ba8a1ebd1032704d0,0.002,,,
42,2026-09-03,SZ002916,0.1792453450783162,EXP_DEnsembleModel_Alpha158_csi300_custom_step0_s_20260903_16,c51208b07462499ba8a1ebd1032704d0,0.002,,,
43,2026-09-03,SZ002920,0.01253194463218931,EXP_DEnsembleModel_Alpha158_csi300_custom_step0_s_20260903_16,c51208b07462499ba8a1ebd1032704d0,0.002,,,
44,2026-09-03,SZ002938,0.12658339137397367,EXP_DEnsembleModel_Alpha158_csi300_custom_step0_s_20260903_16,c51208b07462499ba8a1ebd1032704d0,0.002,,,
45,2026-09-03,SZ003816,0.2382496875380826,EXP_DEnsembleModel_Alpha158_csi300_custom_step0_s_20260903_16,c51208b07462499ba8a1ebd1032704d0,0.002,,,
46,2026-09-03,SZ300014,-0.04501990190638484,EXP_DEnsembleModel_Alpha158_csi300_custom_step0_s_20260903_16,c51208b07462499ba8a1ebd1032704d0,0.002,,,
47,2026-09-03,SZ300015,-0.006001404416781793,EXP_DEnsembleModel_Alpha158_csi300_custom_step0_s_20260903_16,c51208b07462499ba8a1ebd1032704d0,0.002,,,
48,2026-09-03,SZ300033,-0.06986671955158583,EXP_DEnsembleModel_Alpha158_csi300_custom_step0_s_20260903_16,c51208b07462499ba8a1ebd1032704d0,0.002,,,
49,2026-09-03,SZ300059,-0.05468616654948501,EXP_DEnsembleModel_Alpha158_csi300_custom_step0_s_20260903_16,c51208b07462499ba8a1ebd1032704d0,0.002,,,
50,2026-09-03,SZ300122,-0.02140611213830091,EXP_DEnsembleModel_Alpha158_csi300_custom_step0_s_20260903_16,c51208b07462499ba8a1ebd1032704d0,0.002,,,
51,2026-09-03,SZ300124,0.0044863656294951695,EXP_DEnsembleModel_Alpha158_csi300_custom_step0_s_20260903_16,c51208b07462499ba8a1ebd1032704d0,0.002,,,
52,2026-09-03,SZ300251,-0.13171353898908417,EXP_DEnsembleModel_Alpha158_csi300_custom_step0_s_20260903_16,c51208b07462499ba8a1ebd1032704d0,0.002,,,
53,2026-09-03,SZ300628,-0.05545859223219411,EXP_DEnsembleModel_Alpha158_csi300_custom_step0_s_20260903_16,c51208b07462499ba8a1ebd1032704d0,0.002,,,
54,2026-09-03,SZ300502,0.18649730901276024,EXP_DEnsembleModel_Alpha158_csi300_custom_step0_s_20260903_16,c51208b07462499ba8a1ebd1032704d0,0.002,,,
55,2026-09-03,SZ300498,-0.020378874066290267,EXP_DEnsembleModel_Alpha158_csi300_custom_step0_s_20260903_16,c51208b07462499ba8a1ebd1032704d0,0.002,,,
56,2026-09-03,SZ300476,0.16503475252594355,EXP_DEnsembleModel_Alpha158_csi300_custom_step0_s_20260903_16,c51208b07462499ba8a1ebd1032704d0,0.002,,,
57,2026-09-03,SZ300450,-0.08138502426664558,EXP_DEnsembleModel_Alpha158_csi300_custom_step0_s_20260903_16,c51208b07462499ba8a1ebd1032704d0,0.002,,,
58,2026-09-03,SZ300442,0.027564373708549646,EXP_DEnsembleModel_Alpha158_csi300_custom_step0_s_20260903_16,c51208b07462499ba8a1ebd1032704d0,0.002,,,
59,2026-09-03,SZ300750,-0.0540376654184778,EXP_DEnsembleModel_Alpha158_csi300_custom_step0_s_20260903_16,c51208b07462499ba8a1ebd1032704d0,0.002,,,
60,2026-09-03,SZ300433,0.304008439969128,EXP_DEnsembleModel_Alpha158_csi300_custom_step0_s_20260903_16,c51208b07462499ba8a1ebd1032704d0,0.002,,,
61,2026-09-03,SZ300413,-0.16235731091569852,EXP_DEnsembleModel_Alpha158_csi300_custom_step0_s_20260903_16,c51208b07462499ba8a1ebd1032704d0,0.002,,,
62,2026-09-03,SZ300408,0.09268027290863189,EXP_DEnsembleModel_Alpha158_csi300_custom_step0_s_20260903_16,c51208b07462499ba8a1ebd1032704d0,0.002,,,
63,2026-09-03,SZ300394,0.20035313655130257,EXP_DEnsembleModel_Alpha158_csi300_custom_step0_s_20260903_16,c51208b07462499ba8a1ebd1032704d0,0.002,,,
64,2026-09-03,SZ300316,0.08028775339813413,EXP_DEnsembleModel_Alpha158_csi300_custom_step0_s_20260903_16,c51208b07462499ba8a1ebd1032704d0,0.002,,,
65,2026-09-03,SZ300308,0.10198290250342884,EXP_DEnsembleModel_Alpha158_csi300_custom_step0_s_20260903_16,c51208b07462499ba8a1ebd1032704d0,0.002,,,
66,2026-09-03,SZ300274,0.03659013956882398,EXP_DEnsembleModel_Alpha158_csi300_custom_step0_s_20260903_16,c51208b07462499ba8a1ebd1032704d0,0.002,,,
67,2026-09-03,SZ300418,0.10250332232094678,EXP_DEnsembleModel_Alpha158_csi300_custom_step0_s_20260903_16,c51208b07462499ba8a1ebd1032704d0,0.002,,,
68,2026-09-03,SZ002602,0.08489906842840991,EXP_DEnsembleModel_Alpha158_csi300_custom_step0_s_20260903_16,c51208b07462499ba8a1ebd1032704d0,0.002,,,
69,2026-09-03,SH600089,0.031681742519140244,EXP_LinearModel_Alpha158_csi300_custom_step0_s_20260903_16,18055128241e4f97809a294bb0275935,0.079,,,
70,2026-09-03,SH600111,0.05768655240535736,EXP_LinearModel_Alpha158_csi300_custom_step0_s_20260903_16,18055128241e4f97809a294bb0275935,0.079,,,
71,2026-09-03,SH600674,-0.004590664058923721,EXP_LinearModel_Alpha158_csi300_custom_step0_s_20260903_16,18055128241e4f97809a294bb0275935,0.079,,,
72,2026-09-03,SH600690,0.023396935313940048,EXP_LinearModel_Alpha158_csi300_custom_step0_s_20260903_16,18055128241e4f97809a294bb0275935,0.079,,,
73,2026-09-03,SH600741,-0.033585842698812485,EXP_LinearModel_Alpha158_csi300_custom_step0_s_20260903_16,18055128241e4f97809a294bb0275935,0.079,,,
74,2026-09-03,SH600760,-0.03321220725774765,EXP_LinearModel_Alpha158_csi300_custom_step0_s_20260903_16,18055128241e4f97809a294bb0275935,0.079,,,
75,2026-09-03,SH600795,-0.003558737225830555,EXP_LinearModel_Alpha158_csi300_custom_step0_s_20260903_16,18055128241e4f97809a294bb0275935,0.079,,,
76,2026-09-03,SH600803,-0.050128255039453506,EXP_LinearModel_Alpha158_csi300_custom_step0_s_20260903_16,18055128241e4f97809a294bb0275935,0.079,,,
77,2026-09-03,SH600809,-0.06391076743602753,EXP_LinearModel_Alpha158_csi300_custom_step0_s_20260903_16,18055128241e4f97809a294bb0275935,0.079,,,
78,2026-09-03,SH600845,-0.021333105862140656,EXP_LinearModel_Alpha158_csi300_custom_step0_s_20260903_16,18055128241e4f97809a294bb0275935,0.079,,,
79,2026-09-03,SH600875,-0.012935657054185867,EXP_LinearModel_Alpha158_csi300_custom_step0_s_20260903_16,18055128241e4f97809a294bb0275935,0.079,,,
80,2026-09-03,SH600886,0.03731628507375717,EXP_LinearModel_Alpha158_csi300_custom_step0_s_20260903_16,18055128241e4f97809a294bb0275935,0.079,,,
81,2026-09-03,SH600887,0.08010239154100418,EXP_LinearModel_Alpha158_csi300_custom_step0_s_20260903_16,18055128241e4f97809a294bb0275935,0.079,,,
82,2026-09-03,SH600893,-0.016954472288489342,EXP_LinearModel_Alpha158_csi300_custom_step0_s_20260903_16,18055128241e4f97809a294bb0275935,0.079,,,
83,2026-09-03,SH600900,0.0202261321246624,EXP_LinearModel_Alpha158_csi300_custom_step0_s_20260903_16,18055128241e4f97809a294bb0275935,0.079,,,
84,2026-09-03,SH600905,0.06296758353710175,EXP_LinearModel_Alpha158_csi300_custom_step0_s_20260903_16,18055128241e4f97809a294bb0275935,0.079,,,
85,2026-09-03,SH600918,-0.03905192017555237,EXP_LinearModel_Alpha158_csi300_custom_step0_s_20260903_16,18055128241e4f97809a294bb0275935,0.079,,,
86,2026-09-03,SH600919,-0.025464070960879326,EXP_LinearModel_Alpha158_csi300_custom_step0_s_20260903_16,18055128241e4f97809a294bb0275935,0.079,,,
87,2026-09-03,SH600926,0.037227798253297806,EXP_LinearModel_Alpha158_csi300_custom_step0_s_20260903_16,18055128241e4f97809a294bb0275935,0.079,,,
88,2026-09-03,SH601066,0.06093626096844673,EXP_LinearModel_Alpha158_csi300_custom_step0_s_20260903_16,18055128241e4f97809a294bb0275935,0.079,,,
89,2026-09-03,SH601059,0.012486658990383148,EXP_LinearModel_Alpha158_csi300_custom_step0_s_20260903_16,18055128241e4f97809a294bb0275935,0.079,,,
90,2026-09-03,SH601058,-0.06557600945234299,EXP_LinearModel_Alpha158_csi300_custom_step0_s_20260903_16,18055128241e4f97809a294bb0275935,0.079,,,
91,2026-09-03,SH601021,-0.012752518989145756,EXP_LinearModel_Alpha158_csi300_custom_step0_s_20260903_16,18055128241e4f97809a294bb0275935,0.079,,,
92,2026-09-03,SH601018,0.05749940872192383,EXP_LinearModel_Alpha158_csi300_custom_step0_s_20260903_16,18055128241e4f97809a294bb0275935,0.079,,,
93,2026-09-03,SH601012,-0.03889423608779907,EXP_LinearModel_Alpha158_csi300_custom_step0_s_20260903_16,18055128241e4f97809a294bb0275935,0.079,,,
94,2026-09-03,SH600660,-0.015164422802627087,EXP_LinearModel_Alpha158_csi300_custom_step0_s_20260903_16,18055128241e4f97809a294bb0275935,0.079,,,
95,2026-09-03,SH601009,0.06983943283557892,EXP_LinearModel_Alpha158_csi300_custom_step0_s_20260903_16,18055128241e4f97809a294bb0275935,0.079,,,
96,2026-09-03,SH600999,0.05023426190018654,EXP_LinearModel_Alpha158_csi300_custom_step0_s_20260903_16,18055128241e4f97809a294bb0275935,0.079,,,
97,2026-09-03,SH600989,-0.027780497446656227,EXP_LinearModel_Alpha158_csi300_custom_step0_s_20260903_16,18055128241e4f97809a294bb0275935,0.079,,,
98,2026-09-03,SH600958,0.03762710839509964,EXP_LinearModel_Alpha158_csi300_custom_step0_s_20260903_16,18055128241e4f97809a294bb0275935,0.079,,,
99,2026-09-03,SH600941,0.019867517054080963,EXP_LinearModel_Alpha158_csi300_custom_step0_s_20260903_16,18055128241e4f97809a294bb0275935,0.079,,,
100,2026-09-03,SH600938,-0.036789923906326294,EXP_LinearModel_Alpha158_csi300_custom_step0_s_20260903_16,18055128241e4f97809a294bb0275935,0.079,,,
101,2026-09-03,SH600930,-0.004845290444791317,EXP_LinearModel_Alpha158_csi300_custom_step0_s_20260903_16,18055128241e4f97809a294bb0275935,0.079,,,
102,2026-09-03,SH601006,0.0235721655189991,EXP_LinearModel_Alpha158_csi300_custom_step0_s_20260903_16,18055128241e4f97809a294bb0275935,0.079,,,
103,2026-09-03,SH600104,0.007467190269380808,EXP_LinearModel_Alpha158_csi300_custom_step0_s_20260903_16,18055128241e4f97809a294bb0275935,0.079,,,
104,2026-09-03,SH600600,-0.042428746819496155,EXP_LinearModel_Alpha158_csi300_custom_step0_s_20260903_16,18055128241e4f97809a294bb0275935,0.079,,,
105,2026-09-03,SH600585,-0.01727147027850151,EXP_LinearModel_Alpha158_csi300_custom_step0_s_20260903_16,18055128241e4f97809a294bb0275935,0.079,,,
106,2026-09-03,SH600115,0.011220739223062992,EXP_LinearModel_Alpha158_csi300_custom_step0_s_20260903_16,18055128241e4f97809a294bb0275935,0.079,,,
107,2026-09-03,SH600118,0.03243536502122879,EXP_LinearModel_Alpha158_csi300_custom_step0_s_20260903_16,18055128241e4f97809a294bb0275935,0.079,,,
108,2026-09-03,SH600150,0.025439860299229622,EXP_LinearModel_Alpha158_csi300_custom_step0_s_20260903_16,18055128241e4f97809a294bb0275935,0.079,,,
109,2026-09-03,SH600160,0.10007058829069138,EXP_LinearModel_Alpha158_csi300_custom_step0_s_20260903_16,18055128241e4f97809a294bb0275935,0.079,,,
110,2026-09-03,SH600176,0.05776465684175491,EXP_LinearModel_Alpha158_csi300_custom_step0_s_20260903_16,18055128241e4f97809a294bb0275935,0.079,,,
111,2026-09-03,SH600183,0.011091714724898338,EXP_LinearModel_Alpha158_csi300_custom_step0_s_20260903_16,18055128241e4f97809a294bb0275935,0.079,,,
112,2026-09-03,SH600188,-0.03254181146621704,EXP_LinearModel_Alpha158_csi300_custom_step0_s_20260903_16,18055128241e4f97809a294bb0275935,0.079,,,
113,2026-09-03,SH600196,-0.0650113970041275,EXP_LinearModel_Alpha158_csi300_custom_step0_s_20260903_16,18055128241e4f97809a294bb0275935,0.079,,,
114,2026-09-03,SH600219,-0.022730397060513496,EXP_LinearModel_Alpha158_csi300_custom_step0_s_20260903_16,18055128241e4f97809a294bb0275935,0.079,,,
115,2026-09-03,SH600221,0.027973176911473274,EXP_LinearModel_Alpha158_csi300_custom_step0_s_20260903_16,18055128241e4f97809a294bb0275935,0.079,,,
116,2026-09-03,SH600233,0.01285707950592041,EXP_LinearModel_Alpha158_csi300_custom_step0_s_20260903_16,18055128241e4f97809a294bb0275935,0.079,,,
117,2026-09-03,SH600276,0.003063763724640012,EXP_LinearModel_Alpha158_csi300_custom_step0_s_20260903_16,18055128241e4f97809a294bb0275935,0.079,,,
118,2026-09-03,SH600309,0.0023326347582042217,EXP_LinearModel_Alpha158_csi300_custom_step0_s_20260903_16,18055128241e4f97809a294bb0275935,0.079,,,
119,2026-09-03,SH600346,-0.022460177540779114,EXP_LinearModel_Alpha158_csi300_custom_step0_s_20260903_16,18055128241e4f97809a294bb0275935,0.079,,,
120,2026-09-03,SH600362,0.006692945491522551,EXP_LinearModel_Alpha158_csi300_custom_step0_s_20260903_16,18055128241e4f97809a294bb0275935,0.079,,,
121,2026-09-03,SH600372,0.012074616737663746,EXP_LinearModel_Alpha158_csi300_custom_step0_s_20260903_16,18055128241e4f97809a294bb0275935,0.079,,,
122,2026-09-03,SH600406,-0.020997196435928345,EXP_LinearModel_Alpha158_csi300_custom_step0_s_20260903_16,18055128241e4f97809a294bb0275935,0.079,,,
123,2026-09-03,SH600584,0.10580230504274368,EXP_LinearModel_Alpha158_csi300_custom_step0_s_20260903_16,18055128241e4f97809a294bb0275935,0.079,,,
124,2026-09-03,SH600570,-0.019737543538212776,EXP_LinearModel_Alpha158_csi300_custom_step0_s_20260903_16,18055128241e4f97809a294bb0275935,0.079,,,
125,2026-09-03,SH600549,0.03823507949709892,EXP_LinearModel_Alpha158_csi300_custom_step0_s_20260903_16,18055128241e4f97809a294bb0275935,0.079,,,
126,2026-09-03,SH600547,-0.07120968401432037,EXP_LinearModel_Alpha158_csi300_custom_step0_s_20260903_16,18055128241e4f97809a294bb0275935,0.079,,,
127,2026-09-03,SH600522,0.05409889295697212,EXP_LinearModel_Alpha158_csi300_custom_step0_s_20260903_16,18055128241e4f97809a294bb0275935,0.079,,,
128,2026-09-03,SH600519,0.01753593049943447,EXP_LinearModel_Alpha158_csi300_custom_step0_s_20260903_16,18055128241e4f97809a294bb0275935,0.079,,,
129,2026-09-03,SH600588,0.020347341895103455,EXP_LinearModel_Alpha158_csi300_custom_step0_s_20260903_16,18055128241e4f97809a294bb0275935,0.079,,,
130,2026-09-03,SH600515,-0.01853625476360321,EXP_LinearModel_Alpha158_csi300_custom_step0_s_20260903_16,18055128241e4f97809a294bb0275935,0.079,,,
131,2026-09-03,SH600482,-0.05123092234134674,EXP_LinearModel_Alpha158_csi300_custom_step0_s_20260903_16,18055128241e4f97809a294bb0275935,0.079,,,
132,2026-09-03,SH600460,0.03459884598851204,EXP_LinearModel_Alpha158_csi300_custom_step0_s_20260903_16,18055128241e4f97809a294bb0275935,0.079,,,
133,2026-09-03,SH600438,-0.07652337104082108,EXP_LinearModel_Alpha158_csi300_custom_step0_s_20260903_16,18055128241e4f97809a294bb0275935,0.079,,,
134,2026-09-03,SH600436,-0.006189421750605106,EXP_LinearModel_Alpha158_csi300_custom_step0_s_20260903_16,18055128241e4f97809a294bb0275935,0.079,,,
135,2026-09-03,SH600426,0.030014218762516975,EXP_LinearModel_Alpha158_csi300_custom_step0_s_20260903_16,18055128241e4f97809a294bb0275935,0.079,,,
136,2026-09-03,SH600415,-0.026270834729075432,EXP_LinearModel_Alpha158_csi300_custom_step0_s_20260903_16,18055128241e4f97809a294bb0275935,0.079,,,
137,2026-09-03,SH600489,-0.06036747619509697,EXP_LinearModel_Alpha158_csi300_custom_step0_s_20260903_16,18055128241e4f97809a294bb0275935,0.079,,,
138,2026-09-03,SZ002600,-0.0032824530649537224,EXP_DEnsembleModel_Alpha158_csi300_custom_step0_s_20260903_16,c51208b07462499ba8a1ebd1032704d0,0.002,,,
139,2026-09-03,SZ002594,0.018507028690705127,EXP_DEnsembleModel_Alpha158_csi300_custom_step0_s_20260903_16,c51208b07462499ba8a1ebd1032704d0,0.002,,,
140,2026-09-03,SZ002558,-0.1589413583931783,EXP_DEnsembleModel_Alpha158_csi300_custom_step0_s_20260903_16,c51208b07462499ba8a1ebd1032704d0,0.002,,,
141,2026-09-03,SH601939,0.1638334167538758,EXP_DEnsembleModel_Alpha158_csi300_custom_step0_s_20260903_16,c51208b07462499ba8a1ebd1032704d0,0.002,,,
142,2026-09-03,SH601985,0.038716255804031666,EXP_DEnsembleModel_Alpha158_csi300_custom_step0_s_20260903_16,c51208b07462499ba8a1ebd1032704d0,0.002,,,
143,2026-09-03,SH601988,0.3030297139565145,EXP_DEnsembleModel_Alpha158_csi300_custom_step0_s_20260903_16,c51208b07462499ba8a1ebd1032704d0,0.002,,,
144,2026-09-03,SH601995,-0.056327042831028705,EXP_DEnsembleModel_Alpha158_csi300_custom_step0_s_20260903_16,c51208b07462499ba8a1ebd1032704d0,0.002,,,
145,2026-09-03,SH601998,0.11558043057792808,EXP_DEnsembleModel_Alpha158_csi300_custom_step0_s_20260903_16,c51208b07462499ba8a1ebd1032704d0,0.002,,,
146,2026-09-03,SH603019,-0.07545275516095779,EXP_DEnsembleModel_Alpha158_csi300_custom_step0_s_20260903_16,c51208b07462499ba8a1ebd1032704d0,0.002,,,
147,2026-09-03,SH603259,0.041594212754156625,EXP_DEnsembleModel_Alpha158_csi300_custom_step0_s_20260903_16,c51208b07462499ba8a1ebd1032704d0,0.002,,,
148,2026-09-03,SH603260,-0.042502922593965764,EXP_DEnsembleModel_Alpha158_csi300_custom_step0_s_20260903_16,c51208b07462499ba8a1ebd1032704d0,0.002,,,
149,2026-09-03,SH603288,-0.012970925264782508,EXP_DEnsembleModel_Alpha158_csi300_custom_step0_s_20260903_16,c51208b07462499ba8a1ebd1032704d0,0.002,,,
150,2026-09-03,SH603296,-0.01696818043030627,EXP_DEnsembleModel_Alpha158_csi300_custom_step0_s_20260903_16,c51208b07462499ba8a1ebd1032704d0,0.002,,,
151,2026-09-03,SH603369,0.0123146683345355,EXP_DEnsembleModel_Alpha158_csi300_custom_step0_s_20260903_16,c51208b07462499ba8a1ebd1032704d0,0.002,,,
152,2026-09-03,SH603392,-0.10137833950899869,EXP_DEnsembleModel_Alpha158_csi300_custom_step0_s_20260903_16,c51208b07462499ba8a1ebd1032704d0,0.002,,,
153,2026-09-03,SH603501,-0.04315534358458259,EXP_DEnsembleModel_Alpha158_csi300_custom_step0_s_20260903_16,c51208b07462499ba8a1ebd1032704d0,0.002,,,
154,2026-09-03,SH603799,0.019815516663425823,EXP_DEnsembleModel_Alpha158_csi300_custom_step0_s_20260903_16,c51208b07462499ba8a1ebd1032704d0,0.002,,,
155,2026-09-03,SH603893,-0.13591979402129759,EXP_DEnsembleModel_Alpha158_csi300_custom_step0_s_20260903_16,c51208b07462499ba8a1ebd1032704d0,0.002,,,
156,2026-09-03,SH603986,0.11660124863974222,EXP_DEnsembleModel_Alpha158_csi300_custom_step0_s_20260903_16,c51208b07462499ba8a1ebd1032704d0,0.002,,,
157,2026-09-03,SH603993,-0.09601147944559921,EXP_DEnsembleModel_Alpha158_csi300_custom_step0_s_20260903_16,c51208b07462499ba8a1ebd1032704d0,0.002,,,
158,2026-09-03,SH688223,-0.03257936464970722,EXP_DEnsembleModel_Alpha158_csi300_custom_step0_s_20260903_16,c51208b07462499ba8a1ebd1032704d0,0.002,,,
159,2026-09-03,SH688183,0.1281431834204766,EXP_DEnsembleModel_Alpha158_csi300_custom_step0_s_20260903_16,c51208b07462499ba8a1ebd1032704d0,0.002,,,
160,2026-09-03,SH688126,-0.0023255638201748878,EXP_DEnsembleModel_Alpha158_csi300_custom_step0_s_20260903_16,c51208b07462499ba8a1ebd1032704d0,0.002,,,
161,2026-09-03,SH688111,-0.03939300294845439,EXP_DEnsembleModel_Alpha158_csi300_custom_step0_s_20260903_16,c51208b07462499ba8a1ebd1032704d0,0.002,,,
162,2026-09-03,SH688082,0.11891528691899277,EXP_DEnsembleModel_Alpha158_csi300_custom_step0_s_20260903_16,c51208b07462499ba8a1ebd1032704d0,0.002,,,
163,2026-09-03,SH688072,0.06291166109604952,EXP_DEnsembleModel_Alpha158_csi300_custom_step0_s_20260903_16,c51208b07462499ba8a1ebd1032704d0,0.002,,,
164,2026-09-03,SH601919,0.084070281002054,EXP_DEnsembleModel_Alpha158_csi300_custom_step0_s_20260903_16,c51208b07462499ba8a1ebd1032704d0,0.002,,,
165,2026-09-03,SH688047,-0.0117175665623573,EXP_DEnsembleModel_Alpha158_csi300_custom_step0_s_20260903_16,c51208b07462499ba8a1ebd1032704d0,0.002,,,
166,2026-09-03,SH688036,0.011235594369768861,EXP_DEnsembleModel_Alpha158_csi300_custom_step0_s_20260903_16,c51208b07462499ba8a1ebd1032704d0,0.002,,,
167,2026-09-03,SH688012,-0.03780944636745481,EXP_DEnsembleModel_Alpha158_csi300_custom_step0_s_20260903_16,c51208b07462499ba8a1ebd1032704d0,0.002,,,
168,2026-09-03,SH688009,-0.02044734490541521,EXP_DEnsembleModel_Alpha158_csi300_custom_step0_s_20260903_16,c51208b07462499ba8a1ebd1032704d0,0.002,,,
169,2026-09-03,SH688008,-0.030117432853517586,EXP_DEnsembleModel_Alpha158_csi300_custom_step0_s_20260903_16,c51208b07462499ba8a1ebd1032704d0,0.002,,,
170,2026-09-03,SH605499,-0.11093401300606862,EXP_DEnsembleModel_Alpha158_csi300_custom_step0_s_20260903_16,c51208b07462499ba8a1ebd1032704d0,0.002,,,
171,2026-09-03,SH605117,0.1273733292297362,EXP_DEnsembleModel_Alpha158_csi300_custom_step0_s_20260903_16,c51208b07462499ba8a1ebd1032704d0,0.002,,,
172,2026-09-03,SH688041,0.17384227367972968,EXP_DEnsembleModel_Alpha158_csi300_custom_step0_s_20260903_16,c51208b07462499ba8a1ebd1032704d0,0.002,,,
173,2026-09-03,SH688256,0.061248832790562514,EXP_DEnsembleModel_Alpha158_csi300_custom_step0_s_20260903_16,c51208b07462499ba8a1ebd1032704d0,0.002,,,
174,2026-09-03,SH601916,0.05386084361560544,EXP_DEnsembleModel_Alpha158_csi300_custom_step0_s_20260903_16,c51208b07462499ba8a1ebd1032704d0,0.002,,,
175,2026-09-03,SH601899,0.13264567717125744,EXP_DEnsembleModel_Alpha158_csi300_custom_step0_s_20260903_16,c51208b07462499ba8a1ebd1032704d0,0.002,,,
176,2026-09-03,SH601398,0.19847953801684884,EXP_DEnsembleModel_Alpha158_csi300_custom_step0_s_20260903_16,c51208b07462499ba8a1ebd1032704d0,0.002,,,
177,2026-09-03,SH601456,-0.020343766657324115,EXP_DEnsembleModel_Alpha158_csi300_custom_step0_s_20260903_16,c51208b07462499ba8a1ebd1032704d0,0.002,,,
178,2026-09-03,SH601600,0.06419895069693918,EXP_DEnsembleModel_Alpha158_csi300_custom_step0_s_20260903_16,c51208b07462499ba8a1ebd1032704d0,0.002,,,
179,2026-09-03,SH601601,0.1223843127288737,EXP_DEnsembleModel_Alpha158_csi300_custom_step0_s_20260903_16,c51208b07462499ba8a1ebd1032704d0,0.002,,,
180,2026-09-03,SH601607,-0.030184519355360925,EXP_DEnsembleModel_Alpha158_csi300_custom_step0_s_20260903_16,c51208b07462499ba8a1ebd1032704d0,0.002,,,
181,2026-09-03,SH601618,0.0006456871338837294,EXP_DEnsembleModel_Alpha158_csi300_custom_step0_s_20260903_16,c51208b07462499ba8a1ebd1032704d0,0.002,,,
182,2026-09-03,SH601628,0.052538817563831636,EXP_DEnsembleModel_Alpha158_csi300_custom_step0_s_20260903_16,c51208b07462499ba8a1ebd1032704d0,0.002,,,
183,2026-09-03,SH601633,-0.007098741141296988,EXP_DEnsembleModel_Alpha158_csi300_custom_step0_s_20260903_16,c51208b07462499ba8a1ebd1032704d0,0.002,,,
184,2026-09-03,SH601658,0.13786428588153096,EXP_DEnsembleModel_Alpha158_csi300_custom_step0_s_20260903_16,c51208b07462499ba8a1ebd1032704d0,0.002,,,
185,2026-09-03,SH601668,-0.04074343082912241,EXP_DEnsembleModel_Alpha158_csi300_custom_step0_s_20260903_16,c51208b07462499ba8a1ebd1032704d0,0.002,,,
186,2026-09-03,SH601669,-0.033938868408374255,EXP_DEnsembleModel_Alpha158_csi300_custom_step0_s_20260903_16,c51208b07462499ba8a1ebd1032704d0,0.002,,,
187,2026-09-03,SH601688,-0.039392671322961266,EXP_DEnsembleModel_Alpha158_csi300_custom_step0_s_20260903_16,c51208b07462499ba8a1ebd1032704d0,0.002,,,
188,2026-09-03,SH601689,0.02504339096225914,EXP_DEnsembleModel_Alpha158_csi300_custom_step0_s_20260903_16,c51208b07462499ba8a1ebd1032704d0,0.002,,,
189,2026-09-03,SH601698,-0.002640431759947949,EXP_DEnsembleModel_Alpha158_csi300_custom_step0_s_20260903_16,c51208b07462499ba8a1ebd1032704d0,0.002,,,
190,2026-09-03,SH601727,-0.051381787583819824,EXP_DEnsembleModel_Alpha158_csi300_custom_step0_s_20260903_16,c51208b07462499ba8a1ebd1032704d0,0.002,,,
191,2026-09-03,SH601728,0.0734513338766641,EXP_DEnsembleModel_Alpha158_csi300_custom_step0_s_20260903_16,c51208b07462499ba8a1ebd1032704d0,0.002,,,
192,2026-09-03,SH601766,-0.0478777782762834,EXP_DEnsembleModel_Alpha158_csi300_custom_step0_s_20260903_16,c51208b07462499ba8a1ebd1032704d0,0.002,,,
193,2026-09-03,SH601898,0.05479204312306568,EXP_DEnsembleModel_Alpha158_csi300_custom_step0_s_20260903_16,c51208b07462499ba8a1ebd1032704d0,0.002,,,
194,2026-09-03,SH601888,-0.09221506078955144,EXP_DEnsembleModel_Alpha158_csi300_custom_step0_s_20260903_16,c51208b07462499ba8a1ebd1032704d0,0.002,,,
195,2026-09-03,SH601881,-0.030279724284935628,EXP_DEnsembleModel_Alpha158_csi300_custom_step0_s_20260903_16,c51208b07462499ba8a1ebd1032704d0,0.002,,,
196,2026-09-03,SH601878,-0.042360654627738165,EXP_DEnsembleModel_Alpha158_csi300_custom_step0_s_20260903_16,c51208b07462499ba8a1ebd1032704d0,0.002,,,
197,2026-09-03,SH601877,0.0053934971164335856,EXP_DEnsembleModel_Alpha158_csi300_custom_step0_s_20260903_16,c51208b07462499ba8a1ebd1032704d0,0.002,,,
198,2026-09-03,SH601872,0.17006852437881548,EXP_DEnsembleModel_Alpha158_csi300_custom_step0_s_20260903_16,c51208b07462499ba8a1ebd1032704d0,0.002,,,
199,2026-09-03,SH601901,-0.019309262865913827,EXP_DEnsembleModel_Alpha158_csi300_custom_step0_s_20260903_16,c51208b07462499ba8a1ebd1032704d0,0.002,,,
200,2026-09-03,SH601868,-0.07061991495049794,EXP_DEnsembleModel_Alpha158_csi300_custom_step0_s_20260903_16,c51208b07462499ba8a1ebd1032704d0,0.002,,,
201,2026-09-03,SH601838,0.1679627078120928,EXP_DEnsembleModel_Alpha158_csi300_custom_step0_s_20260903_16,c51208b07462499ba8a1ebd1032704d0,0.002,,,
202,2026-09-03,SH601825,0.09337987959155519,EXP_DEnsembleModel_Alpha158_csi300_custom_step0_s_20260903_16,c51208b07462499ba8a1ebd1032704d0,0.002,,,
203,2026-09-03,SH601818,-0.05549411688671672,EXP_DEnsembleModel_Alpha158_csi300_custom_step0_s_20260903_16,c51208b07462499ba8a1ebd1032704d0,0.002,,,
204,2026-09-03,SH601816,-0.029566148402872538,EXP_DEnsembleModel_Alpha158_csi300_custom_step0_s_20260903_16,c51208b07462499ba8a1ebd1032704d0,0.002,,,
205,2026-09-03,SH601800,-0.04136221194039291,EXP_DEnsembleModel_Alpha158_csi300_custom_step0_s_20260903_16,c51208b07462499ba8a1ebd1032704d0,0.002,,,
206,2026-09-03,SH601788,0.009874244255766322,EXP_DEnsembleModel_Alpha158_csi300_custom_step0_s_20260903_16,c51208b07462499ba8a1ebd1032704d0,0.002,,,
207,2026-09-03,SH601857,0.05904666587557554,EXP_DEnsembleModel_Alpha158_csi300_custom_step0_s_20260903_16,c51208b07462499ba8a1ebd1032704d0,0.002,,,
208,2026-09-03,SH688271,0.03025566433665548,EXP_DEnsembleModel_Alpha158_csi300_custom_step0_s_20260903_16,c51208b07462499ba8a1ebd1032704d0,0.002,,,
209,2026-09-03,SH688303,0.0076328021299996995,EXP_DEnsembleModel_Alpha158_csi300_custom_step0_s_20260903_16,c51208b07462499ba8a1ebd1032704d0,0.002,,,
210,2026-09-03,SH688396,0.013103144946937166,EXP_DEnsembleModel_Alpha158_csi300_custom_step0_s_20260903_16,c51208b07462499ba8a1ebd1032704d0,0.002,,,
211,2026-09-03,SZ000999,-0.0014723793663931255,EXP_DEnsembleModel_Alpha158_csi300_custom_step0_s_20260903_16,c51208b07462499ba8a1ebd1032704d0,0.002,,,
212,2026-09-03,SZ001280,-0.053219971264062554,EXP_DEnsembleModel_Alpha158_csi300_custom_step0_s_20260903_16,c51208b07462499ba8a1ebd1032704d0,0.002,,,
213,2026-09-03,SZ001391,-0.05619104114745698,EXP_DEnsembleModel_Alpha158_csi300_custom_step0_s_20260903_16,c51208b07462499ba8a1ebd1032704d0,0.002,,,
214,2026-09-03,SZ001965,0.03552893531879839,EXP_DEnsembleModel_Alpha158_csi300_custom_step0_s_20260903_16,c51208b07462499ba8a1ebd1032704d0,0.002,,,
215,2026-09-03,SZ001979,-0.029264271167759377,EXP_DEnsembleModel_Alpha158_csi300_custom_step0_s_20260903_16,c51208b07462499ba8a1ebd1032704d0,0.002,,,
216,2026-09-03,SZ002001,-0.03550619779407315,EXP_DEnsembleModel_Alpha158_csi300_custom_step0_s_20260903_16,c51208b07462499ba8a1ebd1032704d0,0.002,,,
217,2026-09-03,SZ002027,-0.08737193193344447,EXP_DEnsembleModel_Alpha158_csi300_custom_step0_s_20260903_16,c51208b07462499ba8a1ebd1032704d0,0.002,,,
218,2026-09-03,SZ002028,0.07800119240237846,EXP_DEnsembleModel_Alpha158_csi300_custom_step0_s_20260903_16,c51208b07462499ba8a1ebd1032704d0,0.002,,,
219,2026-09-03,SZ002049,-0.02953687002108746,EXP_DEnsembleModel_Alpha158_csi300_custom_step0_s_20260903_16,c51208b07462499ba8a1ebd1032704d0,0.002,,,
220,2026-09-03,SZ002050,0.015416129170493465,EXP_DEnsembleModel_Alpha158_csi300_custom_step0_s_20260903_16,c51208b07462499ba8a1ebd1032704d0,0.002,,,
221,2026-09-03,SZ002074,-0.07082645799484552,EXP_DEnsembleModel_Alpha158_csi300_custom_step0_s_20260903_16,c51208b07462499ba8a1ebd1032704d0,0.002,,,
222,2026-09-03,SZ002142,0.09068423256802749,EXP_DEnsembleModel_Alpha158_csi300_custom_step0_s_20260903_16,c51208b07462499ba8a1ebd1032704d0,0.002,,,
223,2026-09-03,SZ002179,0.017644987910869422,EXP_DEnsembleModel_Alpha158_csi300_custom_step0_s_20260903_16,c51208b07462499ba8a1ebd1032704d0,0.002,,,
224,2026-09-03,SZ002202,0.06887519094596423,EXP_DEnsembleModel_Alpha158_csi300_custom_step0_s_20260903_16,c51208b07462499ba8a1ebd1032704d0,0.002,,,
225,2026-09-03,SZ002230,-0.017737715860751367,EXP_DEnsembleModel_Alpha158_csi300_custom_step0_s_20260903_16,c51208b07462499ba8a1ebd1032704d0,0.002,,,
226,2026-09-03,SZ002236,-0.04419161245467023,EXP_DEnsembleModel_Alpha158_csi300_custom_step0_s_20260903_16,c51208b07462499ba8a1ebd1032704d0,0.002,,,
227,2026-09-03,SZ002241,-0.01825651741181916,EXP_DEnsembleModel_Alpha158_csi300_custom_step0_s_20260903_16,c51208b07462499ba8a1ebd1032704d0,0.002,,,
228,2026-09-03,SZ002532,0.05315373925933615,EXP_DEnsembleModel_Alpha158_csi300_custom_step0_s_20260903_16,c51208b07462499ba8a1ebd1032704d0,0.002,,,
229,2026-09-03,SZ002493,0.19242076467104063,EXP_DEnsembleModel_Alpha158_csi300_custom_step0_s_20260903_16,c51208b07462499ba8a1ebd1032704d0,0.002,,,
230,2026-09-03,SZ002475,-0.0664744986020405,EXP_DEnsembleModel_Alpha158_csi300_custom_step0_s_20260903_16,c51208b07462499ba8a1ebd1032704d0,0.002,,,
231,2026-09-03,SZ002466,-0.05701520192696429,EXP_DEnsembleModel_Alpha158_csi300_custom_step0_s_20260903_16,c51208b07462499ba8a1ebd1032704d0,0.002,,,
232,2026-09-03,SZ002463,0.12255967518185693,EXP_DEnsembleModel_Alpha158_csi300_custom_step0_s_20260903_16,c51208b07462499ba8a1ebd1032704d0,0.002,,,
233,2026-09-03,SZ002460,-0.015118764755762869,EXP_DEnsembleModel_Alpha158_csi300_custom_step0_s_20260903_16,c51208b07462499ba8a1ebd1032704d0,0.002,,,
234,2026-09-03,SZ000988,-0.004281552028439715,EXP_DEnsembleModel_Alpha158_csi300_custom_step0_s_20260903_16,c51208b07462499ba8a1ebd1032704d0,0.002,,,
235,2026-09-03,SZ002422,0.09703512462191245,EXP_DEnsembleModel_Alpha158_csi300_custom_step0_s_20260903_16,c51208b07462499ba8a1ebd1032704d0,0.002,,,
236,2026-09-03,SZ002384,0.1884527278357381,EXP_DEnsembleModel_Alpha158_csi300_custom_step0_s_20260903_16,c51208b07462499ba8a1ebd1032704d0,0.002,,,
237,2026-09-03,SZ002371,0.05157886246560187,EXP_DEnsembleModel_Alpha158_csi300_custom_step0_s_20260903_16,c51208b07462499ba8a1ebd1032704d0,0.002,,,
238,2026-09-03,SZ002353,0.10805207821183983,EXP_DEnsembleModel_Alpha158_csi300_custom_step0_s_20260903_16,c51208b07462499ba8a1ebd1032704d0,0.002,,,
239,2026-09-03,SZ002352,-0.01807412762856778,EXP_DEnsembleModel_Alpha158_csi300_custom_step0_s_20260903_16,c51208b07462499ba8a1ebd1032704d0,0.002,,,
240,2026-09-03,SZ002311,-0.021747834187743616,EXP_DEnsembleModel_Alpha158_csi300_custom_step0_s_20260903_16,c51208b07462499ba8a1ebd1032704d0,0.002,,,
241,2026-09-03,SZ002304,0.0021072568916401155,EXP_DEnsembleModel_Alpha158_csi300_custom_step0_s_20260903_16,c51208b07462499ba8a1ebd1032704d0,0.002,,,
242,2026-09-03,SZ002415,-0.08604423235909522,EXP_DEnsembleModel_Alpha158_csi300_custom_step0_s_20260903_16,c51208b07462499ba8a1ebd1032704d0,0.002,,,
243,2026-09-03,SZ000977,-0.05014916219028295,EXP_DEnsembleModel_Alpha158_csi300_custom_step0_s_20260903_16,c51208b07462499ba8a1ebd1032704d0,0.002,,,
244,2026-09-03,SZ000975,0.42991330191676363,EXP_DEnsembleModel_Alpha158_csi300_custom_step0_s_20260903_16,c51208b07462499ba8a1ebd1032704d0,0.002,,,
245,2026-09-03,SZ000963,-0.07015163071889909,EXP_DEnsembleModel_Alpha158_csi300_custom_step0_s_20260903_16,c51208b07462499ba8a1ebd1032704d0,0.002,,,
246,2026-09-03,SZ000408,0.014515603456932352,EXP_DEnsembleModel_Alpha158_csi300_custom_step0_s_20260903_16,c51208b07462499ba8a1ebd1032704d0,0.002,,,
247,2026-09-03,SZ000338,0.11785904732153009,EXP_DEnsembleModel_Alpha158_csi300_custom_step0_s_20260903_16,c51208b07462499ba8a1ebd1032704d0,0.002,,,
248,2026-09-03,SZ000333,-0.04002495186227314,EXP_DEnsembleModel_Alpha158_csi300_custom_step0_s_20260903_16,c51208b07462499ba8a1ebd1032704d0,0.002,,,
249,2026-09-03,SZ000301,0.12182085708428747,EXP_DEnsembleModel_Alpha158_csi300_custom_step0_s_20260903_16,c51208b07462499ba8a1ebd1032704d0,0.002,,,
250,2026-09-03,SZ000166,-0.02100347390316826,EXP_DEnsembleModel_Alpha158_csi300_custom_step0_s_20260903_16,c51208b07462499ba8a1ebd1032704d0,0.002,,,
251,2026-09-03,SZ000157,-0.04584483902119384,EXP_DEnsembleModel_Alpha158_csi300_custom_step0_s_20260903_16,c51208b07462499ba8a1ebd1032704d0,0.002,,,
252,2026-09-03,SZ000425,-0.020833856416020192,EXP_DEnsembleModel_Alpha158_csi300_custom_step0_s_20260903_16,c51208b07462499ba8a1ebd1032704d0,0.002,,,
253,2026-09-03,SZ000100,-0.0645379715575689,EXP_DEnsembleModel_Alpha158_csi300_custom_step0_s_20260903_16,c51208b07462499ba8a1ebd1032704d0,0.002,,,
254,2026-09-03,SZ000002,-0.10432238060253589,EXP_DEnsembleModel_Alpha158_csi300_custom_step0_s_20260903_16,c51208b07462499ba8a1ebd1032704d0,0.002,,,
255,2026-09-03,SZ000001,0.110146263866666,EXP_DEnsembleModel_Alpha158_csi300_custom_step0_s_20260903_16,c51208b07462499ba8a1ebd1032704d0,0.002,,,
256,2026-09-03,SH688981,0.04598678361176006,EXP_DEnsembleModel_Alpha158_csi300_custom_step0_s_20260903_16,c51208b07462499ba8a1ebd1032704d0,0.002,,,
257,2026-09-03,SH688521,0.2724356961261259,EXP_DEnsembleModel_Alpha158_csi300_custom_step0_s_20260903_16,c51208b07462499ba8a1ebd1032704d0,0.002,,,
258,2026-09-03,SH688506,0.07936646355077853,EXP_DEnsembleModel_Alpha158_csi300_custom_step0_s_20260903_16,c51208b07462499ba8a1ebd1032704d0,0.002,,,
259,2026-09-03,SH688472,0.029512466015108756,EXP_DEnsembleModel_Alpha158_csi300_custom_step0_s_20260903_16,c51208b07462499ba8a1ebd1032704d0,0.002,,,
260,2026-09-03,SZ000063,-0.039194393635498745,EXP_DEnsembleModel_Alpha158_csi300_custom_step0_s_20260903_16,c51208b07462499ba8a1ebd1032704d0,0.002,,,
261,2026-09-03,SH601077,0.04282424598932266,EXP_LinearModel_Alpha158_csi300_custom_step0_s_20260903_16,18055128241e4f97809a294bb0275935,0.079,,,
262,2026-09-03,SZ000538,-0.051997894411529015,EXP_DEnsembleModel_Alpha158_csi300_custom_step0_s_20260903_16,c51208b07462499ba8a1ebd1032704d0,0.002,,,
263,2026-09-03,SZ000596,-0.022504685365367802,EXP_DEnsembleModel_Alpha158_csi300_custom_step0_s_20260903_16,c51208b07462499ba8a1ebd1032704d0,0.002,,,
264,2026-09-03,SZ000938,-0.0679967648518857,EXP_DEnsembleModel_Alpha158_csi300_custom_step0_s_20260903_16,c51208b07462499ba8a1ebd1032704d0,0.002,,,
265,2026-09-03,SZ000895,-0.0645544328507113,EXP_DEnsembleModel_Alpha158_csi300_custom_step0_s_20260903_16,c51208b07462499ba8a1ebd1032704d0,0.002,,,
266,2026-09-03,SZ000858,-0.060469781931584955,EXP_DEnsembleModel_Alpha158_csi300_custom_step0_s_20260903_16,c51208b07462499ba8a1ebd1032704d0,0.002,,,
267,2026-09-03,SZ000807,0.07704117180663843,EXP_DEnsembleModel_Alpha158_csi300_custom_step0_s_20260903_16,c51208b07462499ba8a1ebd1032704d0,0.002,,,
268,2026-09-03,SZ000792,0.04848738071567736,EXP_DEnsembleModel_Alpha158_csi300_custom_step0_s_20260903_16,c51208b07462499ba8a1ebd1032704d0,0.002,,,
269,2026-09-03,SZ000776,0.02282935330024057,EXP_DEnsembleModel_Alpha158_csi300_custom_step0_s_20260903_16,c51208b07462499ba8a1ebd1032704d0,0.002,,,
270,2026-09-03,SZ000568,-0.07712155272195771,EXP_DEnsembleModel_Alpha158_csi300_custom_step0_s_20260903_16,c51208b07462499ba8a1ebd1032704d0,0.002,,,
271,2026-09-03,SZ000768,0.13560372074282975,EXP_DEnsembleModel_Alpha158_csi300_custom_step0_s_20260903_16,c51208b07462499ba8a1ebd1032704d0,0.002,,,
272,2026-09-03,SZ000708,-0.04821431604922089,EXP_DEnsembleModel_Alpha158_csi300_custom_step0_s_20260903_16,c51208b07462499ba8a1ebd1032704d0,0.002,,,
273,2026-09-03,SZ000657,0.21955230799179604,EXP_DEnsembleModel_Alpha158_csi300_custom_step0_s_20260903_16,c51208b07462499ba8a1ebd1032704d0,0.002,,,
274,2026-09-03,SZ000651,-0.06970344748783419,EXP_DEnsembleModel_Alpha158_csi300_custom_step0_s_20260903_16,c51208b07462499ba8a1ebd1032704d0,0.002,,,
275,2026-09-03,SZ000630,-0.037946168678833346,EXP_DEnsembleModel_Alpha158_csi300_custom_step0_s_20260903_16,c51208b07462499ba8a1ebd1032704d0,0.002,,,
276,2026-09-03,SZ000625,-0.008245164088034407,EXP_DEnsembleModel_Alpha158_csi300_custom_step0_s_20260903_16,c51208b07462499ba8a1ebd1032704d0,0.002,,,
277,2026-09-03,SZ000617,-0.05776802306927362,EXP_DEnsembleModel_Alpha158_csi300_custom_step0_s_20260903_16,c51208b07462499ba8a1ebd1032704d0,0.002,,,
278,2026-09-03,SZ000725,0.03862347092244054,EXP_DEnsembleModel_Alpha158_csi300_custom_step0_s_20260903_16,c51208b07462499ba8a1ebd1032704d0,0.002,,,
279,2026-09-03,SH601390,-0.04384279321435164,EXP_DEnsembleModel_Alpha158_csi300_custom_step0_s_20260903_16,c51208b07462499ba8a1ebd1032704d0,0.002,,,
280,2026-09-03,SH601088,-0.014352766796946526,EXP_LinearModel_Alpha158_csi300_custom_step0_s_20260903_16,18055128241e4f97809a294bb0275935,0.079,,,
281,2026-09-03,SH601111,-0.010216517373919487,EXP_LinearModel_Alpha158_csi300_custom_step0_s_20260903_16,18055128241e4f97809a294bb0275935,0.079,,,
282,2026-09-03,SZ300251,-0.08027186989784241,EXP_LinearModel_Alpha158_csi300_custom_step0_s_20260903_16,18055128241e4f97809a294bb0275935,0.079,,,
283,2026-09-03,SZ300274,0.04750107228755951,EXP_LinearModel_Alpha158_csi300_custom_step0_s_20260903_16,18055128241e4f97809a294bb0275935,0.079,,,
284,2026-09-03,SZ300308,0.13256070017814636,EXP_LinearModel_Alpha158_csi300_custom_step0_s_20260903_16,18055128241e4f97809a294bb0275935,0.079,,,
285,2026-09-03,SZ300316,0.05692974478006363,EXP_LinearModel_Alpha158_csi300_custom_step0_s_20260903_16,18055128241e4f97809a294bb0275935,0.079,,,
286,2026-09-03,SZ300394,0.052141983062028885,EXP_LinearModel_Alpha158_csi300_custom_step0_s_20260903_16,18055128241e4f97809a294bb0275935,0.079,,,
287,2026-09-03,SZ300408,-0.015120191499590874,EXP_LinearModel_Alpha158_csi300_custom_step0_s_20260903_16,18055128241e4f97809a294bb0275935,0.079,,,
288,2026-09-03,SZ300413,-0.3778439164161682,EXP_LinearModel_Alpha158_csi300_custom_step0_s_20260903_16,18055128241e4f97809a294bb0275935,0.079,,,
289,2026-09-03,SZ300418,-0.14860914647579193,EXP_LinearModel_Alpha158_csi300_custom_step0_s_20260903_16,18055128241e4f97809a294bb0275935,0.079,,,
290,2026-09-03,SZ300433,0.0712219774723053,EXP_LinearModel_Alpha158_csi300_custom_step0_s_20260903_16,18055128241e4f97809a294bb0275935,0.079,,,
291,2026-09-03,SZ300442,-0.006247582379728556,EXP_LinearModel_Alpha158_csi300_custom_step0_s_20260903_16,18055128241e4f97809a294bb0275935,0.079,,,
292,2026-09-03,SZ300450,-0.021755587309598923,EXP_LinearModel_Alpha158_csi300_custom_step0_s_20260903_16,18055128241e4f97809a294bb0275935,0.079,,,
293,2026-09-03,SZ300476,0.11241049319505692,EXP_LinearModel_Alpha158_csi300_custom_step0_s_20260903_16,18055128241e4f97809a294bb0275935,0.079,,,
294,2026-09-03,SZ300498,-0.006183268968015909,EXP_LinearModel_Alpha158_csi300_custom_step0_s_20260903_16,18055128241e4f97809a294bb0275935,0.079,,,
295,2026-09-03,SZ300502,0.10785848647356033,EXP_LinearModel_Alpha158_csi300_custom_step0_s_20260903_16,18055128241e4f97809a294bb0275935,0.079,,,
296,2026-09-03,SZ300628,-0.04762110859155655,EXP_LinearModel_Alpha158_csi300_custom_step0_s_20260903_16,18055128241e4f97809a294bb0275935,0.079,,,
297,2026-09-03,SZ300661,0.04059919714927673,EXP_LinearModel_Alpha158_csi300_custom_step0_s_20260903_16,18055128241e4f97809a294bb0275935,0.079,,,
298,2026-09-03,SZ300750,-0.03165310248732567,EXP_LinearModel_Alpha158_csi300_custom_step0_s_20260903_16,18055128241e4f97809a294bb0275935,0.079,,,
299,2026-09-03,SH600010,-0.017862001433968544,EXP_LinearModel_Alpha158_csi300_custom_step0_s_20260903_16,cfbca044eb674131bcbde5d29da9bab3,0.107,,,
300,2026-09-03,SH600009,-0.056627172976732254,EXP_LinearModel_Alpha158_csi300_custom_step0_s_20260903_16,cfbca044eb674131bcbde5d29da9bab3,0.107,,,
301,2026-09-03,SH600000,0.020795907825231552,EXP_LinearModel_Alpha158_csi300_custom_step0_s_20260903_16,cfbca044eb674131bcbde5d29da9bab3,0.107,,,
302,2026-09-03,SZ302132,-0.025263149291276932,EXP_LinearModel_Alpha158_csi300_custom_step0_s_20260903_16,18055128241e4f97809a294bb0275935,0.079,,,
303,2026-09-03,SZ301308,0.040148794651031494,EXP_LinearModel_Alpha158_csi300_custom_step0_s_20260903_16,18055128241e4f97809a294bb0275935,0.079,,,
304,2026-09-03,SZ301269,0.03941181302070618,EXP_LinearModel_Alpha158_csi300_custom_step0_s_20260903_16,18055128241e4f97809a294bb0275935,0.079,,,
305,2026-09-03,SZ300124,0.019286461174488068,EXP_LinearModel_Alpha158_csi300_custom_step0_s_20260903_16,18055128241e4f97809a294bb0275935,0.079,,,
306,2026-09-03,SZ301236,-0.06600138545036316,EXP_LinearModel_Alpha158_csi300_custom_step0_s_20260903_16,18055128241e4f97809a294bb0275935,0.079,,,
307,2026-09-03,SZ300999,0.0016122593078762293,EXP_LinearModel_Alpha158_csi300_custom_step0_s_20260903_16,18055128241e4f97809a294bb0275935,0.079,,,
308,2026-09-03,SZ300896,0.008135374635457993,EXP_LinearModel_Alpha158_csi300_custom_step0_s_20260903_16,18055128241e4f97809a294bb0275935,0.079,,,
309,2026-09-03,SZ300866,-0.06912726908922195,EXP_LinearModel_Alpha158_csi300_custom_step0_s_20260903_16,18055128241e4f97809a294bb0275935,0.079,,,
310,2026-09-03,SZ300832,-0.029527295380830765,EXP_LinearModel_Alpha158_csi300_custom_step0_s_20260903_16,18055128241e4f97809a294bb0275935,0.079,,,
311,2026-09-03,SZ300803,-0.027215732261538506,EXP_LinearModel_Alpha158_csi300_custom_step0_s_20260903_16,18055128241e4f97809a294bb0275935,0.079,,,
312,2026-09-03,SZ300760,-0.011557010933756828,EXP_LinearModel_Alpha158_csi300_custom_step0_s_20260903_16,18055128241e4f97809a294bb0275935,0.079,,,
313,2026-09-03,SZ301165,0.03318565711379051,EXP_LinearModel_Alpha158_csi300_custom_step0_s_20260903_16,18055128241e4f97809a294bb0275935,0.079,,,
314,2026-09-03,SH600011,-0.05491902306675911,EXP_LinearModel_Alpha158_csi300_custom_step0_s_20260903_16,cfbca044eb674131bcbde5d29da9bab3,0.107,,,
315,2026-09-03,SZ300122,-0.028149504214525223,EXP_LinearModel_Alpha158_csi300_custom_step0_s_20260903_16,18055128241e4f97809a294bb0275935,0.079,,,
316,2026-09-03,SZ300033,-0.013097535818815231,EXP_LinearModel_Alpha158_csi300_custom_step0_s_20260903_16,18055128241e4f97809a294bb0275935,0.079,,,
317,2026-09-03,SZ002241,-0.015055142343044281,EXP_LinearModel_Alpha158_csi300_custom_step0_s_20260903_16,18055128241e4f97809a294bb0275935,0.079,,,
318,2026-09-03,SZ002304,-0.013485092669725418,EXP_LinearModel_Alpha158_csi300_custom_step0_s_20260903_16,18055128241e4f97809a294bb0275935,0.079,,,
319,2026-09-03,SZ002311,-0.004456237889826298,EXP_LinearModel_Alpha158_csi300_custom_step0_s_20260903_16,18055128241e4f97809a294bb0275935,0.079,,,
320,2026-09-03,SZ002352,-0.013132608495652676,EXP_LinearModel_Alpha158_csi300_custom_step0_s_20260903_16,18055128241e4f97809a294bb0275935,0.079,,,
321,2026-09-03,SZ002353,0.041675832122564316,EXP_LinearModel_Alpha158_csi300_custom_step0_s_20260903_16,18055128241e4f97809a294bb0275935,0.079,,,
322,2026-09-03,SZ002371,0.03647308051586151,EXP_LinearModel_Alpha158_csi300_custom_step0_s_20260903_16,18055128241e4f97809a294bb0275935,0.079,,,
323,2026-09-03,SZ002384,0.10679502040147781,EXP_LinearModel_Alpha158_csi300_custom_step0_s_20260903_16,18055128241e4f97809a294bb0275935,0.079,,,
324,2026-09-03,SZ002415,-0.005165658891201019,EXP_LinearModel_Alpha158_csi300_custom_step0_s_20260903_16,18055128241e4f97809a294bb0275935,0.079,,,
325,2026-09-03,SZ002422,0.008326607756316662,EXP_LinearModel_Alpha158_csi300_custom_step0_s_20260903_16,18055128241e4f97809a294bb0275935,0.079,,,
326,2026-09-03,SZ002460,-0.03205147758126259,EXP_LinearModel_Alpha158_csi300_custom_step0_s_20260903_16,18055128241e4f97809a294bb0275935,0.079,,,
327,2026-09-03,SZ002463,0.015349181368947029,EXP_LinearModel_Alpha158_csi300_custom_step0_s_20260903_16,18055128241e4f97809a294bb0275935,0.079,,,
328,2026-09-03,SZ002466,-0.023709241300821304,EXP_LinearModel_Alpha158_csi300_custom_step0_s_20260903_16,18055128241e4f97809a294bb0275935,0.079,,,
329,2026-09-03,SZ002475,0.05990412458777428,EXP_LinearModel_Alpha158_csi300_custom_step0_s_20260903_16,18055128241e4f97809a294bb0275935,0.079,,,
330,2026-09-03,SZ002493,-0.029546042904257774,EXP_LinearModel_Alpha158_csi300_custom_step0_s_20260903_16,18055128241e4f97809a294bb0275935,0.079,,,
331,2026-09-03,SZ002532,-0.11913955211639404,EXP_LinearModel_Alpha158_csi300_custom_step0_s_20260903_16,18055128241e4f97809a294bb0275935,0.079,,,
332,2026-09-03,SZ002558,-0.02704537846148014,EXP_LinearModel_Alpha158_csi300_custom_step0_s_20260903_16,18055128241e4f97809a294bb0275935,0.079,,,
333,2026-09-03,SZ002594,-0.009908606298267841,EXP_LinearModel_Alpha158_csi300_custom_step0_s_20260903_16,18055128241e4f97809a294bb0275935,0.079,,,
334,2026-09-03,SZ300015,-0.016307806596159935,EXP_LinearModel_Alpha158_csi300_custom_step0_s_20260903_16,18055128241e4f97809a294bb0275935,0.079,,,
335,2026-09-03,SZ300014,0.003368699923157692,EXP_LinearModel_Alpha158_csi300_custom_step0_s_20260903_16,18055128241e4f97809a294bb0275935,0.079,,,
336,2026-09-03,SZ003816,0.062356941401958466,EXP_LinearModel_Alpha158_csi300_custom_step0_s_20260903_16,18055128241e4f97809a294bb0275935,0.079,,,
337,2026-09-03,SZ002938,0.025637494400143623,EXP_LinearModel_Alpha158_csi300_custom_step0_s_20260903_16,18055128241e4f97809a294bb0275935,0.079,,,
338,2026-09-03,SZ002920,-0.02781921811401844,EXP_LinearModel_Alpha158_csi300_custom_step0_s_20260903_16,18055128241e4f97809a294bb0275935,0.079,,,
339,2026-09-03,SZ002916,0.04668240249156952,EXP_LinearModel_Alpha158_csi300_custom_step0_s_20260903_16,18055128241e4f97809a294bb0275935,0.079,,,
340,2026-09-03,SZ300059,0.001768867950886488,EXP_LinearModel_Alpha158_csi300_custom_step0_s_20260903_16,18055128241e4f97809a294bb0275935,0.079,,,
341,2026-09-03,SZ002837,0.0036467602476477623,EXP_LinearModel_Alpha158_csi300_custom_step0_s_20260903_16,18055128241e4f97809a294bb0275935,0.079,,,
342,2026-09-03,SZ002714,0.0038298603612929583,EXP_LinearModel_Alpha158_csi300_custom_step0_s_20260903_16,18055128241e4f97809a294bb0275935,0.079,,,
343,2026-09-03,SZ002709,0.048419639468193054,EXP_LinearModel_Alpha158_csi300_custom_step0_s_20260903_16,18055128241e4f97809a294bb0275935,0.079,,,
344,2026-09-03,SZ002648,0.022141573950648308,EXP_LinearModel_Alpha158_csi300_custom_step0_s_20260903_16,18055128241e4f97809a294bb0275935,0.079,,,
345,2026-09-03,SZ002625,0.01794971153140068,EXP_LinearModel_Alpha158_csi300_custom_step0_s_20260903_16,18055128241e4f97809a294bb0275935,0.079,,,
346,2026-09-03,SZ002602,-0.03074027970433235,EXP_LinearModel_Alpha158_csi300_custom_step0_s_20260903_16,18055128241e4f97809a294bb0275935,0.079,,,
347,2026-09-03,SZ002600,0.039920397102832794,EXP_LinearModel_Alpha158_csi300_custom_step0_s_20260903_16,18055128241e4f97809a294bb0275935,0.079,,,
348,2026-09-03,SZ002736,0.04626019671559334,EXP_LinearModel_Alpha158_csi300_custom_step0_s_20260903_16,18055128241e4f97809a294bb0275935,0.079,,,
349,2026-09-03,SZ002236,-0.0186922624707222,EXP_LinearModel_Alpha158_csi300_custom_step0_s_20260903_16,18055128241e4f97809a294bb0275935,0.079,,,
350,2026-09-03,SH600015,-0.010269051417708397,EXP_LinearModel_Alpha158_csi300_custom_step0_s_20260903_16,cfbca044eb674131bcbde5d29da9bab3,0.107,,,
351,2026-09-03,SH600018,0.07709068804979324,EXP_LinearModel_Alpha158_csi300_custom_step0_s_20260903_16,cfbca044eb674131bcbde5d29da9bab3,0.107,,,
352,2026-09-03,SH600406,-0.04270988330245018,EXP_LinearModel_Alpha158_csi300_custom_step0_s_20260903_16,cfbca044eb674131bcbde5d29da9bab3,0.107,,,
353,2026-09-03,SH600415,-0.00020875612972304225,EXP_LinearModel_Alpha158_csi300_custom_step0_s_20260903_16,cfbca044eb674131bcbde5d29da9bab3,0.107,,,
354,2026-09-03,SH600426,0.03357482701539993,EXP_LinearModel_Alpha158_csi300_custom_step0_s_20260903_16,cfbca044eb674131bcbde5d29da9bab3,0.107,,,
355,2026-09-03,SH600436,0.061405718326568604,EXP_LinearModel_Alpha158_csi300_custom_step0_s_20260903_16,cfbca044eb674131bcbde5d29da9bab3,0.107,,,
356,2026-09-03,SH600438,-0.06310679018497467,EXP_LinearModel_Alpha158_csi300_custom_step0_s_20260903_16,cfbca044eb674131bcbde5d29da9bab3,0.107,,,
357,2026-09-03,SH600460,-0.06503990292549133,EXP_LinearModel_Alpha158_csi300_custom_step0_s_20260903_16,cfbca044eb674131bcbde5d29da9bab3,0.107,,,
358,2026-09-03,SH600482,-0.02771507017314434,EXP_LinearModel_Alpha158_csi300_custom_step0_s_20260903_16,cfbca044eb674131bcbde5d29da9bab3,0.107,,,
359,2026-09-03,SH600489,0.022303324192762375,EXP_LinearModel_Alpha158_csi300_custom_step0_s_20260903_16,cfbca044eb674131bcbde5d29da9bab3,0.107,,,
360,2026-09-03,SH600515,0.03917117044329643,EXP_LinearModel_Alpha158_csi300_custom_step0_s_20260903_16,cfbca044eb674131bcbde5d29da9bab3,0.107,,,
361,2026-09-03,SH600519,0.018421383574604988,EXP_LinearModel_Alpha158_csi300_custom_step0_s_20260903_16,cfbca044eb674131bcbde5d29da9bab3,0.107,,,
362,2026-09-03,SH600522,-0.09761732071638107,EXP_LinearModel_Alpha158_csi300_custom_step0_s_20260903_16,cfbca044eb674131bcbde5d29da9bab3,0.107,,,
363,2026-09-03,SH600547,-0.011038913391530514,EXP_LinearModel_Alpha158_csi300_custom_step0_s_20260903_16,cfbca044eb674131bcbde5d29da9bab3,0.107,,,
364,2026-09-03,SH600549,-0.03808033466339111,EXP_LinearModel_Alpha158_csi300_custom_step0_s_20260903_16,cfbca044eb674131bcbde5d29da9bab3,0.107,,,
365,2026-09-03,SH600570,-0.047750238329172134,EXP_LinearModel_Alpha158_csi300_custom_step0_s_20260903_16,cfbca044eb674131bcbde5d29da9bab3,0.107,,,
366,2026-09-03,SH600584,0.08007103949785233,EXP_LinearModel_Alpha158_csi300_custom_step0_s_20260903_16,cfbca044eb674131bcbde5d29da9bab3,0.107,,,
367,2026-09-03,SH600585,-0.0013272837968543172,EXP_LinearModel_Alpha158_csi300_custom_step0_s_20260903_16,cfbca044eb674131bcbde5d29da9bab3,0.107,,,
368,2026-09-03,SH600588,0.0627918541431427,EXP_LinearModel_Alpha158_csi300_custom_step0_s_20260903_16,cfbca044eb674131bcbde5d29da9bab3,0.107,,,
369,2026-09-03,SH600893,-0.00327263749204576,EXP_LinearModel_Alpha158_csi300_custom_step0_s_20260903_16,cfbca044eb674131bcbde5d29da9bab3,0.107,,,
370,2026-09-03,SH600887,0.06415175646543503,EXP_LinearModel_Alpha158_csi300_custom_step0_s_20260903_16,cfbca044eb674131bcbde5d29da9bab3,0.107,,,
371,2026-09-03,SH600886,0.04329586774110794,EXP_LinearModel_Alpha158_csi300_custom_step0_s_20260903_16,cfbca044eb674131bcbde5d29da9bab3,0.107,,,
372,2026-09-03,SH600875,-0.006761428900063038,EXP_LinearModel_Alpha158_csi300_custom_step0_s_20260903_16,cfbca044eb674131bcbde5d29da9bab3,0.107,,,
373,2026-09-03,SH600845,-0.01404968835413456,EXP_LinearModel_Alpha158_csi300_custom_step0_s_20260903_16,cfbca044eb674131bcbde5d29da9bab3,0.107,,,
374,2026-09-03,SH600809,-0.047848764806985855,EXP_LinearModel_Alpha158_csi300_custom_step0_s_20260903_16,cfbca044eb674131bcbde5d29da9bab3,0.107,,,
375,2026-09-03,SH600372,0.011162669397890568,EXP_LinearModel_Alpha158_csi300_custom_step0_s_20260903_16,cfbca044eb674131bcbde5d29da9bab3,0.107,,,
376,2026-09-03,SH600803,-0.03485580161213875,EXP_LinearModel_Alpha158_csi300_custom_step0_s_20260903_16,cfbca044eb674131bcbde5d29da9bab3,0.107,,,
377,2026-09-03,SH600760,-0.02292538248002529,EXP_LinearModel_Alpha158_csi300_custom_step0_s_20260903_16,cfbca044eb674131bcbde5d29da9bab3,0.107,,,
378,2026-09-03,SH600741,-0.014206599444150925,EXP_LinearModel_Alpha158_csi300_custom_step0_s_20260903_16,cfbca044eb674131bcbde5d29da9bab3,0.107,,,
379,2026-09-03,SH600690,0.032670456916093826,EXP_LinearModel_Alpha158_csi300_custom_step0_s_20260903_16,cfbca044eb674131bcbde5d29da9bab3,0.107,,,
380,2026-09-03,SH600674,0.0153411366045475,EXP_LinearModel_Alpha158_csi300_custom_step0_s_20260903_16,cfbca044eb674131bcbde5d29da9bab3,0.107,,,
381,2026-09-03,SH600660,-0.009412758983671665,EXP_LinearModel_Alpha158_csi300_custom_step0_s_20260903_16,cfbca044eb674131bcbde5d29da9bab3,0.107,,,
382,2026-09-03,SH600600,-0.023477599024772644,EXP_LinearModel_Alpha158_csi300_custom_step0_s_20260903_16,cfbca044eb674131bcbde5d29da9bab3,0.107,,,
383,2026-09-03,SH600795,0.020093712955713272,EXP_LinearModel_Alpha158_csi300_custom_step0_s_20260903_16,cfbca044eb674131bcbde5d29da9bab3,0.107,,,
384,2026-09-03,SH600016,0.06414130330085754,EXP_LinearModel_Alpha158_csi300_custom_step0_s_20260903_16,cfbca044eb674131bcbde5d29da9bab3,0.107,,,
385,2026-09-03,SH600362,0.014682634733617306,EXP_LinearModel_Alpha158_csi300_custom_step0_s_20260903_16,cfbca044eb674131bcbde5d29da9bab3,0.107,,,
386,2026-09-03,SH600309,0.02364823967218399,EXP_LinearModel_Alpha158_csi300_custom_step0_s_20260903_16,cfbca044eb674131bcbde5d29da9bab3,0.107,,,
387,2026-09-03,SH600019,0.04465215653181076,EXP_LinearModel_Alpha158_csi300_custom_step0_s_20260903_16,cfbca044eb674131bcbde5d29da9bab3,0.107,,,
388,2026-09-03,SH600023,-0.02852438949048519,EXP_LinearModel_Alpha158_csi300_custom_step0_s_20260903_16,cfbca044eb674131bcbde5d29da9bab3,0.107,,,
389,2026-09-03,SH600025,0.044101834297180176,EXP_LinearModel_Alpha158_csi300_custom_step0_s_20260903_16,cfbca044eb674131bcbde5d29da9bab3,0.107,,,
390,2026-09-03,SH600026,0.045864038169384,EXP_LinearModel_Alpha158_csi300_custom_step0_s_20260903_16,cfbca044eb674131bcbde5d29da9bab3,0.107,,,
391,2026-09-03,SH600027,0.018854200839996338,EXP_LinearModel_Alpha158_csi300_custom_step0_s_20260903_16,cfbca044eb674131bcbde5d29da9bab3,0.107,,,
392,2026-09-03,SH600028,0.0644230917096138,EXP_LinearModel_Alpha158_csi300_custom_step0_s_20260903_16,cfbca044eb674131bcbde5d29da9bab3,0.107,,,
393,2026-09-03,SH600029,0.010993505828082561,EXP_LinearModel_Alpha158_csi300_custom_step0_s_20260903_16,cfbca044eb674131bcbde5d29da9bab3,0.107,,,
394,2026-09-03,SH600030,-0.025053121149539948,EXP_LinearModel_Alpha158_csi300_custom_step0_s_20260903_16,cfbca044eb674131bcbde5d29da9bab3,0.107,,,
395,2026-09-03,SH600031,-0.010855858214199543,EXP_LinearModel_Alpha158_csi300_custom_step0_s_20260903_16,cfbca044eb674131bcbde5d29da9bab3,0.107,,,
396,2026-09-03,SH600036,0.025612343102693558,EXP_LinearModel_Alpha158_csi300_custom_step0_s_20260903_16,cfbca044eb674131bcbde5d29da9bab3,0.107,,,
397,2026-09-03,SH600039,0.005990412086248398,EXP_LinearModel_Alpha158_csi300_custom_step0_s_20260903_16,cfbca044eb674131bcbde5d29da9bab3,0.107,,,
398,2026-09-03,SH600048,0.034927401691675186,EXP_LinearModel_Alpha158_csi300_custom_step0_s_20260903_16,cfbca044eb674131bcbde5d29da9bab3,0.107,,,
399,2026-09-03,SH600050,0.010332662612199783,EXP_LinearModel_Alpha158_csi300_custom_step0_s_20260903_16,cfbca044eb674131bcbde5d29da9bab3,0.107,,,
400,2026-09-03,SH600061,0.017083464190363884,EXP_LinearModel_Alpha158_csi300_custom_step0_s_20260903_16,cfbca044eb674131bcbde5d29da9bab3,0.107,,,
401,2026-09-03,SH600066,0.01564295031130314,EXP_LinearModel_Alpha158_csi300_custom_step0_s_20260903_16,cfbca044eb674131bcbde5d29da9bab3,0.107,,,
402,2026-09-03,SH600085,0.0029226387850940228,EXP_LinearModel_Alpha158_csi300_custom_step0_s_20260903_16,cfbca044eb674131bcbde5d29da9bab3,0.107,,,
403,2026-09-03,SH600089,0.017292985692620277,EXP_LinearModel_Alpha158_csi300_custom_step0_s_20260903_16,cfbca044eb674131bcbde5d29da9bab3,0.107,,,
404,2026-09-03,SH600276,0.029609104618430138,EXP_LinearModel_Alpha158_csi300_custom_step0_s_20260903_16,cfbca044eb674131bcbde5d29da9bab3,0.107,,,
405,2026-09-03,SH600233,0.037541236728429794,EXP_LinearModel_Alpha158_csi300_custom_step0_s_20260903_16,cfbca044eb674131bcbde5d29da9bab3,0.107,,,
406,2026-09-03,SH600221,0.026900513097643852,EXP_LinearModel_Alpha158_csi300_custom_step0_s_20260903_16,cfbca044eb674131bcbde5d29da9bab3,0.107,,,
407,2026-09-03,SH600219,-0.024842519313097,EXP_LinearModel_Alpha158_csi300_custom_step0_s_20260903_16,cfbca044eb674131bcbde5d29da9bab3,0.107,,,
408,2026-09-03,SH600196,-0.012988085858523846,EXP_LinearModel_Alpha158_csi300_custom_step0_s_20260903_16,cfbca044eb674131bcbde5d29da9bab3,0.107,,,
409,2026-09-03,SH600188,-0.014048142358660698,EXP_LinearModel_Alpha158_csi300_custom_step0_s_20260903_16,cfbca044eb674131bcbde5d29da9bab3,0.107,,,
410,2026-09-03,SH600346,0.019238580018281937,EXP_LinearModel_Alpha158_csi300_custom_step0_s_20260903_16,cfbca044eb674131bcbde5d29da9bab3,0.107,,,
411,2026-09-03,SH600183,-0.013325325213372707,EXP_LinearModel_Alpha158_csi300_custom_step0_s_20260903_16,cfbca044eb674131bcbde5d29da9bab3,0.107,,,
412,2026-09-03,SH600160,0.07127736508846283,EXP_LinearModel_Alpha158_csi300_custom_step0_s_20260903_16,cfbca044eb674131bcbde5d29da9bab3,0.107,,,
413,2026-09-03,SH600150,0.01899694837629795,EXP_LinearModel_Alpha158_csi300_custom_step0_s_20260903_16,cfbca044eb674131bcbde5d29da9bab3,0.107,,,
414,2026-09-03,SH600118,0.014010591432452202,EXP_LinearModel_Alpha158_csi300_custom_step0_s_20260903_16,cfbca044eb674131bcbde5d29da9bab3,0.107,,,
415,2026-09-03,SH600115,0.015545186586678028,EXP_LinearModel_Alpha158_csi300_custom_step0_s_20260903_16,cfbca044eb674131bcbde5d29da9bab3,0.107,,,
416,2026-09-03,SH600111,0.026733718812465668,EXP_LinearModel_Alpha158_csi300_custom_step0_s_20260903_16,cfbca044eb674131bcbde5d29da9bab3,0.107,,,
417,2026-09-03,SH600104,0.012014782056212425,EXP_LinearModel_Alpha158_csi300_custom_step0_s_20260903_16,cfbca044eb674131bcbde5d29da9bab3,0.107,,,
418,2026-09-03,SH600176,-0.010946410708129406,EXP_LinearModel_Alpha158_csi300_custom_step0_s_20260903_16,cfbca044eb674131bcbde5d29da9bab3,0.107,,,
419,2026-09-03,SZ002230,-0.03759868070483208,EXP_LinearModel_Alpha158_csi300_custom_step0_s_20260903_16,18055128241e4f97809a294bb0275935,0.079,,,
420,2026-09-03,SZ002202,0.031441256403923035,EXP_LinearModel_Alpha158_csi300_custom_step0_s_20260903_16,18055128241e4f97809a294bb0275935,0.079,,,
421,2026-09-03,SZ002179,0.09232212603092194,EXP_LinearModel_Alpha158_csi300_custom_step0_s_20260903_16,18055128241e4f97809a294bb0275935,0.079,,,
422,2026-09-03,SH601766,-0.009756864048540592,EXP_LinearModel_Alpha158_csi300_custom_step0_s_20260903_16,18055128241e4f97809a294bb0275935,0.079,,,
423,2026-09-03,SH601788,0.03188043460249901,EXP_LinearModel_Alpha158_csi300_custom_step0_s_20260903_16,18055128241e4f97809a294bb0275935,0.079,,,
424,2026-09-03,SH601800,-0.005739683285355568,EXP_LinearModel_Alpha158_csi300_custom_step0_s_20260903_16,18055128241e4f97809a294bb0275935,0.079,,,
425,2026-09-03,SH601816,0.050627294927835464,EXP_LinearModel_Alpha158_csi300_custom_step0_s_20260903_16,18055128241e4f97809a294bb0275935,0.079,,,
426,2026-09-03,SH601818,0.07438653707504272,EXP_LinearModel_Alpha158_csi300_custom_step0_s_20260903_16,18055128241e4f97809a294bb0275935,0.079,,,
427,2026-09-03,SH601825,0.028144443407654762,EXP_LinearModel_Alpha158_csi300_custom_step0_s_20260903_16,18055128241e4f97809a294bb0275935,0.079,,,
428,2026-09-03,SH601838,0.026304591447114944,EXP_LinearModel_Alpha158_csi300_custom_step0_s_20260903_16,18055128241e4f97809a294bb0275935,0.079,,,
429,2026-09-03,SH601857,-0.0006551709957420826,EXP_LinearModel_Alpha158_csi300_custom_step0_s_20260903_16,18055128241e4f97809a294bb0275935,0.079,,,
430,2026-09-03,SH601868,-0.025137923657894135,EXP_LinearModel_Alpha158_csi300_custom_step0_s_20260903_16,18055128241e4f97809a294bb0275935,0.079,,,
431,2026-09-03,SH601872,0.004719396121799946,EXP_LinearModel_Alpha158_csi300_custom_step0_s_20260903_16,18055128241e4f97809a294bb0275935,0.079,,,
432,2026-09-03,SH601877,-0.04983603209257126,EXP_LinearModel_Alpha158_csi300_custom_step0_s_20260903_16,18055128241e4f97809a294bb0275935,0.079,,,
433,2026-09-03,SH601878,0.0034963686484843493,EXP_LinearModel_Alpha158_csi300_custom_step0_s_20260903_16,18055128241e4f97809a294bb0275935,0.079,,,
434,2026-09-03,SH601881,0.0487571582198143,EXP_LinearModel_Alpha158_csi300_custom_step0_s_20260903_16,18055128241e4f97809a294bb0275935,0.079,,,
435,2026-09-03,SH601888,-0.07652465999126434,EXP_LinearModel_Alpha158_csi300_custom_step0_s_20260903_16,18055128241e4f97809a294bb0275935,0.079,,,
436,2026-09-03,SH601898,-0.05311734229326248,EXP_LinearModel_Alpha158_csi300_custom_step0_s_20260903_16,18055128241e4f97809a294bb0275935,0.079,,,
437,2026-09-03,SH601899,-0.02652299962937832,EXP_LinearModel_Alpha158_csi300_custom_step0_s_20260903_16,18055128241e4f97809a294bb0275935,0.079,,,
438,2026-09-03,SH601901,0.05242810398340225,EXP_LinearModel_Alpha158_csi300_custom_step0_s_20260903_16,18055128241e4f97809a294bb0275935,0.079,,,
439,2026-09-03,SH603392,-0.06306574493646622,EXP_LinearModel_Alpha158_csi300_custom_step0_s_20260903_16,18055128241e4f97809a294bb0275935,0.079,,,
440,2026-09-03,SH603369,-0.08323002606630325,EXP_LinearModel_Alpha158_csi300_custom_step0_s_20260903_16,18055128241e4f97809a294bb0275935,0.079,,,
441,2026-09-03,SH603296,0.023386789485812187,EXP_LinearModel_Alpha158_csi300_custom_step0_s_20260903_16,18055128241e4f97809a294bb0275935,0.079,,,
442,2026-09-03,SH603288,-0.0409533716738224,EXP_LinearModel_Alpha158_csi300_custom_step0_s_20260903_16,18055128241e4f97809a294bb0275935,0.079,,,
443,2026-09-03,SH603260,0.08553183823823929,EXP_LinearModel_Alpha158_csi300_custom_step0_s_20260903_16,18055128241e4f97809a294bb0275935,0.079,,,
444,2026-09-03,SH603259,-0.07844822853803635,EXP_LinearModel_Alpha158_csi300_custom_step0_s_20260903_16,18055128241e4f97809a294bb0275935,0.079,,,
445,2026-09-03,SH601728,0.01681513339281082,EXP_LinearModel_Alpha158_csi300_custom_step0_s_20260903_16,18055128241e4f97809a294bb0275935,0.079,,,
446,2026-09-03,SH603019,0.05287595093250275,EXP_LinearModel_Alpha158_csi300_custom_step0_s_20260903_16,18055128241e4f97809a294bb0275935,0.079,,,
447,2026-09-03,SH601995,0.006332254037261009,EXP_LinearModel_Alpha158_csi300_custom_step0_s_20260903_16,18055128241e4f97809a294bb0275935,0.079,,,
448,2026-09-03,SH601988,-0.025343460962176323,EXP_LinearModel_Alpha158_csi300_custom_step0_s_20260903_16,18055128241e4f97809a294bb0275935,0.079,,,
449,2026-09-03,SH601985,0.06783454865217209,EXP_LinearModel_Alpha158_csi300_custom_step0_s_20260903_16,18055128241e4f97809a294bb0275935,0.079,,,
450,2026-09-03,SH601939,0.028976256027817726,EXP_LinearModel_Alpha158_csi300_custom_step0_s_20260903_16,18055128241e4f97809a294bb0275935,0.079,,,
451,2026-09-03,SH601919,-0.01572573184967041,EXP_LinearModel_Alpha158_csi300_custom_step0_s_20260903_16,18055128241e4f97809a294bb0275935,0.079,,,
452,2026-09-03,SH601916,0.06251406669616699,EXP_LinearModel_Alpha158_csi300_custom_step0_s_20260903_16,18055128241e4f97809a294bb0275935,0.079,,,
453,2026-09-03,SH601998,0.04719770699739456,EXP_LinearModel_Alpha158_csi300_custom_step0_s_20260903_16,18055128241e4f97809a294bb0275935,0.079,,,
454,2026-09-03,SH603501,0.03356427699327469,EXP_LinearModel_Alpha158_csi300_custom_step0_s_20260903_16,18055128241e4f97809a294bb0275935,0.079,,,
455,2026-09-03,SH601727,-0.006218830123543739,EXP_LinearModel_Alpha158_csi300_custom_step0_s_20260903_16,18055128241e4f97809a294bb0275935,0.079,,,
456,2026-09-03,SH601689,-0.01449703611433506,EXP_LinearModel_Alpha158_csi300_custom_step0_s_20260903_16,18055128241e4f97809a294bb0275935,0.079,,,
457,2026-09-03,SH601117,0.033962681889534,EXP_LinearModel_Alpha158_csi300_custom_step0_s_20260903_16,18055128241e4f97809a294bb0275935,0.079,,,
458,2026-09-03,SH601127,0.01350434124469757,EXP_LinearModel_Alpha158_csi300_custom_step0_s_20260903_16,18055128241e4f97809a294bb0275935,0.079,,,
459,2026-09-03,SH601136,-0.04984623193740845,EXP_LinearModel_Alpha158_csi300_custom_step0_s_20260903_16,18055128241e4f97809a294bb0275935,0.079,,,
460,2026-09-03,SH601138,0.0311216302216053,EXP_LinearModel_Alpha158_csi300_custom_step0_s_20260903_16,18055128241e4f97809a294bb0275935,0.079,,,
461,2026-09-03,SH601166,0.023334363475441933,EXP_LinearModel_Alpha158_csi300_custom_step0_s_20260903_16,18055128241e4f97809a294bb0275935,0.079,,,
462,2026-09-03,SH601169,0.0393860749900341,EXP_LinearModel_Alpha158_csi300_custom_step0_s_20260903_16,18055128241e4f97809a294bb0275935,0.079,,,
463,2026-09-03,SH601186,0.0032935484778136015,EXP_LinearModel_Alpha158_csi300_custom_step0_s_20260903_16,18055128241e4f97809a294bb0275935,0.079,,,
464,2026-09-03,SH601211,0.0026147030293941498,EXP_LinearModel_Alpha158_csi300_custom_step0_s_20260903_16,18055128241e4f97809a294bb0275935,0.079,,,
465,2026-09-03,SH601225,-0.05637320131063461,EXP_LinearModel_Alpha158_csi300_custom_step0_s_20260903_16,18055128241e4f97809a294bb0275935,0.079,,,
466,2026-09-03,SH601229,0.07350271195173264,EXP_LinearModel_Alpha158_csi300_custom_step0_s_20260903_16,18055128241e4f97809a294bb0275935,0.079,,,
467,2026-09-03,SH601238,-0.041735246777534485,EXP_LinearModel_Alpha158_csi300_custom_step0_s_20260903_16,18055128241e4f97809a294bb0275935,0.079,,,
468,2026-09-03,SH601288,0.0532887801527977,EXP_LinearModel_Alpha158_csi300_custom_step0_s_20260903_16,18055128241e4f97809a294bb0275935,0.079,,,
469,2026-09-03,SH601318,0.01662432588636875,EXP_LinearModel_Alpha158_csi300_custom_step0_s_20260903_16,18055128241e4f97809a294bb0275935,0.079,,,
470,2026-09-03,SH601319,-0.022933248430490494,EXP_LinearModel_Alpha158_csi300_custom_step0_s_20260903_16,18055128241e4f97809a294bb0275935,0.079,,,
471,2026-09-03,SH601328,0.014174273237586021,EXP_LinearModel_Alpha158_csi300_custom_step0_s_20260903_16,18055128241e4f97809a294bb0275935,0.079,,,
472,2026-09-03,SH601336,0.008110111579298973,EXP_LinearModel_Alpha158_csi300_custom_step0_s_20260903_16,18055128241e4f97809a294bb0275935,0.079,,,
473,2026-09-03,SH601360,-0.0010585663840174675,EXP_LinearModel_Alpha158_csi300_custom_step0_s_20260903_16,18055128241e4f97809a294bb0275935,0.079,,,
474,2026-09-03,SH601688,0.035659682005643845,EXP_LinearModel_Alpha158_csi300_custom_step0_s_20260903_16,18055128241e4f97809a294bb0275935,0.079,,,
475,2026-09-03,SH601669,-0.03874102979898453,EXP_LinearModel_Alpha158_csi300_custom_step0_s_20260903_16,18055128241e4f97809a294bb0275935,0.079,,,
476,2026-09-03,SH601668,0.023489778861403465,EXP_LinearModel_Alpha158_csi300_custom_step0_s_20260903_16,18055128241e4f97809a294bb0275935,0.079,,,
477,2026-09-03,SH601658,0.011880908161401749,EXP_LinearModel_Alpha158_csi300_custom_step0_s_20260903_16,18055128241e4f97809a294bb0275935,0.079,,,
478,2026-09-03,SH601633,-0.007666453719139099,EXP_LinearModel_Alpha158_csi300_custom_step0_s_20260903_16,18055128241e4f97809a294bb0275935,0.079,,,
479,2026-09-03,SH601628,-0.015400892123579979,EXP_LinearModel_Alpha158_csi300_custom_step0_s_20260903_16,18055128241e4f97809a294bb0275935,0.079,,,
480,2026-09-03,SH601698,0.06344152987003326,EXP_LinearModel_Alpha158_csi300_custom_step0_s_20260903_16,18055128241e4f97809a294bb0275935,0.079,,,
481,2026-09-03,SH601618,-0.004171242471784353,EXP_LinearModel_Alpha158_csi300_custom_step0_s_20260903_16,18055128241e4f97809a294bb0275935,0.079,,,
482,2026-09-03,SH601601,-0.006997695658355951,EXP_LinearModel_Alpha158_csi300_custom_step0_s_20260903_16,18055128241e4f97809a294bb0275935,0.079,,,
483,2026-09-03,SH601600,-0.10130222886800766,EXP_LinearModel_Alpha158_csi300_custom_step0_s_20260903_16,18055128241e4f97809a294bb0275935,0.079,,,
484,2026-09-03,SH601456,0.03808120638132095,EXP_LinearModel_Alpha158_csi300_custom_step0_s_20260903_16,18055128241e4f97809a294bb0275935,0.079,,,
485,2026-09-03,SH601398,-0.002322610467672348,EXP_LinearModel_Alpha158_csi300_custom_step0_s_20260903_16,18055128241e4f97809a294bb0275935,0.079,,,
486,2026-09-03,SH601390,0.017879925668239594,EXP_LinearModel_Alpha158_csi300_custom_step0_s_20260903_16,18055128241e4f97809a294bb0275935,0.079,,,
487,2026-09-03,SH601377,0.024681786075234413,EXP_LinearModel_Alpha158_csi300_custom_step0_s_20260903_16,18055128241e4f97809a294bb0275935,0.079,,,
488,2026-09-03,SH601607,0.022457845509052277,EXP_LinearModel_Alpha158_csi300_custom_step0_s_20260903_16,18055128241e4f97809a294bb0275935,0.079,,,
489,2026-09-03,SH603799,-0.018080076202750206,EXP_LinearModel_Alpha158_csi300_custom_step0_s_20260903_16,18055128241e4f97809a294bb0275935,0.079,,,
490,2026-09-03,SH603893,-0.031055882573127747,EXP_LinearModel_Alpha158_csi300_custom_step0_s_20260903_16,18055128241e4f97809a294bb0275935,0.079,,,
491,2026-09-03,SH603986,0.10729112476110458,EXP_LinearModel_Alpha158_csi300_custom_step0_s_20260903_16,18055128241e4f97809a294bb0275935,0.079,,,
492,2026-09-03,SZ000596,-0.0751820057630539,EXP_LinearModel_Alpha158_csi300_custom_step0_s_20260903_16,18055128241e4f97809a294bb0275935,0.079,,,
493,2026-09-03,SZ000617,0.011083371937274933,EXP_LinearModel_Alpha158_csi300_custom_step0_s_20260903_16,18055128241e4f97809a294bb0275935,0.079,,,
494,2026-09-03,SZ000625,-0.021536488085985184,EXP_LinearModel_Alpha158_csi300_custom_step0_s_20260903_16,18055128241e4f97809a294bb0275935,0.079,,,
495,2026-09-03,SZ000630,0.020578153431415558,EXP_LinearModel_Alpha158_csi300_custom_step0_s_20260903_16,18055128241e4f97809a294bb0275935,0.079,,,
496,2026-09-03,SZ000651,-0.019388021901249886,EXP_LinearModel_Alpha158_csi300_custom_step0_s_20260903_16,18055128241e4f97809a294bb0275935,0.079,,,
497,2026-09-03,SZ000657,0.04584544524550438,EXP_LinearModel_Alpha158_csi300_custom_step0_s_20260903_16,18055128241e4f97809a294bb0275935,0.079,,,
498,2026-09-03,SZ000708,-0.004880217369645834,EXP_LinearModel_Alpha158_csi300_custom_step0_s_20260903_16,18055128241e4f97809a294bb0275935,0.079,,,
499,2026-09-03,SZ000725,0.029998483136296272,EXP_LinearModel_Alpha158_csi300_custom_step0_s_20260903_16,18055128241e4f97809a294bb0275935,0.079,,,
500,2026-09-03,SZ000768,0.005951655097305775,EXP_LinearModel_Alpha158_csi300_custom_step0_s_20260903_16,18055128241e4f97809a294bb0275935,0.079,,,
501,2026-09-03,SZ000776,0.020658889785408974,EXP_LinearModel_Alpha158_csi300_custom_step0_s_20260903_16,18055128241e4f97809a294bb0275935,0.079,,,
502,2026-09-03,SZ000792,-0.012179517187178135,EXP_LinearModel_Alpha158_csi300_custom_step0_s_20260903_16,18055128241e4f97809a294bb0275935,0.079,,,
503,2026-09-03,SZ000807,-0.09949887543916702,EXP_LinearModel_Alpha158_csi300_custom_step0_s_20260903_16,18055128241e4f97809a294bb0275935,0.079,,,
504,2026-09-03,SZ000858,-0.02357596717774868,EXP_LinearModel_Alpha158_csi300_custom_step0_s_20260903_16,18055128241e4f97809a294bb0275935,0.079,,,
505,2026-09-03,SZ000895,0.009117486886680126,EXP_LinearModel_Alpha158_csi300_custom_step0_s_20260903_16,18055128241e4f97809a294bb0275935,0.079,,,
506,2026-09-03,SZ000938,-0.0653538852930069,EXP_LinearModel_Alpha158_csi300_custom_step0_s_20260903_16,18055128241e4f97809a294bb0275935,0.079,,,
507,2026-09-03,SZ000963,-0.05122579634189606,EXP_LinearModel_Alpha158_csi300_custom_step0_s_20260903_16,18055128241e4f97809a294bb0275935,0.079,,,
508,2026-09-03,SZ000975,-0.1007002517580986,EXP_LinearModel_Alpha158_csi300_custom_step0_s_20260903_16,18055128241e4f97809a294bb0275935,0.079,,,
509,2026-09-03,SZ002142,0.026094824075698853,EXP_LinearModel_Alpha158_csi300_custom_step0_s_20260903_16,18055128241e4f97809a294bb0275935,0.079,,,
510,2026-09-03,SZ002074,-0.05038178339600563,EXP_LinearModel_Alpha158_csi300_custom_step0_s_20260903_16,18055128241e4f97809a294bb0275935,0.079,,,
511,2026-09-03,SZ002050,-0.014251415617763996,EXP_LinearModel_Alpha158_csi300_custom_step0_s_20260903_16,18055128241e4f97809a294bb0275935,0.079,,,
512,2026-09-03,SZ002049,0.07952709496021271,EXP_LinearModel_Alpha158_csi300_custom_step0_s_20260903_16,18055128241e4f97809a294bb0275935,0.079,,,
513,2026-09-03,SZ002028,-0.04050951823592186,EXP_LinearModel_Alpha158_csi300_custom_step0_s_20260903_16,18055128241e4f97809a294bb0275935,0.079,,,
514,2026-09-03,SZ002027,-0.004615006502717733,EXP_LinearModel_Alpha158_csi300_custom_step0_s_20260903_16,18055128241e4f97809a294bb0275935,0.079,,,
515,2026-09-03,SZ000568,-0.0531638078391552,EXP_LinearModel_Alpha158_csi300_custom_step0_s_20260903_16,18055128241e4f97809a294bb0275935,0.079,,,
516,2026-09-03,SZ002001,0.07138343155384064,EXP_LinearModel_Alpha158_csi300_custom_step0_s_20260903_16,18055128241e4f97809a294bb0275935,0.079,,,
517,2026-09-03,SZ001965,0.12112919986248016,EXP_LinearModel_Alpha158_csi300_custom_step0_s_20260903_16,18055128241e4f97809a294bb0275935,0.079,,,
518,2026-09-03,SZ001391,-0.012116034515202045,EXP_LinearModel_Alpha158_csi300_custom_step0_s_20260903_16,18055128241e4f97809a294bb0275935,0.079,,,
519,2026-09-03,SZ001280,-0.012832172214984894,EXP_LinearModel_Alpha158_csi300_custom_step0_s_20260903_16,18055128241e4f97809a294bb0275935,0.079,,,
520,2026-09-03,SZ000999,-0.0034804989118129015,EXP_LinearModel_Alpha158_csi300_custom_step0_s_20260903_16,18055128241e4f97809a294bb0275935,0.079,,,
521,2026-09-03,SZ000988,0.08513371646404266,EXP_LinearModel_Alpha158_csi300_custom_step0_s_20260903_16,18055128241e4f97809a294bb0275935,0.079,,,
522,2026-09-03,SZ000977,-0.08849838376045227,EXP_LinearModel_Alpha158_csi300_custom_step0_s_20260903_16,18055128241e4f97809a294bb0275935,0.079,,,
523,2026-09-03,SZ001979,-0.0005290810950100422,EXP_LinearModel_Alpha158_csi300_custom_step0_s_20260903_16,18055128241e4f97809a294bb0275935,0.079,,,
524,2026-09-03,SZ000538,-0.015993496403098106,EXP_LinearModel_Alpha158_csi300_custom_step0_s_20260903_16,18055128241e4f97809a294bb0275935,0.079,,,
525,2026-09-03,SZ000425,-0.013087639585137367,EXP_LinearModel_Alpha158_csi300_custom_step0_s_20260903_16,18055128241e4f97809a294bb0275935,0.079,,,
526,2026-09-03,SZ000408,0.01583988219499588,EXP_LinearModel_Alpha158_csi300_custom_step0_s_20260903_16,18055128241e4f97809a294bb0275935,0.079,,,
527,2026-09-03,SH688183,-0.010930296033620834,EXP_LinearModel_Alpha158_csi300_custom_step0_s_20260903_16,18055128241e4f97809a294bb0275935,0.079,,,
528,2026-09-03,SH688126,0.040295619517564774,EXP_LinearModel_Alpha158_csi300_custom_step0_s_20260903_16,18055128241e4f97809a294bb0275935,0.079,,,
529,2026-09-03,SH688111,-0.030314527451992035,EXP_LinearModel_Alpha158_csi300_custom_step0_s_20260903_16,18055128241e4f97809a294bb0275935,0.079,,,
530,2026-09-03,SH688082,0.04614313319325447,EXP_LinearModel_Alpha158_csi300_custom_step0_s_20260903_16,18055128241e4f97809a294bb0275935,0.079,,,
531,2026-09-03,SH688072,0.08056769520044327,EXP_LinearModel_Alpha158_csi300_custom_step0_s_20260903_16,18055128241e4f97809a294bb0275935,0.079,,,
532,2026-09-03,SH688047,0.07380197942256927,EXP_LinearModel_Alpha158_csi300_custom_step0_s_20260903_16,18055128241e4f97809a294bb0275935,0.079,,,
533,2026-09-03,SH688223,-0.016518577933311462,EXP_LinearModel_Alpha158_csi300_custom_step0_s_20260903_16,18055128241e4f97809a294bb0275935,0.079,,,
534,2026-09-03,SH688041,0.10829983651638031,EXP_LinearModel_Alpha158_csi300_custom_step0_s_20260903_16,18055128241e4f97809a294bb0275935,0.079,,,
535,2026-09-03,SH688012,0.06496676802635193,EXP_LinearModel_Alpha158_csi300_custom_step0_s_20260903_16,18055128241e4f97809a294bb0275935,0.079,,,
536,2026-09-03,SH688009,0.022616669535636902,EXP_LinearModel_Alpha158_csi300_custom_step0_s_20260903_16,18055128241e4f97809a294bb0275935,0.079,,,
537,2026-09-03,SH688008,0.09489431232213974,EXP_LinearModel_Alpha158_csi300_custom_step0_s_20260903_16,18055128241e4f97809a294bb0275935,0.079,,,
538,2026-09-03,SH605499,-0.059928689152002335,EXP_LinearModel_Alpha158_csi300_custom_step0_s_20260903_16,18055128241e4f97809a294bb0275935,0.079,,,
539,2026-09-03,SH605117,-0.02378290891647339,EXP_LinearModel_Alpha158_csi300_custom_step0_s_20260903_16,18055128241e4f97809a294bb0275935,0.079,,,
540,2026-09-03,SH603993,0.03767339140176773,EXP_LinearModel_Alpha158_csi300_custom_step0_s_20260903_16,18055128241e4f97809a294bb0275935,0.079,,,
541,2026-09-03,SH688036,0.0015414307126775384,EXP_LinearModel_Alpha158_csi300_custom_step0_s_20260903_16,18055128241e4f97809a294bb0275935,0.079,,,
542,2026-09-03,SH601100,0.034653522074222565,EXP_LinearModel_Alpha158_csi300_custom_step0_s_20260903_16,18055128241e4f97809a294bb0275935,0.079,,,
543,2026-09-03,SH688256,0.00486508384346962,EXP_LinearModel_Alpha158_csi300_custom_step0_s_20260903_16,18055128241e4f97809a294bb0275935,0.079,,,
544,2026-09-03,SH688303,-0.024727150797843933,EXP_LinearModel_Alpha158_csi300_custom_step0_s_20260903_16,18055128241e4f97809a294bb0275935,0.079,,,
545,2026-09-03,SZ000338,-0.025038760155439377,EXP_LinearModel_Alpha158_csi300_custom_step0_s_20260903_16,18055128241e4f97809a294bb0275935,0.079,,,
546,2026-09-03,SZ000333,-0.005324012599885464,EXP_LinearModel_Alpha158_csi300_custom_step0_s_20260903_16,18055128241e4f97809a294bb0275935,0.079,,,
547,2026-09-03,SZ000301,-0.03954305872321129,EXP_LinearModel_Alpha158_csi300_custom_step0_s_20260903_16,18055128241e4f97809a294bb0275935,0.079,,,
548,2026-09-03,SZ000166,0.052477337419986725,EXP_LinearModel_Alpha158_csi300_custom_step0_s_20260903_16,18055128241e4f97809a294bb0275935,0.079,,,
549,2026-09-03,SZ000157,0.003006144892424345,EXP_LinearModel_Alpha158_csi300_custom_step0_s_20260903_16,18055128241e4f97809a294bb0275935,0.079,,,
550,2026-09-03,SZ000100,0.04206101596355438,EXP_LinearModel_Alpha158_csi300_custom_step0_s_20260903_16,18055128241e4f97809a294bb0275935,0.079,,,
551,2026-09-03,SH688271,-0.023778699338436127,EXP_LinearModel_Alpha158_csi300_custom_step0_s_20260903_16,18055128241e4f97809a294bb0275935,0.079,,,
552,2026-09-03,SZ000063,-0.003717843908816576,EXP_LinearModel_Alpha158_csi300_custom_step0_s_20260903_16,18055128241e4f97809a294bb0275935,0.079,,,
553,2026-09-03,SZ000001,0.0421542152762413,EXP_LinearModel_Alpha158_csi300_custom_step0_s_20260903_16,18055128241e4f97809a294bb0275935,0.079,,,
554,2026-09-03,SH688981,0.04914921522140503,EXP_LinearModel_Alpha158_csi300_custom_step0_s_20260903_16,18055128241e4f97809a294bb0275935,0.079,,,
555,2026-09-03,SH688521,0.07410993427038193,EXP_LinearModel_Alpha158_csi300_custom_step0_s_20260903_16,18055128241e4f97809a294bb0275935,0.079,,,
556,2026-09-03,SH688506,0.03406195342540741,EXP_LinearModel_Alpha158_csi300_custom_step0_s_20260903_16,18055128241e4f97809a294bb0275935,0.079,,,
557,2026-09-03,SH688472,-0.04009135439991951,EXP_LinearModel_Alpha158_csi300_custom_step0_s_20260903_16,18055128241e4f97809a294bb0275935,0.079,,,
558,2026-09-03,SH688396,0.06414403021335602,EXP_LinearModel_Alpha158_csi300_custom_step0_s_20260903_16,18055128241e4f97809a294bb0275935,0.079,,,
559,2026-09-03,SZ000002,-0.005495523102581501,EXP_LinearModel_Alpha158_csi300_custom_step0_s_20260903_16,18055128241e4f97809a294bb0275935,0.079,,,
560,2026-09-03,SH601377,-0.06895283747625763,EXP_DEnsembleModel_Alpha158_csi300_custom_step0_s_20260903_16,c51208b07462499ba8a1ebd1032704d0,0.002,,,
561,2026-09-03,SH601360,-0.16617501907629492,EXP_DEnsembleModel_Alpha158_csi300_custom_step0_s_20260903_16,c51208b07462499ba8a1ebd1032704d0,0.002,,,
562,2026-09-03,SH601336,-0.017279036535406734,EXP_DEnsembleModel_Alpha158_csi300_custom_step0_s_20260903_16,c51208b07462499ba8a1ebd1032704d0,0.002,,,
563,2026-09-03,SH600150,0.07709405370374844,EXP_DEnsembleModel_Alpha158_csi300_custom_step0_s_20260903_16,c0ae41295aad437f9d4f2e0892161294,0.019,,,
564,2026-09-03,SH600160,-0.1119508916504194,EXP_DEnsembleModel_Alpha158_csi300_custom_step0_s_20260903_16,c0ae41295aad437f9d4f2e0892161294,0.019,,,
565,2026-09-03,SH600176,-0.12872799394999165,EXP_DEnsembleModel_Alpha158_csi300_custom_step0_s_20260903_16,c0ae41295aad437f9d4f2e0892161294,0.019,,,
566,2026-09-03,SH600183,0.03826722490829755,EXP_DEnsembleModel_Alpha158_csi300_custom_step0_s_20260903_16,c0ae41295aad437f9d4f2e0892161294,0.019,,,
567,2026-09-03,SH600188,-0.07291239543640075,EXP_DEnsembleModel_Alpha158_csi300_custom_step0_s_20260903_16,c0ae41295aad437f9d4f2e0892161294,0.019,,,
568,2026-09-03,SH600196,-0.0005491993298132044,EXP_DEnsembleModel_Alpha158_csi300_custom_step0_s_20260903_16,c0ae41295aad437f9d4f2e0892161294,0.019,,,
569,2026-09-03,SH600219,0.06500675209758118,EXP_DEnsembleModel_Alpha158_csi300_custom_step0_s_20260903_16,c0ae41295aad437f9d4f2e0892161294,0.019,,,
570,2026-09-03,SH600221,0.02649198026457624,EXP_DEnsembleModel_Alpha158_csi300_custom_step0_s_20260903_16,c0ae41295aad437f9d4f2e0892161294,0.019,,,
571,2026-09-03,SH600233,-0.05051736651433757,EXP_DEnsembleModel_Alpha158_csi300_custom_step0_s_20260903_16,c0ae41295aad437f9d4f2e0892161294,0.019,,,
572,2026-09-03,SH600276,-0.03129530286225533,EXP_DEnsembleModel_Alpha158_csi300_custom_step0_s_20260903_16,c0ae41295aad437f9d4f2e0892161294,0.019,,,
573,2026-09-03,SH600309,0.05480342737108606,EXP_DEnsembleModel_Alpha158_csi300_custom_step0_s_20260903_16,c0ae41295aad437f9d4f2e0892161294,0.019,,,
574,2026-09-03,SH600346,-0.06661656368449113,EXP_DEnsembleModel_Alpha158_csi300_custom_step0_s_20260903_16,c0ae41295aad437f9d4f2e0892161294,0.019,,,
575,2026-09-03,SH600362,-0.08999402102523668,EXP_DEnsembleModel_Alpha158_csi300_custom_step0_s_20260903_16,c0ae41295aad437f9d4f2e0892161294,0.019,,,
576,2026-09-03,SH600372,0.12947087972412188,EXP_DEnsembleModel_Alpha158_csi300_custom_step0_s_20260903_16,c0ae41295aad437f9d4f2e0892161294,0.019,,,
577,2026-09-03,SH600406,0.02213757797944191,EXP_DEnsembleModel_Alpha158_csi300_custom_step0_s_20260903_16,c0ae41295aad437f9d4f2e0892161294,0.019,,,
578,2026-09-03,SH600415,-0.0472527512411057,EXP_DEnsembleModel_Alpha158_csi300_custom_step0_s_20260903_16,c0ae41295aad437f9d4f2e0892161294,0.019,,,
579,2026-09-03,SH600426,-0.06677920605479937,EXP_DEnsembleModel_Alpha158_csi300_custom_step0_s_20260903_16,c0ae41295aad437f9d4f2e0892161294,0.019,,,
580,2026-09-03,SH600588,0.09445614917076478,EXP_DEnsembleModel_Alpha158_csi300_custom_step0_s_20260903_16,c0ae41295aad437f9d4f2e0892161294,0.019,,,
581,2026-09-03,SH600585,0.10921190252518063,EXP_DEnsembleModel_Alpha158_csi300_custom_step0_s_20260903_16,c0ae41295aad437f9d4f2e0892161294,0.019,,,
582,2026-09-03,SH600584,-0.0023595913010084667,EXP_DEnsembleModel_Alpha158_csi300_custom_step0_s_20260903_16,c0ae41295aad437f9d4f2e0892161294,0.019,,,
583,2026-09-03,SH600570,-0.009413849281029535,EXP_DEnsembleModel_Alpha158_csi300_custom_step0_s_20260903_16,c0ae41295aad437f9d4f2e0892161294,0.019,,,
584,2026-09-03,SH600549,-0.020477433832853328,EXP_DEnsembleModel_Alpha158_csi300_custom_step0_s_20260903_16,c0ae41295aad437f9d4f2e0892161294,0.019,,,
585,2026-09-03,SH600547,0.12382207653150228,EXP_DEnsembleModel_Alpha158_csi300_custom_step0_s_20260903_16,c0ae41295aad437f9d4f2e0892161294,0.019,,,
586,2026-09-03,SH600118,-0.023342506182014413,EXP_DEnsembleModel_Alpha158_csi300_custom_step0_s_20260903_16,c0ae41295aad437f9d4f2e0892161294,0.019,,,
587,2026-09-03,SH600522,-0.04689645437717573,EXP_DEnsembleModel_Alpha158_csi300_custom_step0_s_20260903_16,c0ae41295aad437f9d4f2e0892161294,0.019,,,
588,2026-09-03,SH600515,0.07454460243753486,EXP_DEnsembleModel_Alpha158_csi300_custom_step0_s_20260903_16,c0ae41295aad437f9d4f2e0892161294,0.019,,,
589,2026-09-03,SH600489,-0.0023671503135604516,EXP_DEnsembleModel_Alpha158_csi300_custom_step0_s_20260903_16,c0ae41295aad437f9d4f2e0892161294,0.019,,,
590,2026-09-03,SH600482,-0.0761094225861991,EXP_DEnsembleModel_Alpha158_csi300_custom_step0_s_20260903_16,c0ae41295aad437f9d4f2e0892161294,0.019,,,
591,2026-09-03,SH600460,-0.05814361032731631,EXP_DEnsembleModel_Alpha158_csi300_custom_step0_s_20260903_16,c0ae41295aad437f9d4f2e0892161294,0.019,,,
592,2026-09-03,SH600438,-0.11061234377317587,EXP_DEnsembleModel_Alpha158_csi300_custom_step0_s_20260903_16,c0ae41295aad437f9d4f2e0892161294,0.019,,,
593,2026-09-03,SH600436,-0.053190367507914414,EXP_DEnsembleModel_Alpha158_csi300_custom_step0_s_20260903_16,c0ae41295aad437f9d4f2e0892161294,0.019,,,
594,2026-09-03,SH600519,0.09891443510810059,EXP_DEnsembleModel_Alpha158_csi300_custom_step0_s_20260903_16,c0ae41295aad437f9d4f2e0892161294,0.019,,,
595,2026-09-03,SH600600,0.06131660721207743,EXP_DEnsembleModel_Alpha158_csi300_custom_step0_s_20260903_16,c0ae41295aad437f9d4f2e0892161294,0.019,,,
596,2026-09-03,SH600115,-0.0574637982213549,EXP_DEnsembleModel_Alpha158_csi300_custom_step0_s_20260903_16,c0ae41295aad437f9d4f2e0892161294,0.019,,,
597,2026-09-03,SH600104,0.07759182922531586,EXP_DEnsembleModel_Alpha158_csi300_custom_step0_s_20260903_16,c0ae41295aad437f9d4f2e0892161294,0.019,,,
598,2026-09-03,SZ300896,-0.0111197616612794,EXP_DEnsembleModel_Alpha158_csi300_custom_step0_s_20260903_16,fe3462982b5f4fadb08d6c77a26d5e61,0.113,,,
599,2026-09-03,SZ300999,-0.022013080181834063,EXP_DEnsembleModel_Alpha158_csi300_custom_step0_s_20260903_16,fe3462982b5f4fadb08d6c77a26d5e61,0.113,,,
600,2026-09-03,SZ301165,0.19277212441462213,EXP_DEnsembleModel_Alpha158_csi300_custom_step0_s_20260903_16,fe3462982b5f4fadb08d6c77a26d5e61,0.113,,,
601,2026-09-03,SZ301236,-0.04108968068217221,EXP_DEnsembleModel_Alpha158_csi300_custom_step0_s_20260903_16,fe3462982b5f4fadb08d6c77a26d5e61,0.113,,,
602,2026-09-03,SZ301269,-0.08795990478770864,EXP_DEnsembleModel_Alpha158_csi300_custom_step0_s_20260903_16,fe3462982b5f4fadb08d6c77a26d5e61,0.113,,,
603,2026-09-03,SZ301308,-0.006133000732182171,EXP_DEnsembleModel_Alpha158_csi300_custom_step0_s_20260903_16,fe3462982b5f4fadb08d6c77a26d5e61,0.113,,,
604,2026-09-03,SZ302132,0.02139871808001013,EXP_DEnsembleModel_Alpha158_csi300_custom_step0_s_20260903_16,fe3462982b5f4fadb08d6c77a26d5e61,0.113,,,
605,2026-09-03,SH600000,0.11751808540644942,EXP_DEnsembleModel_Alpha158_csi300_custom_step0_s_20260903_16,c0ae41295aad437f9d4f2e0892161294,0.019,,,
606,2026-09-03,SH600009,0.08858283240339565,EXP_DEnsembleModel_Alpha158_csi300_custom_step0_s_20260903_16,c0ae41295aad437f9d4f2e0892161294,0.019,,,
607,2026-09-03,SH600010,0.05637223511623129,EXP_DEnsembleModel_Alpha158_csi300_custom_step0_s_20260903_16,c0ae41295aad437f9d4f2e0892161294,0.019,,,
608,2026-09-03,SH600011,0.029070293078278436,EXP_DEnsembleModel_Alpha158_csi300_custom_step0_s_20260903_16,c0ae41295aad437f9d4f2e0892161294,0.019,,,
609,2026-09-03,SH600015,0.036974672012777314,EXP_DEnsembleModel_Alpha158_csi300_custom_step0_s_20260903_16,c0ae41295aad437f9d4f2e0892161294,0.019,,,
610,2026-09-03,SH600016,0.09890665106474587,EXP_DEnsembleModel_Alpha158_csi300_custom_step0_s_20260903_16,c0ae41295aad437f9d4f2e0892161294,0.019,,,
611,2026-09-03,SH600018,0.03302636715253603,EXP_DEnsembleModel_Alpha158_csi300_custom_step0_s_20260903_16,c0ae41295aad437f9d4f2e0892161294,0.019,,,
612,2026-09-03,SH600019,0.10597048027885347,EXP_DEnsembleModel_Alpha158_csi300_custom_step0_s_20260903_16,c0ae41295aad437f9d4f2e0892161294,0.019,,,
613,2026-09-03,SH600023,0.027292268564308983,EXP_DEnsembleModel_Alpha158_csi300_custom_step0_s_20260903_16,c0ae41295aad437f9d4f2e0892161294,0.019,,,
614,2026-09-03,SH600025,0.13738120217514413,EXP_DEnsembleModel_Alpha158_csi300_custom_step0_s_20260903_16,c0ae41295aad437f9d4f2e0892161294,0.019,,,
615,2026-09-03,SH600089,-0.03378633508723177,EXP_DEnsembleModel_Alpha158_csi300_custom_step0_s_20260903_16,c0ae41295aad437f9d4f2e0892161294,0.019,,,
616,2026-09-03,SH600085,0.06390523674606156,EXP_DEnsembleModel_Alpha158_csi300_custom_step0_s_20260903_16,c0ae41295aad437f9d4f2e0892161294,0.019,,,
617,2026-09-03,SH600066,-0.20619020218823267,EXP_DEnsembleModel_Alpha158_csi300_custom_step0_s_20260903_16,c0ae41295aad437f9d4f2e0892161294,0.019,,,
618,2026-09-03,SH600061,0.08497988728656956,EXP_DEnsembleModel_Alpha158_csi300_custom_step0_s_20260903_16,c0ae41295aad437f9d4f2e0892161294,0.019,,,
619,2026-09-03,SH600050,0.07650788279960678,EXP_DEnsembleModel_Alpha158_csi300_custom_step0_s_20260903_16,c0ae41295aad437f9d4f2e0892161294,0.019,,,
620,2026-09-03,SH600048,0.04123021110829768,EXP_DEnsembleModel_Alpha158_csi300_custom_step0_s_20260903_16,c0ae41295aad437f9d4f2e0892161294,0.019,,,
621,2026-09-03,SH600111,-0.11559558529373927,EXP_DEnsembleModel_Alpha158_csi300_custom_step0_s_20260903_16,c0ae41295aad437f9d4f2e0892161294,0.019,,,
622,2026-09-03,SH600039,0.03520171166751015,EXP_DEnsembleModel_Alpha158_csi300_custom_step0_s_20260903_16,c0ae41295aad437f9d4f2e0892161294,0.019,,,
623,2026-09-03,SH600031,-0.05556764182450709,EXP_DEnsembleModel_Alpha158_csi300_custom_step0_s_20260903_16,c0ae41295aad437f9d4f2e0892161294,0.019,,,
624,2026-09-03,SH600030,0.09997319204569727,EXP_DEnsembleModel_Alpha158_csi300_custom_step0_s_20260903_16,c0ae41295aad437f9d4f2e0892161294,0.019,,,
625,2026-09-03,SH600029,0.01904579529154436,EXP_DEnsembleModel_Alpha158_csi300_custom_step0_s_20260903_16,c0ae41295aad437f9d4f2e0892161294,0.019,,,
626,2026-09-03,SH600028,0.05442782216462539,EXP_DEnsembleModel_Alpha158_csi300_custom_step0_s_20260903_16,c0ae41295aad437f9d4f2e0892161294,0.019,,,
627,2026-09-03,SH600027,0.03597609498508447,EXP_DEnsembleModel_Alpha158_csi300_custom_step0_s_20260903_16,c0ae41295aad437f9d4f2e0892161294,0.019,,,
628,2026-09-03,SH600026,0.13484419122785876,EXP_DEnsembleModel_Alpha158_csi300_custom_step0_s_20260903_16,c0ae41295aad437f9d4f2e0892161294,0.019,,,
629,2026-09-03,SH600036,0.07804025209654467,EXP_DEnsembleModel_Alpha158_csi300_custom_step0_s_20260903_16,c0ae41295aad437f9d4f2e0892161294,0.019,,,
630,2026-09-03,SZ300866,-0.13740069018827486,EXP_DEnsembleModel_Alpha158_csi300_custom_step0_s_20260903_16,fe3462982b5f4fadb08d6c77a26d5e61,0.113,,,
631,2026-09-03,SH600660,0.1334509941642059,EXP_DEnsembleModel_Alpha158_csi300_custom_step0_s_20260903_16,c0ae41295aad437f9d4f2e0892161294,0.019,,,
632,2026-09-03,SH600690,0.09378153148928339,EXP_DEnsembleModel_Alpha158_csi300_custom_step0_s_20260903_16,c0ae41295aad437f9d4f2e0892161294,0.019,,,
633,2026-09-03,SH601136,-0.02813989542256357,EXP_DEnsembleModel_Alpha158_csi300_custom_step0_s_20260903_16,c0ae41295aad437f9d4f2e0892161294,0.019,,,
634,2026-09-03,SH601138,-0.13482489767513986,EXP_DEnsembleModel_Alpha158_csi300_custom_step0_s_20260903_16,c0ae41295aad437f9d4f2e0892161294,0.019,,,
635,2026-09-03,SH601166,0.08329068622675502,EXP_DEnsembleModel_Alpha158_csi300_custom_step0_s_20260903_16,c0ae41295aad437f9d4f2e0892161294,0.019,,,
636,2026-09-03,SH601169,0.08557423803253476,EXP_DEnsembleModel_Alpha158_csi300_custom_step0_s_20260903_16,c0ae41295aad437f9d4f2e0892161294,0.019,,,
637,2026-09-03,SH601186,0.09027216701821582,EXP_DEnsembleModel_Alpha158_csi300_custom_step0_s_20260903_16,c0ae41295aad437f9d4f2e0892161294,0.019,,,
638,2026-09-03,SH601211,0.061890774881441075,EXP_DEnsembleModel_Alpha158_csi300_custom_step0_s_20260903_16,c0ae41295aad437f9d4f2e0892161294,0.019,,,
639,2026-09-03,SH601225,-0.010087271846491346,EXP_DEnsembleModel_Alpha158_csi300_custom_step0_s_20260903_16,c0ae41295aad437f9d4f2e0892161294,0.019,,,
640,2026-09-03,SH601229,0.09869285372242785,EXP_DEnsembleModel_Alpha158_csi300_custom_step0_s_20260903_16,c0ae41295aad437f9d4f2e0892161294,0.019,,,
641,2026-09-03,SH601238,0.02602651578523508,EXP_DEnsembleModel_Alpha158_csi300_custom_step0_s_20260903_16,c0ae41295aad437f9d4f2e0892161294,0.019,,,
642,2026-09-03,SH601288,0.1071372104726285,EXP_DEnsembleModel_Alpha158_csi300_custom_step0_s_20260903_16,c0ae41295aad437f9d4f2e0892161294,0.019,,,
643,2026-09-03,SH601318,0.09674939309703194,EXP_DEnsembleModel_Alpha158_csi300_custom_step0_s_20260903_16,c0ae41295aad437f9d4f2e0892161294,0.019,,,
644,2026-09-03,SH601319,-0.019714504429099233,EXP_DEnsembleModel_Alpha158_csi300_custom_step0_s_20260903_16,c0ae41295aad437f9d4f2e0892161294,0.019,,,
645,2026-09-03,SH601328,0.11019871037685561,EXP_DEnsembleModel_Alpha158_csi300_custom_step0_s_20260903_16,c0ae41295aad437f9d4f2e0892161294,0.019,,,
646,2026-09-03,SH601336,0.011227284454580596,EXP_DEnsembleModel_Alpha158_csi300_custom_step0_s_20260903_16,c0ae41295aad437f9d4f2e0892161294,0.019,,,
647,2026-09-03,SH601360,-0.08142130356564578,EXP_DEnsembleModel_Alpha158_csi300_custom_step0_s_20260903_16,c0ae41295aad437f9d4f2e0892161294,0.019,,,
648,2026-09-03,SH601377,0.08357880466127669,EXP_DEnsembleModel_Alpha158_csi300_custom_step0_s_20260903_16,c0ae41295aad437f9d4f2e0892161294,0.019,,,
649,2026-09-03,SH601390,0.0991160522427277,EXP_DEnsembleModel_Alpha158_csi300_custom_step0_s_20260903_16,c0ae41295aad437f9d4f2e0892161294,0.019,,,
650,2026-09-03,SH601698,0.055470748451143706,EXP_DEnsembleModel_Alpha158_csi300_custom_step0_s_20260903_16,c0ae41295aad437f9d4f2e0892161294,0.019,,,
651,2026-09-03,SH601689,-0.13025174909861392,EXP_DEnsembleModel_Alpha158_csi300_custom_step0_s_20260903_16,c0ae41295aad437f9d4f2e0892161294,0.019,,,
652,2026-09-03,SH601688,0.019366836494349896,EXP_DEnsembleModel_Alpha158_csi300_custom_step0_s_20260903_16,c0ae41295aad437f9d4f2e0892161294,0.019,,,
653,2026-09-03,SH601669,0.016459553688267757,EXP_DEnsembleModel_Alpha158_csi300_custom_step0_s_20260903_16,c0ae41295aad437f9d4f2e0892161294,0.019,,,
654,2026-09-03,SH601668,0.07205819514004672,EXP_DEnsembleModel_Alpha158_csi300_custom_step0_s_20260903_16,c0ae41295aad437f9d4f2e0892161294,0.019,,,
655,2026-09-03,SH601658,0.07877888246871319,EXP_DEnsembleModel_Alpha158_csi300_custom_step0_s_20260903_16,c0ae41295aad437f9d4f2e0892161294,0.019,,,
656,2026-09-03,SH601127,-0.034633063406040686,EXP_DEnsembleModel_Alpha158_csi300_custom_step0_s_20260903_16,c0ae41295aad437f9d4f2e0892161294,0.019,,,
657,2026-09-03,SH601633,0.017881283144646085,EXP_DEnsembleModel_Alpha158_csi300_custom_step0_s_20260903_16,c0ae41295aad437f9d4f2e0892161294,0.019,,,
658,2026-09-03,SH601618,0.03730252464379615,EXP_DEnsembleModel_Alpha158_csi300_custom_step0_s_20260903_16,c0ae41295aad437f9d4f2e0892161294,0.019,,,
659,2026-09-03,SH601607,0.12160085282282958,EXP_DEnsembleModel_Alpha158_csi300_custom_step0_s_20260903_16,c0ae41295aad437f9d4f2e0892161294,0.019,,,
660,2026-09-03,SH601601,0.12332413688275225,EXP_DEnsembleModel_Alpha158_csi300_custom_step0_s_20260903_16,c0ae41295aad437f9d4f2e0892161294,0.019,,,
661,2026-09-03,SH601600,-0.023571285961200596,EXP_DEnsembleModel_Alpha158_csi300_custom_step0_s_20260903_16,c0ae41295aad437f9d4f2e0892161294,0.019,,,
662,2026-09-03,SH601456,0.0574105427712266,EXP_DEnsembleModel_Alpha158_csi300_custom_step0_s_20260903_16,c0ae41295aad437f9d4f2e0892161294,0.019,,,
663,2026-09-03,SH601398,0.015619006884088592,EXP_DEnsembleModel_Alpha158_csi300_custom_step0_s_20260903_16,c0ae41295aad437f9d4f2e0892161294,0.019,,,
664,2026-09-03,SH601628,0.0146306892586732,EXP_DEnsembleModel_Alpha158_csi300_custom_step0_s_20260903_16,c0ae41295aad437f9d4f2e0892161294,0.019,,,
665,2026-09-03,SH600674,0.11099797534209967,EXP_DEnsembleModel_Alpha158_csi300_custom_step0_s_20260903_16,c0ae41295aad437f9d4f2e0892161294,0.019,,,
666,2026-09-03,SH601117,0.10386099425956324,EXP_DEnsembleModel_Alpha158_csi300_custom_step0_s_20260903_16,c0ae41295aad437f9d4f2e0892161294,0.019,,,
667,2026-09-03,SH601100,0.01725931503928754,EXP_DEnsembleModel_Alpha158_csi300_custom_step0_s_20260903_16,c0ae41295aad437f9d4f2e0892161294,0.019,,,
668,2026-09-03,SH600741,0.08165594915883222,EXP_DEnsembleModel_Alpha158_csi300_custom_step0_s_20260903_16,c0ae41295aad437f9d4f2e0892161294,0.019,,,
669,2026-09-03,SH600760,0.07546538429379739,EXP_DEnsembleModel_Alpha158_csi300_custom_step0_s_20260903_16,c0ae41295aad437f9d4f2e0892161294,0.019,,,
670,2026-09-03,SH600795,0.09437993412571118,EXP_DEnsembleModel_Alpha158_csi300_custom_step0_s_20260903_16,c0ae41295aad437f9d4f2e0892161294,0.019,,,
671,2026-09-03,SH600803,-0.03497588040002935,EXP_DEnsembleModel_Alpha158_csi300_custom_step0_s_20260903_16,c0ae41295aad437f9d4f2e0892161294,0.019,,,
672,2026-09-03,SH600809,-0.01396895645894968,EXP_DEnsembleModel_Alpha158_csi300_custom_step0_s_20260903_16,c0ae41295aad437f9d4f2e0892161294,0.019,,,
673,2026-09-03,SH600845,0.01680315195239084,EXP_DEnsembleModel_Alpha158_csi300_custom_step0_s_20260903_16,c0ae41295aad437f9d4f2e0892161294,0.019,,,
674,2026-09-03,SH600875,-0.0700854493059387,EXP_DEnsembleModel_Alpha158_csi300_custom_step0_s_20260903_16,c0ae41295aad437f9d4f2e0892161294,0.019,,,
675,2026-09-03,SH600886,0.12627595217557605,EXP_DEnsembleModel_Alpha158_csi300_custom_step0_s_20260903_16,c0ae41295aad437f9d4f2e0892161294,0.019,,,
676,2026-09-03,SH600887,0.10658348544955956,EXP_DEnsembleModel_Alpha158_csi300_custom_step0_s_20260903_16,c0ae41295aad437f9d4f2e0892161294,0.019,,,
677,2026-09-03,SH600893,0.06250231289267057,EXP_DEnsembleModel_Alpha158_csi300_custom_step0_s_20260903_16,c0ae41295aad437f9d4f2e0892161294,0.019,,,
678,2026-09-03,SH600900,0.12680428742912622,EXP_DEnsembleModel_Alpha158_csi300_custom_step0_s_20260903_16,c0ae41295aad437f9d4f2e0892161294,0.019,,,
679,2026-09-03,SH600905,0.03572441609380777,EXP_DEnsembleModel_Alpha158_csi300_custom_step0_s_20260903_16,c0ae41295aad437f9d4f2e0892161294,0.019,,,
680,2026-09-03,SH600918,0.05340999954716128,EXP_DEnsembleModel_Alpha158_csi300_custom_step0_s_20260903_16,c0ae41295aad437f9d4f2e0892161294,0.019,,,
681,2026-09-03,SH600919,0.12571199182196952,EXP_DEnsembleModel_Alpha158_csi300_custom_step0_s_20260903_16,c0ae41295aad437f9d4f2e0892161294,0.019,,,
682,2026-09-03,SH600926,0.11274059962688852,EXP_DEnsembleModel_Alpha158_csi300_custom_step0_s_20260903_16,c0ae41295aad437f9d4f2e0892161294,0.019,,,
683,2026-09-03,SH600930,-0.04934702934874923,EXP_DEnsembleModel_Alpha158_csi300_custom_step0_s_20260903_16,c0ae41295aad437f9d4f2e0892161294,0.019,,,
684,2026-09-03,SH600938,0.05178286593228025,EXP_DEnsembleModel_Alpha158_csi300_custom_step0_s_20260903_16,c0ae41295aad437f9d4f2e0892161294,0.019,,,
685,2026-09-03,SH601088,0.042147365063037935,EXP_DEnsembleModel_Alpha158_csi300_custom_step0_s_20260903_16,c0ae41295aad437f9d4f2e0892161294,0.019,,,
686,2026-09-03,SH601077,0.1368428223993432,EXP_DEnsembleModel_Alpha158_csi300_custom_step0_s_20260903_16,c0ae41295aad437f9d4f2e0892161294,0.019,,,
687,2026-09-03,SH601066,0.02777809832388956,EXP_DEnsembleModel_Alpha158_csi300_custom_step0_s_20260903_16,c0ae41295aad437f9d4f2e0892161294,0.019,,,
688,2026-09-03,SH601059,0.14647362243968046,EXP_DEnsembleModel_Alpha158_csi300_custom_step0_s_20260903_16,c0ae41295aad437f9d4f2e0892161294,0.019,,,
689,2026-09-03,SH601058,-0.06713259729005701,EXP_DEnsembleModel_Alpha158_csi300_custom_step0_s_20260903_16,c0ae41295aad437f9d4f2e0892161294,0.019,,,
690,2026-09-03,SH601021,-0.007362300496547496,EXP_DEnsembleModel_Alpha158_csi300_custom_step0_s_20260903_16,c0ae41295aad437f9d4f2e0892161294,0.019,,,
691,2026-09-03,SH601111,-0.008632926430830851,EXP_DEnsembleModel_Alpha158_csi300_custom_step0_s_20260903_16,c0ae41295aad437f9d4f2e0892161294,0.019,,,
692,2026-09-03,SH601018,0.18428943836916964,EXP_DEnsembleModel_Alpha158_csi300_custom_step0_s_20260903_16,c0ae41295aad437f9d4f2e0892161294,0.019,,,
693,2026-09-03,SH601009,0.15067421021400026,EXP_DEnsembleModel_Alpha158_csi300_custom_step0_s_20260903_16,c0ae41295aad437f9d4f2e0892161294,0.019,,,
694,2026-09-03,SH601006,0.13439754823382594,EXP_DEnsembleModel_Alpha158_csi300_custom_step0_s_20260903_16,c0ae41295aad437f9d4f2e0892161294,0.019,,,
695,2026-09-03,SH600999,0.021714999299836717,EXP_DEnsembleModel_Alpha158_csi300_custom_step0_s_20260903_16,c0ae41295aad437f9d4f2e0892161294,0.019,,,
696,2026-09-03,SH600989,-0.03254157423159437,EXP_DEnsembleModel_Alpha158_csi300_custom_step0_s_20260903_16,c0ae41295aad437f9d4f2e0892161294,0.019,,,
697,2026-09-03,SH600958,0.14380125519316062,EXP_DEnsembleModel_Alpha158_csi300_custom_step0_s_20260903_16,c0ae41295aad437f9d4f2e0892161294,0.019,,,
698,2026-09-03,SH600941,0.09622171116602957,EXP_DEnsembleModel_Alpha158_csi300_custom_step0_s_20260903_16,c0ae41295aad437f9d4f2e0892161294,0.019,,,
699,2026-09-03,SH601012,-0.132989235000968,EXP_DEnsembleModel_Alpha158_csi300_custom_step0_s_20260903_16,c0ae41295aad437f9d4f2e0892161294,0.019,,,
700,2026-09-03,SZ300832,0.04863127506801565,EXP_DEnsembleModel_Alpha158_csi300_custom_step0_s_20260903_16,fe3462982b5f4fadb08d6c77a26d5e61,0.113,,,
701,2026-09-03,SZ300803,-0.1284343146320154,EXP_DEnsembleModel_Alpha158_csi300_custom_step0_s_20260903_16,fe3462982b5f4fadb08d6c77a26d5e61,0.113,,,
702,2026-09-03,SZ300760,0.01774928058523252,EXP_DEnsembleModel_Alpha158_csi300_custom_step0_s_20260903_16,fe3462982b5f4fadb08d6c77a26d5e61,0.113,,,
703,2026-09-03,SH688521,0.15495162021105596,EXP_DEnsembleModel_Alpha158_csi300_custom_step0_s_20260903_16,fe3462982b5f4fadb08d6c77a26d5e61,0.113,,,
704,2026-09-03,SH688981,-0.07493446646669279,EXP_DEnsembleModel_Alpha158_csi300_custom_step0_s_20260903_16,fe3462982b5f4fadb08d6c77a26d5e61,0.113,,,
705,2026-09-03,SZ000001,0.14014519449670018,EXP_DEnsembleModel_Alpha158_csi300_custom_step0_s_20260903_16,fe3462982b5f4fadb08d6c77a26d5e61,0.113,,,
706,2026-09-03,SZ000002,-0.007730985393129966,EXP_DEnsembleModel_Alpha158_csi300_custom_step0_s_20260903_16,fe3462982b5f4fadb08d6c77a26d5e61,0.113,,,
707,2026-09-03,SZ000063,-0.0033547847665091474,EXP_DEnsembleModel_Alpha158_csi300_custom_step0_s_20260903_16,fe3462982b5f4fadb08d6c77a26d5e61,0.113,,,
708,2026-09-03,SZ000100,0.07540924073228572,EXP_DEnsembleModel_Alpha158_csi300_custom_step0_s_20260903_16,fe3462982b5f4fadb08d6c77a26d5e61,0.113,,,
709,2026-09-03,SZ000157,-0.0036620539931778895,EXP_DEnsembleModel_Alpha158_csi300_custom_step0_s_20260903_16,fe3462982b5f4fadb08d6c77a26d5e61,0.113,,,
710,2026-09-03,SZ000166,0.09282900822725769,EXP_DEnsembleModel_Alpha158_csi300_custom_step0_s_20260903_16,fe3462982b5f4fadb08d6c77a26d5e61,0.113,,,
711,2026-09-03,SZ000301,0.016776339284908046,EXP_DEnsembleModel_Alpha158_csi300_custom_step0_s_20260903_16,fe3462982b5f4fadb08d6c77a26d5e61,0.113,,,
712,2026-09-03,SZ000333,0.10282746169296016,EXP_DEnsembleModel_Alpha158_csi300_custom_step0_s_20260903_16,fe3462982b5f4fadb08d6c77a26d5e61,0.113,,,
713,2026-09-03,SZ000338,0.02631714447867874,EXP_DEnsembleModel_Alpha158_csi300_custom_step0_s_20260903_16,fe3462982b5f4fadb08d6c77a26d5e61,0.113,,,
714,2026-09-03,SZ000408,0.10732585369428121,EXP_DEnsembleModel_Alpha158_csi300_custom_step0_s_20260903_16,fe3462982b5f4fadb08d6c77a26d5e61,0.113,,,
715,2026-09-03,SZ000425,0.07325770414560172,EXP_DEnsembleModel_Alpha158_csi300_custom_step0_s_20260903_16,fe3462982b5f4fadb08d6c77a26d5e61,0.113,,,
716,2026-09-03,SZ000538,0.06122805499417797,EXP_DEnsembleModel_Alpha158_csi300_custom_step0_s_20260903_16,fe3462982b5f4fadb08d6c77a26d5e61,0.113,,,
717,2026-09-03,SZ000568,-0.01590221881510379,EXP_DEnsembleModel_Alpha158_csi300_custom_step0_s_20260903_16,fe3462982b5f4fadb08d6c77a26d5e61,0.113,,,
718,2026-09-03,SZ000596,-0.10355434589990434,EXP_DEnsembleModel_Alpha158_csi300_custom_step0_s_20260903_16,fe3462982b5f4fadb08d6c77a26d5e61,0.113,,,
719,2026-09-03,SZ000617,-0.01571311183723477,EXP_DEnsembleModel_Alpha158_csi300_custom_step0_s_20260903_16,fe3462982b5f4fadb08d6c77a26d5e61,0.113,,,
720,2026-09-03,SZ000963,0.005212348167607202,EXP_DEnsembleModel_Alpha158_csi300_custom_step0_s_20260903_16,fe3462982b5f4fadb08d6c77a26d5e61,0.113,,,
721,2026-09-03,SZ000938,-0.19869504840111432,EXP_DEnsembleModel_Alpha158_csi300_custom_step0_s_20260903_16,fe3462982b5f4fadb08d6c77a26d5e61,0.113,,,
722,2026-09-03,SZ000895,0.040599535656251046,EXP_DEnsembleModel_Alpha158_csi300_custom_step0_s_20260903_16,fe3462982b5f4fadb08d6c77a26d5e61,0.113,,,
723,2026-09-03,SZ000858,0.06094523580114728,EXP_DEnsembleModel_Alpha158_csi300_custom_step0_s_20260903_16,fe3462982b5f4fadb08d6c77a26d5e61,0.113,,,
724,2026-09-03,SZ000807,-0.02194717591122796,EXP_DEnsembleModel_Alpha158_csi300_custom_step0_s_20260903_16,fe3462982b5f4fadb08d6c77a26d5e61,0.113,,,
725,2026-09-03,SZ000792,-0.0715957317275628,EXP_DEnsembleModel_Alpha158_csi300_custom_step0_s_20260903_16,fe3462982b5f4fadb08d6c77a26d5e61,0.113,,,
726,2026-09-03,SH688506,-0.0031504109760184594,EXP_DEnsembleModel_Alpha158_csi300_custom_step0_s_20260903_16,fe3462982b5f4fadb08d6c77a26d5e61,0.113,,,
727,2026-09-03,SZ000776,0.013737393713882497,EXP_DEnsembleModel_Alpha158_csi300_custom_step0_s_20260903_16,fe3462982b5f4fadb08d6c77a26d5e61,0.113,,,
728,2026-09-03,SZ000725,-0.023865770783817044,EXP_DEnsembleModel_Alpha158_csi300_custom_step0_s_20260903_16,fe3462982b5f4fadb08d6c77a26d5e61,0.113,,,
729,2026-09-03,SZ000708,0.04001529110744662,EXP_DEnsembleModel_Alpha158_csi300_custom_step0_s_20260903_16,fe3462982b5f4fadb08d6c77a26d5e61,0.113,,,
730,2026-09-03,SZ000657,0.0671992191749429,EXP_DEnsembleModel_Alpha158_csi300_custom_step0_s_20260903_16,fe3462982b5f4fadb08d6c77a26d5e61,0.113,,,
731,2026-09-03,SZ000651,0.1244348660851698,EXP_DEnsembleModel_Alpha158_csi300_custom_step0_s_20260903_16,fe3462982b5f4fadb08d6c77a26d5e61,0.113,,,
732,2026-09-03,SZ000630,-0.0687890082837584,EXP_DEnsembleModel_Alpha158_csi300_custom_step0_s_20260903_16,fe3462982b5f4fadb08d6c77a26d5e61,0.113,,,
733,2026-09-03,SZ000625,0.0040263044704482165,EXP_DEnsembleModel_Alpha158_csi300_custom_step0_s_20260903_16,fe3462982b5f4fadb08d6c77a26d5e61,0.113,,,
734,2026-09-03,SZ000768,0.004926644323951358,EXP_DEnsembleModel_Alpha158_csi300_custom_step0_s_20260903_16,fe3462982b5f4fadb08d6c77a26d5e61,0.113,,,
735,2026-09-03,SZ000975,-0.1261881591015967,EXP_DEnsembleModel_Alpha158_csi300_custom_step0_s_20260903_16,fe3462982b5f4fadb08d6c77a26d5e61,0.113,,,
736,2026-09-03,SH688472,-0.07228017033781271,EXP_DEnsembleModel_Alpha158_csi300_custom_step0_s_20260903_16,fe3462982b5f4fadb08d6c77a26d5e61,0.113,,,
737,2026-09-03,SH688303,-0.04780800088100555,EXP_DEnsembleModel_Alpha158_csi300_custom_step0_s_20260903_16,fe3462982b5f4fadb08d6c77a26d5e61,0.113,,,
738,2026-09-03,SH601988,0.08345918054925071,EXP_DEnsembleModel_Alpha158_csi300_custom_step0_s_20260903_16,fe3462982b5f4fadb08d6c77a26d5e61,0.113,,,
739,2026-09-03,SH601995,0.07112108453851868,EXP_DEnsembleModel_Alpha158_csi300_custom_step0_s_20260903_16,fe3462982b5f4fadb08d6c77a26d5e61,0.113,,,
740,2026-09-03,SH601998,0.04774077532179127,EXP_DEnsembleModel_Alpha158_csi300_custom_step0_s_20260903_16,fe3462982b5f4fadb08d6c77a26d5e61,0.113,,,
741,2026-09-03,SH603019,-0.10929453882551643,EXP_DEnsembleModel_Alpha158_csi300_custom_step0_s_20260903_16,fe3462982b5f4fadb08d6c77a26d5e61,0.113,,,
742,2026-09-03,SH603259,-0.05814509380018484,EXP_DEnsembleModel_Alpha158_csi300_custom_step0_s_20260903_16,fe3462982b5f4fadb08d6c77a26d5e61,0.113,,,
743,2026-09-03,SH603260,-0.022165485012357676,EXP_DEnsembleModel_Alpha158_csi300_custom_step0_s_20260903_16,fe3462982b5f4fadb08d6c77a26d5e61,0.113,,,
744,2026-09-03,SH603288,0.0795423674591785,EXP_DEnsembleModel_Alpha158_csi300_custom_step0_s_20260903_16,fe3462982b5f4fadb08d6c77a26d5e61,0.113,,,
745,2026-09-03,SH603296,-0.10423785742915122,EXP_DEnsembleModel_Alpha158_csi300_custom_step0_s_20260903_16,fe3462982b5f4fadb08d6c77a26d5e61,0.113,,,
746,2026-09-03,SH603369,-0.04902714727039721,EXP_DEnsembleModel_Alpha158_csi300_custom_step0_s_20260903_16,fe3462982b5f4fadb08d6c77a26d5e61,0.113,,,
747,2026-09-03,SH603392,-0.0697745753385902,EXP_DEnsembleModel_Alpha158_csi300_custom_step0_s_20260903_16,fe3462982b5f4fadb08d6c77a26d5e61,0.113,,,
748,2026-09-03,SH603501,0.00899813380470069,EXP_DEnsembleModel_Alpha158_csi300_custom_step0_s_20260903_16,fe3462982b5f4fadb08d6c77a26d5e61,0.113,,,
749,2026-09-03,SH603799,-0.09647576730222242,EXP_DEnsembleModel_Alpha158_csi300_custom_step0_s_20260903_16,fe3462982b5f4fadb08d6c77a26d5e61,0.113,,,
750,2026-09-03,SH603893,-0.13543286992830075,EXP_DEnsembleModel_Alpha158_csi300_custom_step0_s_20260903_16,fe3462982b5f4fadb08d6c77a26d5e61,0.113,,,
751,2026-09-03,SH603986,0.021381351249133162,EXP_DEnsembleModel_Alpha158_csi300_custom_step0_s_20260903_16,fe3462982b5f4fadb08d6c77a26d5e61,0.113,,,
752,2026-09-03,SH603993,-0.01539224665580238,EXP_DEnsembleModel_Alpha158_csi300_custom_step0_s_20260903_16,fe3462982b5f4fadb08d6c77a26d5e61,0.113,,,
753,2026-09-03,SH605117,-0.09441552206997612,EXP_DEnsembleModel_Alpha158_csi300_custom_step0_s_20260903_16,fe3462982b5f4fadb08d6c77a26d5e61,0.113,,,
754,2026-09-03,SH605499,-0.024878905293054927,EXP_DEnsembleModel_Alpha158_csi300_custom_step0_s_20260903_16,fe3462982b5f4fadb08d6c77a26d5e61,0.113,,,
755,2026-09-03,SH688271,0.009456031513352758,EXP_DEnsembleModel_Alpha158_csi300_custom_step0_s_20260903_16,fe3462982b5f4fadb08d6c77a26d5e61,0.113,,,
756,2026-09-03,SH688256,0.014922417030983447,EXP_DEnsembleModel_Alpha158_csi300_custom_step0_s_20260903_16,fe3462982b5f4fadb08d6c77a26d5e61,0.113,,,
757,2026-09-03,SH688223,-0.0293234526144369,EXP_DEnsembleModel_Alpha158_csi300_custom_step0_s_20260903_16,fe3462982b5f4fadb08d6c77a26d5e61,0.113,,,
758,2026-09-03,SH688183,-0.08168597591278946,EXP_DEnsembleModel_Alpha158_csi300_custom_step0_s_20260903_16,fe3462982b5f4fadb08d6c77a26d5e61,0.113,,,
759,2026-09-03,SH688126,-0.003802660980947488,EXP_DEnsembleModel_Alpha158_csi300_custom_step0_s_20260903_16,fe3462982b5f4fadb08d6c77a26d5e61,0.113,,,
760,2026-09-03,SH688111,-0.021499901654650766,EXP_DEnsembleModel_Alpha158_csi300_custom_step0_s_20260903_16,fe3462982b5f4fadb08d6c77a26d5e61,0.113,,,
761,2026-09-03,SH688396,-0.027391208336821446,EXP_DEnsembleModel_Alpha158_csi300_custom_step0_s_20260903_16,fe3462982b5f4fadb08d6c77a26d5e61,0.113,,,
762,2026-09-03,SH688082,-0.05381093510426631,EXP_DEnsembleModel_Alpha158_csi300_custom_step0_s_20260903_16,fe3462982b5f4fadb08d6c77a26d5e61,0.113,,,
763,2026-09-03,SH688047,0.020889630921768664,EXP_DEnsembleModel_Alpha158_csi300_custom_step0_s_20260903_16,fe3462982b5f4fadb08d6c77a26d5e61,0.113,,,
764,2026-09-03,SH688041,0.2214566829098128,EXP_DEnsembleModel_Alpha158_csi300_custom_step0_s_20260903_16,fe3462982b5f4fadb08d6c77a26d5e61,0.113,,,
765,2026-09-03,SH688036,0.0777772852348803,EXP_DEnsembleModel_Alpha158_csi300_custom_step0_s_20260903_16,fe3462982b5f4fadb08d6c77a26d5e61,0.113,,,
766,2026-09-03,SH688012,0.018523779839283227,EXP_DEnsembleModel_Alpha158_csi300_custom_step0_s_20260903_16,fe3462982b5f4fadb08d6c77a26d5e61,0.113,,,
767,2026-09-03,SH688009,0.10448981416919582,EXP_DEnsembleModel_Alpha158_csi300_custom_step0_s_20260903_16,fe3462982b5f4fadb08d6c77a26d5e61,0.113,,,
768,2026-09-03,SH688008,0.004819758411247987,EXP_DEnsembleModel_Alpha158_csi300_custom_step0_s_20260903_16,fe3462982b5f4fadb08d6c77a26d5e61,0.113,,,
769,2026-09-03,SH688072,-0.07791660773328873,EXP_DEnsembleModel_Alpha158_csi300_custom_step0_s_20260903_16,fe3462982b5f4fadb08d6c77a26d5e61,0.113,,,
770,2026-09-03,SZ000977,-0.1126721337320143,EXP_DEnsembleModel_Alpha158_csi300_custom_step0_s_20260903_16,fe3462982b5f4fadb08d6c77a26d5e61,0.113,,,
771,2026-09-03,SZ000988,0.01327414630622128,EXP_DEnsembleModel_Alpha158_csi300_custom_step0_s_20260903_16,fe3462982b5f4fadb08d6c77a26d5e61,0.113,,,
772,2026-09-03,SZ000999,0.020970263351176074,EXP_DEnsembleModel_Alpha158_csi300_custom_step0_s_20260903_16,fe3462982b5f4fadb08d6c77a26d5e61,0.113,,,
773,2026-09-03,SZ002709,-0.013017489319281985,EXP_DEnsembleModel_Alpha158_csi300_custom_step0_s_20260903_16,fe3462982b5f4fadb08d6c77a26d5e61,0.113,,,
774,2026-09-03,SZ002714,-0.03550106443703443,EXP_DEnsembleModel_Alpha158_csi300_custom_step0_s_20260903_16,fe3462982b5f4fadb08d6c77a26d5e61,0.113,,,
775,2026-09-03,SZ002736,0.06601413892666791,EXP_DEnsembleModel_Alpha158_csi300_custom_step0_s_20260903_16,fe3462982b5f4fadb08d6c77a26d5e61,0.113,,,
776,2026-09-03,SZ002837,0.08449295776842915,EXP_DEnsembleModel_Alpha158_csi300_custom_step0_s_20260903_16,fe3462982b5f4fadb08d6c77a26d5e61,0.113,,,
777,2026-09-03,SZ002916,-0.05121312244477262,EXP_DEnsembleModel_Alpha158_csi300_custom_step0_s_20260903_16,fe3462982b5f4fadb08d6c77a26d5e61,0.113,,,
778,2026-09-03,SZ002920,-0.06902939407862164,EXP_DEnsembleModel_Alpha158_csi300_custom_step0_s_20260903_16,fe3462982b5f4fadb08d6c77a26d5e61,0.113,,,
779,2026-09-03,SZ002938,0.0005223588818975564,EXP_DEnsembleModel_Alpha158_csi300_custom_step0_s_20260903_16,fe3462982b5f4fadb08d6c77a26d5e61,0.113,,,
780,2026-09-03,SZ003816,0.12210310995080474,EXP_DEnsembleModel_Alpha158_csi300_custom_step0_s_20260903_16,fe3462982b5f4fadb08d6c77a26d5e61,0.113,,,
781,2026-09-03,SZ300014,-0.07835070507124425,EXP_DEnsembleModel_Alpha158_csi300_custom_step0_s_20260903_16,fe3462982b5f4fadb08d6c77a26d5e61,0.113,,,
782,2026-09-03,SZ300015,0.04781213662071698,EXP_DEnsembleModel_Alpha158_csi300_custom_step0_s_20260903_16,fe3462982b5f4fadb08d6c77a26d5e61,0.113,,,
783,2026-09-03,SZ300033,-0.050462532882917695,EXP_DEnsembleModel_Alpha158_csi300_custom_step0_s_20260903_16,fe3462982b5f4fadb08d6c77a26d5e61,0.113,,,
784,2026-09-03,SZ300059,0.06584146081580002,EXP_DEnsembleModel_Alpha158_csi300_custom_step0_s_20260903_16,fe3462982b5f4fadb08d6c77a26d5e61,0.113,,,
785,2026-09-03,SZ300122,-0.15480631506500395,EXP_DEnsembleModel_Alpha158_csi300_custom_step0_s_20260903_16,fe3462982b5f4fadb08d6c77a26d5e61,0.113,,,
786,2026-09-03,SZ300124,-0.009441394426899312,EXP_DEnsembleModel_Alpha158_csi300_custom_step0_s_20260903_16,fe3462982b5f4fadb08d6c77a26d5e61,0.113,,,
787,2026-09-03,SZ300251,-0.04638039161569615,EXP_DEnsembleModel_Alpha158_csi300_custom_step0_s_20260903_16,fe3462982b5f4fadb08d6c77a26d5e61,0.113,,,
788,2026-09-03,SZ300274,0.1625353431012644,EXP_DEnsembleModel_Alpha158_csi300_custom_step0_s_20260903_16,fe3462982b5f4fadb08d6c77a26d5e61,0.113,,,
789,2026-09-03,SZ300308,0.07161677547770977,EXP_DEnsembleModel_Alpha158_csi300_custom_step0_s_20260903_16,fe3462982b5f4fadb08d6c77a26d5e61,0.113,,,
790,2026-09-03,SZ300750,-0.04980847177862626,EXP_DEnsembleModel_Alpha158_csi300_custom_step0_s_20260903_16,fe3462982b5f4fadb08d6c77a26d5e61,0.113,,,
791,2026-09-03,SZ300661,-0.02386467202461016,EXP_DEnsembleModel_Alpha158_csi300_custom_step0_s_20260903_16,fe3462982b5f4fadb08d6c77a26d5e61,0.113,,,
792,2026-09-03,SZ300628,-0.06526075437047563,EXP_DEnsembleModel_Alpha158_csi300_custom_step0_s_20260903_16,fe3462982b5f4fadb08d6c77a26d5e61,0.113,,,
793,2026-09-03,SZ300502,0.007090961061176512,EXP_DEnsembleModel_Alpha158_csi300_custom_step0_s_20260903_16,fe3462982b5f4fadb08d6c77a26d5e61,0.113,,,
794,2026-09-03,SZ300498,-0.013025746156109496,EXP_DEnsembleModel_Alpha158_csi300_custom_step0_s_20260903_16,fe3462982b5f4fadb08d6c77a26d5e61,0.113,,,
795,2026-09-03,SZ300476,0.16376838039880534,EXP_DEnsembleModel_Alpha158_csi300_custom_step0_s_20260903_16,fe3462982b5f4fadb08d6c77a26d5e61,0.113,,,
796,2026-09-03,SZ002648,0.03149171469040967,EXP_DEnsembleModel_Alpha158_csi300_custom_step0_s_20260903_16,fe3462982b5f4fadb08d6c77a26d5e61,0.113,,,
797,2026-09-03,SZ300450,-0.0894700771602495,EXP_DEnsembleModel_Alpha158_csi300_custom_step0_s_20260903_16,fe3462982b5f4fadb08d6c77a26d5e61,0.113,,,
798,2026-09-03,SZ300433,-0.09354092948107286,EXP_DEnsembleModel_Alpha158_csi300_custom_step0_s_20260903_16,fe3462982b5f4fadb08d6c77a26d5e61,0.113,,,
799,2026-09-03,SZ300418,-0.16315436038059497,EXP_DEnsembleModel_Alpha158_csi300_custom_step0_s_20260903_16,fe3462982b5f4fadb08d6c77a26d5e61,0.113,,,
800,2026-09-03,SZ300413,-0.051642660598232804,EXP_DEnsembleModel_Alpha158_csi300_custom_step0_s_20260903_16,fe3462982b5f4fadb08d6c77a26d5e61,0.113,,,
801,2026-09-03,SZ300408,0.10126961887976524,EXP_DEnsembleModel_Alpha158_csi300_custom_step0_s_20260903_16,fe3462982b5f4fadb08d6c77a26d5e61,0.113,,,
802,2026-09-03,SZ300394,0.21043855125920374,EXP_DEnsembleModel_Alpha158_csi300_custom_step0_s_20260903_16,fe3462982b5f4fadb08d6c77a26d5e61,0.113,,,
803,2026-09-03,SZ300316,-0.023057686827858016,EXP_DEnsembleModel_Alpha158_csi300_custom_step0_s_20260903_16,fe3462982b5f4fadb08d6c77a26d5e61,0.113,,,
804,2026-09-03,SZ300442,-0.05462424916782744,EXP_DEnsembleModel_Alpha158_csi300_custom_step0_s_20260903_16,fe3462982b5f4fadb08d6c77a26d5e61,0.113,,,
805,2026-09-03,SZ002625,0.04499562736531541,EXP_DEnsembleModel_Alpha158_csi300_custom_step0_s_20260903_16,fe3462982b5f4fadb08d6c77a26d5e61,0.113,,,
806,2026-09-03,SZ002602,0.030547518104506576,EXP_DEnsembleModel_Alpha158_csi300_custom_step0_s_20260903_16,fe3462982b5f4fadb08d6c77a26d5e61,0.113,,,
807,2026-09-03,SZ002600,-0.06244328871880307,EXP_DEnsembleModel_Alpha158_csi300_custom_step0_s_20260903_16,fe3462982b5f4fadb08d6c77a26d5e61,0.113,,,
808,2026-09-03,SZ002230,0.042657386938804394,EXP_DEnsembleModel_Alpha158_csi300_custom_step0_s_20260903_16,fe3462982b5f4fadb08d6c77a26d5e61,0.113,,,
809,2026-09-03,SZ002202,0.010860897003191396,EXP_DEnsembleModel_Alpha158_csi300_custom_step0_s_20260903_16,fe3462982b5f4fadb08d6c77a26d5e61,0.113,,,
810,2026-09-03,SZ002179,0.00425366506067015,EXP_DEnsembleModel_Alpha158_csi300_custom_step0_s_20260903_16,fe3462982b5f4fadb08d6c77a26d5e61,0.113,,,
811,2026-09-03,SZ002142,0.0862166538258286,EXP_DEnsembleModel_Alpha158_csi300_custom_step0_s_20260903_16,fe3462982b5f4fadb08d6c77a26d5e61,0.113,,,
812,2026-09-03,SZ002074,-0.09995514156112095,EXP_DEnsembleModel_Alpha158_csi300_custom_step0_s_20260903_16,fe3462982b5f4fadb08d6c77a26d5e61,0.113,,,
813,2026-09-03,SZ002050,0.004146193373832824,EXP_DEnsembleModel_Alpha158_csi300_custom_step0_s_20260903_16,fe3462982b5f4fadb08d6c77a26d5e61,0.113,,,
814,2026-09-03,SZ002236,0.05171770237174846,EXP_DEnsembleModel_Alpha158_csi300_custom_step0_s_20260903_16,fe3462982b5f4fadb08d6c77a26d5e61,0.113,,,
815,2026-09-03,SZ002049,0.036651568120335695,EXP_DEnsembleModel_Alpha158_csi300_custom_step0_s_20260903_16,fe3462982b5f4fadb08d6c77a26d5e61,0.113,,,
816,2026-09-03,SZ002027,0.03628055300592627,EXP_DEnsembleModel_Alpha158_csi300_custom_step0_s_20260903_16,fe3462982b5f4fadb08d6c77a26d5e61,0.113,,,
817,2026-09-03,SZ002001,0.06800303707024972,EXP_DEnsembleModel_Alpha158_csi300_custom_step0_s_20260903_16,fe3462982b5f4fadb08d6c77a26d5e61,0.113,,,
818,2026-09-03,SZ001979,-0.020037462187765805,EXP_DEnsembleModel_Alpha158_csi300_custom_step0_s_20260903_16,fe3462982b5f4fadb08d6c77a26d5e61,0.113,,,
819,2026-09-03,SZ001965,0.0580200483533578,EXP_DEnsembleModel_Alpha158_csi300_custom_step0_s_20260903_16,fe3462982b5f4fadb08d6c77a26d5e61,0.113,,,
820,2026-09-03,SZ001391,0.06237104096165664,EXP_DEnsembleModel_Alpha158_csi300_custom_step0_s_20260903_16,fe3462982b5f4fadb08d6c77a26d5e61,0.113,,,
821,2026-09-03,SZ001280,-0.1154697590232619,EXP_DEnsembleModel_Alpha158_csi300_custom_step0_s_20260903_16,fe3462982b5f4fadb08d6c77a26d5e61,0.113,,,
822,2026-09-03,SZ002028,-0.02996444322881707,EXP_DEnsembleModel_Alpha158_csi300_custom_step0_s_20260903_16,fe3462982b5f4fadb08d6c77a26d5e61,0.113,,,
823,2026-09-03,SH601727,0.054843960588000944,EXP_DEnsembleModel_Alpha158_csi300_custom_step0_s_20260903_16,c0ae41295aad437f9d4f2e0892161294,0.019,,,
824,2026-09-03,SZ002241,-0.06565257679139964,EXP_DEnsembleModel_Alpha158_csi300_custom_step0_s_20260903_16,fe3462982b5f4fadb08d6c77a26d5e61,0.113,,,
825,2026-09-03,SZ002311,-0.09829378225146017,EXP_DEnsembleModel_Alpha158_csi300_custom_step0_s_20260903_16,fe3462982b5f4fadb08d6c77a26d5e61,0.113,,,
826,2026-09-03,SZ002594,0.025788874063471908,EXP_DEnsembleModel_Alpha158_csi300_custom_step0_s_20260903_16,fe3462982b5f4fadb08d6c77a26d5e61,0.113,,,
827,2026-09-03,SZ002558,-0.030061029054066594,EXP_DEnsembleModel_Alpha158_csi300_custom_step0_s_20260903_16,fe3462982b5f4fadb08d6c77a26d5e61,0.113,,,
828,2026-09-03,SZ002532,-0.09354910324674112,EXP_DEnsembleModel_Alpha158_csi300_custom_step0_s_20260903_16,fe3462982b5f4fadb08d6c77a26d5e61,0.113,,,
829,2026-09-03,SZ002493,-0.13464988378774886,EXP_DEnsembleModel_Alpha158_csi300_custom_step0_s_20260903_16,fe3462982b5f4fadb08d6c77a26d5e61,0.113,,,
830,2026-09-03,SZ002475,-0.06052947628515386,EXP_DEnsembleModel_Alpha158_csi300_custom_step0_s_20260903_16,fe3462982b5f4fadb08d6c77a26d5e61,0.113,,,
831,2026-09-03,SZ002466,-0.08523572218961734,EXP_DEnsembleModel_Alpha158_csi300_custom_step0_s_20260903_16,fe3462982b5f4fadb08d6c77a26d5e61,0.113,,,
832,2026-09-03,SZ002304,0.02997318332242024,EXP_DEnsembleModel_Alpha158_csi300_custom_step0_s_20260903_16,fe3462982b5f4fadb08d6c77a26d5e61,0.113,,,
833,2026-09-03,SZ002463,-0.08538587620004903,EXP_DEnsembleModel_Alpha158_csi300_custom_step0_s_20260903_16,fe3462982b5f4fadb08d6c77a26d5e61,0.113,,,
834,2026-09-03,SZ002422,0.06946096277460952,EXP_DEnsembleModel_Alpha158_csi300_custom_step0_s_20260903_16,fe3462982b5f4fadb08d6c77a26d5e61,0.113,,,
835,2026-09-03,SZ002415,0.056026973529000865,EXP_DEnsembleModel_Alpha158_csi300_custom_step0_s_20260903_16,fe3462982b5f4fadb08d6c77a26d5e61,0.113,,,
836,2026-09-03,SZ002384,-0.0957274458816955,EXP_DEnsembleModel_Alpha158_csi300_custom_step0_s_20260903_16,fe3462982b5f4fadb08d6c77a26d5e61,0.113,,,
837,2026-09-03,SZ002371,0.028106172216198554,EXP_DEnsembleModel_Alpha158_csi300_custom_step0_s_20260903_16,fe3462982b5f4fadb08d6c77a26d5e61,0.113,,,
838,2026-09-03,SZ002353,0.07708225128181392,EXP_DEnsembleModel_Alpha158_csi300_custom_step0_s_20260903_16,fe3462982b5f4fadb08d6c77a26d5e61,0.113,,,
839,2026-09-03,SZ002352,0.039275952277552185,EXP_DEnsembleModel_Alpha158_csi300_custom_step0_s_20260903_16,fe3462982b5f4fadb08d6c77a26d5e61,0.113,,,
840,2026-09-03,SZ002460,-0.13135204871706055,EXP_DEnsembleModel_Alpha158_csi300_custom_step0_s_20260903_16,fe3462982b5f4fadb08d6c77a26d5e61,0.113,,,
841,2026-09-03,SH601728,0.1420400002091112,EXP_DEnsembleModel_Alpha158_csi300_custom_step0_s_20260903_16,c0ae41295aad437f9d4f2e0892161294,0.019,,,
842,2026-09-03,SH601766,0.07587138136835359,EXP_DEnsembleModel_Alpha158_csi300_custom_step0_s_20260903_16,c0ae41295aad437f9d4f2e0892161294,0.019,,,
843,2026-09-03,SH601788,0.059352569400027144,EXP_DEnsembleModel_Alpha158_csi300_custom_step0_s_20260903_16,c0ae41295aad437f9d4f2e0892161294,0.019,,,
844,2026-09-03,SH600025,-0.044559906104076105,EXP_DEnsembleModel_Alpha158_csi300_custom_step0_s_20260903_16,c51208b07462499ba8a1ebd1032704d0,0.002,,,
845,2026-09-03,SH600026,0.17978836352141014,EXP_DEnsembleModel_Alpha158_csi300_custom_step0_s_20260903_16,c51208b07462499ba8a1ebd1032704d0,0.002,,,
846,2026-09-03,SH600027,0.06987081301696521,EXP_DEnsembleModel_Alpha158_csi300_custom_step0_s_20260903_16,c51208b07462499ba8a1ebd1032704d0,0.002,,,
847,2026-09-03,SH600028,0.021781650331754842,EXP_DEnsembleModel_Alpha158_csi300_custom_step0_s_20260903_16,c51208b07462499ba8a1ebd1032704d0,0.002,,,
848,2026-09-03,SH600029,-0.07429461262059124,EXP_DEnsembleModel_Alpha158_csi300_custom_step0_s_20260903_16,c51208b07462499ba8a1ebd1032704d0,0.002,,,
849,2026-09-03,SH600030,-0.09255377519009439,EXP_DEnsembleModel_Alpha158_csi300_custom_step0_s_20260903_16,c51208b07462499ba8a1ebd1032704d0,0.002,,,
850,2026-09-03,SH600031,0.034881191838970295,EXP_DEnsembleModel_Alpha158_csi300_custom_step0_s_20260903_16,c51208b07462499ba8a1ebd1032704d0,0.002,,,
851,2026-09-03,SH600036,0.06474939837880682,EXP_DEnsembleModel_Alpha158_csi300_custom_step0_s_20260903_16,c51208b07462499ba8a1ebd1032704d0,0.002,,,
852,2026-09-03,SH600039,0.07387556056774985,EXP_DEnsembleModel_Alpha158_csi300_custom_step0_s_20260903_16,c51208b07462499ba8a1ebd1032704d0,0.002,,,
853,2026-09-03,SH600048,-0.06267304605931555,EXP_DEnsembleModel_Alpha158_csi300_custom_step0_s_20260903_16,c51208b07462499ba8a1ebd1032704d0,0.002,,,
854,2026-09-03,SH600050,-0.09470634896351014,EXP_DEnsembleModel_Alpha158_csi300_custom_step0_s_20260903_16,c51208b07462499ba8a1ebd1032704d0,0.002,,,
855,2026-09-03,SH600061,0.01555103502540627,EXP_DEnsembleModel_Alpha158_csi300_custom_step0_s_20260903_16,c51208b07462499ba8a1ebd1032704d0,0.002,,,
856,2026-09-03,SH600066,-0.08129159346995185,EXP_DEnsembleModel_Alpha158_csi300_custom_step0_s_20260903_16,c51208b07462499ba8a1ebd1032704d0,0.002,,,
857,2026-09-03,SH600085,0.003234927624927228,EXP_DEnsembleModel_Alpha158_csi300_custom_step0_s_20260903_16,c51208b07462499ba8a1ebd1032704d0,0.002,,,
858,2026-09-03,SH600089,-0.01950367517936856,EXP_DEnsembleModel_Alpha158_csi300_custom_step0_s_20260903_16,c51208b07462499ba8a1ebd1032704d0,0.002,,,
859,2026-09-03,SH600104,-0.01089214605829557,EXP_DEnsembleModel_Alpha158_csi300_custom_step0_s_20260903_16,c51208b07462499ba8a1ebd1032704d0,0.002,,,
860,2026-09-03,SH600111,-0.015668197983737555,EXP_DEnsembleModel_Alpha158_csi300_custom_step0_s_20260903_16,c51208b07462499ba8a1ebd1032704d0,0.002,,,
861,2026-09-03,SH600346,0.03175282730650057,EXP_DEnsembleModel_Alpha158_csi300_custom_step0_s_20260903_16,c51208b07462499ba8a1ebd1032704d0,0.002,,,
862,2026-09-03,SH600309,0.009908267525927598,EXP_DEnsembleModel_Alpha158_csi300_custom_step0_s_20260903_16,c51208b07462499ba8a1ebd1032704d0,0.002,,,
863,2026-09-03,SH600276,-0.012000775068613247,EXP_DEnsembleModel_Alpha158_csi300_custom_step0_s_20260903_16,c51208b07462499ba8a1ebd1032704d0,0.002,,,
864,2026-09-03,SH600233,-0.04934575386113885,EXP_DEnsembleModel_Alpha158_csi300_custom_step0_s_20260903_16,c51208b07462499ba8a1ebd1032704d0,0.002,,,
865,2026-09-03,SH600221,-0.05611608189584127,EXP_DEnsembleModel_Alpha158_csi300_custom_step0_s_20260903_16,c51208b07462499ba8a1ebd1032704d0,0.002,,,
866,2026-09-03,SH600219,0.08765901532444884,EXP_DEnsembleModel_Alpha158_csi300_custom_step0_s_20260903_16,c51208b07462499ba8a1ebd1032704d0,0.002,,,
867,2026-09-03,SH600023,0.032212658692989865,EXP_DEnsembleModel_Alpha158_csi300_custom_step0_s_20260903_16,c51208b07462499ba8a1ebd1032704d0,0.002,,,
868,2026-09-03,SH600196,-0.0334904194035046,EXP_DEnsembleModel_Alpha158_csi300_custom_step0_s_20260903_16,c51208b07462499ba8a1ebd1032704d0,0.002,,,
869,2026-09-03,SH600183,0.3970662903244442,EXP_DEnsembleModel_Alpha158_csi300_custom_step0_s_20260903_16,c51208b07462499ba8a1ebd1032704d0,0.002,,,
870,2026-09-03,SH600176,0.25064120101404963,EXP_DEnsembleModel_Alpha158_csi300_custom_step0_s_20260903_16,c51208b07462499ba8a1ebd1032704d0,0.002,,,
871,2026-09-03,SH600160,-0.03373192470166999,EXP_DEnsembleModel_Alpha158_csi300_custom_step0_s_20260903_16,c51208b07462499ba8a1ebd1032704d0,0.002,,,
872,2026-09-03,SH600150,0.05194940584847454,EXP_DEnsembleModel_Alpha158_csi300_custom_step0_s_20260903_16,c51208b07462499ba8a1ebd1032704d0,0.002,,,
873,2026-09-03,SH600118,0.12657281319975414,EXP_DEnsembleModel_Alpha158_csi300_custom_step0_s_20260903_16,c51208b07462499ba8a1ebd1032704d0,0.002,,,
874,2026-09-03,SH600115,-0.0903439819935508,EXP_DEnsembleModel_Alpha158_csi300_custom_step0_s_20260903_16,c51208b07462499ba8a1ebd1032704d0,0.002,,,
875,2026-09-03,SH600188,-0.0044409756033010105,EXP_DEnsembleModel_Alpha158_csi300_custom_step0_s_20260903_16,c51208b07462499ba8a1ebd1032704d0,0.002,,,
876,2026-09-03,SH600362,-0.011206892746978968,EXP_DEnsembleModel_Alpha158_csi300_custom_step0_s_20260903_16,c51208b07462499ba8a1ebd1032704d0,0.002,,,
877,2026-09-03,SH600019,-0.02421205290199859,EXP_DEnsembleModel_Alpha158_csi300_custom_step0_s_20260903_16,c51208b07462499ba8a1ebd1032704d0,0.002,,,
878,2026-09-03,SH600016,0.06282431624984257,EXP_DEnsembleModel_Alpha158_csi300_custom_step0_s_20260903_16,c51208b07462499ba8a1ebd1032704d0,0.002,,,
879,2026-09-03,SZ300308,0.08520897543243046,EXP_DEnsembleModel_Alpha158_csi300_custom_step0_s_20260903_16,c0ae41295aad437f9d4f2e0892161294,0.019,,,
880,2026-09-03,SZ300316,-0.05159063656652609,EXP_DEnsembleModel_Alpha158_csi300_custom_step0_s_20260903_16,c0ae41295aad437f9d4f2e0892161294,0.019,,,
881,2026-09-03,SZ300394,0.24260762035981936,EXP_DEnsembleModel_Alpha158_csi300_custom_step0_s_20260903_16,c0ae41295aad437f9d4f2e0892161294,0.019,,,
882,2026-09-03,SZ300408,0.11839151064815213,EXP_DEnsembleModel_Alpha158_csi300_custom_step0_s_20260903_16,c0ae41295aad437f9d4f2e0892161294,0.019,,,
883,2026-09-03,SZ300413,-0.108757281348052,EXP_DEnsembleModel_Alpha158_csi300_custom_step0_s_20260903_16,c0ae41295aad437f9d4f2e0892161294,0.019,,,
884,2026-09-03,SZ300418,-0.11219569914534731,EXP_DEnsembleModel_Alpha158_csi300_custom_step0_s_20260903_16,c0ae41295aad437f9d4f2e0892161294,0.019,,,
885,2026-09-03,SZ300433,-0.00648226053562475,EXP_DEnsembleModel_Alpha158_csi300_custom_step0_s_20260903_16,c0ae41295aad437f9d4f2e0892161294,0.019,,,
886,2026-09-03,SZ300442,-0.06588180810673548,EXP_DEnsembleModel_Alpha158_csi300_custom_step0_s_20260903_16,c0ae41295aad437f9d4f2e0892161294,0.019,,,
887,2026-09-03,SZ300450,-0.14848150222698475,EXP_DEnsembleModel_Alpha158_csi300_custom_step0_s_20260903_16,c0ae41295aad437f9d4f2e0892161294,0.019,,,
888,2026-09-03,SZ300476,0.23434964152060958,EXP_DEnsembleModel_Alpha158_csi300_custom_step0_s_20260903_16,c0ae41295aad437f9d4f2e0892161294,0.019,,,
889,2026-09-03,SZ300498,-0.02934909819639673,EXP_DEnsembleModel_Alpha158_csi300_custom_step0_s_20260903_16,c0ae41295aad437f9d4f2e0892161294,0.019,,,
890,2026-09-03,SZ300502,0.025829222813507195,EXP_DEnsembleModel_Alpha158_csi300_custom_step0_s_20260903_16,c0ae41295aad437f9d4f2e0892161294,0.019,,,
891,2026-09-03,SZ300628,-0.001316449118404975,EXP_DEnsembleModel_Alpha158_csi300_custom_step0_s_20260903_16,c0ae41295aad437f9d4f2e0892161294,0.019,,,
892,2026-09-03,SZ300661,0.034574585711324324,EXP_DEnsembleModel_Alpha158_csi300_custom_step0_s_20260903_16,c0ae41295aad437f9d4f2e0892161294,0.019,,,
893,2026-09-03,SZ300750,-0.03442909877386784,EXP_DEnsembleModel_Alpha158_csi300_custom_step0_s_20260903_16,c0ae41295aad437f9d4f2e0892161294,0.019,,,
894,2026-09-03,SZ300760,-0.011644044643784345,EXP_DEnsembleModel_Alpha158_csi300_custom_step0_s_20260903_16,c0ae41295aad437f9d4f2e0892161294,0.019,,,
895,2026-09-03,SZ300803,-0.12334528796893014,EXP_DEnsembleModel_Alpha158_csi300_custom_step0_s_20260903_16,c0ae41295aad437f9d4f2e0892161294,0.019,,,
896,2026-09-03,SH600015,-0.0188349459473017,EXP_DEnsembleModel_Alpha158_csi300_custom_step0_s_20260903_16,c51208b07462499ba8a1ebd1032704d0,0.002,,,
897,2026-09-03,SH600011,-0.01402380805569456,EXP_DEnsembleModel_Alpha158_csi300_custom_step0_s_20260903_16,c51208b07462499ba8a1ebd1032704d0,0.002,,,
898,2026-09-03,SH600010,0.013073226730795714,EXP_DEnsembleModel_Alpha158_csi300_custom_step0_s_20260903_16,c51208b07462499ba8a1ebd1032704d0,0.002,,,
899,2026-09-03,SH600009,-0.05042602832121402,EXP_DEnsembleModel_Alpha158_csi300_custom_step0_s_20260903_16,c51208b07462499ba8a1ebd1032704d0,0.002,,,
900,2026-09-03,SH600000,0.016296812315828416,EXP_DEnsembleModel_Alpha158_csi300_custom_step0_s_20260903_16,c51208b07462499ba8a1ebd1032704d0,0.002,,,
901,2026-09-03,SZ302132,-0.05711121273177159,EXP_DEnsembleModel_Alpha158_csi300_custom_step0_s_20260903_16,c0ae41295aad437f9d4f2e0892161294,0.019,,,
902,2026-09-03,SH600018,0.019760816100612987,EXP_DEnsembleModel_Alpha158_csi300_custom_step0_s_20260903_16,c51208b07462499ba8a1ebd1032704d0,0.002,,,
903,2026-09-03,SZ301308,-0.07430528766032406,EXP_DEnsembleModel_Alpha158_csi300_custom_step0_s_20260903_16,c0ae41295aad437f9d4f2e0892161294,0.019,,,
904,2026-09-03,SZ301236,-0.023184609597526967,EXP_DEnsembleModel_Alpha158_csi300_custom_step0_s_20260903_16,c0ae41295aad437f9d4f2e0892161294,0.019,,,
905,2026-09-03,SZ301165,0.1094480910653653,EXP_DEnsembleModel_Alpha158_csi300_custom_step0_s_20260903_16,c0ae41295aad437f9d4f2e0892161294,0.019,,,
906,2026-09-03,SZ300999,-0.05122457005529732,EXP_DEnsembleModel_Alpha158_csi300_custom_step0_s_20260903_16,c0ae41295aad437f9d4f2e0892161294,0.019,,,
907,2026-09-03,SZ300896,-0.028345783517643375,EXP_DEnsembleModel_Alpha158_csi300_custom_step0_s_20260903_16,c0ae41295aad437f9d4f2e0892161294,0.019,,,
908,2026-09-03,SZ300866,-0.04661345315961942,EXP_DEnsembleModel_Alpha158_csi300_custom_step0_s_20260903_16,c0ae41295aad437f9d4f2e0892161294,0.019,,,
909,2026-09-03,SZ300832,0.06991649721039216,EXP_DEnsembleModel_Alpha158_csi300_custom_step0_s_20260903_16,c0ae41295aad437f9d4f2e0892161294,0.019,,,
910,2026-09-03,SZ301269,-0.06843105207911171,EXP_DEnsembleModel_Alpha158_csi300_custom_step0_s_20260903_16,c0ae41295aad437f9d4f2e0892161294,0.019,,,
911,2026-09-03,SH600372,-0.02534928224670798,EXP_DEnsembleModel_Alpha158_csi300_custom_step0_s_20260903_16,c51208b07462499ba8a1ebd1032704d0,0.002,,,
912,2026-09-03,SH600406,0.009089942985998786,EXP_DEnsembleModel_Alpha158_csi300_custom_step0_s_20260903_16,c51208b07462499ba8a1ebd1032704d0,0.002,,,
913,2026-09-03,SH600415,-0.08423176661178247,EXP_DEnsembleModel_Alpha158_csi300_custom_step0_s_20260903_16,c51208b07462499ba8a1ebd1032704d0,0.002,,,
914,2026-09-03,SH600941,0.07664258887797626,EXP_DEnsembleModel_Alpha158_csi300_custom_step0_s_20260903_16,c51208b07462499ba8a1ebd1032704d0,0.002,,,
915,2026-09-03,SH600958,0.031013610767993936,EXP_DEnsembleModel_Alpha158_csi300_custom_step0_s_20260903_16,c51208b07462499ba8a1ebd1032704d0,0.002,,,
916,2026-09-03,SH600989,0.10976272512486443,EXP_DEnsembleModel_Alpha158_csi300_custom_step0_s_20260903_16,c51208b07462499ba8a1ebd1032704d0,0.002,,,
917,2026-09-03,SH600999,-0.03706206010649083,EXP_DEnsembleModel_Alpha158_csi300_custom_step0_s_20260903_16,c51208b07462499ba8a1ebd1032704d0,0.002,,,
918,2026-09-03,SH601006,-0.004505492345255094,EXP_DEnsembleModel_Alpha158_csi300_custom_step0_s_20260903_16,c51208b07462499ba8a1ebd1032704d0,0.002,,,
919,2026-09-03,SH601009,0.1649942101800099,EXP_DEnsembleModel_Alpha158_csi300_custom_step0_s_20260903_16,c51208b07462499ba8a1ebd1032704d0,0.002,,,
920,2026-09-03,SH601012,-0.022616888667290513,EXP_DEnsembleModel_Alpha158_csi300_custom_step0_s_20260903_16,c51208b07462499ba8a1ebd1032704d0,0.002,,,
921,2026-09-03,SH601018,0.06383909925709706,EXP_DEnsembleModel_Alpha158_csi300_custom_step0_s_20260903_16,c51208b07462499ba8a1ebd1032704d0,0.002,,,
922,2026-09-03,SH601021,-0.058897552431411454,EXP_DEnsembleModel_Alpha158_csi300_custom_step0_s_20260903_16,c51208b07462499ba8a1ebd1032704d0,0.002,,,
923,2026-09-03,SH601058,0.02552188958866985,EXP_DEnsembleModel_Alpha158_csi300_custom_step0_s_20260903_16,c51208b07462499ba8a1ebd1032704d0,0.002,,,
924,2026-09-03,SH601059,-0.0003577671203296666,EXP_DEnsembleModel_Alpha158_csi300_custom_step0_s_20260903_16,c51208b07462499ba8a1ebd1032704d0,0.002,,,
925,2026-09-03,SH601066,0.009773556740123158,EXP_DEnsembleModel_Alpha158_csi300_custom_step0_s_20260903_16,c51208b07462499ba8a1ebd1032704d0,0.002,,,
926,2026-09-03,SH601077,0.06595893530855394,EXP_DEnsembleModel_Alpha158_csi300_custom_step0_s_20260903_16,c51208b07462499ba8a1ebd1032704d0,0.002,,,
927,2026-09-03,SH601088,0.016960519118937048,EXP_DEnsembleModel_Alpha158_csi300_custom_step0_s_20260903_16,c51208b07462499ba8a1ebd1032704d0,0.002,,,
928,2026-09-03,SH601100,-0.06483780378119636,EXP_DEnsembleModel_Alpha158_csi300_custom_step0_s_20260903_16,c51208b07462499ba8a1ebd1032704d0,0.002,,,
929,2026-09-03,SH601111,-0.04392177506662013,EXP_DEnsembleModel_Alpha158_csi300_custom_step0_s_20260903_16,c51208b07462499ba8a1ebd1032704d0,0.002,,,
930,2026-09-03,SH601117,-0.006313866885118276,EXP_DEnsembleModel_Alpha158_csi300_custom_step0_s_20260903_16,c51208b07462499ba8a1ebd1032704d0,0.002,,,
931,2026-09-03,SH601328,0.14749219088223905,EXP_DEnsembleModel_Alpha158_csi300_custom_step0_s_20260903_16,c51208b07462499ba8a1ebd1032704d0,0.002,,,
932,2026-09-03,SH601319,0.10677659461913504,EXP_DEnsembleModel_Alpha158_csi300_custom_step0_s_20260903_16,c51208b07462499ba8a1ebd1032704d0,0.002,,,
933,2026-09-03,SH601318,0.09018928733458716,EXP_DEnsembleModel_Alpha158_csi300_custom_step0_s_20260903_16,c51208b07462499ba8a1ebd1032704d0,0.002,,,
934,2026-09-03,SH601288,0.11150798445784463,EXP_DEnsembleModel_Alpha158_csi300_custom_step0_s_20260903_16,c51208b07462499ba8a1ebd1032704d0,0.002,,,
935,2026-09-03,SH601238,-0.05976074442051559,EXP_DEnsembleModel_Alpha158_csi300_custom_step0_s_20260903_16,c51208b07462499ba8a1ebd1032704d0,0.002,,,
936,2026-09-03,SH601229,0.12247158293140219,EXP_DEnsembleModel_Alpha158_csi300_custom_step0_s_20260903_16,c51208b07462499ba8a1ebd1032704d0,0.002,,,
937,2026-09-03,SH600938,0.0349058689232321,EXP_DEnsembleModel_Alpha158_csi300_custom_step0_s_20260903_16,c51208b07462499ba8a1ebd1032704d0,0.002,,,
938,2026-09-03,SH601225,0.07983905528289353,EXP_DEnsembleModel_Alpha158_csi300_custom_step0_s_20260903_16,c51208b07462499ba8a1ebd1032704d0,0.002,,,
939,2026-09-03,SH601186,-0.07083253819072416,EXP_DEnsembleModel_Alpha158_csi300_custom_step0_s_20260903_16,c51208b07462499ba8a1ebd1032704d0,0.002,,,
940,2026-09-03,SH601169,0.13111502333649888,EXP_DEnsembleModel_Alpha158_csi300_custom_step0_s_20260903_16,c51208b07462499ba8a1ebd1032704d0,0.002,,,
941,2026-09-03,SH601166,-0.023103720272375967,EXP_DEnsembleModel_Alpha158_csi300_custom_step0_s_20260903_16,c51208b07462499ba8a1ebd1032704d0,0.002,,,
942,2026-09-03,SH601138,0.012898990351874997,EXP_DEnsembleModel_Alpha158_csi300_custom_step0_s_20260903_16,c51208b07462499ba8a1ebd1032704d0,0.002,,,
943,2026-09-03,SH601136,0.024393935525998132,EXP_DEnsembleModel_Alpha158_csi300_custom_step0_s_20260903_16,c51208b07462499ba8a1ebd1032704d0,0.002,,,
944,2026-09-03,SH601127,0.034089482923376664,EXP_DEnsembleModel_Alpha158_csi300_custom_step0_s_20260903_16,c51208b07462499ba8a1ebd1032704d0,0.002,,,
945,2026-09-03,SH601211,-0.02901342539901287,EXP_DEnsembleModel_Alpha158_csi300_custom_step0_s_20260903_16,c51208b07462499ba8a1ebd1032704d0,0.002,,,
946,2026-09-03,SH600930,-0.0359568315344791,EXP_DEnsembleModel_Alpha158_csi300_custom_step0_s_20260903_16,c51208b07462499ba8a1ebd1032704d0,0.002,,,
947,2026-09-03,SH600926,0.15226213709153083,EXP_DEnsembleModel_Alpha158_csi300_custom_step0_s_20260903_16,c51208b07462499ba8a1ebd1032704d0,0.002,,,
948,2026-09-03,SH600919,0.06803747964023234,EXP_DEnsembleModel_Alpha158_csi300_custom_step0_s_20260903_16,c51208b07462499ba8a1ebd1032704d0,0.002,,,
949,2026-09-03,SH600585,-0.01699359107178328,EXP_DEnsembleModel_Alpha158_csi300_custom_step0_s_20260903_16,c51208b07462499ba8a1ebd1032704d0,0.002,,,
950,2026-09-03,SH600584,0.11496231168860878,EXP_DEnsembleModel_Alpha158_csi300_custom_step0_s_20260903_16,c51208b07462499ba8a1ebd1032704d0,0.002,,,
951,2026-09-03,SH600570,-0.08564229177718978,EXP_DEnsembleModel_Alpha158_csi300_custom_step0_s_20260903_16,c51208b07462499ba8a1ebd1032704d0,0.002,,,
952,2026-09-03,SH600549,0.08692081338025112,EXP_DEnsembleModel_Alpha158_csi300_custom_step0_s_20260903_16,c51208b07462499ba8a1ebd1032704d0,0.002,,,
953,2026-09-03,SH600547,0.40469055858107245,EXP_DEnsembleModel_Alpha158_csi300_custom_step0_s_20260903_16,c51208b07462499ba8a1ebd1032704d0,0.002,,,
954,2026-09-03,SH600522,0.1252749517122102,EXP_DEnsembleModel_Alpha158_csi300_custom_step0_s_20260903_16,c51208b07462499ba8a1ebd1032704d0,0.002,,,
955,2026-09-03,SH600588,0.19319347903186132,EXP_DEnsembleModel_Alpha158_csi300_custom_step0_s_20260903_16,c51208b07462499ba8a1ebd1032704d0,0.002,,,
956,2026-09-03,SH600519,-0.02751618571579594,EXP_DEnsembleModel_Alpha158_csi300_custom_step0_s_20260903_16,c51208b07462499ba8a1ebd1032704d0,0.002,,,
957,2026-09-03,SH600489,0.43710133078683694,EXP_DEnsembleModel_Alpha158_csi300_custom_step0_s_20260903_16,c51208b07462499ba8a1ebd1032704d0,0.002,,,
958,2026-09-03,SH600482,0.15079836026832788,EXP_DEnsembleModel_Alpha158_csi300_custom_step0_s_20260903_16,c51208b07462499ba8a1ebd1032704d0,0.002,,,
959,2026-09-03,SH600460,0.17872760509902438,EXP_DEnsembleModel_Alpha158_csi300_custom_step0_s_20260903_16,c51208b07462499ba8a1ebd1032704d0,0.002,,,
960,2026-09-03,SH600438,-0.006258009592011361,EXP_DEnsembleModel_Alpha158_csi300_custom_step0_s_20260903_16,c51208b07462499ba8a1ebd1032704d0,0.002,,,
961,2026-09-03,SH600436,-0.015572673761108614,EXP_DEnsembleModel_Alpha158_csi300_custom_step0_s_20260903_16,c51208b07462499ba8a1ebd1032704d0,0.002,,,
962,2026-09-03,SH600426,-0.04744716455430993,EXP_DEnsembleModel_Alpha158_csi300_custom_step0_s_20260903_16,c51208b07462499ba8a1ebd1032704d0,0.002,,,
963,2026-09-03,SH600515,-0.03890481926447828,EXP_DEnsembleModel_Alpha158_csi300_custom_step0_s_20260903_16,c51208b07462499ba8a1ebd1032704d0,0.002,,,
964,2026-09-03,SZ300274,0.13512398891599467,EXP_DEnsembleModel_Alpha158_csi300_custom_step0_s_20260903_16,c0ae41295aad437f9d4f2e0892161294,0.019,,,
965,2026-09-03,SH600600,-0.021230080819915783,EXP_DEnsembleModel_Alpha158_csi300_custom_step0_s_20260903_16,c51208b07462499ba8a1ebd1032704d0,0.002,,,
966,2026-09-03,SH600674,-0.007986627536121602,EXP_DEnsembleModel_Alpha158_csi300_custom_step0_s_20260903_16,c51208b07462499ba8a1ebd1032704d0,0.002,,,
967,2026-09-03,SH600918,0.010894470946746095,EXP_DEnsembleModel_Alpha158_csi300_custom_step0_s_20260903_16,c51208b07462499ba8a1ebd1032704d0,0.002,,,
968,2026-09-03,SH600905,-0.023233779623816956,EXP_DEnsembleModel_Alpha158_csi300_custom_step0_s_20260903_16,c51208b07462499ba8a1ebd1032704d0,0.002,,,
969,2026-09-03,SH600900,-0.03529443190993179,EXP_DEnsembleModel_Alpha158_csi300_custom_step0_s_20260903_16,c51208b07462499ba8a1ebd1032704d0,0.002,,,
970,2026-09-03,SH600893,0.21179372268351554,EXP_DEnsembleModel_Alpha158_csi300_custom_step0_s_20260903_16,c51208b07462499ba8a1ebd1032704d0,0.002,,,
971,2026-09-03,SH600887,-0.011839117162584628,EXP_DEnsembleModel_Alpha158_csi300_custom_step0_s_20260903_16,c51208b07462499ba8a1ebd1032704d0,0.002,,,
972,2026-09-03,SH600886,0.023873337148899013,EXP_DEnsembleModel_Alpha158_csi300_custom_step0_s_20260903_16,c51208b07462499ba8a1ebd1032704d0,0.002,,,
973,2026-09-03,SH600660,-0.07864619166243726,EXP_DEnsembleModel_Alpha158_csi300_custom_step0_s_20260903_16,c51208b07462499ba8a1ebd1032704d0,0.002,,,
974,2026-09-03,SH600875,-0.023450222984958143,EXP_DEnsembleModel_Alpha158_csi300_custom_step0_s_20260903_16,c51208b07462499ba8a1ebd1032704d0,0.002,,,
975,2026-09-03,SH600809,-0.05249065006805431,EXP_DEnsembleModel_Alpha158_csi300_custom_step0_s_20260903_16,c51208b07462499ba8a1ebd1032704d0,0.002,,,
976,2026-09-03,SH600803,0.1652754226349913,EXP_DEnsembleModel_Alpha158_csi300_custom_step0_s_20260903_16,c51208b07462499ba8a1ebd1032704d0,0.002,,,
977,2026-09-03,SH600795,0.046935824198135266,EXP_DEnsembleModel_Alpha158_csi300_custom_step0_s_20260903_16,c51208b07462499ba8a1ebd1032704d0,0.002,,,
978,2026-09-03,SH600760,0.012071845097290586,EXP_DEnsembleModel_Alpha158_csi300_custom_step0_s_20260903_16,c51208b07462499ba8a1ebd1032704d0,0.002,,,
979,2026-09-03,SH600741,-0.05882212594568507,EXP_DEnsembleModel_Alpha158_csi300_custom_step0_s_20260903_16,c51208b07462499ba8a1ebd1032704d0,0.002,,,
980,2026-09-03,SH600690,0.024329540202920105,EXP_DEnsembleModel_Alpha158_csi300_custom_step0_s_20260903_16,c51208b07462499ba8a1ebd1032704d0,0.002,,,
981,2026-09-03,SH600845,-0.02416435558804979,EXP_DEnsembleModel_Alpha158_csi300_custom_step0_s_20260903_16,c51208b07462499ba8a1ebd1032704d0,0.002,,,
982,2026-09-03,SH600900,0.02862664870917797,EXP_LinearModel_Alpha158_csi300_custom_step0_s_20260903_16,cfbca044eb674131bcbde5d29da9bab3,0.107,,,
983,2026-09-03,SZ300251,-0.003048569393093978,EXP_DEnsembleModel_Alpha158_csi300_custom_step0_s_20260903_16,c0ae41295aad437f9d4f2e0892161294,0.019,,,
984,2026-09-03,SZ300122,-0.12040391914447755,EXP_DEnsembleModel_Alpha158_csi300_custom_step0_s_20260903_16,c0ae41295aad437f9d4f2e0892161294,0.019,,,
985,2026-09-03,SH605499,-0.017413904015012135,EXP_DEnsembleModel_Alpha158_csi300_custom_step0_s_20260903_16,c0ae41295aad437f9d4f2e0892161294,0.019,,,
986,2026-09-03,SH688008,-0.06788080575587634,EXP_DEnsembleModel_Alpha158_csi300_custom_step0_s_20260903_16,c0ae41295aad437f9d4f2e0892161294,0.019,,,
987,2026-09-03,SH688009,0.10321414509331872,EXP_DEnsembleModel_Alpha158_csi300_custom_step0_s_20260903_16,c0ae41295aad437f9d4f2e0892161294,0.019,,,
988,2026-09-03,SH688012,-0.03394368051193288,EXP_DEnsembleModel_Alpha158_csi300_custom_step0_s_20260903_16,c0ae41295aad437f9d4f2e0892161294,0.019,,,
989,2026-09-03,SH688036,0.10962269141258436,EXP_DEnsembleModel_Alpha158_csi300_custom_step0_s_20260903_16,c0ae41295aad437f9d4f2e0892161294,0.019,,,
990,2026-09-03,SH688041,0.13202039276869432,EXP_DEnsembleModel_Alpha158_csi300_custom_step0_s_20260903_16,c0ae41295aad437f9d4f2e0892161294,0.019,,,
991,2026-09-03,SH688047,-0.0427230302511221,EXP_DEnsembleModel_Alpha158_csi300_custom_step0_s_20260903_16,c0ae41295aad437f9d4f2e0892161294,0.019,,,
992,2026-09-03,SH688072,-0.10458637504637952,EXP_DEnsembleModel_Alpha158_csi300_custom_step0_s_20260903_16,c0ae41295aad437f9d4f2e0892161294,0.019,,,
993,2026-09-03,SH688082,-0.06963477382069538,EXP_DEnsembleModel_Alpha158_csi300_custom_step0_s_20260903_16,c0ae41295aad437f9d4f2e0892161294,0.019,,,
994,2026-09-03,SH688111,-0.034737580473603445,EXP_DEnsembleModel_Alpha158_csi300_custom_step0_s_20260903_16,c0ae41295aad437f9d4f2e0892161294,0.019,,,
995,2026-09-03,SH688126,-0.09975471661669928,EXP_DEnsembleModel_Alpha158_csi300_custom_step0_s_20260903_16,c0ae41295aad437f9d4f2e0892161294,0.019,,,
996,2026-09-03,SH688183,-0.1154494197077911,EXP_DEnsembleModel_Alpha158_csi300_custom_step0_s_20260903_16,c0ae41295aad437f9d4f2e0892161294,0.019,,,
997,2026-09-03,SH688223,-0.03679425431757031,EXP_DEnsembleModel_Alpha158_csi300_custom_step0_s_20260903_16,c0ae41295aad437f9d4f2e0892161294,0.019,,,
998,2026-09-03,SH688256,-0.09765642418133874,EXP_DEnsembleModel_Alpha158_csi300_custom_step0_s_20260903_16,c0ae41295aad437f9d4f2e0892161294,0.019,,,
999,2026-09-03,SH688271,0.039308661751949546,EXP_DEnsembleModel_Alpha158_csi300_custom_step0_s_20260903_16,c0ae41295aad437f9d4f2e0892161294,0.019,,,
1000,2026-09-03,SH688303,-0.03766726168672835,EXP_DEnsembleModel_Alpha158_csi300_custom_step0_s_20260903_16,c0ae41295aad437f9d4f2e0892161294,0.019,,,
1001,2026-09-03,SH688396,-0.09764289018190885,EXP_DEnsembleModel_Alpha158_csi300_custom_step0_s_20260903_16,c0ae41295aad437f9d4f2e0892161294,0.019,,,
1002,2026-09-03,SZ000408,0.05704453956055237,EXP_DEnsembleModel_Alpha158_csi300_custom_step0_s_20260903_16,c0ae41295aad437f9d4f2e0892161294,0.019,,,
1003,2026-09-03,SZ000338,0.017839957157970446,EXP_DEnsembleModel_Alpha158_csi300_custom_step0_s_20260903_16,c0ae41295aad437f9d4f2e0892161294,0.019,,,
1004,2026-09-03,SZ000333,0.08785249660560811,EXP_DEnsembleModel_Alpha158_csi300_custom_step0_s_20260903_16,c0ae41295aad437f9d4f2e0892161294,0.019,,,
1005,2026-09-03,SZ000301,0.0845593984748869,EXP_DEnsembleModel_Alpha158_csi300_custom_step0_s_20260903_16,c0ae41295aad437f9d4f2e0892161294,0.019,,,
1006,2026-09-03,SZ000166,0.08579449413572239,EXP_DEnsembleModel_Alpha158_csi300_custom_step0_s_20260903_16,c0ae41295aad437f9d4f2e0892161294,0.019,,,
1007,2026-09-03,SZ000157,-0.035254599885907595,EXP_DEnsembleModel_Alpha158_csi300_custom_step0_s_20260903_16,c0ae41295aad437f9d4f2e0892161294,0.019,,,
1008,2026-09-03,SH605117,-0.03862535030060083,EXP_DEnsembleModel_Alpha158_csi300_custom_step0_s_20260903_16,c0ae41295aad437f9d4f2e0892161294,0.019,,,
1009,2026-09-03,SZ000100,0.0207573426753413,EXP_DEnsembleModel_Alpha158_csi300_custom_step0_s_20260903_16,c0ae41295aad437f9d4f2e0892161294,0.019,,,
1010,2026-09-03,SZ000002,0.03410691725397826,EXP_DEnsembleModel_Alpha158_csi300_custom_step0_s_20260903_16,c0ae41295aad437f9d4f2e0892161294,0.019,,,
1011,2026-09-03,SZ000001,0.1273556464428767,EXP_DEnsembleModel_Alpha158_csi300_custom_step0_s_20260903_16,c0ae41295aad437f9d4f2e0892161294,0.019,,,
1012,2026-09-03,SH688981,-0.0587748240961495,EXP_DEnsembleModel_Alpha158_csi300_custom_step0_s_20260903_16,c0ae41295aad437f9d4f2e0892161294,0.019,,,
1013,2026-09-03,SH688521,0.18720708650633494,EXP_DEnsembleModel_Alpha158_csi300_custom_step0_s_20260903_16,c0ae41295aad437f9d4f2e0892161294,0.019,,,
1014,2026-09-03,SH688506,-0.0063415294058493015,EXP_DEnsembleModel_Alpha158_csi300_custom_step0_s_20260903_16,c0ae41295aad437f9d4f2e0892161294,0.019,,,
1015,2026-09-03,SH688472,-0.07884710482847217,EXP_DEnsembleModel_Alpha158_csi300_custom_step0_s_20260903_16,c0ae41295aad437f9d4f2e0892161294,0.019,,,
1016,2026-09-03,SZ000063,-0.014883911823413618,EXP_DEnsembleModel_Alpha158_csi300_custom_step0_s_20260903_16,c0ae41295aad437f9d4f2e0892161294,0.019,,,
1017,2026-09-03,SZ000425,0.05711697777835278,EXP_DEnsembleModel_Alpha158_csi300_custom_step0_s_20260903_16,c0ae41295aad437f9d4f2e0892161294,0.019,,,
1018,2026-09-03,SH603993,-0.05301302771761,EXP_DEnsembleModel_Alpha158_csi300_custom_step0_s_20260903_16,c0ae41295aad437f9d4f2e0892161294,0.019,,,
1019,2026-09-03,SH603893,-0.16821344946804453,EXP_DEnsembleModel_Alpha158_csi300_custom_step0_s_20260903_16,c0ae41295aad437f9d4f2e0892161294,0.019,,,
1020,2026-09-03,SH601800,0.0827305931814271,EXP_DEnsembleModel_Alpha158_csi300_custom_step0_s_20260903_16,c0ae41295aad437f9d4f2e0892161294,0.019,,,
1021,2026-09-03,SH601816,0.14245955187476714,EXP_DEnsembleModel_Alpha158_csi300_custom_step0_s_20260903_16,c0ae41295aad437f9d4f2e0892161294,0.019,,,
1022,2026-09-03,SH601818,0.14836988747862986,EXP_DEnsembleModel_Alpha158_csi300_custom_step0_s_20260903_16,c0ae41295aad437f9d4f2e0892161294,0.019,,,
1023,2026-09-03,SH601825,0.08445304695896994,EXP_DEnsembleModel_Alpha158_csi300_custom_step0_s_20260903_16,c0ae41295aad437f9d4f2e0892161294,0.019,,,
1024,2026-09-03,SH601838,0.1094341538031963,EXP_DEnsembleModel_Alpha158_csi300_custom_step0_s_20260903_16,c0ae41295aad437f9d4f2e0892161294,0.019,,,
1025,2026-09-03,SH601857,0.11638741371974992,EXP_DEnsembleModel_Alpha158_csi300_custom_step0_s_20260903_16,c0ae41295aad437f9d4f2e0892161294,0.019,,,
1026,2026-09-03,SH601868,0.01750475424806387,EXP_DEnsembleModel_Alpha158_csi300_custom_step0_s_20260903_16,c0ae41295aad437f9d4f2e0892161294,0.019,,,
1027,2026-09-03,SH601872,-0.1049874767962765,EXP_DEnsembleModel_Alpha158_csi300_custom_step0_s_20260903_16,c0ae41295aad437f9d4f2e0892161294,0.019,,,
1028,2026-09-03,SH601877,-0.016375020039957403,EXP_DEnsembleModel_Alpha158_csi300_custom_step0_s_20260903_16,c0ae41295aad437f9d4f2e0892161294,0.019,,,
1029,2026-09-03,SH601878,0.10184786269250017,EXP_DEnsembleModel_Alpha158_csi300_custom_step0_s_20260903_16,c0ae41295aad437f9d4f2e0892161294,0.019,,,
1030,2026-09-03,SH601881,0.09420226710153494,EXP_DEnsembleModel_Alpha158_csi300_custom_step0_s_20260903_16,c0ae41295aad437f9d4f2e0892161294,0.019,,,
1031,2026-09-03,SH601888,-0.047615001919878705,EXP_DEnsembleModel_Alpha158_csi300_custom_step0_s_20260903_16,c0ae41295aad437f9d4f2e0892161294,0.019,,,
1032,2026-09-03,SH601898,-0.1029927452316248,EXP_DEnsembleModel_Alpha158_csi300_custom_step0_s_20260903_16,c0ae41295aad437f9d4f2e0892161294,0.019,,,
1033,2026-09-03,SH601899,0.03544001750977952,EXP_DEnsembleModel_Alpha158_csi300_custom_step0_s_20260903_16,c0ae41295aad437f9d4f2e0892161294,0.019,,,
1034,2026-09-03,SH601901,0.056075054266351516,EXP_DEnsembleModel_Alpha158_csi300_custom_step0_s_20260903_16,c0ae41295aad437f9d4f2e0892161294,0.019,,,
1035,2026-09-03,SH601916,0.17396645984278183,EXP_DEnsembleModel_Alpha158_csi300_custom_step0_s_20260903_16,c0ae41295aad437f9d4f2e0892161294,0.019,,,
1036,2026-09-03,SH601919,0.08229550378133829,EXP_DEnsembleModel_Alpha158_csi300_custom_step0_s_20260903_16,c0ae41295aad437f9d4f2e0892161294,0.019,,,
1037,2026-09-03,SH603799,-0.11982392065400142,EXP_DEnsembleModel_Alpha158_csi300_custom_step0_s_20260903_16,c0ae41295aad437f9d4f2e0892161294,0.019,,,
1038,2026-09-03,SH603501,-0.05931993286865476,EXP_DEnsembleModel_Alpha158_csi300_custom_step0_s_20260903_16,c0ae41295aad437f9d4f2e0892161294,0.019,,,
1039,2026-09-03,SH603392,-0.1031935690340841,EXP_DEnsembleModel_Alpha158_csi300_custom_step0_s_20260903_16,c0ae41295aad437f9d4f2e0892161294,0.019,,,
1040,2026-09-03,SH603369,-0.06805583590663454,EXP_DEnsembleModel_Alpha158_csi300_custom_step0_s_20260903_16,c0ae41295aad437f9d4f2e0892161294,0.019,,,
1041,2026-09-03,SH603296,-0.0654998270802125,EXP_DEnsembleModel_Alpha158_csi300_custom_step0_s_20260903_16,c0ae41295aad437f9d4f2e0892161294,0.019,,,
1042,2026-09-03,SH603288,0.05679486884650633,EXP_DEnsembleModel_Alpha158_csi300_custom_step0_s_20260903_16,c0ae41295aad437f9d4f2e0892161294,0.019,,,
1043,2026-09-03,SH603986,-0.048413165386100736,EXP_DEnsembleModel_Alpha158_csi300_custom_step0_s_20260903_16,c0ae41295aad437f9d4f2e0892161294,0.019,,,
1044,2026-09-03,SH603260,-0.06843030048839509,EXP_DEnsembleModel_Alpha158_csi300_custom_step0_s_20260903_16,c0ae41295aad437f9d4f2e0892161294,0.019,,,
1045,2026-09-03,SH603019,-0.07012019157567297,EXP_DEnsembleModel_Alpha158_csi300_custom_step0_s_20260903_16,c0ae41295aad437f9d4f2e0892161294,0.019,,,
1046,2026-09-03,SH601998,0.06907047026436501,EXP_DEnsembleModel_Alpha158_csi300_custom_step0_s_20260903_16,c0ae41295aad437f9d4f2e0892161294,0.019,,,
1047,2026-09-03,SH601995,0.030832455576337386,EXP_DEnsembleModel_Alpha158_csi300_custom_step0_s_20260903_16,c0ae41295aad437f9d4f2e0892161294,0.019,,,
1048,2026-09-03,SH601988,0.020731689134697088,EXP_DEnsembleModel_Alpha158_csi300_custom_step0_s_20260903_16,c0ae41295aad437f9d4f2e0892161294,0.019,,,
1049,2026-09-03,SH601985,0.073033717361215,EXP_DEnsembleModel_Alpha158_csi300_custom_step0_s_20260903_16,c0ae41295aad437f9d4f2e0892161294,0.019,,,
1050,2026-09-03,SH601939,0.06613161300975141,EXP_DEnsembleModel_Alpha158_csi300_custom_step0_s_20260903_16,c0ae41295aad437f9d4f2e0892161294,0.019,,,
1051,2026-09-03,SH603259,0.02820799579579676,EXP_DEnsembleModel_Alpha158_csi300_custom_step0_s_20260903_16,c0ae41295aad437f9d4f2e0892161294,0.019,,,
1052,2026-09-03,SZ000538,0.10657545927357638,EXP_DEnsembleModel_Alpha158_csi300_custom_step0_s_20260903_16,c0ae41295aad437f9d4f2e0892161294,0.019,,,
1053,2026-09-03,SZ000568,-0.07646932672784168,EXP_DEnsembleModel_Alpha158_csi300_custom_step0_s_20260903_16,c0ae41295aad437f9d4f2e0892161294,0.019,,,
1054,2026-09-03,SZ000596,-0.164397972347383,EXP_DEnsembleModel_Alpha158_csi300_custom_step0_s_20260903_16,c0ae41295aad437f9d4f2e0892161294,0.019,,,
1055,2026-09-03,SZ002311,-0.09648934838144625,EXP_DEnsembleModel_Alpha158_csi300_custom_step0_s_20260903_16,c0ae41295aad437f9d4f2e0892161294,0.019,,,
1056,2026-09-03,SZ002352,0.03368088603029666,EXP_DEnsembleModel_Alpha158_csi300_custom_step0_s_20260903_16,c0ae41295aad437f9d4f2e0892161294,0.019,,,
1057,2026-09-03,SZ002353,0.07767614727266835,EXP_DEnsembleModel_Alpha158_csi300_custom_step0_s_20260903_16,c0ae41295aad437f9d4f2e0892161294,0.019,,,
1058,2026-09-03,SZ002371,-0.006096494998880212,EXP_DEnsembleModel_Alpha158_csi300_custom_step0_s_20260903_16,c0ae41295aad437f9d4f2e0892161294,0.019,,,
1059,2026-09-03,SZ002384,-0.052292195494560455,EXP_DEnsembleModel_Alpha158_csi300_custom_step0_s_20260903_16,c0ae41295aad437f9d4f2e0892161294,0.019,,,
1060,2026-09-03,SZ002415,0.03863841317725799,EXP_DEnsembleModel_Alpha158_csi300_custom_step0_s_20260903_16,c0ae41295aad437f9d4f2e0892161294,0.019,,,
1061,2026-09-03,SZ002422,0.0034824766152138143,EXP_DEnsembleModel_Alpha158_csi300_custom_step0_s_20260903_16,c0ae41295aad437f9d4f2e0892161294,0.019,,,
1062,2026-09-03,SZ002460,-0.10875719231656487,EXP_DEnsembleModel_Alpha158_csi300_custom_step0_s_20260903_16,c0ae41295aad437f9d4f2e0892161294,0.019,,,
1063,2026-09-03,SZ002463,-0.10168078175525042,EXP_DEnsembleModel_Alpha158_csi300_custom_step0_s_20260903_16,c0ae41295aad437f9d4f2e0892161294,0.019,,,
1064,2026-09-03,SZ002466,-0.07625782592171167,EXP_DEnsembleModel_Alpha158_csi300_custom_step0_s_20260903_16,c0ae41295aad437f9d4f2e0892161294,0.019,,,
1065,2026-09-03,SZ002475,-0.0870319164521697,EXP_DEnsembleModel_Alpha158_csi300_custom_step0_s_20260903_16,c0ae41295aad437f9d4f2e0892161294,0.019,,,
1066,2026-09-03,SZ002493,-0.14240036123176472,EXP_DEnsembleModel_Alpha158_csi300_custom_step0_s_20260903_16,c0ae41295aad437f9d4f2e0892161294,0.019,,,
1067,2026-09-03,SZ002532,-0.06478007210439364,EXP_DEnsembleModel_Alpha158_csi300_custom_step0_s_20260903_16,c0ae41295aad437f9d4f2e0892161294,0.019,,,
1068,2026-09-03,SZ002558,-0.019761220572794808,EXP_DEnsembleModel_Alpha158_csi300_custom_step0_s_20260903_16,c0ae41295aad437f9d4f2e0892161294,0.019,,,
1069,2026-09-03,SZ002594,0.03177681069985947,EXP_DEnsembleModel_Alpha158_csi300_custom_step0_s_20260903_16,c0ae41295aad437f9d4f2e0892161294,0.019,,,
1070,2026-09-03,SZ002600,-0.11001373181364899,EXP_DEnsembleModel_Alpha158_csi300_custom_step0_s_20260903_16,c0ae41295aad437f9d4f2e0892161294,0.019,,,
1071,2026-09-03,SZ002602,0.06832814482382148,EXP_DEnsembleModel_Alpha158_csi300_custom_step0_s_20260903_16,c0ae41295aad437f9d4f2e0892161294,0.019,,,
1072,2026-09-03,SZ300059,0.041514398119405584,EXP_DEnsembleModel_Alpha158_csi300_custom_step0_s_20260903_16,c0ae41295aad437f9d4f2e0892161294,0.019,,,
1073,2026-09-03,SZ300033,-0.11311024723939295,EXP_DEnsembleModel_Alpha158_csi300_custom_step0_s_20260903_16,c0ae41295aad437f9d4f2e0892161294,0.019,,,
1074,2026-09-03,SZ300015,0.06655716466168803,EXP_DEnsembleModel_Alpha158_csi300_custom_step0_s_20260903_16,c0ae41295aad437f9d4f2e0892161294,0.019,,,
1075,2026-09-03,SZ300014,-0.07778956288768761,EXP_DEnsembleModel_Alpha158_csi300_custom_step0_s_20260903_16,c0ae41295aad437f9d4f2e0892161294,0.019,,,
1076,2026-09-03,SZ003816,0.0839738700745198,EXP_DEnsembleModel_Alpha158_csi300_custom_step0_s_20260903_16,c0ae41295aad437f9d4f2e0892161294,0.019,,,
1077,2026-09-03,SZ002938,-0.06547439530869732,EXP_DEnsembleModel_Alpha158_csi300_custom_step0_s_20260903_16,c0ae41295aad437f9d4f2e0892161294,0.019,,,
1078,2026-09-03,SZ002304,0.04160149429446505,EXP_DEnsembleModel_Alpha158_csi300_custom_step0_s_20260903_16,c0ae41295aad437f9d4f2e0892161294,0.019,,,
1079,2026-09-03,SZ002920,-0.0735714587810727,EXP_DEnsembleModel_Alpha158_csi300_custom_step0_s_20260903_16,c0ae41295aad437f9d4f2e0892161294,0.019,,,
1080,2026-09-03,SZ002837,0.01880112674269145,EXP_DEnsembleModel_Alpha158_csi300_custom_step0_s_20260903_16,c0ae41295aad437f9d4f2e0892161294,0.019,,,
1081,2026-09-03,SZ002736,0.06032080557869381,EXP_DEnsembleModel_Alpha158_csi300_custom_step0_s_20260903_16,c0ae41295aad437f9d4f2e0892161294,0.019,,,
1082,2026-09-03,SZ002714,-0.04567555452348863,EXP_DEnsembleModel_Alpha158_csi300_custom_step0_s_20260903_16,c0ae41295aad437f9d4f2e0892161294,0.019,,,
1083,2026-09-03,SZ002709,-0.0970384828937853,EXP_DEnsembleModel_Alpha158_csi300_custom_step0_s_20260903_16,c0ae41295aad437f9d4f2e0892161294,0.019,,,
1084,2026-09-03,SZ002648,-0.0554340445473265,EXP_DEnsembleModel_Alpha158_csi300_custom_step0_s_20260903_16,c0ae41295aad437f9d4f2e0892161294,0.019,,,
1085,2026-09-03,SZ002625,0.0035441152725753304,EXP_DEnsembleModel_Alpha158_csi300_custom_step0_s_20260903_16,c0ae41295aad437f9d4f2e0892161294,0.019,,,
1086,2026-09-03,SZ002916,-0.05486656442285414,EXP_DEnsembleModel_Alpha158_csi300_custom_step0_s_20260903_16,c0ae41295aad437f9d4f2e0892161294,0.019,,,
1087,2026-09-03,SZ002241,-0.10735088919753055,EXP_DEnsembleModel_Alpha158_csi300_custom_step0_s_20260903_16,c0ae41295aad437f9d4f2e0892161294,0.019,,,
1088,2026-09-03,SZ002236,0.06644737938949816,EXP_DEnsembleModel_Alpha158_csi300_custom_step0_s_20260903_16,c0ae41295aad437f9d4f2e0892161294,0.019,,,
1089,2026-09-03,SZ002230,0.0033443008090133374,EXP_DEnsembleModel_Alpha158_csi300_custom_step0_s_20260903_16,c0ae41295aad437f9d4f2e0892161294,0.019,,,
1090,2026-09-03,SZ000938,-0.241817268641454,EXP_DEnsembleModel_Alpha158_csi300_custom_step0_s_20260903_16,c0ae41295aad437f9d4f2e0892161294,0.019,,,
1091,2026-09-03,SZ000895,-0.0056028762854582505,EXP_DEnsembleModel_Alpha158_csi300_custom_step0_s_20260903_16,c0ae41295aad437f9d4f2e0892161294,0.019,,,
1092,2026-09-03,SZ000858,0.04655343092952951,EXP_DEnsembleModel_Alpha158_csi300_custom_step0_s_20260903_16,c0ae41295aad437f9d4f2e0892161294,0.019,,,
1093,2026-09-03,SZ000807,0.006969515650433134,EXP_DEnsembleModel_Alpha158_csi300_custom_step0_s_20260903_16,c0ae41295aad437f9d4f2e0892161294,0.019,,,
1094,2026-09-03,SZ000792,-0.05905920460736713,EXP_DEnsembleModel_Alpha158_csi300_custom_step0_s_20260903_16,c0ae41295aad437f9d4f2e0892161294,0.019,,,
1095,2026-09-03,SZ000776,-0.001815420232889653,EXP_DEnsembleModel_Alpha158_csi300_custom_step0_s_20260903_16,c0ae41295aad437f9d4f2e0892161294,0.019,,,
1096,2026-09-03,SZ000963,0.04208329416255196,EXP_DEnsembleModel_Alpha158_csi300_custom_step0_s_20260903_16,c0ae41295aad437f9d4f2e0892161294,0.019,,,
1097,2026-09-03,SZ000768,-0.014734508889356568,EXP_DEnsembleModel_Alpha158_csi300_custom_step0_s_20260903_16,c0ae41295aad437f9d4f2e0892161294,0.019,,,
1098,2026-09-03,SZ000708,0.10191367613269017,EXP_DEnsembleModel_Alpha158_csi300_custom_step0_s_20260903_16,c0ae41295aad437f9d4f2e0892161294,0.019,,,
1099,2026-09-03,SZ000657,0.14716972279131602,EXP_DEnsembleModel_Alpha158_csi300_custom_step0_s_20260903_16,c0ae41295aad437f9d4f2e0892161294,0.019,,,
1100,2026-09-03,SZ000651,0.12682556640582698,EXP_DEnsembleModel_Alpha158_csi300_custom_step0_s_20260903_16,c0ae41295aad437f9d4f2e0892161294,0.019,,,
1101,2026-09-03,SZ000630,-0.07562768445599172,EXP_DEnsembleModel_Alpha158_csi300_custom_step0_s_20260903_16,c0ae41295aad437f9d4f2e0892161294,0.019,,,
1102,2026-09-03,SZ000625,0.05626981534405122,EXP_DEnsembleModel_Alpha158_csi300_custom_step0_s_20260903_16,c0ae41295aad437f9d4f2e0892161294,0.019,,,
1103,2026-09-03,SZ000617,-0.03439457028845564,EXP_DEnsembleModel_Alpha158_csi300_custom_step0_s_20260903_16,c0ae41295aad437f9d4f2e0892161294,0.019,,,
1104,2026-09-03,SZ000725,-0.08294760104450842,EXP_DEnsembleModel_Alpha158_csi300_custom_step0_s_20260903_16,c0ae41295aad437f9d4f2e0892161294,0.019,,,
1105,2026-09-03,SZ300124,-0.007162586883604942,EXP_DEnsembleModel_Alpha158_csi300_custom_step0_s_20260903_16,c0ae41295aad437f9d4f2e0892161294,0.019,,,
1106,2026-09-03,SZ000975,0.006863357695040962,EXP_DEnsembleModel_Alpha158_csi300_custom_step0_s_20260903_16,c0ae41295aad437f9d4f2e0892161294,0.019,,,
1107,2026-09-03,SZ000988,-0.06191628719794117,EXP_DEnsembleModel_Alpha158_csi300_custom_step0_s_20260903_16,c0ae41295aad437f9d4f2e0892161294,0.019,,,
1108,2026-09-03,SZ002202,0.0222119267191568,EXP_DEnsembleModel_Alpha158_csi300_custom_step0_s_20260903_16,c0ae41295aad437f9d4f2e0892161294,0.019,,,
1109,2026-09-03,SZ002179,-0.054422138431312043,EXP_DEnsembleModel_Alpha158_csi300_custom_step0_s_20260903_16,c0ae41295aad437f9d4f2e0892161294,0.019,,,
1110,2026-09-03,SZ002142,0.14498492235823923,EXP_DEnsembleModel_Alpha158_csi300_custom_step0_s_20260903_16,c0ae41295aad437f9d4f2e0892161294,0.019,,,
1111,2026-09-03,SZ002074,-0.10315971722990365,EXP_DEnsembleModel_Alpha158_csi300_custom_step0_s_20260903_16,c0ae41295aad437f9d4f2e0892161294,0.019,,,
1112,2026-09-03,SZ002050,-0.06301054689472899,EXP_DEnsembleModel_Alpha158_csi300_custom_step0_s_20260903_16,c0ae41295aad437f9d4f2e0892161294,0.019,,,
1113,2026-09-03,SZ002049,-0.017539689754314983,EXP_DEnsembleModel_Alpha158_csi300_custom_step0_s_20260903_16,c0ae41295aad437f9d4f2e0892161294,0.019,,,
1114,2026-09-03,SZ000977,-0.2305330098540844,EXP_DEnsembleModel_Alpha158_csi300_custom_step0_s_20260903_16,c0ae41295aad437f9d4f2e0892161294,0.019,,,
1115,2026-09-03,SZ002028,-0.053983010254980625,EXP_DEnsembleModel_Alpha158_csi300_custom_step0_s_20260903_16,c0ae41295aad437f9d4f2e0892161294,0.019,,,
1116,2026-09-03,SZ002001,0.04636882837670864,EXP_DEnsembleModel_Alpha158_csi300_custom_step0_s_20260903_16,c0ae41295aad437f9d4f2e0892161294,0.019,,,
1117,2026-09-03,SZ001979,0.04075093095626655,EXP_DEnsembleModel_Alpha158_csi300_custom_step0_s_20260903_16,c0ae41295aad437f9d4f2e0892161294,0.019,,,
1118,2026-09-03,SZ001965,0.04228995281041374,EXP_DEnsembleModel_Alpha158_csi300_custom_step0_s_20260903_16,c0ae41295aad437f9d4f2e0892161294,0.019,,,
1119,2026-09-03,SZ001391,0.04193752195644833,EXP_DEnsembleModel_Alpha158_csi300_custom_step0_s_20260903_16,c0ae41295aad437f9d4f2e0892161294,0.019,,,
1120,2026-09-03,SZ001280,-0.12054480894858961,EXP_DEnsembleModel_Alpha158_csi300_custom_step0_s_20260903_16,c0ae41295aad437f9d4f2e0892161294,0.019,,,
1121,2026-09-03,SZ000999,0.060674297630893444,EXP_DEnsembleModel_Alpha158_csi300_custom_step0_s_20260903_16,c0ae41295aad437f9d4f2e0892161294,0.019,,,
1122,2026-09-03,SZ002027,0.022955827037847695,EXP_DEnsembleModel_Alpha158_csi300_custom_step0_s_20260903_16,c0ae41295aad437f9d4f2e0892161294,0.019,,,
1123,2026-09-03,SH601985,0.09001912642516342,EXP_DEnsembleModel_Alpha158_csi300_custom_step0_s_20260903_16,fe3462982b5f4fadb08d6c77a26d5e61,0.113,,,
1124,2026-09-03,SH600905,0.0559752881526947,EXP_LinearModel_Alpha158_csi300_custom_step0_s_20260903_16,cfbca044eb674131bcbde5d29da9bab3,0.107,,,
1125,2026-09-03,SH600919,-0.0007567739812657237,EXP_LinearModel_Alpha158_csi300_custom_step0_s_20260903_16,cfbca044eb674131bcbde5d29da9bab3,0.107,,,
1126,2026-09-03,SZ000938,0.0041037993505597115,EXP_LinearModel_Alpha158_csi300_custom_step0_s_20260903_16,383ee2be448a4ede8218a102a85986a9,0.116,,,
1127,2026-09-03,SZ000963,0.06847362220287323,EXP_LinearModel_Alpha158_csi300_custom_step0_s_20260903_16,383ee2be448a4ede8218a102a85986a9,0.116,,,
1128,2026-09-03,SZ000975,0.19200289249420166,EXP_LinearModel_Alpha158_csi300_custom_step0_s_20260903_16,383ee2be448a4ede8218a102a85986a9,0.116,,,
1129,2026-09-03,SZ000977,0.13637055456638336,EXP_LinearModel_Alpha158_csi300_custom_step0_s_20260903_16,383ee2be448a4ede8218a102a85986a9,0.116,,,
1130,2026-09-03,SZ000988,0.08854376524686813,EXP_LinearModel_Alpha158_csi300_custom_step0_s_20260903_16,383ee2be448a4ede8218a102a85986a9,0.116,,,
1131,2026-09-03,SZ000999,0.02299155667424202,EXP_LinearModel_Alpha158_csi300_custom_step0_s_20260903_16,383ee2be448a4ede8218a102a85986a9,0.116,,,
1132,2026-09-03,SZ001280,0.08342716097831726,EXP_LinearModel_Alpha158_csi300_custom_step0_s_20260903_16,383ee2be448a4ede8218a102a85986a9,0.116,,,
1133,2026-09-03,SZ001391,-0.04462812840938568,EXP_LinearModel_Alpha158_csi300_custom_step0_s_20260903_16,383ee2be448a4ede8218a102a85986a9,0.116,,,
1134,2026-09-03,SZ001965,0.01957627199590206,EXP_LinearModel_Alpha158_csi300_custom_step0_s_20260903_16,383ee2be448a4ede8218a102a85986a9,0.116,,,
1135,2026-09-03,SZ001979,0.0715881958603859,EXP_LinearModel_Alpha158_csi300_custom_step0_s_20260903_16,383ee2be448a4ede8218a102a85986a9,0.116,,,
1136,2026-09-03,SZ002001,0.051167670637369156,EXP_LinearModel_Alpha158_csi300_custom_step0_s_20260903_16,383ee2be448a4ede8218a102a85986a9,0.116,,,
1137,2026-09-03,SZ002027,-0.03280027210712433,EXP_LinearModel_Alpha158_csi300_custom_step0_s_20260903_16,383ee2be448a4ede8218a102a85986a9,0.116,,,
1138,2026-09-03,SZ002028,0.19463850557804108,EXP_LinearModel_Alpha158_csi300_custom_step0_s_20260903_16,383ee2be448a4ede8218a102a85986a9,0.116,,,
1139,2026-09-03,SZ002049,0.05735425278544426,EXP_LinearModel_Alpha158_csi300_custom_step0_s_20260903_16,383ee2be448a4ede8218a102a85986a9,0.116,,,
1140,2026-09-03,SZ002050,0.037000708281993866,EXP_LinearModel_Alpha158_csi300_custom_step0_s_20260903_16,383ee2be448a4ede8218a102a85986a9,0.116,,,
1141,2026-09-03,SZ002074,-0.05688938871026039,EXP_LinearModel_Alpha158_csi300_custom_step0_s_20260903_16,383ee2be448a4ede8218a102a85986a9,0.116,,,
1142,2026-09-03,SZ002142,0.0686761736869812,EXP_LinearModel_Alpha158_csi300_custom_step0_s_20260903_16,383ee2be448a4ede8218a102a85986a9,0.116,,,
1143,2026-09-03,SZ002460,-0.030438974499702454,EXP_LinearModel_Alpha158_csi300_custom_step0_s_20260903_16,383ee2be448a4ede8218a102a85986a9,0.116,,,
1144,2026-09-03,SZ002422,0.186893031001091,EXP_LinearModel_Alpha158_csi300_custom_step0_s_20260903_16,383ee2be448a4ede8218a102a85986a9,0.116,,,
1145,2026-09-03,SZ002415,-0.07130375504493713,EXP_LinearModel_Alpha158_csi300_custom_step0_s_20260903_16,383ee2be448a4ede8218a102a85986a9,0.116,,,
1146,2026-09-03,SZ002384,0.09929949790239334,EXP_LinearModel_Alpha158_csi300_custom_step0_s_20260903_16,383ee2be448a4ede8218a102a85986a9,0.116,,,
1147,2026-09-03,SZ002371,0.14582398533821106,EXP_LinearModel_Alpha158_csi300_custom_step0_s_20260903_16,383ee2be448a4ede8218a102a85986a9,0.116,,,
1148,2026-09-03,SZ002353,-0.0027396827936172485,EXP_LinearModel_Alpha158_csi300_custom_step0_s_20260903_16,383ee2be448a4ede8218a102a85986a9,0.116,,,
1149,2026-09-03,SZ000895,-0.09561935812234879,EXP_LinearModel_Alpha158_csi300_custom_step0_s_20260903_16,383ee2be448a4ede8218a102a85986a9,0.116,,,
1150,2026-09-03,SZ002352,-0.0751185193657875,EXP_LinearModel_Alpha158_csi300_custom_step0_s_20260903_16,383ee2be448a4ede8218a102a85986a9,0.116,,,
1151,2026-09-03,SZ002304,0.053198084235191345,EXP_LinearModel_Alpha158_csi300_custom_step0_s_20260903_16,383ee2be448a4ede8218a102a85986a9,0.116,,,
1152,2026-09-03,SZ002241,-0.0695406123995781,EXP_LinearModel_Alpha158_csi300_custom_step0_s_20260903_16,383ee2be448a4ede8218a102a85986a9,0.116,,,
1153,2026-09-03,SZ002236,-0.06166698783636093,EXP_LinearModel_Alpha158_csi300_custom_step0_s_20260903_16,383ee2be448a4ede8218a102a85986a9,0.116,,,
1154,2026-09-03,SZ002230,-0.0036925971508026123,EXP_LinearModel_Alpha158_csi300_custom_step0_s_20260903_16,383ee2be448a4ede8218a102a85986a9,0.116,,,
1155,2026-09-03,SZ002202,0.06888636946678162,EXP_LinearModel_Alpha158_csi300_custom_step0_s_20260903_16,383ee2be448a4ede8218a102a85986a9,0.116,,,
1156,2026-09-03,SZ002179,-0.001851845532655716,EXP_LinearModel_Alpha158_csi300_custom_step0_s_20260903_16,383ee2be448a4ede8218a102a85986a9,0.116,,,
1157,2026-09-03,SZ002311,-0.011049630120396614,EXP_LinearModel_Alpha158_csi300_custom_step0_s_20260903_16,383ee2be448a4ede8218a102a85986a9,0.116,,,
1158,2026-09-03,SZ002463,0.007760748267173767,EXP_LinearModel_Alpha158_csi300_custom_step0_s_20260903_16,383ee2be448a4ede8218a102a85986a9,0.116,,,
1159,2026-09-03,SZ000858,0.0030432473868131638,EXP_LinearModel_Alpha158_csi300_custom_step0_s_20260903_16,383ee2be448a4ede8218a102a85986a9,0.116,,,
1160,2026-09-03,SZ000792,-0.02863890677690506,EXP_LinearModel_Alpha158_csi300_custom_step0_s_20260903_16,383ee2be448a4ede8218a102a85986a9,0.116,,,
1161,2026-09-03,SH688256,0.1770804077386856,EXP_LinearModel_Alpha158_csi300_custom_step0_s_20260903_16,383ee2be448a4ede8218a102a85986a9,0.116,,,
1162,2026-09-03,SH688271,0.04772847518324852,EXP_LinearModel_Alpha158_csi300_custom_step0_s_20260903_16,383ee2be448a4ede8218a102a85986a9,0.116,,,
1163,2026-09-03,SH688303,-0.039770402014255524,EXP_LinearModel_Alpha158_csi300_custom_step0_s_20260903_16,383ee2be448a4ede8218a102a85986a9,0.116,,,
1164,2026-09-03,SH688396,0.053483352065086365,EXP_LinearModel_Alpha158_csi300_custom_step0_s_20260903_16,383ee2be448a4ede8218a102a85986a9,0.116,,,
1165,2026-09-03,SH688472,0.10540559142827988,EXP_LinearModel_Alpha158_csi300_custom_step0_s_20260903_16,383ee2be448a4ede8218a102a85986a9,0.116,,,
1166,2026-09-03,SH688506,0.02572963386774063,EXP_LinearModel_Alpha158_csi300_custom_step0_s_20260903_16,383ee2be448a4ede8218a102a85986a9,0.116,,,
1167,2026-09-03,SH688521,0.31036460399627686,EXP_LinearModel_Alpha158_csi300_custom_step0_s_20260903_16,383ee2be448a4ede8218a102a85986a9,0.116,,,
1168,2026-09-03,SH688981,0.055436618626117706,EXP_LinearModel_Alpha158_csi300_custom_step0_s_20260903_16,383ee2be448a4ede8218a102a85986a9,0.116,,,
1169,2026-09-03,SZ000001,0.08835422247648239,EXP_LinearModel_Alpha158_csi300_custom_step0_s_20260903_16,383ee2be448a4ede8218a102a85986a9,0.116,,,
1170,2026-09-03,SZ000002,-0.05730355530977249,EXP_LinearModel_Alpha158_csi300_custom_step0_s_20260903_16,383ee2be448a4ede8218a102a85986a9,0.116,,,
1171,2026-09-03,SZ000063,-0.05742985010147095,EXP_LinearModel_Alpha158_csi300_custom_step0_s_20260903_16,383ee2be448a4ede8218a102a85986a9,0.116,,,
1172,2026-09-03,SZ000100,-0.07922637462615967,EXP_LinearModel_Alpha158_csi300_custom_step0_s_20260903_16,383ee2be448a4ede8218a102a85986a9,0.116,,,
1173,2026-09-03,SZ000157,0.06034332513809204,EXP_LinearModel_Alpha158_csi300_custom_step0_s_20260903_16,383ee2be448a4ede8218a102a85986a9,0.116,,,
1174,2026-09-03,SZ000166,0.0002091042697429657,EXP_LinearModel_Alpha158_csi300_custom_step0_s_20260903_16,383ee2be448a4ede8218a102a85986a9,0.116,,,
1175,2026-09-03,SZ000301,0.07459868490695953,EXP_LinearModel_Alpha158_csi300_custom_step0_s_20260903_16,383ee2be448a4ede8218a102a85986a9,0.116,,,
1176,2026-09-03,SZ000333,0.03374195843935013,EXP_LinearModel_Alpha158_csi300_custom_step0_s_20260903_16,383ee2be448a4ede8218a102a85986a9,0.116,,,
1177,2026-09-03,SZ000338,0.0013514310121536255,EXP_LinearModel_Alpha158_csi300_custom_step0_s_20260903_16,383ee2be448a4ede8218a102a85986a9,0.116,,,
1178,2026-09-03,SZ000776,0.016773046925663948,EXP_LinearModel_Alpha158_csi300_custom_step0_s_20260903_16,383ee2be448a4ede8218a102a85986a9,0.116,,,
1179,2026-09-03,SZ000768,0.04556194692850113,EXP_LinearModel_Alpha158_csi300_custom_step0_s_20260903_16,383ee2be448a4ede8218a102a85986a9,0.116,,,
1180,2026-09-03,SZ000725,-0.040397949516773224,EXP_LinearModel_Alpha158_csi300_custom_step0_s_20260903_16,383ee2be448a4ede8218a102a85986a9,0.116,,,
1181,2026-09-03,SZ000708,-0.03718603402376175,EXP_LinearModel_Alpha158_csi300_custom_step0_s_20260903_16,383ee2be448a4ede8218a102a85986a9,0.116,,,
1182,2026-09-03,SZ000657,0.2002478837966919,EXP_LinearModel_Alpha158_csi300_custom_step0_s_20260903_16,383ee2be448a4ede8218a102a85986a9,0.116,,,
1183,2026-09-03,SZ000651,-0.06897787004709244,EXP_LinearModel_Alpha158_csi300_custom_step0_s_20260903_16,383ee2be448a4ede8218a102a85986a9,0.116,,,
1184,2026-09-03,SZ000807,0.010736469179391861,EXP_LinearModel_Alpha158_csi300_custom_step0_s_20260903_16,383ee2be448a4ede8218a102a85986a9,0.116,,,
1185,2026-09-03,SZ000630,0.013032011687755585,EXP_LinearModel_Alpha158_csi300_custom_step0_s_20260903_16,383ee2be448a4ede8218a102a85986a9,0.116,,,
1186,2026-09-03,SZ000617,-0.023768099024891853,EXP_LinearModel_Alpha158_csi300_custom_step0_s_20260903_16,383ee2be448a4ede8218a102a85986a9,0.116,,,
1187,2026-09-03,SZ000596,0.010802436619997025,EXP_LinearModel_Alpha158_csi300_custom_step0_s_20260903_16,383ee2be448a4ede8218a102a85986a9,0.116,,,
1188,2026-09-03,SZ000568,-0.027919767424464226,EXP_LinearModel_Alpha158_csi300_custom_step0_s_20260903_16,383ee2be448a4ede8218a102a85986a9,0.116,,,
1189,2026-09-03,SZ000538,-0.03489185869693756,EXP_LinearModel_Alpha158_csi300_custom_step0_s_20260903_16,383ee2be448a4ede8218a102a85986a9,0.116,,,
1190,2026-09-03,SZ000425,0.008116163313388824,EXP_LinearModel_Alpha158_csi300_custom_step0_s_20260903_16,383ee2be448a4ede8218a102a85986a9,0.116,,,
1191,2026-09-03,SZ000408,-0.026102203875780106,EXP_LinearModel_Alpha158_csi300_custom_step0_s_20260903_16,383ee2be448a4ede8218a102a85986a9,0.116,,,
1192,2026-09-03,SZ000625,-0.03317093104124069,EXP_LinearModel_Alpha158_csi300_custom_step0_s_20260903_16,383ee2be448a4ede8218a102a85986a9,0.116,,,
1193,2026-09-03,SH688223,0.02742438018321991,EXP_LinearModel_Alpha158_csi300_custom_step0_s_20260903_16,383ee2be448a4ede8218a102a85986a9,0.116,,,
1194,2026-09-03,SZ002466,-0.009411551058292389,EXP_LinearModel_Alpha158_csi300_custom_step0_s_20260903_16,383ee2be448a4ede8218a102a85986a9,0.116,,,
1195,2026-09-03,SZ002493,0.13586772978305817,EXP_LinearModel_Alpha158_csi300_custom_step0_s_20260903_16,383ee2be448a4ede8218a102a85986a9,0.116,,,
1196,2026-09-03,SZ300628,0.05929604917764664,EXP_LinearModel_Alpha158_csi300_custom_step0_s_20260903_16,383ee2be448a4ede8218a102a85986a9,0.116,,,
1197,2026-09-03,SZ300661,0.16649161279201508,EXP_LinearModel_Alpha158_csi300_custom_step0_s_20260903_16,383ee2be448a4ede8218a102a85986a9,0.116,,,
1198,2026-09-03,SZ300750,-0.06386930495500565,EXP_LinearModel_Alpha158_csi300_custom_step0_s_20260903_16,383ee2be448a4ede8218a102a85986a9,0.116,,,
1199,2026-09-03,SZ300760,0.03847169876098633,EXP_LinearModel_Alpha158_csi300_custom_step0_s_20260903_16,383ee2be448a4ede8218a102a85986a9,0.116,,,
1200,2026-09-03,SZ300803,0.02569977007806301,EXP_LinearModel_Alpha158_csi300_custom_step0_s_20260903_16,383ee2be448a4ede8218a102a85986a9,0.116,,,
1201,2026-09-03,SZ300832,0.06292236596345901,EXP_LinearModel_Alpha158_csi300_custom_step0_s_20260903_16,383ee2be448a4ede8218a102a85986a9,0.116,,,
1202,2026-09-03,SZ300866,0.10043973475694656,EXP_LinearModel_Alpha158_csi300_custom_step0_s_20260903_16,383ee2be448a4ede8218a102a85986a9,0.116,,,
1203,2026-09-03,SZ300896,0.055014073848724365,EXP_LinearModel_Alpha158_csi300_custom_step0_s_20260903_16,383ee2be448a4ede8218a102a85986a9,0.116,,,
1204,2026-09-03,SZ300999,-0.03911405801773071,EXP_LinearModel_Alpha158_csi300_custom_step0_s_20260903_16,383ee2be448a4ede8218a102a85986a9,0.116,,,
1205,2026-09-03,SZ301165,-0.01280234009027481,EXP_LinearModel_Alpha158_csi300_custom_step0_s_20260903_16,383ee2be448a4ede8218a102a85986a9,0.116,,,
1206,2026-09-03,SZ301236,-0.03736238181591034,EXP_LinearModel_Alpha158_csi300_custom_step0_s_20260903_16,383ee2be448a4ede8218a102a85986a9,0.116,,,
1207,2026-09-03,SZ301269,0.03690709173679352,EXP_LinearModel_Alpha158_csi300_custom_step0_s_20260903_16,383ee2be448a4ede8218a102a85986a9,0.116,,,
1208,2026-09-03,SZ301308,0.16739988327026367,EXP_LinearModel_Alpha158_csi300_custom_step0_s_20260903_16,383ee2be448a4ede8218a102a85986a9,0.116,,,
1209,2026-09-03,SZ302132,0.07419843971729279,EXP_LinearModel_Alpha158_csi300_custom_step0_s_20260903_16,383ee2be448a4ede8218a102a85986a9,0.116,,,
1210,2026-09-03,SH600000,0.038468677550554276,EXP_XGBModel_Alpha158_csi300_custom_step0_s_20260903_16,f03b06acfad24d9e981187312928295e,0.108,,,
1211,2026-09-03,SH600009,0.0328889824450016,EXP_XGBModel_Alpha158_csi300_custom_step0_s_20260903_16,f03b06acfad24d9e981187312928295e,0.108,,,
1212,2026-09-03,SH600010,0.023238228633999825,EXP_XGBModel_Alpha158_csi300_custom_step0_s_20260903_16,f03b06acfad24d9e981187312928295e,0.108,,,
1213,2026-09-03,SH600036,0.02290784753859043,EXP_XGBModel_Alpha158_csi300_custom_step0_s_20260903_16,f03b06acfad24d9e981187312928295e,0.108,,,
1214,2026-09-03,SH600031,-0.003983003087341785,EXP_XGBModel_Alpha158_csi300_custom_step0_s_20260903_16,f03b06acfad24d9e981187312928295e,0.108,,,
1215,2026-09-03,SH600030,0.059477467089891434,EXP_XGBModel_Alpha158_csi300_custom_step0_s_20260903_16,f03b06acfad24d9e981187312928295e,0.108,,,
1216,2026-09-03,SH600029,0.018315937370061874,EXP_XGBModel_Alpha158_csi300_custom_step0_s_20260903_16,f03b06acfad24d9e981187312928295e,0.108,,,
1217,2026-09-03,SH600028,-0.0027808325830847025,EXP_XGBModel_Alpha158_csi300_custom_step0_s_20260903_16,f03b06acfad24d9e981187312928295e,0.108,,,
1218,2026-09-03,SH600027,0.024605238810181618,EXP_XGBModel_Alpha158_csi300_custom_step0_s_20260903_16,f03b06acfad24d9e981187312928295e,0.108,,,
1219,2026-09-03,SZ300502,0.11128437519073486,EXP_LinearModel_Alpha158_csi300_custom_step0_s_20260903_16,383ee2be448a4ede8218a102a85986a9,0.116,,,
1220,2026-09-03,SH600026,-0.0322863943874836,EXP_XGBModel_Alpha158_csi300_custom_step0_s_20260903_16,f03b06acfad24d9e981187312928295e,0.108,,,
1221,2026-09-03,SH600023,0.028078557923436165,EXP_XGBModel_Alpha158_csi300_custom_step0_s_20260903_16,f03b06acfad24d9e981187312928295e,0.108,,,
1222,2026-09-03,SH600019,0.04114551469683647,EXP_XGBModel_Alpha158_csi300_custom_step0_s_20260903_16,f03b06acfad24d9e981187312928295e,0.108,,,
1223,2026-09-03,SH600018,0.029942039400339127,EXP_XGBModel_Alpha158_csi300_custom_step0_s_20260903_16,f03b06acfad24d9e981187312928295e,0.108,,,
1224,2026-09-03,SH600016,0.012353949248790741,EXP_XGBModel_Alpha158_csi300_custom_step0_s_20260903_16,f03b06acfad24d9e981187312928295e,0.108,,,
1225,2026-09-03,SH600015,-0.0023941120598465204,EXP_XGBModel_Alpha158_csi300_custom_step0_s_20260903_16,f03b06acfad24d9e981187312928295e,0.108,,,
1226,2026-09-03,SH600011,0.008270127698779106,EXP_XGBModel_Alpha158_csi300_custom_step0_s_20260903_16,f03b06acfad24d9e981187312928295e,0.108,,,
1227,2026-09-03,SH600025,0.034828051924705505,EXP_XGBModel_Alpha158_csi300_custom_step0_s_20260903_16,f03b06acfad24d9e981187312928295e,0.108,,,
1228,2026-09-03,SZ002475,-0.03560635447502136,EXP_LinearModel_Alpha158_csi300_custom_step0_s_20260903_16,383ee2be448a4ede8218a102a85986a9,0.116,,,
1229,2026-09-03,SZ300498,0.0059530530124902725,EXP_LinearModel_Alpha158_csi300_custom_step0_s_20260903_16,383ee2be448a4ede8218a102a85986a9,0.116,,,
1230,2026-09-03,SZ300450,-0.08858522772789001,EXP_LinearModel_Alpha158_csi300_custom_step0_s_20260903_16,383ee2be448a4ede8218a102a85986a9,0.116,,,
1231,2026-09-03,SZ002532,-0.0051641203463077545,EXP_LinearModel_Alpha158_csi300_custom_step0_s_20260903_16,383ee2be448a4ede8218a102a85986a9,0.116,,,
1232,2026-09-03,SZ002558,-0.03609728440642357,EXP_LinearModel_Alpha158_csi300_custom_step0_s_20260903_16,383ee2be448a4ede8218a102a85986a9,0.116,,,
1233,2026-09-03,SZ002594,-0.0016750223003327847,EXP_LinearModel_Alpha158_csi300_custom_step0_s_20260903_16,383ee2be448a4ede8218a102a85986a9,0.116,,,
1234,2026-09-03,SZ002600,-0.015044022351503372,EXP_LinearModel_Alpha158_csi300_custom_step0_s_20260903_16,383ee2be448a4ede8218a102a85986a9,0.116,,,
1235,2026-09-03,SZ002602,-0.05096415430307388,EXP_LinearModel_Alpha158_csi300_custom_step0_s_20260903_16,383ee2be448a4ede8218a102a85986a9,0.116,,,
1236,2026-09-03,SZ002625,-0.031165078282356262,EXP_LinearModel_Alpha158_csi300_custom_step0_s_20260903_16,383ee2be448a4ede8218a102a85986a9,0.116,,,
1237,2026-09-03,SZ002648,0.07605636864900589,EXP_LinearModel_Alpha158_csi300_custom_step0_s_20260903_16,383ee2be448a4ede8218a102a85986a9,0.116,,,
1238,2026-09-03,SZ002709,0.05687832832336426,EXP_LinearModel_Alpha158_csi300_custom_step0_s_20260903_16,383ee2be448a4ede8218a102a85986a9,0.116,,,
1239,2026-09-03,SZ002714,0.060181424021720886,EXP_LinearModel_Alpha158_csi300_custom_step0_s_20260903_16,383ee2be448a4ede8218a102a85986a9,0.116,,,
1240,2026-09-03,SZ002736,0.007425691932439804,EXP_LinearModel_Alpha158_csi300_custom_step0_s_20260903_16,383ee2be448a4ede8218a102a85986a9,0.116,,,
1241,2026-09-03,SZ002837,0.2582513689994812,EXP_LinearModel_Alpha158_csi300_custom_step0_s_20260903_16,383ee2be448a4ede8218a102a85986a9,0.116,,,
1242,2026-09-03,SZ002916,0.08922866731882095,EXP_LinearModel_Alpha158_csi300_custom_step0_s_20260903_16,383ee2be448a4ede8218a102a85986a9,0.116,,,
1243,2026-09-03,SZ002920,0.041197605431079865,EXP_LinearModel_Alpha158_csi300_custom_step0_s_20260903_16,383ee2be448a4ede8218a102a85986a9,0.116,,,
1244,2026-09-03,SZ002938,0.009222343564033508,EXP_LinearModel_Alpha158_csi300_custom_step0_s_20260903_16,383ee2be448a4ede8218a102a85986a9,0.116,,,
1245,2026-09-03,SZ003816,0.15776801109313965,EXP_LinearModel_Alpha158_csi300_custom_step0_s_20260903_16,383ee2be448a4ede8218a102a85986a9,0.116,,,
1246,2026-09-03,SZ300014,0.012268591672182083,EXP_LinearModel_Alpha158_csi300_custom_step0_s_20260903_16,383ee2be448a4ede8218a102a85986a9,0.116,,,
1247,2026-09-03,SZ300015,0.05652766674757004,EXP_LinearModel_Alpha158_csi300_custom_step0_s_20260903_16,383ee2be448a4ede8218a102a85986a9,0.116,,,
1248,2026-09-03,SZ300442,0.1216188594698906,EXP_LinearModel_Alpha158_csi300_custom_step0_s_20260903_16,383ee2be448a4ede8218a102a85986a9,0.116,,,
1249,2026-09-03,SZ300433,0.26947468519210815,EXP_LinearModel_Alpha158_csi300_custom_step0_s_20260903_16,383ee2be448a4ede8218a102a85986a9,0.116,,,
1250,2026-09-03,SZ300418,0.1529250144958496,EXP_LinearModel_Alpha158_csi300_custom_step0_s_20260903_16,383ee2be448a4ede8218a102a85986a9,0.116,,,
1251,2026-09-03,SZ300413,-0.1816089153289795,EXP_LinearModel_Alpha158_csi300_custom_step0_s_20260903_16,383ee2be448a4ede8218a102a85986a9,0.116,,,
1252,2026-09-03,SZ300408,0.1382901519536972,EXP_LinearModel_Alpha158_csi300_custom_step0_s_20260903_16,383ee2be448a4ede8218a102a85986a9,0.116,,,
1253,2026-09-03,SZ300394,0.30448591709136963,EXP_LinearModel_Alpha158_csi300_custom_step0_s_20260903_16,383ee2be448a4ede8218a102a85986a9,0.116,,,
1254,2026-09-03,SZ300476,0.4158702492713928,EXP_LinearModel_Alpha158_csi300_custom_step0_s_20260903_16,383ee2be448a4ede8218a102a85986a9,0.116,,,
1255,2026-09-03,SZ300316,0.060908809304237366,EXP_LinearModel_Alpha158_csi300_custom_step0_s_20260903_16,383ee2be448a4ede8218a102a85986a9,0.116,,,
1256,2026-09-03,SZ300274,0.4124508500099182,EXP_LinearModel_Alpha158_csi300_custom_step0_s_20260903_16,383ee2be448a4ede8218a102a85986a9,0.116,,,
1257,2026-09-03,SZ300251,-0.03770051896572113,EXP_LinearModel_Alpha158_csi300_custom_step0_s_20260903_16,383ee2be448a4ede8218a102a85986a9,0.116,,,
1258,2026-09-03,SZ300124,0.0035887956619262695,EXP_LinearModel_Alpha158_csi300_custom_step0_s_20260903_16,383ee2be448a4ede8218a102a85986a9,0.116,,,
1259,2026-09-03,SZ300122,0.03315272182226181,EXP_LinearModel_Alpha158_csi300_custom_step0_s_20260903_16,383ee2be448a4ede8218a102a85986a9,0.116,,,
1260,2026-09-03,SZ300059,-0.024633146822452545,EXP_LinearModel_Alpha158_csi300_custom_step0_s_20260903_16,383ee2be448a4ede8218a102a85986a9,0.116,,,
1261,2026-09-03,SZ300033,-0.05210644379258156,EXP_LinearModel_Alpha158_csi300_custom_step0_s_20260903_16,383ee2be448a4ede8218a102a85986a9,0.116,,,
1262,2026-09-03,SZ300308,0.11074600368738174,EXP_LinearModel_Alpha158_csi300_custom_step0_s_20260903_16,383ee2be448a4ede8218a102a85986a9,0.116,,,
1263,2026-09-03,SH688183,0.2089267522096634,EXP_LinearModel_Alpha158_csi300_custom_step0_s_20260903_16,383ee2be448a4ede8218a102a85986a9,0.116,,,
1264,2026-09-03,SH688126,0.0713958889245987,EXP_LinearModel_Alpha158_csi300_custom_step0_s_20260903_16,383ee2be448a4ede8218a102a85986a9,0.116,,,
1265,2026-09-03,SH688111,-0.10010738670825958,EXP_LinearModel_Alpha158_csi300_custom_step0_s_20260903_16,383ee2be448a4ede8218a102a85986a9,0.116,,,
1266,2026-09-03,SH600918,0.017470475286245346,EXP_LinearModel_Alpha158_csi300_custom_step0_s_20260903_16,383ee2be448a4ede8218a102a85986a9,0.116,,,
1267,2026-09-03,SH600919,0.03062477521598339,EXP_LinearModel_Alpha158_csi300_custom_step0_s_20260903_16,383ee2be448a4ede8218a102a85986a9,0.116,,,
1268,2026-09-03,SH600926,0.11519631743431091,EXP_LinearModel_Alpha158_csi300_custom_step0_s_20260903_16,383ee2be448a4ede8218a102a85986a9,0.116,,,
1269,2026-09-03,SH600930,0.07282321900129318,EXP_LinearModel_Alpha158_csi300_custom_step0_s_20260903_16,383ee2be448a4ede8218a102a85986a9,0.116,,,
1270,2026-09-03,SH600938,0.05283638462424278,EXP_LinearModel_Alpha158_csi300_custom_step0_s_20260903_16,383ee2be448a4ede8218a102a85986a9,0.116,,,
1271,2026-09-03,SH600941,0.03183741122484207,EXP_LinearModel_Alpha158_csi300_custom_step0_s_20260903_16,383ee2be448a4ede8218a102a85986a9,0.116,,,
1272,2026-09-03,SH600958,0.07262902706861496,EXP_LinearModel_Alpha158_csi300_custom_step0_s_20260903_16,383ee2be448a4ede8218a102a85986a9,0.116,,,
1273,2026-09-03,SH600989,0.13294455409049988,EXP_LinearModel_Alpha158_csi300_custom_step0_s_20260903_16,383ee2be448a4ede8218a102a85986a9,0.116,,,
1274,2026-09-03,SH600999,-0.04652762413024902,EXP_LinearModel_Alpha158_csi300_custom_step0_s_20260903_16,383ee2be448a4ede8218a102a85986a9,0.116,,,
1275,2026-09-03,SH601006,0.02509481832385063,EXP_LinearModel_Alpha158_csi300_custom_step0_s_20260903_16,383ee2be448a4ede8218a102a85986a9,0.116,,,
1276,2026-09-03,SH601009,0.12165665626525879,EXP_LinearModel_Alpha158_csi300_custom_step0_s_20260903_16,383ee2be448a4ede8218a102a85986a9,0.116,,,
1277,2026-09-03,SH601012,-0.04844319820404053,EXP_LinearModel_Alpha158_csi300_custom_step0_s_20260903_16,383ee2be448a4ede8218a102a85986a9,0.116,,,
1278,2026-09-03,SH601018,0.022230254486203194,EXP_LinearModel_Alpha158_csi300_custom_step0_s_20260903_16,383ee2be448a4ede8218a102a85986a9,0.116,,,
1279,2026-09-03,SH601021,0.06730614602565765,EXP_LinearModel_Alpha158_csi300_custom_step0_s_20260903_16,383ee2be448a4ede8218a102a85986a9,0.116,,,
1280,2026-09-03,SH601058,0.06336306780576706,EXP_LinearModel_Alpha158_csi300_custom_step0_s_20260903_16,383ee2be448a4ede8218a102a85986a9,0.116,,,
1281,2026-09-03,SH601059,0.003929177299141884,EXP_LinearModel_Alpha158_csi300_custom_step0_s_20260903_16,383ee2be448a4ede8218a102a85986a9,0.116,,,
1282,2026-09-03,SH601066,-0.08234706521034241,EXP_LinearModel_Alpha158_csi300_custom_step0_s_20260903_16,383ee2be448a4ede8218a102a85986a9,0.116,,,
1283,2026-09-03,SH601229,0.027861595153808594,EXP_LinearModel_Alpha158_csi300_custom_step0_s_20260903_16,383ee2be448a4ede8218a102a85986a9,0.116,,,
1284,2026-09-03,SH601225,-0.007084742188453674,EXP_LinearModel_Alpha158_csi300_custom_step0_s_20260903_16,383ee2be448a4ede8218a102a85986a9,0.116,,,
1285,2026-09-03,SH601211,-0.01389254629611969,EXP_LinearModel_Alpha158_csi300_custom_step0_s_20260903_16,383ee2be448a4ede8218a102a85986a9,0.116,,,
1286,2026-09-03,SH601186,0.013304311782121658,EXP_LinearModel_Alpha158_csi300_custom_step0_s_20260903_16,383ee2be448a4ede8218a102a85986a9,0.116,,,
1287,2026-09-03,SH601169,-0.024556957185268402,EXP_LinearModel_Alpha158_csi300_custom_step0_s_20260903_16,383ee2be448a4ede8218a102a85986a9,0.116,,,
1288,2026-09-03,SH601166,-0.014231445267796516,EXP_LinearModel_Alpha158_csi300_custom_step0_s_20260903_16,383ee2be448a4ede8218a102a85986a9,0.116,,,
1289,2026-09-03,SH600905,-0.0022071413695812225,EXP_LinearModel_Alpha158_csi300_custom_step0_s_20260903_16,383ee2be448a4ede8218a102a85986a9,0.116,,,
1290,2026-09-03,SH601138,0.09703201055526733,EXP_LinearModel_Alpha158_csi300_custom_step0_s_20260903_16,383ee2be448a4ede8218a102a85986a9,0.116,,,
1291,2026-09-03,SH601127,0.05382763594388962,EXP_LinearModel_Alpha158_csi300_custom_step0_s_20260903_16,383ee2be448a4ede8218a102a85986a9,0.116,,,
1292,2026-09-03,SH601117,-0.04851124808192253,EXP_LinearModel_Alpha158_csi300_custom_step0_s_20260903_16,383ee2be448a4ede8218a102a85986a9,0.116,,,
1293,2026-09-03,SH601111,0.033161524683237076,EXP_LinearModel_Alpha158_csi300_custom_step0_s_20260903_16,383ee2be448a4ede8218a102a85986a9,0.116,,,
1294,2026-09-03,SH601100,-0.1336531639099121,EXP_LinearModel_Alpha158_csi300_custom_step0_s_20260903_16,383ee2be448a4ede8218a102a85986a9,0.116,,,
1295,2026-09-03,SH601088,0.016471533104777336,EXP_LinearModel_Alpha158_csi300_custom_step0_s_20260903_16,383ee2be448a4ede8218a102a85986a9,0.116,,,
1296,2026-09-03,SH601077,0.027101915329694748,EXP_LinearModel_Alpha158_csi300_custom_step0_s_20260903_16,383ee2be448a4ede8218a102a85986a9,0.116,,,
1297,2026-09-03,SH601136,0.021122798323631287,EXP_LinearModel_Alpha158_csi300_custom_step0_s_20260903_16,383ee2be448a4ede8218a102a85986a9,0.116,,,
1298,2026-09-03,SH601238,-0.056402675807476044,EXP_LinearModel_Alpha158_csi300_custom_step0_s_20260903_16,383ee2be448a4ede8218a102a85986a9,0.116,,,
1299,2026-09-03,SH600900,0.062488049268722534,EXP_LinearModel_Alpha158_csi300_custom_step0_s_20260903_16,383ee2be448a4ede8218a102a85986a9,0.116,,,
1300,2026-09-03,SH600887,0.0588902123272419,EXP_LinearModel_Alpha158_csi300_custom_step0_s_20260903_16,383ee2be448a4ede8218a102a85986a9,0.116,,,
1301,2026-09-03,SH600362,0.05812697112560272,EXP_LinearModel_Alpha158_csi300_custom_step0_s_20260903_16,383ee2be448a4ede8218a102a85986a9,0.116,,,
1302,2026-09-03,SH600372,0.029041722416877747,EXP_LinearModel_Alpha158_csi300_custom_step0_s_20260903_16,383ee2be448a4ede8218a102a85986a9,0.116,,,
1303,2026-09-03,SH600406,0.03508535400032997,EXP_LinearModel_Alpha158_csi300_custom_step0_s_20260903_16,383ee2be448a4ede8218a102a85986a9,0.116,,,
1304,2026-09-03,SH600415,0.033720217645168304,EXP_LinearModel_Alpha158_csi300_custom_step0_s_20260903_16,383ee2be448a4ede8218a102a85986a9,0.116,,,
1305,2026-09-03,SH600426,0.0040053268894553185,EXP_LinearModel_Alpha158_csi300_custom_step0_s_20260903_16,383ee2be448a4ede8218a102a85986a9,0.116,,,
1306,2026-09-03,SH600436,0.018243083730340004,EXP_LinearModel_Alpha158_csi300_custom_step0_s_20260903_16,383ee2be448a4ede8218a102a85986a9,0.116,,,
1307,2026-09-03,SH600438,0.019176460802555084,EXP_LinearModel_Alpha158_csi300_custom_step0_s_20260903_16,383ee2be448a4ede8218a102a85986a9,0.116,,,
1308,2026-09-03,SH600460,0.042347922921180725,EXP_LinearModel_Alpha158_csi300_custom_step0_s_20260903_16,383ee2be448a4ede8218a102a85986a9,0.116,,,
1309,2026-09-03,SH600482,0.07096335291862488,EXP_LinearModel_Alpha158_csi300_custom_step0_s_20260903_16,383ee2be448a4ede8218a102a85986a9,0.116,,,
1310,2026-09-03,SH600489,0.153818741440773,EXP_LinearModel_Alpha158_csi300_custom_step0_s_20260903_16,383ee2be448a4ede8218a102a85986a9,0.116,,,
1311,2026-09-03,SH600515,-0.01152597926557064,EXP_LinearModel_Alpha158_csi300_custom_step0_s_20260903_16,383ee2be448a4ede8218a102a85986a9,0.116,,,
1312,2026-09-03,SH600519,0.005735095590353012,EXP_LinearModel_Alpha158_csi300_custom_step0_s_20260903_16,383ee2be448a4ede8218a102a85986a9,0.116,,,
1313,2026-09-03,SH600522,0.14312224090099335,EXP_LinearModel_Alpha158_csi300_custom_step0_s_20260903_16,383ee2be448a4ede8218a102a85986a9,0.116,,,
1314,2026-09-03,SH600547,0.1909501850605011,EXP_LinearModel_Alpha158_csi300_custom_step0_s_20260903_16,383ee2be448a4ede8218a102a85986a9,0.116,,,
1315,2026-09-03,SH600549,0.1012985110282898,EXP_LinearModel_Alpha158_csi300_custom_step0_s_20260903_16,383ee2be448a4ede8218a102a85986a9,0.116,,,
1316,2026-09-03,SH600570,-0.014772996306419373,EXP_LinearModel_Alpha158_csi300_custom_step0_s_20260903_16,383ee2be448a4ede8218a102a85986a9,0.116,,,
1317,2026-09-03,SH600584,0.08259342610836029,EXP_LinearModel_Alpha158_csi300_custom_step0_s_20260903_16,383ee2be448a4ede8218a102a85986a9,0.116,,,
1318,2026-09-03,SH600886,0.052126891911029816,EXP_LinearModel_Alpha158_csi300_custom_step0_s_20260903_16,383ee2be448a4ede8218a102a85986a9,0.116,,,
1319,2026-09-03,SH600875,0.06608248502016068,EXP_LinearModel_Alpha158_csi300_custom_step0_s_20260903_16,383ee2be448a4ede8218a102a85986a9,0.116,,,
1320,2026-09-03,SH600845,-0.06996379047632217,EXP_LinearModel_Alpha158_csi300_custom_step0_s_20260903_16,383ee2be448a4ede8218a102a85986a9,0.116,,,
1321,2026-09-03,SH600809,-0.056221768260002136,EXP_LinearModel_Alpha158_csi300_custom_step0_s_20260903_16,383ee2be448a4ede8218a102a85986a9,0.116,,,
1322,2026-09-03,SH600803,0.03895818069577217,EXP_LinearModel_Alpha158_csi300_custom_step0_s_20260903_16,383ee2be448a4ede8218a102a85986a9,0.116,,,
1323,2026-09-03,SH600795,0.12759298086166382,EXP_LinearModel_Alpha158_csi300_custom_step0_s_20260903_16,383ee2be448a4ede8218a102a85986a9,0.116,,,
1324,2026-09-03,SH600893,0.12481522560119629,EXP_LinearModel_Alpha158_csi300_custom_step0_s_20260903_16,383ee2be448a4ede8218a102a85986a9,0.116,,,
1325,2026-09-03,SH600760,0.015795469284057617,EXP_LinearModel_Alpha158_csi300_custom_step0_s_20260903_16,383ee2be448a4ede8218a102a85986a9,0.116,,,
1326,2026-09-03,SH600690,0.08053653687238693,EXP_LinearModel_Alpha158_csi300_custom_step0_s_20260903_16,383ee2be448a4ede8218a102a85986a9,0.116,,,
1327,2026-09-03,SH600674,0.0026295282877981663,EXP_LinearModel_Alpha158_csi300_custom_step0_s_20260903_16,383ee2be448a4ede8218a102a85986a9,0.116,,,
1328,2026-09-03,SH600660,-0.00015804776921868324,EXP_LinearModel_Alpha158_csi300_custom_step0_s_20260903_16,383ee2be448a4ede8218a102a85986a9,0.116,,,
1329,2026-09-03,SH600600,-0.019495226442813873,EXP_LinearModel_Alpha158_csi300_custom_step0_s_20260903_16,383ee2be448a4ede8218a102a85986a9,0.116,,,
1330,2026-09-03,SH600588,0.045715056359767914,EXP_LinearModel_Alpha158_csi300_custom_step0_s_20260903_16,383ee2be448a4ede8218a102a85986a9,0.116,,,
1331,2026-09-03,SH600585,0.006582580506801605,EXP_LinearModel_Alpha158_csi300_custom_step0_s_20260903_16,383ee2be448a4ede8218a102a85986a9,0.116,,,
1332,2026-09-03,SH600741,0.0017780046910047531,EXP_LinearModel_Alpha158_csi300_custom_step0_s_20260903_16,383ee2be448a4ede8218a102a85986a9,0.116,,,
1333,2026-09-03,SH601288,-0.092674121260643,EXP_LinearModel_Alpha158_csi300_custom_step0_s_20260903_16,383ee2be448a4ede8218a102a85986a9,0.116,,,
1334,2026-09-03,SH601318,0.08178991079330444,EXP_LinearModel_Alpha158_csi300_custom_step0_s_20260903_16,383ee2be448a4ede8218a102a85986a9,0.116,,,
1335,2026-09-03,SH601319,-0.009042253717780113,EXP_LinearModel_Alpha158_csi300_custom_step0_s_20260903_16,383ee2be448a4ede8218a102a85986a9,0.116,,,
1336,2026-09-03,SH601899,0.1310577392578125,EXP_LinearModel_Alpha158_csi300_custom_step0_s_20260903_16,383ee2be448a4ede8218a102a85986a9,0.116,,,
1337,2026-09-03,SH601901,-0.05571865290403366,EXP_LinearModel_Alpha158_csi300_custom_step0_s_20260903_16,383ee2be448a4ede8218a102a85986a9,0.116,,,
1338,2026-09-03,SH601916,0.04704155772924423,EXP_LinearModel_Alpha158_csi300_custom_step0_s_20260903_16,383ee2be448a4ede8218a102a85986a9,0.116,,,
1339,2026-09-03,SH601919,0.06971924006938934,EXP_LinearModel_Alpha158_csi300_custom_step0_s_20260903_16,383ee2be448a4ede8218a102a85986a9,0.116,,,
1340,2026-09-03,SH601939,-0.016677532345056534,EXP_LinearModel_Alpha158_csi300_custom_step0_s_20260903_16,383ee2be448a4ede8218a102a85986a9,0.116,,,
1341,2026-09-03,SH601985,0.028395727276802063,EXP_LinearModel_Alpha158_csi300_custom_step0_s_20260903_16,383ee2be448a4ede8218a102a85986a9,0.116,,,
1342,2026-09-03,SH601988,0.03624032437801361,EXP_LinearModel_Alpha158_csi300_custom_step0_s_20260903_16,383ee2be448a4ede8218a102a85986a9,0.116,,,
1343,2026-09-03,SH601995,-0.05323745682835579,EXP_LinearModel_Alpha158_csi300_custom_step0_s_20260903_16,383ee2be448a4ede8218a102a85986a9,0.116,,,
1344,2026-09-03,SH601998,0.10123416036367416,EXP_LinearModel_Alpha158_csi300_custom_step0_s_20260903_16,383ee2be448a4ede8218a102a85986a9,0.116,,,
1345,2026-09-03,SH603019,-0.05172150954604149,EXP_LinearModel_Alpha158_csi300_custom_step0_s_20260903_16,383ee2be448a4ede8218a102a85986a9,0.116,,,
1346,2026-09-03,SH603259,0.13243886828422546,EXP_LinearModel_Alpha158_csi300_custom_step0_s_20260903_16,383ee2be448a4ede8218a102a85986a9,0.116,,,
1347,2026-09-03,SH603260,0.013932742178440094,EXP_LinearModel_Alpha158_csi300_custom_step0_s_20260903_16,383ee2be448a4ede8218a102a85986a9,0.116,,,
1348,2026-09-03,SH603288,0.004321567714214325,EXP_LinearModel_Alpha158_csi300_custom_step0_s_20260903_16,383ee2be448a4ede8218a102a85986a9,0.116,,,
1349,2026-09-03,SH603296,0.00384359247982502,EXP_LinearModel_Alpha158_csi300_custom_step0_s_20260903_16,383ee2be448a4ede8218a102a85986a9,0.116,,,
1350,2026-09-03,SH603369,0.04708703234791756,EXP_LinearModel_Alpha158_csi300_custom_step0_s_20260903_16,383ee2be448a4ede8218a102a85986a9,0.116,,,
1351,2026-09-03,SH603392,-0.004806486889719963,EXP_LinearModel_Alpha158_csi300_custom_step0_s_20260903_16,383ee2be448a4ede8218a102a85986a9,0.116,,,
1352,2026-09-03,SH603501,-0.025722024962306023,EXP_LinearModel_Alpha158_csi300_custom_step0_s_20260903_16,383ee2be448a4ede8218a102a85986a9,0.116,,,
1353,2026-09-03,SH688082,0.18007467687129974,EXP_LinearModel_Alpha158_csi300_custom_step0_s_20260903_16,383ee2be448a4ede8218a102a85986a9,0.116,,,
1354,2026-09-03,SH688072,0.029368162155151367,EXP_LinearModel_Alpha158_csi300_custom_step0_s_20260903_16,383ee2be448a4ede8218a102a85986a9,0.116,,,
1355,2026-09-03,SH688047,0.05096621811389923,EXP_LinearModel_Alpha158_csi300_custom_step0_s_20260903_16,383ee2be448a4ede8218a102a85986a9,0.116,,,
1356,2026-09-03,SH688041,0.1276174783706665,EXP_LinearModel_Alpha158_csi300_custom_step0_s_20260903_16,383ee2be448a4ede8218a102a85986a9,0.116,,,
1357,2026-09-03,SH688036,0.008133413270115852,EXP_LinearModel_Alpha158_csi300_custom_step0_s_20260903_16,383ee2be448a4ede8218a102a85986a9,0.116,,,
1358,2026-09-03,SH688012,-0.016539372503757477,EXP_LinearModel_Alpha158_csi300_custom_step0_s_20260903_16,383ee2be448a4ede8218a102a85986a9,0.116,,,
1359,2026-09-03,SH601898,-0.023879561573266983,EXP_LinearModel_Alpha158_csi300_custom_step0_s_20260903_16,383ee2be448a4ede8218a102a85986a9,0.116,,,
1360,2026-09-03,SH688009,0.0027583912014961243,EXP_LinearModel_Alpha158_csi300_custom_step0_s_20260903_16,383ee2be448a4ede8218a102a85986a9,0.116,,,
1361,2026-09-03,SH605499,-0.12294436246156693,EXP_LinearModel_Alpha158_csi300_custom_step0_s_20260903_16,383ee2be448a4ede8218a102a85986a9,0.116,,,
1362,2026-09-03,SH605117,0.19720247387886047,EXP_LinearModel_Alpha158_csi300_custom_step0_s_20260903_16,383ee2be448a4ede8218a102a85986a9,0.116,,,
1363,2026-09-03,SH603993,-0.06263522803783417,EXP_LinearModel_Alpha158_csi300_custom_step0_s_20260903_16,383ee2be448a4ede8218a102a85986a9,0.116,,,
1364,2026-09-03,SH603986,0.22146514058113098,EXP_LinearModel_Alpha158_csi300_custom_step0_s_20260903_16,383ee2be448a4ede8218a102a85986a9,0.116,,,
1365,2026-09-03,SH603893,0.023158647119998932,EXP_LinearModel_Alpha158_csi300_custom_step0_s_20260903_16,383ee2be448a4ede8218a102a85986a9,0.116,,,
1366,2026-09-03,SH603799,0.0032142442651093006,EXP_LinearModel_Alpha158_csi300_custom_step0_s_20260903_16,383ee2be448a4ede8218a102a85986a9,0.116,,,
1367,2026-09-03,SH688008,0.05950503051280975,EXP_LinearModel_Alpha158_csi300_custom_step0_s_20260903_16,383ee2be448a4ede8218a102a85986a9,0.116,,,
1368,2026-09-03,SH601888,-0.021708600223064423,EXP_LinearModel_Alpha158_csi300_custom_step0_s_20260903_16,383ee2be448a4ede8218a102a85986a9,0.116,,,
1369,2026-09-03,SH601881,0.032384030520915985,EXP_LinearModel_Alpha158_csi300_custom_step0_s_20260903_16,383ee2be448a4ede8218a102a85986a9,0.116,,,
1370,2026-09-03,SH601878,-0.03705397620797157,EXP_LinearModel_Alpha158_csi300_custom_step0_s_20260903_16,383ee2be448a4ede8218a102a85986a9,0.116,,,
1371,2026-09-03,SH601658,-0.05800324305891991,EXP_LinearModel_Alpha158_csi300_custom_step0_s_20260903_16,383ee2be448a4ede8218a102a85986a9,0.116,,,
1372,2026-09-03,SH601633,-0.06682032346725464,EXP_LinearModel_Alpha158_csi300_custom_step0_s_20260903_16,383ee2be448a4ede8218a102a85986a9,0.116,,,
1373,2026-09-03,SH601628,0.02433435246348381,EXP_LinearModel_Alpha158_csi300_custom_step0_s_20260903_16,383ee2be448a4ede8218a102a85986a9,0.116,,,
1374,2026-09-03,SH601618,0.04502071812748909,EXP_LinearModel_Alpha158_csi300_custom_step0_s_20260903_16,383ee2be448a4ede8218a102a85986a9,0.116,,,
1375,2026-09-03,SH601607,-0.018715495243668556,EXP_LinearModel_Alpha158_csi300_custom_step0_s_20260903_16,383ee2be448a4ede8218a102a85986a9,0.116,,,
1376,2026-09-03,SH601601,0.09768565744161606,EXP_LinearModel_Alpha158_csi300_custom_step0_s_20260903_16,383ee2be448a4ede8218a102a85986a9,0.116,,,
1377,2026-09-03,SH601668,0.03729268163442612,EXP_LinearModel_Alpha158_csi300_custom_step0_s_20260903_16,383ee2be448a4ede8218a102a85986a9,0.116,,,
1378,2026-09-03,SH601600,0.02649889886379242,EXP_LinearModel_Alpha158_csi300_custom_step0_s_20260903_16,383ee2be448a4ede8218a102a85986a9,0.116,,,
1379,2026-09-03,SH601398,0.021673070266842842,EXP_LinearModel_Alpha158_csi300_custom_step0_s_20260903_16,383ee2be448a4ede8218a102a85986a9,0.116,,,
1380,2026-09-03,SH601390,0.0057090409100055695,EXP_LinearModel_Alpha158_csi300_custom_step0_s_20260903_16,383ee2be448a4ede8218a102a85986a9,0.116,,,
1381,2026-09-03,SH601377,0.03315792977809906,EXP_LinearModel_Alpha158_csi300_custom_step0_s_20260903_16,383ee2be448a4ede8218a102a85986a9,0.116,,,
1382,2026-09-03,SH601360,-0.09918560832738876,EXP_LinearModel_Alpha158_csi300_custom_step0_s_20260903_16,383ee2be448a4ede8218a102a85986a9,0.116,,,
1383,2026-09-03,SH601336,-0.00924355536699295,EXP_LinearModel_Alpha158_csi300_custom_step0_s_20260903_16,383ee2be448a4ede8218a102a85986a9,0.116,,,
1384,2026-09-03,SH601328,0.04307285696268082,EXP_LinearModel_Alpha158_csi300_custom_step0_s_20260903_16,383ee2be448a4ede8218a102a85986a9,0.116,,,
1385,2026-09-03,SH601456,-0.08087432384490967,EXP_LinearModel_Alpha158_csi300_custom_step0_s_20260903_16,383ee2be448a4ede8218a102a85986a9,0.116,,,
1386,2026-09-03,SH600039,0.08418762683868408,EXP_XGBModel_Alpha158_csi300_custom_step0_s_20260903_16,f03b06acfad24d9e981187312928295e,0.108,,,
1387,2026-09-03,SH601669,0.0027116313576698303,EXP_LinearModel_Alpha158_csi300_custom_step0_s_20260903_16,383ee2be448a4ede8218a102a85986a9,0.116,,,
1388,2026-09-03,SH601689,0.07396432757377625,EXP_LinearModel_Alpha158_csi300_custom_step0_s_20260903_16,383ee2be448a4ede8218a102a85986a9,0.116,,,
1389,2026-09-03,SH601877,0.011633563786745071,EXP_LinearModel_Alpha158_csi300_custom_step0_s_20260903_16,383ee2be448a4ede8218a102a85986a9,0.116,,,
1390,2026-09-03,SH601872,0.026975437998771667,EXP_LinearModel_Alpha158_csi300_custom_step0_s_20260903_16,383ee2be448a4ede8218a102a85986a9,0.116,,,
1391,2026-09-03,SH601868,0.011211186647415161,EXP_LinearModel_Alpha158_csi300_custom_step0_s_20260903_16,383ee2be448a4ede8218a102a85986a9,0.116,,,
1392,2026-09-03,SH601857,0.07483439147472382,EXP_LinearModel_Alpha158_csi300_custom_step0_s_20260903_16,383ee2be448a4ede8218a102a85986a9,0.116,,,
1393,2026-09-03,SH601838,0.08125194907188416,EXP_LinearModel_Alpha158_csi300_custom_step0_s_20260903_16,383ee2be448a4ede8218a102a85986a9,0.116,,,
1394,2026-09-03,SH601825,0.03276319056749344,EXP_LinearModel_Alpha158_csi300_custom_step0_s_20260903_16,383ee2be448a4ede8218a102a85986a9,0.116,,,
1395,2026-09-03,SH601688,0.04880693554878235,EXP_LinearModel_Alpha158_csi300_custom_step0_s_20260903_16,383ee2be448a4ede8218a102a85986a9,0.116,,,
1396,2026-09-03,SH601818,0.06556753814220428,EXP_LinearModel_Alpha158_csi300_custom_step0_s_20260903_16,383ee2be448a4ede8218a102a85986a9,0.116,,,
1397,2026-09-03,SH601800,0.01781143993139267,EXP_LinearModel_Alpha158_csi300_custom_step0_s_20260903_16,383ee2be448a4ede8218a102a85986a9,0.116,,,
1398,2026-09-03,SH601788,0.013365011662244797,EXP_LinearModel_Alpha158_csi300_custom_step0_s_20260903_16,383ee2be448a4ede8218a102a85986a9,0.116,,,
1399,2026-09-03,SH601766,0.041353221982717514,EXP_LinearModel_Alpha158_csi300_custom_step0_s_20260903_16,383ee2be448a4ede8218a102a85986a9,0.116,,,
1400,2026-09-03,SH601728,-0.003909379243850708,EXP_LinearModel_Alpha158_csi300_custom_step0_s_20260903_16,383ee2be448a4ede8218a102a85986a9,0.116,,,
1401,2026-09-03,SH601727,0.020488500595092773,EXP_LinearModel_Alpha158_csi300_custom_step0_s_20260903_16,383ee2be448a4ede8218a102a85986a9,0.116,,,
1402,2026-09-03,SH601698,0.07243356853723526,EXP_LinearModel_Alpha158_csi300_custom_step0_s_20260903_16,383ee2be448a4ede8218a102a85986a9,0.116,,,
1403,2026-09-03,SH601816,0.10529409348964691,EXP_LinearModel_Alpha158_csi300_custom_step0_s_20260903_16,383ee2be448a4ede8218a102a85986a9,0.116,,,
1404,2026-09-03,SH600346,0.12361261248588562,EXP_LinearModel_Alpha158_csi300_custom_step0_s_20260903_16,383ee2be448a4ede8218a102a85986a9,0.116,,,
1405,2026-09-03,SH600048,0.0004863489593844861,EXP_XGBModel_Alpha158_csi300_custom_step0_s_20260903_16,f03b06acfad24d9e981187312928295e,0.108,,,
1406,2026-09-03,SH600061,0.03272499516606331,EXP_XGBModel_Alpha158_csi300_custom_step0_s_20260903_16,f03b06acfad24d9e981187312928295e,0.108,,,
1407,2026-09-03,SZ000338,-0.037478718906641006,EXP_XGBModel_Alpha158_csi300_custom_step0_s_20260903_16,f03b06acfad24d9e981187312928295e,0.108,,,
1408,2026-09-03,SZ000408,0.014011182822287083,EXP_XGBModel_Alpha158_csi300_custom_step0_s_20260903_16,f03b06acfad24d9e981187312928295e,0.108,,,
1409,2026-09-03,SZ000425,0.019531240686774254,EXP_XGBModel_Alpha158_csi300_custom_step0_s_20260903_16,f03b06acfad24d9e981187312928295e,0.108,,,
1410,2026-09-03,SZ000538,0.04010336846113205,EXP_XGBModel_Alpha158_csi300_custom_step0_s_20260903_16,f03b06acfad24d9e981187312928295e,0.108,,,
1411,2026-09-03,SZ000568,-0.013045026920735836,EXP_XGBModel_Alpha158_csi300_custom_step0_s_20260903_16,f03b06acfad24d9e981187312928295e,0.108,,,
1412,2026-09-03,SZ000596,-0.03421365097165108,EXP_XGBModel_Alpha158_csi300_custom_step0_s_20260903_16,f03b06acfad24d9e981187312928295e,0.108,,,
1413,2026-09-03,SZ000617,-0.0070531247183680534,EXP_XGBModel_Alpha158_csi300_custom_step0_s_20260903_16,f03b06acfad24d9e981187312928295e,0.108,,,
1414,2026-09-03,SZ000625,0.01173679530620575,EXP_XGBModel_Alpha158_csi300_custom_step0_s_20260903_16,f03b06acfad24d9e981187312928295e,0.108,,,
1415,2026-09-03,SZ000630,-0.035977888852357864,EXP_XGBModel_Alpha158_csi300_custom_step0_s_20260903_16,f03b06acfad24d9e981187312928295e,0.108,,,
1416,2026-09-03,SZ000651,0.041412126272916794,EXP_XGBModel_Alpha158_csi300_custom_step0_s_20260903_16,f03b06acfad24d9e981187312928295e,0.108,,,
1417,2026-09-03,SZ000657,0.06809668987989426,EXP_XGBModel_Alpha158_csi300_custom_step0_s_20260903_16,f03b06acfad24d9e981187312928295e,0.108,,,
1418,2026-09-03,SZ000708,0.009132372215390205,EXP_XGBModel_Alpha158_csi300_custom_step0_s_20260903_16,f03b06acfad24d9e981187312928295e,0.108,,,
1419,2026-09-03,SZ000725,-0.07633273303508759,EXP_XGBModel_Alpha158_csi300_custom_step0_s_20260903_16,f03b06acfad24d9e981187312928295e,0.108,,,
1420,2026-09-03,SZ000768,-0.015277158468961716,EXP_XGBModel_Alpha158_csi300_custom_step0_s_20260903_16,f03b06acfad24d9e981187312928295e,0.108,,,
1421,2026-09-03,SZ000776,0.016211112961173058,EXP_XGBModel_Alpha158_csi300_custom_step0_s_20260903_16,f03b06acfad24d9e981187312928295e,0.108,,,
1422,2026-09-03,SZ000792,-0.02188214659690857,EXP_XGBModel_Alpha158_csi300_custom_step0_s_20260903_16,f03b06acfad24d9e981187312928295e,0.108,,,
1423,2026-09-03,SZ000807,0.012461628764867783,EXP_XGBModel_Alpha158_csi300_custom_step0_s_20260903_16,f03b06acfad24d9e981187312928295e,0.108,,,
1424,2026-09-03,SZ002027,0.015788283199071884,EXP_XGBModel_Alpha158_csi300_custom_step0_s_20260903_16,f03b06acfad24d9e981187312928295e,0.108,,,
1425,2026-09-03,SZ002001,0.01010175235569477,EXP_XGBModel_Alpha158_csi300_custom_step0_s_20260903_16,f03b06acfad24d9e981187312928295e,0.108,,,
1426,2026-09-03,SZ001979,0.02771163545548916,EXP_XGBModel_Alpha158_csi300_custom_step0_s_20260903_16,f03b06acfad24d9e981187312928295e,0.108,,,
1427,2026-09-03,SZ001965,0.03458797559142113,EXP_XGBModel_Alpha158_csi300_custom_step0_s_20260903_16,f03b06acfad24d9e981187312928295e,0.108,,,
1428,2026-09-03,SZ001391,0.02930298261344433,EXP_XGBModel_Alpha158_csi300_custom_step0_s_20260903_16,f03b06acfad24d9e981187312928295e,0.108,,,
1429,2026-09-03,SZ001280,-0.03476489335298538,EXP_XGBModel_Alpha158_csi300_custom_step0_s_20260903_16,f03b06acfad24d9e981187312928295e,0.108,,,
1430,2026-09-03,SZ000333,0.05252118036150932,EXP_XGBModel_Alpha158_csi300_custom_step0_s_20260903_16,f03b06acfad24d9e981187312928295e,0.108,,,
1431,2026-09-03,SZ000999,0.014511972665786743,EXP_XGBModel_Alpha158_csi300_custom_step0_s_20260903_16,f03b06acfad24d9e981187312928295e,0.108,,,
1432,2026-09-03,SZ000977,-0.06427386403083801,EXP_XGBModel_Alpha158_csi300_custom_step0_s_20260903_16,f03b06acfad24d9e981187312928295e,0.108,,,
1433,2026-09-03,SZ000975,-0.0786968544125557,EXP_XGBModel_Alpha158_csi300_custom_step0_s_20260903_16,f03b06acfad24d9e981187312928295e,0.108,,,
1434,2026-09-03,SZ000963,-0.003111758502200246,EXP_XGBModel_Alpha158_csi300_custom_step0_s_20260903_16,f03b06acfad24d9e981187312928295e,0.108,,,
1435,2026-09-03,SZ000938,-0.059346988797187805,EXP_XGBModel_Alpha158_csi300_custom_step0_s_20260903_16,f03b06acfad24d9e981187312928295e,0.108,,,
1436,2026-09-03,SZ000895,0.00556263979524374,EXP_XGBModel_Alpha158_csi300_custom_step0_s_20260903_16,f03b06acfad24d9e981187312928295e,0.108,,,
1437,2026-09-03,SZ000858,0.010557135567069054,EXP_XGBModel_Alpha158_csi300_custom_step0_s_20260903_16,f03b06acfad24d9e981187312928295e,0.108,,,
1438,2026-09-03,SZ000988,-0.07412976026535034,EXP_XGBModel_Alpha158_csi300_custom_step0_s_20260903_16,f03b06acfad24d9e981187312928295e,0.108,,,
1439,2026-09-03,SZ002028,-0.011920290999114513,EXP_XGBModel_Alpha158_csi300_custom_step0_s_20260903_16,f03b06acfad24d9e981187312928295e,0.108,,,
1440,2026-09-03,SZ000301,-0.02764708548784256,EXP_XGBModel_Alpha158_csi300_custom_step0_s_20260903_16,f03b06acfad24d9e981187312928295e,0.108,,,
1441,2026-09-03,SZ000157,-0.006309663411229849,EXP_XGBModel_Alpha158_csi300_custom_step0_s_20260903_16,f03b06acfad24d9e981187312928295e,0.108,,,
1442,2026-09-03,SH603501,-0.010369472205638885,EXP_XGBModel_Alpha158_csi300_custom_step0_s_20260903_16,f03b06acfad24d9e981187312928295e,0.108,,,
1443,2026-09-03,SH603799,-0.030332738533616066,EXP_XGBModel_Alpha158_csi300_custom_step0_s_20260903_16,f03b06acfad24d9e981187312928295e,0.108,,,
1444,2026-09-03,SH603893,-0.11666913330554962,EXP_XGBModel_Alpha158_csi300_custom_step0_s_20260903_16,f03b06acfad24d9e981187312928295e,0.108,,,
1445,2026-09-03,SH603986,-0.02624371089041233,EXP_XGBModel_Alpha158_csi300_custom_step0_s_20260903_16,f03b06acfad24d9e981187312928295e,0.108,,,
1446,2026-09-03,SH603993,-0.01765298843383789,EXP_XGBModel_Alpha158_csi300_custom_step0_s_20260903_16,f03b06acfad24d9e981187312928295e,0.108,,,
1447,2026-09-03,SH605117,-0.041335925459861755,EXP_XGBModel_Alpha158_csi300_custom_step0_s_20260903_16,f03b06acfad24d9e981187312928295e,0.108,,,
1448,2026-09-03,SH605499,-0.014562808908522129,EXP_XGBModel_Alpha158_csi300_custom_step0_s_20260903_16,f03b06acfad24d9e981187312928295e,0.108,,,
1449,2026-09-03,SH688008,-0.06306135654449463,EXP_XGBModel_Alpha158_csi300_custom_step0_s_20260903_16,f03b06acfad24d9e981187312928295e,0.108,,,
1450,2026-09-03,SH688009,0.04061030223965645,EXP_XGBModel_Alpha158_csi300_custom_step0_s_20260903_16,f03b06acfad24d9e981187312928295e,0.108,,,
1451,2026-09-03,SH688012,-0.01956304907798767,EXP_XGBModel_Alpha158_csi300_custom_step0_s_20260903_16,f03b06acfad24d9e981187312928295e,0.108,,,
1452,2026-09-03,SH688036,0.0060991630889475346,EXP_XGBModel_Alpha158_csi300_custom_step0_s_20260903_16,f03b06acfad24d9e981187312928295e,0.108,,,
1453,2026-09-03,SH688041,0.07018021494150162,EXP_XGBModel_Alpha158_csi300_custom_step0_s_20260903_16,f03b06acfad24d9e981187312928295e,0.108,,,
1454,2026-09-03,SH688047,0.0023972392082214355,EXP_XGBModel_Alpha158_csi300_custom_step0_s_20260903_16,f03b06acfad24d9e981187312928295e,0.108,,,
1455,2026-09-03,SH688072,-0.03678487241268158,EXP_XGBModel_Alpha158_csi300_custom_step0_s_20260903_16,f03b06acfad24d9e981187312928295e,0.108,,,
1456,2026-09-03,SH688082,-0.0029782208148390055,EXP_XGBModel_Alpha158_csi300_custom_step0_s_20260903_16,f03b06acfad24d9e981187312928295e,0.108,,,
1457,2026-09-03,SH688111,-0.02342962473630905,EXP_XGBModel_Alpha158_csi300_custom_step0_s_20260903_16,f03b06acfad24d9e981187312928295e,0.108,,,
1458,2026-09-03,SH688126,-0.02404642291367054,EXP_XGBModel_Alpha158_csi300_custom_step0_s_20260903_16,f03b06acfad24d9e981187312928295e,0.108,,,
1459,2026-09-03,SZ000100,0.009712590835988522,EXP_XGBModel_Alpha158_csi300_custom_step0_s_20260903_16,f03b06acfad24d9e981187312928295e,0.108,,,
1460,2026-09-03,SZ000063,-0.002655699849128723,EXP_XGBModel_Alpha158_csi300_custom_step0_s_20260903_16,f03b06acfad24d9e981187312928295e,0.108,,,
1461,2026-09-03,SZ000002,0.003961674869060516,EXP_XGBModel_Alpha158_csi300_custom_step0_s_20260903_16,f03b06acfad24d9e981187312928295e,0.108,,,
1462,2026-09-03,SZ000001,0.035896461457014084,EXP_XGBModel_Alpha158_csi300_custom_step0_s_20260903_16,f03b06acfad24d9e981187312928295e,0.108,,,
1463,2026-09-03,SH688981,-0.026826286688447,EXP_XGBModel_Alpha158_csi300_custom_step0_s_20260903_16,f03b06acfad24d9e981187312928295e,0.108,,,
1464,2026-09-03,SH688521,0.00806494988501072,EXP_XGBModel_Alpha158_csi300_custom_step0_s_20260903_16,f03b06acfad24d9e981187312928295e,0.108,,,
1465,2026-09-03,SZ000166,0.05715746805071831,EXP_XGBModel_Alpha158_csi300_custom_step0_s_20260903_16,f03b06acfad24d9e981187312928295e,0.108,,,
1466,2026-09-03,SH688506,0.02306836098432541,EXP_XGBModel_Alpha158_csi300_custom_step0_s_20260903_16,f03b06acfad24d9e981187312928295e,0.108,,,
1467,2026-09-03,SH688396,-0.05609329417347908,EXP_XGBModel_Alpha158_csi300_custom_step0_s_20260903_16,f03b06acfad24d9e981187312928295e,0.108,,,
1468,2026-09-03,SH688303,-0.013824678026139736,EXP_XGBModel_Alpha158_csi300_custom_step0_s_20260903_16,f03b06acfad24d9e981187312928295e,0.108,,,
1469,2026-09-03,SH688271,0.0034980608616024256,EXP_XGBModel_Alpha158_csi300_custom_step0_s_20260903_16,f03b06acfad24d9e981187312928295e,0.108,,,
1470,2026-09-03,SH688256,-0.02164142206311226,EXP_XGBModel_Alpha158_csi300_custom_step0_s_20260903_16,f03b06acfad24d9e981187312928295e,0.108,,,
1471,2026-09-03,SH688223,-0.03827310726046562,EXP_XGBModel_Alpha158_csi300_custom_step0_s_20260903_16,f03b06acfad24d9e981187312928295e,0.108,,,
1472,2026-09-03,SH688183,-0.10049882531166077,EXP_XGBModel_Alpha158_csi300_custom_step0_s_20260903_16,f03b06acfad24d9e981187312928295e,0.108,,,
1473,2026-09-03,SH688472,-0.07480470836162567,EXP_XGBModel_Alpha158_csi300_custom_step0_s_20260903_16,f03b06acfad24d9e981187312928295e,0.108,,,
1474,2026-09-03,SH603392,-0.02489425241947174,EXP_XGBModel_Alpha158_csi300_custom_step0_s_20260903_16,f03b06acfad24d9e981187312928295e,0.108,,,
1475,2026-09-03,SZ002049,0.03469941392540932,EXP_XGBModel_Alpha158_csi300_custom_step0_s_20260903_16,f03b06acfad24d9e981187312928295e,0.108,,,
1476,2026-09-03,SZ002074,-0.029481561854481697,EXP_XGBModel_Alpha158_csi300_custom_step0_s_20260903_16,f03b06acfad24d9e981187312928295e,0.108,,,
1477,2026-09-03,SZ300015,0.011376782320439816,EXP_XGBModel_Alpha158_csi300_custom_step0_s_20260903_16,f03b06acfad24d9e981187312928295e,0.108,,,
1478,2026-09-03,SZ300033,-0.032903943210840225,EXP_XGBModel_Alpha158_csi300_custom_step0_s_20260903_16,f03b06acfad24d9e981187312928295e,0.108,,,
1479,2026-09-03,SZ300059,0.014270148240029812,EXP_XGBModel_Alpha158_csi300_custom_step0_s_20260903_16,f03b06acfad24d9e981187312928295e,0.108,,,
1480,2026-09-03,SZ300122,-0.03990750014781952,EXP_XGBModel_Alpha158_csi300_custom_step0_s_20260903_16,f03b06acfad24d9e981187312928295e,0.108,,,
1481,2026-09-03,SZ300124,-0.007151029538363218,EXP_XGBModel_Alpha158_csi300_custom_step0_s_20260903_16,f03b06acfad24d9e981187312928295e,0.108,,,
1482,2026-09-03,SZ300251,0.008899892680346966,EXP_XGBModel_Alpha158_csi300_custom_step0_s_20260903_16,f03b06acfad24d9e981187312928295e,0.108,,,
1483,2026-09-03,SZ300274,0.051687899976968765,EXP_XGBModel_Alpha158_csi300_custom_step0_s_20260903_16,f03b06acfad24d9e981187312928295e,0.108,,,
1484,2026-09-03,SZ300308,-0.005624889861792326,EXP_XGBModel_Alpha158_csi300_custom_step0_s_20260903_16,f03b06acfad24d9e981187312928295e,0.108,,,
1485,2026-09-03,SZ300316,-0.0006252164021134377,EXP_XGBModel_Alpha158_csi300_custom_step0_s_20260903_16,f03b06acfad24d9e981187312928295e,0.108,,,
1486,2026-09-03,SZ300394,0.1515262871980667,EXP_XGBModel_Alpha158_csi300_custom_step0_s_20260903_16,f03b06acfad24d9e981187312928295e,0.108,,,
1487,2026-09-03,SZ300408,-0.011269675567746162,EXP_XGBModel_Alpha158_csi300_custom_step0_s_20260903_16,f03b06acfad24d9e981187312928295e,0.108,,,
1488,2026-09-03,SZ300413,0.15243946015834808,EXP_XGBModel_Alpha158_csi300_custom_step0_s_20260903_16,f03b06acfad24d9e981187312928295e,0.108,,,
1489,2026-09-03,SZ300418,-0.07259634137153625,EXP_XGBModel_Alpha158_csi300_custom_step0_s_20260903_16,f03b06acfad24d9e981187312928295e,0.108,,,
1490,2026-09-03,SZ300433,0.06711845844984055,EXP_XGBModel_Alpha158_csi300_custom_step0_s_20260903_16,f03b06acfad24d9e981187312928295e,0.108,,,
1491,2026-09-03,SZ300442,-0.03745592013001442,EXP_XGBModel_Alpha158_csi300_custom_step0_s_20260903_16,f03b06acfad24d9e981187312928295e,0.108,,,
1492,2026-09-03,SZ300450,-0.02859799563884735,EXP_XGBModel_Alpha158_csi300_custom_step0_s_20260903_16,f03b06acfad24d9e981187312928295e,0.108,,,
1493,2026-09-03,SZ300476,0.15208753943443298,EXP_XGBModel_Alpha158_csi300_custom_step0_s_20260903_16,f03b06acfad24d9e981187312928295e,0.108,,,
1494,2026-09-03,SZ301269,-0.05955801531672478,EXP_XGBModel_Alpha158_csi300_custom_step0_s_20260903_16,f03b06acfad24d9e981187312928295e,0.108,,,
1495,2026-09-03,SZ301236,-0.01984560303390026,EXP_XGBModel_Alpha158_csi300_custom_step0_s_20260903_16,f03b06acfad24d9e981187312928295e,0.108,,,
1496,2026-09-03,SZ301165,0.11043940484523773,EXP_XGBModel_Alpha158_csi300_custom_step0_s_20260903_16,f03b06acfad24d9e981187312928295e,0.108,,,
1497,2026-09-03,SZ300999,-0.01790192909538746,EXP_XGBModel_Alpha158_csi300_custom_step0_s_20260903_16,f03b06acfad24d9e981187312928295e,0.108,,,
1498,2026-09-03,SZ300896,-0.018169527873396873,EXP_XGBModel_Alpha158_csi300_custom_step0_s_20260903_16,f03b06acfad24d9e981187312928295e,0.108,,,
1499,2026-09-03,SZ300866,0.05663365125656128,EXP_XGBModel_Alpha158_csi300_custom_step0_s_20260903_16,f03b06acfad24d9e981187312928295e,0.108,,,
1500,2026-09-03,SZ300014,-0.009395649656653404,EXP_XGBModel_Alpha158_csi300_custom_step0_s_20260903_16,f03b06acfad24d9e981187312928295e,0.108,,,
1501,2026-09-03,SZ300832,0.013614625670015812,EXP_XGBModel_Alpha158_csi300_custom_step0_s_20260903_16,f03b06acfad24d9e981187312928295e,0.108,,,
1502,2026-09-03,SZ300760,0.0011078050592914224,EXP_XGBModel_Alpha158_csi300_custom_step0_s_20260903_16,f03b06acfad24d9e981187312928295e,0.108,,,
1503,2026-09-03,SZ300750,-0.0017073905328288674,EXP_XGBModel_Alpha158_csi300_custom_step0_s_20260903_16,f03b06acfad24d9e981187312928295e,0.108,,,
1504,2026-09-03,SZ300661,-0.02622801996767521,EXP_XGBModel_Alpha158_csi300_custom_step0_s_20260903_16,f03b06acfad24d9e981187312928295e,0.108,,,
1505,2026-09-03,SZ300628,0.006645089481025934,EXP_XGBModel_Alpha158_csi300_custom_step0_s_20260903_16,f03b06acfad24d9e981187312928295e,0.108,,,
1506,2026-09-03,SZ300502,-0.018346592783927917,EXP_XGBModel_Alpha158_csi300_custom_step0_s_20260903_16,f03b06acfad24d9e981187312928295e,0.108,,,
1507,2026-09-03,SZ300498,0.010517771355807781,EXP_XGBModel_Alpha158_csi300_custom_step0_s_20260903_16,f03b06acfad24d9e981187312928295e,0.108,,,
1508,2026-09-03,SZ300803,-0.017346182838082314,EXP_XGBModel_Alpha158_csi300_custom_step0_s_20260903_16,f03b06acfad24d9e981187312928295e,0.108,,,
1509,2026-09-03,SZ002050,-0.004008350428193808,EXP_XGBModel_Alpha158_csi300_custom_step0_s_20260903_16,f03b06acfad24d9e981187312928295e,0.108,,,
1510,2026-09-03,SZ003816,0.04731117933988571,EXP_XGBModel_Alpha158_csi300_custom_step0_s_20260903_16,f03b06acfad24d9e981187312928295e,0.108,,,
1511,2026-09-03,SZ002920,-0.025222688913345337,EXP_XGBModel_Alpha158_csi300_custom_step0_s_20260903_16,f03b06acfad24d9e981187312928295e,0.108,,,
1512,2026-09-03,SZ002142,0.048366729170084,EXP_XGBModel_Alpha158_csi300_custom_step0_s_20260903_16,f03b06acfad24d9e981187312928295e,0.108,,,
1513,2026-09-03,SZ002179,-0.016276763752102852,EXP_XGBModel_Alpha158_csi300_custom_step0_s_20260903_16,f03b06acfad24d9e981187312928295e,0.108,,,
1514,2026-09-03,SZ002202,-0.029810672625899315,EXP_XGBModel_Alpha158_csi300_custom_step0_s_20260903_16,f03b06acfad24d9e981187312928295e,0.108,,,
1515,2026-09-03,SZ002230,0.011739233508706093,EXP_XGBModel_Alpha158_csi300_custom_step0_s_20260903_16,f03b06acfad24d9e981187312928295e,0.108,,,
1516,2026-09-03,SZ002236,0.019586989656090736,EXP_XGBModel_Alpha158_csi300_custom_step0_s_20260903_16,f03b06acfad24d9e981187312928295e,0.108,,,
1517,2026-09-03,SZ002241,-0.03767082467675209,EXP_XGBModel_Alpha158_csi300_custom_step0_s_20260903_16,f03b06acfad24d9e981187312928295e,0.108,,,
1518,2026-09-03,SZ002304,0.007628964260220528,EXP_XGBModel_Alpha158_csi300_custom_step0_s_20260903_16,f03b06acfad24d9e981187312928295e,0.108,,,
1519,2026-09-03,SZ002311,-0.02658054418861866,EXP_XGBModel_Alpha158_csi300_custom_step0_s_20260903_16,f03b06acfad24d9e981187312928295e,0.108,,,
1520,2026-09-03,SZ002352,0.013260312378406525,EXP_XGBModel_Alpha158_csi300_custom_step0_s_20260903_16,f03b06acfad24d9e981187312928295e,0.108,,,
1521,2026-09-03,SZ002353,0.02780885621905327,EXP_XGBModel_Alpha158_csi300_custom_step0_s_20260903_16,f03b06acfad24d9e981187312928295e,0.108,,,
1522,2026-09-03,SZ002371,-0.007725169416517019,EXP_XGBModel_Alpha158_csi300_custom_step0_s_20260903_16,f03b06acfad24d9e981187312928295e,0.108,,,
1523,2026-09-03,SZ002384,-0.10267087817192078,EXP_XGBModel_Alpha158_csi300_custom_step0_s_20260903_16,f03b06acfad24d9e981187312928295e,0.108,,,
1524,2026-09-03,SZ002415,0.014284191653132439,EXP_XGBModel_Alpha158_csi300_custom_step0_s_20260903_16,f03b06acfad24d9e981187312928295e,0.108,,,
1525,2026-09-03,SZ002422,-0.003838740289211273,EXP_XGBModel_Alpha158_csi300_custom_step0_s_20260903_16,f03b06acfad24d9e981187312928295e,0.108,,,
1526,2026-09-03,SZ002460,0.13951332867145538,EXP_XGBModel_Alpha158_csi300_custom_step0_s_20260903_16,f03b06acfad24d9e981187312928295e,0.108,,,
1527,2026-09-03,SZ002463,-0.025555232539772987,EXP_XGBModel_Alpha158_csi300_custom_step0_s_20260903_16,f03b06acfad24d9e981187312928295e,0.108,,,
1528,2026-09-03,SZ002466,0.0543079599738121,EXP_XGBModel_Alpha158_csi300_custom_step0_s_20260903_16,f03b06acfad24d9e981187312928295e,0.108,,,
1529,2026-09-03,SZ002916,-0.026079684495925903,EXP_XGBModel_Alpha158_csi300_custom_step0_s_20260903_16,f03b06acfad24d9e981187312928295e,0.108,,,
1530,2026-09-03,SZ002837,0.2145187109708786,EXP_XGBModel_Alpha158_csi300_custom_step0_s_20260903_16,f03b06acfad24d9e981187312928295e,0.108,,,
1531,2026-09-03,SZ002736,0.025059867650270462,EXP_XGBModel_Alpha158_csi300_custom_step0_s_20260903_16,f03b06acfad24d9e981187312928295e,0.108,,,
1532,2026-09-03,SZ002714,-0.0016919118352234364,EXP_XGBModel_Alpha158_csi300_custom_step0_s_20260903_16,f03b06acfad24d9e981187312928295e,0.108,,,
1533,2026-09-03,SZ002709,-0.04069332405924797,EXP_XGBModel_Alpha158_csi300_custom_step0_s_20260903_16,f03b06acfad24d9e981187312928295e,0.108,,,
1534,2026-09-03,SZ002648,-0.000983735197223723,EXP_XGBModel_Alpha158_csi300_custom_step0_s_20260903_16,f03b06acfad24d9e981187312928295e,0.108,,,
1535,2026-09-03,SZ002938,-0.028282461687922478,EXP_XGBModel_Alpha158_csi300_custom_step0_s_20260903_16,f03b06acfad24d9e981187312928295e,0.108,,,
1536,2026-09-03,SZ002625,-0.0006924028275534511,EXP_XGBModel_Alpha158_csi300_custom_step0_s_20260903_16,f03b06acfad24d9e981187312928295e,0.108,,,
1537,2026-09-03,SZ002600,0.034334104508161545,EXP_XGBModel_Alpha158_csi300_custom_step0_s_20260903_16,f03b06acfad24d9e981187312928295e,0.108,,,
1538,2026-09-03,SZ002594,0.011547679081559181,EXP_XGBModel_Alpha158_csi300_custom_step0_s_20260903_16,f03b06acfad24d9e981187312928295e,0.108,,,
1539,2026-09-03,SZ002558,-0.017375551164150238,EXP_XGBModel_Alpha158_csi300_custom_step0_s_20260903_16,f03b06acfad24d9e981187312928295e,0.108,,,
1540,2026-09-03,SZ002532,-0.04466523975133896,EXP_XGBModel_Alpha158_csi300_custom_step0_s_20260903_16,f03b06acfad24d9e981187312928295e,0.108,,,
1541,2026-09-03,SZ002493,-0.03556162118911743,EXP_XGBModel_Alpha158_csi300_custom_step0_s_20260903_16,f03b06acfad24d9e981187312928295e,0.108,,,
1542,2026-09-03,SZ002475,-0.02298152633011341,EXP_XGBModel_Alpha158_csi300_custom_step0_s_20260903_16,f03b06acfad24d9e981187312928295e,0.108,,,
1543,2026-09-03,SZ002602,0.018683288246393204,EXP_XGBModel_Alpha158_csi300_custom_step0_s_20260903_16,f03b06acfad24d9e981187312928295e,0.108,,,
1544,2026-09-03,SH603369,-0.0423714816570282,EXP_XGBModel_Alpha158_csi300_custom_step0_s_20260903_16,f03b06acfad24d9e981187312928295e,0.108,,,
1545,2026-09-03,SH603296,-0.03967386856675148,EXP_XGBModel_Alpha158_csi300_custom_step0_s_20260903_16,f03b06acfad24d9e981187312928295e,0.108,,,
1546,2026-09-03,SH603288,-0.002331986790522933,EXP_XGBModel_Alpha158_csi300_custom_step0_s_20260903_16,f03b06acfad24d9e981187312928295e,0.108,,,
1547,2026-09-03,SH600584,-0.04769096523523331,EXP_XGBModel_Alpha158_csi300_custom_step0_s_20260903_16,f03b06acfad24d9e981187312928295e,0.108,,,
1548,2026-09-03,SH600585,0.023708224296569824,EXP_XGBModel_Alpha158_csi300_custom_step0_s_20260903_16,f03b06acfad24d9e981187312928295e,0.108,,,
1549,2026-09-03,SH600588,0.004379831254482269,EXP_XGBModel_Alpha158_csi300_custom_step0_s_20260903_16,f03b06acfad24d9e981187312928295e,0.108,,,
1550,2026-09-03,SH600600,0.0022646330762654543,EXP_XGBModel_Alpha158_csi300_custom_step0_s_20260903_16,f03b06acfad24d9e981187312928295e,0.108,,,
1551,2026-09-03,SH600660,0.03928990662097931,EXP_XGBModel_Alpha158_csi300_custom_step0_s_20260903_16,f03b06acfad24d9e981187312928295e,0.108,,,
1552,2026-09-03,SH600674,0.06494718044996262,EXP_XGBModel_Alpha158_csi300_custom_step0_s_20260903_16,f03b06acfad24d9e981187312928295e,0.108,,,
1553,2026-09-03,SH600690,0.026447618380188942,EXP_XGBModel_Alpha158_csi300_custom_step0_s_20260903_16,f03b06acfad24d9e981187312928295e,0.108,,,
1554,2026-09-03,SH600741,0.027095632627606392,EXP_XGBModel_Alpha158_csi300_custom_step0_s_20260903_16,f03b06acfad24d9e981187312928295e,0.108,,,
1555,2026-09-03,SH600760,-0.00404257932677865,EXP_XGBModel_Alpha158_csi300_custom_step0_s_20260903_16,f03b06acfad24d9e981187312928295e,0.108,,,
1556,2026-09-03,SH600795,0.04934567213058472,EXP_XGBModel_Alpha158_csi300_custom_step0_s_20260903_16,f03b06acfad24d9e981187312928295e,0.108,,,
1557,2026-09-03,SH600803,-0.035956766456365585,EXP_XGBModel_Alpha158_csi300_custom_step0_s_20260903_16,f03b06acfad24d9e981187312928295e,0.108,,,
1558,2026-09-03,SH600809,-0.006203143857419491,EXP_XGBModel_Alpha158_csi300_custom_step0_s_20260903_16,f03b06acfad24d9e981187312928295e,0.108,,,
1559,2026-09-03,SH600845,-0.012695086188614368,EXP_XGBModel_Alpha158_csi300_custom_step0_s_20260903_16,f03b06acfad24d9e981187312928295e,0.108,,,
1560,2026-09-03,SH600875,-0.027032088488340378,EXP_XGBModel_Alpha158_csi300_custom_step0_s_20260903_16,f03b06acfad24d9e981187312928295e,0.108,,,
1561,2026-09-03,SH600886,0.05368656665086746,EXP_XGBModel_Alpha158_csi300_custom_step0_s_20260903_16,f03b06acfad24d9e981187312928295e,0.108,,,
1562,2026-09-03,SH600887,0.0336553193628788,EXP_XGBModel_Alpha158_csi300_custom_step0_s_20260903_16,f03b06acfad24d9e981187312928295e,0.108,,,
1563,2026-09-03,SH600893,0.01988333836197853,EXP_XGBModel_Alpha158_csi300_custom_step0_s_20260903_16,f03b06acfad24d9e981187312928295e,0.108,,,
1564,2026-09-03,SH601012,-0.03897180035710335,EXP_XGBModel_Alpha158_csi300_custom_step0_s_20260903_16,f03b06acfad24d9e981187312928295e,0.108,,,
1565,2026-09-03,SH601009,0.0550406277179718,EXP_XGBModel_Alpha158_csi300_custom_step0_s_20260903_16,f03b06acfad24d9e981187312928295e,0.108,,,
1566,2026-09-03,SH601006,0.057580627501010895,EXP_XGBModel_Alpha158_csi300_custom_step0_s_20260903_16,f03b06acfad24d9e981187312928295e,0.108,,,
1567,2026-09-03,SH600999,0.006572009064257145,EXP_XGBModel_Alpha158_csi300_custom_step0_s_20260903_16,f03b06acfad24d9e981187312928295e,0.108,,,
1568,2026-09-03,SH600989,-0.031212566420435905,EXP_XGBModel_Alpha158_csi300_custom_step0_s_20260903_16,f03b06acfad24d9e981187312928295e,0.108,,,
1569,2026-09-03,SH600958,0.07729511708021164,EXP_XGBModel_Alpha158_csi300_custom_step0_s_20260903_16,f03b06acfad24d9e981187312928295e,0.108,,,
1570,2026-09-03,SH600570,-0.0193242859095335,EXP_XGBModel_Alpha158_csi300_custom_step0_s_20260903_16,f03b06acfad24d9e981187312928295e,0.108,,,
1571,2026-09-03,SH600941,0.06558395177125931,EXP_XGBModel_Alpha158_csi300_custom_step0_s_20260903_16,f03b06acfad24d9e981187312928295e,0.108,,,
1572,2026-09-03,SH600930,0.023310478776693344,EXP_XGBModel_Alpha158_csi300_custom_step0_s_20260903_16,f03b06acfad24d9e981187312928295e,0.108,,,
1573,2026-09-03,SH600926,0.05336318537592888,EXP_XGBModel_Alpha158_csi300_custom_step0_s_20260903_16,f03b06acfad24d9e981187312928295e,0.108,,,
1574,2026-09-03,SH600919,0.08628788590431213,EXP_XGBModel_Alpha158_csi300_custom_step0_s_20260903_16,f03b06acfad24d9e981187312928295e,0.108,,,
1575,2026-09-03,SH600918,0.015199661254882812,EXP_XGBModel_Alpha158_csi300_custom_step0_s_20260903_16,f03b06acfad24d9e981187312928295e,0.108,,,
1576,2026-09-03,SH600905,0.03260912001132965,EXP_XGBModel_Alpha158_csi300_custom_step0_s_20260903_16,f03b06acfad24d9e981187312928295e,0.108,,,
1577,2026-09-03,SH600900,0.049447763711214066,EXP_XGBModel_Alpha158_csi300_custom_step0_s_20260903_16,f03b06acfad24d9e981187312928295e,0.108,,,
1578,2026-09-03,SH600938,0.011423674412071705,EXP_XGBModel_Alpha158_csi300_custom_step0_s_20260903_16,f03b06acfad24d9e981187312928295e,0.108,,,
1579,2026-09-03,SH601018,0.09041865915060043,EXP_XGBModel_Alpha158_csi300_custom_step0_s_20260903_16,f03b06acfad24d9e981187312928295e,0.108,,,
1580,2026-09-03,SH600549,-0.023572536185383797,EXP_XGBModel_Alpha158_csi300_custom_step0_s_20260903_16,f03b06acfad24d9e981187312928295e,0.108,,,
1581,2026-09-03,SH600522,-0.047085996717214584,EXP_XGBModel_Alpha158_csi300_custom_step0_s_20260903_16,f03b06acfad24d9e981187312928295e,0.108,,,
1582,2026-09-03,SH600066,-0.06165194883942604,EXP_XGBModel_Alpha158_csi300_custom_step0_s_20260903_16,f03b06acfad24d9e981187312928295e,0.108,,,
1583,2026-09-03,SH600085,0.009903037920594215,EXP_XGBModel_Alpha158_csi300_custom_step0_s_20260903_16,f03b06acfad24d9e981187312928295e,0.108,,,
1584,2026-09-03,SH600089,-0.0033071471843868494,EXP_XGBModel_Alpha158_csi300_custom_step0_s_20260903_16,f03b06acfad24d9e981187312928295e,0.108,,,
1585,2026-09-03,SH600104,0.026285996660590172,EXP_XGBModel_Alpha158_csi300_custom_step0_s_20260903_16,f03b06acfad24d9e981187312928295e,0.108,,,
1586,2026-09-03,SH600111,-0.013482100330293179,EXP_XGBModel_Alpha158_csi300_custom_step0_s_20260903_16,f03b06acfad24d9e981187312928295e,0.108,,,
1587,2026-09-03,SH600115,-0.014962069690227509,EXP_XGBModel_Alpha158_csi300_custom_step0_s_20260903_16,f03b06acfad24d9e981187312928295e,0.108,,,
1588,2026-09-03,SH600118,0.05742901191115379,EXP_XGBModel_Alpha158_csi300_custom_step0_s_20260903_16,f03b06acfad24d9e981187312928295e,0.108,,,
1589,2026-09-03,SH600150,0.055168282240629196,EXP_XGBModel_Alpha158_csi300_custom_step0_s_20260903_16,f03b06acfad24d9e981187312928295e,0.108,,,
1590,2026-09-03,SH600160,-0.08706433326005936,EXP_XGBModel_Alpha158_csi300_custom_step0_s_20260903_16,f03b06acfad24d9e981187312928295e,0.108,,,
1591,2026-09-03,SH600176,0.04658341780304909,EXP_XGBModel_Alpha158_csi300_custom_step0_s_20260903_16,f03b06acfad24d9e981187312928295e,0.108,,,
1592,2026-09-03,SH600183,-0.006131731439381838,EXP_XGBModel_Alpha158_csi300_custom_step0_s_20260903_16,f03b06acfad24d9e981187312928295e,0.108,,,
1593,2026-09-03,SH600188,-0.009884382598102093,EXP_XGBModel_Alpha158_csi300_custom_step0_s_20260903_16,f03b06acfad24d9e981187312928295e,0.108,,,
1594,2026-09-03,SH600196,-0.004470549989491701,EXP_XGBModel_Alpha158_csi300_custom_step0_s_20260903_16,f03b06acfad24d9e981187312928295e,0.108,,,
1595,2026-09-03,SH600219,0.018338939175009727,EXP_XGBModel_Alpha158_csi300_custom_step0_s_20260903_16,f03b06acfad24d9e981187312928295e,0.108,,,
1596,2026-09-03,SH600221,0.02820090390741825,EXP_XGBModel_Alpha158_csi300_custom_step0_s_20260903_16,f03b06acfad24d9e981187312928295e,0.108,,,
1597,2026-09-03,SH600233,-0.019536428153514862,EXP_XGBModel_Alpha158_csi300_custom_step0_s_20260903_16,f03b06acfad24d9e981187312928295e,0.108,,,
1598,2026-09-03,SH600276,0.010549969971179962,EXP_XGBModel_Alpha158_csi300_custom_step0_s_20260903_16,f03b06acfad24d9e981187312928295e,0.108,,,
1599,2026-09-03,SH600519,0.028044581413269043,EXP_XGBModel_Alpha158_csi300_custom_step0_s_20260903_16,f03b06acfad24d9e981187312928295e,0.108,,,
1600,2026-09-03,SH600515,0.011880628764629364,EXP_XGBModel_Alpha158_csi300_custom_step0_s_20260903_16,f03b06acfad24d9e981187312928295e,0.108,,,
1601,2026-09-03,SH600489,-0.008029364049434662,EXP_XGBModel_Alpha158_csi300_custom_step0_s_20260903_16,f03b06acfad24d9e981187312928295e,0.108,,,
1602,2026-09-03,SH600482,-0.02995140478014946,EXP_XGBModel_Alpha158_csi300_custom_step0_s_20260903_16,f03b06acfad24d9e981187312928295e,0.108,,,
1603,2026-09-03,SH600460,-0.08502358198165894,EXP_XGBModel_Alpha158_csi300_custom_step0_s_20260903_16,f03b06acfad24d9e981187312928295e,0.108,,,
1604,2026-09-03,SH600438,-0.05028365179896355,EXP_XGBModel_Alpha158_csi300_custom_step0_s_20260903_16,f03b06acfad24d9e981187312928295e,0.108,,,
1605,2026-09-03,SH600547,-0.04578090459108353,EXP_XGBModel_Alpha158_csi300_custom_step0_s_20260903_16,f03b06acfad24d9e981187312928295e,0.108,,,
1606,2026-09-03,SH600436,-0.013684826903045177,EXP_XGBModel_Alpha158_csi300_custom_step0_s_20260903_16,f03b06acfad24d9e981187312928295e,0.108,,,
1607,2026-09-03,SH600415,-0.02532508410513401,EXP_XGBModel_Alpha158_csi300_custom_step0_s_20260903_16,f03b06acfad24d9e981187312928295e,0.108,,,
1608,2026-09-03,SH600406,0.018382374197244644,EXP_XGBModel_Alpha158_csi300_custom_step0_s_20260903_16,f03b06acfad24d9e981187312928295e,0.108,,,
1609,2026-09-03,SH600372,0.05332677438855171,EXP_XGBModel_Alpha158_csi300_custom_step0_s_20260903_16,f03b06acfad24d9e981187312928295e,0.108,,,
1610,2026-09-03,SH600362,-0.02615870162844658,EXP_XGBModel_Alpha158_csi300_custom_step0_s_20260903_16,f03b06acfad24d9e981187312928295e,0.108,,,
1611,2026-09-03,SH600346,-0.02901182696223259,EXP_XGBModel_Alpha158_csi300_custom_step0_s_20260903_16,f03b06acfad24d9e981187312928295e,0.108,,,
1612,2026-09-03,SH600309,0.006108707748353481,EXP_XGBModel_Alpha158_csi300_custom_step0_s_20260903_16,f03b06acfad24d9e981187312928295e,0.108,,,
1613,2026-09-03,SH600426,-0.02770109847187996,EXP_XGBModel_Alpha158_csi300_custom_step0_s_20260903_16,f03b06acfad24d9e981187312928295e,0.108,,,
1614,2026-09-03,SH601021,0.004536615684628487,EXP_XGBModel_Alpha158_csi300_custom_step0_s_20260903_16,f03b06acfad24d9e981187312928295e,0.108,,,
1615,2026-09-03,SH601058,-0.005876460578292608,EXP_XGBModel_Alpha158_csi300_custom_step0_s_20260903_16,f03b06acfad24d9e981187312928295e,0.108,,,
1616,2026-09-03,SH601059,0.05142636597156525,EXP_XGBModel_Alpha158_csi300_custom_step0_s_20260903_16,f03b06acfad24d9e981187312928295e,0.108,,,
1617,2026-09-03,SH601689,-0.07052090764045715,EXP_XGBModel_Alpha158_csi300_custom_step0_s_20260903_16,f03b06acfad24d9e981187312928295e,0.108,,,
1618,2026-09-03,SH601698,0.02211502194404602,EXP_XGBModel_Alpha158_csi300_custom_step0_s_20260903_16,f03b06acfad24d9e981187312928295e,0.108,,,
1619,2026-09-03,SH601727,0.004727131221443415,EXP_XGBModel_Alpha158_csi300_custom_step0_s_20260903_16,f03b06acfad24d9e981187312928295e,0.108,,,
1620,2026-09-03,SH601728,0.05387970432639122,EXP_XGBModel_Alpha158_csi300_custom_step0_s_20260903_16,f03b06acfad24d9e981187312928295e,0.108,,,
1621,2026-09-03,SH601766,0.044139180332422256,EXP_XGBModel_Alpha158_csi300_custom_step0_s_20260903_16,f03b06acfad24d9e981187312928295e,0.108,,,
1622,2026-09-03,SH601788,0.02230149134993553,EXP_XGBModel_Alpha158_csi300_custom_step0_s_20260903_16,f03b06acfad24d9e981187312928295e,0.108,,,
1623,2026-09-03,SH601800,0.021922193467617035,EXP_XGBModel_Alpha158_csi300_custom_step0_s_20260903_16,f03b06acfad24d9e981187312928295e,0.108,,,
1624,2026-09-03,SH601816,0.04991713538765907,EXP_XGBModel_Alpha158_csi300_custom_step0_s_20260903_16,f03b06acfad24d9e981187312928295e,0.108,,,
1625,2026-09-03,SH601818,0.0454680435359478,EXP_XGBModel_Alpha158_csi300_custom_step0_s_20260903_16,f03b06acfad24d9e981187312928295e,0.108,,,
1626,2026-09-03,SH601825,0.048511289060115814,EXP_XGBModel_Alpha158_csi300_custom_step0_s_20260903_16,f03b06acfad24d9e981187312928295e,0.108,,,
1627,2026-09-03,SH601838,0.03969942778348923,EXP_XGBModel_Alpha158_csi300_custom_step0_s_20260903_16,f03b06acfad24d9e981187312928295e,0.108,,,
1628,2026-09-03,SH601857,0.02938818372786045,EXP_XGBModel_Alpha158_csi300_custom_step0_s_20260903_16,f03b06acfad24d9e981187312928295e,0.108,,,
1629,2026-09-03,SH601868,0.02010362595319748,EXP_XGBModel_Alpha158_csi300_custom_step0_s_20260903_16,f03b06acfad24d9e981187312928295e,0.108,,,
1630,2026-09-03,SH601872,-0.016164913773536682,EXP_XGBModel_Alpha158_csi300_custom_step0_s_20260903_16,f03b06acfad24d9e981187312928295e,0.108,,,
1631,2026-09-03,SH601877,-0.007331162225455046,EXP_XGBModel_Alpha158_csi300_custom_step0_s_20260903_16,f03b06acfad24d9e981187312928295e,0.108,,,
1632,2026-09-03,SH601878,0.05467991158366203,EXP_XGBModel_Alpha158_csi300_custom_step0_s_20260903_16,f03b06acfad24d9e981187312928295e,0.108,,,
1633,2026-09-03,SH601881,0.03982451185584068,EXP_XGBModel_Alpha158_csi300_custom_step0_s_20260903_16,f03b06acfad24d9e981187312928295e,0.108,,,
1634,2026-09-03,SH603260,-0.06936502456665039,EXP_XGBModel_Alpha158_csi300_custom_step0_s_20260903_16,f03b06acfad24d9e981187312928295e,0.108,,,
1635,2026-09-03,SH603259,-0.050520140677690506,EXP_XGBModel_Alpha158_csi300_custom_step0_s_20260903_16,f03b06acfad24d9e981187312928295e,0.108,,,
1636,2026-09-03,SH603019,-0.03775586932897568,EXP_XGBModel_Alpha158_csi300_custom_step0_s_20260903_16,f03b06acfad24d9e981187312928295e,0.108,,,
1637,2026-09-03,SH601998,-0.012938195839524269,EXP_XGBModel_Alpha158_csi300_custom_step0_s_20260903_16,f03b06acfad24d9e981187312928295e,0.108,,,
1638,2026-09-03,SH601995,0.04243605583906174,EXP_XGBModel_Alpha158_csi300_custom_step0_s_20260903_16,f03b06acfad24d9e981187312928295e,0.108,,,
1639,2026-09-03,SH601988,-0.0299682654440403,EXP_XGBModel_Alpha158_csi300_custom_step0_s_20260903_16,f03b06acfad24d9e981187312928295e,0.108,,,
1640,2026-09-03,SH601688,0.02886534482240677,EXP_XGBModel_Alpha158_csi300_custom_step0_s_20260903_16,f03b06acfad24d9e981187312928295e,0.108,,,
1641,2026-09-03,SH601985,0.029959820210933685,EXP_XGBModel_Alpha158_csi300_custom_step0_s_20260903_16,f03b06acfad24d9e981187312928295e,0.108,,,
1642,2026-09-03,SH601919,0.005341346375644207,EXP_XGBModel_Alpha158_csi300_custom_step0_s_20260903_16,f03b06acfad24d9e981187312928295e,0.108,,,
1643,2026-09-03,SH601916,0.055717647075653076,EXP_XGBModel_Alpha158_csi300_custom_step0_s_20260903_16,f03b06acfad24d9e981187312928295e,0.108,,,
1644,2026-09-03,SH601901,0.03222222253680229,EXP_XGBModel_Alpha158_csi300_custom_step0_s_20260903_16,f03b06acfad24d9e981187312928295e,0.108,,,
1645,2026-09-03,SH601899,0.0004429497348610312,EXP_XGBModel_Alpha158_csi300_custom_step0_s_20260903_16,f03b06acfad24d9e981187312928295e,0.108,,,
1646,2026-09-03,SH601898,-0.06972581893205643,EXP_XGBModel_Alpha158_csi300_custom_step0_s_20260903_16,f03b06acfad24d9e981187312928295e,0.108,,,
1647,2026-09-03,SH601888,-0.021782610565423965,EXP_XGBModel_Alpha158_csi300_custom_step0_s_20260903_16,f03b06acfad24d9e981187312928295e,0.108,,,
1648,2026-09-03,SH601939,0.005757649429142475,EXP_XGBModel_Alpha158_csi300_custom_step0_s_20260903_16,f03b06acfad24d9e981187312928295e,0.108,,,
1649,2026-09-03,SH601669,0.01762252114713192,EXP_XGBModel_Alpha158_csi300_custom_step0_s_20260903_16,f03b06acfad24d9e981187312928295e,0.108,,,
1650,2026-09-03,SH601668,0.028558745980262756,EXP_XGBModel_Alpha158_csi300_custom_step0_s_20260903_16,f03b06acfad24d9e981187312928295e,0.108,,,
1651,2026-09-03,SH601658,0.006189974490553141,EXP_XGBModel_Alpha158_csi300_custom_step0_s_20260903_16,f03b06acfad24d9e981187312928295e,0.108,,,
1652,2026-09-03,SH601225,-0.011804881505668163,EXP_XGBModel_Alpha158_csi300_custom_step0_s_20260903_16,f03b06acfad24d9e981187312928295e,0.108,,,
1653,2026-09-03,SH601211,0.024488665163517,EXP_XGBModel_Alpha158_csi300_custom_step0_s_20260903_16,f03b06acfad24d9e981187312928295e,0.108,,,
1654,2026-09-03,SH601186,0.03358639031648636,EXP_XGBModel_Alpha158_csi300_custom_step0_s_20260903_16,f03b06acfad24d9e981187312928295e,0.108,,,
1655,2026-09-03,SH601169,0.1278570592403412,EXP_XGBModel_Alpha158_csi300_custom_step0_s_20260903_16,f03b06acfad24d9e981187312928295e,0.108,,,
1656,2026-09-03,SH601166,0.028122741729021072,EXP_XGBModel_Alpha158_csi300_custom_step0_s_20260903_16,f03b06acfad24d9e981187312928295e,0.108,,,
1657,2026-09-03,SH601138,-0.03813754767179489,EXP_XGBModel_Alpha158_csi300_custom_step0_s_20260903_16,f03b06acfad24d9e981187312928295e,0.108,,,
1658,2026-09-03,SH601229,0.018886491656303406,EXP_XGBModel_Alpha158_csi300_custom_step0_s_20260903_16,f03b06acfad24d9e981187312928295e,0.108,,,
1659,2026-09-03,SH601136,-0.020595505833625793,EXP_XGBModel_Alpha158_csi300_custom_step0_s_20260903_16,f03b06acfad24d9e981187312928295e,0.108,,,
1660,2026-09-03,SH601117,0.03863392770290375,EXP_XGBModel_Alpha158_csi300_custom_step0_s_20260903_16,f03b06acfad24d9e981187312928295e,0.108,,,
1661,2026-09-03,SH601111,0.010697266086935997,EXP_XGBModel_Alpha158_csi300_custom_step0_s_20260903_16,f03b06acfad24d9e981187312928295e,0.108,,,
1662,2026-09-03,SH601100,-0.008308437652885914,EXP_XGBModel_Alpha158_csi300_custom_step0_s_20260903_16,f03b06acfad24d9e981187312928295e,0.108,,,
1663,2026-09-03,SH601088,0.02607404626905918,EXP_XGBModel_Alpha158_csi300_custom_step0_s_20260903_16,f03b06acfad24d9e981187312928295e,0.108,,,
1664,2026-09-03,SH601077,0.014123429544270039,EXP_XGBModel_Alpha158_csi300_custom_step0_s_20260903_16,f03b06acfad24d9e981187312928295e,0.108,,,
1665,2026-09-03,SH601066,-0.005596659611910582,EXP_XGBModel_Alpha158_csi300_custom_step0_s_20260903_16,f03b06acfad24d9e981187312928295e,0.108,,,
1666,2026-09-03,SH601127,0.008160839788615704,EXP_XGBModel_Alpha158_csi300_custom_step0_s_20260903_16,f03b06acfad24d9e981187312928295e,0.108,,,
1667,2026-09-03,SH600050,0.03760545700788498,EXP_XGBModel_Alpha158_csi300_custom_step0_s_20260903_16,f03b06acfad24d9e981187312928295e,0.108,,,
1668,2026-09-03,SH601238,0.0140504976734519,EXP_XGBModel_Alpha158_csi300_custom_step0_s_20260903_16,f03b06acfad24d9e981187312928295e,0.108,,,
1669,2026-09-03,SH601318,0.009735346771776676,EXP_XGBModel_Alpha158_csi300_custom_step0_s_20260903_16,f03b06acfad24d9e981187312928295e,0.108,,,
1670,2026-09-03,SH601633,-0.0068590398877859116,EXP_XGBModel_Alpha158_csi300_custom_step0_s_20260903_16,f03b06acfad24d9e981187312928295e,0.108,,,
1671,2026-09-03,SH601628,0.01096536498516798,EXP_XGBModel_Alpha158_csi300_custom_step0_s_20260903_16,f03b06acfad24d9e981187312928295e,0.108,,,
1672,2026-09-03,SH601618,0.00904915016144514,EXP_XGBModel_Alpha158_csi300_custom_step0_s_20260903_16,f03b06acfad24d9e981187312928295e,0.108,,,
1673,2026-09-03,SH601607,0.05445915460586548,EXP_XGBModel_Alpha158_csi300_custom_step0_s_20260903_16,f03b06acfad24d9e981187312928295e,0.108,,,
1674,2026-09-03,SH601601,0.013781373389065266,EXP_XGBModel_Alpha158_csi300_custom_step0_s_20260903_16,f03b06acfad24d9e981187312928295e,0.108,,,
1675,2026-09-03,SH601600,0.01458667777478695,EXP_XGBModel_Alpha158_csi300_custom_step0_s_20260903_16,f03b06acfad24d9e981187312928295e,0.108,,,
1676,2026-09-03,SH601288,0.01972665823996067,EXP_XGBModel_Alpha158_csi300_custom_step0_s_20260903_16,f03b06acfad24d9e981187312928295e,0.108,,,
1677,2026-09-03,SH601456,0.03143085911870003,EXP_XGBModel_Alpha158_csi300_custom_step0_s_20260903_16,f03b06acfad24d9e981187312928295e,0.108,,,
1678,2026-09-03,SH601390,0.025310426950454712,EXP_XGBModel_Alpha158_csi300_custom_step0_s_20260903_16,f03b06acfad24d9e981187312928295e,0.108,,,
1679,2026-09-03,SH601377,0.05520176142454147,EXP_XGBModel_Alpha158_csi300_custom_step0_s_20260903_16,f03b06acfad24d9e981187312928295e,0.108,,,
1680,2026-09-03,SH601360,-0.01459084264934063,EXP_XGBModel_Alpha158_csi300_custom_step0_s_20260903_16,f03b06acfad24d9e981187312928295e,0.108,,,
1681,2026-09-03,SH601336,0.035339344292879105,EXP_XGBModel_Alpha158_csi300_custom_step0_s_20260903_16,f03b06acfad24d9e981187312928295e,0.108,,,
1682,2026-09-03,SH601328,0.01001324038952589,EXP_XGBModel_Alpha158_csi300_custom_step0_s_20260903_16,f03b06acfad24d9e981187312928295e,0.108,,,
1683,2026-09-03,SH601319,0.02717955783009529,EXP_XGBModel_Alpha158_csi300_custom_step0_s_20260903_16,f03b06acfad24d9e981187312928295e,0.108,,,
1684,2026-09-03,SH601398,-0.008548304438591003,EXP_XGBModel_Alpha158_csi300_custom_step0_s_20260903_16,f03b06acfad24d9e981187312928295e,0.108,,,
1685,2026-09-03,SH600309,-0.0028082355856895447,EXP_LinearModel_Alpha158_csi300_custom_step0_s_20260903_16,383ee2be448a4ede8218a102a85986a9,0.116,,,
1686,2026-09-03,SH600276,0.027750805020332336,EXP_LinearModel_Alpha158_csi300_custom_step0_s_20260903_16,383ee2be448a4ede8218a102a85986a9,0.116,,,
1687,2026-09-03,SH600233,-0.045469433069229126,EXP_LinearModel_Alpha158_csi300_custom_step0_s_20260903_16,383ee2be448a4ede8218a102a85986a9,0.116,,,
1688,2026-09-03,SZ002594,0.003964737057685852,EXP_LinearModel_Alpha158_csi300_custom_step0_s_20260903_16,cfbca044eb674131bcbde5d29da9bab3,0.107,,,
1689,2026-09-03,SZ002600,0.0008395528420805931,EXP_LinearModel_Alpha158_csi300_custom_step0_s_20260903_16,cfbca044eb674131bcbde5d29da9bab3,0.107,,,
1690,2026-09-03,SZ002602,-0.023444414138793945,EXP_LinearModel_Alpha158_csi300_custom_step0_s_20260903_16,cfbca044eb674131bcbde5d29da9bab3,0.107,,,
1691,2026-09-03,SZ002625,-0.01854998990893364,EXP_LinearModel_Alpha158_csi300_custom_step0_s_20260903_16,cfbca044eb674131bcbde5d29da9bab3,0.107,,,
1692,2026-09-03,SZ002648,0.04988573491573334,EXP_LinearModel_Alpha158_csi300_custom_step0_s_20260903_16,cfbca044eb674131bcbde5d29da9bab3,0.107,,,
1693,2026-09-03,SZ002709,-0.008405795320868492,EXP_LinearModel_Alpha158_csi300_custom_step0_s_20260903_16,cfbca044eb674131bcbde5d29da9bab3,0.107,,,
1694,2026-09-03,SZ002714,0.04308222606778145,EXP_LinearModel_Alpha158_csi300_custom_step0_s_20260903_16,cfbca044eb674131bcbde5d29da9bab3,0.107,,,
1695,2026-09-03,SZ002736,0.016809871420264244,EXP_LinearModel_Alpha158_csi300_custom_step0_s_20260903_16,cfbca044eb674131bcbde5d29da9bab3,0.107,,,
1696,2026-09-03,SZ002837,-0.004441778175532818,EXP_LinearModel_Alpha158_csi300_custom_step0_s_20260903_16,cfbca044eb674131bcbde5d29da9bab3,0.107,,,
1697,2026-09-03,SZ002916,0.035443633794784546,EXP_LinearModel_Alpha158_csi300_custom_step0_s_20260903_16,cfbca044eb674131bcbde5d29da9bab3,0.107,,,
1698,2026-09-03,SZ002920,-0.027557741850614548,EXP_LinearModel_Alpha158_csi300_custom_step0_s_20260903_16,cfbca044eb674131bcbde5d29da9bab3,0.107,,,
1699,2026-09-03,SZ002938,0.017427977174520493,EXP_LinearModel_Alpha158_csi300_custom_step0_s_20260903_16,cfbca044eb674131bcbde5d29da9bab3,0.107,,,
1700,2026-09-03,SZ003816,0.08266578614711761,EXP_LinearModel_Alpha158_csi300_custom_step0_s_20260903_16,cfbca044eb674131bcbde5d29da9bab3,0.107,,,
1701,2026-09-03,SZ300014,-0.032813310623168945,EXP_LinearModel_Alpha158_csi300_custom_step0_s_20260903_16,cfbca044eb674131bcbde5d29da9bab3,0.107,,,
1702,2026-09-03,SZ300015,0.012202942743897438,EXP_LinearModel_Alpha158_csi300_custom_step0_s_20260903_16,cfbca044eb674131bcbde5d29da9bab3,0.107,,,
1703,2026-09-03,SZ300033,-0.013356155715882778,EXP_LinearModel_Alpha158_csi300_custom_step0_s_20260903_16,cfbca044eb674131bcbde5d29da9bab3,0.107,,,
1704,2026-09-03,SZ300059,-0.030953804031014442,EXP_LinearModel_Alpha158_csi300_custom_step0_s_20260903_16,cfbca044eb674131bcbde5d29da9bab3,0.107,,,
1705,2026-09-03,SZ300476,0.09211264550685883,EXP_LinearModel_Alpha158_csi300_custom_step0_s_20260903_16,cfbca044eb674131bcbde5d29da9bab3,0.107,,,
1706,2026-09-03,SZ300450,-0.07411625981330872,EXP_LinearModel_Alpha158_csi300_custom_step0_s_20260903_16,cfbca044eb674131bcbde5d29da9bab3,0.107,,,
1707,2026-09-03,SZ300442,-0.038096897304058075,EXP_LinearModel_Alpha158_csi300_custom_step0_s_20260903_16,cfbca044eb674131bcbde5d29da9bab3,0.107,,,
1708,2026-09-03,SZ300433,0.009300148114562035,EXP_LinearModel_Alpha158_csi300_custom_step0_s_20260903_16,cfbca044eb674131bcbde5d29da9bab3,0.107,,,
1709,2026-09-03,SZ300418,-0.06821714341640472,EXP_LinearModel_Alpha158_csi300_custom_step0_s_20260903_16,cfbca044eb674131bcbde5d29da9bab3,0.107,,,
1710,2026-09-03,SZ300413,-0.3295760154724121,EXP_LinearModel_Alpha158_csi300_custom_step0_s_20260903_16,cfbca044eb674131bcbde5d29da9bab3,0.107,,,
1711,2026-09-03,SZ002558,0.02789892815053463,EXP_LinearModel_Alpha158_csi300_custom_step0_s_20260903_16,cfbca044eb674131bcbde5d29da9bab3,0.107,,,
1712,2026-09-03,SZ300408,0.0005538512486964464,EXP_LinearModel_Alpha158_csi300_custom_step0_s_20260903_16,cfbca044eb674131bcbde5d29da9bab3,0.107,,,
1713,2026-09-03,SZ300316,0.012824500910937786,EXP_LinearModel_Alpha158_csi300_custom_step0_s_20260903_16,cfbca044eb674131bcbde5d29da9bab3,0.107,,,
1714,2026-09-03,SZ300308,0.01011539064347744,EXP_LinearModel_Alpha158_csi300_custom_step0_s_20260903_16,cfbca044eb674131bcbde5d29da9bab3,0.107,,,
1715,2026-09-03,SZ300274,-0.10690672695636749,EXP_LinearModel_Alpha158_csi300_custom_step0_s_20260903_16,cfbca044eb674131bcbde5d29da9bab3,0.107,,,
1716,2026-09-03,SZ300251,-0.030381305143237114,EXP_LinearModel_Alpha158_csi300_custom_step0_s_20260903_16,cfbca044eb674131bcbde5d29da9bab3,0.107,,,
1717,2026-09-03,SZ300124,0.0084082568064332,EXP_LinearModel_Alpha158_csi300_custom_step0_s_20260903_16,cfbca044eb674131bcbde5d29da9bab3,0.107,,,
1718,2026-09-03,SZ300122,0.021969875320792198,EXP_LinearModel_Alpha158_csi300_custom_step0_s_20260903_16,cfbca044eb674131bcbde5d29da9bab3,0.107,,,
1719,2026-09-03,SZ300394,0.009382182732224464,EXP_LinearModel_Alpha158_csi300_custom_step0_s_20260903_16,cfbca044eb674131bcbde5d29da9bab3,0.107,,,
1720,2026-09-03,SZ300498,0.027671372517943382,EXP_LinearModel_Alpha158_csi300_custom_step0_s_20260903_16,cfbca044eb674131bcbde5d29da9bab3,0.107,,,
1721,2026-09-03,SZ002532,-0.1015336886048317,EXP_LinearModel_Alpha158_csi300_custom_step0_s_20260903_16,cfbca044eb674131bcbde5d29da9bab3,0.107,,,
1722,2026-09-03,SZ002475,-0.008270535618066788,EXP_LinearModel_Alpha158_csi300_custom_step0_s_20260903_16,cfbca044eb674131bcbde5d29da9bab3,0.107,,,
1723,2026-09-03,SZ000975,-0.0045165070332586765,EXP_LinearModel_Alpha158_csi300_custom_step0_s_20260903_16,cfbca044eb674131bcbde5d29da9bab3,0.107,,,
1724,2026-09-03,SZ000977,-0.033034246414899826,EXP_LinearModel_Alpha158_csi300_custom_step0_s_20260903_16,cfbca044eb674131bcbde5d29da9bab3,0.107,,,
1725,2026-09-03,SZ000988,-0.04146801680326462,EXP_LinearModel_Alpha158_csi300_custom_step0_s_20260903_16,cfbca044eb674131bcbde5d29da9bab3,0.107,,,
1726,2026-09-03,SZ000999,0.002549793105572462,EXP_LinearModel_Alpha158_csi300_custom_step0_s_20260903_16,cfbca044eb674131bcbde5d29da9bab3,0.107,,,
1727,2026-09-03,SZ001280,-0.010188055224716663,EXP_LinearModel_Alpha158_csi300_custom_step0_s_20260903_16,cfbca044eb674131bcbde5d29da9bab3,0.107,,,
1728,2026-09-03,SZ001391,0.007625982165336609,EXP_LinearModel_Alpha158_csi300_custom_step0_s_20260903_16,cfbca044eb674131bcbde5d29da9bab3,0.107,,,
1729,2026-09-03,SZ001965,0.1246848851442337,EXP_LinearModel_Alpha158_csi300_custom_step0_s_20260903_16,cfbca044eb674131bcbde5d29da9bab3,0.107,,,
1730,2026-09-03,SZ001979,0.020292505621910095,EXP_LinearModel_Alpha158_csi300_custom_step0_s_20260903_16,cfbca044eb674131bcbde5d29da9bab3,0.107,,,
1731,2026-09-03,SZ002001,0.07742791622877121,EXP_LinearModel_Alpha158_csi300_custom_step0_s_20260903_16,cfbca044eb674131bcbde5d29da9bab3,0.107,,,
1732,2026-09-03,SZ002027,0.035090960562229156,EXP_LinearModel_Alpha158_csi300_custom_step0_s_20260903_16,cfbca044eb674131bcbde5d29da9bab3,0.107,,,
1733,2026-09-03,SZ002028,-0.062265899032354355,EXP_LinearModel_Alpha158_csi300_custom_step0_s_20260903_16,cfbca044eb674131bcbde5d29da9bab3,0.107,,,
1734,2026-09-03,SZ002049,0.046995773911476135,EXP_LinearModel_Alpha158_csi300_custom_step0_s_20260903_16,cfbca044eb674131bcbde5d29da9bab3,0.107,,,
1735,2026-09-03,SZ002050,-0.02797146886587143,EXP_LinearModel_Alpha158_csi300_custom_step0_s_20260903_16,cfbca044eb674131bcbde5d29da9bab3,0.107,,,
1736,2026-09-03,SZ002074,-0.05045704543590546,EXP_LinearModel_Alpha158_csi300_custom_step0_s_20260903_16,cfbca044eb674131bcbde5d29da9bab3,0.107,,,
1737,2026-09-03,SZ002142,0.09349114447832108,EXP_LinearModel_Alpha158_csi300_custom_step0_s_20260903_16,cfbca044eb674131bcbde5d29da9bab3,0.107,,,
1738,2026-09-03,SZ002179,0.05602921545505524,EXP_LinearModel_Alpha158_csi300_custom_step0_s_20260903_16,cfbca044eb674131bcbde5d29da9bab3,0.107,,,
1739,2026-09-03,SZ002202,0.0660606175661087,EXP_LinearModel_Alpha158_csi300_custom_step0_s_20260903_16,cfbca044eb674131bcbde5d29da9bab3,0.107,,,
1740,2026-09-03,SZ002466,-0.04790223762392998,EXP_LinearModel_Alpha158_csi300_custom_step0_s_20260903_16,cfbca044eb674131bcbde5d29da9bab3,0.107,,,
1741,2026-09-03,SZ002463,-0.022935722023248672,EXP_LinearModel_Alpha158_csi300_custom_step0_s_20260903_16,cfbca044eb674131bcbde5d29da9bab3,0.107,,,
1742,2026-09-03,SZ002460,-0.06536044180393219,EXP_LinearModel_Alpha158_csi300_custom_step0_s_20260903_16,cfbca044eb674131bcbde5d29da9bab3,0.107,,,
1743,2026-09-03,SZ002422,0.06270287930965424,EXP_LinearModel_Alpha158_csi300_custom_step0_s_20260903_16,cfbca044eb674131bcbde5d29da9bab3,0.107,,,
1744,2026-09-03,SZ002415,-0.003198787569999695,EXP_LinearModel_Alpha158_csi300_custom_step0_s_20260903_16,cfbca044eb674131bcbde5d29da9bab3,0.107,,,
1745,2026-09-03,SZ002384,0.054972585290670395,EXP_LinearModel_Alpha158_csi300_custom_step0_s_20260903_16,cfbca044eb674131bcbde5d29da9bab3,0.107,,,
1746,2026-09-03,SZ002493,0.03625604137778282,EXP_LinearModel_Alpha158_csi300_custom_step0_s_20260903_16,cfbca044eb674131bcbde5d29da9bab3,0.107,,,
1747,2026-09-03,SZ002371,0.02725990116596222,EXP_LinearModel_Alpha158_csi300_custom_step0_s_20260903_16,cfbca044eb674131bcbde5d29da9bab3,0.107,,,
1748,2026-09-03,SZ002352,0.0002978290431201458,EXP_LinearModel_Alpha158_csi300_custom_step0_s_20260903_16,cfbca044eb674131bcbde5d29da9bab3,0.107,,,
1749,2026-09-03,SZ002311,-0.01092431042343378,EXP_LinearModel_Alpha158_csi300_custom_step0_s_20260903_16,cfbca044eb674131bcbde5d29da9bab3,0.107,,,
1750,2026-09-03,SZ002304,0.0005765818059444427,EXP_LinearModel_Alpha158_csi300_custom_step0_s_20260903_16,cfbca044eb674131bcbde5d29da9bab3,0.107,,,
1751,2026-09-03,SZ002241,-0.022431131452322006,EXP_LinearModel_Alpha158_csi300_custom_step0_s_20260903_16,cfbca044eb674131bcbde5d29da9bab3,0.107,,,
1752,2026-09-03,SZ002236,-0.021266302093863487,EXP_LinearModel_Alpha158_csi300_custom_step0_s_20260903_16,cfbca044eb674131bcbde5d29da9bab3,0.107,,,
1753,2026-09-03,SZ002230,-0.02627519890666008,EXP_LinearModel_Alpha158_csi300_custom_step0_s_20260903_16,cfbca044eb674131bcbde5d29da9bab3,0.107,,,
1754,2026-09-03,SZ002353,0.022077402099967003,EXP_LinearModel_Alpha158_csi300_custom_step0_s_20260903_16,cfbca044eb674131bcbde5d29da9bab3,0.107,,,
1755,2026-09-03,SZ000963,-0.008867609314620495,EXP_LinearModel_Alpha158_csi300_custom_step0_s_20260903_16,cfbca044eb674131bcbde5d29da9bab3,0.107,,,
1756,2026-09-03,SZ300502,-0.006947802379727364,EXP_LinearModel_Alpha158_csi300_custom_step0_s_20260903_16,cfbca044eb674131bcbde5d29da9bab3,0.107,,,
1757,2026-09-03,SZ300661,0.061919257044792175,EXP_LinearModel_Alpha158_csi300_custom_step0_s_20260903_16,cfbca044eb674131bcbde5d29da9bab3,0.107,,,
1758,2026-09-03,SH600089,0.0861644297838211,EXP_LinearModel_Alpha158_csi300_custom_step0_s_20260903_16,037c895fd687496699c258312baf3c1f,0.004,,,
1759,2026-09-03,SH600104,0.08081210404634476,EXP_LinearModel_Alpha158_csi300_custom_step0_s_20260903_16,037c895fd687496699c258312baf3c1f,0.004,,,
1760,2026-09-03,SH600111,0.013759233057498932,EXP_LinearModel_Alpha158_csi300_custom_step0_s_20260903_16,037c895fd687496699c258312baf3c1f,0.004,,,
1761,2026-09-03,SH600115,0.04462262988090515,EXP_LinearModel_Alpha158_csi300_custom_step0_s_20260903_16,037c895fd687496699c258312baf3c1f,0.004,,,
1762,2026-09-03,SH600118,0.12266417592763901,EXP_LinearModel_Alpha158_csi300_custom_step0_s_20260903_16,037c895fd687496699c258312baf3c1f,0.004,,,
1763,2026-09-03,SH600150,0.02332649566233158,EXP_LinearModel_Alpha158_csi300_custom_step0_s_20260903_16,037c895fd687496699c258312baf3c1f,0.004,,,
1764,2026-09-03,SH600160,0.10336992144584656,EXP_LinearModel_Alpha158_csi300_custom_step0_s_20260903_16,037c895fd687496699c258312baf3c1f,0.004,,,
1765,2026-09-03,SH600176,0.04876045137643814,EXP_LinearModel_Alpha158_csi300_custom_step0_s_20260903_16,037c895fd687496699c258312baf3c1f,0.004,,,
1766,2026-09-03,SH600183,0.057096049189567566,EXP_LinearModel_Alpha158_csi300_custom_step0_s_20260903_16,037c895fd687496699c258312baf3c1f,0.004,,,
1767,2026-09-03,SH600188,0.130949467420578,EXP_LinearModel_Alpha158_csi300_custom_step0_s_20260903_16,037c895fd687496699c258312baf3c1f,0.004,,,
1768,2026-09-03,SH600196,0.04984448850154877,EXP_LinearModel_Alpha158_csi300_custom_step0_s_20260903_16,037c895fd687496699c258312baf3c1f,0.004,,,
1769,2026-09-03,SH600219,-0.024451585486531258,EXP_LinearModel_Alpha158_csi300_custom_step0_s_20260903_16,037c895fd687496699c258312baf3c1f,0.004,,,
1770,2026-09-03,SH600221,-0.01752668432891369,EXP_LinearModel_Alpha158_csi300_custom_step0_s_20260903_16,037c895fd687496699c258312baf3c1f,0.004,,,
1771,2026-09-03,SH600233,0.016971560195088387,EXP_LinearModel_Alpha158_csi300_custom_step0_s_20260903_16,037c895fd687496699c258312baf3c1f,0.004,,,
1772,2026-09-03,SH600276,0.04017706215381622,EXP_LinearModel_Alpha158_csi300_custom_step0_s_20260903_16,037c895fd687496699c258312baf3c1f,0.004,,,
1773,2026-09-03,SH600309,-0.0025562839582562447,EXP_LinearModel_Alpha158_csi300_custom_step0_s_20260903_16,037c895fd687496699c258312baf3c1f,0.004,,,
1774,2026-09-03,SH600346,0.11212466657161713,EXP_LinearModel_Alpha158_csi300_custom_step0_s_20260903_16,037c895fd687496699c258312baf3c1f,0.004,,,
1775,2026-09-03,SH600547,-0.01377872470766306,EXP_LinearModel_Alpha158_csi300_custom_step0_s_20260903_16,037c895fd687496699c258312baf3c1f,0.004,,,
1776,2026-09-03,SH600522,0.16355304419994354,EXP_LinearModel_Alpha158_csi300_custom_step0_s_20260903_16,037c895fd687496699c258312baf3c1f,0.004,,,
1777,2026-09-03,SH600519,0.013283200562000275,EXP_LinearModel_Alpha158_csi300_custom_step0_s_20260903_16,037c895fd687496699c258312baf3c1f,0.004,,,
1778,2026-09-03,SH600515,0.056697778403759,EXP_LinearModel_Alpha158_csi300_custom_step0_s_20260903_16,037c895fd687496699c258312baf3c1f,0.004,,,
1779,2026-09-03,SH600489,0.15948960185050964,EXP_LinearModel_Alpha158_csi300_custom_step0_s_20260903_16,037c895fd687496699c258312baf3c1f,0.004,,,
1780,2026-09-03,SH600482,0.04563670605421066,EXP_LinearModel_Alpha158_csi300_custom_step0_s_20260903_16,037c895fd687496699c258312baf3c1f,0.004,,,
1781,2026-09-03,SH600085,-0.013953031972050667,EXP_LinearModel_Alpha158_csi300_custom_step0_s_20260903_16,037c895fd687496699c258312baf3c1f,0.004,,,
1782,2026-09-03,SH600460,0.07955476641654968,EXP_LinearModel_Alpha158_csi300_custom_step0_s_20260903_16,037c895fd687496699c258312baf3c1f,0.004,,,
1783,2026-09-03,SH600436,0.0001602147240191698,EXP_LinearModel_Alpha158_csi300_custom_step0_s_20260903_16,037c895fd687496699c258312baf3c1f,0.004,,,
1784,2026-09-03,SH600426,0.06617160141468048,EXP_LinearModel_Alpha158_csi300_custom_step0_s_20260903_16,037c895fd687496699c258312baf3c1f,0.004,,,
1785,2026-09-03,SH600415,0.05463515967130661,EXP_LinearModel_Alpha158_csi300_custom_step0_s_20260903_16,037c895fd687496699c258312baf3c1f,0.004,,,
1786,2026-09-03,SH600406,-0.04584195092320442,EXP_LinearModel_Alpha158_csi300_custom_step0_s_20260903_16,037c895fd687496699c258312baf3c1f,0.004,,,
1787,2026-09-03,SH600372,-0.02603435516357422,EXP_LinearModel_Alpha158_csi300_custom_step0_s_20260903_16,037c895fd687496699c258312baf3c1f,0.004,,,
1788,2026-09-03,SH600362,0.05361796170473099,EXP_LinearModel_Alpha158_csi300_custom_step0_s_20260903_16,037c895fd687496699c258312baf3c1f,0.004,,,
1789,2026-09-03,SH600438,0.08256387710571289,EXP_LinearModel_Alpha158_csi300_custom_step0_s_20260903_16,037c895fd687496699c258312baf3c1f,0.004,,,
1790,2026-09-03,SZ300628,-0.008855159394443035,EXP_LinearModel_Alpha158_csi300_custom_step0_s_20260903_16,cfbca044eb674131bcbde5d29da9bab3,0.107,,,
1791,2026-09-03,SH600066,0.025968987494707108,EXP_LinearModel_Alpha158_csi300_custom_step0_s_20260903_16,037c895fd687496699c258312baf3c1f,0.004,,,
1792,2026-09-03,SH600050,-0.03870534151792526,EXP_LinearModel_Alpha158_csi300_custom_step0_s_20260903_16,037c895fd687496699c258312baf3c1f,0.004,,,
1793,2026-09-03,SZ300750,-0.04578953981399536,EXP_LinearModel_Alpha158_csi300_custom_step0_s_20260903_16,cfbca044eb674131bcbde5d29da9bab3,0.107,,,
1794,2026-09-03,SZ300760,0.04458913952112198,EXP_LinearModel_Alpha158_csi300_custom_step0_s_20260903_16,cfbca044eb674131bcbde5d29da9bab3,0.107,,,
1795,2026-09-03,SZ300803,-0.014297567307949066,EXP_LinearModel_Alpha158_csi300_custom_step0_s_20260903_16,cfbca044eb674131bcbde5d29da9bab3,0.107,,,
1796,2026-09-03,SZ300832,-0.0012133654672652483,EXP_LinearModel_Alpha158_csi300_custom_step0_s_20260903_16,cfbca044eb674131bcbde5d29da9bab3,0.107,,,
1797,2026-09-03,SZ300866,-0.020958296954631805,EXP_LinearModel_Alpha158_csi300_custom_step0_s_20260903_16,cfbca044eb674131bcbde5d29da9bab3,0.107,,,
1798,2026-09-03,SZ300896,0.08041892945766449,EXP_LinearModel_Alpha158_csi300_custom_step0_s_20260903_16,cfbca044eb674131bcbde5d29da9bab3,0.107,,,
1799,2026-09-03,SZ300999,-0.0014151677023619413,EXP_LinearModel_Alpha158_csi300_custom_step0_s_20260903_16,cfbca044eb674131bcbde5d29da9bab3,0.107,,,
1800,2026-09-03,SZ301165,0.06431537121534348,EXP_LinearModel_Alpha158_csi300_custom_step0_s_20260903_16,cfbca044eb674131bcbde5d29da9bab3,0.107,,,
1801,2026-09-03,SZ301236,-0.03337933495640755,EXP_LinearModel_Alpha158_csi300_custom_step0_s_20260903_16,cfbca044eb674131bcbde5d29da9bab3,0.107,,,
1802,2026-09-03,SZ301269,0.01595115102827549,EXP_LinearModel_Alpha158_csi300_custom_step0_s_20260903_16,cfbca044eb674131bcbde5d29da9bab3,0.107,,,
1803,2026-09-03,SZ301308,-0.04382322356104851,EXP_LinearModel_Alpha158_csi300_custom_step0_s_20260903_16,cfbca044eb674131bcbde5d29da9bab3,0.107,,,
1804,2026-09-03,SZ302132,-0.04265860095620155,EXP_LinearModel_Alpha158_csi300_custom_step0_s_20260903_16,cfbca044eb674131bcbde5d29da9bab3,0.107,,,
1805,2026-09-03,SH600000,0.024069206789135933,EXP_LinearModel_Alpha158_csi300_custom_step0_s_20260903_16,037c895fd687496699c258312baf3c1f,0.004,,,
1806,2026-09-03,SH600009,-0.011305693536996841,EXP_LinearModel_Alpha158_csi300_custom_step0_s_20260903_16,037c895fd687496699c258312baf3c1f,0.004,,,
1807,2026-09-03,SH600010,-0.03153763711452484,EXP_LinearModel_Alpha158_csi300_custom_step0_s_20260903_16,037c895fd687496699c258312baf3c1f,0.004,,,
1808,2026-09-03,SH600011,-0.04980206862092018,EXP_LinearModel_Alpha158_csi300_custom_step0_s_20260903_16,037c895fd687496699c258312baf3c1f,0.004,,,
1809,2026-09-03,SH600015,-0.04289180412888527,EXP_LinearModel_Alpha158_csi300_custom_step0_s_20260903_16,037c895fd687496699c258312baf3c1f,0.004,,,
1810,2026-09-03,SH600048,0.11662107706069946,EXP_LinearModel_Alpha158_csi300_custom_step0_s_20260903_16,037c895fd687496699c258312baf3c1f,0.004,,,
1811,2026-09-03,SH600039,-0.012420406565070152,EXP_LinearModel_Alpha158_csi300_custom_step0_s_20260903_16,037c895fd687496699c258312baf3c1f,0.004,,,
1812,2026-09-03,SH600036,0.022616546601057053,EXP_LinearModel_Alpha158_csi300_custom_step0_s_20260903_16,037c895fd687496699c258312baf3c1f,0.004,,,
1813,2026-09-03,SH600031,0.0040299068205058575,EXP_LinearModel_Alpha158_csi300_custom_step0_s_20260903_16,037c895fd687496699c258312baf3c1f,0.004,,,
1814,2026-09-03,SH600030,-0.0032025438267737627,EXP_LinearModel_Alpha158_csi300_custom_step0_s_20260903_16,037c895fd687496699c258312baf3c1f,0.004,,,
1815,2026-09-03,SH600029,-0.018268071115016937,EXP_LinearModel_Alpha158_csi300_custom_step0_s_20260903_16,037c895fd687496699c258312baf3c1f,0.004,,,
1816,2026-09-03,SH600061,0.010368891060352325,EXP_LinearModel_Alpha158_csi300_custom_step0_s_20260903_16,037c895fd687496699c258312baf3c1f,0.004,,,
1817,2026-09-03,SH600028,0.09829605370759964,EXP_LinearModel_Alpha158_csi300_custom_step0_s_20260903_16,037c895fd687496699c258312baf3c1f,0.004,,,
1818,2026-09-03,SH600026,0.0748126432299614,EXP_LinearModel_Alpha158_csi300_custom_step0_s_20260903_16,037c895fd687496699c258312baf3c1f,0.004,,,
1819,2026-09-03,SH600025,-0.027978571131825447,EXP_LinearModel_Alpha158_csi300_custom_step0_s_20260903_16,037c895fd687496699c258312baf3c1f,0.004,,,
1820,2026-09-03,SH600023,-0.018184084445238113,EXP_LinearModel_Alpha158_csi300_custom_step0_s_20260903_16,037c895fd687496699c258312baf3c1f,0.004,,,
1821,2026-09-03,SH600019,0.0738111287355423,EXP_LinearModel_Alpha158_csi300_custom_step0_s_20260903_16,037c895fd687496699c258312baf3c1f,0.004,,,
1822,2026-09-03,SH600018,-0.01064472645521164,EXP_LinearModel_Alpha158_csi300_custom_step0_s_20260903_16,037c895fd687496699c258312baf3c1f,0.004,,,
1823,2026-09-03,SH600016,-0.03259420394897461,EXP_LinearModel_Alpha158_csi300_custom_step0_s_20260903_16,037c895fd687496699c258312baf3c1f,0.004,,,
1824,2026-09-03,SH600027,-0.016198517754673958,EXP_LinearModel_Alpha158_csi300_custom_step0_s_20260903_16,037c895fd687496699c258312baf3c1f,0.004,,,
1825,2026-09-03,SZ000938,-0.01604437083005905,EXP_LinearModel_Alpha158_csi300_custom_step0_s_20260903_16,cfbca044eb674131bcbde5d29da9bab3,0.107,,,
1826,2026-09-03,SZ000895,-0.002494666026905179,EXP_LinearModel_Alpha158_csi300_custom_step0_s_20260903_16,cfbca044eb674131bcbde5d29da9bab3,0.107,,,
1827,2026-09-03,SZ000858,0.005476534366607666,EXP_LinearModel_Alpha158_csi300_custom_step0_s_20260903_16,cfbca044eb674131bcbde5d29da9bab3,0.107,,,
1828,2026-09-03,SH601360,0.013966566883027554,EXP_LinearModel_Alpha158_csi300_custom_step0_s_20260903_16,cfbca044eb674131bcbde5d29da9bab3,0.107,,,
1829,2026-09-03,SH601377,-0.013966287486255169,EXP_LinearModel_Alpha158_csi300_custom_step0_s_20260903_16,cfbca044eb674131bcbde5d29da9bab3,0.107,,,
1830,2026-09-03,SH601390,-0.005927402526140213,EXP_LinearModel_Alpha158_csi300_custom_step0_s_20260903_16,cfbca044eb674131bcbde5d29da9bab3,0.107,,,
1831,2026-09-03,SH601398,0.03501296415925026,EXP_LinearModel_Alpha158_csi300_custom_step0_s_20260903_16,cfbca044eb674131bcbde5d29da9bab3,0.107,,,
1832,2026-09-03,SH601456,0.0244324691593647,EXP_LinearModel_Alpha158_csi300_custom_step0_s_20260903_16,cfbca044eb674131bcbde5d29da9bab3,0.107,,,
1833,2026-09-03,SH601600,-0.09282638877630234,EXP_LinearModel_Alpha158_csi300_custom_step0_s_20260903_16,cfbca044eb674131bcbde5d29da9bab3,0.107,,,
1834,2026-09-03,SH601601,-0.010751064866781235,EXP_LinearModel_Alpha158_csi300_custom_step0_s_20260903_16,cfbca044eb674131bcbde5d29da9bab3,0.107,,,
1835,2026-09-03,SH601607,0.023746147751808167,EXP_LinearModel_Alpha158_csi300_custom_step0_s_20260903_16,cfbca044eb674131bcbde5d29da9bab3,0.107,,,
1836,2026-09-03,SH601618,-0.001790252048522234,EXP_LinearModel_Alpha158_csi300_custom_step0_s_20260903_16,cfbca044eb674131bcbde5d29da9bab3,0.107,,,
1837,2026-09-03,SH601628,-0.023006631061434746,EXP_LinearModel_Alpha158_csi300_custom_step0_s_20260903_16,cfbca044eb674131bcbde5d29da9bab3,0.107,,,
1838,2026-09-03,SH601633,0.016022544354200363,EXP_LinearModel_Alpha158_csi300_custom_step0_s_20260903_16,cfbca044eb674131bcbde5d29da9bab3,0.107,,,
1839,2026-09-03,SH601658,0.025059567764401436,EXP_LinearModel_Alpha158_csi300_custom_step0_s_20260903_16,cfbca044eb674131bcbde5d29da9bab3,0.107,,,
1840,2026-09-03,SH601668,0.03378457948565483,EXP_LinearModel_Alpha158_csi300_custom_step0_s_20260903_16,cfbca044eb674131bcbde5d29da9bab3,0.107,,,
1841,2026-09-03,SH601669,-0.05269838497042656,EXP_LinearModel_Alpha158_csi300_custom_step0_s_20260903_16,cfbca044eb674131bcbde5d29da9bab3,0.107,,,
1842,2026-09-03,SH601688,0.005109977908432484,EXP_LinearModel_Alpha158_csi300_custom_step0_s_20260903_16,cfbca044eb674131bcbde5d29da9bab3,0.107,,,
1843,2026-09-03,SH601689,-0.027183828875422478,EXP_LinearModel_Alpha158_csi300_custom_step0_s_20260903_16,cfbca044eb674131bcbde5d29da9bab3,0.107,,,
1844,2026-09-03,SH601698,0.025205684825778008,EXP_LinearModel_Alpha158_csi300_custom_step0_s_20260903_16,cfbca044eb674131bcbde5d29da9bab3,0.107,,,
1845,2026-09-03,SH601878,-0.012101617641746998,EXP_LinearModel_Alpha158_csi300_custom_step0_s_20260903_16,cfbca044eb674131bcbde5d29da9bab3,0.107,,,
1846,2026-09-03,SH601877,-0.02778143808245659,EXP_LinearModel_Alpha158_csi300_custom_step0_s_20260903_16,cfbca044eb674131bcbde5d29da9bab3,0.107,,,
1847,2026-09-03,SH601872,0.03100578486919403,EXP_LinearModel_Alpha158_csi300_custom_step0_s_20260903_16,cfbca044eb674131bcbde5d29da9bab3,0.107,,,
1848,2026-09-03,SH601868,-0.02130908891558647,EXP_LinearModel_Alpha158_csi300_custom_step0_s_20260903_16,cfbca044eb674131bcbde5d29da9bab3,0.107,,,
1849,2026-09-03,SH601857,0.02985798567533493,EXP_LinearModel_Alpha158_csi300_custom_step0_s_20260903_16,cfbca044eb674131bcbde5d29da9bab3,0.107,,,
1850,2026-09-03,SH601838,0.04395386949181557,EXP_LinearModel_Alpha158_csi300_custom_step0_s_20260903_16,cfbca044eb674131bcbde5d29da9bab3,0.107,,,
1851,2026-09-03,SH601336,-0.009218040853738785,EXP_LinearModel_Alpha158_csi300_custom_step0_s_20260903_16,cfbca044eb674131bcbde5d29da9bab3,0.107,,,
1852,2026-09-03,SH601825,0.042094066739082336,EXP_LinearModel_Alpha158_csi300_custom_step0_s_20260903_16,cfbca044eb674131bcbde5d29da9bab3,0.107,,,
1853,2026-09-03,SH601816,0.06105991080403328,EXP_LinearModel_Alpha158_csi300_custom_step0_s_20260903_16,cfbca044eb674131bcbde5d29da9bab3,0.107,,,
1854,2026-09-03,SH601800,-0.002417427022010088,EXP_LinearModel_Alpha158_csi300_custom_step0_s_20260903_16,cfbca044eb674131bcbde5d29da9bab3,0.107,,,
1855,2026-09-03,SH601788,0.005308899097144604,EXP_LinearModel_Alpha158_csi300_custom_step0_s_20260903_16,cfbca044eb674131bcbde5d29da9bab3,0.107,,,
1856,2026-09-03,SH601766,0.03228214010596275,EXP_LinearModel_Alpha158_csi300_custom_step0_s_20260903_16,cfbca044eb674131bcbde5d29da9bab3,0.107,,,
1857,2026-09-03,SH601728,0.030825749039649963,EXP_LinearModel_Alpha158_csi300_custom_step0_s_20260903_16,cfbca044eb674131bcbde5d29da9bab3,0.107,,,
1858,2026-09-03,SH601727,-0.027898326516151428,EXP_LinearModel_Alpha158_csi300_custom_step0_s_20260903_16,cfbca044eb674131bcbde5d29da9bab3,0.107,,,
1859,2026-09-03,SH601818,0.0600409172475338,EXP_LinearModel_Alpha158_csi300_custom_step0_s_20260903_16,cfbca044eb674131bcbde5d29da9bab3,0.107,,,
1860,2026-09-03,SH601881,0.016612455248832703,EXP_LinearModel_Alpha158_csi300_custom_step0_s_20260903_16,cfbca044eb674131bcbde5d29da9bab3,0.107,,,
1861,2026-09-03,SH601328,0.03860865905880928,EXP_LinearModel_Alpha158_csi300_custom_step0_s_20260903_16,cfbca044eb674131bcbde5d29da9bab3,0.107,,,
1862,2026-09-03,SH601318,0.028165645897388458,EXP_LinearModel_Alpha158_csi300_custom_step0_s_20260903_16,cfbca044eb674131bcbde5d29da9bab3,0.107,,,
1863,2026-09-03,SH600926,0.05046992748975754,EXP_LinearModel_Alpha158_csi300_custom_step0_s_20260903_16,cfbca044eb674131bcbde5d29da9bab3,0.107,,,
1864,2026-09-03,SH600930,-0.06507474184036255,EXP_LinearModel_Alpha158_csi300_custom_step0_s_20260903_16,cfbca044eb674131bcbde5d29da9bab3,0.107,,,
1865,2026-09-03,SH600938,-0.029529264196753502,EXP_LinearModel_Alpha158_csi300_custom_step0_s_20260903_16,cfbca044eb674131bcbde5d29da9bab3,0.107,,,
1866,2026-09-03,SH600941,0.03131897747516632,EXP_LinearModel_Alpha158_csi300_custom_step0_s_20260903_16,cfbca044eb674131bcbde5d29da9bab3,0.107,,,
1867,2026-09-03,SH600958,0.029337385669350624,EXP_LinearModel_Alpha158_csi300_custom_step0_s_20260903_16,cfbca044eb674131bcbde5d29da9bab3,0.107,,,
1868,2026-09-03,SH600989,-0.006993742659687996,EXP_LinearModel_Alpha158_csi300_custom_step0_s_20260903_16,cfbca044eb674131bcbde5d29da9bab3,0.107,,,
1869,2026-09-03,SH600999,0.04931847006082535,EXP_LinearModel_Alpha158_csi300_custom_step0_s_20260903_16,cfbca044eb674131bcbde5d29da9bab3,0.107,,,
1870,2026-09-03,SH601006,0.039336107671260834,EXP_LinearModel_Alpha158_csi300_custom_step0_s_20260903_16,cfbca044eb674131bcbde5d29da9bab3,0.107,,,
1871,2026-09-03,SH601009,0.10059329122304916,EXP_LinearModel_Alpha158_csi300_custom_step0_s_20260903_16,cfbca044eb674131bcbde5d29da9bab3,0.107,,,
1872,2026-09-03,SH601012,-0.02225109562277794,EXP_LinearModel_Alpha158_csi300_custom_step0_s_20260903_16,cfbca044eb674131bcbde5d29da9bab3,0.107,,,
1873,2026-09-03,SH601018,0.07830511033535004,EXP_LinearModel_Alpha158_csi300_custom_step0_s_20260903_16,cfbca044eb674131bcbde5d29da9bab3,0.107,,,
1874,2026-09-03,SH601021,0.003111267928034067,EXP_LinearModel_Alpha158_csi300_custom_step0_s_20260903_16,cfbca044eb674131bcbde5d29da9bab3,0.107,,,
1875,2026-09-03,SH601058,-0.022283760830760002,EXP_LinearModel_Alpha158_csi300_custom_step0_s_20260903_16,cfbca044eb674131bcbde5d29da9bab3,0.107,,,
1876,2026-09-03,SH601059,-0.008985806256532669,EXP_LinearModel_Alpha158_csi300_custom_step0_s_20260903_16,cfbca044eb674131bcbde5d29da9bab3,0.107,,,
1877,2026-09-03,SH601066,0.029758375138044357,EXP_LinearModel_Alpha158_csi300_custom_step0_s_20260903_16,cfbca044eb674131bcbde5d29da9bab3,0.107,,,
1878,2026-09-03,SH601077,0.07738828659057617,EXP_LinearModel_Alpha158_csi300_custom_step0_s_20260903_16,cfbca044eb674131bcbde5d29da9bab3,0.107,,,
1879,2026-09-03,SH601088,0.032894935458898544,EXP_LinearModel_Alpha158_csi300_custom_step0_s_20260903_16,cfbca044eb674131bcbde5d29da9bab3,0.107,,,
1880,2026-09-03,SH601288,0.09867454320192337,EXP_LinearModel_Alpha158_csi300_custom_step0_s_20260903_16,cfbca044eb674131bcbde5d29da9bab3,0.107,,,
1881,2026-09-03,SH601238,-0.012488502077758312,EXP_LinearModel_Alpha158_csi300_custom_step0_s_20260903_16,cfbca044eb674131bcbde5d29da9bab3,0.107,,,
1882,2026-09-03,SH601229,0.08960352092981339,EXP_LinearModel_Alpha158_csi300_custom_step0_s_20260903_16,cfbca044eb674131bcbde5d29da9bab3,0.107,,,
1883,2026-09-03,SH601225,-0.013185899704694748,EXP_LinearModel_Alpha158_csi300_custom_step0_s_20260903_16,cfbca044eb674131bcbde5d29da9bab3,0.107,,,
1884,2026-09-03,SH601211,-0.010307591408491135,EXP_LinearModel_Alpha158_csi300_custom_step0_s_20260903_16,cfbca044eb674131bcbde5d29da9bab3,0.107,,,
1885,2026-09-03,SH601186,-0.01943414844572544,EXP_LinearModel_Alpha158_csi300_custom_step0_s_20260903_16,cfbca044eb674131bcbde5d29da9bab3,0.107,,,
1886,2026-09-03,SH601319,-0.01023977342993021,EXP_LinearModel_Alpha158_csi300_custom_step0_s_20260903_16,cfbca044eb674131bcbde5d29da9bab3,0.107,,,
1887,2026-09-03,SH601169,0.055258337408304214,EXP_LinearModel_Alpha158_csi300_custom_step0_s_20260903_16,cfbca044eb674131bcbde5d29da9bab3,0.107,,,
1888,2026-09-03,SH601138,0.014223109930753708,EXP_LinearModel_Alpha158_csi300_custom_step0_s_20260903_16,cfbca044eb674131bcbde5d29da9bab3,0.107,,,
1889,2026-09-03,SH601136,-0.018058761954307556,EXP_LinearModel_Alpha158_csi300_custom_step0_s_20260903_16,cfbca044eb674131bcbde5d29da9bab3,0.107,,,
1890,2026-09-03,SH601127,0.05137027055025101,EXP_LinearModel_Alpha158_csi300_custom_step0_s_20260903_16,cfbca044eb674131bcbde5d29da9bab3,0.107,,,
1891,2026-09-03,SH601117,0.042927276343107224,EXP_LinearModel_Alpha158_csi300_custom_step0_s_20260903_16,cfbca044eb674131bcbde5d29da9bab3,0.107,,,
1892,2026-09-03,SH601111,-0.015780001878738403,EXP_LinearModel_Alpha158_csi300_custom_step0_s_20260903_16,cfbca044eb674131bcbde5d29da9bab3,0.107,,,
1893,2026-09-03,SH601100,-0.009511438198387623,EXP_LinearModel_Alpha158_csi300_custom_step0_s_20260903_16,cfbca044eb674131bcbde5d29da9bab3,0.107,,,
1894,2026-09-03,SH601166,0.022912265732884407,EXP_LinearModel_Alpha158_csi300_custom_step0_s_20260903_16,cfbca044eb674131bcbde5d29da9bab3,0.107,,,
1895,2026-09-03,SH601888,-0.07257196307182312,EXP_LinearModel_Alpha158_csi300_custom_step0_s_20260903_16,cfbca044eb674131bcbde5d29da9bab3,0.107,,,
1896,2026-09-03,SH601898,-0.03538462892174721,EXP_LinearModel_Alpha158_csi300_custom_step0_s_20260903_16,cfbca044eb674131bcbde5d29da9bab3,0.107,,,
1897,2026-09-03,SH601899,0.019239477813243866,EXP_LinearModel_Alpha158_csi300_custom_step0_s_20260903_16,cfbca044eb674131bcbde5d29da9bab3,0.107,,,
1898,2026-09-03,SH688303,-0.00899167638272047,EXP_LinearModel_Alpha158_csi300_custom_step0_s_20260903_16,cfbca044eb674131bcbde5d29da9bab3,0.107,,,
1899,2026-09-03,SH688396,-0.01386699266731739,EXP_LinearModel_Alpha158_csi300_custom_step0_s_20260903_16,cfbca044eb674131bcbde5d29da9bab3,0.107,,,
1900,2026-09-03,SH688472,-0.024951528757810593,EXP_LinearModel_Alpha158_csi300_custom_step0_s_20260903_16,cfbca044eb674131bcbde5d29da9bab3,0.107,,,
1901,2026-09-03,SH688506,0.07405468076467514,EXP_LinearModel_Alpha158_csi300_custom_step0_s_20260903_16,cfbca044eb674131bcbde5d29da9bab3,0.107,,,
1902,2026-09-03,SH688521,0.020891817286610603,EXP_LinearModel_Alpha158_csi300_custom_step0_s_20260903_16,cfbca044eb674131bcbde5d29da9bab3,0.107,,,
1903,2026-09-03,SH688981,0.01251026801764965,EXP_LinearModel_Alpha158_csi300_custom_step0_s_20260903_16,cfbca044eb674131bcbde5d29da9bab3,0.107,,,
1904,2026-09-03,SZ000001,0.06913170218467712,EXP_LinearModel_Alpha158_csi300_custom_step0_s_20260903_16,cfbca044eb674131bcbde5d29da9bab3,0.107,,,
1905,2026-09-03,SZ000002,0.015938561409711838,EXP_LinearModel_Alpha158_csi300_custom_step0_s_20260903_16,cfbca044eb674131bcbde5d29da9bab3,0.107,,,
1906,2026-09-03,SZ000063,-0.020552732050418854,EXP_LinearModel_Alpha158_csi300_custom_step0_s_20260903_16,cfbca044eb674131bcbde5d29da9bab3,0.107,,,
1907,2026-09-03,SZ000100,0.03881566599011421,EXP_LinearModel_Alpha158_csi300_custom_step0_s_20260903_16,cfbca044eb674131bcbde5d29da9bab3,0.107,,,
1908,2026-09-03,SZ000157,0.007637453731149435,EXP_LinearModel_Alpha158_csi300_custom_step0_s_20260903_16,cfbca044eb674131bcbde5d29da9bab3,0.107,,,
1909,2026-09-03,SZ000166,0.03485735133290291,EXP_LinearModel_Alpha158_csi300_custom_step0_s_20260903_16,cfbca044eb674131bcbde5d29da9bab3,0.107,,,
1910,2026-09-03,SZ000301,0.022715076804161072,EXP_LinearModel_Alpha158_csi300_custom_step0_s_20260903_16,cfbca044eb674131bcbde5d29da9bab3,0.107,,,
1911,2026-09-03,SZ000333,0.022335011512041092,EXP_LinearModel_Alpha158_csi300_custom_step0_s_20260903_16,cfbca044eb674131bcbde5d29da9bab3,0.107,,,
1912,2026-09-03,SZ000338,-0.0073876893147826195,EXP_LinearModel_Alpha158_csi300_custom_step0_s_20260903_16,cfbca044eb674131bcbde5d29da9bab3,0.107,,,
1913,2026-09-03,SZ000408,0.05347733944654465,EXP_LinearModel_Alpha158_csi300_custom_step0_s_20260903_16,cfbca044eb674131bcbde5d29da9bab3,0.107,,,
1914,2026-09-03,SZ000425,0.0197020061314106,EXP_LinearModel_Alpha158_csi300_custom_step0_s_20260903_16,cfbca044eb674131bcbde5d29da9bab3,0.107,,,
1915,2026-09-03,SZ000807,-0.09077037125825882,EXP_LinearModel_Alpha158_csi300_custom_step0_s_20260903_16,cfbca044eb674131bcbde5d29da9bab3,0.107,,,
1916,2026-09-03,SZ000792,-0.02516135200858116,EXP_LinearModel_Alpha158_csi300_custom_step0_s_20260903_16,cfbca044eb674131bcbde5d29da9bab3,0.107,,,
1917,2026-09-03,SZ000776,0.020153358578681946,EXP_LinearModel_Alpha158_csi300_custom_step0_s_20260903_16,cfbca044eb674131bcbde5d29da9bab3,0.107,,,
1918,2026-09-03,SZ000768,-0.012072105892002583,EXP_LinearModel_Alpha158_csi300_custom_step0_s_20260903_16,cfbca044eb674131bcbde5d29da9bab3,0.107,,,
1919,2026-09-03,SZ000725,-0.03430944308638573,EXP_LinearModel_Alpha158_csi300_custom_step0_s_20260903_16,cfbca044eb674131bcbde5d29da9bab3,0.107,,,
1920,2026-09-03,SZ000708,0.019005147740244865,EXP_LinearModel_Alpha158_csi300_custom_step0_s_20260903_16,cfbca044eb674131bcbde5d29da9bab3,0.107,,,
1921,2026-09-03,SH688271,0.00026366906240582466,EXP_LinearModel_Alpha158_csi300_custom_step0_s_20260903_16,cfbca044eb674131bcbde5d29da9bab3,0.107,,,
1922,2026-09-03,SZ000657,-0.01727885566651821,EXP_LinearModel_Alpha158_csi300_custom_step0_s_20260903_16,cfbca044eb674131bcbde5d29da9bab3,0.107,,,
1923,2026-09-03,SZ000630,0.008761115372180939,EXP_LinearModel_Alpha158_csi300_custom_step0_s_20260903_16,cfbca044eb674131bcbde5d29da9bab3,0.107,,,
1924,2026-09-03,SZ000625,-0.012038649059832096,EXP_LinearModel_Alpha158_csi300_custom_step0_s_20260903_16,cfbca044eb674131bcbde5d29da9bab3,0.107,,,
1925,2026-09-03,SZ000617,-0.0007450059056282043,EXP_LinearModel_Alpha158_csi300_custom_step0_s_20260903_16,cfbca044eb674131bcbde5d29da9bab3,0.107,,,
1926,2026-09-03,SZ000596,-0.07828350365161896,EXP_LinearModel_Alpha158_csi300_custom_step0_s_20260903_16,cfbca044eb674131bcbde5d29da9bab3,0.107,,,
1927,2026-09-03,SZ000568,-0.02622833475470543,EXP_LinearModel_Alpha158_csi300_custom_step0_s_20260903_16,cfbca044eb674131bcbde5d29da9bab3,0.107,,,
1928,2026-09-03,SZ000538,-0.002699882723391056,EXP_LinearModel_Alpha158_csi300_custom_step0_s_20260903_16,cfbca044eb674131bcbde5d29da9bab3,0.107,,,
1929,2026-09-03,SZ000651,-0.0033532995730638504,EXP_LinearModel_Alpha158_csi300_custom_step0_s_20260903_16,cfbca044eb674131bcbde5d29da9bab3,0.107,,,
1930,2026-09-03,SH688256,-0.014111865311861038,EXP_LinearModel_Alpha158_csi300_custom_step0_s_20260903_16,cfbca044eb674131bcbde5d29da9bab3,0.107,,,
1931,2026-09-03,SH688223,-0.003265594132244587,EXP_LinearModel_Alpha158_csi300_custom_step0_s_20260903_16,cfbca044eb674131bcbde5d29da9bab3,0.107,,,
1932,2026-09-03,SH688183,-0.020125936716794968,EXP_LinearModel_Alpha158_csi300_custom_step0_s_20260903_16,cfbca044eb674131bcbde5d29da9bab3,0.107,,,
1933,2026-09-03,SH603369,-0.11357195675373077,EXP_LinearModel_Alpha158_csi300_custom_step0_s_20260903_16,cfbca044eb674131bcbde5d29da9bab3,0.107,,,
1934,2026-09-03,SH603296,0.0036597768776118755,EXP_LinearModel_Alpha158_csi300_custom_step0_s_20260903_16,cfbca044eb674131bcbde5d29da9bab3,0.107,,,
1935,2026-09-03,SH603288,-0.011797850951552391,EXP_LinearModel_Alpha158_csi300_custom_step0_s_20260903_16,cfbca044eb674131bcbde5d29da9bab3,0.107,,,
1936,2026-09-03,SH603260,0.04546872153878212,EXP_LinearModel_Alpha158_csi300_custom_step0_s_20260903_16,cfbca044eb674131bcbde5d29da9bab3,0.107,,,
1937,2026-09-03,SH603259,0.033857524394989014,EXP_LinearModel_Alpha158_csi300_custom_step0_s_20260903_16,cfbca044eb674131bcbde5d29da9bab3,0.107,,,
1938,2026-09-03,SH603019,0.029434431344270706,EXP_LinearModel_Alpha158_csi300_custom_step0_s_20260903_16,cfbca044eb674131bcbde5d29da9bab3,0.107,,,
1939,2026-09-03,SH603392,-0.04756971821188927,EXP_LinearModel_Alpha158_csi300_custom_step0_s_20260903_16,cfbca044eb674131bcbde5d29da9bab3,0.107,,,
1940,2026-09-03,SH601998,0.07960908859968185,EXP_LinearModel_Alpha158_csi300_custom_step0_s_20260903_16,cfbca044eb674131bcbde5d29da9bab3,0.107,,,
1941,2026-09-03,SH601988,-0.009899009950459003,EXP_LinearModel_Alpha158_csi300_custom_step0_s_20260903_16,cfbca044eb674131bcbde5d29da9bab3,0.107,,,
1942,2026-09-03,SH601985,0.04666806757450104,EXP_LinearModel_Alpha158_csi300_custom_step0_s_20260903_16,cfbca044eb674131bcbde5d29da9bab3,0.107,,,
1943,2026-09-03,SH601939,0.07192467153072357,EXP_LinearModel_Alpha158_csi300_custom_step0_s_20260903_16,cfbca044eb674131bcbde5d29da9bab3,0.107,,,
1944,2026-09-03,SH601919,0.003652040846645832,EXP_LinearModel_Alpha158_csi300_custom_step0_s_20260903_16,cfbca044eb674131bcbde5d29da9bab3,0.107,,,
1945,2026-09-03,SH601916,0.09171577543020248,EXP_LinearModel_Alpha158_csi300_custom_step0_s_20260903_16,cfbca044eb674131bcbde5d29da9bab3,0.107,,,
1946,2026-09-03,SH601901,0.02653457596898079,EXP_LinearModel_Alpha158_csi300_custom_step0_s_20260903_16,cfbca044eb674131bcbde5d29da9bab3,0.107,,,
1947,2026-09-03,SH601995,-0.01841937005519867,EXP_LinearModel_Alpha158_csi300_custom_step0_s_20260903_16,cfbca044eb674131bcbde5d29da9bab3,0.107,,,
1948,2026-09-03,SH600549,0.18074755370616913,EXP_LinearModel_Alpha158_csi300_custom_step0_s_20260903_16,037c895fd687496699c258312baf3c1f,0.004,,,
1949,2026-09-03,SH603501,0.01730172522366047,EXP_LinearModel_Alpha158_csi300_custom_step0_s_20260903_16,cfbca044eb674131bcbde5d29da9bab3,0.107,,,
1950,2026-09-03,SH603893,-0.0034254526253789663,EXP_LinearModel_Alpha158_csi300_custom_step0_s_20260903_16,cfbca044eb674131bcbde5d29da9bab3,0.107,,,
1951,2026-09-03,SH688126,-0.037110038101673126,EXP_LinearModel_Alpha158_csi300_custom_step0_s_20260903_16,cfbca044eb674131bcbde5d29da9bab3,0.107,,,
1952,2026-09-03,SH688111,-0.022787876427173615,EXP_LinearModel_Alpha158_csi300_custom_step0_s_20260903_16,cfbca044eb674131bcbde5d29da9bab3,0.107,,,
1953,2026-09-03,SH688082,0.0247694943100214,EXP_LinearModel_Alpha158_csi300_custom_step0_s_20260903_16,cfbca044eb674131bcbde5d29da9bab3,0.107,,,
1954,2026-09-03,SH688072,0.07643307000398636,EXP_LinearModel_Alpha158_csi300_custom_step0_s_20260903_16,cfbca044eb674131bcbde5d29da9bab3,0.107,,,
1955,2026-09-03,SH688047,0.03280092403292656,EXP_LinearModel_Alpha158_csi300_custom_step0_s_20260903_16,cfbca044eb674131bcbde5d29da9bab3,0.107,,,
1956,2026-09-03,SH688041,0.08896337449550629,EXP_LinearModel_Alpha158_csi300_custom_step0_s_20260903_16,cfbca044eb674131bcbde5d29da9bab3,0.107,,,
1957,2026-09-03,SH603799,-0.01882290653884411,EXP_LinearModel_Alpha158_csi300_custom_step0_s_20260903_16,cfbca044eb674131bcbde5d29da9bab3,0.107,,,
1958,2026-09-03,SH688036,0.057295069098472595,EXP_LinearModel_Alpha158_csi300_custom_step0_s_20260903_16,cfbca044eb674131bcbde5d29da9bab3,0.107,,,
1959,2026-09-03,SH688009,0.019821716472506523,EXP_LinearModel_Alpha158_csi300_custom_step0_s_20260903_16,cfbca044eb674131bcbde5d29da9bab3,0.107,,,
1960,2026-09-03,SH688008,0.03329142928123474,EXP_LinearModel_Alpha158_csi300_custom_step0_s_20260903_16,cfbca044eb674131bcbde5d29da9bab3,0.107,,,
1961,2026-09-03,SH605499,-0.02265014685690403,EXP_LinearModel_Alpha158_csi300_custom_step0_s_20260903_16,cfbca044eb674131bcbde5d29da9bab3,0.107,,,
1962,2026-09-03,SH605117,-0.03699604421854019,EXP_LinearModel_Alpha158_csi300_custom_step0_s_20260903_16,cfbca044eb674131bcbde5d29da9bab3,0.107,,,
1963,2026-09-03,SH603993,0.061620160937309265,EXP_LinearModel_Alpha158_csi300_custom_step0_s_20260903_16,cfbca044eb674131bcbde5d29da9bab3,0.107,,,
1964,2026-09-03,SH603986,-0.04827667027711868,EXP_LinearModel_Alpha158_csi300_custom_step0_s_20260903_16,cfbca044eb674131bcbde5d29da9bab3,0.107,,,
1965,2026-09-03,SH688012,0.05232348293066025,EXP_LinearModel_Alpha158_csi300_custom_step0_s_20260903_16,cfbca044eb674131bcbde5d29da9bab3,0.107,,,
1966,2026-09-03,SH600570,-0.02862163819372654,EXP_LinearModel_Alpha158_csi300_custom_step0_s_20260903_16,037c895fd687496699c258312baf3c1f,0.004,,,
1967,2026-09-03,SH600584,0.1451667696237564,EXP_LinearModel_Alpha158_csi300_custom_step0_s_20260903_16,037c895fd687496699c258312baf3c1f,0.004,,,
1968,2026-09-03,SH600585,0.04300237447023392,EXP_LinearModel_Alpha158_csi300_custom_step0_s_20260903_16,037c895fd687496699c258312baf3c1f,0.004,,,
1969,2026-09-03,SZ002202,0.07918213307857513,EXP_LinearModel_Alpha158_csi300_custom_step0_s_20260903_16,037c895fd687496699c258312baf3c1f,0.004,,,
1970,2026-09-03,SZ002230,0.01858540251851082,EXP_LinearModel_Alpha158_csi300_custom_step0_s_20260903_16,037c895fd687496699c258312baf3c1f,0.004,,,
1971,2026-09-03,SZ002236,-0.02845766767859459,EXP_LinearModel_Alpha158_csi300_custom_step0_s_20260903_16,037c895fd687496699c258312baf3c1f,0.004,,,
1972,2026-09-03,SZ002241,-0.04640663415193558,EXP_LinearModel_Alpha158_csi300_custom_step0_s_20260903_16,037c895fd687496699c258312baf3c1f,0.004,,,
1973,2026-09-03,SZ002304,0.05372218042612076,EXP_LinearModel_Alpha158_csi300_custom_step0_s_20260903_16,037c895fd687496699c258312baf3c1f,0.004,,,
1974,2026-09-03,SZ002311,-0.0290159210562706,EXP_LinearModel_Alpha158_csi300_custom_step0_s_20260903_16,037c895fd687496699c258312baf3c1f,0.004,,,
1975,2026-09-03,SZ002352,-0.05523351579904556,EXP_LinearModel_Alpha158_csi300_custom_step0_s_20260903_16,037c895fd687496699c258312baf3c1f,0.004,,,
1976,2026-09-03,SZ002353,0.12578746676445007,EXP_LinearModel_Alpha158_csi300_custom_step0_s_20260903_16,037c895fd687496699c258312baf3c1f,0.004,,,
1977,2026-09-03,SZ002371,0.09150511026382446,EXP_LinearModel_Alpha158_csi300_custom_step0_s_20260903_16,037c895fd687496699c258312baf3c1f,0.004,,,
1978,2026-09-03,SZ002384,0.14874091744422913,EXP_LinearModel_Alpha158_csi300_custom_step0_s_20260903_16,037c895fd687496699c258312baf3c1f,0.004,,,
1979,2026-09-03,SZ002415,0.03545893728733063,EXP_LinearModel_Alpha158_csi300_custom_step0_s_20260903_16,037c895fd687496699c258312baf3c1f,0.004,,,
1980,2026-09-03,SZ002422,0.13988324999809265,EXP_LinearModel_Alpha158_csi300_custom_step0_s_20260903_16,037c895fd687496699c258312baf3c1f,0.004,,,
1981,2026-09-03,SZ002460,0.06973209977149963,EXP_LinearModel_Alpha158_csi300_custom_step0_s_20260903_16,037c895fd687496699c258312baf3c1f,0.004,,,
1982,2026-09-03,SZ002463,0.03681611642241478,EXP_LinearModel_Alpha158_csi300_custom_step0_s_20260903_16,037c895fd687496699c258312baf3c1f,0.004,,,
1983,2026-09-03,SZ002466,0.06814714521169662,EXP_LinearModel_Alpha158_csi300_custom_step0_s_20260903_16,037c895fd687496699c258312baf3c1f,0.004,,,
1984,2026-09-03,SZ002475,-0.02066180482506752,EXP_LinearModel_Alpha158_csi300_custom_step0_s_20260903_16,037c895fd687496699c258312baf3c1f,0.004,,,
1985,2026-09-03,SZ002493,0.08146300166845322,EXP_LinearModel_Alpha158_csi300_custom_step0_s_20260903_16,037c895fd687496699c258312baf3c1f,0.004,,,
1986,2026-09-03,SZ002938,0.1144108772277832,EXP_LinearModel_Alpha158_csi300_custom_step0_s_20260903_16,037c895fd687496699c258312baf3c1f,0.004,,,
1987,2026-09-03,SZ002920,-0.052083853632211685,EXP_LinearModel_Alpha158_csi300_custom_step0_s_20260903_16,037c895fd687496699c258312baf3c1f,0.004,,,
1988,2026-09-03,SZ002916,0.08945571631193161,EXP_LinearModel_Alpha158_csi300_custom_step0_s_20260903_16,037c895fd687496699c258312baf3c1f,0.004,,,
1989,2026-09-03,SZ002837,0.06320830434560776,EXP_LinearModel_Alpha158_csi300_custom_step0_s_20260903_16,037c895fd687496699c258312baf3c1f,0.004,,,
1990,2026-09-03,SZ002736,0.005165341310203075,EXP_LinearModel_Alpha158_csi300_custom_step0_s_20260903_16,037c895fd687496699c258312baf3c1f,0.004,,,
1991,2026-09-03,SZ002714,0.09598635137081146,EXP_LinearModel_Alpha158_csi300_custom_step0_s_20260903_16,037c895fd687496699c258312baf3c1f,0.004,,,
1992,2026-09-03,SZ002179,0.07887515425682068,EXP_LinearModel_Alpha158_csi300_custom_step0_s_20260903_16,037c895fd687496699c258312baf3c1f,0.004,,,
1993,2026-09-03,SZ002709,0.15462353825569153,EXP_LinearModel_Alpha158_csi300_custom_step0_s_20260903_16,037c895fd687496699c258312baf3c1f,0.004,,,
1994,2026-09-03,SZ002625,0.03891243040561676,EXP_LinearModel_Alpha158_csi300_custom_step0_s_20260903_16,037c895fd687496699c258312baf3c1f,0.004,,,
1995,2026-09-03,SZ002602,-0.037438567727804184,EXP_LinearModel_Alpha158_csi300_custom_step0_s_20260903_16,037c895fd687496699c258312baf3c1f,0.004,,,
1996,2026-09-03,SZ002600,0.020862378180027008,EXP_LinearModel_Alpha158_csi300_custom_step0_s_20260903_16,037c895fd687496699c258312baf3c1f,0.004,,,
1997,2026-09-03,SZ002594,-0.024420861154794693,EXP_LinearModel_Alpha158_csi300_custom_step0_s_20260903_16,037c895fd687496699c258312baf3c1f,0.004,,,
1998,2026-09-03,SZ002558,0.0012611269485205412,EXP_LinearModel_Alpha158_csi300_custom_step0_s_20260903_16,037c895fd687496699c258312baf3c1f,0.004,,,
1999,2026-09-03,SZ002532,-0.07146315276622772,EXP_LinearModel_Alpha158_csi300_custom_step0_s_20260903_16,037c895fd687496699c258312baf3c1f,0.004,,,
2000,2026-09-03,SZ002648,0.017461111769080162,EXP_LinearModel_Alpha158_csi300_custom_step0_s_20260903_16,037c895fd687496699c258312baf3c1f,0.004,,,
2001,2026-09-03,SZ003816,0.09503056108951569,EXP_LinearModel_Alpha158_csi300_custom_step0_s_20260903_16,037c895fd687496699c258312baf3c1f,0.004,,,
2002,2026-09-03,SZ002142,0.1108047366142273,EXP_LinearModel_Alpha158_csi300_custom_step0_s_20260903_16,037c895fd687496699c258312baf3c1f,0.004,,,
2003,2026-09-03,SZ002050,0.051836807280778885,EXP_LinearModel_Alpha158_csi300_custom_step0_s_20260903_16,037c895fd687496699c258312baf3c1f,0.004,,,
2004,2026-09-03,SZ000425,0.05471515655517578,EXP_LinearModel_Alpha158_csi300_custom_step0_s_20260903_16,037c895fd687496699c258312baf3c1f,0.004,,,
2005,2026-09-03,SZ000538,-0.007898960262537003,EXP_LinearModel_Alpha158_csi300_custom_step0_s_20260903_16,037c895fd687496699c258312baf3c1f,0.004,,,
2006,2026-09-03,SZ000568,0.0035353233106434345,EXP_LinearModel_Alpha158_csi300_custom_step0_s_20260903_16,037c895fd687496699c258312baf3c1f,0.004,,,
2007,2026-09-03,SZ000596,-0.08975385874509811,EXP_LinearModel_Alpha158_csi300_custom_step0_s_20260903_16,037c895fd687496699c258312baf3c1f,0.004,,,
2008,2026-09-03,SZ000617,-0.014994324184954166,EXP_LinearModel_Alpha158_csi300_custom_step0_s_20260903_16,037c895fd687496699c258312baf3c1f,0.004,,,
2009,2026-09-03,SZ000625,0.03918076679110527,EXP_LinearModel_Alpha158_csi300_custom_step0_s_20260903_16,037c895fd687496699c258312baf3c1f,0.004,,,
2010,2026-09-03,SZ000630,0.018171407282352448,EXP_LinearModel_Alpha158_csi300_custom_step0_s_20260903_16,037c895fd687496699c258312baf3c1f,0.004,,,
2011,2026-09-03,SZ000651,-0.01737409457564354,EXP_LinearModel_Alpha158_csi300_custom_step0_s_20260903_16,037c895fd687496699c258312baf3c1f,0.004,,,
2012,2026-09-03,SZ000657,0.28558751940727234,EXP_LinearModel_Alpha158_csi300_custom_step0_s_20260903_16,037c895fd687496699c258312baf3c1f,0.004,,,
2013,2026-09-03,SZ000708,-0.008798262104392052,EXP_LinearModel_Alpha158_csi300_custom_step0_s_20260903_16,037c895fd687496699c258312baf3c1f,0.004,,,
2014,2026-09-03,SZ000725,-0.012095687910914421,EXP_LinearModel_Alpha158_csi300_custom_step0_s_20260903_16,037c895fd687496699c258312baf3c1f,0.004,,,
2015,2026-09-03,SZ000768,-0.08961686491966248,EXP_LinearModel_Alpha158_csi300_custom_step0_s_20260903_16,037c895fd687496699c258312baf3c1f,0.004,,,
2016,2026-09-03,SZ000776,0.00744115374982357,EXP_LinearModel_Alpha158_csi300_custom_step0_s_20260903_16,037c895fd687496699c258312baf3c1f,0.004,,,
2017,2026-09-03,SZ000792,0.030425217002630234,EXP_LinearModel_Alpha158_csi300_custom_step0_s_20260903_16,037c895fd687496699c258312baf3c1f,0.004,,,
2018,2026-09-03,SZ000807,-0.1032741367816925,EXP_LinearModel_Alpha158_csi300_custom_step0_s_20260903_16,037c895fd687496699c258312baf3c1f,0.004,,,
2019,2026-09-03,SZ000858,0.010640069842338562,EXP_LinearModel_Alpha158_csi300_custom_step0_s_20260903_16,037c895fd687496699c258312baf3c1f,0.004,,,
2020,2026-09-03,SZ000895,-0.06852223724126816,EXP_LinearModel_Alpha158_csi300_custom_step0_s_20260903_16,037c895fd687496699c258312baf3c1f,0.004,,,
2021,2026-09-03,SZ002049,0.10422936826944351,EXP_LinearModel_Alpha158_csi300_custom_step0_s_20260903_16,037c895fd687496699c258312baf3c1f,0.004,,,
2022,2026-09-03,SZ002028,-0.021424032747745514,EXP_LinearModel_Alpha158_csi300_custom_step0_s_20260903_16,037c895fd687496699c258312baf3c1f,0.004,,,
2023,2026-09-03,SZ002027,0.006769564002752304,EXP_LinearModel_Alpha158_csi300_custom_step0_s_20260903_16,037c895fd687496699c258312baf3c1f,0.004,,,
2024,2026-09-03,SZ002001,0.06704864650964737,EXP_LinearModel_Alpha158_csi300_custom_step0_s_20260903_16,037c895fd687496699c258312baf3c1f,0.004,,,
2025,2026-09-03,SZ001979,0.2543379068374634,EXP_LinearModel_Alpha158_csi300_custom_step0_s_20260903_16,037c895fd687496699c258312baf3c1f,0.004,,,
2026,2026-09-03,SZ001965,0.08544690907001495,EXP_LinearModel_Alpha158_csi300_custom_step0_s_20260903_16,037c895fd687496699c258312baf3c1f,0.004,,,
2027,2026-09-03,SZ002074,-0.029148735105991364,EXP_LinearModel_Alpha158_csi300_custom_step0_s_20260903_16,037c895fd687496699c258312baf3c1f,0.004,,,
2028,2026-09-03,SZ001391,-0.008564812131226063,EXP_LinearModel_Alpha158_csi300_custom_step0_s_20260903_16,037c895fd687496699c258312baf3c1f,0.004,,,
2029,2026-09-03,SZ000999,0.017198501154780388,EXP_LinearModel_Alpha158_csi300_custom_step0_s_20260903_16,037c895fd687496699c258312baf3c1f,0.004,,,
2030,2026-09-03,SZ000988,0.1389806568622589,EXP_LinearModel_Alpha158_csi300_custom_step0_s_20260903_16,037c895fd687496699c258312baf3c1f,0.004,,,
2031,2026-09-03,SZ000977,-0.09135904908180237,EXP_LinearModel_Alpha158_csi300_custom_step0_s_20260903_16,037c895fd687496699c258312baf3c1f,0.004,,,
2032,2026-09-03,SZ000975,0.10791534185409546,EXP_LinearModel_Alpha158_csi300_custom_step0_s_20260903_16,037c895fd687496699c258312baf3c1f,0.004,,,
2033,2026-09-03,SZ000963,0.0848502516746521,EXP_LinearModel_Alpha158_csi300_custom_step0_s_20260903_16,037c895fd687496699c258312baf3c1f,0.004,,,
2034,2026-09-03,SZ000938,-0.08280859887599945,EXP_LinearModel_Alpha158_csi300_custom_step0_s_20260903_16,037c895fd687496699c258312baf3c1f,0.004,,,
2035,2026-09-03,SZ001280,0.0030054589733481407,EXP_LinearModel_Alpha158_csi300_custom_step0_s_20260903_16,037c895fd687496699c258312baf3c1f,0.004,,,
2036,2026-09-03,SZ300014,-0.005856805481016636,EXP_LinearModel_Alpha158_csi300_custom_step0_s_20260903_16,037c895fd687496699c258312baf3c1f,0.004,,,
2037,2026-09-03,SZ300015,-0.041228435933589935,EXP_LinearModel_Alpha158_csi300_custom_step0_s_20260903_16,037c895fd687496699c258312baf3c1f,0.004,,,
2038,2026-09-03,SZ300033,0.032740455120801926,EXP_LinearModel_Alpha158_csi300_custom_step0_s_20260903_16,037c895fd687496699c258312baf3c1f,0.004,,,
2039,2026-09-03,SH600016,0.03451620414853096,EXP_LinearModel_Alpha158_csi300_custom_step0_s_20260903_16,383ee2be448a4ede8218a102a85986a9,0.116,,,
2040,2026-09-03,SH600018,-0.03799441456794739,EXP_LinearModel_Alpha158_csi300_custom_step0_s_20260903_16,383ee2be448a4ede8218a102a85986a9,0.116,,,
2041,2026-09-03,SH600019,-0.01693083345890045,EXP_LinearModel_Alpha158_csi300_custom_step0_s_20260903_16,383ee2be448a4ede8218a102a85986a9,0.116,,,
2042,2026-09-03,SH600023,0.049822717905044556,EXP_LinearModel_Alpha158_csi300_custom_step0_s_20260903_16,383ee2be448a4ede8218a102a85986a9,0.116,,,
2043,2026-09-03,SH600025,0.003163866698741913,EXP_LinearModel_Alpha158_csi300_custom_step0_s_20260903_16,383ee2be448a4ede8218a102a85986a9,0.116,,,
2044,2026-09-03,SH600026,0.10957163572311401,EXP_LinearModel_Alpha158_csi300_custom_step0_s_20260903_16,383ee2be448a4ede8218a102a85986a9,0.116,,,
2045,2026-09-03,SH600027,0.012447170913219452,EXP_LinearModel_Alpha158_csi300_custom_step0_s_20260903_16,383ee2be448a4ede8218a102a85986a9,0.116,,,
2046,2026-09-03,SH600028,0.029802950099110603,EXP_LinearModel_Alpha158_csi300_custom_step0_s_20260903_16,383ee2be448a4ede8218a102a85986a9,0.116,,,
2047,2026-09-03,SH600029,-0.0011391174048185349,EXP_LinearModel_Alpha158_csi300_custom_step0_s_20260903_16,383ee2be448a4ede8218a102a85986a9,0.116,,,
2048,2026-09-03,SH600030,-0.010173102840781212,EXP_LinearModel_Alpha158_csi300_custom_step0_s_20260903_16,383ee2be448a4ede8218a102a85986a9,0.116,,,
2049,2026-09-03,SH600031,-0.022570058703422546,EXP_LinearModel_Alpha158_csi300_custom_step0_s_20260903_16,383ee2be448a4ede8218a102a85986a9,0.116,,,
2050,2026-09-03,SH600036,0.009847864508628845,EXP_LinearModel_Alpha158_csi300_custom_step0_s_20260903_16,383ee2be448a4ede8218a102a85986a9,0.116,,,
2051,2026-09-03,SH600039,0.0022857412695884705,EXP_LinearModel_Alpha158_csi300_custom_step0_s_20260903_16,383ee2be448a4ede8218a102a85986a9,0.116,,,
2052,2026-09-03,SH600048,-0.041249826550483704,EXP_LinearModel_Alpha158_csi300_custom_step0_s_20260903_16,383ee2be448a4ede8218a102a85986a9,0.116,,,
2053,2026-09-03,SH600050,0.01606164127588272,EXP_LinearModel_Alpha158_csi300_custom_step0_s_20260903_16,383ee2be448a4ede8218a102a85986a9,0.116,,,
2054,2026-09-03,SH600061,0.04606367275118828,EXP_LinearModel_Alpha158_csi300_custom_step0_s_20260903_16,383ee2be448a4ede8218a102a85986a9,0.116,,,
2055,2026-09-03,SH600066,-0.06486442685127258,EXP_LinearModel_Alpha158_csi300_custom_step0_s_20260903_16,383ee2be448a4ede8218a102a85986a9,0.116,,,
2056,2026-09-03,SH600221,-0.042615536600351334,EXP_LinearModel_Alpha158_csi300_custom_step0_s_20260903_16,383ee2be448a4ede8218a102a85986a9,0.116,,,
2057,2026-09-03,SH600219,0.10337111353874207,EXP_LinearModel_Alpha158_csi300_custom_step0_s_20260903_16,383ee2be448a4ede8218a102a85986a9,0.116,,,
2058,2026-09-03,SH600196,0.025880319997668266,EXP_LinearModel_Alpha158_csi300_custom_step0_s_20260903_16,383ee2be448a4ede8218a102a85986a9,0.116,,,
2059,2026-09-03,SH600188,0.09076198935508728,EXP_LinearModel_Alpha158_csi300_custom_step0_s_20260903_16,383ee2be448a4ede8218a102a85986a9,0.116,,,
2060,2026-09-03,SH600183,0.28506937623023987,EXP_LinearModel_Alpha158_csi300_custom_step0_s_20260903_16,383ee2be448a4ede8218a102a85986a9,0.116,,,
2061,2026-09-03,SH600176,0.2071777880191803,EXP_LinearModel_Alpha158_csi300_custom_step0_s_20260903_16,383ee2be448a4ede8218a102a85986a9,0.116,,,
2062,2026-09-03,SH600015,0.014454647898674011,EXP_LinearModel_Alpha158_csi300_custom_step0_s_20260903_16,383ee2be448a4ede8218a102a85986a9,0.116,,,
2063,2026-09-03,SH600160,0.03475980460643768,EXP_LinearModel_Alpha158_csi300_custom_step0_s_20260903_16,383ee2be448a4ede8218a102a85986a9,0.116,,,
2064,2026-09-03,SH600118,0.11433175206184387,EXP_LinearModel_Alpha158_csi300_custom_step0_s_20260903_16,383ee2be448a4ede8218a102a85986a9,0.116,,,
2065,2026-09-03,SH600115,0.024437030777335167,EXP_LinearModel_Alpha158_csi300_custom_step0_s_20260903_16,383ee2be448a4ede8218a102a85986a9,0.116,,,
2066,2026-09-03,SH600111,-0.06604541838169098,EXP_LinearModel_Alpha158_csi300_custom_step0_s_20260903_16,383ee2be448a4ede8218a102a85986a9,0.116,,,
2067,2026-09-03,SH600104,0.04106597602367401,EXP_LinearModel_Alpha158_csi300_custom_step0_s_20260903_16,383ee2be448a4ede8218a102a85986a9,0.116,,,
2068,2026-09-03,SH600089,0.11999484151601791,EXP_LinearModel_Alpha158_csi300_custom_step0_s_20260903_16,383ee2be448a4ede8218a102a85986a9,0.116,,,
2069,2026-09-03,SH600085,-0.02744446136057377,EXP_LinearModel_Alpha158_csi300_custom_step0_s_20260903_16,383ee2be448a4ede8218a102a85986a9,0.116,,,
2070,2026-09-03,SH600150,-0.022732947021722794,EXP_LinearModel_Alpha158_csi300_custom_step0_s_20260903_16,383ee2be448a4ede8218a102a85986a9,0.116,,,
2071,2026-09-03,SH600011,0.0185764878988266,EXP_LinearModel_Alpha158_csi300_custom_step0_s_20260903_16,383ee2be448a4ede8218a102a85986a9,0.116,,,
2072,2026-09-03,SH600010,-0.06201629340648651,EXP_LinearModel_Alpha158_csi300_custom_step0_s_20260903_16,383ee2be448a4ede8218a102a85986a9,0.116,,,
2073,2026-09-03,SH600009,0.011603022925555706,EXP_LinearModel_Alpha158_csi300_custom_step0_s_20260903_16,383ee2be448a4ede8218a102a85986a9,0.116,,,
2074,2026-09-03,SZ300450,0.06009965389966965,EXP_LinearModel_Alpha158_csi300_custom_step0_s_20260903_16,037c895fd687496699c258312baf3c1f,0.004,,,
2075,2026-09-03,SZ300442,0.05129585042595863,EXP_LinearModel_Alpha158_csi300_custom_step0_s_20260903_16,037c895fd687496699c258312baf3c1f,0.004,,,
2076,2026-09-03,SZ300433,0.2240513265132904,EXP_LinearModel_Alpha158_csi300_custom_step0_s_20260903_16,037c895fd687496699c258312baf3c1f,0.004,,,
2077,2026-09-03,SZ300418,0.07506965845823288,EXP_LinearModel_Alpha158_csi300_custom_step0_s_20260903_16,037c895fd687496699c258312baf3c1f,0.004,,,
2078,2026-09-03,SZ300413,-0.30093619227409363,EXP_LinearModel_Alpha158_csi300_custom_step0_s_20260903_16,037c895fd687496699c258312baf3c1f,0.004,,,
2079,2026-09-03,SZ300408,0.18001073598861694,EXP_LinearModel_Alpha158_csi300_custom_step0_s_20260903_16,037c895fd687496699c258312baf3c1f,0.004,,,
2080,2026-09-03,SZ300476,0.40552017092704773,EXP_LinearModel_Alpha158_csi300_custom_step0_s_20260903_16,037c895fd687496699c258312baf3c1f,0.004,,,
2081,2026-09-03,SZ300394,0.25278228521347046,EXP_LinearModel_Alpha158_csi300_custom_step0_s_20260903_16,037c895fd687496699c258312baf3c1f,0.004,,,
2082,2026-09-03,SZ300308,0.13581593334674835,EXP_LinearModel_Alpha158_csi300_custom_step0_s_20260903_16,037c895fd687496699c258312baf3c1f,0.004,,,
2083,2026-09-03,SZ300274,0.2541113495826721,EXP_LinearModel_Alpha158_csi300_custom_step0_s_20260903_16,037c895fd687496699c258312baf3c1f,0.004,,,
2084,2026-09-03,SZ300251,0.06726428121328354,EXP_LinearModel_Alpha158_csi300_custom_step0_s_20260903_16,037c895fd687496699c258312baf3c1f,0.004,,,
2085,2026-09-03,SZ300124,0.05670076981186867,EXP_LinearModel_Alpha158_csi300_custom_step0_s_20260903_16,037c895fd687496699c258312baf3c1f,0.004,,,
2086,2026-09-03,SZ300122,0.1704845279455185,EXP_LinearModel_Alpha158_csi300_custom_step0_s_20260903_16,037c895fd687496699c258312baf3c1f,0.004,,,
2087,2026-09-03,SZ300059,-0.031158626079559326,EXP_LinearModel_Alpha158_csi300_custom_step0_s_20260903_16,037c895fd687496699c258312baf3c1f,0.004,,,
2088,2026-09-03,SZ300316,0.17004352807998657,EXP_LinearModel_Alpha158_csi300_custom_step0_s_20260903_16,037c895fd687496699c258312baf3c1f,0.004,,,
2089,2026-09-03,SZ000408,0.0670347511768341,EXP_LinearModel_Alpha158_csi300_custom_step0_s_20260903_16,037c895fd687496699c258312baf3c1f,0.004,,,
2090,2026-09-03,SZ300498,0.06971261650323868,EXP_LinearModel_Alpha158_csi300_custom_step0_s_20260903_16,037c895fd687496699c258312baf3c1f,0.004,,,
2091,2026-09-03,SZ300628,0.04202563688158989,EXP_LinearModel_Alpha158_csi300_custom_step0_s_20260903_16,037c895fd687496699c258312baf3c1f,0.004,,,
2092,2026-09-03,SH600000,0.0190432108938694,EXP_LinearModel_Alpha158_csi300_custom_step0_s_20260903_16,383ee2be448a4ede8218a102a85986a9,0.116,,,
2093,2026-09-03,SZ302132,-0.06297974288463593,EXP_LinearModel_Alpha158_csi300_custom_step0_s_20260903_16,037c895fd687496699c258312baf3c1f,0.004,,,
2094,2026-09-03,SZ301308,0.1378398984670639,EXP_LinearModel_Alpha158_csi300_custom_step0_s_20260903_16,037c895fd687496699c258312baf3c1f,0.004,,,
2095,2026-09-03,SZ301269,0.04542338848114014,EXP_LinearModel_Alpha158_csi300_custom_step0_s_20260903_16,037c895fd687496699c258312baf3c1f,0.004,,,
2096,2026-09-03,SZ301236,0.021482475101947784,EXP_LinearModel_Alpha158_csi300_custom_step0_s_20260903_16,037c895fd687496699c258312baf3c1f,0.004,,,
2097,2026-09-03,SZ301165,0.034686312079429626,EXP_LinearModel_Alpha158_csi300_custom_step0_s_20260903_16,037c895fd687496699c258312baf3c1f,0.004,,,
2098,2026-09-03,SZ300502,0.12677110731601715,EXP_LinearModel_Alpha158_csi300_custom_step0_s_20260903_16,037c895fd687496699c258312baf3c1f,0.004,,,
2099,2026-09-03,SZ300999,0.03269941359758377,EXP_LinearModel_Alpha158_csi300_custom_step0_s_20260903_16,037c895fd687496699c258312baf3c1f,0.004,,,
2100,2026-09-03,SZ300866,0.046426236629486084,EXP_LinearModel_Alpha158_csi300_custom_step0_s_20260903_16,037c895fd687496699c258312baf3c1f,0.004,,,
2101,2026-09-03,SZ300832,0.08565045893192291,EXP_LinearModel_Alpha158_csi300_custom_step0_s_20260903_16,037c895fd687496699c258312baf3c1f,0.004,,,
2102,2026-09-03,SZ300803,0.015641437843441963,EXP_LinearModel_Alpha158_csi300_custom_step0_s_20260903_16,037c895fd687496699c258312baf3c1f,0.004,,,
2103,2026-09-03,SZ300760,0.0563223734498024,EXP_LinearModel_Alpha158_csi300_custom_step0_s_20260903_16,037c895fd687496699c258312baf3c1f,0.004,,,
2104,2026-09-03,SZ300750,-0.00632112892344594,EXP_LinearModel_Alpha158_csi300_custom_step0_s_20260903_16,037c895fd687496699c258312baf3c1f,0.004,,,
2105,2026-09-03,SZ300661,0.14765770733356476,EXP_LinearModel_Alpha158_csi300_custom_step0_s_20260903_16,037c895fd687496699c258312baf3c1f,0.004,,,
2106,2026-09-03,SZ300896,0.12982909381389618,EXP_LinearModel_Alpha158_csi300_custom_step0_s_20260903_16,037c895fd687496699c258312baf3c1f,0.004,,,
2107,2026-09-03,SH600918,-0.03089119866490364,EXP_LinearModel_Alpha158_csi300_custom_step0_s_20260903_16,cfbca044eb674131bcbde5d29da9bab3,0.107,,,
2108,2026-09-03,SZ000338,0.07421468198299408,EXP_LinearModel_Alpha158_csi300_custom_step0_s_20260903_16,037c895fd687496699c258312baf3c1f,0.004,,,
2109,2026-09-03,SZ000301,0.06491818279027939,EXP_LinearModel_Alpha158_csi300_custom_step0_s_20260903_16,037c895fd687496699c258312baf3c1f,0.004,,,
2110,2026-09-03,SH601088,0.06492166221141815,EXP_LinearModel_Alpha158_csi300_custom_step0_s_20260903_16,037c895fd687496699c258312baf3c1f,0.004,,,
2111,2026-09-03,SH601100,-0.024629786610603333,EXP_LinearModel_Alpha158_csi300_custom_step0_s_20260903_16,037c895fd687496699c258312baf3c1f,0.004,,,
2112,2026-09-03,SH601111,0.02057514153420925,EXP_LinearModel_Alpha158_csi300_custom_step0_s_20260903_16,037c895fd687496699c258312baf3c1f,0.004,,,
2113,2026-09-03,SH601117,0.004916687961667776,EXP_LinearModel_Alpha158_csi300_custom_step0_s_20260903_16,037c895fd687496699c258312baf3c1f,0.004,,,
2114,2026-09-03,SH601127,0.15648555755615234,EXP_LinearModel_Alpha158_csi300_custom_step0_s_20260903_16,037c895fd687496699c258312baf3c1f,0.004,,,
2115,2026-09-03,SH601136,0.03253461420536041,EXP_LinearModel_Alpha158_csi300_custom_step0_s_20260903_16,037c895fd687496699c258312baf3c1f,0.004,,,
2116,2026-09-03,SH601138,0.05195029824972153,EXP_LinearModel_Alpha158_csi300_custom_step0_s_20260903_16,037c895fd687496699c258312baf3c1f,0.004,,,
2117,2026-09-03,SH601166,-0.008568977937102318,EXP_LinearModel_Alpha158_csi300_custom_step0_s_20260903_16,037c895fd687496699c258312baf3c1f,0.004,,,
2118,2026-09-03,SH601169,-0.01832406595349312,EXP_LinearModel_Alpha158_csi300_custom_step0_s_20260903_16,037c895fd687496699c258312baf3c1f,0.004,,,
2119,2026-09-03,SH601186,0.03786711394786835,EXP_LinearModel_Alpha158_csi300_custom_step0_s_20260903_16,037c895fd687496699c258312baf3c1f,0.004,,,
2120,2026-09-03,SH601211,0.0084485849365592,EXP_LinearModel_Alpha158_csi300_custom_step0_s_20260903_16,037c895fd687496699c258312baf3c1f,0.004,,,
2121,2026-09-03,SH601225,0.08279525488615036,EXP_LinearModel_Alpha158_csi300_custom_step0_s_20260903_16,037c895fd687496699c258312baf3c1f,0.004,,,
2122,2026-09-03,SH601229,0.0746837854385376,EXP_LinearModel_Alpha158_csi300_custom_step0_s_20260903_16,037c895fd687496699c258312baf3c1f,0.004,,,
2123,2026-09-03,SH601238,0.09349965304136276,EXP_LinearModel_Alpha158_csi300_custom_step0_s_20260903_16,037c895fd687496699c258312baf3c1f,0.004,,,
2124,2026-09-03,SH601288,0.05686485394835472,EXP_LinearModel_Alpha158_csi300_custom_step0_s_20260903_16,037c895fd687496699c258312baf3c1f,0.004,,,
2125,2026-09-03,SH601318,0.02557278424501419,EXP_LinearModel_Alpha158_csi300_custom_step0_s_20260903_16,037c895fd687496699c258312baf3c1f,0.004,,,
2126,2026-09-03,SH601319,-0.05202868580818176,EXP_LinearModel_Alpha158_csi300_custom_step0_s_20260903_16,037c895fd687496699c258312baf3c1f,0.004,,,
2127,2026-09-03,SH601658,-0.03808322548866272,EXP_LinearModel_Alpha158_csi300_custom_step0_s_20260903_16,037c895fd687496699c258312baf3c1f,0.004,,,
2128,2026-09-03,SH601633,0.026564553380012512,EXP_LinearModel_Alpha158_csi300_custom_step0_s_20260903_16,037c895fd687496699c258312baf3c1f,0.004,,,
2129,2026-09-03,SH601628,-0.011285104788839817,EXP_LinearModel_Alpha158_csi300_custom_step0_s_20260903_16,037c895fd687496699c258312baf3c1f,0.004,,,
2130,2026-09-03,SH601618,0.003206158522516489,EXP_LinearModel_Alpha158_csi300_custom_step0_s_20260903_16,037c895fd687496699c258312baf3c1f,0.004,,,
2131,2026-09-03,SH601607,0.027720263227820396,EXP_LinearModel_Alpha158_csi300_custom_step0_s_20260903_16,037c895fd687496699c258312baf3c1f,0.004,,,
2132,2026-09-03,SH601601,0.02881881780922413,EXP_LinearModel_Alpha158_csi300_custom_step0_s_20260903_16,037c895fd687496699c258312baf3c1f,0.004,,,
2133,2026-09-03,SH601077,0.07451212406158447,EXP_LinearModel_Alpha158_csi300_custom_step0_s_20260903_16,037c895fd687496699c258312baf3c1f,0.004,,,
2134,2026-09-03,SH601600,-0.03419121727347374,EXP_LinearModel_Alpha158_csi300_custom_step0_s_20260903_16,037c895fd687496699c258312baf3c1f,0.004,,,
2135,2026-09-03,SH601398,0.039715476334095,EXP_LinearModel_Alpha158_csi300_custom_step0_s_20260903_16,037c895fd687496699c258312baf3c1f,0.004,,,
2136,2026-09-03,SH601390,0.014434143900871277,EXP_LinearModel_Alpha158_csi300_custom_step0_s_20260903_16,037c895fd687496699c258312baf3c1f,0.004,,,
2137,2026-09-03,SH601377,-0.03502789884805679,EXP_LinearModel_Alpha158_csi300_custom_step0_s_20260903_16,037c895fd687496699c258312baf3c1f,0.004,,,
2138,2026-09-03,SH601360,-0.015536097809672356,EXP_LinearModel_Alpha158_csi300_custom_step0_s_20260903_16,037c895fd687496699c258312baf3c1f,0.004,,,
2139,2026-09-03,SH601336,-0.06681201606988907,EXP_LinearModel_Alpha158_csi300_custom_step0_s_20260903_16,037c895fd687496699c258312baf3c1f,0.004,,,
2140,2026-09-03,SH601328,0.01998690329492092,EXP_LinearModel_Alpha158_csi300_custom_step0_s_20260903_16,037c895fd687496699c258312baf3c1f,0.004,,,
2141,2026-09-03,SH601456,-0.03739394620060921,EXP_LinearModel_Alpha158_csi300_custom_step0_s_20260903_16,037c895fd687496699c258312baf3c1f,0.004,,,
2142,2026-09-03,SH601668,0.015155941247940063,EXP_LinearModel_Alpha158_csi300_custom_step0_s_20260903_16,037c895fd687496699c258312baf3c1f,0.004,,,
2143,2026-09-03,SH601066,0.0174562931060791,EXP_LinearModel_Alpha158_csi300_custom_step0_s_20260903_16,037c895fd687496699c258312baf3c1f,0.004,,,
2144,2026-09-03,SH601058,-0.02259880118072033,EXP_LinearModel_Alpha158_csi300_custom_step0_s_20260903_16,037c895fd687496699c258312baf3c1f,0.004,,,
2145,2026-09-03,SH600588,0.12215019762516022,EXP_LinearModel_Alpha158_csi300_custom_step0_s_20260903_16,037c895fd687496699c258312baf3c1f,0.004,,,
2146,2026-09-03,SH600600,0.026530683040618896,EXP_LinearModel_Alpha158_csi300_custom_step0_s_20260903_16,037c895fd687496699c258312baf3c1f,0.004,,,
2147,2026-09-03,SH600660,0.07117941975593567,EXP_LinearModel_Alpha158_csi300_custom_step0_s_20260903_16,037c895fd687496699c258312baf3c1f,0.004,,,
2148,2026-09-03,SH600674,0.015135732479393482,EXP_LinearModel_Alpha158_csi300_custom_step0_s_20260903_16,037c895fd687496699c258312baf3c1f,0.004,,,
2149,2026-09-03,SH600690,0.07486063987016678,EXP_LinearModel_Alpha158_csi300_custom_step0_s_20260903_16,037c895fd687496699c258312baf3c1f,0.004,,,
2150,2026-09-03,SH600741,0.029004652053117752,EXP_LinearModel_Alpha158_csi300_custom_step0_s_20260903_16,037c895fd687496699c258312baf3c1f,0.004,,,
2151,2026-09-03,SH600760,0.0247041005641222,EXP_LinearModel_Alpha158_csi300_custom_step0_s_20260903_16,037c895fd687496699c258312baf3c1f,0.004,,,
2152,2026-09-03,SH600795,0.027488062158226967,EXP_LinearModel_Alpha158_csi300_custom_step0_s_20260903_16,037c895fd687496699c258312baf3c1f,0.004,,,
2153,2026-09-03,SH600803,-0.02813900262117386,EXP_LinearModel_Alpha158_csi300_custom_step0_s_20260903_16,037c895fd687496699c258312baf3c1f,0.004,,,
2154,2026-09-03,SH600809,-0.031295955181121826,EXP_LinearModel_Alpha158_csi300_custom_step0_s_20260903_16,037c895fd687496699c258312baf3c1f,0.004,,,
2155,2026-09-03,SH600845,-0.041029032319784164,EXP_LinearModel_Alpha158_csi300_custom_step0_s_20260903_16,037c895fd687496699c258312baf3c1f,0.004,,,
2156,2026-09-03,SH600875,0.11809850484132767,EXP_LinearModel_Alpha158_csi300_custom_step0_s_20260903_16,037c895fd687496699c258312baf3c1f,0.004,,,
2157,2026-09-03,SH600886,0.02651837095618248,EXP_LinearModel_Alpha158_csi300_custom_step0_s_20260903_16,037c895fd687496699c258312baf3c1f,0.004,,,
2158,2026-09-03,SH600887,0.055986613035202026,EXP_LinearModel_Alpha158_csi300_custom_step0_s_20260903_16,037c895fd687496699c258312baf3c1f,0.004,,,
2159,2026-09-03,SH600893,0.055962901562452316,EXP_LinearModel_Alpha158_csi300_custom_step0_s_20260903_16,037c895fd687496699c258312baf3c1f,0.004,,,
2160,2026-09-03,SH600900,0.018045518547296524,EXP_LinearModel_Alpha158_csi300_custom_step0_s_20260903_16,037c895fd687496699c258312baf3c1f,0.004,,,
2161,2026-09-03,SH600905,-0.024215128272771835,EXP_LinearModel_Alpha158_csi300_custom_step0_s_20260903_16,037c895fd687496699c258312baf3c1f,0.004,,,
2162,2026-09-03,SH601021,0.037908885627985,EXP_LinearModel_Alpha158_csi300_custom_step0_s_20260903_16,037c895fd687496699c258312baf3c1f,0.004,,,
2163,2026-09-03,SH601018,0.06919676810503006,EXP_LinearModel_Alpha158_csi300_custom_step0_s_20260903_16,037c895fd687496699c258312baf3c1f,0.004,,,
2164,2026-09-03,SH601012,0.020254582166671753,EXP_LinearModel_Alpha158_csi300_custom_step0_s_20260903_16,037c895fd687496699c258312baf3c1f,0.004,,,
2165,2026-09-03,SH601009,0.09463570266962051,EXP_LinearModel_Alpha158_csi300_custom_step0_s_20260903_16,037c895fd687496699c258312baf3c1f,0.004,,,
2166,2026-09-03,SH601006,0.024493355304002762,EXP_LinearModel_Alpha158_csi300_custom_step0_s_20260903_16,037c895fd687496699c258312baf3c1f,0.004,,,
2167,2026-09-03,SH600999,-0.0018323829863220453,EXP_LinearModel_Alpha158_csi300_custom_step0_s_20260903_16,037c895fd687496699c258312baf3c1f,0.004,,,
2168,2026-09-03,SH601059,-0.055266123265028,EXP_LinearModel_Alpha158_csi300_custom_step0_s_20260903_16,037c895fd687496699c258312baf3c1f,0.004,,,
2169,2026-09-03,SH600989,0.009990922175347805,EXP_LinearModel_Alpha158_csi300_custom_step0_s_20260903_16,037c895fd687496699c258312baf3c1f,0.004,,,
2170,2026-09-03,SH600941,0.055820390582084656,EXP_LinearModel_Alpha158_csi300_custom_step0_s_20260903_16,037c895fd687496699c258312baf3c1f,0.004,,,
2171,2026-09-03,SH600938,0.07441923767328262,EXP_LinearModel_Alpha158_csi300_custom_step0_s_20260903_16,037c895fd687496699c258312baf3c1f,0.004,,,
2172,2026-09-03,SH600930,-0.013269122689962387,EXP_LinearModel_Alpha158_csi300_custom_step0_s_20260903_16,037c895fd687496699c258312baf3c1f,0.004,,,
2173,2026-09-03,SH600926,0.03745810687541962,EXP_LinearModel_Alpha158_csi300_custom_step0_s_20260903_16,037c895fd687496699c258312baf3c1f,0.004,,,
2174,2026-09-03,SH600919,0.0212168637663126,EXP_LinearModel_Alpha158_csi300_custom_step0_s_20260903_16,037c895fd687496699c258312baf3c1f,0.004,,,
2175,2026-09-03,SH600918,0.01000320352613926,EXP_LinearModel_Alpha158_csi300_custom_step0_s_20260903_16,037c895fd687496699c258312baf3c1f,0.004,,,
2176,2026-09-03,SH600958,0.04334030672907829,EXP_LinearModel_Alpha158_csi300_custom_step0_s_20260903_16,037c895fd687496699c258312baf3c1f,0.004,,,
2177,2026-09-03,SH601669,-0.017185501754283905,EXP_LinearModel_Alpha158_csi300_custom_step0_s_20260903_16,037c895fd687496699c258312baf3c1f,0.004,,,
2178,2026-09-03,SH601688,0.0005022641271352768,EXP_LinearModel_Alpha158_csi300_custom_step0_s_20260903_16,037c895fd687496699c258312baf3c1f,0.004,,,
2179,2026-09-03,SH601689,0.03679904714226723,EXP_LinearModel_Alpha158_csi300_custom_step0_s_20260903_16,037c895fd687496699c258312baf3c1f,0.004,,,
2180,2026-09-03,SH603893,-0.06866103410720825,EXP_LinearModel_Alpha158_csi300_custom_step0_s_20260903_16,037c895fd687496699c258312baf3c1f,0.004,,,
2181,2026-09-03,SH603986,0.061366092413663864,EXP_LinearModel_Alpha158_csi300_custom_step0_s_20260903_16,037c895fd687496699c258312baf3c1f,0.004,,,
2182,2026-09-03,SH603993,0.03304850310087204,EXP_LinearModel_Alpha158_csi300_custom_step0_s_20260903_16,037c895fd687496699c258312baf3c1f,0.004,,,
2183,2026-09-03,SH605117,0.16994164884090424,EXP_LinearModel_Alpha158_csi300_custom_step0_s_20260903_16,037c895fd687496699c258312baf3c1f,0.004,,,
2184,2026-09-03,SH605499,-0.00014784338418394327,EXP_LinearModel_Alpha158_csi300_custom_step0_s_20260903_16,037c895fd687496699c258312baf3c1f,0.004,,,
2185,2026-09-03,SH688008,0.21390272676944733,EXP_LinearModel_Alpha158_csi300_custom_step0_s_20260903_16,037c895fd687496699c258312baf3c1f,0.004,,,
2186,2026-09-03,SH688009,-0.025569166988134384,EXP_LinearModel_Alpha158_csi300_custom_step0_s_20260903_16,037c895fd687496699c258312baf3c1f,0.004,,,
2187,2026-09-03,SH688012,0.03978681191802025,EXP_LinearModel_Alpha158_csi300_custom_step0_s_20260903_16,037c895fd687496699c258312baf3c1f,0.004,,,
2188,2026-09-03,SH688036,0.13970375061035156,EXP_LinearModel_Alpha158_csi300_custom_step0_s_20260903_16,037c895fd687496699c258312baf3c1f,0.004,,,
2189,2026-09-03,SH688041,0.12866805493831635,EXP_LinearModel_Alpha158_csi300_custom_step0_s_20260903_16,037c895fd687496699c258312baf3c1f,0.004,,,
2190,2026-09-03,SH688047,0.1011330783367157,EXP_LinearModel_Alpha158_csi300_custom_step0_s_20260903_16,037c895fd687496699c258312baf3c1f,0.004,,,
2191,2026-09-03,SH688072,0.07988092303276062,EXP_LinearModel_Alpha158_csi300_custom_step0_s_20260903_16,037c895fd687496699c258312baf3c1f,0.004,,,
2192,2026-09-03,SH688082,0.09337349981069565,EXP_LinearModel_Alpha158_csi300_custom_step0_s_20260903_16,037c895fd687496699c258312baf3c1f,0.004,,,
2193,2026-09-03,SH688111,-0.0024659328628331423,EXP_LinearModel_Alpha158_csi300_custom_step0_s_20260903_16,037c895fd687496699c258312baf3c1f,0.004,,,
2194,2026-09-03,SH688126,0.12127843499183655,EXP_LinearModel_Alpha158_csi300_custom_step0_s_20260903_16,037c895fd687496699c258312baf3c1f,0.004,,,
2195,2026-09-03,SH688183,-0.030666640028357506,EXP_LinearModel_Alpha158_csi300_custom_step0_s_20260903_16,037c895fd687496699c258312baf3c1f,0.004,,,
2196,2026-09-03,SH688223,0.05899399518966675,EXP_LinearModel_Alpha158_csi300_custom_step0_s_20260903_16,037c895fd687496699c258312baf3c1f,0.004,,,
2197,2026-09-03,SZ000166,-0.004477980546653271,EXP_LinearModel_Alpha158_csi300_custom_step0_s_20260903_16,037c895fd687496699c258312baf3c1f,0.004,,,
2198,2026-09-03,SZ000157,0.01846056990325451,EXP_LinearModel_Alpha158_csi300_custom_step0_s_20260903_16,037c895fd687496699c258312baf3c1f,0.004,,,
2199,2026-09-03,SZ000100,0.05158184468746185,EXP_LinearModel_Alpha158_csi300_custom_step0_s_20260903_16,037c895fd687496699c258312baf3c1f,0.004,,,
2200,2026-09-03,SZ000063,-0.010699484497308731,EXP_LinearModel_Alpha158_csi300_custom_step0_s_20260903_16,037c895fd687496699c258312baf3c1f,0.004,,,
2201,2026-09-03,SZ000002,0.0881684422492981,EXP_LinearModel_Alpha158_csi300_custom_step0_s_20260903_16,037c895fd687496699c258312baf3c1f,0.004,,,
2202,2026-09-03,SZ000001,0.08464276790618896,EXP_LinearModel_Alpha158_csi300_custom_step0_s_20260903_16,037c895fd687496699c258312baf3c1f,0.004,,,
2203,2026-09-03,SH603799,0.04215395450592041,EXP_LinearModel_Alpha158_csi300_custom_step0_s_20260903_16,037c895fd687496699c258312baf3c1f,0.004,,,
2204,2026-09-03,SH688981,0.04868684336543083,EXP_LinearModel_Alpha158_csi300_custom_step0_s_20260903_16,037c895fd687496699c258312baf3c1f,0.004,,,
2205,2026-09-03,SH688506,0.13201864063739777,EXP_LinearModel_Alpha158_csi300_custom_step0_s_20260903_16,037c895fd687496699c258312baf3c1f,0.004,,,
2206,2026-09-03,SH688472,0.09277983754873276,EXP_LinearModel_Alpha158_csi300_custom_step0_s_20260903_16,037c895fd687496699c258312baf3c1f,0.004,,,
2207,2026-09-03,SH688396,0.10277043282985687,EXP_LinearModel_Alpha158_csi300_custom_step0_s_20260903_16,037c895fd687496699c258312baf3c1f,0.004,,,
2208,2026-09-03,SH688303,0.058533184230327606,EXP_LinearModel_Alpha158_csi300_custom_step0_s_20260903_16,037c895fd687496699c258312baf3c1f,0.004,,,
2209,2026-09-03,SH688271,0.046942584216594696,EXP_LinearModel_Alpha158_csi300_custom_step0_s_20260903_16,037c895fd687496699c258312baf3c1f,0.004,,,
2210,2026-09-03,SH688256,-0.019493689760565758,EXP_LinearModel_Alpha158_csi300_custom_step0_s_20260903_16,037c895fd687496699c258312baf3c1f,0.004,,,
2211,2026-09-03,SH688521,0.1302160918712616,EXP_LinearModel_Alpha158_csi300_custom_step0_s_20260903_16,037c895fd687496699c258312baf3c1f,0.004,,,
2212,2026-09-03,SH603501,0.012108429335057735,EXP_LinearModel_Alpha158_csi300_custom_step0_s_20260903_16,037c895fd687496699c258312baf3c1f,0.004,,,
2213,2026-09-03,SH603392,0.1047714427113533,EXP_LinearModel_Alpha158_csi300_custom_step0_s_20260903_16,037c895fd687496699c258312baf3c1f,0.004,,,
2214,2026-09-03,SH603369,-0.09766969084739685,EXP_LinearModel_Alpha158_csi300_custom_step0_s_20260903_16,037c895fd687496699c258312baf3c1f,0.004,,,
2215,2026-09-03,SH601877,0.004735528025776148,EXP_LinearModel_Alpha158_csi300_custom_step0_s_20260903_16,037c895fd687496699c258312baf3c1f,0.004,,,
2216,2026-09-03,SH601872,0.0597863532602787,EXP_LinearModel_Alpha158_csi300_custom_step0_s_20260903_16,037c895fd687496699c258312baf3c1f,0.004,,,
2217,2026-09-03,SH601868,0.027141887694597244,EXP_LinearModel_Alpha158_csi300_custom_step0_s_20260903_16,037c895fd687496699c258312baf3c1f,0.004,,,
2218,2026-09-03,SH601857,0.08109522610902786,EXP_LinearModel_Alpha158_csi300_custom_step0_s_20260903_16,037c895fd687496699c258312baf3c1f,0.004,,,
2219,2026-09-03,SH601838,0.04598930478096008,EXP_LinearModel_Alpha158_csi300_custom_step0_s_20260903_16,037c895fd687496699c258312baf3c1f,0.004,,,
2220,2026-09-03,SH601825,0.05666505917906761,EXP_LinearModel_Alpha158_csi300_custom_step0_s_20260903_16,037c895fd687496699c258312baf3c1f,0.004,,,
2221,2026-09-03,SH601878,-0.021958036348223686,EXP_LinearModel_Alpha158_csi300_custom_step0_s_20260903_16,037c895fd687496699c258312baf3c1f,0.004,,,
2222,2026-09-03,SH601818,0.013856722041964531,EXP_LinearModel_Alpha158_csi300_custom_step0_s_20260903_16,037c895fd687496699c258312baf3c1f,0.004,,,
2223,2026-09-03,SH601800,0.03543302044272423,EXP_LinearModel_Alpha158_csi300_custom_step0_s_20260903_16,037c895fd687496699c258312baf3c1f,0.004,,,
2224,2026-09-03,SH601788,0.015687961131334305,EXP_LinearModel_Alpha158_csi300_custom_step0_s_20260903_16,037c895fd687496699c258312baf3c1f,0.004,,,
2225,2026-09-03,SH601766,0.07837922871112823,EXP_LinearModel_Alpha158_csi300_custom_step0_s_20260903_16,037c895fd687496699c258312baf3c1f,0.004,,,
2226,2026-09-03,SH601728,0.05580544471740723,EXP_LinearModel_Alpha158_csi300_custom_step0_s_20260903_16,037c895fd687496699c258312baf3c1f,0.004,,,
2227,2026-09-03,SH601727,0.020064283162355423,EXP_LinearModel_Alpha158_csi300_custom_step0_s_20260903_16,037c895fd687496699c258312baf3c1f,0.004,,,
2228,2026-09-03,SH601698,0.0700603574514389,EXP_LinearModel_Alpha158_csi300_custom_step0_s_20260903_16,037c895fd687496699c258312baf3c1f,0.004,,,
2229,2026-09-03,SH601816,0.03864595666527748,EXP_LinearModel_Alpha158_csi300_custom_step0_s_20260903_16,037c895fd687496699c258312baf3c1f,0.004,,,
2230,2026-09-03,SZ000333,0.06200144812464714,EXP_LinearModel_Alpha158_csi300_custom_step0_s_20260903_16,037c895fd687496699c258312baf3c1f,0.004,,,
2231,2026-09-03,SH601881,-0.010241935960948467,EXP_LinearModel_Alpha158_csi300_custom_step0_s_20260903_16,037c895fd687496699c258312baf3c1f,0.004,,,
2232,2026-09-03,SH601898,0.07116451114416122,EXP_LinearModel_Alpha158_csi300_custom_step0_s_20260903_16,037c895fd687496699c258312baf3c1f,0.004,,,
2233,2026-09-03,SH603296,-0.02724095992743969,EXP_LinearModel_Alpha158_csi300_custom_step0_s_20260903_16,037c895fd687496699c258312baf3c1f,0.004,,,
2234,2026-09-03,SH603288,-0.06573576480150223,EXP_LinearModel_Alpha158_csi300_custom_step0_s_20260903_16,037c895fd687496699c258312baf3c1f,0.004,,,
2235,2026-09-03,SH603260,0.1089116632938385,EXP_LinearModel_Alpha158_csi300_custom_step0_s_20260903_16,037c895fd687496699c258312baf3c1f,0.004,,,
2236,2026-09-03,SH603259,0.171274796128273,EXP_LinearModel_Alpha158_csi300_custom_step0_s_20260903_16,037c895fd687496699c258312baf3c1f,0.004,,,
2237,2026-09-03,SH603019,-0.02580629661679268,EXP_LinearModel_Alpha158_csi300_custom_step0_s_20260903_16,037c895fd687496699c258312baf3c1f,0.004,,,
2238,2026-09-03,SH601998,0.07295893132686615,EXP_LinearModel_Alpha158_csi300_custom_step0_s_20260903_16,037c895fd687496699c258312baf3c1f,0.004,,,
2239,2026-09-03,SH601888,-0.023091938346624374,EXP_LinearModel_Alpha158_csi300_custom_step0_s_20260903_16,037c895fd687496699c258312baf3c1f,0.004,,,
2240,2026-09-03,SH601995,-0.017321376129984856,EXP_LinearModel_Alpha158_csi300_custom_step0_s_20260903_16,037c895fd687496699c258312baf3c1f,0.004,,,
2241,2026-09-03,SH601985,4.8696063458919525e-05,EXP_LinearModel_Alpha158_csi300_custom_step0_s_20260903_16,037c895fd687496699c258312baf3c1f,0.004,,,
2242,2026-09-03,SH601939,0.052920788526535034,EXP_LinearModel_Alpha158_csi300_custom_step0_s_20260903_16,037c895fd687496699c258312baf3c1f,0.004,,,
2243,2026-09-03,SH601919,0.04284492880105972,EXP_LinearModel_Alpha158_csi300_custom_step0_s_20260903_16,037c895fd687496699c258312baf3c1f,0.004,,,
2244,2026-09-03,SH601916,0.04186074435710907,EXP_LinearModel_Alpha158_csi300_custom_step0_s_20260903_16,037c895fd687496699c258312baf3c1f,0.004,,,
2245,2026-09-03,SH601901,-0.0014791623689234257,EXP_LinearModel_Alpha158_csi300_custom_step0_s_20260903_16,037c895fd687496699c258312baf3c1f,0.004,,,
2246,2026-09-03,SH601899,0.060089558362960815,EXP_LinearModel_Alpha158_csi300_custom_step0_s_20260903_16,037c895fd687496699c258312baf3c1f,0.004,,,
2247,2026-09-03,SH601988,-0.016636580228805542,EXP_LinearModel_Alpha158_csi300_custom_step0_s_20260903_16,037c895fd687496699c258312baf3c1f,0.004,,,
2248,2026-09-03,SH601939,0.04622827376123362,EXP_DEnsembleModel_Alpha158_csi300_custom_step0_s_20260903_16,fe3462982b5f4fadb08d6c77a26d5e61,0.113,,,
2249,2026-09-03,SH601919,0.046085983818559405,EXP_DEnsembleModel_Alpha158_csi300_custom_step0_s_20260903_16,fe3462982b5f4fadb08d6c77a26d5e61,0.113,,,
2250,2026-09-03,SH601916,0.145206800525509,EXP_DEnsembleModel_Alpha158_csi300_custom_step0_s_20260903_16,fe3462982b5f4fadb08d6c77a26d5e61,0.113,,,
2251,2026-09-03,SH601872,-0.0025673139763115354,EXP_CatBoostModel_Alpha158_csi300_custom_step0_s_20260903_18,27943a357cdf40b6877d0492396b0182,0.047,,,
2252,2026-09-03,SH601877,-0.00850743699819146,EXP_CatBoostModel_Alpha158_csi300_custom_step0_s_20260903_18,27943a357cdf40b6877d0492396b0182,0.047,,,
2253,2026-09-03,SH601878,0.0191787686206723,EXP_CatBoostModel_Alpha158_csi300_custom_step0_s_20260903_18,27943a357cdf40b6877d0492396b0182,0.047,,,
2254,2026-09-03,SH601881,0.012730628084430628,EXP_CatBoostModel_Alpha158_csi300_custom_step0_s_20260903_18,27943a357cdf40b6877d0492396b0182,0.047,,,
2255,2026-09-03,SH601888,0.0031384503129479077,EXP_CatBoostModel_Alpha158_csi300_custom_step0_s_20260903_18,27943a357cdf40b6877d0492396b0182,0.047,,,
2256,2026-09-03,SH601898,-0.013813856523018503,EXP_CatBoostModel_Alpha158_csi300_custom_step0_s_20260903_18,27943a357cdf40b6877d0492396b0182,0.047,,,
2257,2026-09-03,SH601899,-0.001205594094935098,EXP_CatBoostModel_Alpha158_csi300_custom_step0_s_20260903_18,27943a357cdf40b6877d0492396b0182,0.047,,,
2258,2026-09-03,SH601901,0.005294035051120883,EXP_CatBoostModel_Alpha158_csi300_custom_step0_s_20260903_18,27943a357cdf40b6877d0492396b0182,0.047,,,
2259,2026-09-03,SH601916,0.021219188585527144,EXP_CatBoostModel_Alpha158_csi300_custom_step0_s_20260903_18,27943a357cdf40b6877d0492396b0182,0.047,,,
2260,2026-09-03,SH601919,-0.0011831794768335153,EXP_CatBoostModel_Alpha158_csi300_custom_step0_s_20260903_18,27943a357cdf40b6877d0492396b0182,0.047,,,
2261,2026-09-03,SH601939,0.00794077138441959,EXP_CatBoostModel_Alpha158_csi300_custom_step0_s_20260903_18,27943a357cdf40b6877d0492396b0182,0.047,,,
2262,2026-09-03,SH601985,0.0200128608505374,EXP_CatBoostModel_Alpha158_csi300_custom_step0_s_20260903_18,27943a357cdf40b6877d0492396b0182,0.047,,,
2263,2026-09-03,SH601988,-0.004728094375126425,EXP_CatBoostModel_Alpha158_csi300_custom_step0_s_20260903_18,27943a357cdf40b6877d0492396b0182,0.047,,,
2264,2026-09-03,SH601995,-0.003092205256670653,EXP_CatBoostModel_Alpha158_csi300_custom_step0_s_20260903_18,27943a357cdf40b6877d0492396b0182,0.047,,,
2265,2026-09-03,SH601998,0.0011001272544457169,EXP_CatBoostModel_Alpha158_csi300_custom_step0_s_20260903_18,27943a357cdf40b6877d0492396b0182,0.047,,,
2266,2026-09-03,SH603019,-0.014069336398231956,EXP_CatBoostModel_Alpha158_csi300_custom_step0_s_20260903_18,27943a357cdf40b6877d0492396b0182,0.047,,,
2267,2026-09-03,SH603259,-0.00223702381485234,EXP_CatBoostModel_Alpha158_csi300_custom_step0_s_20260903_18,27943a357cdf40b6877d0492396b0182,0.047,,,
2268,2026-09-03,SH688009,0.013590247634230232,EXP_CatBoostModel_Alpha158_csi300_custom_step0_s_20260903_18,27943a357cdf40b6877d0492396b0182,0.047,,,
2269,2026-09-03,SH688008,-0.012979421668632293,EXP_CatBoostModel_Alpha158_csi300_custom_step0_s_20260903_18,27943a357cdf40b6877d0492396b0182,0.047,,,
2270,2026-09-03,SH605499,-0.0017156191157353773,EXP_CatBoostModel_Alpha158_csi300_custom_step0_s_20260903_18,27943a357cdf40b6877d0492396b0182,0.047,,,
2271,2026-09-03,SH605117,-0.010393951249116337,EXP_CatBoostModel_Alpha158_csi300_custom_step0_s_20260903_18,27943a357cdf40b6877d0492396b0182,0.047,,,
2272,2026-09-03,SH603993,-0.012856021727808975,EXP_CatBoostModel_Alpha158_csi300_custom_step0_s_20260903_18,27943a357cdf40b6877d0492396b0182,0.047,,,
2273,2026-09-03,SH603986,0.010052687559027773,EXP_CatBoostModel_Alpha158_csi300_custom_step0_s_20260903_18,27943a357cdf40b6877d0492396b0182,0.047,,,
2274,2026-09-03,SH601868,0.001691047408505176,EXP_CatBoostModel_Alpha158_csi300_custom_step0_s_20260903_18,27943a357cdf40b6877d0492396b0182,0.047,,,
2275,2026-09-03,SH603893,-0.013074499369015136,EXP_CatBoostModel_Alpha158_csi300_custom_step0_s_20260903_18,27943a357cdf40b6877d0492396b0182,0.047,,,
2276,2026-09-03,SH603501,-0.009725450736654293,EXP_CatBoostModel_Alpha158_csi300_custom_step0_s_20260903_18,27943a357cdf40b6877d0492396b0182,0.047,,,
2277,2026-09-03,SH603392,-0.014931083486968186,EXP_CatBoostModel_Alpha158_csi300_custom_step0_s_20260903_18,27943a357cdf40b6877d0492396b0182,0.047,,,
2278,2026-09-03,SH603369,-0.012311862260635317,EXP_CatBoostModel_Alpha158_csi300_custom_step0_s_20260903_18,27943a357cdf40b6877d0492396b0182,0.047,,,
2279,2026-09-03,SH603296,-0.009854303622473875,EXP_CatBoostModel_Alpha158_csi300_custom_step0_s_20260903_18,27943a357cdf40b6877d0492396b0182,0.047,,,
2280,2026-09-03,SH603288,-0.006733086173557361,EXP_CatBoostModel_Alpha158_csi300_custom_step0_s_20260903_18,27943a357cdf40b6877d0492396b0182,0.047,,,
2281,2026-09-03,SH603260,-0.010807006926056455,EXP_CatBoostModel_Alpha158_csi300_custom_step0_s_20260903_18,27943a357cdf40b6877d0492396b0182,0.047,,,
2282,2026-09-03,SH603799,-0.010357848811854885,EXP_CatBoostModel_Alpha158_csi300_custom_step0_s_20260903_18,27943a357cdf40b6877d0492396b0182,0.047,,,
2283,2026-09-03,SH688012,-0.011729268191347227,EXP_CatBoostModel_Alpha158_csi300_custom_step0_s_20260903_18,27943a357cdf40b6877d0492396b0182,0.047,,,
2284,2026-09-03,SH601857,0.023259431209440275,EXP_CatBoostModel_Alpha158_csi300_custom_step0_s_20260903_18,27943a357cdf40b6877d0492396b0182,0.047,,,
2285,2026-09-03,SH601825,0.01755425365752932,EXP_CatBoostModel_Alpha158_csi300_custom_step0_s_20260903_18,27943a357cdf40b6877d0492396b0182,0.047,,,
2286,2026-09-03,SH601229,0.005329367414030716,EXP_CatBoostModel_Alpha158_csi300_custom_step0_s_20260903_18,27943a357cdf40b6877d0492396b0182,0.047,,,
2287,2026-09-03,SH601238,0.0005684631488434331,EXP_CatBoostModel_Alpha158_csi300_custom_step0_s_20260903_18,27943a357cdf40b6877d0492396b0182,0.047,,,
2288,2026-09-03,SH601288,0.013623599750332517,EXP_CatBoostModel_Alpha158_csi300_custom_step0_s_20260903_18,27943a357cdf40b6877d0492396b0182,0.047,,,
2289,2026-09-03,SH601318,-1.8414864251343685e-06,EXP_CatBoostModel_Alpha158_csi300_custom_step0_s_20260903_18,27943a357cdf40b6877d0492396b0182,0.047,,,
2290,2026-09-03,SH601319,0.0038930999654670775,EXP_CatBoostModel_Alpha158_csi300_custom_step0_s_20260903_18,27943a357cdf40b6877d0492396b0182,0.047,,,
2291,2026-09-03,SH601328,0.020148729572454463,EXP_CatBoostModel_Alpha158_csi300_custom_step0_s_20260903_18,27943a357cdf40b6877d0492396b0182,0.047,,,
2292,2026-09-03,SH601336,0.01052307531893588,EXP_CatBoostModel_Alpha158_csi300_custom_step0_s_20260903_18,27943a357cdf40b6877d0492396b0182,0.047,,,
2293,2026-09-03,SH601360,-0.013608704653722494,EXP_CatBoostModel_Alpha158_csi300_custom_step0_s_20260903_18,27943a357cdf40b6877d0492396b0182,0.047,,,
2294,2026-09-03,SH601377,0.020097025870449838,EXP_CatBoostModel_Alpha158_csi300_custom_step0_s_20260903_18,27943a357cdf40b6877d0492396b0182,0.047,,,
2295,2026-09-03,SH601390,0.011263152623033262,EXP_CatBoostModel_Alpha158_csi300_custom_step0_s_20260903_18,27943a357cdf40b6877d0492396b0182,0.047,,,
2296,2026-09-03,SH601398,-0.005658585082621887,EXP_CatBoostModel_Alpha158_csi300_custom_step0_s_20260903_18,27943a357cdf40b6877d0492396b0182,0.047,,,
2297,2026-09-03,SH601456,0.017786440281817986,EXP_CatBoostModel_Alpha158_csi300_custom_step0_s_20260903_18,27943a357cdf40b6877d0492396b0182,0.047,,,
2298,2026-09-03,SH601600,-0.0014074903199383826,EXP_CatBoostModel_Alpha158_csi300_custom_step0_s_20260903_18,27943a357cdf40b6877d0492396b0182,0.047,,,
2299,2026-09-03,SH601601,0.003659439092424322,EXP_CatBoostModel_Alpha158_csi300_custom_step0_s_20260903_18,27943a357cdf40b6877d0492396b0182,0.047,,,
2300,2026-09-03,SH601607,0.020944927707960144,EXP_CatBoostModel_Alpha158_csi300_custom_step0_s_20260903_18,27943a357cdf40b6877d0492396b0182,0.047,,,
2301,2026-09-03,SH601618,0.0031016072739829354,EXP_CatBoostModel_Alpha158_csi300_custom_step0_s_20260903_18,27943a357cdf40b6877d0492396b0182,0.047,,,
2302,2026-09-03,SH601628,-0.0033773457544538717,EXP_CatBoostModel_Alpha158_csi300_custom_step0_s_20260903_18,27943a357cdf40b6877d0492396b0182,0.047,,,
2303,2026-09-03,SH601818,0.012807098095043984,EXP_CatBoostModel_Alpha158_csi300_custom_step0_s_20260903_18,27943a357cdf40b6877d0492396b0182,0.047,,,
2304,2026-09-03,SH601816,0.018289541277301192,EXP_CatBoostModel_Alpha158_csi300_custom_step0_s_20260903_18,27943a357cdf40b6877d0492396b0182,0.047,,,
2305,2026-09-03,SH601800,0.011123910546810258,EXP_CatBoostModel_Alpha158_csi300_custom_step0_s_20260903_18,27943a357cdf40b6877d0492396b0182,0.047,,,
2306,2026-09-03,SH601788,0.003089026325187565,EXP_CatBoostModel_Alpha158_csi300_custom_step0_s_20260903_18,27943a357cdf40b6877d0492396b0182,0.047,,,
2307,2026-09-03,SH601766,0.022968633971702342,EXP_CatBoostModel_Alpha158_csi300_custom_step0_s_20260903_18,27943a357cdf40b6877d0492396b0182,0.047,,,
2308,2026-09-03,SH601728,0.01615733934571711,EXP_CatBoostModel_Alpha158_csi300_custom_step0_s_20260903_18,27943a357cdf40b6877d0492396b0182,0.047,,,
2309,2026-09-03,SH601838,0.007805538955337239,EXP_CatBoostModel_Alpha158_csi300_custom_step0_s_20260903_18,27943a357cdf40b6877d0492396b0182,0.047,,,
2310,2026-09-03,SH601727,0.0021839160558821858,EXP_CatBoostModel_Alpha158_csi300_custom_step0_s_20260903_18,27943a357cdf40b6877d0492396b0182,0.047,,,
2311,2026-09-03,SH601689,0.0006886107432422982,EXP_CatBoostModel_Alpha158_csi300_custom_step0_s_20260903_18,27943a357cdf40b6877d0492396b0182,0.047,,,
2312,2026-09-03,SH601688,0.0006960686433762014,EXP_CatBoostModel_Alpha158_csi300_custom_step0_s_20260903_18,27943a357cdf40b6877d0492396b0182,0.047,,,
2313,2026-09-03,SH601669,-0.0007564746470543617,EXP_CatBoostModel_Alpha158_csi300_custom_step0_s_20260903_18,27943a357cdf40b6877d0492396b0182,0.047,,,
2314,2026-09-03,SH601668,0.004503870954407534,EXP_CatBoostModel_Alpha158_csi300_custom_step0_s_20260903_18,27943a357cdf40b6877d0492396b0182,0.047,,,
2315,2026-09-03,SH601658,0.0039116403455497495,EXP_CatBoostModel_Alpha158_csi300_custom_step0_s_20260903_18,27943a357cdf40b6877d0492396b0182,0.047,,,
2316,2026-09-03,SH601633,0.0018944601379929757,EXP_CatBoostModel_Alpha158_csi300_custom_step0_s_20260903_18,27943a357cdf40b6877d0492396b0182,0.047,,,
2317,2026-09-03,SH601698,0.002452799727507726,EXP_CatBoostModel_Alpha158_csi300_custom_step0_s_20260903_18,27943a357cdf40b6877d0492396b0182,0.047,,,
2318,2026-09-03,SH601225,-0.004992506733626,EXP_CatBoostModel_Alpha158_csi300_custom_step0_s_20260903_18,27943a357cdf40b6877d0492396b0182,0.047,,,
2319,2026-09-03,SH688036,0.0030843225296441354,EXP_CatBoostModel_Alpha158_csi300_custom_step0_s_20260903_18,27943a357cdf40b6877d0492396b0182,0.047,,,
2320,2026-09-03,SH688047,-0.007983239650842428,EXP_CatBoostModel_Alpha158_csi300_custom_step0_s_20260903_18,27943a357cdf40b6877d0492396b0182,0.047,,,
2321,2026-09-03,SZ000768,-0.003146595235783047,EXP_CatBoostModel_Alpha158_csi300_custom_step0_s_20260903_18,27943a357cdf40b6877d0492396b0182,0.047,,,
2322,2026-09-03,SZ000776,-0.0025722079458682674,EXP_CatBoostModel_Alpha158_csi300_custom_step0_s_20260903_18,27943a357cdf40b6877d0492396b0182,0.047,,,
2323,2026-09-03,SZ000792,-0.008876245338953388,EXP_CatBoostModel_Alpha158_csi300_custom_step0_s_20260903_18,27943a357cdf40b6877d0492396b0182,0.047,,,
2324,2026-09-03,SZ000807,0.0003881923095896598,EXP_CatBoostModel_Alpha158_csi300_custom_step0_s_20260903_18,27943a357cdf40b6877d0492396b0182,0.047,,,
2325,2026-09-03,SZ000858,-0.0014193257215911633,EXP_CatBoostModel_Alpha158_csi300_custom_step0_s_20260903_18,27943a357cdf40b6877d0492396b0182,0.047,,,
2326,2026-09-03,SZ000895,-0.009126832536210229,EXP_CatBoostModel_Alpha158_csi300_custom_step0_s_20260903_18,27943a357cdf40b6877d0492396b0182,0.047,,,
2327,2026-09-03,SZ000938,-0.01375547254171802,EXP_CatBoostModel_Alpha158_csi300_custom_step0_s_20260903_18,27943a357cdf40b6877d0492396b0182,0.047,,,
2328,2026-09-03,SZ000963,0.001022922069433945,EXP_CatBoostModel_Alpha158_csi300_custom_step0_s_20260903_18,27943a357cdf40b6877d0492396b0182,0.047,,,
2329,2026-09-03,SZ000975,-0.015106740921527455,EXP_CatBoostModel_Alpha158_csi300_custom_step0_s_20260903_18,27943a357cdf40b6877d0492396b0182,0.047,,,
2330,2026-09-03,SZ000977,-0.0005973672497649048,EXP_CatBoostModel_Alpha158_csi300_custom_step0_s_20260903_18,27943a357cdf40b6877d0492396b0182,0.047,,,
2331,2026-09-03,SZ000988,-0.011928364462040607,EXP_CatBoostModel_Alpha158_csi300_custom_step0_s_20260903_18,27943a357cdf40b6877d0492396b0182,0.047,,,
2332,2026-09-03,SZ000999,0.01633120044412295,EXP_CatBoostModel_Alpha158_csi300_custom_step0_s_20260903_18,27943a357cdf40b6877d0492396b0182,0.047,,,
2333,2026-09-03,SZ001280,-0.015810595416652803,EXP_CatBoostModel_Alpha158_csi300_custom_step0_s_20260903_18,27943a357cdf40b6877d0492396b0182,0.047,,,
2334,2026-09-03,SZ001391,0.0046818652864891,EXP_CatBoostModel_Alpha158_csi300_custom_step0_s_20260903_18,27943a357cdf40b6877d0492396b0182,0.047,,,
2335,2026-09-03,SZ001965,-0.002164906601446115,EXP_CatBoostModel_Alpha158_csi300_custom_step0_s_20260903_18,27943a357cdf40b6877d0492396b0182,0.047,,,
2336,2026-09-03,SZ001979,-0.007635913924209812,EXP_CatBoostModel_Alpha158_csi300_custom_step0_s_20260903_18,27943a357cdf40b6877d0492396b0182,0.047,,,
2337,2026-09-03,SZ002001,-0.004656317752575348,EXP_CatBoostModel_Alpha158_csi300_custom_step0_s_20260903_18,27943a357cdf40b6877d0492396b0182,0.047,,,
2338,2026-09-03,SZ002352,-0.003942352768479709,EXP_CatBoostModel_Alpha158_csi300_custom_step0_s_20260903_18,27943a357cdf40b6877d0492396b0182,0.047,,,
2339,2026-09-03,SZ002311,-0.012760532232096842,EXP_CatBoostModel_Alpha158_csi300_custom_step0_s_20260903_18,27943a357cdf40b6877d0492396b0182,0.047,,,
2340,2026-09-03,SZ002304,0.00030303518346530534,EXP_CatBoostModel_Alpha158_csi300_custom_step0_s_20260903_18,27943a357cdf40b6877d0492396b0182,0.047,,,
2341,2026-09-03,SZ002241,-0.0008318370549502936,EXP_CatBoostModel_Alpha158_csi300_custom_step0_s_20260903_18,27943a357cdf40b6877d0492396b0182,0.047,,,
2342,2026-09-03,SZ002236,0.009848790303123734,EXP_CatBoostModel_Alpha158_csi300_custom_step0_s_20260903_18,27943a357cdf40b6877d0492396b0182,0.047,,,
2343,2026-09-03,SZ002230,-0.0015232065446842587,EXP_CatBoostModel_Alpha158_csi300_custom_step0_s_20260903_18,27943a357cdf40b6877d0492396b0182,0.047,,,
2344,2026-09-03,SZ000725,-0.012359710200427875,EXP_CatBoostModel_Alpha158_csi300_custom_step0_s_20260903_18,27943a357cdf40b6877d0492396b0182,0.047,,,
2345,2026-09-03,SZ002202,0.003068706298207648,EXP_CatBoostModel_Alpha158_csi300_custom_step0_s_20260903_18,27943a357cdf40b6877d0492396b0182,0.047,,,
2346,2026-09-03,SZ002142,0.016808618556254772,EXP_CatBoostModel_Alpha158_csi300_custom_step0_s_20260903_18,27943a357cdf40b6877d0492396b0182,0.047,,,
2347,2026-09-03,SZ002074,-0.014326617114267496,EXP_CatBoostModel_Alpha158_csi300_custom_step0_s_20260903_18,27943a357cdf40b6877d0492396b0182,0.047,,,
2348,2026-09-03,SZ002050,0.003309424473369882,EXP_CatBoostModel_Alpha158_csi300_custom_step0_s_20260903_18,27943a357cdf40b6877d0492396b0182,0.047,,,
2349,2026-09-03,SZ002049,-0.002677074810652702,EXP_CatBoostModel_Alpha158_csi300_custom_step0_s_20260903_18,27943a357cdf40b6877d0492396b0182,0.047,,,
2350,2026-09-03,SZ002028,-0.00901505333468738,EXP_CatBoostModel_Alpha158_csi300_custom_step0_s_20260903_18,27943a357cdf40b6877d0492396b0182,0.047,,,
2351,2026-09-03,SZ002027,0.0007176297582163565,EXP_CatBoostModel_Alpha158_csi300_custom_step0_s_20260903_18,27943a357cdf40b6877d0492396b0182,0.047,,,
2352,2026-09-03,SZ002179,-0.009261109898599278,EXP_CatBoostModel_Alpha158_csi300_custom_step0_s_20260903_18,27943a357cdf40b6877d0492396b0182,0.047,,,
2353,2026-09-03,SH688041,0.004088548302171956,EXP_CatBoostModel_Alpha158_csi300_custom_step0_s_20260903_18,27943a357cdf40b6877d0492396b0182,0.047,,,
2354,2026-09-03,SZ000708,0.0032795591441680113,EXP_CatBoostModel_Alpha158_csi300_custom_step0_s_20260903_18,27943a357cdf40b6877d0492396b0182,0.047,,,
2355,2026-09-03,SZ000651,0.012386225443380918,EXP_CatBoostModel_Alpha158_csi300_custom_step0_s_20260903_18,27943a357cdf40b6877d0492396b0182,0.047,,,
2356,2026-09-03,SH688072,-0.011563588278353501,EXP_CatBoostModel_Alpha158_csi300_custom_step0_s_20260903_18,27943a357cdf40b6877d0492396b0182,0.047,,,
2357,2026-09-03,SH688082,-0.011415234579727967,EXP_CatBoostModel_Alpha158_csi300_custom_step0_s_20260903_18,27943a357cdf40b6877d0492396b0182,0.047,,,
2358,2026-09-03,SH688111,-0.010503278924066382,EXP_CatBoostModel_Alpha158_csi300_custom_step0_s_20260903_18,27943a357cdf40b6877d0492396b0182,0.047,,,
2359,2026-09-03,SH688126,-0.010350683086274487,EXP_CatBoostModel_Alpha158_csi300_custom_step0_s_20260903_18,27943a357cdf40b6877d0492396b0182,0.047,,,
2360,2026-09-03,SH688183,-0.009804548180283557,EXP_CatBoostModel_Alpha158_csi300_custom_step0_s_20260903_18,27943a357cdf40b6877d0492396b0182,0.047,,,
2361,2026-09-03,SH688223,-0.012493606539039316,EXP_CatBoostModel_Alpha158_csi300_custom_step0_s_20260903_18,27943a357cdf40b6877d0492396b0182,0.047,,,
2362,2026-09-03,SH688256,-0.0073273239013389585,EXP_CatBoostModel_Alpha158_csi300_custom_step0_s_20260903_18,27943a357cdf40b6877d0492396b0182,0.047,,,
2363,2026-09-03,SH688271,0.0008023999988191543,EXP_CatBoostModel_Alpha158_csi300_custom_step0_s_20260903_18,27943a357cdf40b6877d0492396b0182,0.047,,,
2364,2026-09-03,SH688303,-0.010274633520997082,EXP_CatBoostModel_Alpha158_csi300_custom_step0_s_20260903_18,27943a357cdf40b6877d0492396b0182,0.047,,,
2365,2026-09-03,SH688396,-0.011415234579727967,EXP_CatBoostModel_Alpha158_csi300_custom_step0_s_20260903_18,27943a357cdf40b6877d0492396b0182,0.047,,,
2366,2026-09-03,SH688472,-0.009703570363239145,EXP_CatBoostModel_Alpha158_csi300_custom_step0_s_20260903_18,27943a357cdf40b6877d0492396b0182,0.047,,,
2367,2026-09-03,SH688506,-0.008682548869994635,EXP_CatBoostModel_Alpha158_csi300_custom_step0_s_20260903_18,27943a357cdf40b6877d0492396b0182,0.047,,,
2368,2026-09-03,SH688521,0.01912191080961032,EXP_CatBoostModel_Alpha158_csi300_custom_step0_s_20260903_18,27943a357cdf40b6877d0492396b0182,0.047,,,
2369,2026-09-03,SH688981,-0.010659617074509879,EXP_CatBoostModel_Alpha158_csi300_custom_step0_s_20260903_18,27943a357cdf40b6877d0492396b0182,0.047,,,
2370,2026-09-03,SZ000001,0.023500835239281998,EXP_CatBoostModel_Alpha158_csi300_custom_step0_s_20260903_18,27943a357cdf40b6877d0492396b0182,0.047,,,
2371,2026-09-03,SZ000002,0.0048362820344445955,EXP_CatBoostModel_Alpha158_csi300_custom_step0_s_20260903_18,27943a357cdf40b6877d0492396b0182,0.047,,,
2372,2026-09-03,SZ000063,-3.97647076748925e-05,EXP_CatBoostModel_Alpha158_csi300_custom_step0_s_20260903_18,27943a357cdf40b6877d0492396b0182,0.047,,,
2373,2026-09-03,SZ000630,-0.014106175205094041,EXP_CatBoostModel_Alpha158_csi300_custom_step0_s_20260903_18,27943a357cdf40b6877d0492396b0182,0.047,,,
2374,2026-09-03,SZ000625,0.004332692684034405,EXP_CatBoostModel_Alpha158_csi300_custom_step0_s_20260903_18,27943a357cdf40b6877d0492396b0182,0.047,,,
2375,2026-09-03,SZ000617,-0.007395551427327668,EXP_CatBoostModel_Alpha158_csi300_custom_step0_s_20260903_18,27943a357cdf40b6877d0492396b0182,0.047,,,
2376,2026-09-03,SZ000596,-0.005986787104718103,EXP_CatBoostModel_Alpha158_csi300_custom_step0_s_20260903_18,27943a357cdf40b6877d0492396b0182,0.047,,,
2377,2026-09-03,SZ000568,-0.008658955147505016,EXP_CatBoostModel_Alpha158_csi300_custom_step0_s_20260903_18,27943a357cdf40b6877d0492396b0182,0.047,,,
2378,2026-09-03,SZ000538,0.018656688038438184,EXP_CatBoostModel_Alpha158_csi300_custom_step0_s_20260903_18,27943a357cdf40b6877d0492396b0182,0.047,,,
2379,2026-09-03,SZ000657,0.007716561443751373,EXP_CatBoostModel_Alpha158_csi300_custom_step0_s_20260903_18,27943a357cdf40b6877d0492396b0182,0.047,,,
2380,2026-09-03,SZ000425,0.0025589467937214053,EXP_CatBoostModel_Alpha158_csi300_custom_step0_s_20260903_18,27943a357cdf40b6877d0492396b0182,0.047,,,
2381,2026-09-03,SZ000338,-0.007983239650842428,EXP_CatBoostModel_Alpha158_csi300_custom_step0_s_20260903_18,27943a357cdf40b6877d0492396b0182,0.047,,,
2382,2026-09-03,SZ000333,0.021668721559348056,EXP_CatBoostModel_Alpha158_csi300_custom_step0_s_20260903_18,27943a357cdf40b6877d0492396b0182,0.047,,,
2383,2026-09-03,SZ000301,-0.001451051054153784,EXP_CatBoostModel_Alpha158_csi300_custom_step0_s_20260903_18,27943a357cdf40b6877d0492396b0182,0.047,,,
2384,2026-09-03,SZ000166,0.01710991812294739,EXP_CatBoostModel_Alpha158_csi300_custom_step0_s_20260903_18,27943a357cdf40b6877d0492396b0182,0.047,,,
2385,2026-09-03,SZ000157,-0.008383308366595888,EXP_CatBoostModel_Alpha158_csi300_custom_step0_s_20260903_18,27943a357cdf40b6877d0492396b0182,0.047,,,
2386,2026-09-03,SZ000100,0.0029774030966812225,EXP_CatBoostModel_Alpha158_csi300_custom_step0_s_20260903_18,27943a357cdf40b6877d0492396b0182,0.047,,,
2387,2026-09-03,SZ000408,-0.003012066480359577,EXP_CatBoostModel_Alpha158_csi300_custom_step0_s_20260903_18,27943a357cdf40b6877d0492396b0182,0.047,,,
2388,2026-09-03,SH601211,0.007739793935359694,EXP_CatBoostModel_Alpha158_csi300_custom_step0_s_20260903_18,27943a357cdf40b6877d0492396b0182,0.047,,,
2389,2026-09-03,SH601186,0.014172144601717134,EXP_CatBoostModel_Alpha158_csi300_custom_step0_s_20260903_18,27943a357cdf40b6877d0492396b0182,0.047,,,
2390,2026-09-03,SH601169,0.006408125106783997,EXP_CatBoostModel_Alpha158_csi300_custom_step0_s_20260903_18,27943a357cdf40b6877d0492396b0182,0.047,,,
2391,2026-09-03,SZ302132,-0.0011604430105327597,EXP_CatBoostModel_Alpha158_csi300_custom_step0_s_20260903_18,b2898ead8a4b4bdcbbe4fe4f7b850bb0,0.078,,,
2392,2026-09-03,SH600000,0.023975454969163985,EXP_CatBoostModel_Alpha158_csi300_custom_step0_s_20260903_18,27943a357cdf40b6877d0492396b0182,0.047,,,
2393,2026-09-03,SH600009,0.013379980436424794,EXP_CatBoostModel_Alpha158_csi300_custom_step0_s_20260903_18,27943a357cdf40b6877d0492396b0182,0.047,,,
2394,2026-09-03,SH600010,0.008745796640685592,EXP_CatBoostModel_Alpha158_csi300_custom_step0_s_20260903_18,27943a357cdf40b6877d0492396b0182,0.047,,,
2395,2026-09-03,SH600011,0.004301717328622429,EXP_CatBoostModel_Alpha158_csi300_custom_step0_s_20260903_18,27943a357cdf40b6877d0492396b0182,0.047,,,
2396,2026-09-03,SH600015,-0.008629824084224389,EXP_CatBoostModel_Alpha158_csi300_custom_step0_s_20260903_18,27943a357cdf40b6877d0492396b0182,0.047,,,
2397,2026-09-03,SH600016,0.008976823029411702,EXP_CatBoostModel_Alpha158_csi300_custom_step0_s_20260903_18,27943a357cdf40b6877d0492396b0182,0.047,,,
2398,2026-09-03,SH600018,0.002127485629295851,EXP_CatBoostModel_Alpha158_csi300_custom_step0_s_20260903_18,27943a357cdf40b6877d0492396b0182,0.047,,,
2399,2026-09-03,SH600019,0.006130028744136207,EXP_CatBoostModel_Alpha158_csi300_custom_step0_s_20260903_18,27943a357cdf40b6877d0492396b0182,0.047,,,
2400,2026-09-03,SH600023,0.0041448898552791545,EXP_CatBoostModel_Alpha158_csi300_custom_step0_s_20260903_18,27943a357cdf40b6877d0492396b0182,0.047,,,
2401,2026-09-03,SH600025,0.018640943559349477,EXP_CatBoostModel_Alpha158_csi300_custom_step0_s_20260903_18,27943a357cdf40b6877d0492396b0182,0.047,,,
2402,2026-09-03,SH600026,0.010558001974017843,EXP_CatBoostModel_Alpha158_csi300_custom_step0_s_20260903_18,27943a357cdf40b6877d0492396b0182,0.047,,,
2403,2026-09-03,SH600027,0.004049029505717574,EXP_CatBoostModel_Alpha158_csi300_custom_step0_s_20260903_18,27943a357cdf40b6877d0492396b0182,0.047,,,
2404,2026-09-03,SH600028,-0.006208283925824323,EXP_CatBoostModel_Alpha158_csi300_custom_step0_s_20260903_18,27943a357cdf40b6877d0492396b0182,0.047,,,
2405,2026-09-03,SH600029,0.0002530383939122092,EXP_CatBoostModel_Alpha158_csi300_custom_step0_s_20260903_18,27943a357cdf40b6877d0492396b0182,0.047,,,
2406,2026-09-03,SH600030,0.01577760076033746,EXP_CatBoostModel_Alpha158_csi300_custom_step0_s_20260903_18,27943a357cdf40b6877d0492396b0182,0.047,,,
2407,2026-09-03,SH600031,-0.0027794808034489384,EXP_CatBoostModel_Alpha158_csi300_custom_step0_s_20260903_18,27943a357cdf40b6877d0492396b0182,0.047,,,
2408,2026-09-03,SH600160,-0.011914870175178813,EXP_CatBoostModel_Alpha158_csi300_custom_step0_s_20260903_18,27943a357cdf40b6877d0492396b0182,0.047,,,
2409,2026-09-03,SH600150,0.010406796671845723,EXP_CatBoostModel_Alpha158_csi300_custom_step0_s_20260903_18,27943a357cdf40b6877d0492396b0182,0.047,,,
2410,2026-09-03,SH600118,-0.009517652863766699,EXP_CatBoostModel_Alpha158_csi300_custom_step0_s_20260903_18,27943a357cdf40b6877d0492396b0182,0.047,,,
2411,2026-09-03,SH600115,-0.008294421583572126,EXP_CatBoostModel_Alpha158_csi300_custom_step0_s_20260903_18,27943a357cdf40b6877d0492396b0182,0.047,,,
2412,2026-09-03,SH600111,-0.00565982991349929,EXP_CatBoostModel_Alpha158_csi300_custom_step0_s_20260903_18,27943a357cdf40b6877d0492396b0182,0.047,,,
2413,2026-09-03,SH600104,0.009616790968155556,EXP_CatBoostModel_Alpha158_csi300_custom_step0_s_20260903_18,27943a357cdf40b6877d0492396b0182,0.047,,,
2414,2026-09-03,SZ301308,-0.0011604430105327597,EXP_CatBoostModel_Alpha158_csi300_custom_step0_s_20260903_18,b2898ead8a4b4bdcbbe4fe4f7b850bb0,0.078,,,
2415,2026-09-03,SH600089,-0.00926868566019385,EXP_CatBoostModel_Alpha158_csi300_custom_step0_s_20260903_18,27943a357cdf40b6877d0492396b0182,0.047,,,
2416,2026-09-03,SH600066,-0.01645027818066757,EXP_CatBoostModel_Alpha158_csi300_custom_step0_s_20260903_18,27943a357cdf40b6877d0492396b0182,0.047,,,
2417,2026-09-03,SH600061,0.003882868860689127,EXP_CatBoostModel_Alpha158_csi300_custom_step0_s_20260903_18,27943a357cdf40b6877d0492396b0182,0.047,,,
2418,2026-09-03,SH600050,0.011312309668444164,EXP_CatBoostModel_Alpha158_csi300_custom_step0_s_20260903_18,27943a357cdf40b6877d0492396b0182,0.047,,,
2419,2026-09-03,SH600048,-0.003451425921514184,EXP_CatBoostModel_Alpha158_csi300_custom_step0_s_20260903_18,27943a357cdf40b6877d0492396b0182,0.047,,,
2420,2026-09-03,SH600039,0.002169549345989074,EXP_CatBoostModel_Alpha158_csi300_custom_step0_s_20260903_18,27943a357cdf40b6877d0492396b0182,0.047,,,
2421,2026-09-03,SH600036,0.007837002733469434,EXP_CatBoostModel_Alpha158_csi300_custom_step0_s_20260903_18,27943a357cdf40b6877d0492396b0182,0.047,,,
2422,2026-09-03,SH600085,0.004762135898071569,EXP_CatBoostModel_Alpha158_csi300_custom_step0_s_20260903_18,27943a357cdf40b6877d0492396b0182,0.047,,,
2423,2026-09-03,SH600176,-0.01521479243676175,EXP_CatBoostModel_Alpha158_csi300_custom_step0_s_20260903_18,27943a357cdf40b6877d0492396b0182,0.047,,,
2424,2026-09-03,SZ301269,-0.0011604430105327597,EXP_CatBoostModel_Alpha158_csi300_custom_step0_s_20260903_18,b2898ead8a4b4bdcbbe4fe4f7b850bb0,0.078,,,
2425,2026-09-03,SZ301165,-0.0025197804554262064,EXP_CatBoostModel_Alpha158_csi300_custom_step0_s_20260903_18,b2898ead8a4b4bdcbbe4fe4f7b850bb0,0.078,,,
2426,2026-09-03,SZ002938,-0.0011604430105327597,EXP_CatBoostModel_Alpha158_csi300_custom_step0_s_20260903_18,b2898ead8a4b4bdcbbe4fe4f7b850bb0,0.078,,,
2427,2026-09-03,SZ003816,-0.0011604430105327597,EXP_CatBoostModel_Alpha158_csi300_custom_step0_s_20260903_18,b2898ead8a4b4bdcbbe4fe4f7b850bb0,0.078,,,
2428,2026-09-03,SZ300014,-0.0011604430105327597,EXP_CatBoostModel_Alpha158_csi300_custom_step0_s_20260903_18,b2898ead8a4b4bdcbbe4fe4f7b850bb0,0.078,,,
2429,2026-09-03,SZ300015,-0.0002971580626408852,EXP_CatBoostModel_Alpha158_csi300_custom_step0_s_20260903_18,b2898ead8a4b4bdcbbe4fe4f7b850bb0,0.078,,,
2430,2026-09-03,SZ300033,-0.0011604430105327597,EXP_CatBoostModel_Alpha158_csi300_custom_step0_s_20260903_18,b2898ead8a4b4bdcbbe4fe4f7b850bb0,0.078,,,
2431,2026-09-03,SZ300059,0.0017662395152576729,EXP_CatBoostModel_Alpha158_csi300_custom_step0_s_20260903_18,b2898ead8a4b4bdcbbe4fe4f7b850bb0,0.078,,,
2432,2026-09-03,SZ300122,-0.0002971580626408852,EXP_CatBoostModel_Alpha158_csi300_custom_step0_s_20260903_18,b2898ead8a4b4bdcbbe4fe4f7b850bb0,0.078,,,
2433,2026-09-03,SZ300124,-0.0011604430105327597,EXP_CatBoostModel_Alpha158_csi300_custom_step0_s_20260903_18,b2898ead8a4b4bdcbbe4fe4f7b850bb0,0.078,,,
2434,2026-09-03,SZ300251,-0.0011604430105327597,EXP_CatBoostModel_Alpha158_csi300_custom_step0_s_20260903_18,b2898ead8a4b4bdcbbe4fe4f7b850bb0,0.078,,,
2435,2026-09-03,SZ300274,0.0032609181131072465,EXP_CatBoostModel_Alpha158_csi300_custom_step0_s_20260903_18,b2898ead8a4b4bdcbbe4fe4f7b850bb0,0.078,,,
2436,2026-09-03,SZ300308,-0.0002971580626408852,EXP_CatBoostModel_Alpha158_csi300_custom_step0_s_20260903_18,b2898ead8a4b4bdcbbe4fe4f7b850bb0,0.078,,,
2437,2026-09-03,SZ300316,-0.0002971580626408852,EXP_CatBoostModel_Alpha158_csi300_custom_step0_s_20260903_18,b2898ead8a4b4bdcbbe4fe4f7b850bb0,0.078,,,
2438,2026-09-03,SZ300394,0.00317474475772418,EXP_CatBoostModel_Alpha158_csi300_custom_step0_s_20260903_18,b2898ead8a4b4bdcbbe4fe4f7b850bb0,0.078,,,
2439,2026-09-03,SZ300408,-0.0011604430105327597,EXP_CatBoostModel_Alpha158_csi300_custom_step0_s_20260903_18,b2898ead8a4b4bdcbbe4fe4f7b850bb0,0.078,,,
2440,2026-09-03,SZ300413,4.508907233189547e-06,EXP_CatBoostModel_Alpha158_csi300_custom_step0_s_20260903_18,b2898ead8a4b4bdcbbe4fe4f7b850bb0,0.078,,,
2441,2026-09-03,SZ300418,-0.0011604430105327597,EXP_CatBoostModel_Alpha158_csi300_custom_step0_s_20260903_18,b2898ead8a4b4bdcbbe4fe4f7b850bb0,0.078,,,
2442,2026-09-03,SZ300433,-0.0002971580626408852,EXP_CatBoostModel_Alpha158_csi300_custom_step0_s_20260903_18,b2898ead8a4b4bdcbbe4fe4f7b850bb0,0.078,,,
2443,2026-09-03,SZ300999,0.001326410761114645,EXP_CatBoostModel_Alpha158_csi300_custom_step0_s_20260903_18,b2898ead8a4b4bdcbbe4fe4f7b850bb0,0.078,,,
2444,2026-09-03,SZ300896,-0.0002971580626408852,EXP_CatBoostModel_Alpha158_csi300_custom_step0_s_20260903_18,b2898ead8a4b4bdcbbe4fe4f7b850bb0,0.078,,,
2445,2026-09-03,SZ300866,-0.0011604430105327597,EXP_CatBoostModel_Alpha158_csi300_custom_step0_s_20260903_18,b2898ead8a4b4bdcbbe4fe4f7b850bb0,0.078,,,
2446,2026-09-03,SZ300832,-0.0002971580626408852,EXP_CatBoostModel_Alpha158_csi300_custom_step0_s_20260903_18,b2898ead8a4b4bdcbbe4fe4f7b850bb0,0.078,,,
2447,2026-09-03,SZ300803,-0.0011604430105327597,EXP_CatBoostModel_Alpha158_csi300_custom_step0_s_20260903_18,b2898ead8a4b4bdcbbe4fe4f7b850bb0,0.078,,,
2448,2026-09-03,SZ300760,-0.0002971580626408852,EXP_CatBoostModel_Alpha158_csi300_custom_step0_s_20260903_18,b2898ead8a4b4bdcbbe4fe4f7b850bb0,0.078,,,
2449,2026-09-03,SZ301236,-0.0011604430105327597,EXP_CatBoostModel_Alpha158_csi300_custom_step0_s_20260903_18,b2898ead8a4b4bdcbbe4fe4f7b850bb0,0.078,,,
2450,2026-09-03,SZ300750,-0.0002971580626408852,EXP_CatBoostModel_Alpha158_csi300_custom_step0_s_20260903_18,b2898ead8a4b4bdcbbe4fe4f7b850bb0,0.078,,,
2451,2026-09-03,SZ300628,-0.0002971580626408852,EXP_CatBoostModel_Alpha158_csi300_custom_step0_s_20260903_18,b2898ead8a4b4bdcbbe4fe4f7b850bb0,0.078,,,
2452,2026-09-03,SZ300502,-0.0011604430105327597,EXP_CatBoostModel_Alpha158_csi300_custom_step0_s_20260903_18,b2898ead8a4b4bdcbbe4fe4f7b850bb0,0.078,,,
2453,2026-09-03,SZ300498,0.002614477832524275,EXP_CatBoostModel_Alpha158_csi300_custom_step0_s_20260903_18,b2898ead8a4b4bdcbbe4fe4f7b850bb0,0.078,,,
2454,2026-09-03,SZ300476,-0.0011604430105327597,EXP_CatBoostModel_Alpha158_csi300_custom_step0_s_20260903_18,b2898ead8a4b4bdcbbe4fe4f7b850bb0,0.078,,,
2455,2026-09-03,SZ300450,-0.0011604430105327597,EXP_CatBoostModel_Alpha158_csi300_custom_step0_s_20260903_18,b2898ead8a4b4bdcbbe4fe4f7b850bb0,0.078,,,
2456,2026-09-03,SZ300442,-0.0011604430105327597,EXP_CatBoostModel_Alpha158_csi300_custom_step0_s_20260903_18,b2898ead8a4b4bdcbbe4fe4f7b850bb0,0.078,,,
2457,2026-09-03,SZ300661,-0.0002971580626408852,EXP_CatBoostModel_Alpha158_csi300_custom_step0_s_20260903_18,b2898ead8a4b4bdcbbe4fe4f7b850bb0,0.078,,,
2458,2026-09-03,SH600183,-0.0027248481200730294,EXP_CatBoostModel_Alpha158_csi300_custom_step0_s_20260903_18,27943a357cdf40b6877d0492396b0182,0.047,,,
2459,2026-09-03,SH600188,-0.006023288131851708,EXP_CatBoostModel_Alpha158_csi300_custom_step0_s_20260903_18,27943a357cdf40b6877d0492396b0182,0.047,,,
2460,2026-09-03,SH600196,-0.011619772015729666,EXP_CatBoostModel_Alpha158_csi300_custom_step0_s_20260903_18,27943a357cdf40b6877d0492396b0182,0.047,,,
2461,2026-09-03,SH600886,0.01844031214059469,EXP_CatBoostModel_Alpha158_csi300_custom_step0_s_20260903_18,27943a357cdf40b6877d0492396b0182,0.047,,,
2462,2026-09-03,SH600887,0.006666479070189586,EXP_CatBoostModel_Alpha158_csi300_custom_step0_s_20260903_18,27943a357cdf40b6877d0492396b0182,0.047,,,
2463,2026-09-03,SH600893,0.0007795846546852548,EXP_CatBoostModel_Alpha158_csi300_custom_step0_s_20260903_18,27943a357cdf40b6877d0492396b0182,0.047,,,
2464,2026-09-03,SH600900,0.019511397951498626,EXP_CatBoostModel_Alpha158_csi300_custom_step0_s_20260903_18,27943a357cdf40b6877d0492396b0182,0.047,,,
2465,2026-09-03,SH600905,0.0024524309950834837,EXP_CatBoostModel_Alpha158_csi300_custom_step0_s_20260903_18,27943a357cdf40b6877d0492396b0182,0.047,,,
2466,2026-09-03,SH600918,0.015062522603815031,EXP_CatBoostModel_Alpha158_csi300_custom_step0_s_20260903_18,27943a357cdf40b6877d0492396b0182,0.047,,,
2467,2026-09-03,SH600919,0.03063410707600003,EXP_CatBoostModel_Alpha158_csi300_custom_step0_s_20260903_18,27943a357cdf40b6877d0492396b0182,0.047,,,
2468,2026-09-03,SH600926,0.022291023764867676,EXP_CatBoostModel_Alpha158_csi300_custom_step0_s_20260903_18,27943a357cdf40b6877d0492396b0182,0.047,,,
2469,2026-09-03,SH600930,0.0010527896247693926,EXP_CatBoostModel_Alpha158_csi300_custom_step0_s_20260903_18,27943a357cdf40b6877d0492396b0182,0.047,,,
2470,2026-09-03,SH600938,0.00972204448601708,EXP_CatBoostModel_Alpha158_csi300_custom_step0_s_20260903_18,27943a357cdf40b6877d0492396b0182,0.047,,,
2471,2026-09-03,SH600941,0.02530137193512797,EXP_CatBoostModel_Alpha158_csi300_custom_step0_s_20260903_18,27943a357cdf40b6877d0492396b0182,0.047,,,
2472,2026-09-03,SH600958,0.024497187163462598,EXP_CatBoostModel_Alpha158_csi300_custom_step0_s_20260903_18,27943a357cdf40b6877d0492396b0182,0.047,,,
2473,2026-09-03,SH600989,0.00162925606126067,EXP_CatBoostModel_Alpha158_csi300_custom_step0_s_20260903_18,27943a357cdf40b6877d0492396b0182,0.047,,,
2474,2026-09-03,SH600999,-0.0017503984901679384,EXP_CatBoostModel_Alpha158_csi300_custom_step0_s_20260903_18,27943a357cdf40b6877d0492396b0182,0.047,,,
2475,2026-09-03,SH601006,0.019700579555271606,EXP_CatBoostModel_Alpha158_csi300_custom_step0_s_20260903_18,27943a357cdf40b6877d0492396b0182,0.047,,,
2476,2026-09-03,SH601009,0.02185731213042331,EXP_CatBoostModel_Alpha158_csi300_custom_step0_s_20260903_18,27943a357cdf40b6877d0492396b0182,0.047,,,
2477,2026-09-03,SH601012,-0.017738358466407554,EXP_CatBoostModel_Alpha158_csi300_custom_step0_s_20260903_18,27943a357cdf40b6877d0492396b0182,0.047,,,
2478,2026-09-03,SH601166,0.0052760554795571145,EXP_CatBoostModel_Alpha158_csi300_custom_step0_s_20260903_18,27943a357cdf40b6877d0492396b0182,0.047,,,
2479,2026-09-03,SH601138,-0.012399559298868169,EXP_CatBoostModel_Alpha158_csi300_custom_step0_s_20260903_18,27943a357cdf40b6877d0492396b0182,0.047,,,
2480,2026-09-03,SH601136,-0.015757568108159835,EXP_CatBoostModel_Alpha158_csi300_custom_step0_s_20260903_18,27943a357cdf40b6877d0492396b0182,0.047,,,
2481,2026-09-03,SH601127,0.0029369044725671214,EXP_CatBoostModel_Alpha158_csi300_custom_step0_s_20260903_18,27943a357cdf40b6877d0492396b0182,0.047,,,
2482,2026-09-03,SH601117,0.011882794312353636,EXP_CatBoostModel_Alpha158_csi300_custom_step0_s_20260903_18,27943a357cdf40b6877d0492396b0182,0.047,,,
2483,2026-09-03,SH601111,-0.00014966307137091042,EXP_CatBoostModel_Alpha158_csi300_custom_step0_s_20260903_18,27943a357cdf40b6877d0492396b0182,0.047,,,
2484,2026-09-03,SH600875,-0.012107828407129245,EXP_CatBoostModel_Alpha158_csi300_custom_step0_s_20260903_18,27943a357cdf40b6877d0492396b0182,0.047,,,
2485,2026-09-03,SH601100,-0.00796354609016855,EXP_CatBoostModel_Alpha158_csi300_custom_step0_s_20260903_18,27943a357cdf40b6877d0492396b0182,0.047,,,
2486,2026-09-03,SH601077,0.019811457407393002,EXP_CatBoostModel_Alpha158_csi300_custom_step0_s_20260903_18,27943a357cdf40b6877d0492396b0182,0.047,,,
2487,2026-09-03,SH601066,-0.0008599960745453406,EXP_CatBoostModel_Alpha158_csi300_custom_step0_s_20260903_18,27943a357cdf40b6877d0492396b0182,0.047,,,
2488,2026-09-03,SH601059,0.03238008517484318,EXP_CatBoostModel_Alpha158_csi300_custom_step0_s_20260903_18,27943a357cdf40b6877d0492396b0182,0.047,,,
2489,2026-09-03,SH601058,-0.003711799164590075,EXP_CatBoostModel_Alpha158_csi300_custom_step0_s_20260903_18,27943a357cdf40b6877d0492396b0182,0.047,,,
2490,2026-09-03,SH601021,0.001991258284805615,EXP_CatBoostModel_Alpha158_csi300_custom_step0_s_20260903_18,27943a357cdf40b6877d0492396b0182,0.047,,,
2491,2026-09-03,SH601018,0.033261355092071794,EXP_CatBoostModel_Alpha158_csi300_custom_step0_s_20260903_18,27943a357cdf40b6877d0492396b0182,0.047,,,
2492,2026-09-03,SH601088,0.013191388532405366,EXP_CatBoostModel_Alpha158_csi300_custom_step0_s_20260903_18,27943a357cdf40b6877d0492396b0182,0.047,,,
2493,2026-09-03,SH600845,-0.0018282138641571826,EXP_CatBoostModel_Alpha158_csi300_custom_step0_s_20260903_18,27943a357cdf40b6877d0492396b0182,0.047,,,
2494,2026-09-03,SH600809,0.0017616004647840614,EXP_CatBoostModel_Alpha158_csi300_custom_step0_s_20260903_18,27943a357cdf40b6877d0492396b0182,0.047,,,
2495,2026-09-03,SH600803,0.0001668786237818071,EXP_CatBoostModel_Alpha158_csi300_custom_step0_s_20260903_18,27943a357cdf40b6877d0492396b0182,0.047,,,
2496,2026-09-03,SH600460,-0.004710676048222021,EXP_CatBoostModel_Alpha158_csi300_custom_step0_s_20260903_18,27943a357cdf40b6877d0492396b0182,0.047,,,
2497,2026-09-03,SH600438,-0.013684665654075372,EXP_CatBoostModel_Alpha158_csi300_custom_step0_s_20260903_18,27943a357cdf40b6877d0492396b0182,0.047,,,
2498,2026-09-03,SH600436,-0.008061234461080027,EXP_CatBoostModel_Alpha158_csi300_custom_step0_s_20260903_18,27943a357cdf40b6877d0492396b0182,0.047,,,
2499,2026-09-03,SH600426,-0.017501496289286572,EXP_CatBoostModel_Alpha158_csi300_custom_step0_s_20260903_18,27943a357cdf40b6877d0492396b0182,0.047,,,
2500,2026-09-03,SH600415,-0.00655566621585508,EXP_CatBoostModel_Alpha158_csi300_custom_step0_s_20260903_18,27943a357cdf40b6877d0492396b0182,0.047,,,
2501,2026-09-03,SH600406,-0.002196622369832788,EXP_CatBoostModel_Alpha158_csi300_custom_step0_s_20260903_18,27943a357cdf40b6877d0492396b0182,0.047,,,
2502,2026-09-03,SH600482,0.0064847950388613705,EXP_CatBoostModel_Alpha158_csi300_custom_step0_s_20260903_18,27943a357cdf40b6877d0492396b0182,0.047,,,
2503,2026-09-03,SH600372,0.004135786790764658,EXP_CatBoostModel_Alpha158_csi300_custom_step0_s_20260903_18,27943a357cdf40b6877d0492396b0182,0.047,,,
2504,2026-09-03,SH600346,-0.004684931233862458,EXP_CatBoostModel_Alpha158_csi300_custom_step0_s_20260903_18,27943a357cdf40b6877d0492396b0182,0.047,,,
2505,2026-09-03,SH600309,0.003985416535029015,EXP_CatBoostModel_Alpha158_csi300_custom_step0_s_20260903_18,27943a357cdf40b6877d0492396b0182,0.047,,,
2506,2026-09-03,SH600276,-0.0046708250736936146,EXP_CatBoostModel_Alpha158_csi300_custom_step0_s_20260903_18,27943a357cdf40b6877d0492396b0182,0.047,,,
2507,2026-09-03,SH600233,0.0026849862368900274,EXP_CatBoostModel_Alpha158_csi300_custom_step0_s_20260903_18,27943a357cdf40b6877d0492396b0182,0.047,,,
2508,2026-09-03,SH600221,0.0054546104685159755,EXP_CatBoostModel_Alpha158_csi300_custom_step0_s_20260903_18,27943a357cdf40b6877d0492396b0182,0.047,,,
2509,2026-09-03,SH600219,0.01428662812104852,EXP_CatBoostModel_Alpha158_csi300_custom_step0_s_20260903_18,27943a357cdf40b6877d0492396b0182,0.047,,,
2510,2026-09-03,SH600362,-0.011794754751506565,EXP_CatBoostModel_Alpha158_csi300_custom_step0_s_20260903_18,27943a357cdf40b6877d0492396b0182,0.047,,,
2511,2026-09-03,SZ002353,0.00638454798721971,EXP_CatBoostModel_Alpha158_csi300_custom_step0_s_20260903_18,27943a357cdf40b6877d0492396b0182,0.047,,,
2512,2026-09-03,SH600489,-0.005836218425416426,EXP_CatBoostModel_Alpha158_csi300_custom_step0_s_20260903_18,27943a357cdf40b6877d0492396b0182,0.047,,,
2513,2026-09-03,SH600519,0.016114129143748226,EXP_CatBoostModel_Alpha158_csi300_custom_step0_s_20260903_18,27943a357cdf40b6877d0492396b0182,0.047,,,
2514,2026-09-03,SH600795,0.0032031550165602966,EXP_CatBoostModel_Alpha158_csi300_custom_step0_s_20260903_18,27943a357cdf40b6877d0492396b0182,0.047,,,
2515,2026-09-03,SH600760,-0.005477198309193143,EXP_CatBoostModel_Alpha158_csi300_custom_step0_s_20260903_18,27943a357cdf40b6877d0492396b0182,0.047,,,
2516,2026-09-03,SH600741,0.012114418294178622,EXP_CatBoostModel_Alpha158_csi300_custom_step0_s_20260903_18,27943a357cdf40b6877d0492396b0182,0.047,,,
2517,2026-09-03,SH600690,0.020838236752427453,EXP_CatBoostModel_Alpha158_csi300_custom_step0_s_20260903_18,27943a357cdf40b6877d0492396b0182,0.047,,,
2518,2026-09-03,SH600674,0.026372079727356272,EXP_CatBoostModel_Alpha158_csi300_custom_step0_s_20260903_18,27943a357cdf40b6877d0492396b0182,0.047,,,
2519,2026-09-03,SH600660,0.011532740249080624,EXP_CatBoostModel_Alpha158_csi300_custom_step0_s_20260903_18,27943a357cdf40b6877d0492396b0182,0.047,,,
2520,2026-09-03,SH600515,-0.001819910589338565,EXP_CatBoostModel_Alpha158_csi300_custom_step0_s_20260903_18,27943a357cdf40b6877d0492396b0182,0.047,,,
2521,2026-09-03,SH600600,0.0010527896247693926,EXP_CatBoostModel_Alpha158_csi300_custom_step0_s_20260903_18,27943a357cdf40b6877d0492396b0182,0.047,,,
2522,2026-09-03,SH600585,0.012214278577187498,EXP_CatBoostModel_Alpha158_csi300_custom_step0_s_20260903_18,27943a357cdf40b6877d0492396b0182,0.047,,,
2523,2026-09-03,SH600584,-0.013258581780887626,EXP_CatBoostModel_Alpha158_csi300_custom_step0_s_20260903_18,27943a357cdf40b6877d0492396b0182,0.047,,,
2524,2026-09-03,SH600570,-0.009032788302160793,EXP_CatBoostModel_Alpha158_csi300_custom_step0_s_20260903_18,27943a357cdf40b6877d0492396b0182,0.047,,,
2525,2026-09-03,SH600549,-0.011415234579727967,EXP_CatBoostModel_Alpha158_csi300_custom_step0_s_20260903_18,27943a357cdf40b6877d0492396b0182,0.047,,,
2526,2026-09-03,SH600547,0.015732438609548226,EXP_CatBoostModel_Alpha158_csi300_custom_step0_s_20260903_18,27943a357cdf40b6877d0492396b0182,0.047,,,
2527,2026-09-03,SH600522,-0.012979421668632293,EXP_CatBoostModel_Alpha158_csi300_custom_step0_s_20260903_18,27943a357cdf40b6877d0492396b0182,0.047,,,
2528,2026-09-03,SH600588,-0.006056227288826818,EXP_CatBoostModel_Alpha158_csi300_custom_step0_s_20260903_18,27943a357cdf40b6877d0492396b0182,0.047,,,
2529,2026-09-03,SZ002920,-0.0011604430105327597,EXP_CatBoostModel_Alpha158_csi300_custom_step0_s_20260903_18,b2898ead8a4b4bdcbbe4fe4f7b850bb0,0.078,,,
2530,2026-09-03,SZ002371,-0.008568381429790337,EXP_CatBoostModel_Alpha158_csi300_custom_step0_s_20260903_18,27943a357cdf40b6877d0492396b0182,0.047,,,
2531,2026-09-03,SZ002415,-0.0034532525774536283,EXP_CatBoostModel_Alpha158_csi300_custom_step0_s_20260903_18,27943a357cdf40b6877d0492396b0182,0.047,,,
2532,2026-09-03,SH601628,-9.741216403961211e-11,EXP_LGBModel_Alpha158_csi300_custom_step0_s_20260903_18,f8fd554d9a38492ba8d59f949ff8a132,0.054,,,
2533,2026-09-03,SH601633,0.0015090332033877872,EXP_LGBModel_Alpha158_csi300_custom_step0_s_20260903_18,f8fd554d9a38492ba8d59f949ff8a132,0.054,,,
2534,2026-09-03,SH601658,-9.741216403961211e-11,EXP_LGBModel_Alpha158_csi300_custom_step0_s_20260903_18,f8fd554d9a38492ba8d59f949ff8a132,0.054,,,
2535,2026-09-03,SH601668,-9.741216403961211e-11,EXP_LGBModel_Alpha158_csi300_custom_step0_s_20260903_18,f8fd554d9a38492ba8d59f949ff8a132,0.054,,,
2536,2026-09-03,SH601669,0.0027566998060414316,EXP_LGBModel_Alpha158_csi300_custom_step0_s_20260903_18,f8fd554d9a38492ba8d59f949ff8a132,0.054,,,
2537,2026-09-03,SH601688,0.0027566998060414316,EXP_LGBModel_Alpha158_csi300_custom_step0_s_20260903_18,f8fd554d9a38492ba8d59f949ff8a132,0.054,,,
2538,2026-09-03,SH601689,-9.741216403961211e-11,EXP_LGBModel_Alpha158_csi300_custom_step0_s_20260903_18,f8fd554d9a38492ba8d59f949ff8a132,0.054,,,
2539,2026-09-03,SH601698,-9.741216403961211e-11,EXP_LGBModel_Alpha158_csi300_custom_step0_s_20260903_18,f8fd554d9a38492ba8d59f949ff8a132,0.054,,,
2540,2026-09-03,SH601727,-0.0017742003026017731,EXP_LGBModel_Alpha158_csi300_custom_step0_s_20260903_18,f8fd554d9a38492ba8d59f949ff8a132,0.054,,,
2541,2026-09-03,SH601728,0.0027566998060414316,EXP_LGBModel_Alpha158_csi300_custom_step0_s_20260903_18,f8fd554d9a38492ba8d59f949ff8a132,0.054,,,
2542,2026-09-03,SH601766,0.0015090332033877872,EXP_LGBModel_Alpha158_csi300_custom_step0_s_20260903_18,f8fd554d9a38492ba8d59f949ff8a132,0.054,,,
2543,2026-09-03,SH601788,0.0027566998060414316,EXP_LGBModel_Alpha158_csi300_custom_step0_s_20260903_18,f8fd554d9a38492ba8d59f949ff8a132,0.054,,,
2544,2026-09-03,SH601800,0.0015090332033877872,EXP_LGBModel_Alpha158_csi300_custom_step0_s_20260903_18,f8fd554d9a38492ba8d59f949ff8a132,0.054,,,
2545,2026-09-03,SH601816,0.0027566998060414316,EXP_LGBModel_Alpha158_csi300_custom_step0_s_20260903_18,f8fd554d9a38492ba8d59f949ff8a132,0.054,,,
2546,2026-09-03,SH601818,0.0027566998060414316,EXP_LGBModel_Alpha158_csi300_custom_step0_s_20260903_18,f8fd554d9a38492ba8d59f949ff8a132,0.054,,,
2547,2026-09-03,SH601825,0.0015090332033877872,EXP_LGBModel_Alpha158_csi300_custom_step0_s_20260903_18,f8fd554d9a38492ba8d59f949ff8a132,0.054,,,
2548,2026-09-03,SH601838,0.0015090332033877872,EXP_LGBModel_Alpha158_csi300_custom_step0_s_20260903_18,f8fd554d9a38492ba8d59f949ff8a132,0.054,,,
2549,2026-09-03,SH601985,-9.741216403961211e-11,EXP_LGBModel_Alpha158_csi300_custom_step0_s_20260903_18,f8fd554d9a38492ba8d59f949ff8a132,0.054,,,
2550,2026-09-03,SH601939,-0.0011860843156781015,EXP_LGBModel_Alpha158_csi300_custom_step0_s_20260903_18,f8fd554d9a38492ba8d59f949ff8a132,0.054,,,
2551,2026-09-03,SH601919,0.0015090332033877872,EXP_LGBModel_Alpha158_csi300_custom_step0_s_20260903_18,f8fd554d9a38492ba8d59f949ff8a132,0.054,,,
2552,2026-09-03,SH601916,0.0027566998060414316,EXP_LGBModel_Alpha158_csi300_custom_step0_s_20260903_18,f8fd554d9a38492ba8d59f949ff8a132,0.054,,,
2553,2026-09-03,SH601901,0.0027566998060414316,EXP_LGBModel_Alpha158_csi300_custom_step0_s_20260903_18,f8fd554d9a38492ba8d59f949ff8a132,0.054,,,
2554,2026-09-03,SH601899,-9.741216403961211e-11,EXP_LGBModel_Alpha158_csi300_custom_step0_s_20260903_18,f8fd554d9a38492ba8d59f949ff8a132,0.054,,,
2555,2026-09-03,SH601618,-9.741216403961211e-11,EXP_LGBModel_Alpha158_csi300_custom_step0_s_20260903_18,f8fd554d9a38492ba8d59f949ff8a132,0.054,,,
2556,2026-09-03,SH601898,0.002707912785173431,EXP_LGBModel_Alpha158_csi300_custom_step0_s_20260903_18,f8fd554d9a38492ba8d59f949ff8a132,0.054,,,
2557,2026-09-03,SH601881,0.0027566998060414316,EXP_LGBModel_Alpha158_csi300_custom_step0_s_20260903_18,f8fd554d9a38492ba8d59f949ff8a132,0.054,,,
2558,2026-09-03,SH601878,0.0027566998060414316,EXP_LGBModel_Alpha158_csi300_custom_step0_s_20260903_18,f8fd554d9a38492ba8d59f949ff8a132,0.054,,,
2559,2026-09-03,SH601877,-0.0017742003026017731,EXP_LGBModel_Alpha158_csi300_custom_step0_s_20260903_18,f8fd554d9a38492ba8d59f949ff8a132,0.054,,,
2560,2026-09-03,SH601872,-0.002703570434701696,EXP_LGBModel_Alpha158_csi300_custom_step0_s_20260903_18,f8fd554d9a38492ba8d59f949ff8a132,0.054,,,
2561,2026-09-03,SH601868,0.0027566998060414316,EXP_LGBModel_Alpha158_csi300_custom_step0_s_20260903_18,f8fd554d9a38492ba8d59f949ff8a132,0.054,,,
2562,2026-09-03,SH601857,0.0027566998060414316,EXP_LGBModel_Alpha158_csi300_custom_step0_s_20260903_18,f8fd554d9a38492ba8d59f949ff8a132,0.054,,,
2563,2026-09-03,SH601888,-9.741216403961211e-11,EXP_LGBModel_Alpha158_csi300_custom_step0_s_20260903_18,f8fd554d9a38492ba8d59f949ff8a132,0.054,,,
2564,2026-09-03,SH601988,-0.0011860843156781015,EXP_LGBModel_Alpha158_csi300_custom_step0_s_20260903_18,f8fd554d9a38492ba8d59f949ff8a132,0.054,,,
2565,2026-09-03,SH601607,0.0027566998060414316,EXP_LGBModel_Alpha158_csi300_custom_step0_s_20260903_18,f8fd554d9a38492ba8d59f949ff8a132,0.054,,,
2566,2026-09-03,SH601600,0.0027566998060414316,EXP_LGBModel_Alpha158_csi300_custom_step0_s_20260903_18,f8fd554d9a38492ba8d59f949ff8a132,0.054,,,
2567,2026-09-03,SH601012,-9.727146918375524e-05,EXP_LGBModel_Alpha158_csi300_custom_step0_s_20260903_18,f8fd554d9a38492ba8d59f949ff8a132,0.054,,,
2568,2026-09-03,SH601018,0.0027566998060414316,EXP_LGBModel_Alpha158_csi300_custom_step0_s_20260903_18,f8fd554d9a38492ba8d59f949ff8a132,0.054,,,
2569,2026-09-03,SH601021,0.0015090332033877872,EXP_LGBModel_Alpha158_csi300_custom_step0_s_20260903_18,f8fd554d9a38492ba8d59f949ff8a132,0.054,,,
2570,2026-09-03,SH601058,-9.741216403961211e-11,EXP_LGBModel_Alpha158_csi300_custom_step0_s_20260903_18,f8fd554d9a38492ba8d59f949ff8a132,0.054,,,
2571,2026-09-03,SH601059,0.0027566998060414316,EXP_LGBModel_Alpha158_csi300_custom_step0_s_20260903_18,f8fd554d9a38492ba8d59f949ff8a132,0.054,,,
2572,2026-09-03,SH601066,0.0027566998060414316,EXP_LGBModel_Alpha158_csi300_custom_step0_s_20260903_18,f8fd554d9a38492ba8d59f949ff8a132,0.054,,,
2573,2026-09-03,SH601077,-9.741216403961211e-11,EXP_LGBModel_Alpha158_csi300_custom_step0_s_20260903_18,f8fd554d9a38492ba8d59f949ff8a132,0.054,,,
2574,2026-09-03,SH601088,0.0015090332033877872,EXP_LGBModel_Alpha158_csi300_custom_step0_s_20260903_18,f8fd554d9a38492ba8d59f949ff8a132,0.054,,,
2575,2026-09-03,SH601100,-9.741216403961211e-11,EXP_LGBModel_Alpha158_csi300_custom_step0_s_20260903_18,f8fd554d9a38492ba8d59f949ff8a132,0.054,,,
2576,2026-09-03,SH601111,0.0015090332033877872,EXP_LGBModel_Alpha158_csi300_custom_step0_s_20260903_18,f8fd554d9a38492ba8d59f949ff8a132,0.054,,,
2577,2026-09-03,SH601117,0.0027566998060414316,EXP_LGBModel_Alpha158_csi300_custom_step0_s_20260903_18,f8fd554d9a38492ba8d59f949ff8a132,0.054,,,
2578,2026-09-03,SH601127,-9.741216403961211e-11,EXP_LGBModel_Alpha158_csi300_custom_step0_s_20260903_18,f8fd554d9a38492ba8d59f949ff8a132,0.054,,,
2579,2026-09-03,SH601136,-9.741216403961211e-11,EXP_LGBModel_Alpha158_csi300_custom_step0_s_20260903_18,f8fd554d9a38492ba8d59f949ff8a132,0.054,,,
2580,2026-09-03,SH601138,-9.741216403961211e-11,EXP_LGBModel_Alpha158_csi300_custom_step0_s_20260903_18,f8fd554d9a38492ba8d59f949ff8a132,0.054,,,
2581,2026-09-03,SH601166,0.0027566998060414316,EXP_LGBModel_Alpha158_csi300_custom_step0_s_20260903_18,f8fd554d9a38492ba8d59f949ff8a132,0.054,,,
2582,2026-09-03,SH601169,-9.741216403961211e-11,EXP_LGBModel_Alpha158_csi300_custom_step0_s_20260903_18,f8fd554d9a38492ba8d59f949ff8a132,0.054,,,
2583,2026-09-03,SH601186,0.0027566998060414316,EXP_LGBModel_Alpha158_csi300_custom_step0_s_20260903_18,f8fd554d9a38492ba8d59f949ff8a132,0.054,,,
2584,2026-09-03,SH601456,0.0027566998060414316,EXP_LGBModel_Alpha158_csi300_custom_step0_s_20260903_18,f8fd554d9a38492ba8d59f949ff8a132,0.054,,,
2585,2026-09-03,SH601398,-0.0011860843156781015,EXP_LGBModel_Alpha158_csi300_custom_step0_s_20260903_18,f8fd554d9a38492ba8d59f949ff8a132,0.054,,,
2586,2026-09-03,SH601390,0.0027566998060414316,EXP_LGBModel_Alpha158_csi300_custom_step0_s_20260903_18,f8fd554d9a38492ba8d59f949ff8a132,0.054,,,
2587,2026-09-03,SH601377,0.0027566998060414316,EXP_LGBModel_Alpha158_csi300_custom_step0_s_20260903_18,f8fd554d9a38492ba8d59f949ff8a132,0.054,,,
2588,2026-09-03,SH601360,-0.0029233137243777976,EXP_LGBModel_Alpha158_csi300_custom_step0_s_20260903_18,f8fd554d9a38492ba8d59f949ff8a132,0.054,,,
2589,2026-09-03,SH601336,0.0027566998060414316,EXP_LGBModel_Alpha158_csi300_custom_step0_s_20260903_18,f8fd554d9a38492ba8d59f949ff8a132,0.054,,,
2590,2026-09-03,SH601601,-9.741216403961211e-11,EXP_LGBModel_Alpha158_csi300_custom_step0_s_20260903_18,f8fd554d9a38492ba8d59f949ff8a132,0.054,,,
2591,2026-09-03,SH601328,0.0027566998060414316,EXP_LGBModel_Alpha158_csi300_custom_step0_s_20260903_18,f8fd554d9a38492ba8d59f949ff8a132,0.054,,,
2592,2026-09-03,SH601318,-9.741216403961211e-11,EXP_LGBModel_Alpha158_csi300_custom_step0_s_20260903_18,f8fd554d9a38492ba8d59f949ff8a132,0.054,,,
2593,2026-09-03,SH601288,-0.0011860843156781015,EXP_LGBModel_Alpha158_csi300_custom_step0_s_20260903_18,f8fd554d9a38492ba8d59f949ff8a132,0.054,,,
2594,2026-09-03,SH601238,-0.0017742003026017731,EXP_LGBModel_Alpha158_csi300_custom_step0_s_20260903_18,f8fd554d9a38492ba8d59f949ff8a132,0.054,,,
2595,2026-09-03,SH601229,0.0027566998060414316,EXP_LGBModel_Alpha158_csi300_custom_step0_s_20260903_18,f8fd554d9a38492ba8d59f949ff8a132,0.054,,,
2596,2026-09-03,SH601225,-0.002703570434701696,EXP_LGBModel_Alpha158_csi300_custom_step0_s_20260903_18,f8fd554d9a38492ba8d59f949ff8a132,0.054,,,
2597,2026-09-03,SH601211,0.0015090332033877872,EXP_LGBModel_Alpha158_csi300_custom_step0_s_20260903_18,f8fd554d9a38492ba8d59f949ff8a132,0.054,,,
2598,2026-09-03,SH601319,-9.741216403961211e-11,EXP_LGBModel_Alpha158_csi300_custom_step0_s_20260903_18,f8fd554d9a38492ba8d59f949ff8a132,0.054,,,
2599,2026-09-03,SH601009,-9.741216403961211e-11,EXP_LGBModel_Alpha158_csi300_custom_step0_s_20260903_18,f8fd554d9a38492ba8d59f949ff8a132,0.054,,,
2600,2026-09-03,SH601995,0.0027566998060414316,EXP_LGBModel_Alpha158_csi300_custom_step0_s_20260903_18,f8fd554d9a38492ba8d59f949ff8a132,0.054,,,
2601,2026-09-03,SH603019,-9.741216403961211e-11,EXP_LGBModel_Alpha158_csi300_custom_step0_s_20260903_18,f8fd554d9a38492ba8d59f949ff8a132,0.054,,,
2602,2026-09-03,SZ000063,-9.741216403961211e-11,EXP_LGBModel_Alpha158_csi300_custom_step0_s_20260903_18,f8fd554d9a38492ba8d59f949ff8a132,0.054,,,
2603,2026-09-03,SZ000100,0.0015090332033877872,EXP_LGBModel_Alpha158_csi300_custom_step0_s_20260903_18,f8fd554d9a38492ba8d59f949ff8a132,0.054,,,
2604,2026-09-03,SZ000157,-9.741216403961211e-11,EXP_LGBModel_Alpha158_csi300_custom_step0_s_20260903_18,f8fd554d9a38492ba8d59f949ff8a132,0.054,,,
2605,2026-09-03,SZ000166,0.0027566998060414316,EXP_LGBModel_Alpha158_csi300_custom_step0_s_20260903_18,f8fd554d9a38492ba8d59f949ff8a132,0.054,,,
2606,2026-09-03,SZ000301,-0.002703570434701696,EXP_LGBModel_Alpha158_csi300_custom_step0_s_20260903_18,f8fd554d9a38492ba8d59f949ff8a132,0.054,,,
2607,2026-09-03,SZ000333,0.0027566998060414316,EXP_LGBModel_Alpha158_csi300_custom_step0_s_20260903_18,f8fd554d9a38492ba8d59f949ff8a132,0.054,,,
2608,2026-09-03,SZ000338,-0.002703570434701696,EXP_LGBModel_Alpha158_csi300_custom_step0_s_20260903_18,f8fd554d9a38492ba8d59f949ff8a132,0.054,,,
2609,2026-09-03,SZ000408,0.0015090332033877872,EXP_LGBModel_Alpha158_csi300_custom_step0_s_20260903_18,f8fd554d9a38492ba8d59f949ff8a132,0.054,,,
2610,2026-09-03,SZ000425,0.0015090332033877872,EXP_LGBModel_Alpha158_csi300_custom_step0_s_20260903_18,f8fd554d9a38492ba8d59f949ff8a132,0.054,,,
2611,2026-09-03,SZ000538,0.0027566998060414316,EXP_LGBModel_Alpha158_csi300_custom_step0_s_20260903_18,f8fd554d9a38492ba8d59f949ff8a132,0.054,,,
2612,2026-09-03,SZ000568,-0.0029233137243777976,EXP_LGBModel_Alpha158_csi300_custom_step0_s_20260903_18,f8fd554d9a38492ba8d59f949ff8a132,0.054,,,
2613,2026-09-03,SZ000596,-0.002703570434701696,EXP_LGBModel_Alpha158_csi300_custom_step0_s_20260903_18,f8fd554d9a38492ba8d59f949ff8a132,0.054,,,
2614,2026-09-03,SZ000617,-0.0029233137243777976,EXP_LGBModel_Alpha158_csi300_custom_step0_s_20260903_18,f8fd554d9a38492ba8d59f949ff8a132,0.054,,,
2615,2026-09-03,SZ000625,-0.0017742003026017731,EXP_LGBModel_Alpha158_csi300_custom_step0_s_20260903_18,f8fd554d9a38492ba8d59f949ff8a132,0.054,,,
2616,2026-09-03,SZ000630,0.0015090332033877872,EXP_LGBModel_Alpha158_csi300_custom_step0_s_20260903_18,f8fd554d9a38492ba8d59f949ff8a132,0.054,,,
2617,2026-09-03,SZ000651,0.0027566998060414316,EXP_LGBModel_Alpha158_csi300_custom_step0_s_20260903_18,f8fd554d9a38492ba8d59f949ff8a132,0.054,,,
2618,2026-09-03,SZ000657,0.0016771472628307347,EXP_LGBModel_Alpha158_csi300_custom_step0_s_20260903_18,f8fd554d9a38492ba8d59f949ff8a132,0.054,,,
2619,2026-09-03,SZ000999,0.0010145067352725072,EXP_LGBModel_Alpha158_csi300_custom_step0_s_20260903_18,f8fd554d9a38492ba8d59f949ff8a132,0.054,,,
2620,2026-09-03,SZ000988,0.0016771472628307347,EXP_LGBModel_Alpha158_csi300_custom_step0_s_20260903_18,f8fd554d9a38492ba8d59f949ff8a132,0.054,,,
2621,2026-09-03,SZ000977,-0.002703570434701696,EXP_LGBModel_Alpha158_csi300_custom_step0_s_20260903_18,f8fd554d9a38492ba8d59f949ff8a132,0.054,,,
2622,2026-09-03,SZ000975,-0.002703570434701696,EXP_LGBModel_Alpha158_csi300_custom_step0_s_20260903_18,f8fd554d9a38492ba8d59f949ff8a132,0.054,,,
2623,2026-09-03,SZ000963,-0.0017742003026017731,EXP_LGBModel_Alpha158_csi300_custom_step0_s_20260903_18,f8fd554d9a38492ba8d59f949ff8a132,0.054,,,
2624,2026-09-03,SZ000938,-0.002703570434701696,EXP_LGBModel_Alpha158_csi300_custom_step0_s_20260903_18,f8fd554d9a38492ba8d59f949ff8a132,0.054,,,
2625,2026-09-03,SZ000002,0.0010145067352725072,EXP_LGBModel_Alpha158_csi300_custom_step0_s_20260903_18,f8fd554d9a38492ba8d59f949ff8a132,0.054,,,
2626,2026-09-03,SZ000895,0.0015090332033877872,EXP_LGBModel_Alpha158_csi300_custom_step0_s_20260903_18,f8fd554d9a38492ba8d59f949ff8a132,0.054,,,
2627,2026-09-03,SZ000807,-0.002703570434701696,EXP_LGBModel_Alpha158_csi300_custom_step0_s_20260903_18,f8fd554d9a38492ba8d59f949ff8a132,0.054,,,
2628,2026-09-03,SZ000792,0.0015090332033877872,EXP_LGBModel_Alpha158_csi300_custom_step0_s_20260903_18,f8fd554d9a38492ba8d59f949ff8a132,0.054,,,
2629,2026-09-03,SZ000776,0.0027566998060414316,EXP_LGBModel_Alpha158_csi300_custom_step0_s_20260903_18,f8fd554d9a38492ba8d59f949ff8a132,0.054,,,
2630,2026-09-03,SZ000768,-9.741216403961211e-11,EXP_LGBModel_Alpha158_csi300_custom_step0_s_20260903_18,f8fd554d9a38492ba8d59f949ff8a132,0.054,,,
2631,2026-09-03,SZ000725,-9.741216403961211e-11,EXP_LGBModel_Alpha158_csi300_custom_step0_s_20260903_18,f8fd554d9a38492ba8d59f949ff8a132,0.054,,,
2632,2026-09-03,SZ000708,-0.000747984335798866,EXP_LGBModel_Alpha158_csi300_custom_step0_s_20260903_18,f8fd554d9a38492ba8d59f949ff8a132,0.054,,,
2633,2026-09-03,SZ000858,0.0015090332033877872,EXP_LGBModel_Alpha158_csi300_custom_step0_s_20260903_18,f8fd554d9a38492ba8d59f949ff8a132,0.054,,,
2634,2026-09-03,SH601998,-0.002703570434701696,EXP_LGBModel_Alpha158_csi300_custom_step0_s_20260903_18,f8fd554d9a38492ba8d59f949ff8a132,0.054,,,
2635,2026-09-03,SZ000001,0.0027566998060414316,EXP_LGBModel_Alpha158_csi300_custom_step0_s_20260903_18,f8fd554d9a38492ba8d59f949ff8a132,0.054,,,
2636,2026-09-03,SH688521,-0.00039564498887268237,EXP_LGBModel_Alpha158_csi300_custom_step0_s_20260903_18,f8fd554d9a38492ba8d59f949ff8a132,0.054,,,
2637,2026-09-03,SH603259,-0.002703570434701696,EXP_LGBModel_Alpha158_csi300_custom_step0_s_20260903_18,f8fd554d9a38492ba8d59f949ff8a132,0.054,,,
2638,2026-09-03,SH603260,-9.741216403961211e-11,EXP_LGBModel_Alpha158_csi300_custom_step0_s_20260903_18,f8fd554d9a38492ba8d59f949ff8a132,0.054,,,
2639,2026-09-03,SH603288,0.0015090332033877872,EXP_LGBModel_Alpha158_csi300_custom_step0_s_20260903_18,f8fd554d9a38492ba8d59f949ff8a132,0.054,,,
2640,2026-09-03,SH603296,-0.002703570434701696,EXP_LGBModel_Alpha158_csi300_custom_step0_s_20260903_18,f8fd554d9a38492ba8d59f949ff8a132,0.054,,,
2641,2026-09-03,SH603369,-0.0017742003026017731,EXP_LGBModel_Alpha158_csi300_custom_step0_s_20260903_18,f8fd554d9a38492ba8d59f949ff8a132,0.054,,,
2642,2026-09-03,SH603392,-9.741216403961211e-11,EXP_LGBModel_Alpha158_csi300_custom_step0_s_20260903_18,f8fd554d9a38492ba8d59f949ff8a132,0.054,,,
2643,2026-09-03,SH603501,0.0016771472628307347,EXP_LGBModel_Alpha158_csi300_custom_step0_s_20260903_18,f8fd554d9a38492ba8d59f949ff8a132,0.054,,,
2644,2026-09-03,SH603799,-0.00039564498887268237,EXP_LGBModel_Alpha158_csi300_custom_step0_s_20260903_18,f8fd554d9a38492ba8d59f949ff8a132,0.054,,,
2645,2026-09-03,SH603893,-0.002703570434701696,EXP_LGBModel_Alpha158_csi300_custom_step0_s_20260903_18,f8fd554d9a38492ba8d59f949ff8a132,0.054,,,
2646,2026-09-03,SH603986,0.0016771472628307347,EXP_LGBModel_Alpha158_csi300_custom_step0_s_20260903_18,f8fd554d9a38492ba8d59f949ff8a132,0.054,,,
2647,2026-09-03,SH603993,-9.741216403961211e-11,EXP_LGBModel_Alpha158_csi300_custom_step0_s_20260903_18,f8fd554d9a38492ba8d59f949ff8a132,0.054,,,
2648,2026-09-03,SH605117,-0.002703570434701696,EXP_LGBModel_Alpha158_csi300_custom_step0_s_20260903_18,f8fd554d9a38492ba8d59f949ff8a132,0.054,,,
2649,2026-09-03,SH605499,-9.741216403961211e-11,EXP_LGBModel_Alpha158_csi300_custom_step0_s_20260903_18,f8fd554d9a38492ba8d59f949ff8a132,0.054,,,
2650,2026-09-03,SH688008,0.0016771472628307347,EXP_LGBModel_Alpha158_csi300_custom_step0_s_20260903_18,f8fd554d9a38492ba8d59f949ff8a132,0.054,,,
2651,2026-09-03,SH688009,0.0027566998060414316,EXP_LGBModel_Alpha158_csi300_custom_step0_s_20260903_18,f8fd554d9a38492ba8d59f949ff8a132,0.054,,,
2652,2026-09-03,SH688012,0.0016771472628307347,EXP_LGBModel_Alpha158_csi300_custom_step0_s_20260903_18,f8fd554d9a38492ba8d59f949ff8a132,0.054,,,
2653,2026-09-03,SH688036,-9.741216403961211e-11,EXP_LGBModel_Alpha158_csi300_custom_step0_s_20260903_18,f8fd554d9a38492ba8d59f949ff8a132,0.054,,,
2654,2026-09-03,SH688506,-0.002703570434701696,EXP_LGBModel_Alpha158_csi300_custom_step0_s_20260903_18,f8fd554d9a38492ba8d59f949ff8a132,0.054,,,
2655,2026-09-03,SH688472,-9.741216403961211e-11,EXP_LGBModel_Alpha158_csi300_custom_step0_s_20260903_18,f8fd554d9a38492ba8d59f949ff8a132,0.054,,,
2656,2026-09-03,SH688396,0.0016771472628307347,EXP_LGBModel_Alpha158_csi300_custom_step0_s_20260903_18,f8fd554d9a38492ba8d59f949ff8a132,0.054,,,
2657,2026-09-03,SH688303,0.0016771472628307347,EXP_LGBModel_Alpha158_csi300_custom_step0_s_20260903_18,f8fd554d9a38492ba8d59f949ff8a132,0.054,,,
2658,2026-09-03,SH688271,0.0015090332033877872,EXP_LGBModel_Alpha158_csi300_custom_step0_s_20260903_18,f8fd554d9a38492ba8d59f949ff8a132,0.054,,,
2659,2026-09-03,SH688256,-0.00039564498887268237,EXP_LGBModel_Alpha158_csi300_custom_step0_s_20260903_18,f8fd554d9a38492ba8d59f949ff8a132,0.054,,,
2660,2026-09-03,SH688981,-9.741216403961211e-11,EXP_LGBModel_Alpha158_csi300_custom_step0_s_20260903_18,f8fd554d9a38492ba8d59f949ff8a132,0.054,,,
2661,2026-09-03,SH688223,-9.727146918375524e-05,EXP_LGBModel_Alpha158_csi300_custom_step0_s_20260903_18,f8fd554d9a38492ba8d59f949ff8a132,0.054,,,
2662,2026-09-03,SH688126,0.0016771472628307347,EXP_LGBModel_Alpha158_csi300_custom_step0_s_20260903_18,f8fd554d9a38492ba8d59f949ff8a132,0.054,,,
2663,2026-09-03,SH688111,-9.741216403961211e-11,EXP_LGBModel_Alpha158_csi300_custom_step0_s_20260903_18,f8fd554d9a38492ba8d59f949ff8a132,0.054,,,
2664,2026-09-03,SH688082,-9.741216403961211e-11,EXP_LGBModel_Alpha158_csi300_custom_step0_s_20260903_18,f8fd554d9a38492ba8d59f949ff8a132,0.054,,,
2665,2026-09-03,SH688072,-9.741216403961211e-11,EXP_LGBModel_Alpha158_csi300_custom_step0_s_20260903_18,f8fd554d9a38492ba8d59f949ff8a132,0.054,,,
2666,2026-09-03,SH688047,-9.727146918375524e-05,EXP_LGBModel_Alpha158_csi300_custom_step0_s_20260903_18,f8fd554d9a38492ba8d59f949ff8a132,0.054,,,
2667,2026-09-03,SH688041,0.0033814115906356424,EXP_LGBModel_Alpha158_csi300_custom_step0_s_20260903_18,f8fd554d9a38492ba8d59f949ff8a132,0.054,,,
2668,2026-09-03,SH688183,-0.002703570434701696,EXP_LGBModel_Alpha158_csi300_custom_step0_s_20260903_18,f8fd554d9a38492ba8d59f949ff8a132,0.054,,,
2669,2026-09-03,SH601006,0.0027566998060414316,EXP_LGBModel_Alpha158_csi300_custom_step0_s_20260903_18,f8fd554d9a38492ba8d59f949ff8a132,0.054,,,
2670,2026-09-03,SH600999,0.0027566998060414316,EXP_LGBModel_Alpha158_csi300_custom_step0_s_20260903_18,f8fd554d9a38492ba8d59f949ff8a132,0.054,,,
2671,2026-09-03,SH600989,-0.002703570434701696,EXP_LGBModel_Alpha158_csi300_custom_step0_s_20260903_18,f8fd554d9a38492ba8d59f949ff8a132,0.054,,,
2672,2026-09-03,SZ300433,-0.006594763477321496,EXP_CatBoostModel_Alpha158_csi300_custom_step0_s_20260903_18,27943a357cdf40b6877d0492396b0182,0.047,,,
2673,2026-09-03,SZ300442,-0.012840660278359157,EXP_CatBoostModel_Alpha158_csi300_custom_step0_s_20260903_18,27943a357cdf40b6877d0492396b0182,0.047,,,
2674,2026-09-03,SZ300450,-0.015629465463419045,EXP_CatBoostModel_Alpha158_csi300_custom_step0_s_20260903_18,27943a357cdf40b6877d0492396b0182,0.047,,,
2675,2026-09-03,SZ300476,0.03233553414386999,EXP_CatBoostModel_Alpha158_csi300_custom_step0_s_20260903_18,27943a357cdf40b6877d0492396b0182,0.047,,,
2676,2026-09-03,SZ300498,0.00024185024523429841,EXP_CatBoostModel_Alpha158_csi300_custom_step0_s_20260903_18,27943a357cdf40b6877d0492396b0182,0.047,,,
2677,2026-09-03,SZ300502,-0.010970394554478907,EXP_CatBoostModel_Alpha158_csi300_custom_step0_s_20260903_18,27943a357cdf40b6877d0492396b0182,0.047,,,
2678,2026-09-03,SZ300628,-0.005491031923118884,EXP_CatBoostModel_Alpha158_csi300_custom_step0_s_20260903_18,27943a357cdf40b6877d0492396b0182,0.047,,,
2679,2026-09-03,SZ300661,-0.009261109898599278,EXP_CatBoostModel_Alpha158_csi300_custom_step0_s_20260903_18,27943a357cdf40b6877d0492396b0182,0.047,,,
2680,2026-09-03,SZ300750,-0.015970944780074648,EXP_CatBoostModel_Alpha158_csi300_custom_step0_s_20260903_18,27943a357cdf40b6877d0492396b0182,0.047,,,
2681,2026-09-03,SZ300760,-0.006274439753692367,EXP_CatBoostModel_Alpha158_csi300_custom_step0_s_20260903_18,27943a357cdf40b6877d0492396b0182,0.047,,,
2682,2026-09-03,SZ300803,-0.001444876702080081,EXP_CatBoostModel_Alpha158_csi300_custom_step0_s_20260903_18,27943a357cdf40b6877d0492396b0182,0.047,,,
2683,2026-09-03,SZ300832,0.0076686936367884465,EXP_CatBoostModel_Alpha158_csi300_custom_step0_s_20260903_18,27943a357cdf40b6877d0492396b0182,0.047,,,
2684,2026-09-03,SZ300866,0.022615847794511472,EXP_CatBoostModel_Alpha158_csi300_custom_step0_s_20260903_18,27943a357cdf40b6877d0492396b0182,0.047,,,
2685,2026-09-03,SZ300896,-0.0023066989075762505,EXP_CatBoostModel_Alpha158_csi300_custom_step0_s_20260903_18,27943a357cdf40b6877d0492396b0182,0.047,,,
2686,2026-09-03,SZ300999,-0.004029397887600285,EXP_CatBoostModel_Alpha158_csi300_custom_step0_s_20260903_18,27943a357cdf40b6877d0492396b0182,0.047,,,
2687,2026-09-03,SZ301165,-0.005335624116680936,EXP_CatBoostModel_Alpha158_csi300_custom_step0_s_20260903_18,27943a357cdf40b6877d0492396b0182,0.047,,,
2688,2026-09-03,SZ301236,0.001042572341099684,EXP_CatBoostModel_Alpha158_csi300_custom_step0_s_20260903_18,27943a357cdf40b6877d0492396b0182,0.047,,,
2689,2026-09-03,SH600026,0.00019277752403172078,EXP_LGBModel_Alpha158_csi300_custom_step0_s_20260903_18,f8fd554d9a38492ba8d59f949ff8a132,0.054,,,
2690,2026-09-03,SH600025,0.0027566998060414316,EXP_LGBModel_Alpha158_csi300_custom_step0_s_20260903_18,f8fd554d9a38492ba8d59f949ff8a132,0.054,,,
2691,2026-09-03,SH600023,0.0027566998060414316,EXP_LGBModel_Alpha158_csi300_custom_step0_s_20260903_18,f8fd554d9a38492ba8d59f949ff8a132,0.054,,,
2692,2026-09-03,SH600019,0.0015090332033877872,EXP_LGBModel_Alpha158_csi300_custom_step0_s_20260903_18,f8fd554d9a38492ba8d59f949ff8a132,0.054,,,
2693,2026-09-03,SH600018,0.0027566998060414316,EXP_LGBModel_Alpha158_csi300_custom_step0_s_20260903_18,f8fd554d9a38492ba8d59f949ff8a132,0.054,,,
2694,2026-09-03,SH600016,0.0027566998060414316,EXP_LGBModel_Alpha158_csi300_custom_step0_s_20260903_18,f8fd554d9a38492ba8d59f949ff8a132,0.054,,,
2695,2026-09-03,SZ300418,-0.008296217292098233,EXP_CatBoostModel_Alpha158_csi300_custom_step0_s_20260903_18,27943a357cdf40b6877d0492396b0182,0.047,,,
2696,2026-09-03,SH600015,-9.741216403961211e-11,EXP_LGBModel_Alpha158_csi300_custom_step0_s_20260903_18,f8fd554d9a38492ba8d59f949ff8a132,0.054,,,
2697,2026-09-03,SH600010,0.0027566998060414316,EXP_LGBModel_Alpha158_csi300_custom_step0_s_20260903_18,f8fd554d9a38492ba8d59f949ff8a132,0.054,,,
2698,2026-09-03,SH600009,0.0027566998060414316,EXP_LGBModel_Alpha158_csi300_custom_step0_s_20260903_18,f8fd554d9a38492ba8d59f949ff8a132,0.054,,,
2699,2026-09-03,SH600000,-9.741216403961211e-11,EXP_LGBModel_Alpha158_csi300_custom_step0_s_20260903_18,f8fd554d9a38492ba8d59f949ff8a132,0.054,,,
2700,2026-09-03,SZ302132,-0.0042317973735420756,EXP_CatBoostModel_Alpha158_csi300_custom_step0_s_20260903_18,27943a357cdf40b6877d0492396b0182,0.047,,,
2701,2026-09-03,SZ301308,-0.012359710200427875,EXP_CatBoostModel_Alpha158_csi300_custom_step0_s_20260903_18,27943a357cdf40b6877d0492396b0182,0.047,,,
2702,2026-09-03,SZ301269,-0.014095854142561778,EXP_CatBoostModel_Alpha158_csi300_custom_step0_s_20260903_18,27943a357cdf40b6877d0492396b0182,0.047,,,
2703,2026-09-03,SH600011,0.0015090332033877872,EXP_LGBModel_Alpha158_csi300_custom_step0_s_20260903_18,f8fd554d9a38492ba8d59f949ff8a132,0.054,,,
2704,2026-09-03,SH600027,-9.741216403961211e-11,EXP_LGBModel_Alpha158_csi300_custom_step0_s_20260903_18,f8fd554d9a38492ba8d59f949ff8a132,0.054,,,
2705,2026-09-03,SZ300413,-6.416873843852677e-05,EXP_CatBoostModel_Alpha158_csi300_custom_step0_s_20260903_18,27943a357cdf40b6877d0492396b0182,0.047,,,
2706,2026-09-03,SZ300394,0.01081516174557997,EXP_CatBoostModel_Alpha158_csi300_custom_step0_s_20260903_18,27943a357cdf40b6877d0492396b0182,0.047,,,
2707,2026-09-03,SZ002422,-0.008010956421314212,EXP_CatBoostModel_Alpha158_csi300_custom_step0_s_20260903_18,27943a357cdf40b6877d0492396b0182,0.047,,,
2708,2026-09-03,SZ002460,-0.015095563971811521,EXP_CatBoostModel_Alpha158_csi300_custom_step0_s_20260903_18,27943a357cdf40b6877d0492396b0182,0.047,,,
2709,2026-09-03,SZ002463,-0.014095854142561778,EXP_CatBoostModel_Alpha158_csi300_custom_step0_s_20260903_18,27943a357cdf40b6877d0492396b0182,0.047,,,
2710,2026-09-03,SZ002466,-0.01560569988584017,EXP_CatBoostModel_Alpha158_csi300_custom_step0_s_20260903_18,27943a357cdf40b6877d0492396b0182,0.047,,,
2711,2026-09-03,SZ002475,-0.010380456962254543,EXP_CatBoostModel_Alpha158_csi300_custom_step0_s_20260903_18,27943a357cdf40b6877d0492396b0182,0.047,,,
2712,2026-09-03,SZ002493,-0.006314632194316461,EXP_CatBoostModel_Alpha158_csi300_custom_step0_s_20260903_18,27943a357cdf40b6877d0492396b0182,0.047,,,
2713,2026-09-03,SZ002532,-0.006715028882975489,EXP_CatBoostModel_Alpha158_csi300_custom_step0_s_20260903_18,27943a357cdf40b6877d0492396b0182,0.047,,,
2714,2026-09-03,SZ002558,-0.00951747742585015,EXP_CatBoostModel_Alpha158_csi300_custom_step0_s_20260903_18,27943a357cdf40b6877d0492396b0182,0.047,,,
2715,2026-09-03,SZ002594,-0.007696428918246019,EXP_CatBoostModel_Alpha158_csi300_custom_step0_s_20260903_18,27943a357cdf40b6877d0492396b0182,0.047,,,
2716,2026-09-03,SZ002600,-0.002605098431281758,EXP_CatBoostModel_Alpha158_csi300_custom_step0_s_20260903_18,27943a357cdf40b6877d0492396b0182,0.047,,,
2717,2026-09-03,SZ002602,0.00781446760615775,EXP_CatBoostModel_Alpha158_csi300_custom_step0_s_20260903_18,27943a357cdf40b6877d0492396b0182,0.047,,,
2718,2026-09-03,SZ002625,0.0014432866865411549,EXP_CatBoostModel_Alpha158_csi300_custom_step0_s_20260903_18,27943a357cdf40b6877d0492396b0182,0.047,,,
2719,2026-09-03,SZ002648,-0.004842981895925176,EXP_CatBoostModel_Alpha158_csi300_custom_step0_s_20260903_18,27943a357cdf40b6877d0492396b0182,0.047,,,
2720,2026-09-03,SZ002709,-0.014053761573762218,EXP_CatBoostModel_Alpha158_csi300_custom_step0_s_20260903_18,27943a357cdf40b6877d0492396b0182,0.047,,,
2721,2026-09-03,SZ002714,-0.007104917580184052,EXP_CatBoostModel_Alpha158_csi300_custom_step0_s_20260903_18,27943a357cdf40b6877d0492396b0182,0.047,,,
2722,2026-09-03,SZ002736,0.007952569326401726,EXP_CatBoostModel_Alpha158_csi300_custom_step0_s_20260903_18,27943a357cdf40b6877d0492396b0182,0.047,,,
2723,2026-09-03,SZ002837,0.0051313401578011435,EXP_CatBoostModel_Alpha158_csi300_custom_step0_s_20260903_18,27943a357cdf40b6877d0492396b0182,0.047,,,
2724,2026-09-03,SZ300316,-0.009261109898599278,EXP_CatBoostModel_Alpha158_csi300_custom_step0_s_20260903_18,27943a357cdf40b6877d0492396b0182,0.047,,,
2725,2026-09-03,SZ300308,-0.007401651271843671,EXP_CatBoostModel_Alpha158_csi300_custom_step0_s_20260903_18,27943a357cdf40b6877d0492396b0182,0.047,,,
2726,2026-09-03,SZ300274,0.03770814719513063,EXP_CatBoostModel_Alpha158_csi300_custom_step0_s_20260903_18,27943a357cdf40b6877d0492396b0182,0.047,,,
2727,2026-09-03,SZ300251,-0.012533013849937491,EXP_CatBoostModel_Alpha158_csi300_custom_step0_s_20260903_18,27943a357cdf40b6877d0492396b0182,0.047,,,
2728,2026-09-03,SZ300124,-0.010380456962254543,EXP_CatBoostModel_Alpha158_csi300_custom_step0_s_20260903_18,27943a357cdf40b6877d0492396b0182,0.047,,,
2729,2026-09-03,SZ300122,-0.009779213736250883,EXP_CatBoostModel_Alpha158_csi300_custom_step0_s_20260903_18,27943a357cdf40b6877d0492396b0182,0.047,,,
2730,2026-09-03,SZ300408,-0.007066688888910007,EXP_CatBoostModel_Alpha158_csi300_custom_step0_s_20260903_18,27943a357cdf40b6877d0492396b0182,0.047,,,
2731,2026-09-03,SZ300059,-0.001563391878027578,EXP_CatBoostModel_Alpha158_csi300_custom_step0_s_20260903_18,27943a357cdf40b6877d0492396b0182,0.047,,,
2732,2026-09-03,SZ300015,-0.0024339447235504283,EXP_CatBoostModel_Alpha158_csi300_custom_step0_s_20260903_18,27943a357cdf40b6877d0492396b0182,0.047,,,
2733,2026-09-03,SZ300014,-0.016419938046632804,EXP_CatBoostModel_Alpha158_csi300_custom_step0_s_20260903_18,27943a357cdf40b6877d0492396b0182,0.047,,,
2734,2026-09-03,SZ003816,-0.0003823727405471636,EXP_CatBoostModel_Alpha158_csi300_custom_step0_s_20260903_18,27943a357cdf40b6877d0492396b0182,0.047,,,
2735,2026-09-03,SZ002938,-0.012979421668632293,EXP_CatBoostModel_Alpha158_csi300_custom_step0_s_20260903_18,27943a357cdf40b6877d0492396b0182,0.047,,,
2736,2026-09-03,SZ002920,-0.006069292822335492,EXP_CatBoostModel_Alpha158_csi300_custom_step0_s_20260903_18,27943a357cdf40b6877d0492396b0182,0.047,,,
2737,2026-09-03,SZ002916,-0.012979421668632293,EXP_CatBoostModel_Alpha158_csi300_custom_step0_s_20260903_18,27943a357cdf40b6877d0492396b0182,0.047,,,
2738,2026-09-03,SZ300033,-0.014904897940402657,EXP_CatBoostModel_Alpha158_csi300_custom_step0_s_20260903_18,27943a357cdf40b6877d0492396b0182,0.047,,,
2739,2026-09-03,SH600028,0.002707912785173431,EXP_LGBModel_Alpha158_csi300_custom_step0_s_20260903_18,f8fd554d9a38492ba8d59f949ff8a132,0.054,,,
2740,2026-09-03,SH600029,0.0027566998060414316,EXP_LGBModel_Alpha158_csi300_custom_step0_s_20260903_18,f8fd554d9a38492ba8d59f949ff8a132,0.054,,,
2741,2026-09-03,SH600030,0.0027566998060414316,EXP_LGBModel_Alpha158_csi300_custom_step0_s_20260903_18,f8fd554d9a38492ba8d59f949ff8a132,0.054,,,
2742,2026-09-03,SH600519,0.0027566998060414316,EXP_LGBModel_Alpha158_csi300_custom_step0_s_20260903_18,f8fd554d9a38492ba8d59f949ff8a132,0.054,,,
2743,2026-09-03,SH600522,-9.741216403961211e-11,EXP_LGBModel_Alpha158_csi300_custom_step0_s_20260903_18,f8fd554d9a38492ba8d59f949ff8a132,0.054,,,
2744,2026-09-03,SH600547,-0.002703570434701696,EXP_LGBModel_Alpha158_csi300_custom_step0_s_20260903_18,f8fd554d9a38492ba8d59f949ff8a132,0.054,,,
2745,2026-09-03,SH600549,-9.741216403961211e-11,EXP_LGBModel_Alpha158_csi300_custom_step0_s_20260903_18,f8fd554d9a38492ba8d59f949ff8a132,0.054,,,
2746,2026-09-03,SH600570,-9.741216403961211e-11,EXP_LGBModel_Alpha158_csi300_custom_step0_s_20260903_18,f8fd554d9a38492ba8d59f949ff8a132,0.054,,,
2747,2026-09-03,SH600584,0.0016771472628307347,EXP_LGBModel_Alpha158_csi300_custom_step0_s_20260903_18,f8fd554d9a38492ba8d59f949ff8a132,0.054,,,
2748,2026-09-03,SH600585,0.0027566998060414316,EXP_LGBModel_Alpha158_csi300_custom_step0_s_20260903_18,f8fd554d9a38492ba8d59f949ff8a132,0.054,,,
2749,2026-09-03,SH600588,-9.741216403961211e-11,EXP_LGBModel_Alpha158_csi300_custom_step0_s_20260903_18,f8fd554d9a38492ba8d59f949ff8a132,0.054,,,
2750,2026-09-03,SH600600,-0.0017742003026017731,EXP_LGBModel_Alpha158_csi300_custom_step0_s_20260903_18,f8fd554d9a38492ba8d59f949ff8a132,0.054,,,
2751,2026-09-03,SH600660,0.0027566998060414316,EXP_LGBModel_Alpha158_csi300_custom_step0_s_20260903_18,f8fd554d9a38492ba8d59f949ff8a132,0.054,,,
2752,2026-09-03,SH600674,0.0027566998060414316,EXP_LGBModel_Alpha158_csi300_custom_step0_s_20260903_18,f8fd554d9a38492ba8d59f949ff8a132,0.054,,,
2753,2026-09-03,SH600690,0.0027566998060414316,EXP_LGBModel_Alpha158_csi300_custom_step0_s_20260903_18,f8fd554d9a38492ba8d59f949ff8a132,0.054,,,
2754,2026-09-03,SH600741,0.0015090332033877872,EXP_LGBModel_Alpha158_csi300_custom_step0_s_20260903_18,f8fd554d9a38492ba8d59f949ff8a132,0.054,,,
2755,2026-09-03,SH600760,-9.741216403961211e-11,EXP_LGBModel_Alpha158_csi300_custom_step0_s_20260903_18,f8fd554d9a38492ba8d59f949ff8a132,0.054,,,
2756,2026-09-03,SH600795,-0.0011860843156781015,EXP_LGBModel_Alpha158_csi300_custom_step0_s_20260903_18,f8fd554d9a38492ba8d59f949ff8a132,0.054,,,
2757,2026-09-03,SH600803,-9.741216403961211e-11,EXP_LGBModel_Alpha158_csi300_custom_step0_s_20260903_18,f8fd554d9a38492ba8d59f949ff8a132,0.054,,,
2758,2026-09-03,SH600809,-9.741216403961211e-11,EXP_LGBModel_Alpha158_csi300_custom_step0_s_20260903_18,f8fd554d9a38492ba8d59f949ff8a132,0.054,,,
2759,2026-09-03,SH600958,0.0027566998060414316,EXP_LGBModel_Alpha158_csi300_custom_step0_s_20260903_18,f8fd554d9a38492ba8d59f949ff8a132,0.054,,,
2760,2026-09-03,SH600941,0.0027566998060414316,EXP_LGBModel_Alpha158_csi300_custom_step0_s_20260903_18,f8fd554d9a38492ba8d59f949ff8a132,0.054,,,
2761,2026-09-03,SH600938,0.002707912785173431,EXP_LGBModel_Alpha158_csi300_custom_step0_s_20260903_18,f8fd554d9a38492ba8d59f949ff8a132,0.054,,,
2762,2026-09-03,SH600930,-9.741216403961211e-11,EXP_LGBModel_Alpha158_csi300_custom_step0_s_20260903_18,f8fd554d9a38492ba8d59f949ff8a132,0.054,,,
2763,2026-09-03,SH600926,0.0015090332033877872,EXP_LGBModel_Alpha158_csi300_custom_step0_s_20260903_18,f8fd554d9a38492ba8d59f949ff8a132,0.054,,,
2764,2026-09-03,SH600919,0.0027566998060414316,EXP_LGBModel_Alpha158_csi300_custom_step0_s_20260903_18,f8fd554d9a38492ba8d59f949ff8a132,0.054,,,
2765,2026-09-03,SH600515,-0.000747984335798866,EXP_LGBModel_Alpha158_csi300_custom_step0_s_20260903_18,f8fd554d9a38492ba8d59f949ff8a132,0.054,,,
2766,2026-09-03,SH600918,0.0027566998060414316,EXP_LGBModel_Alpha158_csi300_custom_step0_s_20260903_18,f8fd554d9a38492ba8d59f949ff8a132,0.054,,,
2767,2026-09-03,SH600900,0.0027566998060414316,EXP_LGBModel_Alpha158_csi300_custom_step0_s_20260903_18,f8fd554d9a38492ba8d59f949ff8a132,0.054,,,
2768,2026-09-03,SH600893,-0.0011860843156781015,EXP_LGBModel_Alpha158_csi300_custom_step0_s_20260903_18,f8fd554d9a38492ba8d59f949ff8a132,0.054,,,
2769,2026-09-03,SH600887,0.0015090332033877872,EXP_LGBModel_Alpha158_csi300_custom_step0_s_20260903_18,f8fd554d9a38492ba8d59f949ff8a132,0.054,,,
2770,2026-09-03,SH600886,0.0015090332033877872,EXP_LGBModel_Alpha158_csi300_custom_step0_s_20260903_18,f8fd554d9a38492ba8d59f949ff8a132,0.054,,,
2771,2026-09-03,SH600875,-0.0017742003026017731,EXP_LGBModel_Alpha158_csi300_custom_step0_s_20260903_18,f8fd554d9a38492ba8d59f949ff8a132,0.054,,,
2772,2026-09-03,SH600845,-9.741216403961211e-11,EXP_LGBModel_Alpha158_csi300_custom_step0_s_20260903_18,f8fd554d9a38492ba8d59f949ff8a132,0.054,,,
2773,2026-09-03,SH600905,0.0027566998060414316,EXP_LGBModel_Alpha158_csi300_custom_step0_s_20260903_18,f8fd554d9a38492ba8d59f949ff8a132,0.054,,,
2774,2026-09-03,SH600489,-0.002703570434701696,EXP_LGBModel_Alpha158_csi300_custom_step0_s_20260903_18,f8fd554d9a38492ba8d59f949ff8a132,0.054,,,
2775,2026-09-03,SH600482,-0.002703570434701696,EXP_LGBModel_Alpha158_csi300_custom_step0_s_20260903_18,f8fd554d9a38492ba8d59f949ff8a132,0.054,,,
2776,2026-09-03,SH600460,-9.727146918375524e-05,EXP_LGBModel_Alpha158_csi300_custom_step0_s_20260903_18,f8fd554d9a38492ba8d59f949ff8a132,0.054,,,
2777,2026-09-03,SH600150,-9.741216403961211e-11,EXP_LGBModel_Alpha158_csi300_custom_step0_s_20260903_18,f8fd554d9a38492ba8d59f949ff8a132,0.054,,,
2778,2026-09-03,SH600118,0.0016771472628307347,EXP_LGBModel_Alpha158_csi300_custom_step0_s_20260903_18,f8fd554d9a38492ba8d59f949ff8a132,0.054,,,
2779,2026-09-03,SH600115,-9.727146918375524e-05,EXP_LGBModel_Alpha158_csi300_custom_step0_s_20260903_18,f8fd554d9a38492ba8d59f949ff8a132,0.054,,,
2780,2026-09-03,SH600111,-9.741216403961211e-11,EXP_LGBModel_Alpha158_csi300_custom_step0_s_20260903_18,f8fd554d9a38492ba8d59f949ff8a132,0.054,,,
2781,2026-09-03,SH600104,0.0015090332033877872,EXP_LGBModel_Alpha158_csi300_custom_step0_s_20260903_18,f8fd554d9a38492ba8d59f949ff8a132,0.054,,,
2782,2026-09-03,SH600089,-0.0017742003026017731,EXP_LGBModel_Alpha158_csi300_custom_step0_s_20260903_18,f8fd554d9a38492ba8d59f949ff8a132,0.054,,,
2783,2026-09-03,SH600160,-9.741216403961211e-11,EXP_LGBModel_Alpha158_csi300_custom_step0_s_20260903_18,f8fd554d9a38492ba8d59f949ff8a132,0.054,,,
2784,2026-09-03,SH600085,-0.0017742003026017731,EXP_LGBModel_Alpha158_csi300_custom_step0_s_20260903_18,f8fd554d9a38492ba8d59f949ff8a132,0.054,,,
2785,2026-09-03,SH600061,0.0027566998060414316,EXP_LGBModel_Alpha158_csi300_custom_step0_s_20260903_18,f8fd554d9a38492ba8d59f949ff8a132,0.054,,,
2786,2026-09-03,SH600050,0.0027566998060414316,EXP_LGBModel_Alpha158_csi300_custom_step0_s_20260903_18,f8fd554d9a38492ba8d59f949ff8a132,0.054,,,
2787,2026-09-03,SH600048,0.0010145067352725072,EXP_LGBModel_Alpha158_csi300_custom_step0_s_20260903_18,f8fd554d9a38492ba8d59f949ff8a132,0.054,,,
2788,2026-09-03,SH600039,-0.002703570434701696,EXP_LGBModel_Alpha158_csi300_custom_step0_s_20260903_18,f8fd554d9a38492ba8d59f949ff8a132,0.054,,,
2789,2026-09-03,SH600036,0.0027566998060414316,EXP_LGBModel_Alpha158_csi300_custom_step0_s_20260903_18,f8fd554d9a38492ba8d59f949ff8a132,0.054,,,
2790,2026-09-03,SH600031,0.0015090332033877872,EXP_LGBModel_Alpha158_csi300_custom_step0_s_20260903_18,f8fd554d9a38492ba8d59f949ff8a132,0.054,,,
2791,2026-09-03,SH600066,-0.000747984335798866,EXP_LGBModel_Alpha158_csi300_custom_step0_s_20260903_18,f8fd554d9a38492ba8d59f949ff8a132,0.054,,,
2792,2026-09-03,SZ002384,-0.0162094015841262,EXP_CatBoostModel_Alpha158_csi300_custom_step0_s_20260903_18,27943a357cdf40b6877d0492396b0182,0.047,,,
2793,2026-09-03,SH600176,0.0016771472628307347,EXP_LGBModel_Alpha158_csi300_custom_step0_s_20260903_18,f8fd554d9a38492ba8d59f949ff8a132,0.054,,,
2794,2026-09-03,SH600188,0.002707912785173431,EXP_LGBModel_Alpha158_csi300_custom_step0_s_20260903_18,f8fd554d9a38492ba8d59f949ff8a132,0.054,,,
2795,2026-09-03,SH600438,-9.741216403961211e-11,EXP_LGBModel_Alpha158_csi300_custom_step0_s_20260903_18,f8fd554d9a38492ba8d59f949ff8a132,0.054,,,
2796,2026-09-03,SH600436,-9.741216403961211e-11,EXP_LGBModel_Alpha158_csi300_custom_step0_s_20260903_18,f8fd554d9a38492ba8d59f949ff8a132,0.054,,,
2797,2026-09-03,SH600426,-0.0029233137243777976,EXP_LGBModel_Alpha158_csi300_custom_step0_s_20260903_18,f8fd554d9a38492ba8d59f949ff8a132,0.054,,,
2798,2026-09-03,SH600415,-0.002703570434701696,EXP_LGBModel_Alpha158_csi300_custom_step0_s_20260903_18,f8fd554d9a38492ba8d59f949ff8a132,0.054,,,
2799,2026-09-03,SH600406,-0.0017742003026017731,EXP_LGBModel_Alpha158_csi300_custom_step0_s_20260903_18,f8fd554d9a38492ba8d59f949ff8a132,0.054,,,
2800,2026-09-03,SH600372,0.0027566998060414316,EXP_LGBModel_Alpha158_csi300_custom_step0_s_20260903_18,f8fd554d9a38492ba8d59f949ff8a132,0.054,,,
2801,2026-09-03,SH600183,0.0016771472628307347,EXP_LGBModel_Alpha158_csi300_custom_step0_s_20260903_18,f8fd554d9a38492ba8d59f949ff8a132,0.054,,,
2802,2026-09-03,SH600362,-0.002703570434701696,EXP_LGBModel_Alpha158_csi300_custom_step0_s_20260903_18,f8fd554d9a38492ba8d59f949ff8a132,0.054,,,
2803,2026-09-03,SH600309,0.0027566998060414316,EXP_LGBModel_Alpha158_csi300_custom_step0_s_20260903_18,f8fd554d9a38492ba8d59f949ff8a132,0.054,,,
2804,2026-09-03,SH600276,-9.741216403961211e-11,EXP_LGBModel_Alpha158_csi300_custom_step0_s_20260903_18,f8fd554d9a38492ba8d59f949ff8a132,0.054,,,
2805,2026-09-03,SH600233,0.00019277752403172078,EXP_LGBModel_Alpha158_csi300_custom_step0_s_20260903_18,f8fd554d9a38492ba8d59f949ff8a132,0.054,,,
2806,2026-09-03,SH600221,0.0027566998060414316,EXP_LGBModel_Alpha158_csi300_custom_step0_s_20260903_18,f8fd554d9a38492ba8d59f949ff8a132,0.054,,,
2807,2026-09-03,SH600219,0.0015090332033877872,EXP_LGBModel_Alpha158_csi300_custom_step0_s_20260903_18,f8fd554d9a38492ba8d59f949ff8a132,0.054,,,
2808,2026-09-03,SH600196,-9.741216403961211e-11,EXP_LGBModel_Alpha158_csi300_custom_step0_s_20260903_18,f8fd554d9a38492ba8d59f949ff8a132,0.054,,,
2809,2026-09-03,SH600346,-0.002703570434701696,EXP_LGBModel_Alpha158_csi300_custom_step0_s_20260903_18,f8fd554d9a38492ba8d59f949ff8a132,0.054,,,
2810,2026-09-03,SZ002916,-0.0011604430105327597,EXP_CatBoostModel_Alpha158_csi300_custom_step0_s_20260903_18,b2898ead8a4b4bdcbbe4fe4f7b850bb0,0.078,,,
2811,2026-09-03,SZ002837,-0.0002971580626408852,EXP_CatBoostModel_Alpha158_csi300_custom_step0_s_20260903_18,b2898ead8a4b4bdcbbe4fe4f7b850bb0,0.078,,,
2812,2026-09-03,SZ002736,0.002614477832524275,EXP_CatBoostModel_Alpha158_csi300_custom_step0_s_20260903_18,b2898ead8a4b4bdcbbe4fe4f7b850bb0,0.078,,,
2813,2026-09-03,SH688111,-0.0010991171584125686,EXP_CatBoostModel_Alpha158_csi300_custom_step0_s_20260903_18,0f2a89b25043409f82399b334300ed46,0.061,,,
2814,2026-09-03,SH688126,-0.0010991171584125686,EXP_CatBoostModel_Alpha158_csi300_custom_step0_s_20260903_18,0f2a89b25043409f82399b334300ed46,0.061,,,
2815,2026-09-03,SH688183,-0.0010991171584125686,EXP_CatBoostModel_Alpha158_csi300_custom_step0_s_20260903_18,0f2a89b25043409f82399b334300ed46,0.061,,,
2816,2026-09-03,SH688223,-0.0010991171584125686,EXP_CatBoostModel_Alpha158_csi300_custom_step0_s_20260903_18,0f2a89b25043409f82399b334300ed46,0.061,,,
2817,2026-09-03,SH688256,-0.0010991171584125686,EXP_CatBoostModel_Alpha158_csi300_custom_step0_s_20260903_18,0f2a89b25043409f82399b334300ed46,0.061,,,
2818,2026-09-03,SH688271,-4.6215852034248626e-05,EXP_CatBoostModel_Alpha158_csi300_custom_step0_s_20260903_18,0f2a89b25043409f82399b334300ed46,0.061,,,
2819,2026-09-03,SH688303,-0.0010991171584125686,EXP_CatBoostModel_Alpha158_csi300_custom_step0_s_20260903_18,0f2a89b25043409f82399b334300ed46,0.061,,,
2820,2026-09-03,SH688396,-0.0010991171584125686,EXP_CatBoostModel_Alpha158_csi300_custom_step0_s_20260903_18,0f2a89b25043409f82399b334300ed46,0.061,,,
2821,2026-09-03,SH688472,-4.6215852034248626e-05,EXP_CatBoostModel_Alpha158_csi300_custom_step0_s_20260903_18,0f2a89b25043409f82399b334300ed46,0.061,,,
2822,2026-09-03,SH688506,-4.6215852034248626e-05,EXP_CatBoostModel_Alpha158_csi300_custom_step0_s_20260903_18,0f2a89b25043409f82399b334300ed46,0.061,,,
2823,2026-09-03,SH688521,-0.0010991171584125686,EXP_CatBoostModel_Alpha158_csi300_custom_step0_s_20260903_18,0f2a89b25043409f82399b334300ed46,0.061,,,
2824,2026-09-03,SH688981,-4.6215852034248626e-05,EXP_CatBoostModel_Alpha158_csi300_custom_step0_s_20260903_18,0f2a89b25043409f82399b334300ed46,0.061,,,
2825,2026-09-03,SZ000001,0.004963452422207527,EXP_CatBoostModel_Alpha158_csi300_custom_step0_s_20260903_18,0f2a89b25043409f82399b334300ed46,0.061,,,
2826,2026-09-03,SZ000002,0.001598482725825172,EXP_CatBoostModel_Alpha158_csi300_custom_step0_s_20260903_18,0f2a89b25043409f82399b334300ed46,0.061,,,
2827,2026-09-03,SZ000063,0.0004014889937860261,EXP_CatBoostModel_Alpha158_csi300_custom_step0_s_20260903_18,0f2a89b25043409f82399b334300ed46,0.061,,,
2828,2026-09-03,SZ000100,-0.0010991171584125686,EXP_CatBoostModel_Alpha158_csi300_custom_step0_s_20260903_18,0f2a89b25043409f82399b334300ed46,0.061,,,
2829,2026-09-03,SZ000157,-4.6215852034248626e-05,EXP_CatBoostModel_Alpha158_csi300_custom_step0_s_20260903_18,0f2a89b25043409f82399b334300ed46,0.061,,,
2830,2026-09-03,SZ000657,-0.0010991171584125686,EXP_CatBoostModel_Alpha158_csi300_custom_step0_s_20260903_18,0f2a89b25043409f82399b334300ed46,0.061,,,
2831,2026-09-03,SZ000651,0.002798111511823993,EXP_CatBoostModel_Alpha158_csi300_custom_step0_s_20260903_18,0f2a89b25043409f82399b334300ed46,0.061,,,
2832,2026-09-03,SZ000630,-0.0010991171584125686,EXP_CatBoostModel_Alpha158_csi300_custom_step0_s_20260903_18,0f2a89b25043409f82399b334300ed46,0.061,,,
2833,2026-09-03,SZ000625,-0.0010991171584125686,EXP_CatBoostModel_Alpha158_csi300_custom_step0_s_20260903_18,0f2a89b25043409f82399b334300ed46,0.061,,,
2834,2026-09-03,SZ000617,0.0007297587346991725,EXP_CatBoostModel_Alpha158_csi300_custom_step0_s_20260903_18,0f2a89b25043409f82399b334300ed46,0.061,,,
2835,2026-09-03,SZ000596,-0.0021803672711266796,EXP_CatBoostModel_Alpha158_csi300_custom_step0_s_20260903_18,0f2a89b25043409f82399b334300ed46,0.061,,,
2836,2026-09-03,SH688082,-0.0010991171584125686,EXP_CatBoostModel_Alpha158_csi300_custom_step0_s_20260903_18,0f2a89b25043409f82399b334300ed46,0.061,,,
2837,2026-09-03,SZ000568,-0.0010991171584125686,EXP_CatBoostModel_Alpha158_csi300_custom_step0_s_20260903_18,0f2a89b25043409f82399b334300ed46,0.061,,,
2838,2026-09-03,SZ000425,-4.6215852034248626e-05,EXP_CatBoostModel_Alpha158_csi300_custom_step0_s_20260903_18,0f2a89b25043409f82399b334300ed46,0.061,,,
2839,2026-09-03,SZ000408,-0.0010991171584125686,EXP_CatBoostModel_Alpha158_csi300_custom_step0_s_20260903_18,0f2a89b25043409f82399b334300ed46,0.061,,,
2840,2026-09-03,SZ000338,-0.0010991171584125686,EXP_CatBoostModel_Alpha158_csi300_custom_step0_s_20260903_18,0f2a89b25043409f82399b334300ed46,0.061,,,
2841,2026-09-03,SZ000333,0.004963452422207527,EXP_CatBoostModel_Alpha158_csi300_custom_step0_s_20260903_18,0f2a89b25043409f82399b334300ed46,0.061,,,
2842,2026-09-03,SZ000301,-0.0021803672711266796,EXP_CatBoostModel_Alpha158_csi300_custom_step0_s_20260903_18,0f2a89b25043409f82399b334300ed46,0.061,,,
2843,2026-09-03,SZ000166,0.001992346026750403,EXP_CatBoostModel_Alpha158_csi300_custom_step0_s_20260903_18,0f2a89b25043409f82399b334300ed46,0.061,,,
2844,2026-09-03,SZ000538,0.001992346026750403,EXP_CatBoostModel_Alpha158_csi300_custom_step0_s_20260903_18,0f2a89b25043409f82399b334300ed46,0.061,,,
2845,2026-09-03,SZ000708,-4.6215852034248626e-05,EXP_CatBoostModel_Alpha158_csi300_custom_step0_s_20260903_18,0f2a89b25043409f82399b334300ed46,0.061,,,
2846,2026-09-03,SH688072,-0.0010991171584125686,EXP_CatBoostModel_Alpha158_csi300_custom_step0_s_20260903_18,0f2a89b25043409f82399b334300ed46,0.061,,,
2847,2026-09-03,SH688041,-4.6215852034248626e-05,EXP_CatBoostModel_Alpha158_csi300_custom_step0_s_20260903_18,0f2a89b25043409f82399b334300ed46,0.061,,,
2848,2026-09-03,SH601878,0.002217018359442634,EXP_CatBoostModel_Alpha158_csi300_custom_step0_s_20260903_18,0f2a89b25043409f82399b334300ed46,0.061,,,
2849,2026-09-03,SH601881,0.001992346026750403,EXP_CatBoostModel_Alpha158_csi300_custom_step0_s_20260903_18,0f2a89b25043409f82399b334300ed46,0.061,,,
2850,2026-09-03,SH601888,-0.0010991171584125686,EXP_CatBoostModel_Alpha158_csi300_custom_step0_s_20260903_18,0f2a89b25043409f82399b334300ed46,0.061,,,
2851,2026-09-03,SH601898,-0.0010991171584125686,EXP_CatBoostModel_Alpha158_csi300_custom_step0_s_20260903_18,0f2a89b25043409f82399b334300ed46,0.061,,,
2852,2026-09-03,SH601899,0.0007297587346991725,EXP_CatBoostModel_Alpha158_csi300_custom_step0_s_20260903_18,0f2a89b25043409f82399b334300ed46,0.061,,,
2853,2026-09-03,SH601901,0.002217018359442634,EXP_CatBoostModel_Alpha158_csi300_custom_step0_s_20260903_18,0f2a89b25043409f82399b334300ed46,0.061,,,
2854,2026-09-03,SH601916,0.003978835686471357,EXP_CatBoostModel_Alpha158_csi300_custom_step0_s_20260903_18,0f2a89b25043409f82399b334300ed46,0.061,,,
2855,2026-09-03,SH601919,0.0007297587346991725,EXP_CatBoostModel_Alpha158_csi300_custom_step0_s_20260903_18,0f2a89b25043409f82399b334300ed46,0.061,,,
2856,2026-09-03,SH601939,0.0007297587346991725,EXP_CatBoostModel_Alpha158_csi300_custom_step0_s_20260903_18,0f2a89b25043409f82399b334300ed46,0.061,,,
2857,2026-09-03,SH601985,0.003978835686471357,EXP_CatBoostModel_Alpha158_csi300_custom_step0_s_20260903_18,0f2a89b25043409f82399b334300ed46,0.061,,,
2858,2026-09-03,SH601988,0.001598482725825172,EXP_CatBoostModel_Alpha158_csi300_custom_step0_s_20260903_18,0f2a89b25043409f82399b334300ed46,0.061,,,
2859,2026-09-03,SH601995,0.00014338859511424748,EXP_CatBoostModel_Alpha158_csi300_custom_step0_s_20260903_18,0f2a89b25043409f82399b334300ed46,0.061,,,
2860,2026-09-03,SH601998,-0.0021803672711266796,EXP_CatBoostModel_Alpha158_csi300_custom_step0_s_20260903_18,0f2a89b25043409f82399b334300ed46,0.061,,,
2861,2026-09-03,SH603019,-4.6215852034248626e-05,EXP_CatBoostModel_Alpha158_csi300_custom_step0_s_20260903_18,0f2a89b25043409f82399b334300ed46,0.061,,,
2862,2026-09-03,SH603259,-0.0021803672711266796,EXP_CatBoostModel_Alpha158_csi300_custom_step0_s_20260903_18,0f2a89b25043409f82399b334300ed46,0.061,,,
2863,2026-09-03,SH603260,-0.0010991171584125686,EXP_CatBoostModel_Alpha158_csi300_custom_step0_s_20260903_18,0f2a89b25043409f82399b334300ed46,0.061,,,
2864,2026-09-03,SH603288,-4.6215852034248626e-05,EXP_CatBoostModel_Alpha158_csi300_custom_step0_s_20260903_18,0f2a89b25043409f82399b334300ed46,0.061,,,
2865,2026-09-03,SH688036,-0.0010991171584125686,EXP_CatBoostModel_Alpha158_csi300_custom_step0_s_20260903_18,0f2a89b25043409f82399b334300ed46,0.061,,,
2866,2026-09-03,SH688012,-0.0010991171584125686,EXP_CatBoostModel_Alpha158_csi300_custom_step0_s_20260903_18,0f2a89b25043409f82399b334300ed46,0.061,,,
2867,2026-09-03,SH688009,0.0038567655728003196,EXP_CatBoostModel_Alpha158_csi300_custom_step0_s_20260903_18,0f2a89b25043409f82399b334300ed46,0.061,,,
2868,2026-09-03,SH688008,-0.003741135148112515,EXP_CatBoostModel_Alpha158_csi300_custom_step0_s_20260903_18,0f2a89b25043409f82399b334300ed46,0.061,,,
2869,2026-09-03,SH605499,-0.0010991171584125686,EXP_CatBoostModel_Alpha158_csi300_custom_step0_s_20260903_18,0f2a89b25043409f82399b334300ed46,0.061,,,
2870,2026-09-03,SH605117,-0.0010991171584125686,EXP_CatBoostModel_Alpha158_csi300_custom_step0_s_20260903_18,0f2a89b25043409f82399b334300ed46,0.061,,,
2871,2026-09-03,SH688047,-0.0010991171584125686,EXP_CatBoostModel_Alpha158_csi300_custom_step0_s_20260903_18,0f2a89b25043409f82399b334300ed46,0.061,,,
2872,2026-09-03,SH603993,-0.0010991171584125686,EXP_CatBoostModel_Alpha158_csi300_custom_step0_s_20260903_18,0f2a89b25043409f82399b334300ed46,0.061,,,
2873,2026-09-03,SH603893,-0.0010991171584125686,EXP_CatBoostModel_Alpha158_csi300_custom_step0_s_20260903_18,0f2a89b25043409f82399b334300ed46,0.061,,,
2874,2026-09-03,SH603799,-0.0010991171584125686,EXP_CatBoostModel_Alpha158_csi300_custom_step0_s_20260903_18,0f2a89b25043409f82399b334300ed46,0.061,,,
2875,2026-09-03,SH603501,-4.6215852034248626e-05,EXP_CatBoostModel_Alpha158_csi300_custom_step0_s_20260903_18,0f2a89b25043409f82399b334300ed46,0.061,,,
2876,2026-09-03,SH603392,-0.0010991171584125686,EXP_CatBoostModel_Alpha158_csi300_custom_step0_s_20260903_18,0f2a89b25043409f82399b334300ed46,0.061,,,
2877,2026-09-03,SH603369,-0.0021803672711266796,EXP_CatBoostModel_Alpha158_csi300_custom_step0_s_20260903_18,0f2a89b25043409f82399b334300ed46,0.061,,,
2878,2026-09-03,SH603296,-0.0010991171584125686,EXP_CatBoostModel_Alpha158_csi300_custom_step0_s_20260903_18,0f2a89b25043409f82399b334300ed46,0.061,,,
2879,2026-09-03,SH603986,-0.0010991171584125686,EXP_CatBoostModel_Alpha158_csi300_custom_step0_s_20260903_18,0f2a89b25043409f82399b334300ed46,0.061,,,
2880,2026-09-03,SH601877,-0.0010991171584125686,EXP_CatBoostModel_Alpha158_csi300_custom_step0_s_20260903_18,0f2a89b25043409f82399b334300ed46,0.061,,,
2881,2026-09-03,SZ000725,-0.0010991171584125686,EXP_CatBoostModel_Alpha158_csi300_custom_step0_s_20260903_18,0f2a89b25043409f82399b334300ed46,0.061,,,
2882,2026-09-03,SZ000776,0.001992346026750403,EXP_CatBoostModel_Alpha158_csi300_custom_step0_s_20260903_18,0f2a89b25043409f82399b334300ed46,0.061,,,
2883,2026-09-03,SZ002463,-0.0010991171584125686,EXP_CatBoostModel_Alpha158_csi300_custom_step0_s_20260903_18,0f2a89b25043409f82399b334300ed46,0.061,,,
2884,2026-09-03,SZ002466,-0.0010991171584125686,EXP_CatBoostModel_Alpha158_csi300_custom_step0_s_20260903_18,0f2a89b25043409f82399b334300ed46,0.061,,,
2885,2026-09-03,SZ002475,-0.0010991171584125686,EXP_CatBoostModel_Alpha158_csi300_custom_step0_s_20260903_18,0f2a89b25043409f82399b334300ed46,0.061,,,
2886,2026-09-03,SZ002493,-0.0021803672711266796,EXP_CatBoostModel_Alpha158_csi300_custom_step0_s_20260903_18,0f2a89b25043409f82399b334300ed46,0.061,,,
2887,2026-09-03,SZ002532,0.001598482725825172,EXP_CatBoostModel_Alpha158_csi300_custom_step0_s_20260903_18,0f2a89b25043409f82399b334300ed46,0.061,,,
2888,2026-09-03,SZ002558,-0.0010991171584125686,EXP_CatBoostModel_Alpha158_csi300_custom_step0_s_20260903_18,0f2a89b25043409f82399b334300ed46,0.061,,,
2889,2026-09-03,SZ002594,-0.0010991171584125686,EXP_CatBoostModel_Alpha158_csi300_custom_step0_s_20260903_18,0f2a89b25043409f82399b334300ed46,0.061,,,
2890,2026-09-03,SZ002600,0.001992346026750403,EXP_CatBoostModel_Alpha158_csi300_custom_step0_s_20260903_18,0f2a89b25043409f82399b334300ed46,0.061,,,
2891,2026-09-03,SZ002602,0.001598482725825172,EXP_CatBoostModel_Alpha158_csi300_custom_step0_s_20260903_18,0f2a89b25043409f82399b334300ed46,0.061,,,
2892,2026-09-03,SZ002625,-0.0010991171584125686,EXP_CatBoostModel_Alpha158_csi300_custom_step0_s_20260903_18,0f2a89b25043409f82399b334300ed46,0.061,,,
2893,2026-09-03,SZ002648,0.0007297587346991725,EXP_CatBoostModel_Alpha158_csi300_custom_step0_s_20260903_18,0f2a89b25043409f82399b334300ed46,0.061,,,
2894,2026-09-03,SZ002709,-0.003741135148112515,EXP_CatBoostModel_Alpha158_csi300_custom_step0_s_20260903_18,0f2a89b25043409f82399b334300ed46,0.061,,,
2895,2026-09-03,SZ002714,0.0007297587346991725,EXP_CatBoostModel_Alpha158_csi300_custom_step0_s_20260903_18,0f2a89b25043409f82399b334300ed46,0.061,,,
2896,2026-09-03,SZ002736,0.001992346026750403,EXP_CatBoostModel_Alpha158_csi300_custom_step0_s_20260903_18,0f2a89b25043409f82399b334300ed46,0.061,,,
2897,2026-09-03,SZ002837,-0.0010991171584125686,EXP_CatBoostModel_Alpha158_csi300_custom_step0_s_20260903_18,0f2a89b25043409f82399b334300ed46,0.061,,,
2898,2026-09-03,SZ002916,-0.0010991171584125686,EXP_CatBoostModel_Alpha158_csi300_custom_step0_s_20260903_18,0f2a89b25043409f82399b334300ed46,0.061,,,
2899,2026-09-03,SZ002920,0.0007297587346991725,EXP_CatBoostModel_Alpha158_csi300_custom_step0_s_20260903_18,0f2a89b25043409f82399b334300ed46,0.061,,,
2900,2026-09-03,SZ300408,-0.0010991171584125686,EXP_CatBoostModel_Alpha158_csi300_custom_step0_s_20260903_18,0f2a89b25043409f82399b334300ed46,0.061,,,
2901,2026-09-03,SZ300394,-0.0010991171584125686,EXP_CatBoostModel_Alpha158_csi300_custom_step0_s_20260903_18,0f2a89b25043409f82399b334300ed46,0.061,,,
2902,2026-09-03,SZ300316,-0.0010991171584125686,EXP_CatBoostModel_Alpha158_csi300_custom_step0_s_20260903_18,0f2a89b25043409f82399b334300ed46,0.061,,,
2903,2026-09-03,SZ300308,-4.6215852034248626e-05,EXP_CatBoostModel_Alpha158_csi300_custom_step0_s_20260903_18,0f2a89b25043409f82399b334300ed46,0.061,,,
2904,2026-09-03,SZ300274,0.0006350856254480011,EXP_CatBoostModel_Alpha158_csi300_custom_step0_s_20260903_18,0f2a89b25043409f82399b334300ed46,0.061,,,
2905,2026-09-03,SZ300251,-0.0010991171584125686,EXP_CatBoostModel_Alpha158_csi300_custom_step0_s_20260903_18,0f2a89b25043409f82399b334300ed46,0.061,,,
2906,2026-09-03,SZ002460,-0.0010991171584125686,EXP_CatBoostModel_Alpha158_csi300_custom_step0_s_20260903_18,0f2a89b25043409f82399b334300ed46,0.061,,,
2907,2026-09-03,SZ300124,-0.0010991171584125686,EXP_CatBoostModel_Alpha158_csi300_custom_step0_s_20260903_18,0f2a89b25043409f82399b334300ed46,0.061,,,
2908,2026-09-03,SZ300059,-4.6215852034248626e-05,EXP_CatBoostModel_Alpha158_csi300_custom_step0_s_20260903_18,0f2a89b25043409f82399b334300ed46,0.061,,,
2909,2026-09-03,SZ300033,-0.0010991171584125686,EXP_CatBoostModel_Alpha158_csi300_custom_step0_s_20260903_18,0f2a89b25043409f82399b334300ed46,0.061,,,
2910,2026-09-03,SZ300015,-0.0010991171584125686,EXP_CatBoostModel_Alpha158_csi300_custom_step0_s_20260903_18,0f2a89b25043409f82399b334300ed46,0.061,,,
2911,2026-09-03,SZ300014,-4.6215852034248626e-05,EXP_CatBoostModel_Alpha158_csi300_custom_step0_s_20260903_18,0f2a89b25043409f82399b334300ed46,0.061,,,
2912,2026-09-03,SZ003816,0.0007297587346991725,EXP_CatBoostModel_Alpha158_csi300_custom_step0_s_20260903_18,0f2a89b25043409f82399b334300ed46,0.061,,,
2913,2026-09-03,SZ002938,-0.0010991171584125686,EXP_CatBoostModel_Alpha158_csi300_custom_step0_s_20260903_18,0f2a89b25043409f82399b334300ed46,0.061,,,
2914,2026-09-03,SZ300122,-0.0010991171584125686,EXP_CatBoostModel_Alpha158_csi300_custom_step0_s_20260903_18,0f2a89b25043409f82399b334300ed46,0.061,,,
2915,2026-09-03,SZ000768,0.001598482725825172,EXP_CatBoostModel_Alpha158_csi300_custom_step0_s_20260903_18,0f2a89b25043409f82399b334300ed46,0.061,,,
2916,2026-09-03,SZ002422,-4.6215852034248626e-05,EXP_CatBoostModel_Alpha158_csi300_custom_step0_s_20260903_18,0f2a89b25043409f82399b334300ed46,0.061,,,
2917,2026-09-03,SZ002384,-0.003741135148112515,EXP_CatBoostModel_Alpha158_csi300_custom_step0_s_20260903_18,0f2a89b25043409f82399b334300ed46,0.061,,,
2918,2026-09-03,SZ000792,-0.0010991171584125686,EXP_CatBoostModel_Alpha158_csi300_custom_step0_s_20260903_18,0f2a89b25043409f82399b334300ed46,0.061,,,
2919,2026-09-03,SZ000807,0.001598482725825172,EXP_CatBoostModel_Alpha158_csi300_custom_step0_s_20260903_18,0f2a89b25043409f82399b334300ed46,0.061,,,
2920,2026-09-03,SZ000858,-4.6215852034248626e-05,EXP_CatBoostModel_Alpha158_csi300_custom_step0_s_20260903_18,0f2a89b25043409f82399b334300ed46,0.061,,,
2921,2026-09-03,SZ000895,-0.0010991171584125686,EXP_CatBoostModel_Alpha158_csi300_custom_step0_s_20260903_18,0f2a89b25043409f82399b334300ed46,0.061,,,
2922,2026-09-03,SZ000938,-0.0010991171584125686,EXP_CatBoostModel_Alpha158_csi300_custom_step0_s_20260903_18,0f2a89b25043409f82399b334300ed46,0.061,,,
2923,2026-09-03,SZ000963,-4.6215852034248626e-05,EXP_CatBoostModel_Alpha158_csi300_custom_step0_s_20260903_18,0f2a89b25043409f82399b334300ed46,0.061,,,
2924,2026-09-03,SZ000975,-0.003488191129761232,EXP_CatBoostModel_Alpha158_csi300_custom_step0_s_20260903_18,0f2a89b25043409f82399b334300ed46,0.061,,,
2925,2026-09-03,SZ000977,-0.0021803672711266796,EXP_CatBoostModel_Alpha158_csi300_custom_step0_s_20260903_18,0f2a89b25043409f82399b334300ed46,0.061,,,
2926,2026-09-03,SZ000988,-0.0010991171584125686,EXP_CatBoostModel_Alpha158_csi300_custom_step0_s_20260903_18,0f2a89b25043409f82399b334300ed46,0.061,,,
2927,2026-09-03,SZ000999,0.001598482725825172,EXP_CatBoostModel_Alpha158_csi300_custom_step0_s_20260903_18,0f2a89b25043409f82399b334300ed46,0.061,,,
2928,2026-09-03,SZ001280,-0.0010991171584125686,EXP_CatBoostModel_Alpha158_csi300_custom_step0_s_20260903_18,0f2a89b25043409f82399b334300ed46,0.061,,,
2929,2026-09-03,SZ001391,-4.6215852034248626e-05,EXP_CatBoostModel_Alpha158_csi300_custom_step0_s_20260903_18,0f2a89b25043409f82399b334300ed46,0.061,,,
2930,2026-09-03,SZ001965,0.0007297587346991725,EXP_CatBoostModel_Alpha158_csi300_custom_step0_s_20260903_18,0f2a89b25043409f82399b334300ed46,0.061,,,
2931,2026-09-03,SZ001979,-0.0010991171584125686,EXP_CatBoostModel_Alpha158_csi300_custom_step0_s_20260903_18,0f2a89b25043409f82399b334300ed46,0.061,,,
2932,2026-09-03,SZ002001,-4.6215852034248626e-05,EXP_CatBoostModel_Alpha158_csi300_custom_step0_s_20260903_18,0f2a89b25043409f82399b334300ed46,0.061,,,
2933,2026-09-03,SZ002027,-0.0010991171584125686,EXP_CatBoostModel_Alpha158_csi300_custom_step0_s_20260903_18,0f2a89b25043409f82399b334300ed46,0.061,,,
2934,2026-09-03,SZ002028,-0.003741135148112515,EXP_CatBoostModel_Alpha158_csi300_custom_step0_s_20260903_18,0f2a89b25043409f82399b334300ed46,0.061,,,
2935,2026-09-03,SZ002371,-0.0010991171584125686,EXP_CatBoostModel_Alpha158_csi300_custom_step0_s_20260903_18,0f2a89b25043409f82399b334300ed46,0.061,,,
2936,2026-09-03,SZ002353,0.0017061368377610728,EXP_CatBoostModel_Alpha158_csi300_custom_step0_s_20260903_18,0f2a89b25043409f82399b334300ed46,0.061,,,
2937,2026-09-03,SZ002352,-4.6215852034248626e-05,EXP_CatBoostModel_Alpha158_csi300_custom_step0_s_20260903_18,0f2a89b25043409f82399b334300ed46,0.061,,,
2938,2026-09-03,SZ002311,-4.6215852034248626e-05,EXP_CatBoostModel_Alpha158_csi300_custom_step0_s_20260903_18,0f2a89b25043409f82399b334300ed46,0.061,,,
2939,2026-09-03,SZ002304,-0.0010991171584125686,EXP_CatBoostModel_Alpha158_csi300_custom_step0_s_20260903_18,0f2a89b25043409f82399b334300ed46,0.061,,,
2940,2026-09-03,SZ002241,0.0007297587346991725,EXP_CatBoostModel_Alpha158_csi300_custom_step0_s_20260903_18,0f2a89b25043409f82399b334300ed46,0.061,,,
2941,2026-09-03,SZ002415,-0.0010991171584125686,EXP_CatBoostModel_Alpha158_csi300_custom_step0_s_20260903_18,0f2a89b25043409f82399b334300ed46,0.061,,,
2942,2026-09-03,SZ002236,0.0004014889937860261,EXP_CatBoostModel_Alpha158_csi300_custom_step0_s_20260903_18,0f2a89b25043409f82399b334300ed46,0.061,,,
2943,2026-09-03,SZ002202,0.0017061368377610728,EXP_CatBoostModel_Alpha158_csi300_custom_step0_s_20260903_18,0f2a89b25043409f82399b334300ed46,0.061,,,
2944,2026-09-03,SZ002179,-0.0010991171584125686,EXP_CatBoostModel_Alpha158_csi300_custom_step0_s_20260903_18,0f2a89b25043409f82399b334300ed46,0.061,,,
2945,2026-09-03,SZ002142,0.001598482725825172,EXP_CatBoostModel_Alpha158_csi300_custom_step0_s_20260903_18,0f2a89b25043409f82399b334300ed46,0.061,,,
2946,2026-09-03,SZ002074,-0.0010991171584125686,EXP_CatBoostModel_Alpha158_csi300_custom_step0_s_20260903_18,0f2a89b25043409f82399b334300ed46,0.061,,,
2947,2026-09-03,SZ002050,-0.0010991171584125686,EXP_CatBoostModel_Alpha158_csi300_custom_step0_s_20260903_18,0f2a89b25043409f82399b334300ed46,0.061,,,
2948,2026-09-03,SZ002049,-0.0010991171584125686,EXP_CatBoostModel_Alpha158_csi300_custom_step0_s_20260903_18,0f2a89b25043409f82399b334300ed46,0.061,,,
2949,2026-09-03,SZ002230,-0.0010991171584125686,EXP_CatBoostModel_Alpha158_csi300_custom_step0_s_20260903_18,0f2a89b25043409f82399b334300ed46,0.061,,,
2950,2026-09-03,SH601872,-0.0021803672711266796,EXP_CatBoostModel_Alpha158_csi300_custom_step0_s_20260903_18,0f2a89b25043409f82399b334300ed46,0.061,,,
2951,2026-09-03,SH601868,0.002217018359442634,EXP_CatBoostModel_Alpha158_csi300_custom_step0_s_20260903_18,0f2a89b25043409f82399b334300ed46,0.061,,,
2952,2026-09-03,SH601857,0.001992346026750403,EXP_CatBoostModel_Alpha158_csi300_custom_step0_s_20260903_18,0f2a89b25043409f82399b334300ed46,0.061,,,
2953,2026-09-03,SH600233,-0.0010991171584125686,EXP_CatBoostModel_Alpha158_csi300_custom_step0_s_20260903_18,0f2a89b25043409f82399b334300ed46,0.061,,,
2954,2026-09-03,SH600276,-4.6215852034248626e-05,EXP_CatBoostModel_Alpha158_csi300_custom_step0_s_20260903_18,0f2a89b25043409f82399b334300ed46,0.061,,,
2955,2026-09-03,SH600309,0.003978835686471357,EXP_CatBoostModel_Alpha158_csi300_custom_step0_s_20260903_18,0f2a89b25043409f82399b334300ed46,0.061,,,
2956,2026-09-03,SH600346,0.001598482725825172,EXP_CatBoostModel_Alpha158_csi300_custom_step0_s_20260903_18,0f2a89b25043409f82399b334300ed46,0.061,,,
2957,2026-09-03,SH600362,-0.0010991171584125686,EXP_CatBoostModel_Alpha158_csi300_custom_step0_s_20260903_18,0f2a89b25043409f82399b334300ed46,0.061,,,
2958,2026-09-03,SH600372,0.001992346026750403,EXP_CatBoostModel_Alpha158_csi300_custom_step0_s_20260903_18,0f2a89b25043409f82399b334300ed46,0.061,,,
2959,2026-09-03,SH600406,-4.6215852034248626e-05,EXP_CatBoostModel_Alpha158_csi300_custom_step0_s_20260903_18,0f2a89b25043409f82399b334300ed46,0.061,,,
2960,2026-09-03,SH600415,-0.0021803672711266796,EXP_CatBoostModel_Alpha158_csi300_custom_step0_s_20260903_18,0f2a89b25043409f82399b334300ed46,0.061,,,
2961,2026-09-03,SH600426,-0.0010991171584125686,EXP_CatBoostModel_Alpha158_csi300_custom_step0_s_20260903_18,0f2a89b25043409f82399b334300ed46,0.061,,,
2962,2026-09-03,SH600436,-4.6215852034248626e-05,EXP_CatBoostModel_Alpha158_csi300_custom_step0_s_20260903_18,0f2a89b25043409f82399b334300ed46,0.061,,,
2963,2026-09-03,SH600438,-0.0010991171584125686,EXP_CatBoostModel_Alpha158_csi300_custom_step0_s_20260903_18,0f2a89b25043409f82399b334300ed46,0.061,,,
2964,2026-09-03,SH600460,-0.0010991171584125686,EXP_CatBoostModel_Alpha158_csi300_custom_step0_s_20260903_18,0f2a89b25043409f82399b334300ed46,0.061,,,
2965,2026-09-03,SH600482,-0.0010991171584125686,EXP_CatBoostModel_Alpha158_csi300_custom_step0_s_20260903_18,0f2a89b25043409f82399b334300ed46,0.061,,,
2966,2026-09-03,SH600489,-0.003488191129761232,EXP_CatBoostModel_Alpha158_csi300_custom_step0_s_20260903_18,0f2a89b25043409f82399b334300ed46,0.061,,,
2967,2026-09-03,SH600515,-0.0010991171584125686,EXP_CatBoostModel_Alpha158_csi300_custom_step0_s_20260903_18,0f2a89b25043409f82399b334300ed46,0.061,,,
2968,2026-09-03,SH600519,0.001992346026750403,EXP_CatBoostModel_Alpha158_csi300_custom_step0_s_20260903_18,0f2a89b25043409f82399b334300ed46,0.061,,,
2969,2026-09-03,SH600522,-0.0010991171584125686,EXP_CatBoostModel_Alpha158_csi300_custom_step0_s_20260903_18,0f2a89b25043409f82399b334300ed46,0.061,,,
2970,2026-09-03,SH600803,-0.0021803672711266796,EXP_CatBoostModel_Alpha158_csi300_custom_step0_s_20260903_18,0f2a89b25043409f82399b334300ed46,0.061,,,
2971,2026-09-03,SH600795,0.001598482725825172,EXP_CatBoostModel_Alpha158_csi300_custom_step0_s_20260903_18,0f2a89b25043409f82399b334300ed46,0.061,,,
2972,2026-09-03,SH600760,-0.0021803672711266796,EXP_CatBoostModel_Alpha158_csi300_custom_step0_s_20260903_18,0f2a89b25043409f82399b334300ed46,0.061,,,
2973,2026-09-03,SH600741,0.0007297587346991725,EXP_CatBoostModel_Alpha158_csi300_custom_step0_s_20260903_18,0f2a89b25043409f82399b334300ed46,0.061,,,
2974,2026-09-03,SH600690,0.001992346026750403,EXP_CatBoostModel_Alpha158_csi300_custom_step0_s_20260903_18,0f2a89b25043409f82399b334300ed46,0.061,,,
2975,2026-09-03,SH600674,0.004963452422207527,EXP_CatBoostModel_Alpha158_csi300_custom_step0_s_20260903_18,0f2a89b25043409f82399b334300ed46,0.061,,,
2976,2026-09-03,SH600221,0.002217018359442634,EXP_CatBoostModel_Alpha158_csi300_custom_step0_s_20260903_18,0f2a89b25043409f82399b334300ed46,0.061,,,
2977,2026-09-03,SH600660,0.001992346026750403,EXP_CatBoostModel_Alpha158_csi300_custom_step0_s_20260903_18,0f2a89b25043409f82399b334300ed46,0.061,,,
2978,2026-09-03,SH600588,-0.0010991171584125686,EXP_CatBoostModel_Alpha158_csi300_custom_step0_s_20260903_18,0f2a89b25043409f82399b334300ed46,0.061,,,
2979,2026-09-03,SH600585,0.0010557976947065896,EXP_CatBoostModel_Alpha158_csi300_custom_step0_s_20260903_18,0f2a89b25043409f82399b334300ed46,0.061,,,
2980,2026-09-03,SH600584,-0.0010991171584125686,EXP_CatBoostModel_Alpha158_csi300_custom_step0_s_20260903_18,0f2a89b25043409f82399b334300ed46,0.061,,,
2981,2026-09-03,SH600570,-0.0010991171584125686,EXP_CatBoostModel_Alpha158_csi300_custom_step0_s_20260903_18,0f2a89b25043409f82399b334300ed46,0.061,,,
2982,2026-09-03,SH600549,-0.0010991171584125686,EXP_CatBoostModel_Alpha158_csi300_custom_step0_s_20260903_18,0f2a89b25043409f82399b334300ed46,0.061,,,
2983,2026-09-03,SH600547,-0.003789621138198744,EXP_CatBoostModel_Alpha158_csi300_custom_step0_s_20260903_18,0f2a89b25043409f82399b334300ed46,0.061,,,
2984,2026-09-03,SH600600,-4.6215852034248626e-05,EXP_CatBoostModel_Alpha158_csi300_custom_step0_s_20260903_18,0f2a89b25043409f82399b334300ed46,0.061,,,
2985,2026-09-03,SH600809,-0.0010991171584125686,EXP_CatBoostModel_Alpha158_csi300_custom_step0_s_20260903_18,0f2a89b25043409f82399b334300ed46,0.061,,,
2986,2026-09-03,SH600219,0.001598482725825172,EXP_CatBoostModel_Alpha158_csi300_custom_step0_s_20260903_18,0f2a89b25043409f82399b334300ed46,0.061,,,
2987,2026-09-03,SH600188,-0.0010991171584125686,EXP_CatBoostModel_Alpha158_csi300_custom_step0_s_20260903_18,0f2a89b25043409f82399b334300ed46,0.061,,,
2988,2026-09-03,SH600009,0.0016426954229006915,EXP_CatBoostModel_Alpha158_csi300_custom_step0_s_20260903_18,0f2a89b25043409f82399b334300ed46,0.061,,,
2989,2026-09-03,SH600010,0.0016426954229006915,EXP_CatBoostModel_Alpha158_csi300_custom_step0_s_20260903_18,0f2a89b25043409f82399b334300ed46,0.061,,,
2990,2026-09-03,SH600011,-4.6215852034248626e-05,EXP_CatBoostModel_Alpha158_csi300_custom_step0_s_20260903_18,0f2a89b25043409f82399b334300ed46,0.061,,,
2991,2026-09-03,SH600015,-4.6215852034248626e-05,EXP_CatBoostModel_Alpha158_csi300_custom_step0_s_20260903_18,0f2a89b25043409f82399b334300ed46,0.061,,,
2992,2026-09-03,SH600016,0.004963452422207527,EXP_CatBoostModel_Alpha158_csi300_custom_step0_s_20260903_18,0f2a89b25043409f82399b334300ed46,0.061,,,
2993,2026-09-03,SH600018,0.002217018359442634,EXP_CatBoostModel_Alpha158_csi300_custom_step0_s_20260903_18,0f2a89b25043409f82399b334300ed46,0.061,,,
2994,2026-09-03,SH600019,0.001992346026750403,EXP_CatBoostModel_Alpha158_csi300_custom_step0_s_20260903_18,0f2a89b25043409f82399b334300ed46,0.061,,,
2995,2026-09-03,SH600023,0.0005323608687734033,EXP_CatBoostModel_Alpha158_csi300_custom_step0_s_20260903_18,0f2a89b25043409f82399b334300ed46,0.061,,,
2996,2026-09-03,SH600025,0.001992346026750403,EXP_CatBoostModel_Alpha158_csi300_custom_step0_s_20260903_18,0f2a89b25043409f82399b334300ed46,0.061,,,
2997,2026-09-03,SH600026,-0.0021803672711266796,EXP_CatBoostModel_Alpha158_csi300_custom_step0_s_20260903_18,0f2a89b25043409f82399b334300ed46,0.061,,,
2998,2026-09-03,SH600027,0.001992346026750403,EXP_CatBoostModel_Alpha158_csi300_custom_step0_s_20260903_18,0f2a89b25043409f82399b334300ed46,0.061,,,
2999,2026-09-03,SH600028,0.001598482725825172,EXP_CatBoostModel_Alpha158_csi300_custom_step0_s_20260903_18,0f2a89b25043409f82399b334300ed46,0.061,,,
3000,2026-09-03,SH600029,0.002217018359442634,EXP_CatBoostModel_Alpha158_csi300_custom_step0_s_20260903_18,0f2a89b25043409f82399b334300ed46,0.061,,,
3001,2026-09-03,SH600030,0.001992346026750403,EXP_CatBoostModel_Alpha158_csi300_custom_step0_s_20260903_18,0f2a89b25043409f82399b334300ed46,0.061,,,
3002,2026-09-03,SH600031,0.0007297587346991725,EXP_CatBoostModel_Alpha158_csi300_custom_step0_s_20260903_18,0f2a89b25043409f82399b334300ed46,0.061,,,
3003,2026-09-03,SH600036,0.003978835686471357,EXP_CatBoostModel_Alpha158_csi300_custom_step0_s_20260903_18,0f2a89b25043409f82399b334300ed46,0.061,,,
3004,2026-09-03,SH600039,0.0033433762004161016,EXP_CatBoostModel_Alpha158_csi300_custom_step0_s_20260903_18,0f2a89b25043409f82399b334300ed46,0.061,,,
3005,2026-09-03,SH600183,-0.0010991171584125686,EXP_CatBoostModel_Alpha158_csi300_custom_step0_s_20260903_18,0f2a89b25043409f82399b334300ed46,0.061,,,
3006,2026-09-03,SH600176,-0.0010991171584125686,EXP_CatBoostModel_Alpha158_csi300_custom_step0_s_20260903_18,0f2a89b25043409f82399b334300ed46,0.061,,,
3007,2026-09-03,SH600160,-0.0010991171584125686,EXP_CatBoostModel_Alpha158_csi300_custom_step0_s_20260903_18,0f2a89b25043409f82399b334300ed46,0.061,,,
3008,2026-09-03,SH600150,0.0016426954229006915,EXP_CatBoostModel_Alpha158_csi300_custom_step0_s_20260903_18,0f2a89b25043409f82399b334300ed46,0.061,,,
3009,2026-09-03,SH600118,-0.0010991171584125686,EXP_CatBoostModel_Alpha158_csi300_custom_step0_s_20260903_18,0f2a89b25043409f82399b334300ed46,0.061,,,
3010,2026-09-03,SH600115,-0.0010991171584125686,EXP_CatBoostModel_Alpha158_csi300_custom_step0_s_20260903_18,0f2a89b25043409f82399b334300ed46,0.061,,,
3011,2026-09-03,SH600196,-0.0010991171584125686,EXP_CatBoostModel_Alpha158_csi300_custom_step0_s_20260903_18,0f2a89b25043409f82399b334300ed46,0.061,,,
3012,2026-09-03,SH600111,-0.0010991171584125686,EXP_CatBoostModel_Alpha158_csi300_custom_step0_s_20260903_18,0f2a89b25043409f82399b334300ed46,0.061,,,
3013,2026-09-03,SH600089,-4.6215852034248626e-05,EXP_CatBoostModel_Alpha158_csi300_custom_step0_s_20260903_18,0f2a89b25043409f82399b334300ed46,0.061,,,
3014,2026-09-03,SH600085,-4.6215852034248626e-05,EXP_CatBoostModel_Alpha158_csi300_custom_step0_s_20260903_18,0f2a89b25043409f82399b334300ed46,0.061,,,
3015,2026-09-03,SH600066,-4.6215852034248626e-05,EXP_CatBoostModel_Alpha158_csi300_custom_step0_s_20260903_18,0f2a89b25043409f82399b334300ed46,0.061,,,
3016,2026-09-03,SH600061,0.001992346026750403,EXP_CatBoostModel_Alpha158_csi300_custom_step0_s_20260903_18,0f2a89b25043409f82399b334300ed46,0.061,,,
3017,2026-09-03,SH600050,0.0016426954229006915,EXP_CatBoostModel_Alpha158_csi300_custom_step0_s_20260903_18,0f2a89b25043409f82399b334300ed46,0.061,,,
3018,2026-09-03,SH600048,0.001598482725825172,EXP_CatBoostModel_Alpha158_csi300_custom_step0_s_20260903_18,0f2a89b25043409f82399b334300ed46,0.061,,,
3019,2026-09-03,SH600104,0.0007297587346991725,EXP_CatBoostModel_Alpha158_csi300_custom_step0_s_20260903_18,0f2a89b25043409f82399b334300ed46,0.061,,,
3020,2026-09-03,SH600845,-0.0010991171584125686,EXP_CatBoostModel_Alpha158_csi300_custom_step0_s_20260903_18,0f2a89b25043409f82399b334300ed46,0.061,,,
3021,2026-09-03,SH600875,-0.0010991171584125686,EXP_CatBoostModel_Alpha158_csi300_custom_step0_s_20260903_18,0f2a89b25043409f82399b334300ed46,0.061,,,
3022,2026-09-03,SH600886,0.001598482725825172,EXP_CatBoostModel_Alpha158_csi300_custom_step0_s_20260903_18,0f2a89b25043409f82399b334300ed46,0.061,,,
3023,2026-09-03,SH601288,0.0007297587346991725,EXP_CatBoostModel_Alpha158_csi300_custom_step0_s_20260903_18,0f2a89b25043409f82399b334300ed46,0.061,,,
3024,2026-09-03,SH601318,0.001598482725825172,EXP_CatBoostModel_Alpha158_csi300_custom_step0_s_20260903_18,0f2a89b25043409f82399b334300ed46,0.061,,,
3025,2026-09-03,SH601319,-0.0021803672711266796,EXP_CatBoostModel_Alpha158_csi300_custom_step0_s_20260903_18,0f2a89b25043409f82399b334300ed46,0.061,,,
3026,2026-09-03,SH601328,0.004963452422207527,EXP_CatBoostModel_Alpha158_csi300_custom_step0_s_20260903_18,0f2a89b25043409f82399b334300ed46,0.061,,,
3027,2026-09-03,SH601336,0.001992346026750403,EXP_CatBoostModel_Alpha158_csi300_custom_step0_s_20260903_18,0f2a89b25043409f82399b334300ed46,0.061,,,
3028,2026-09-03,SH601360,-0.0010991171584125686,EXP_CatBoostModel_Alpha158_csi300_custom_step0_s_20260903_18,0f2a89b25043409f82399b334300ed46,0.061,,,
3029,2026-09-03,SH601377,0.002217018359442634,EXP_CatBoostModel_Alpha158_csi300_custom_step0_s_20260903_18,0f2a89b25043409f82399b334300ed46,0.061,,,
3030,2026-09-03,SH601390,0.0016426954229006915,EXP_CatBoostModel_Alpha158_csi300_custom_step0_s_20260903_18,0f2a89b25043409f82399b334300ed46,0.061,,,
3031,2026-09-03,SH601398,0.0007297587346991725,EXP_CatBoostModel_Alpha158_csi300_custom_step0_s_20260903_18,0f2a89b25043409f82399b334300ed46,0.061,,,
3032,2026-09-03,SH601456,0.0004014889937860261,EXP_CatBoostModel_Alpha158_csi300_custom_step0_s_20260903_18,0f2a89b25043409f82399b334300ed46,0.061,,,
3033,2026-09-03,SH601600,0.001992346026750403,EXP_CatBoostModel_Alpha158_csi300_custom_step0_s_20260903_18,0f2a89b25043409f82399b334300ed46,0.061,,,
3034,2026-09-03,SH601601,-0.0021803672711266796,EXP_CatBoostModel_Alpha158_csi300_custom_step0_s_20260903_18,0f2a89b25043409f82399b334300ed46,0.061,,,
3035,2026-09-03,SH601607,0.001992346026750403,EXP_CatBoostModel_Alpha158_csi300_custom_step0_s_20260903_18,0f2a89b25043409f82399b334300ed46,0.061,,,
3036,2026-09-03,SH601618,-4.6215852034248626e-05,EXP_CatBoostModel_Alpha158_csi300_custom_step0_s_20260903_18,0f2a89b25043409f82399b334300ed46,0.061,,,
3037,2026-09-03,SH601628,0.001598482725825172,EXP_CatBoostModel_Alpha158_csi300_custom_step0_s_20260903_18,0f2a89b25043409f82399b334300ed46,0.061,,,
3038,2026-09-03,SH601633,-4.6215852034248626e-05,EXP_CatBoostModel_Alpha158_csi300_custom_step0_s_20260903_18,0f2a89b25043409f82399b334300ed46,0.061,,,
3039,2026-09-03,SH601658,0.001598482725825172,EXP_CatBoostModel_Alpha158_csi300_custom_step0_s_20260903_18,0f2a89b25043409f82399b334300ed46,0.061,,,
3040,2026-09-03,SH601838,0.0007297587346991725,EXP_CatBoostModel_Alpha158_csi300_custom_step0_s_20260903_18,0f2a89b25043409f82399b334300ed46,0.061,,,
3041,2026-09-03,SH601825,0.0007297587346991725,EXP_CatBoostModel_Alpha158_csi300_custom_step0_s_20260903_18,0f2a89b25043409f82399b334300ed46,0.061,,,
3042,2026-09-03,SH601818,0.001992346026750403,EXP_CatBoostModel_Alpha158_csi300_custom_step0_s_20260903_18,0f2a89b25043409f82399b334300ed46,0.061,,,
3043,2026-09-03,SH601816,0.0038567655728003196,EXP_CatBoostModel_Alpha158_csi300_custom_step0_s_20260903_18,0f2a89b25043409f82399b334300ed46,0.061,,,
3044,2026-09-03,SH601800,-0.001592520643019477,EXP_CatBoostModel_Alpha158_csi300_custom_step0_s_20260903_18,0f2a89b25043409f82399b334300ed46,0.061,,,
3045,2026-09-03,SH601788,0.001992346026750403,EXP_CatBoostModel_Alpha158_csi300_custom_step0_s_20260903_18,0f2a89b25043409f82399b334300ed46,0.061,,,
3046,2026-09-03,SH601238,-0.0010991171584125686,EXP_CatBoostModel_Alpha158_csi300_custom_step0_s_20260903_18,0f2a89b25043409f82399b334300ed46,0.061,,,
3047,2026-09-03,SH601766,0.0007297587346991725,EXP_CatBoostModel_Alpha158_csi300_custom_step0_s_20260903_18,0f2a89b25043409f82399b334300ed46,0.061,,,
3048,2026-09-03,SH601727,-0.0010991171584125686,EXP_CatBoostModel_Alpha158_csi300_custom_step0_s_20260903_18,0f2a89b25043409f82399b334300ed46,0.061,,,
3049,2026-09-03,SH601698,-0.0010991171584125686,EXP_CatBoostModel_Alpha158_csi300_custom_step0_s_20260903_18,0f2a89b25043409f82399b334300ed46,0.061,,,
3050,2026-09-03,SH601689,-0.0010991171584125686,EXP_CatBoostModel_Alpha158_csi300_custom_step0_s_20260903_18,0f2a89b25043409f82399b334300ed46,0.061,,,
3051,2026-09-03,SH601688,0.001992346026750403,EXP_CatBoostModel_Alpha158_csi300_custom_step0_s_20260903_18,0f2a89b25043409f82399b334300ed46,0.061,,,
3052,2026-09-03,SH601669,0.002217018359442634,EXP_CatBoostModel_Alpha158_csi300_custom_step0_s_20260903_18,0f2a89b25043409f82399b334300ed46,0.061,,,
3053,2026-09-03,SH601668,0.001598482725825172,EXP_CatBoostModel_Alpha158_csi300_custom_step0_s_20260903_18,0f2a89b25043409f82399b334300ed46,0.061,,,
3054,2026-09-03,SH601728,0.002798111511823993,EXP_CatBoostModel_Alpha158_csi300_custom_step0_s_20260903_18,0f2a89b25043409f82399b334300ed46,0.061,,,
3055,2026-09-03,SH601229,0.002798111511823993,EXP_CatBoostModel_Alpha158_csi300_custom_step0_s_20260903_18,0f2a89b25043409f82399b334300ed46,0.061,,,
3056,2026-09-03,SH601225,0.0007297587346991725,EXP_CatBoostModel_Alpha158_csi300_custom_step0_s_20260903_18,0f2a89b25043409f82399b334300ed46,0.061,,,
3057,2026-09-03,SH601211,-4.6215852034248626e-05,EXP_CatBoostModel_Alpha158_csi300_custom_step0_s_20260903_18,0f2a89b25043409f82399b334300ed46,0.061,,,
3058,2026-09-03,SH601006,0.001992346026750403,EXP_CatBoostModel_Alpha158_csi300_custom_step0_s_20260903_18,0f2a89b25043409f82399b334300ed46,0.061,,,
3059,2026-09-03,SH600999,-0.002320994918497404,EXP_CatBoostModel_Alpha158_csi300_custom_step0_s_20260903_18,0f2a89b25043409f82399b334300ed46,0.061,,,
3060,2026-09-03,SH600989,0.0007297587346991725,EXP_CatBoostModel_Alpha158_csi300_custom_step0_s_20260903_18,0f2a89b25043409f82399b334300ed46,0.061,,,
3061,2026-09-03,SH600958,0.001992346026750403,EXP_CatBoostModel_Alpha158_csi300_custom_step0_s_20260903_18,0f2a89b25043409f82399b334300ed46,0.061,,,
3062,2026-09-03,SH600941,0.003978835686471357,EXP_CatBoostModel_Alpha158_csi300_custom_step0_s_20260903_18,0f2a89b25043409f82399b334300ed46,0.061,,,
3063,2026-09-03,SH600938,0.0007297587346991725,EXP_CatBoostModel_Alpha158_csi300_custom_step0_s_20260903_18,0f2a89b25043409f82399b334300ed46,0.061,,,
3064,2026-09-03,SH601009,0.003978835686471357,EXP_CatBoostModel_Alpha158_csi300_custom_step0_s_20260903_18,0f2a89b25043409f82399b334300ed46,0.061,,,
3065,2026-09-03,SH600930,-4.6215852034248626e-05,EXP_CatBoostModel_Alpha158_csi300_custom_step0_s_20260903_18,0f2a89b25043409f82399b334300ed46,0.061,,,
3066,2026-09-03,SH600919,0.004963452422207527,EXP_CatBoostModel_Alpha158_csi300_custom_step0_s_20260903_18,0f2a89b25043409f82399b334300ed46,0.061,,,
3067,2026-09-03,SH600918,0.0010557976947065896,EXP_CatBoostModel_Alpha158_csi300_custom_step0_s_20260903_18,0f2a89b25043409f82399b334300ed46,0.061,,,
3068,2026-09-03,SH600905,0.0004014889937860261,EXP_CatBoostModel_Alpha158_csi300_custom_step0_s_20260903_18,0f2a89b25043409f82399b334300ed46,0.061,,,
3069,2026-09-03,SH600900,0.001992346026750403,EXP_CatBoostModel_Alpha158_csi300_custom_step0_s_20260903_18,0f2a89b25043409f82399b334300ed46,0.061,,,
3070,2026-09-03,SH600893,0.0007297587346991725,EXP_CatBoostModel_Alpha158_csi300_custom_step0_s_20260903_18,0f2a89b25043409f82399b334300ed46,0.061,,,
3071,2026-09-03,SH600887,0.0007297587346991725,EXP_CatBoostModel_Alpha158_csi300_custom_step0_s_20260903_18,0f2a89b25043409f82399b334300ed46,0.061,,,
3072,2026-09-03,SH600926,0.0007297587346991725,EXP_CatBoostModel_Alpha158_csi300_custom_step0_s_20260903_18,0f2a89b25043409f82399b334300ed46,0.061,,,
3073,2026-09-03,SZ300413,0.0033433762004161016,EXP_CatBoostModel_Alpha158_csi300_custom_step0_s_20260903_18,0f2a89b25043409f82399b334300ed46,0.061,,,
3074,2026-09-03,SH601012,-4.6215852034248626e-05,EXP_CatBoostModel_Alpha158_csi300_custom_step0_s_20260903_18,0f2a89b25043409f82399b334300ed46,0.061,,,
3075,2026-09-03,SH601021,-0.0010991171584125686,EXP_CatBoostModel_Alpha158_csi300_custom_step0_s_20260903_18,0f2a89b25043409f82399b334300ed46,0.061,,,
3076,2026-09-03,SH601186,0.0016426954229006915,EXP_CatBoostModel_Alpha158_csi300_custom_step0_s_20260903_18,0f2a89b25043409f82399b334300ed46,0.061,,,
3077,2026-09-03,SH601169,0.001598482725825172,EXP_CatBoostModel_Alpha158_csi300_custom_step0_s_20260903_18,0f2a89b25043409f82399b334300ed46,0.061,,,
3078,2026-09-03,SH601166,0.00014338859511424748,EXP_CatBoostModel_Alpha158_csi300_custom_step0_s_20260903_18,0f2a89b25043409f82399b334300ed46,0.061,,,
3079,2026-09-03,SH601138,-0.0010991171584125686,EXP_CatBoostModel_Alpha158_csi300_custom_step0_s_20260903_18,0f2a89b25043409f82399b334300ed46,0.061,,,
3080,2026-09-03,SH601136,0.001598482725825172,EXP_CatBoostModel_Alpha158_csi300_custom_step0_s_20260903_18,0f2a89b25043409f82399b334300ed46,0.061,,,
3081,2026-09-03,SH601127,-4.6215852034248626e-05,EXP_CatBoostModel_Alpha158_csi300_custom_step0_s_20260903_18,0f2a89b25043409f82399b334300ed46,0.061,,,
3082,2026-09-03,SH601018,0.003978835686471357,EXP_CatBoostModel_Alpha158_csi300_custom_step0_s_20260903_18,0f2a89b25043409f82399b334300ed46,0.061,,,
3083,2026-09-03,SH601117,0.0004014889937860261,EXP_CatBoostModel_Alpha158_csi300_custom_step0_s_20260903_18,0f2a89b25043409f82399b334300ed46,0.061,,,
3084,2026-09-03,SH601100,-0.0010991171584125686,EXP_CatBoostModel_Alpha158_csi300_custom_step0_s_20260903_18,0f2a89b25043409f82399b334300ed46,0.061,,,
3085,2026-09-03,SH601088,0.0007297587346991725,EXP_CatBoostModel_Alpha158_csi300_custom_step0_s_20260903_18,0f2a89b25043409f82399b334300ed46,0.061,,,
3086,2026-09-03,SH601077,0.001598482725825172,EXP_CatBoostModel_Alpha158_csi300_custom_step0_s_20260903_18,0f2a89b25043409f82399b334300ed46,0.061,,,
3087,2026-09-03,SH601066,0.0004014889937860261,EXP_CatBoostModel_Alpha158_csi300_custom_step0_s_20260903_18,0f2a89b25043409f82399b334300ed46,0.061,,,
3088,2026-09-03,SH601059,0.003978835686471357,EXP_CatBoostModel_Alpha158_csi300_custom_step0_s_20260903_18,0f2a89b25043409f82399b334300ed46,0.061,,,
3089,2026-09-03,SH601058,-0.0021803672711266796,EXP_CatBoostModel_Alpha158_csi300_custom_step0_s_20260903_18,0f2a89b25043409f82399b334300ed46,0.061,,,
3090,2026-09-03,SH601111,-4.6215852034248626e-05,EXP_CatBoostModel_Alpha158_csi300_custom_step0_s_20260903_18,0f2a89b25043409f82399b334300ed46,0.061,,,
3091,2026-09-03,SZ300418,-0.0010991171584125686,EXP_CatBoostModel_Alpha158_csi300_custom_step0_s_20260903_18,0f2a89b25043409f82399b334300ed46,0.061,,,
3092,2026-09-03,SZ300433,-0.0010991171584125686,EXP_CatBoostModel_Alpha158_csi300_custom_step0_s_20260903_18,0f2a89b25043409f82399b334300ed46,0.061,,,
3093,2026-09-03,SZ300442,-0.0010991171584125686,EXP_CatBoostModel_Alpha158_csi300_custom_step0_s_20260903_18,0f2a89b25043409f82399b334300ed46,0.061,,,
3094,2026-09-03,SH603288,-0.0002971580626408852,EXP_CatBoostModel_Alpha158_csi300_custom_step0_s_20260903_18,b2898ead8a4b4bdcbbe4fe4f7b850bb0,0.078,,,
3095,2026-09-03,SH603296,-0.0011604430105327597,EXP_CatBoostModel_Alpha158_csi300_custom_step0_s_20260903_18,b2898ead8a4b4bdcbbe4fe4f7b850bb0,0.078,,,
3096,2026-09-03,SH603369,-0.0011604430105327597,EXP_CatBoostModel_Alpha158_csi300_custom_step0_s_20260903_18,b2898ead8a4b4bdcbbe4fe4f7b850bb0,0.078,,,
3097,2026-09-03,SH603392,-0.0011604430105327597,EXP_CatBoostModel_Alpha158_csi300_custom_step0_s_20260903_18,b2898ead8a4b4bdcbbe4fe4f7b850bb0,0.078,,,
3098,2026-09-03,SH603501,-0.0002971580626408852,EXP_CatBoostModel_Alpha158_csi300_custom_step0_s_20260903_18,b2898ead8a4b4bdcbbe4fe4f7b850bb0,0.078,,,
3099,2026-09-03,SH603799,-0.0011604430105327597,EXP_CatBoostModel_Alpha158_csi300_custom_step0_s_20260903_18,b2898ead8a4b4bdcbbe4fe4f7b850bb0,0.078,,,
3100,2026-09-03,SH603893,-0.0011604430105327597,EXP_CatBoostModel_Alpha158_csi300_custom_step0_s_20260903_18,b2898ead8a4b4bdcbbe4fe4f7b850bb0,0.078,,,
3101,2026-09-03,SH603986,-0.0011604430105327597,EXP_CatBoostModel_Alpha158_csi300_custom_step0_s_20260903_18,b2898ead8a4b4bdcbbe4fe4f7b850bb0,0.078,,,
3102,2026-09-03,SH603993,-0.0011604430105327597,EXP_CatBoostModel_Alpha158_csi300_custom_step0_s_20260903_18,b2898ead8a4b4bdcbbe4fe4f7b850bb0,0.078,,,
3103,2026-09-03,SH605117,-0.0011604430105327597,EXP_CatBoostModel_Alpha158_csi300_custom_step0_s_20260903_18,b2898ead8a4b4bdcbbe4fe4f7b850bb0,0.078,,,
3104,2026-09-03,SH605499,-0.0002971580626408852,EXP_CatBoostModel_Alpha158_csi300_custom_step0_s_20260903_18,b2898ead8a4b4bdcbbe4fe4f7b850bb0,0.078,,,
3105,2026-09-03,SH688008,-0.0011604430105327597,EXP_CatBoostModel_Alpha158_csi300_custom_step0_s_20260903_18,b2898ead8a4b4bdcbbe4fe4f7b850bb0,0.078,,,
3106,2026-09-03,SH688009,0.0034590124413916437,EXP_CatBoostModel_Alpha158_csi300_custom_step0_s_20260903_18,b2898ead8a4b4bdcbbe4fe4f7b850bb0,0.078,,,
3107,2026-09-03,SH688012,-0.0011604430105327597,EXP_CatBoostModel_Alpha158_csi300_custom_step0_s_20260903_18,b2898ead8a4b4bdcbbe4fe4f7b850bb0,0.078,,,
3108,2026-09-03,SH688036,-0.0011604430105327597,EXP_CatBoostModel_Alpha158_csi300_custom_step0_s_20260903_18,b2898ead8a4b4bdcbbe4fe4f7b850bb0,0.078,,,
3109,2026-09-03,SH688041,-0.0002971580626408852,EXP_CatBoostModel_Alpha158_csi300_custom_step0_s_20260903_18,b2898ead8a4b4bdcbbe4fe4f7b850bb0,0.078,,,
3110,2026-09-03,SH688047,-0.0011604430105327597,EXP_CatBoostModel_Alpha158_csi300_custom_step0_s_20260903_18,b2898ead8a4b4bdcbbe4fe4f7b850bb0,0.078,,,
3111,2026-09-03,SH688981,-0.0011604430105327597,EXP_CatBoostModel_Alpha158_csi300_custom_step0_s_20260903_18,b2898ead8a4b4bdcbbe4fe4f7b850bb0,0.078,,,
3112,2026-09-03,SH688521,-0.0011604430105327597,EXP_CatBoostModel_Alpha158_csi300_custom_step0_s_20260903_18,b2898ead8a4b4bdcbbe4fe4f7b850bb0,0.078,,,
3113,2026-09-03,SH688506,-0.0002971580626408852,EXP_CatBoostModel_Alpha158_csi300_custom_step0_s_20260903_18,b2898ead8a4b4bdcbbe4fe4f7b850bb0,0.078,,,
3114,2026-09-03,SH688472,-0.0011604430105327597,EXP_CatBoostModel_Alpha158_csi300_custom_step0_s_20260903_18,b2898ead8a4b4bdcbbe4fe4f7b850bb0,0.078,,,
3115,2026-09-03,SH688396,-0.0011604430105327597,EXP_CatBoostModel_Alpha158_csi300_custom_step0_s_20260903_18,b2898ead8a4b4bdcbbe4fe4f7b850bb0,0.078,,,
3116,2026-09-03,SH688303,-0.0011604430105327597,EXP_CatBoostModel_Alpha158_csi300_custom_step0_s_20260903_18,b2898ead8a4b4bdcbbe4fe4f7b850bb0,0.078,,,
3117,2026-09-03,SH603260,-0.0011604430105327597,EXP_CatBoostModel_Alpha158_csi300_custom_step0_s_20260903_18,b2898ead8a4b4bdcbbe4fe4f7b850bb0,0.078,,,
3118,2026-09-03,SH688271,-0.0002971580626408852,EXP_CatBoostModel_Alpha158_csi300_custom_step0_s_20260903_18,b2898ead8a4b4bdcbbe4fe4f7b850bb0,0.078,,,
3119,2026-09-03,SH688223,-0.0011604430105327597,EXP_CatBoostModel_Alpha158_csi300_custom_step0_s_20260903_18,b2898ead8a4b4bdcbbe4fe4f7b850bb0,0.078,,,
3120,2026-09-03,SH688183,-0.0002971580626408852,EXP_CatBoostModel_Alpha158_csi300_custom_step0_s_20260903_18,b2898ead8a4b4bdcbbe4fe4f7b850bb0,0.078,,,
3121,2026-09-03,SH688126,-0.0011604430105327597,EXP_CatBoostModel_Alpha158_csi300_custom_step0_s_20260903_18,b2898ead8a4b4bdcbbe4fe4f7b850bb0,0.078,,,
3122,2026-09-03,SH688111,-0.0011604430105327597,EXP_CatBoostModel_Alpha158_csi300_custom_step0_s_20260903_18,b2898ead8a4b4bdcbbe4fe4f7b850bb0,0.078,,,
3123,2026-09-03,SH688082,-0.0011604430105327597,EXP_CatBoostModel_Alpha158_csi300_custom_step0_s_20260903_18,b2898ead8a4b4bdcbbe4fe4f7b850bb0,0.078,,,
3124,2026-09-03,SH688072,-0.0011604430105327597,EXP_CatBoostModel_Alpha158_csi300_custom_step0_s_20260903_18,b2898ead8a4b4bdcbbe4fe4f7b850bb0,0.078,,,
3125,2026-09-03,SH688256,-0.0011604430105327597,EXP_CatBoostModel_Alpha158_csi300_custom_step0_s_20260903_18,b2898ead8a4b4bdcbbe4fe4f7b850bb0,0.078,,,
3126,2026-09-03,SZ000001,0.002614477832524275,EXP_CatBoostModel_Alpha158_csi300_custom_step0_s_20260903_18,b2898ead8a4b4bdcbbe4fe4f7b850bb0,0.078,,,
3127,2026-09-03,SH603259,-0.0002971580626408852,EXP_CatBoostModel_Alpha158_csi300_custom_step0_s_20260903_18,b2898ead8a4b4bdcbbe4fe4f7b850bb0,0.078,,,
3128,2026-09-03,SH601998,-0.0002971580626408852,EXP_CatBoostModel_Alpha158_csi300_custom_step0_s_20260903_18,b2898ead8a4b4bdcbbe4fe4f7b850bb0,0.078,,,
3129,2026-09-03,SH601658,-0.0011604430105327597,EXP_CatBoostModel_Alpha158_csi300_custom_step0_s_20260903_18,b2898ead8a4b4bdcbbe4fe4f7b850bb0,0.078,,,
3130,2026-09-03,SH601668,-0.0002971580626408852,EXP_CatBoostModel_Alpha158_csi300_custom_step0_s_20260903_18,b2898ead8a4b4bdcbbe4fe4f7b850bb0,0.078,,,
3131,2026-09-03,SH601669,0.0017662395152576729,EXP_CatBoostModel_Alpha158_csi300_custom_step0_s_20260903_18,b2898ead8a4b4bdcbbe4fe4f7b850bb0,0.078,,,
3132,2026-09-03,SH601688,0.002614477832524275,EXP_CatBoostModel_Alpha158_csi300_custom_step0_s_20260903_18,b2898ead8a4b4bdcbbe4fe4f7b850bb0,0.078,,,
3133,2026-09-03,SH601689,-0.0011604430105327597,EXP_CatBoostModel_Alpha158_csi300_custom_step0_s_20260903_18,b2898ead8a4b4bdcbbe4fe4f7b850bb0,0.078,,,
3134,2026-09-03,SH601698,-0.0011604430105327597,EXP_CatBoostModel_Alpha158_csi300_custom_step0_s_20260903_18,b2898ead8a4b4bdcbbe4fe4f7b850bb0,0.078,,,
3135,2026-09-03,SH601727,-0.0011604430105327597,EXP_CatBoostModel_Alpha158_csi300_custom_step0_s_20260903_18,b2898ead8a4b4bdcbbe4fe4f7b850bb0,0.078,,,
3136,2026-09-03,SH601728,0.001326410761114645,EXP_CatBoostModel_Alpha158_csi300_custom_step0_s_20260903_18,b2898ead8a4b4bdcbbe4fe4f7b850bb0,0.078,,,
3137,2026-09-03,SH601766,-0.0002971580626408852,EXP_CatBoostModel_Alpha158_csi300_custom_step0_s_20260903_18,b2898ead8a4b4bdcbbe4fe4f7b850bb0,0.078,,,
3138,2026-09-03,SH601788,0.002614477832524275,EXP_CatBoostModel_Alpha158_csi300_custom_step0_s_20260903_18,b2898ead8a4b4bdcbbe4fe4f7b850bb0,0.078,,,
3139,2026-09-03,SH601800,-0.0002971580626408852,EXP_CatBoostModel_Alpha158_csi300_custom_step0_s_20260903_18,b2898ead8a4b4bdcbbe4fe4f7b850bb0,0.078,,,
3140,2026-09-03,SH601816,0.0034590124413916437,EXP_CatBoostModel_Alpha158_csi300_custom_step0_s_20260903_18,b2898ead8a4b4bdcbbe4fe4f7b850bb0,0.078,,,
3141,2026-09-03,SH601818,0.002614477832524275,EXP_CatBoostModel_Alpha158_csi300_custom_step0_s_20260903_18,b2898ead8a4b4bdcbbe4fe4f7b850bb0,0.078,,,
3142,2026-09-03,SH601825,-0.0002971580626408852,EXP_CatBoostModel_Alpha158_csi300_custom_step0_s_20260903_18,b2898ead8a4b4bdcbbe4fe4f7b850bb0,0.078,,,
3143,2026-09-03,SH601838,0.002614477832524275,EXP_CatBoostModel_Alpha158_csi300_custom_step0_s_20260903_18,b2898ead8a4b4bdcbbe4fe4f7b850bb0,0.078,,,
3144,2026-09-03,SH601857,0.002614477832524275,EXP_CatBoostModel_Alpha158_csi300_custom_step0_s_20260903_18,b2898ead8a4b4bdcbbe4fe4f7b850bb0,0.078,,,
3145,2026-09-03,SH601868,0.0017662395152576729,EXP_CatBoostModel_Alpha158_csi300_custom_step0_s_20260903_18,b2898ead8a4b4bdcbbe4fe4f7b850bb0,0.078,,,
3146,2026-09-03,SH601995,0.0008460725536376121,EXP_CatBoostModel_Alpha158_csi300_custom_step0_s_20260903_18,b2898ead8a4b4bdcbbe4fe4f7b850bb0,0.078,,,
3147,2026-09-03,SH601988,-0.0002971580626408852,EXP_CatBoostModel_Alpha158_csi300_custom_step0_s_20260903_18,b2898ead8a4b4bdcbbe4fe4f7b850bb0,0.078,,,
3148,2026-09-03,SH601985,0.001326410761114645,EXP_CatBoostModel_Alpha158_csi300_custom_step0_s_20260903_18,b2898ead8a4b4bdcbbe4fe4f7b850bb0,0.078,,,
3149,2026-09-03,SH601939,-0.0011604430105327597,EXP_CatBoostModel_Alpha158_csi300_custom_step0_s_20260903_18,b2898ead8a4b4bdcbbe4fe4f7b850bb0,0.078,,,
3150,2026-09-03,SH601919,-0.0002971580626408852,EXP_CatBoostModel_Alpha158_csi300_custom_step0_s_20260903_18,b2898ead8a4b4bdcbbe4fe4f7b850bb0,0.078,,,
3151,2026-09-03,SH601916,0.002614477832524275,EXP_CatBoostModel_Alpha158_csi300_custom_step0_s_20260903_18,b2898ead8a4b4bdcbbe4fe4f7b850bb0,0.078,,,
3152,2026-09-03,SH603019,-0.0011604430105327597,EXP_CatBoostModel_Alpha158_csi300_custom_step0_s_20260903_18,b2898ead8a4b4bdcbbe4fe4f7b850bb0,0.078,,,
3153,2026-09-03,SH601901,0.0017662395152576729,EXP_CatBoostModel_Alpha158_csi300_custom_step0_s_20260903_18,b2898ead8a4b4bdcbbe4fe4f7b850bb0,0.078,,,
3154,2026-09-03,SH601898,-0.0002971580626408852,EXP_CatBoostModel_Alpha158_csi300_custom_step0_s_20260903_18,b2898ead8a4b4bdcbbe4fe4f7b850bb0,0.078,,,
3155,2026-09-03,SH601888,-0.0002971580626408852,EXP_CatBoostModel_Alpha158_csi300_custom_step0_s_20260903_18,b2898ead8a4b4bdcbbe4fe4f7b850bb0,0.078,,,
3156,2026-09-03,SH601881,0.002614477832524275,EXP_CatBoostModel_Alpha158_csi300_custom_step0_s_20260903_18,b2898ead8a4b4bdcbbe4fe4f7b850bb0,0.078,,,
3157,2026-09-03,SH601878,0.002614477832524275,EXP_CatBoostModel_Alpha158_csi300_custom_step0_s_20260903_18,b2898ead8a4b4bdcbbe4fe4f7b850bb0,0.078,,,
3158,2026-09-03,SH601877,0.001326410761114645,EXP_CatBoostModel_Alpha158_csi300_custom_step0_s_20260903_18,b2898ead8a4b4bdcbbe4fe4f7b850bb0,0.078,,,
3159,2026-09-03,SH601872,-0.0002971580626408852,EXP_CatBoostModel_Alpha158_csi300_custom_step0_s_20260903_18,b2898ead8a4b4bdcbbe4fe4f7b850bb0,0.078,,,
3160,2026-09-03,SH601899,-0.0011604430105327597,EXP_CatBoostModel_Alpha158_csi300_custom_step0_s_20260903_18,b2898ead8a4b4bdcbbe4fe4f7b850bb0,0.078,,,
3161,2026-09-03,SZ000002,-0.0011604430105327597,EXP_CatBoostModel_Alpha158_csi300_custom_step0_s_20260903_18,b2898ead8a4b4bdcbbe4fe4f7b850bb0,0.078,,,
3162,2026-09-03,SZ000063,-0.001192328128972051,EXP_CatBoostModel_Alpha158_csi300_custom_step0_s_20260903_18,b2898ead8a4b4bdcbbe4fe4f7b850bb0,0.078,,,
3163,2026-09-03,SZ000100,-0.0011604430105327597,EXP_CatBoostModel_Alpha158_csi300_custom_step0_s_20260903_18,b2898ead8a4b4bdcbbe4fe4f7b850bb0,0.078,,,
3164,2026-09-03,SZ002049,-0.0011604430105327597,EXP_CatBoostModel_Alpha158_csi300_custom_step0_s_20260903_18,b2898ead8a4b4bdcbbe4fe4f7b850bb0,0.078,,,
3165,2026-09-03,SZ002050,-0.0011604430105327597,EXP_CatBoostModel_Alpha158_csi300_custom_step0_s_20260903_18,b2898ead8a4b4bdcbbe4fe4f7b850bb0,0.078,,,
3166,2026-09-03,SZ002074,-0.0011604430105327597,EXP_CatBoostModel_Alpha158_csi300_custom_step0_s_20260903_18,b2898ead8a4b4bdcbbe4fe4f7b850bb0,0.078,,,
3167,2026-09-03,SZ002142,-0.0002971580626408852,EXP_CatBoostModel_Alpha158_csi300_custom_step0_s_20260903_18,b2898ead8a4b4bdcbbe4fe4f7b850bb0,0.078,,,
3168,2026-09-03,SZ002179,-0.0011604430105327597,EXP_CatBoostModel_Alpha158_csi300_custom_step0_s_20260903_18,b2898ead8a4b4bdcbbe4fe4f7b850bb0,0.078,,,
3169,2026-09-03,SZ002202,0.008046440800344506,EXP_CatBoostModel_Alpha158_csi300_custom_step0_s_20260903_18,b2898ead8a4b4bdcbbe4fe4f7b850bb0,0.078,,,
3170,2026-09-03,SZ002230,-0.0011604430105327597,EXP_CatBoostModel_Alpha158_csi300_custom_step0_s_20260903_18,b2898ead8a4b4bdcbbe4fe4f7b850bb0,0.078,,,
3171,2026-09-03,SZ002236,0.001326410761114645,EXP_CatBoostModel_Alpha158_csi300_custom_step0_s_20260903_18,b2898ead8a4b4bdcbbe4fe4f7b850bb0,0.078,,,
3172,2026-09-03,SZ002241,-0.0011604430105327597,EXP_CatBoostModel_Alpha158_csi300_custom_step0_s_20260903_18,b2898ead8a4b4bdcbbe4fe4f7b850bb0,0.078,,,
3173,2026-09-03,SZ002304,-0.0002971580626408852,EXP_CatBoostModel_Alpha158_csi300_custom_step0_s_20260903_18,b2898ead8a4b4bdcbbe4fe4f7b850bb0,0.078,,,
3174,2026-09-03,SZ002311,-0.0002971580626408852,EXP_CatBoostModel_Alpha158_csi300_custom_step0_s_20260903_18,b2898ead8a4b4bdcbbe4fe4f7b850bb0,0.078,,,
3175,2026-09-03,SZ002352,-0.0002971580626408852,EXP_CatBoostModel_Alpha158_csi300_custom_step0_s_20260903_18,b2898ead8a4b4bdcbbe4fe4f7b850bb0,0.078,,,
3176,2026-09-03,SZ002353,0.0032609181131072465,EXP_CatBoostModel_Alpha158_csi300_custom_step0_s_20260903_18,b2898ead8a4b4bdcbbe4fe4f7b850bb0,0.078,,,
3177,2026-09-03,SZ002371,-0.0011604430105327597,EXP_CatBoostModel_Alpha158_csi300_custom_step0_s_20260903_18,b2898ead8a4b4bdcbbe4fe4f7b850bb0,0.078,,,
3178,2026-09-03,SZ002384,-0.0011604430105327597,EXP_CatBoostModel_Alpha158_csi300_custom_step0_s_20260903_18,b2898ead8a4b4bdcbbe4fe4f7b850bb0,0.078,,,
3179,2026-09-03,SZ002415,-0.0011604430105327597,EXP_CatBoostModel_Alpha158_csi300_custom_step0_s_20260903_18,b2898ead8a4b4bdcbbe4fe4f7b850bb0,0.078,,,
3180,2026-09-03,SZ002422,-0.0011604430105327597,EXP_CatBoostModel_Alpha158_csi300_custom_step0_s_20260903_18,b2898ead8a4b4bdcbbe4fe4f7b850bb0,0.078,,,
3181,2026-09-03,SZ002714,-0.0002971580626408852,EXP_CatBoostModel_Alpha158_csi300_custom_step0_s_20260903_18,b2898ead8a4b4bdcbbe4fe4f7b850bb0,0.078,,,
3182,2026-09-03,SZ002709,-0.0011604430105327597,EXP_CatBoostModel_Alpha158_csi300_custom_step0_s_20260903_18,b2898ead8a4b4bdcbbe4fe4f7b850bb0,0.078,,,
3183,2026-09-03,SZ002648,-0.0002971580626408852,EXP_CatBoostModel_Alpha158_csi300_custom_step0_s_20260903_18,b2898ead8a4b4bdcbbe4fe4f7b850bb0,0.078,,,
3184,2026-09-03,SZ002625,-0.0002971580626408852,EXP_CatBoostModel_Alpha158_csi300_custom_step0_s_20260903_18,b2898ead8a4b4bdcbbe4fe4f7b850bb0,0.078,,,
3185,2026-09-03,SZ002602,-0.0011604430105327597,EXP_CatBoostModel_Alpha158_csi300_custom_step0_s_20260903_18,b2898ead8a4b4bdcbbe4fe4f7b850bb0,0.078,,,
3186,2026-09-03,SZ002600,0.002614477832524275,EXP_CatBoostModel_Alpha158_csi300_custom_step0_s_20260903_18,b2898ead8a4b4bdcbbe4fe4f7b850bb0,0.078,,,
3187,2026-09-03,SZ002028,-0.0011604430105327597,EXP_CatBoostModel_Alpha158_csi300_custom_step0_s_20260903_18,b2898ead8a4b4bdcbbe4fe4f7b850bb0,0.078,,,
3188,2026-09-03,SZ002594,-0.0002971580626408852,EXP_CatBoostModel_Alpha158_csi300_custom_step0_s_20260903_18,b2898ead8a4b4bdcbbe4fe4f7b850bb0,0.078,,,
3189,2026-09-03,SZ002532,-0.0011604430105327597,EXP_CatBoostModel_Alpha158_csi300_custom_step0_s_20260903_18,b2898ead8a4b4bdcbbe4fe4f7b850bb0,0.078,,,
3190,2026-09-03,SZ002493,-0.0002971580626408852,EXP_CatBoostModel_Alpha158_csi300_custom_step0_s_20260903_18,b2898ead8a4b4bdcbbe4fe4f7b850bb0,0.078,,,
3191,2026-09-03,SZ002475,-0.0011604430105327597,EXP_CatBoostModel_Alpha158_csi300_custom_step0_s_20260903_18,b2898ead8a4b4bdcbbe4fe4f7b850bb0,0.078,,,
3192,2026-09-03,SZ002466,-0.0002971580626408852,EXP_CatBoostModel_Alpha158_csi300_custom_step0_s_20260903_18,b2898ead8a4b4bdcbbe4fe4f7b850bb0,0.078,,,
3193,2026-09-03,SZ002463,-0.0011604430105327597,EXP_CatBoostModel_Alpha158_csi300_custom_step0_s_20260903_18,b2898ead8a4b4bdcbbe4fe4f7b850bb0,0.078,,,
3194,2026-09-03,SZ002460,-0.0011604430105327597,EXP_CatBoostModel_Alpha158_csi300_custom_step0_s_20260903_18,b2898ead8a4b4bdcbbe4fe4f7b850bb0,0.078,,,
3195,2026-09-03,SZ002558,-0.0011604430105327597,EXP_CatBoostModel_Alpha158_csi300_custom_step0_s_20260903_18,b2898ead8a4b4bdcbbe4fe4f7b850bb0,0.078,,,
3196,2026-09-03,SZ002027,-0.0002971580626408852,EXP_CatBoostModel_Alpha158_csi300_custom_step0_s_20260903_18,b2898ead8a4b4bdcbbe4fe4f7b850bb0,0.078,,,
3197,2026-09-03,SZ002001,-0.0002971580626408852,EXP_CatBoostModel_Alpha158_csi300_custom_step0_s_20260903_18,b2898ead8a4b4bdcbbe4fe4f7b850bb0,0.078,,,
3198,2026-09-03,SZ001979,-0.0011604430105327597,EXP_CatBoostModel_Alpha158_csi300_custom_step0_s_20260903_18,b2898ead8a4b4bdcbbe4fe4f7b850bb0,0.078,,,
3199,2026-09-03,SZ000651,0.001326410761114645,EXP_CatBoostModel_Alpha158_csi300_custom_step0_s_20260903_18,b2898ead8a4b4bdcbbe4fe4f7b850bb0,0.078,,,
3200,2026-09-03,SZ000630,-0.0011604430105327597,EXP_CatBoostModel_Alpha158_csi300_custom_step0_s_20260903_18,b2898ead8a4b4bdcbbe4fe4f7b850bb0,0.078,,,
3201,2026-09-03,SZ000625,-0.0002971580626408852,EXP_CatBoostModel_Alpha158_csi300_custom_step0_s_20260903_18,b2898ead8a4b4bdcbbe4fe4f7b850bb0,0.078,,,
3202,2026-09-03,SZ000617,-0.0011604430105327597,EXP_CatBoostModel_Alpha158_csi300_custom_step0_s_20260903_18,b2898ead8a4b4bdcbbe4fe4f7b850bb0,0.078,,,
3203,2026-09-03,SZ000596,-0.0011604430105327597,EXP_CatBoostModel_Alpha158_csi300_custom_step0_s_20260903_18,b2898ead8a4b4bdcbbe4fe4f7b850bb0,0.078,,,
3204,2026-09-03,SZ000568,-0.0011604430105327597,EXP_CatBoostModel_Alpha158_csi300_custom_step0_s_20260903_18,b2898ead8a4b4bdcbbe4fe4f7b850bb0,0.078,,,
3205,2026-09-03,SZ000657,-0.0011604430105327597,EXP_CatBoostModel_Alpha158_csi300_custom_step0_s_20260903_18,b2898ead8a4b4bdcbbe4fe4f7b850bb0,0.078,,,
3206,2026-09-03,SZ000538,0.002614477832524275,EXP_CatBoostModel_Alpha158_csi300_custom_step0_s_20260903_18,b2898ead8a4b4bdcbbe4fe4f7b850bb0,0.078,,,
3207,2026-09-03,SZ000408,-0.0011604430105327597,EXP_CatBoostModel_Alpha158_csi300_custom_step0_s_20260903_18,b2898ead8a4b4bdcbbe4fe4f7b850bb0,0.078,,,
3208,2026-09-03,SZ000338,-0.0011604430105327597,EXP_CatBoostModel_Alpha158_csi300_custom_step0_s_20260903_18,b2898ead8a4b4bdcbbe4fe4f7b850bb0,0.078,,,
3209,2026-09-03,SZ000333,0.001326410761114645,EXP_CatBoostModel_Alpha158_csi300_custom_step0_s_20260903_18,b2898ead8a4b4bdcbbe4fe4f7b850bb0,0.078,,,
3210,2026-09-03,SZ000301,-0.0002971580626408852,EXP_CatBoostModel_Alpha158_csi300_custom_step0_s_20260903_18,b2898ead8a4b4bdcbbe4fe4f7b850bb0,0.078,,,
3211,2026-09-03,SZ000166,0.002614477832524275,EXP_CatBoostModel_Alpha158_csi300_custom_step0_s_20260903_18,b2898ead8a4b4bdcbbe4fe4f7b850bb0,0.078,,,
3212,2026-09-03,SZ000157,-0.0002971580626408852,EXP_CatBoostModel_Alpha158_csi300_custom_step0_s_20260903_18,b2898ead8a4b4bdcbbe4fe4f7b850bb0,0.078,,,
3213,2026-09-03,SZ000425,-0.0002971580626408852,EXP_CatBoostModel_Alpha158_csi300_custom_step0_s_20260903_18,b2898ead8a4b4bdcbbe4fe4f7b850bb0,0.078,,,
3214,2026-09-03,SH601633,-0.0002971580626408852,EXP_CatBoostModel_Alpha158_csi300_custom_step0_s_20260903_18,b2898ead8a4b4bdcbbe4fe4f7b850bb0,0.078,,,
3215,2026-09-03,SZ000708,-0.0002971580626408852,EXP_CatBoostModel_Alpha158_csi300_custom_step0_s_20260903_18,b2898ead8a4b4bdcbbe4fe4f7b850bb0,0.078,,,
3216,2026-09-03,SZ000768,-0.0002971580626408852,EXP_CatBoostModel_Alpha158_csi300_custom_step0_s_20260903_18,b2898ead8a4b4bdcbbe4fe4f7b850bb0,0.078,,,
3217,2026-09-03,SZ001965,-0.0011604430105327597,EXP_CatBoostModel_Alpha158_csi300_custom_step0_s_20260903_18,b2898ead8a4b4bdcbbe4fe4f7b850bb0,0.078,,,
3218,2026-09-03,SZ001391,-0.0002971580626408852,EXP_CatBoostModel_Alpha158_csi300_custom_step0_s_20260903_18,b2898ead8a4b4bdcbbe4fe4f7b850bb0,0.078,,,
3219,2026-09-03,SZ001280,-0.0002971580626408852,EXP_CatBoostModel_Alpha158_csi300_custom_step0_s_20260903_18,b2898ead8a4b4bdcbbe4fe4f7b850bb0,0.078,,,
3220,2026-09-03,SZ000999,0.002614477832524275,EXP_CatBoostModel_Alpha158_csi300_custom_step0_s_20260903_18,b2898ead8a4b4bdcbbe4fe4f7b850bb0,0.078,,,
3221,2026-09-03,SZ000988,-0.0011604430105327597,EXP_CatBoostModel_Alpha158_csi300_custom_step0_s_20260903_18,b2898ead8a4b4bdcbbe4fe4f7b850bb0,0.078,,,
3222,2026-09-03,SZ000977,-0.0011604430105327597,EXP_CatBoostModel_Alpha158_csi300_custom_step0_s_20260903_18,b2898ead8a4b4bdcbbe4fe4f7b850bb0,0.078,,,
3223,2026-09-03,SZ000725,-0.0011604430105327597,EXP_CatBoostModel_Alpha158_csi300_custom_step0_s_20260903_18,b2898ead8a4b4bdcbbe4fe4f7b850bb0,0.078,,,
3224,2026-09-03,SZ000975,-0.0002971580626408852,EXP_CatBoostModel_Alpha158_csi300_custom_step0_s_20260903_18,b2898ead8a4b4bdcbbe4fe4f7b850bb0,0.078,,,
3225,2026-09-03,SZ000938,-0.0011604430105327597,EXP_CatBoostModel_Alpha158_csi300_custom_step0_s_20260903_18,b2898ead8a4b4bdcbbe4fe4f7b850bb0,0.078,,,
3226,2026-09-03,SZ000895,-0.0002971580626408852,EXP_CatBoostModel_Alpha158_csi300_custom_step0_s_20260903_18,b2898ead8a4b4bdcbbe4fe4f7b850bb0,0.078,,,
3227,2026-09-03,SZ000858,-0.0002971580626408852,EXP_CatBoostModel_Alpha158_csi300_custom_step0_s_20260903_18,b2898ead8a4b4bdcbbe4fe4f7b850bb0,0.078,,,
3228,2026-09-03,SZ000807,-0.0011604430105327597,EXP_CatBoostModel_Alpha158_csi300_custom_step0_s_20260903_18,b2898ead8a4b4bdcbbe4fe4f7b850bb0,0.078,,,
3229,2026-09-03,SZ000792,-0.0011604430105327597,EXP_CatBoostModel_Alpha158_csi300_custom_step0_s_20260903_18,b2898ead8a4b4bdcbbe4fe4f7b850bb0,0.078,,,
3230,2026-09-03,SZ000776,0.002614477832524275,EXP_CatBoostModel_Alpha158_csi300_custom_step0_s_20260903_18,b2898ead8a4b4bdcbbe4fe4f7b850bb0,0.078,,,
3231,2026-09-03,SZ000963,-0.0011604430105327597,EXP_CatBoostModel_Alpha158_csi300_custom_step0_s_20260903_18,b2898ead8a4b4bdcbbe4fe4f7b850bb0,0.078,,,
3232,2026-09-03,SZ001280,-9.741216403961211e-11,EXP_LGBModel_Alpha158_csi300_custom_step0_s_20260903_18,f8fd554d9a38492ba8d59f949ff8a132,0.054,,,
3233,2026-09-03,SH601628,-0.0011604430105327597,EXP_CatBoostModel_Alpha158_csi300_custom_step0_s_20260903_18,b2898ead8a4b4bdcbbe4fe4f7b850bb0,0.078,,,
3234,2026-09-03,SH601607,0.001326410761114645,EXP_CatBoostModel_Alpha158_csi300_custom_step0_s_20260903_18,b2898ead8a4b4bdcbbe4fe4f7b850bb0,0.078,,,
3235,2026-09-03,SH600039,-0.0011604430105327597,EXP_CatBoostModel_Alpha158_csi300_custom_step0_s_20260903_18,b2898ead8a4b4bdcbbe4fe4f7b850bb0,0.078,,,
3236,2026-09-03,SH600048,-0.0011604430105327597,EXP_CatBoostModel_Alpha158_csi300_custom_step0_s_20260903_18,b2898ead8a4b4bdcbbe4fe4f7b850bb0,0.078,,,
3237,2026-09-03,SH600050,0.0034590124413916437,EXP_CatBoostModel_Alpha158_csi300_custom_step0_s_20260903_18,b2898ead8a4b4bdcbbe4fe4f7b850bb0,0.078,,,
3238,2026-09-03,SH600061,0.002614477832524275,EXP_CatBoostModel_Alpha158_csi300_custom_step0_s_20260903_18,b2898ead8a4b4bdcbbe4fe4f7b850bb0,0.078,,,
3239,2026-09-03,SH600066,-0.0002971580626408852,EXP_CatBoostModel_Alpha158_csi300_custom_step0_s_20260903_18,b2898ead8a4b4bdcbbe4fe4f7b850bb0,0.078,,,
3240,2026-09-03,SH600085,-0.0002971580626408852,EXP_CatBoostModel_Alpha158_csi300_custom_step0_s_20260903_18,b2898ead8a4b4bdcbbe4fe4f7b850bb0,0.078,,,
3241,2026-09-03,SH600089,-0.0002971580626408852,EXP_CatBoostModel_Alpha158_csi300_custom_step0_s_20260903_18,b2898ead8a4b4bdcbbe4fe4f7b850bb0,0.078,,,
3242,2026-09-03,SH600104,-0.0011604430105327597,EXP_CatBoostModel_Alpha158_csi300_custom_step0_s_20260903_18,b2898ead8a4b4bdcbbe4fe4f7b850bb0,0.078,,,
3243,2026-09-03,SH600111,-0.0011604430105327597,EXP_CatBoostModel_Alpha158_csi300_custom_step0_s_20260903_18,b2898ead8a4b4bdcbbe4fe4f7b850bb0,0.078,,,
3244,2026-09-03,SH600115,-0.0002971580626408852,EXP_CatBoostModel_Alpha158_csi300_custom_step0_s_20260903_18,b2898ead8a4b4bdcbbe4fe4f7b850bb0,0.078,,,
3245,2026-09-03,SH600118,-0.0011604430105327597,EXP_CatBoostModel_Alpha158_csi300_custom_step0_s_20260903_18,b2898ead8a4b4bdcbbe4fe4f7b850bb0,0.078,,,
3246,2026-09-03,SH600150,0.001326410761114645,EXP_CatBoostModel_Alpha158_csi300_custom_step0_s_20260903_18,b2898ead8a4b4bdcbbe4fe4f7b850bb0,0.078,,,
3247,2026-09-03,SH600160,-0.0011604430105327597,EXP_CatBoostModel_Alpha158_csi300_custom_step0_s_20260903_18,b2898ead8a4b4bdcbbe4fe4f7b850bb0,0.078,,,
3248,2026-09-03,SH600176,-0.0011604430105327597,EXP_CatBoostModel_Alpha158_csi300_custom_step0_s_20260903_18,b2898ead8a4b4bdcbbe4fe4f7b850bb0,0.078,,,
3249,2026-09-03,SH600183,-0.0002971580626408852,EXP_CatBoostModel_Alpha158_csi300_custom_step0_s_20260903_18,b2898ead8a4b4bdcbbe4fe4f7b850bb0,0.078,,,
3250,2026-09-03,SH600188,-0.0002971580626408852,EXP_CatBoostModel_Alpha158_csi300_custom_step0_s_20260903_18,b2898ead8a4b4bdcbbe4fe4f7b850bb0,0.078,,,
3251,2026-09-03,SH600196,-0.0011604430105327597,EXP_CatBoostModel_Alpha158_csi300_custom_step0_s_20260903_18,b2898ead8a4b4bdcbbe4fe4f7b850bb0,0.078,,,
3252,2026-09-03,SH600460,-0.0011604430105327597,EXP_CatBoostModel_Alpha158_csi300_custom_step0_s_20260903_18,b2898ead8a4b4bdcbbe4fe4f7b850bb0,0.078,,,
3253,2026-09-03,SH600438,-0.0011604430105327597,EXP_CatBoostModel_Alpha158_csi300_custom_step0_s_20260903_18,b2898ead8a4b4bdcbbe4fe4f7b850bb0,0.078,,,
3254,2026-09-03,SH600436,-0.0002971580626408852,EXP_CatBoostModel_Alpha158_csi300_custom_step0_s_20260903_18,b2898ead8a4b4bdcbbe4fe4f7b850bb0,0.078,,,
3255,2026-09-03,SH600426,-0.003016413457224478,EXP_CatBoostModel_Alpha158_csi300_custom_step0_s_20260903_18,b2898ead8a4b4bdcbbe4fe4f7b850bb0,0.078,,,
3256,2026-09-03,SH600415,-0.0011604430105327597,EXP_CatBoostModel_Alpha158_csi300_custom_step0_s_20260903_18,b2898ead8a4b4bdcbbe4fe4f7b850bb0,0.078,,,
3257,2026-09-03,SH600406,-0.0002971580626408852,EXP_CatBoostModel_Alpha158_csi300_custom_step0_s_20260903_18,b2898ead8a4b4bdcbbe4fe4f7b850bb0,0.078,,,
3258,2026-09-03,SH600036,0.002614477832524275,EXP_CatBoostModel_Alpha158_csi300_custom_step0_s_20260903_18,b2898ead8a4b4bdcbbe4fe4f7b850bb0,0.078,,,
3259,2026-09-03,SH600372,0.002614477832524275,EXP_CatBoostModel_Alpha158_csi300_custom_step0_s_20260903_18,b2898ead8a4b4bdcbbe4fe4f7b850bb0,0.078,,,
3260,2026-09-03,SH600346,-0.0002971580626408852,EXP_CatBoostModel_Alpha158_csi300_custom_step0_s_20260903_18,b2898ead8a4b4bdcbbe4fe4f7b850bb0,0.078,,,
3261,2026-09-03,SH600309,0.002614477832524275,EXP_CatBoostModel_Alpha158_csi300_custom_step0_s_20260903_18,b2898ead8a4b4bdcbbe4fe4f7b850bb0,0.078,,,
3262,2026-09-03,SH600276,-0.0002971580626408852,EXP_CatBoostModel_Alpha158_csi300_custom_step0_s_20260903_18,b2898ead8a4b4bdcbbe4fe4f7b850bb0,0.078,,,
3263,2026-09-03,SH600233,-0.0011604430105327597,EXP_CatBoostModel_Alpha158_csi300_custom_step0_s_20260903_18,b2898ead8a4b4bdcbbe4fe4f7b850bb0,0.078,,,
3264,2026-09-03,SH600221,0.0017662395152576729,EXP_CatBoostModel_Alpha158_csi300_custom_step0_s_20260903_18,b2898ead8a4b4bdcbbe4fe4f7b850bb0,0.078,,,
3265,2026-09-03,SH600219,-0.0002971580626408852,EXP_CatBoostModel_Alpha158_csi300_custom_step0_s_20260903_18,b2898ead8a4b4bdcbbe4fe4f7b850bb0,0.078,,,
3266,2026-09-03,SH600362,-0.0002971580626408852,EXP_CatBoostModel_Alpha158_csi300_custom_step0_s_20260903_18,b2898ead8a4b4bdcbbe4fe4f7b850bb0,0.078,,,
3267,2026-09-03,SH600482,-0.0002971580626408852,EXP_CatBoostModel_Alpha158_csi300_custom_step0_s_20260903_18,b2898ead8a4b4bdcbbe4fe4f7b850bb0,0.078,,,
3268,2026-09-03,SH600031,-0.0011604430105327597,EXP_CatBoostModel_Alpha158_csi300_custom_step0_s_20260903_18,b2898ead8a4b4bdcbbe4fe4f7b850bb0,0.078,,,
3269,2026-09-03,SH600029,0.0008460725536376121,EXP_CatBoostModel_Alpha158_csi300_custom_step0_s_20260903_18,b2898ead8a4b4bdcbbe4fe4f7b850bb0,0.078,,,
3270,2026-09-03,SZ300450,-0.0010991171584125686,EXP_CatBoostModel_Alpha158_csi300_custom_step0_s_20260903_18,0f2a89b25043409f82399b334300ed46,0.061,,,
3271,2026-09-03,SZ300476,-0.003741135148112515,EXP_CatBoostModel_Alpha158_csi300_custom_step0_s_20260903_18,0f2a89b25043409f82399b334300ed46,0.061,,,
3272,2026-09-03,SZ300498,0.003978835686471357,EXP_CatBoostModel_Alpha158_csi300_custom_step0_s_20260903_18,0f2a89b25043409f82399b334300ed46,0.061,,,
3273,2026-09-03,SZ300502,-4.6215852034248626e-05,EXP_CatBoostModel_Alpha158_csi300_custom_step0_s_20260903_18,0f2a89b25043409f82399b334300ed46,0.061,,,
3274,2026-09-03,SZ300628,-0.0021803672711266796,EXP_CatBoostModel_Alpha158_csi300_custom_step0_s_20260903_18,0f2a89b25043409f82399b334300ed46,0.061,,,
3275,2026-09-03,SZ300661,-0.0010991171584125686,EXP_CatBoostModel_Alpha158_csi300_custom_step0_s_20260903_18,0f2a89b25043409f82399b334300ed46,0.061,,,
3276,2026-09-03,SZ300750,-4.6215852034248626e-05,EXP_CatBoostModel_Alpha158_csi300_custom_step0_s_20260903_18,0f2a89b25043409f82399b334300ed46,0.061,,,
3277,2026-09-03,SZ300760,-0.0021803672711266796,EXP_CatBoostModel_Alpha158_csi300_custom_step0_s_20260903_18,0f2a89b25043409f82399b334300ed46,0.061,,,
3278,2026-09-03,SZ300803,-0.0010991171584125686,EXP_CatBoostModel_Alpha158_csi300_custom_step0_s_20260903_18,0f2a89b25043409f82399b334300ed46,0.061,,,
3279,2026-09-03,SZ300832,-0.0010991171584125686,EXP_CatBoostModel_Alpha158_csi300_custom_step0_s_20260903_18,0f2a89b25043409f82399b334300ed46,0.061,,,
3280,2026-09-03,SZ300866,-0.0021803672711266796,EXP_CatBoostModel_Alpha158_csi300_custom_step0_s_20260903_18,0f2a89b25043409f82399b334300ed46,0.061,,,
3281,2026-09-03,SZ300896,-4.6215852034248626e-05,EXP_CatBoostModel_Alpha158_csi300_custom_step0_s_20260903_18,0f2a89b25043409f82399b334300ed46,0.061,,,
3282,2026-09-03,SZ300999,0.0007297587346991725,EXP_CatBoostModel_Alpha158_csi300_custom_step0_s_20260903_18,0f2a89b25043409f82399b334300ed46,0.061,,,
3283,2026-09-03,SZ301165,0.005646252510208539,EXP_CatBoostModel_Alpha158_csi300_custom_step0_s_20260903_18,0f2a89b25043409f82399b334300ed46,0.061,,,
3284,2026-09-03,SZ301236,-0.0010991171584125686,EXP_CatBoostModel_Alpha158_csi300_custom_step0_s_20260903_18,0f2a89b25043409f82399b334300ed46,0.061,,,
3285,2026-09-03,SZ301269,-0.0010991171584125686,EXP_CatBoostModel_Alpha158_csi300_custom_step0_s_20260903_18,0f2a89b25043409f82399b334300ed46,0.061,,,
3286,2026-09-03,SZ301308,-0.0010991171584125686,EXP_CatBoostModel_Alpha158_csi300_custom_step0_s_20260903_18,0f2a89b25043409f82399b334300ed46,0.061,,,
3287,2026-09-03,SH600028,-0.0011604430105327597,EXP_CatBoostModel_Alpha158_csi300_custom_step0_s_20260903_18,b2898ead8a4b4bdcbbe4fe4f7b850bb0,0.078,,,
3288,2026-09-03,SH600027,0.002614477832524275,EXP_CatBoostModel_Alpha158_csi300_custom_step0_s_20260903_18,b2898ead8a4b4bdcbbe4fe4f7b850bb0,0.078,,,
3289,2026-09-03,SH600026,-0.0002971580626408852,EXP_CatBoostModel_Alpha158_csi300_custom_step0_s_20260903_18,b2898ead8a4b4bdcbbe4fe4f7b850bb0,0.078,,,
3290,2026-09-03,SH600025,0.001326410761114645,EXP_CatBoostModel_Alpha158_csi300_custom_step0_s_20260903_18,b2898ead8a4b4bdcbbe4fe4f7b850bb0,0.078,,,
3291,2026-09-03,SH600023,-0.001311842925766291,EXP_CatBoostModel_Alpha158_csi300_custom_step0_s_20260903_18,b2898ead8a4b4bdcbbe4fe4f7b850bb0,0.078,,,
3292,2026-09-03,SH600019,0.001326410761114645,EXP_CatBoostModel_Alpha158_csi300_custom_step0_s_20260903_18,b2898ead8a4b4bdcbbe4fe4f7b850bb0,0.078,,,
3293,2026-09-03,SH600030,0.002614477832524275,EXP_CatBoostModel_Alpha158_csi300_custom_step0_s_20260903_18,b2898ead8a4b4bdcbbe4fe4f7b850bb0,0.078,,,
3294,2026-09-03,SH600018,0.001468102846326606,EXP_CatBoostModel_Alpha158_csi300_custom_step0_s_20260903_18,b2898ead8a4b4bdcbbe4fe4f7b850bb0,0.078,,,
3295,2026-09-03,SH600015,-0.0002971580626408852,EXP_CatBoostModel_Alpha158_csi300_custom_step0_s_20260903_18,b2898ead8a4b4bdcbbe4fe4f7b850bb0,0.078,,,
3296,2026-09-03,SH600011,-0.0002971580626408852,EXP_CatBoostModel_Alpha158_csi300_custom_step0_s_20260903_18,b2898ead8a4b4bdcbbe4fe4f7b850bb0,0.078,,,
3297,2026-09-03,SH600010,0.002614477832524275,EXP_CatBoostModel_Alpha158_csi300_custom_step0_s_20260903_18,b2898ead8a4b4bdcbbe4fe4f7b850bb0,0.078,,,
3298,2026-09-03,SH600009,0.001326410761114645,EXP_CatBoostModel_Alpha158_csi300_custom_step0_s_20260903_18,b2898ead8a4b4bdcbbe4fe4f7b850bb0,0.078,,,
3299,2026-09-03,SH600000,0.001326410761114645,EXP_CatBoostModel_Alpha158_csi300_custom_step0_s_20260903_18,b2898ead8a4b4bdcbbe4fe4f7b850bb0,0.078,,,
3300,2026-09-03,SZ302132,0.001598482725825172,EXP_CatBoostModel_Alpha158_csi300_custom_step0_s_20260903_18,0f2a89b25043409f82399b334300ed46,0.061,,,
3301,2026-09-03,SH600016,0.001326410761114645,EXP_CatBoostModel_Alpha158_csi300_custom_step0_s_20260903_18,b2898ead8a4b4bdcbbe4fe4f7b850bb0,0.078,,,
3302,2026-09-03,SH600489,-0.0002971580626408852,EXP_CatBoostModel_Alpha158_csi300_custom_step0_s_20260903_18,b2898ead8a4b4bdcbbe4fe4f7b850bb0,0.078,,,
3303,2026-09-03,SH600515,-0.0011604430105327597,EXP_CatBoostModel_Alpha158_csi300_custom_step0_s_20260903_18,b2898ead8a4b4bdcbbe4fe4f7b850bb0,0.078,,,
3304,2026-09-03,SH600519,0.0034590124413916437,EXP_CatBoostModel_Alpha158_csi300_custom_step0_s_20260903_18,b2898ead8a4b4bdcbbe4fe4f7b850bb0,0.078,,,
3305,2026-09-03,SH601021,-0.0002971580626408852,EXP_CatBoostModel_Alpha158_csi300_custom_step0_s_20260903_18,b2898ead8a4b4bdcbbe4fe4f7b850bb0,0.078,,,
3306,2026-09-03,SH601058,-0.0002971580626408852,EXP_CatBoostModel_Alpha158_csi300_custom_step0_s_20260903_18,b2898ead8a4b4bdcbbe4fe4f7b850bb0,0.078,,,
3307,2026-09-03,SH601059,0.002614477832524275,EXP_CatBoostModel_Alpha158_csi300_custom_step0_s_20260903_18,b2898ead8a4b4bdcbbe4fe4f7b850bb0,0.078,,,
3308,2026-09-03,SH601066,0.0008460725536376121,EXP_CatBoostModel_Alpha158_csi300_custom_step0_s_20260903_18,b2898ead8a4b4bdcbbe4fe4f7b850bb0,0.078,,,
3309,2026-09-03,SH601077,-0.0002971580626408852,EXP_CatBoostModel_Alpha158_csi300_custom_step0_s_20260903_18,b2898ead8a4b4bdcbbe4fe4f7b850bb0,0.078,,,
3310,2026-09-03,SH601088,-0.0002971580626408852,EXP_CatBoostModel_Alpha158_csi300_custom_step0_s_20260903_18,b2898ead8a4b4bdcbbe4fe4f7b850bb0,0.078,,,
3311,2026-09-03,SH601100,-0.0011604430105327597,EXP_CatBoostModel_Alpha158_csi300_custom_step0_s_20260903_18,b2898ead8a4b4bdcbbe4fe4f7b850bb0,0.078,,,
3312,2026-09-03,SH601111,-0.0002971580626408852,EXP_CatBoostModel_Alpha158_csi300_custom_step0_s_20260903_18,b2898ead8a4b4bdcbbe4fe4f7b850bb0,0.078,,,
3313,2026-09-03,SH601117,0.0008460725536376121,EXP_CatBoostModel_Alpha158_csi300_custom_step0_s_20260903_18,b2898ead8a4b4bdcbbe4fe4f7b850bb0,0.078,,,
3314,2026-09-03,SH601127,-0.0002971580626408852,EXP_CatBoostModel_Alpha158_csi300_custom_step0_s_20260903_18,b2898ead8a4b4bdcbbe4fe4f7b850bb0,0.078,,,
3315,2026-09-03,SH601136,-0.0011604430105327597,EXP_CatBoostModel_Alpha158_csi300_custom_step0_s_20260903_18,b2898ead8a4b4bdcbbe4fe4f7b850bb0,0.078,,,
3316,2026-09-03,SH601138,-0.0011604430105327597,EXP_CatBoostModel_Alpha158_csi300_custom_step0_s_20260903_18,b2898ead8a4b4bdcbbe4fe4f7b850bb0,0.078,,,
3317,2026-09-03,SH601166,0.0034590124413916437,EXP_CatBoostModel_Alpha158_csi300_custom_step0_s_20260903_18,b2898ead8a4b4bdcbbe4fe4f7b850bb0,0.078,,,
3318,2026-09-03,SH601169,-0.0011604430105327597,EXP_CatBoostModel_Alpha158_csi300_custom_step0_s_20260903_18,b2898ead8a4b4bdcbbe4fe4f7b850bb0,0.078,,,
3319,2026-09-03,SH601186,0.001326410761114645,EXP_CatBoostModel_Alpha158_csi300_custom_step0_s_20260903_18,b2898ead8a4b4bdcbbe4fe4f7b850bb0,0.078,,,
3320,2026-09-03,SH601211,-0.0002971580626408852,EXP_CatBoostModel_Alpha158_csi300_custom_step0_s_20260903_18,b2898ead8a4b4bdcbbe4fe4f7b850bb0,0.078,,,
3321,2026-09-03,SH601225,-0.0002971580626408852,EXP_CatBoostModel_Alpha158_csi300_custom_step0_s_20260903_18,b2898ead8a4b4bdcbbe4fe4f7b850bb0,0.078,,,
3322,2026-09-03,SH601601,-0.0011604430105327597,EXP_CatBoostModel_Alpha158_csi300_custom_step0_s_20260903_18,b2898ead8a4b4bdcbbe4fe4f7b850bb0,0.078,,,
3323,2026-09-03,SH601600,0.002614477832524275,EXP_CatBoostModel_Alpha158_csi300_custom_step0_s_20260903_18,b2898ead8a4b4bdcbbe4fe4f7b850bb0,0.078,,,
3324,2026-09-03,SH601456,0.002614477832524275,EXP_CatBoostModel_Alpha158_csi300_custom_step0_s_20260903_18,b2898ead8a4b4bdcbbe4fe4f7b850bb0,0.078,,,
3325,2026-09-03,SH601398,-0.0011604430105327597,EXP_CatBoostModel_Alpha158_csi300_custom_step0_s_20260903_18,b2898ead8a4b4bdcbbe4fe4f7b850bb0,0.078,,,
3326,2026-09-03,SH601390,0.0034590124413916437,EXP_CatBoostModel_Alpha158_csi300_custom_step0_s_20260903_18,b2898ead8a4b4bdcbbe4fe4f7b850bb0,0.078,,,
3327,2026-09-03,SH601377,0.0006031298079912329,EXP_CatBoostModel_Alpha158_csi300_custom_step0_s_20260903_18,b2898ead8a4b4bdcbbe4fe4f7b850bb0,0.078,,,
3328,2026-09-03,SH601018,0.002614477832524275,EXP_CatBoostModel_Alpha158_csi300_custom_step0_s_20260903_18,b2898ead8a4b4bdcbbe4fe4f7b850bb0,0.078,,,
3329,2026-09-03,SH601360,-0.0011604430105327597,EXP_CatBoostModel_Alpha158_csi300_custom_step0_s_20260903_18,b2898ead8a4b4bdcbbe4fe4f7b850bb0,0.078,,,
3330,2026-09-03,SH601328,0.002614477832524275,EXP_CatBoostModel_Alpha158_csi300_custom_step0_s_20260903_18,b2898ead8a4b4bdcbbe4fe4f7b850bb0,0.078,,,
3331,2026-09-03,SH601319,-0.0011604430105327597,EXP_CatBoostModel_Alpha158_csi300_custom_step0_s_20260903_18,b2898ead8a4b4bdcbbe4fe4f7b850bb0,0.078,,,
3332,2026-09-03,SH601318,-0.0011604430105327597,EXP_CatBoostModel_Alpha158_csi300_custom_step0_s_20260903_18,b2898ead8a4b4bdcbbe4fe4f7b850bb0,0.078,,,
3333,2026-09-03,SH601288,-0.0011604430105327597,EXP_CatBoostModel_Alpha158_csi300_custom_step0_s_20260903_18,b2898ead8a4b4bdcbbe4fe4f7b850bb0,0.078,,,
3334,2026-09-03,SH601238,-0.0011604430105327597,EXP_CatBoostModel_Alpha158_csi300_custom_step0_s_20260903_18,b2898ead8a4b4bdcbbe4fe4f7b850bb0,0.078,,,
3335,2026-09-03,SH601229,0.002614477832524275,EXP_CatBoostModel_Alpha158_csi300_custom_step0_s_20260903_18,b2898ead8a4b4bdcbbe4fe4f7b850bb0,0.078,,,
3336,2026-09-03,SH601336,0.001326410761114645,EXP_CatBoostModel_Alpha158_csi300_custom_step0_s_20260903_18,b2898ead8a4b4bdcbbe4fe4f7b850bb0,0.078,,,
3337,2026-09-03,SH601012,-0.0002971580626408852,EXP_CatBoostModel_Alpha158_csi300_custom_step0_s_20260903_18,b2898ead8a4b4bdcbbe4fe4f7b850bb0,0.078,,,
3338,2026-09-03,SH601009,0.001326410761114645,EXP_CatBoostModel_Alpha158_csi300_custom_step0_s_20260903_18,b2898ead8a4b4bdcbbe4fe4f7b850bb0,0.078,,,
3339,2026-09-03,SH601006,0.002614477832524275,EXP_CatBoostModel_Alpha158_csi300_custom_step0_s_20260903_18,b2898ead8a4b4bdcbbe4fe4f7b850bb0,0.078,,,
3340,2026-09-03,SH600795,0.002614477832524275,EXP_CatBoostModel_Alpha158_csi300_custom_step0_s_20260903_18,b2898ead8a4b4bdcbbe4fe4f7b850bb0,0.078,,,
3341,2026-09-03,SH600760,-0.0002971580626408852,EXP_CatBoostModel_Alpha158_csi300_custom_step0_s_20260903_18,b2898ead8a4b4bdcbbe4fe4f7b850bb0,0.078,,,
3342,2026-09-03,SH600741,-0.0002971580626408852,EXP_CatBoostModel_Alpha158_csi300_custom_step0_s_20260903_18,b2898ead8a4b4bdcbbe4fe4f7b850bb0,0.078,,,
3343,2026-09-03,SH600690,0.001326410761114645,EXP_CatBoostModel_Alpha158_csi300_custom_step0_s_20260903_18,b2898ead8a4b4bdcbbe4fe4f7b850bb0,0.078,,,
3344,2026-09-03,SH600674,0.002614477832524275,EXP_CatBoostModel_Alpha158_csi300_custom_step0_s_20260903_18,b2898ead8a4b4bdcbbe4fe4f7b850bb0,0.078,,,
3345,2026-09-03,SH600660,0.001326410761114645,EXP_CatBoostModel_Alpha158_csi300_custom_step0_s_20260903_18,b2898ead8a4b4bdcbbe4fe4f7b850bb0,0.078,,,
3346,2026-09-03,SH600803,-0.0011604430105327597,EXP_CatBoostModel_Alpha158_csi300_custom_step0_s_20260903_18,b2898ead8a4b4bdcbbe4fe4f7b850bb0,0.078,,,
3347,2026-09-03,SH600600,-0.0002971580626408852,EXP_CatBoostModel_Alpha158_csi300_custom_step0_s_20260903_18,b2898ead8a4b4bdcbbe4fe4f7b850bb0,0.078,,,
3348,2026-09-03,SH600585,0.002614477832524275,EXP_CatBoostModel_Alpha158_csi300_custom_step0_s_20260903_18,b2898ead8a4b4bdcbbe4fe4f7b850bb0,0.078,,,
3349,2026-09-03,SH600584,-0.0011604430105327597,EXP_CatBoostModel_Alpha158_csi300_custom_step0_s_20260903_18,b2898ead8a4b4bdcbbe4fe4f7b850bb0,0.078,,,
3350,2026-09-03,SH600570,-0.0011604430105327597,EXP_CatBoostModel_Alpha158_csi300_custom_step0_s_20260903_18,b2898ead8a4b4bdcbbe4fe4f7b850bb0,0.078,,,
3351,2026-09-03,SH600549,-0.0011604430105327597,EXP_CatBoostModel_Alpha158_csi300_custom_step0_s_20260903_18,b2898ead8a4b4bdcbbe4fe4f7b850bb0,0.078,,,
3352,2026-09-03,SH600547,0.00317474475772418,EXP_CatBoostModel_Alpha158_csi300_custom_step0_s_20260903_18,b2898ead8a4b4bdcbbe4fe4f7b850bb0,0.078,,,
3353,2026-09-03,SH600522,-0.0002971580626408852,EXP_CatBoostModel_Alpha158_csi300_custom_step0_s_20260903_18,b2898ead8a4b4bdcbbe4fe4f7b850bb0,0.078,,,
3354,2026-09-03,SH600588,-0.0011604430105327597,EXP_CatBoostModel_Alpha158_csi300_custom_step0_s_20260903_18,b2898ead8a4b4bdcbbe4fe4f7b850bb0,0.078,,,
3355,2026-09-03,SH601618,0.0008460725536376121,EXP_CatBoostModel_Alpha158_csi300_custom_step0_s_20260903_18,b2898ead8a4b4bdcbbe4fe4f7b850bb0,0.078,,,
3356,2026-09-03,SH600809,-0.0011604430105327597,EXP_CatBoostModel_Alpha158_csi300_custom_step0_s_20260903_18,b2898ead8a4b4bdcbbe4fe4f7b850bb0,0.078,,,
3357,2026-09-03,SH600875,-0.0011604430105327597,EXP_CatBoostModel_Alpha158_csi300_custom_step0_s_20260903_18,b2898ead8a4b4bdcbbe4fe4f7b850bb0,0.078,,,
3358,2026-09-03,SH600999,0.002614477832524275,EXP_CatBoostModel_Alpha158_csi300_custom_step0_s_20260903_18,b2898ead8a4b4bdcbbe4fe4f7b850bb0,0.078,,,
3359,2026-09-03,SH600989,-0.0002971580626408852,EXP_CatBoostModel_Alpha158_csi300_custom_step0_s_20260903_18,b2898ead8a4b4bdcbbe4fe4f7b850bb0,0.078,,,
3360,2026-09-03,SH600958,0.002614477832524275,EXP_CatBoostModel_Alpha158_csi300_custom_step0_s_20260903_18,b2898ead8a4b4bdcbbe4fe4f7b850bb0,0.078,,,
3361,2026-09-03,SH600941,0.001326410761114645,EXP_CatBoostModel_Alpha158_csi300_custom_step0_s_20260903_18,b2898ead8a4b4bdcbbe4fe4f7b850bb0,0.078,,,
3362,2026-09-03,SH600938,-0.0002971580626408852,EXP_CatBoostModel_Alpha158_csi300_custom_step0_s_20260903_18,b2898ead8a4b4bdcbbe4fe4f7b850bb0,0.078,,,
3363,2026-09-03,SH600930,-0.0002971580626408852,EXP_CatBoostModel_Alpha158_csi300_custom_step0_s_20260903_18,b2898ead8a4b4bdcbbe4fe4f7b850bb0,0.078,,,
3364,2026-09-03,SH600845,-0.0011604430105327597,EXP_CatBoostModel_Alpha158_csi300_custom_step0_s_20260903_18,b2898ead8a4b4bdcbbe4fe4f7b850bb0,0.078,,,
3365,2026-09-03,SH600926,0.002614477832524275,EXP_CatBoostModel_Alpha158_csi300_custom_step0_s_20260903_18,b2898ead8a4b4bdcbbe4fe4f7b850bb0,0.078,,,
3366,2026-09-03,SH600918,0.001326410761114645,EXP_CatBoostModel_Alpha158_csi300_custom_step0_s_20260903_18,b2898ead8a4b4bdcbbe4fe4f7b850bb0,0.078,,,
3367,2026-09-03,SH600905,0.0008460725536376121,EXP_CatBoostModel_Alpha158_csi300_custom_step0_s_20260903_18,b2898ead8a4b4bdcbbe4fe4f7b850bb0,0.078,,,
3368,2026-09-03,SH600900,0.002614477832524275,EXP_CatBoostModel_Alpha158_csi300_custom_step0_s_20260903_18,b2898ead8a4b4bdcbbe4fe4f7b850bb0,0.078,,,
3369,2026-09-03,SH600893,-0.0002971580626408852,EXP_CatBoostModel_Alpha158_csi300_custom_step0_s_20260903_18,b2898ead8a4b4bdcbbe4fe4f7b850bb0,0.078,,,
3370,2026-09-03,SH600887,0.001326410761114645,EXP_CatBoostModel_Alpha158_csi300_custom_step0_s_20260903_18,b2898ead8a4b4bdcbbe4fe4f7b850bb0,0.078,,,
3371,2026-09-03,SH600886,0.001326410761114645,EXP_CatBoostModel_Alpha158_csi300_custom_step0_s_20260903_18,b2898ead8a4b4bdcbbe4fe4f7b850bb0,0.078,,,
3372,2026-09-03,SH600919,0.001326410761114645,EXP_CatBoostModel_Alpha158_csi300_custom_step0_s_20260903_18,b2898ead8a4b4bdcbbe4fe4f7b850bb0,0.078,,,
3373,2026-09-03,SZ001391,0.0015090332033877872,EXP_LGBModel_Alpha158_csi300_custom_step0_s_20260903_18,f8fd554d9a38492ba8d59f949ff8a132,0.054,,,
3374,2026-09-03,SZ001965,0.0015090332033877872,EXP_LGBModel_Alpha158_csi300_custom_step0_s_20260903_18,f8fd554d9a38492ba8d59f949ff8a132,0.054,,,
3375,2026-09-03,SZ001979,-0.002703570434701696,EXP_LGBModel_Alpha158_csi300_custom_step0_s_20260903_18,f8fd554d9a38492ba8d59f949ff8a132,0.054,,,
3376,2026-09-03,SH600795,0.07715957530948343,EXP_DEnsembleModel_Alpha158_csi300_custom_step0_s_20260903_16,6d293050268c4c3ebd07aaee74c1b4a7,0.073,,,
3377,2026-09-03,SH600803,0.11480873779224011,EXP_DEnsembleModel_Alpha158_csi300_custom_step0_s_20260903_16,6d293050268c4c3ebd07aaee74c1b4a7,0.073,,,
3378,2026-09-03,SH600809,0.005118506152447128,EXP_DEnsembleModel_Alpha158_csi300_custom_step0_s_20260903_16,6d293050268c4c3ebd07aaee74c1b4a7,0.073,,,
3379,2026-09-03,SH600845,0.015278203003433927,EXP_DEnsembleModel_Alpha158_csi300_custom_step0_s_20260903_16,6d293050268c4c3ebd07aaee74c1b4a7,0.073,,,
3380,2026-09-03,SH600875,-0.07054868261215265,EXP_DEnsembleModel_Alpha158_csi300_custom_step0_s_20260903_16,6d293050268c4c3ebd07aaee74c1b4a7,0.073,,,
3381,2026-09-03,SH600886,0.051485253285041895,EXP_DEnsembleModel_Alpha158_csi300_custom_step0_s_20260903_16,6d293050268c4c3ebd07aaee74c1b4a7,0.073,,,
3382,2026-09-03,SH600887,0.1381836372954124,EXP_DEnsembleModel_Alpha158_csi300_custom_step0_s_20260903_16,6d293050268c4c3ebd07aaee74c1b4a7,0.073,,,
3383,2026-09-03,SH600893,0.017265588759925513,EXP_DEnsembleModel_Alpha158_csi300_custom_step0_s_20260903_16,6d293050268c4c3ebd07aaee74c1b4a7,0.073,,,
3384,2026-09-03,SH600900,0.08773790552870521,EXP_DEnsembleModel_Alpha158_csi300_custom_step0_s_20260903_16,6d293050268c4c3ebd07aaee74c1b4a7,0.073,,,
3385,2026-09-03,SH600905,0.04886018851965979,EXP_DEnsembleModel_Alpha158_csi300_custom_step0_s_20260903_16,6d293050268c4c3ebd07aaee74c1b4a7,0.073,,,
3386,2026-09-03,SH600918,0.010841673361402324,EXP_DEnsembleModel_Alpha158_csi300_custom_step0_s_20260903_16,6d293050268c4c3ebd07aaee74c1b4a7,0.073,,,
3387,2026-09-03,SH600919,0.09796129117262951,EXP_DEnsembleModel_Alpha158_csi300_custom_step0_s_20260903_16,6d293050268c4c3ebd07aaee74c1b4a7,0.073,,,
3388,2026-09-03,SH600926,0.10260167540245461,EXP_DEnsembleModel_Alpha158_csi300_custom_step0_s_20260903_16,6d293050268c4c3ebd07aaee74c1b4a7,0.073,,,
3389,2026-09-03,SH600930,0.062274939279658915,EXP_DEnsembleModel_Alpha158_csi300_custom_step0_s_20260903_16,6d293050268c4c3ebd07aaee74c1b4a7,0.073,,,
3390,2026-09-03,SH600938,0.05542773952872515,EXP_DEnsembleModel_Alpha158_csi300_custom_step0_s_20260903_16,6d293050268c4c3ebd07aaee74c1b4a7,0.073,,,
3391,2026-09-03,SH600941,0.08956153537831586,EXP_DEnsembleModel_Alpha158_csi300_custom_step0_s_20260903_16,6d293050268c4c3ebd07aaee74c1b4a7,0.073,,,
3392,2026-09-03,SH600958,0.1585127841592928,EXP_DEnsembleModel_Alpha158_csi300_custom_step0_s_20260903_16,6d293050268c4c3ebd07aaee74c1b4a7,0.073,,,
3393,2026-09-03,SH601111,0.03068260678565902,EXP_DEnsembleModel_Alpha158_csi300_custom_step0_s_20260903_16,6d293050268c4c3ebd07aaee74c1b4a7,0.073,,,
3394,2026-09-03,SH601100,0.03384152907737312,EXP_DEnsembleModel_Alpha158_csi300_custom_step0_s_20260903_16,6d293050268c4c3ebd07aaee74c1b4a7,0.073,,,
3395,2026-09-03,SH601088,0.013433470536061707,EXP_DEnsembleModel_Alpha158_csi300_custom_step0_s_20260903_16,6d293050268c4c3ebd07aaee74c1b4a7,0.073,,,
3396,2026-09-03,SH601077,0.10320733289336194,EXP_DEnsembleModel_Alpha158_csi300_custom_step0_s_20260903_16,6d293050268c4c3ebd07aaee74c1b4a7,0.073,,,
3397,2026-09-03,SH601066,0.027455158956878802,EXP_DEnsembleModel_Alpha158_csi300_custom_step0_s_20260903_16,6d293050268c4c3ebd07aaee74c1b4a7,0.073,,,
3398,2026-09-03,SH601059,0.18689308020220502,EXP_DEnsembleModel_Alpha158_csi300_custom_step0_s_20260903_16,6d293050268c4c3ebd07aaee74c1b4a7,0.073,,,
3399,2026-09-03,SH600760,0.10971476452336995,EXP_DEnsembleModel_Alpha158_csi300_custom_step0_s_20260903_16,6d293050268c4c3ebd07aaee74c1b4a7,0.073,,,
3400,2026-09-03,SH601058,-0.08656474341526009,EXP_DEnsembleModel_Alpha158_csi300_custom_step0_s_20260903_16,6d293050268c4c3ebd07aaee74c1b4a7,0.073,,,
3401,2026-09-03,SH601018,0.15974204839022932,EXP_DEnsembleModel_Alpha158_csi300_custom_step0_s_20260903_16,6d293050268c4c3ebd07aaee74c1b4a7,0.073,,,
3402,2026-09-03,SH601012,-0.07140903359608759,EXP_DEnsembleModel_Alpha158_csi300_custom_step0_s_20260903_16,6d293050268c4c3ebd07aaee74c1b4a7,0.073,,,
3403,2026-09-03,SH601009,0.12204277056095232,EXP_DEnsembleModel_Alpha158_csi300_custom_step0_s_20260903_16,6d293050268c4c3ebd07aaee74c1b4a7,0.073,,,
3404,2026-09-03,SH601006,0.1364459286975629,EXP_DEnsembleModel_Alpha158_csi300_custom_step0_s_20260903_16,6d293050268c4c3ebd07aaee74c1b4a7,0.073,,,
3405,2026-09-03,SH600999,0.023011182687810824,EXP_DEnsembleModel_Alpha158_csi300_custom_step0_s_20260903_16,6d293050268c4c3ebd07aaee74c1b4a7,0.073,,,
3406,2026-09-03,SH600989,-0.06599083076753562,EXP_DEnsembleModel_Alpha158_csi300_custom_step0_s_20260903_16,6d293050268c4c3ebd07aaee74c1b4a7,0.073,,,
3407,2026-09-03,SH601021,0.02674152109006616,EXP_DEnsembleModel_Alpha158_csi300_custom_step0_s_20260903_16,6d293050268c4c3ebd07aaee74c1b4a7,0.073,,,
3408,2026-09-03,SH601117,0.12173722862809472,EXP_DEnsembleModel_Alpha158_csi300_custom_step0_s_20260903_16,6d293050268c4c3ebd07aaee74c1b4a7,0.073,,,
3409,2026-09-03,SH600741,0.022573464661143586,EXP_DEnsembleModel_Alpha158_csi300_custom_step0_s_20260903_16,6d293050268c4c3ebd07aaee74c1b4a7,0.073,,,
3410,2026-09-03,SH600674,0.07976501567799613,EXP_DEnsembleModel_Alpha158_csi300_custom_step0_s_20260903_16,6d293050268c4c3ebd07aaee74c1b4a7,0.073,,,
3411,2026-09-03,SH600176,0.02624363210793376,EXP_DEnsembleModel_Alpha158_csi300_custom_step0_s_20260903_16,6d293050268c4c3ebd07aaee74c1b4a7,0.073,,,
3412,2026-09-03,SH600183,0.018005998132126402,EXP_DEnsembleModel_Alpha158_csi300_custom_step0_s_20260903_16,6d293050268c4c3ebd07aaee74c1b4a7,0.073,,,
3413,2026-09-03,SH600188,-0.0815081537440076,EXP_DEnsembleModel_Alpha158_csi300_custom_step0_s_20260903_16,6d293050268c4c3ebd07aaee74c1b4a7,0.073,,,
3414,2026-09-03,SH600196,0.012779730172561853,EXP_DEnsembleModel_Alpha158_csi300_custom_step0_s_20260903_16,6d293050268c4c3ebd07aaee74c1b4a7,0.073,,,
3415,2026-09-03,SH600219,0.0064048063599630575,EXP_DEnsembleModel_Alpha158_csi300_custom_step0_s_20260903_16,6d293050268c4c3ebd07aaee74c1b4a7,0.073,,,
3416,2026-09-03,SH600221,0.05140007309791539,EXP_DEnsembleModel_Alpha158_csi300_custom_step0_s_20260903_16,6d293050268c4c3ebd07aaee74c1b4a7,0.073,,,
3417,2026-09-03,SH600233,-0.04489316361264011,EXP_DEnsembleModel_Alpha158_csi300_custom_step0_s_20260903_16,6d293050268c4c3ebd07aaee74c1b4a7,0.073,,,
3418,2026-09-03,SH600276,-0.006190274431904159,EXP_DEnsembleModel_Alpha158_csi300_custom_step0_s_20260903_16,6d293050268c4c3ebd07aaee74c1b4a7,0.073,,,
3419,2026-09-03,SH600309,0.05496118110245942,EXP_DEnsembleModel_Alpha158_csi300_custom_step0_s_20260903_16,6d293050268c4c3ebd07aaee74c1b4a7,0.073,,,
3420,2026-09-03,SH600346,-0.03543073770931408,EXP_DEnsembleModel_Alpha158_csi300_custom_step0_s_20260903_16,6d293050268c4c3ebd07aaee74c1b4a7,0.073,,,
3421,2026-09-03,SH600362,-0.07060765953941775,EXP_DEnsembleModel_Alpha158_csi300_custom_step0_s_20260903_16,6d293050268c4c3ebd07aaee74c1b4a7,0.073,,,
3422,2026-09-03,SH600372,0.15895121933592543,EXP_DEnsembleModel_Alpha158_csi300_custom_step0_s_20260903_16,6d293050268c4c3ebd07aaee74c1b4a7,0.073,,,
3423,2026-09-03,SH600406,0.03527522110017237,EXP_DEnsembleModel_Alpha158_csi300_custom_step0_s_20260903_16,6d293050268c4c3ebd07aaee74c1b4a7,0.073,,,
3424,2026-09-03,SH600415,-0.13979940733624074,EXP_DEnsembleModel_Alpha158_csi300_custom_step0_s_20260903_16,6d293050268c4c3ebd07aaee74c1b4a7,0.073,,,
3425,2026-09-03,SH600426,-0.12016633204111525,EXP_DEnsembleModel_Alpha158_csi300_custom_step0_s_20260903_16,6d293050268c4c3ebd07aaee74c1b4a7,0.073,,,
3426,2026-09-03,SH600436,0.007493284394804306,EXP_DEnsembleModel_Alpha158_csi300_custom_step0_s_20260903_16,6d293050268c4c3ebd07aaee74c1b4a7,0.073,,,
3427,2026-09-03,SH600438,-0.11317588949328308,EXP_DEnsembleModel_Alpha158_csi300_custom_step0_s_20260903_16,6d293050268c4c3ebd07aaee74c1b4a7,0.073,,,
3428,2026-09-03,SH600660,0.09563217513309646,EXP_DEnsembleModel_Alpha158_csi300_custom_step0_s_20260903_16,6d293050268c4c3ebd07aaee74c1b4a7,0.073,,,
3429,2026-09-03,SH600600,0.02744593539028082,EXP_DEnsembleModel_Alpha158_csi300_custom_step0_s_20260903_16,6d293050268c4c3ebd07aaee74c1b4a7,0.073,,,
3430,2026-09-03,SH600588,-0.03921221017972435,EXP_DEnsembleModel_Alpha158_csi300_custom_step0_s_20260903_16,6d293050268c4c3ebd07aaee74c1b4a7,0.073,,,
3431,2026-09-03,SH600585,0.06070571240439932,EXP_DEnsembleModel_Alpha158_csi300_custom_step0_s_20260903_16,6d293050268c4c3ebd07aaee74c1b4a7,0.073,,,
3432,2026-09-03,SH600584,0.03176524558568996,EXP_DEnsembleModel_Alpha158_csi300_custom_step0_s_20260903_16,6d293050268c4c3ebd07aaee74c1b4a7,0.073,,,
3433,2026-09-03,SH600570,-0.015760259542772652,EXP_DEnsembleModel_Alpha158_csi300_custom_step0_s_20260903_16,6d293050268c4c3ebd07aaee74c1b4a7,0.073,,,
3434,2026-09-03,SH600690,0.07876212670888745,EXP_DEnsembleModel_Alpha158_csi300_custom_step0_s_20260903_16,6d293050268c4c3ebd07aaee74c1b4a7,0.073,,,
3435,2026-09-03,SH600549,0.01011977995749916,EXP_DEnsembleModel_Alpha158_csi300_custom_step0_s_20260903_16,6d293050268c4c3ebd07aaee74c1b4a7,0.073,,,
3436,2026-09-03,SH600522,0.10237786433432566,EXP_DEnsembleModel_Alpha158_csi300_custom_step0_s_20260903_16,6d293050268c4c3ebd07aaee74c1b4a7,0.073,,,
3437,2026-09-03,SH600519,0.06697086368843978,EXP_DEnsembleModel_Alpha158_csi300_custom_step0_s_20260903_16,6d293050268c4c3ebd07aaee74c1b4a7,0.073,,,
3438,2026-09-03,SH600515,0.054173746828767716,EXP_DEnsembleModel_Alpha158_csi300_custom_step0_s_20260903_16,6d293050268c4c3ebd07aaee74c1b4a7,0.073,,,
3439,2026-09-03,SH600489,-0.07535256445609803,EXP_DEnsembleModel_Alpha158_csi300_custom_step0_s_20260903_16,6d293050268c4c3ebd07aaee74c1b4a7,0.073,,,
3440,2026-09-03,SH600482,-0.0917728543023799,EXP_DEnsembleModel_Alpha158_csi300_custom_step0_s_20260903_16,6d293050268c4c3ebd07aaee74c1b4a7,0.073,,,
3441,2026-09-03,SH600460,0.0586894011506536,EXP_DEnsembleModel_Alpha158_csi300_custom_step0_s_20260903_16,6d293050268c4c3ebd07aaee74c1b4a7,0.073,,,
3442,2026-09-03,SH600547,-0.09854871848077383,EXP_DEnsembleModel_Alpha158_csi300_custom_step0_s_20260903_16,6d293050268c4c3ebd07aaee74c1b4a7,0.073,,,
3443,2026-09-03,SH600160,-0.02048729389470305,EXP_DEnsembleModel_Alpha158_csi300_custom_step0_s_20260903_16,6d293050268c4c3ebd07aaee74c1b4a7,0.073,,,
3444,2026-09-03,SH601127,-0.07558427628126344,EXP_DEnsembleModel_Alpha158_csi300_custom_step0_s_20260903_16,6d293050268c4c3ebd07aaee74c1b4a7,0.073,,,
3445,2026-09-03,SH601138,-0.0936336633466283,EXP_DEnsembleModel_Alpha158_csi300_custom_step0_s_20260903_16,6d293050268c4c3ebd07aaee74c1b4a7,0.073,,,
3446,2026-09-03,SH601818,0.13079542431272348,EXP_DEnsembleModel_Alpha158_csi300_custom_step0_s_20260903_16,6d293050268c4c3ebd07aaee74c1b4a7,0.073,,,
3447,2026-09-03,SH601825,0.11034476835143493,EXP_DEnsembleModel_Alpha158_csi300_custom_step0_s_20260903_16,6d293050268c4c3ebd07aaee74c1b4a7,0.073,,,
3448,2026-09-03,SH601838,0.10822132695276586,EXP_DEnsembleModel_Alpha158_csi300_custom_step0_s_20260903_16,6d293050268c4c3ebd07aaee74c1b4a7,0.073,,,
3449,2026-09-03,SH601857,0.04498553197160815,EXP_DEnsembleModel_Alpha158_csi300_custom_step0_s_20260903_16,6d293050268c4c3ebd07aaee74c1b4a7,0.073,,,
3450,2026-09-03,SH601868,0.02773511419682752,EXP_DEnsembleModel_Alpha158_csi300_custom_step0_s_20260903_16,6d293050268c4c3ebd07aaee74c1b4a7,0.073,,,
3451,2026-09-03,SH601872,-0.10302220035297019,EXP_DEnsembleModel_Alpha158_csi300_custom_step0_s_20260903_16,6d293050268c4c3ebd07aaee74c1b4a7,0.073,,,
3452,2026-09-03,SH601877,-0.037454338612454036,EXP_DEnsembleModel_Alpha158_csi300_custom_step0_s_20260903_16,6d293050268c4c3ebd07aaee74c1b4a7,0.073,,,
3453,2026-09-03,SH601878,0.13410719914524383,EXP_DEnsembleModel_Alpha158_csi300_custom_step0_s_20260903_16,6d293050268c4c3ebd07aaee74c1b4a7,0.073,,,
3454,2026-09-03,SH601881,0.10930742982060641,EXP_DEnsembleModel_Alpha158_csi300_custom_step0_s_20260903_16,6d293050268c4c3ebd07aaee74c1b4a7,0.073,,,
3455,2026-09-03,SH601888,-0.09127614196927178,EXP_DEnsembleModel_Alpha158_csi300_custom_step0_s_20260903_16,6d293050268c4c3ebd07aaee74c1b4a7,0.073,,,
3456,2026-09-03,SH601898,-0.14532394712578167,EXP_DEnsembleModel_Alpha158_csi300_custom_step0_s_20260903_16,6d293050268c4c3ebd07aaee74c1b4a7,0.073,,,
3457,2026-09-03,SH601899,-0.011278108960277176,EXP_DEnsembleModel_Alpha158_csi300_custom_step0_s_20260903_16,6d293050268c4c3ebd07aaee74c1b4a7,0.073,,,
3458,2026-09-03,SH601901,0.09534235822804883,EXP_DEnsembleModel_Alpha158_csi300_custom_step0_s_20260903_16,6d293050268c4c3ebd07aaee74c1b4a7,0.073,,,
3459,2026-09-03,SH601916,0.1564940882632401,EXP_DEnsembleModel_Alpha158_csi300_custom_step0_s_20260903_16,6d293050268c4c3ebd07aaee74c1b4a7,0.073,,,
3460,2026-09-03,SH601919,0.009543741149259877,EXP_DEnsembleModel_Alpha158_csi300_custom_step0_s_20260903_16,6d293050268c4c3ebd07aaee74c1b4a7,0.073,,,
3461,2026-09-03,SH601939,-0.01939483613713243,EXP_DEnsembleModel_Alpha158_csi300_custom_step0_s_20260903_16,6d293050268c4c3ebd07aaee74c1b4a7,0.073,,,
3462,2026-09-03,SH601985,0.15119472198667605,EXP_DEnsembleModel_Alpha158_csi300_custom_step0_s_20260903_16,6d293050268c4c3ebd07aaee74c1b4a7,0.073,,,
3463,2026-09-03,SH603986,0.161208206624212,EXP_DEnsembleModel_Alpha158_csi300_custom_step0_s_20260903_16,6d293050268c4c3ebd07aaee74c1b4a7,0.073,,,
3464,2026-09-03,SH603893,-0.11780419172750299,EXP_DEnsembleModel_Alpha158_csi300_custom_step0_s_20260903_16,6d293050268c4c3ebd07aaee74c1b4a7,0.073,,,
3465,2026-09-03,SH603799,-0.09824566748897702,EXP_DEnsembleModel_Alpha158_csi300_custom_step0_s_20260903_16,6d293050268c4c3ebd07aaee74c1b4a7,0.073,,,
3466,2026-09-03,SH603501,-0.007491776496333446,EXP_DEnsembleModel_Alpha158_csi300_custom_step0_s_20260903_16,6d293050268c4c3ebd07aaee74c1b4a7,0.073,,,
3467,2026-09-03,SH603392,-0.0813872707337225,EXP_DEnsembleModel_Alpha158_csi300_custom_step0_s_20260903_16,6d293050268c4c3ebd07aaee74c1b4a7,0.073,,,
3468,2026-09-03,SH603369,-0.06767608614752606,EXP_DEnsembleModel_Alpha158_csi300_custom_step0_s_20260903_16,6d293050268c4c3ebd07aaee74c1b4a7,0.073,,,
3469,2026-09-03,SH601816,0.11445387780630671,EXP_DEnsembleModel_Alpha158_csi300_custom_step0_s_20260903_16,6d293050268c4c3ebd07aaee74c1b4a7,0.073,,,
3470,2026-09-03,SH603296,-0.11773226063273864,EXP_DEnsembleModel_Alpha158_csi300_custom_step0_s_20260903_16,6d293050268c4c3ebd07aaee74c1b4a7,0.073,,,
3471,2026-09-03,SH603260,0.10641038101819639,EXP_DEnsembleModel_Alpha158_csi300_custom_step0_s_20260903_16,6d293050268c4c3ebd07aaee74c1b4a7,0.073,,,
3472,2026-09-03,SH603259,-0.09684109909261573,EXP_DEnsembleModel_Alpha158_csi300_custom_step0_s_20260903_16,6d293050268c4c3ebd07aaee74c1b4a7,0.073,,,
3473,2026-09-03,SH603019,-0.04371088099574455,EXP_DEnsembleModel_Alpha158_csi300_custom_step0_s_20260903_16,6d293050268c4c3ebd07aaee74c1b4a7,0.073,,,
3474,2026-09-03,SH601998,0.012981741179975265,EXP_DEnsembleModel_Alpha158_csi300_custom_step0_s_20260903_16,6d293050268c4c3ebd07aaee74c1b4a7,0.073,,,
3475,2026-09-03,SH601995,0.07862992361036,EXP_DEnsembleModel_Alpha158_csi300_custom_step0_s_20260903_16,6d293050268c4c3ebd07aaee74c1b4a7,0.073,,,
3476,2026-09-03,SH601988,0.028742252976351985,EXP_DEnsembleModel_Alpha158_csi300_custom_step0_s_20260903_16,6d293050268c4c3ebd07aaee74c1b4a7,0.073,,,
3477,2026-09-03,SH603288,0.056342240431642696,EXP_DEnsembleModel_Alpha158_csi300_custom_step0_s_20260903_16,6d293050268c4c3ebd07aaee74c1b4a7,0.073,,,
3478,2026-09-03,SH601136,0.020059500729484,EXP_DEnsembleModel_Alpha158_csi300_custom_step0_s_20260903_16,6d293050268c4c3ebd07aaee74c1b4a7,0.073,,,
3479,2026-09-03,SH601800,0.031637138455422514,EXP_DEnsembleModel_Alpha158_csi300_custom_step0_s_20260903_16,6d293050268c4c3ebd07aaee74c1b4a7,0.073,,,
3480,2026-09-03,SH601766,0.08577678228204888,EXP_DEnsembleModel_Alpha158_csi300_custom_step0_s_20260903_16,6d293050268c4c3ebd07aaee74c1b4a7,0.073,,,
3481,2026-09-03,SH601166,0.10182678507532474,EXP_DEnsembleModel_Alpha158_csi300_custom_step0_s_20260903_16,6d293050268c4c3ebd07aaee74c1b4a7,0.073,,,
3482,2026-09-03,SH601169,0.18567711604718765,EXP_DEnsembleModel_Alpha158_csi300_custom_step0_s_20260903_16,6d293050268c4c3ebd07aaee74c1b4a7,0.073,,,
3483,2026-09-03,SH601186,0.02820106649396571,EXP_DEnsembleModel_Alpha158_csi300_custom_step0_s_20260903_16,6d293050268c4c3ebd07aaee74c1b4a7,0.073,,,
3484,2026-09-03,SH601211,0.08044581956792472,EXP_DEnsembleModel_Alpha158_csi300_custom_step0_s_20260903_16,6d293050268c4c3ebd07aaee74c1b4a7,0.073,,,
3485,2026-09-03,SH601225,-0.02700493858125665,EXP_DEnsembleModel_Alpha158_csi300_custom_step0_s_20260903_16,6d293050268c4c3ebd07aaee74c1b4a7,0.073,,,
3486,2026-09-03,SH601229,0.08471167495737136,EXP_DEnsembleModel_Alpha158_csi300_custom_step0_s_20260903_16,6d293050268c4c3ebd07aaee74c1b4a7,0.073,,,
3487,2026-09-03,SH601238,-0.013652912692456848,EXP_DEnsembleModel_Alpha158_csi300_custom_step0_s_20260903_16,6d293050268c4c3ebd07aaee74c1b4a7,0.073,,,
3488,2026-09-03,SH601288,0.022679244123472015,EXP_DEnsembleModel_Alpha158_csi300_custom_step0_s_20260903_16,6d293050268c4c3ebd07aaee74c1b4a7,0.073,,,
3489,2026-09-03,SH601318,0.08320017970210393,EXP_DEnsembleModel_Alpha158_csi300_custom_step0_s_20260903_16,6d293050268c4c3ebd07aaee74c1b4a7,0.073,,,
3490,2026-09-03,SH601319,0.05945204590338922,EXP_DEnsembleModel_Alpha158_csi300_custom_step0_s_20260903_16,6d293050268c4c3ebd07aaee74c1b4a7,0.073,,,
3491,2026-09-03,SH601328,0.08223700583380154,EXP_DEnsembleModel_Alpha158_csi300_custom_step0_s_20260903_16,6d293050268c4c3ebd07aaee74c1b4a7,0.073,,,
3492,2026-09-03,SH601336,0.07897626619406367,EXP_DEnsembleModel_Alpha158_csi300_custom_step0_s_20260903_16,6d293050268c4c3ebd07aaee74c1b4a7,0.073,,,
3493,2026-09-03,SH601360,-0.09705655427514998,EXP_DEnsembleModel_Alpha158_csi300_custom_step0_s_20260903_16,6d293050268c4c3ebd07aaee74c1b4a7,0.073,,,
3494,2026-09-03,SH601377,0.11425788224740945,EXP_DEnsembleModel_Alpha158_csi300_custom_step0_s_20260903_16,6d293050268c4c3ebd07aaee74c1b4a7,0.073,,,
3495,2026-09-03,SH601390,0.06376931609470962,EXP_DEnsembleModel_Alpha158_csi300_custom_step0_s_20260903_16,6d293050268c4c3ebd07aaee74c1b4a7,0.073,,,
3496,2026-09-03,SH601398,-0.031055897237983108,EXP_DEnsembleModel_Alpha158_csi300_custom_step0_s_20260903_16,6d293050268c4c3ebd07aaee74c1b4a7,0.073,,,
3497,2026-09-03,SH601456,0.0861711068032203,EXP_DEnsembleModel_Alpha158_csi300_custom_step0_s_20260903_16,6d293050268c4c3ebd07aaee74c1b4a7,0.073,,,
3498,2026-09-03,SH601728,0.06512536666214769,EXP_DEnsembleModel_Alpha158_csi300_custom_step0_s_20260903_16,6d293050268c4c3ebd07aaee74c1b4a7,0.073,,,
3499,2026-09-03,SH601727,0.05779952321028579,EXP_DEnsembleModel_Alpha158_csi300_custom_step0_s_20260903_16,6d293050268c4c3ebd07aaee74c1b4a7,0.073,,,
3500,2026-09-03,SH601698,0.06391582904248132,EXP_DEnsembleModel_Alpha158_csi300_custom_step0_s_20260903_16,6d293050268c4c3ebd07aaee74c1b4a7,0.073,,,
3501,2026-09-03,SH601689,-0.1135968799068718,EXP_DEnsembleModel_Alpha158_csi300_custom_step0_s_20260903_16,6d293050268c4c3ebd07aaee74c1b4a7,0.073,,,
3502,2026-09-03,SH601688,0.08186835784671867,EXP_DEnsembleModel_Alpha158_csi300_custom_step0_s_20260903_16,6d293050268c4c3ebd07aaee74c1b4a7,0.073,,,
3503,2026-09-03,SH601669,0.0183311495731785,EXP_DEnsembleModel_Alpha158_csi300_custom_step0_s_20260903_16,6d293050268c4c3ebd07aaee74c1b4a7,0.073,,,
3504,2026-09-03,SH601788,0.11097280519456236,EXP_DEnsembleModel_Alpha158_csi300_custom_step0_s_20260903_16,6d293050268c4c3ebd07aaee74c1b4a7,0.073,,,
3505,2026-09-03,SH601668,0.11541617726614882,EXP_DEnsembleModel_Alpha158_csi300_custom_step0_s_20260903_16,6d293050268c4c3ebd07aaee74c1b4a7,0.073,,,
3506,2026-09-03,SH601633,-0.001906237445161609,EXP_DEnsembleModel_Alpha158_csi300_custom_step0_s_20260903_16,6d293050268c4c3ebd07aaee74c1b4a7,0.073,,,
3507,2026-09-03,SH601628,-0.004652629434084736,EXP_DEnsembleModel_Alpha158_csi300_custom_step0_s_20260903_16,6d293050268c4c3ebd07aaee74c1b4a7,0.073,,,
3508,2026-09-03,SH601618,0.018123185721170446,EXP_DEnsembleModel_Alpha158_csi300_custom_step0_s_20260903_16,6d293050268c4c3ebd07aaee74c1b4a7,0.073,,,
3509,2026-09-03,SH601607,0.12740285509911303,EXP_DEnsembleModel_Alpha158_csi300_custom_step0_s_20260903_16,6d293050268c4c3ebd07aaee74c1b4a7,0.073,,,
3510,2026-09-03,SH601601,0.13743748909763154,EXP_DEnsembleModel_Alpha158_csi300_custom_step0_s_20260903_16,6d293050268c4c3ebd07aaee74c1b4a7,0.073,,,
3511,2026-09-03,SH601600,-0.09058057908116703,EXP_DEnsembleModel_Alpha158_csi300_custom_step0_s_20260903_16,6d293050268c4c3ebd07aaee74c1b4a7,0.073,,,
3512,2026-09-03,SH601658,0.12223650993966255,EXP_DEnsembleModel_Alpha158_csi300_custom_step0_s_20260903_16,6d293050268c4c3ebd07aaee74c1b4a7,0.073,,,
3513,2026-09-03,SH600150,0.02892240179409807,EXP_DEnsembleModel_Alpha158_csi300_custom_step0_s_20260903_16,6d293050268c4c3ebd07aaee74c1b4a7,0.073,,,
3514,2026-09-03,SH600118,0.04535264578038644,EXP_DEnsembleModel_Alpha158_csi300_custom_step0_s_20260903_16,6d293050268c4c3ebd07aaee74c1b4a7,0.073,,,
3515,2026-09-03,SH600115,0.005856691740259465,EXP_DEnsembleModel_Alpha158_csi300_custom_step0_s_20260903_16,6d293050268c4c3ebd07aaee74c1b4a7,0.073,,,
3516,2026-09-03,SZ001965,0.00540948139159061,EXP_LGBModel_Alpha158_csi300_custom_step0_s_20260903_18,9decca58d50b405da268d76be7158e5c,0.037,,,
3517,2026-09-03,SZ001979,-0.002633732556735543,EXP_LGBModel_Alpha158_csi300_custom_step0_s_20260903_18,9decca58d50b405da268d76be7158e5c,0.037,,,
3518,2026-09-03,SZ002001,-0.005973628087454306,EXP_LGBModel_Alpha158_csi300_custom_step0_s_20260903_18,9decca58d50b405da268d76be7158e5c,0.037,,,
3519,2026-09-03,SZ002027,0.001270835559932749,EXP_LGBModel_Alpha158_csi300_custom_step0_s_20260903_18,9decca58d50b405da268d76be7158e5c,0.037,,,
3520,2026-09-03,SZ002028,0.00964809297849301,EXP_LGBModel_Alpha158_csi300_custom_step0_s_20260903_18,9decca58d50b405da268d76be7158e5c,0.037,,,
3521,2026-09-03,SZ002049,-0.003958384653857783,EXP_LGBModel_Alpha158_csi300_custom_step0_s_20260903_18,9decca58d50b405da268d76be7158e5c,0.037,,,
3522,2026-09-03,SZ002050,-0.004813971237184206,EXP_LGBModel_Alpha158_csi300_custom_step0_s_20260903_18,9decca58d50b405da268d76be7158e5c,0.037,,,
3523,2026-09-03,SZ002074,-0.017153255705508387,EXP_LGBModel_Alpha158_csi300_custom_step0_s_20260903_18,9decca58d50b405da268d76be7158e5c,0.037,,,
3524,2026-09-03,SZ002142,0.014402120510471211,EXP_LGBModel_Alpha158_csi300_custom_step0_s_20260903_18,9decca58d50b405da268d76be7158e5c,0.037,,,
3525,2026-09-03,SZ002179,-0.010965543678474323,EXP_LGBModel_Alpha158_csi300_custom_step0_s_20260903_18,9decca58d50b405da268d76be7158e5c,0.037,,,
3526,2026-09-03,SZ002202,-0.00499119352867906,EXP_LGBModel_Alpha158_csi300_custom_step0_s_20260903_18,9decca58d50b405da268d76be7158e5c,0.037,,,
3527,2026-09-03,SZ002230,0.0014544021155802756,EXP_LGBModel_Alpha158_csi300_custom_step0_s_20260903_18,9decca58d50b405da268d76be7158e5c,0.037,,,
3528,2026-09-03,SZ002236,0.016425053571416312,EXP_LGBModel_Alpha158_csi300_custom_step0_s_20260903_18,9decca58d50b405da268d76be7158e5c,0.037,,,
3529,2026-09-03,SZ002241,0.006209665491426515,EXP_LGBModel_Alpha158_csi300_custom_step0_s_20260903_18,9decca58d50b405da268d76be7158e5c,0.037,,,
3530,2026-09-03,SZ002304,0.006012596774320014,EXP_LGBModel_Alpha158_csi300_custom_step0_s_20260903_18,9decca58d50b405da268d76be7158e5c,0.037,,,
3531,2026-09-03,SZ002311,-0.008314234078515248,EXP_LGBModel_Alpha158_csi300_custom_step0_s_20260903_18,9decca58d50b405da268d76be7158e5c,0.037,,,
3532,2026-09-03,SZ002352,-0.0028143612193476096,EXP_LGBModel_Alpha158_csi300_custom_step0_s_20260903_18,9decca58d50b405da268d76be7158e5c,0.037,,,
3533,2026-09-03,SZ002600,-0.014375350207239623,EXP_LGBModel_Alpha158_csi300_custom_step0_s_20260903_18,9decca58d50b405da268d76be7158e5c,0.037,,,
3534,2026-09-03,SZ002594,-0.006704289682265515,EXP_LGBModel_Alpha158_csi300_custom_step0_s_20260903_18,9decca58d50b405da268d76be7158e5c,0.037,,,
3535,2026-09-03,SZ002558,-0.013775208396055904,EXP_LGBModel_Alpha158_csi300_custom_step0_s_20260903_18,9decca58d50b405da268d76be7158e5c,0.037,,,
3536,2026-09-03,SZ002532,0.003643900971102472,EXP_LGBModel_Alpha158_csi300_custom_step0_s_20260903_18,9decca58d50b405da268d76be7158e5c,0.037,,,
3537,2026-09-03,SZ002493,-0.01593128156660065,EXP_LGBModel_Alpha158_csi300_custom_step0_s_20260903_18,9decca58d50b405da268d76be7158e5c,0.037,,,
3538,2026-09-03,SZ002475,-0.013459158443096569,EXP_LGBModel_Alpha158_csi300_custom_step0_s_20260903_18,9decca58d50b405da268d76be7158e5c,0.037,,,
3539,2026-09-03,SZ001391,0.007986267835093082,EXP_LGBModel_Alpha158_csi300_custom_step0_s_20260903_18,9decca58d50b405da268d76be7158e5c,0.037,,,
3540,2026-09-03,SZ002466,-0.020782367420672444,EXP_LGBModel_Alpha158_csi300_custom_step0_s_20260903_18,9decca58d50b405da268d76be7158e5c,0.037,,,
3541,2026-09-03,SZ002460,-0.020782367420672444,EXP_LGBModel_Alpha158_csi300_custom_step0_s_20260903_18,9decca58d50b405da268d76be7158e5c,0.037,,,
3542,2026-09-03,SZ002422,-0.011025035810212056,EXP_LGBModel_Alpha158_csi300_custom_step0_s_20260903_18,9decca58d50b405da268d76be7158e5c,0.037,,,
3543,2026-09-03,SZ002415,0.005099557701291661,EXP_LGBModel_Alpha158_csi300_custom_step0_s_20260903_18,9decca58d50b405da268d76be7158e5c,0.037,,,
3544,2026-09-03,SZ002384,-0.010957177317406173,EXP_LGBModel_Alpha158_csi300_custom_step0_s_20260903_18,9decca58d50b405da268d76be7158e5c,0.037,,,
3545,2026-09-03,SZ002371,-0.009954498362401167,EXP_LGBModel_Alpha158_csi300_custom_step0_s_20260903_18,9decca58d50b405da268d76be7158e5c,0.037,,,
3546,2026-09-03,SZ002353,0.012976415304964285,EXP_LGBModel_Alpha158_csi300_custom_step0_s_20260903_18,9decca58d50b405da268d76be7158e5c,0.037,,,
3547,2026-09-03,SZ002463,-0.020782367420672444,EXP_LGBModel_Alpha158_csi300_custom_step0_s_20260903_18,9decca58d50b405da268d76be7158e5c,0.037,,,
3548,2026-09-03,SZ002602,0.007488184538685733,EXP_LGBModel_Alpha158_csi300_custom_step0_s_20260903_18,9decca58d50b405da268d76be7158e5c,0.037,,,
3549,2026-09-03,SZ001280,-0.017153255705508387,EXP_LGBModel_Alpha158_csi300_custom_step0_s_20260903_18,9decca58d50b405da268d76be7158e5c,0.037,,,
3550,2026-09-03,SZ000988,-0.012176960233823149,EXP_LGBModel_Alpha158_csi300_custom_step0_s_20260903_18,9decca58d50b405da268d76be7158e5c,0.037,,,
3551,2026-09-03,SZ000001,0.019123746324128575,EXP_LGBModel_Alpha158_csi300_custom_step0_s_20260903_18,9decca58d50b405da268d76be7158e5c,0.037,,,
3552,2026-09-03,SZ000002,0.009009003818408374,EXP_LGBModel_Alpha158_csi300_custom_step0_s_20260903_18,9decca58d50b405da268d76be7158e5c,0.037,,,
3553,2026-09-03,SZ000063,-0.0018613259340903572,EXP_LGBModel_Alpha158_csi300_custom_step0_s_20260903_18,9decca58d50b405da268d76be7158e5c,0.037,,,
3554,2026-09-03,SZ000100,0.011229942503798428,EXP_LGBModel_Alpha158_csi300_custom_step0_s_20260903_18,9decca58d50b405da268d76be7158e5c,0.037,,,
3555,2026-09-03,SZ000157,-0.008172018060870782,EXP_LGBModel_Alpha158_csi300_custom_step0_s_20260903_18,9decca58d50b405da268d76be7158e5c,0.037,,,
3556,2026-09-03,SZ000166,0.019886763992122948,EXP_LGBModel_Alpha158_csi300_custom_step0_s_20260903_18,9decca58d50b405da268d76be7158e5c,0.037,,,
3557,2026-09-03,SZ000301,-0.0018957092756809106,EXP_LGBModel_Alpha158_csi300_custom_step0_s_20260903_18,9decca58d50b405da268d76be7158e5c,0.037,,,
3558,2026-09-03,SZ000333,0.019886763992122948,EXP_LGBModel_Alpha158_csi300_custom_step0_s_20260903_18,9decca58d50b405da268d76be7158e5c,0.037,,,
3559,2026-09-03,SZ000338,-0.009954498362401167,EXP_LGBModel_Alpha158_csi300_custom_step0_s_20260903_18,9decca58d50b405da268d76be7158e5c,0.037,,,
3560,2026-09-03,SZ000408,0.007781445553462198,EXP_LGBModel_Alpha158_csi300_custom_step0_s_20260903_18,9decca58d50b405da268d76be7158e5c,0.037,,,
3561,2026-09-03,SZ000425,0.004023700661464529,EXP_LGBModel_Alpha158_csi300_custom_step0_s_20260903_18,9decca58d50b405da268d76be7158e5c,0.037,,,
3562,2026-09-03,SZ000538,0.019886763992122948,EXP_LGBModel_Alpha158_csi300_custom_step0_s_20260903_18,9decca58d50b405da268d76be7158e5c,0.037,,,
3563,2026-09-03,SZ000568,-0.007619521681621091,EXP_LGBModel_Alpha158_csi300_custom_step0_s_20260903_18,9decca58d50b405da268d76be7158e5c,0.037,,,
3564,2026-09-03,SZ000596,0.00015225195770869843,EXP_LGBModel_Alpha158_csi300_custom_step0_s_20260903_18,9decca58d50b405da268d76be7158e5c,0.037,,,
3565,2026-09-03,SZ000617,-0.0017756321744333728,EXP_LGBModel_Alpha158_csi300_custom_step0_s_20260903_18,9decca58d50b405da268d76be7158e5c,0.037,,,
3566,2026-09-03,SZ000625,0.0017423063178131455,EXP_LGBModel_Alpha158_csi300_custom_step0_s_20260903_18,9decca58d50b405da268d76be7158e5c,0.037,,,
3567,2026-09-03,SZ000630,-0.018583977447255966,EXP_LGBModel_Alpha158_csi300_custom_step0_s_20260903_18,9decca58d50b405da268d76be7158e5c,0.037,,,
3568,2026-09-03,SZ000977,-0.003114969285176816,EXP_LGBModel_Alpha158_csi300_custom_step0_s_20260903_18,9decca58d50b405da268d76be7158e5c,0.037,,,
3569,2026-09-03,SZ000975,0.01524650928638066,EXP_LGBModel_Alpha158_csi300_custom_step0_s_20260903_18,9decca58d50b405da268d76be7158e5c,0.037,,,
3570,2026-09-03,SZ000963,-0.001898972155124341,EXP_LGBModel_Alpha158_csi300_custom_step0_s_20260903_18,9decca58d50b405da268d76be7158e5c,0.037,,,
3571,2026-09-03,SZ000938,-0.020782367420672444,EXP_LGBModel_Alpha158_csi300_custom_step0_s_20260903_18,9decca58d50b405da268d76be7158e5c,0.037,,,
3572,2026-09-03,SZ000895,-0.006704289682265515,EXP_LGBModel_Alpha158_csi300_custom_step0_s_20260903_18,9decca58d50b405da268d76be7158e5c,0.037,,,
3573,2026-09-03,SZ000858,0.002056740066896153,EXP_LGBModel_Alpha158_csi300_custom_step0_s_20260903_18,9decca58d50b405da268d76be7158e5c,0.037,,,
3574,2026-09-03,SZ000999,0.011962030949075095,EXP_LGBModel_Alpha158_csi300_custom_step0_s_20260903_18,9decca58d50b405da268d76be7158e5c,0.037,,,
3575,2026-09-03,SZ000807,0.0009561488353816501,EXP_LGBModel_Alpha158_csi300_custom_step0_s_20260903_18,9decca58d50b405da268d76be7158e5c,0.037,,,
3576,2026-09-03,SZ000776,-0.014375350207239623,EXP_LGBModel_Alpha158_csi300_custom_step0_s_20260903_18,9decca58d50b405da268d76be7158e5c,0.037,,,
3577,2026-09-03,SZ000768,0.009014863223966944,EXP_LGBModel_Alpha158_csi300_custom_step0_s_20260903_18,9decca58d50b405da268d76be7158e5c,0.037,,,
3578,2026-09-03,SZ000725,-0.020782367420672444,EXP_LGBModel_Alpha158_csi300_custom_step0_s_20260903_18,9decca58d50b405da268d76be7158e5c,0.037,,,
3579,2026-09-03,SZ000708,0.009949282286229266,EXP_LGBModel_Alpha158_csi300_custom_step0_s_20260903_18,9decca58d50b405da268d76be7158e5c,0.037,,,
3580,2026-09-03,SZ000657,0.016013341033689822,EXP_LGBModel_Alpha158_csi300_custom_step0_s_20260903_18,9decca58d50b405da268d76be7158e5c,0.037,,,
3581,2026-09-03,SZ000651,0.019886763992122948,EXP_LGBModel_Alpha158_csi300_custom_step0_s_20260903_18,9decca58d50b405da268d76be7158e5c,0.037,,,
3582,2026-09-03,SZ000792,-0.015267857747203493,EXP_LGBModel_Alpha158_csi300_custom_step0_s_20260903_18,9decca58d50b405da268d76be7158e5c,0.037,,,
3583,2026-09-03,SZ002625,0.0033331803741899722,EXP_LGBModel_Alpha158_csi300_custom_step0_s_20260903_18,9decca58d50b405da268d76be7158e5c,0.037,,,
3584,2026-09-03,SZ002648,-0.005412579483770288,EXP_LGBModel_Alpha158_csi300_custom_step0_s_20260903_18,9decca58d50b405da268d76be7158e5c,0.037,,,
3585,2026-09-03,SZ002709,-0.01280556863885338,EXP_LGBModel_Alpha158_csi300_custom_step0_s_20260903_18,9decca58d50b405da268d76be7158e5c,0.037,,,
3586,2026-09-03,SZ301165,0.018626326357907324,EXP_LGBModel_Alpha158_csi300_custom_step0_s_20260903_18,9decca58d50b405da268d76be7158e5c,0.037,,,
3587,2026-09-03,SZ301236,-0.0018613259340903572,EXP_LGBModel_Alpha158_csi300_custom_step0_s_20260903_18,9decca58d50b405da268d76be7158e5c,0.037,,,
3588,2026-09-03,SZ301269,-0.020782367420672444,EXP_LGBModel_Alpha158_csi300_custom_step0_s_20260903_18,9decca58d50b405da268d76be7158e5c,0.037,,,
3589,2026-09-03,SZ301308,-0.012176960233823149,EXP_LGBModel_Alpha158_csi300_custom_step0_s_20260903_18,9decca58d50b405da268d76be7158e5c,0.037,,,
3590,2026-09-03,SZ302132,0.006924209563058456,EXP_LGBModel_Alpha158_csi300_custom_step0_s_20260903_18,9decca58d50b405da268d76be7158e5c,0.037,,,
3591,2026-09-03,SH600000,0.03658398217198952,EXP_DEnsembleModel_Alpha158_csi300_custom_step0_s_20260903_16,6d293050268c4c3ebd07aaee74c1b4a7,0.073,,,
3592,2026-09-03,SH600009,0.0563493111129239,EXP_DEnsembleModel_Alpha158_csi300_custom_step0_s_20260903_16,6d293050268c4c3ebd07aaee74c1b4a7,0.073,,,
3593,2026-09-03,SH600010,0.09652856017331274,EXP_DEnsembleModel_Alpha158_csi300_custom_step0_s_20260903_16,6d293050268c4c3ebd07aaee74c1b4a7,0.073,,,
3594,2026-09-03,SH600011,0.029242531203038186,EXP_DEnsembleModel_Alpha158_csi300_custom_step0_s_20260903_16,6d293050268c4c3ebd07aaee74c1b4a7,0.073,,,
3595,2026-09-03,SH600015,0.03227939091521943,EXP_DEnsembleModel_Alpha158_csi300_custom_step0_s_20260903_16,6d293050268c4c3ebd07aaee74c1b4a7,0.073,,,
3596,2026-09-03,SH600016,0.13617232003859941,EXP_DEnsembleModel_Alpha158_csi300_custom_step0_s_20260903_16,6d293050268c4c3ebd07aaee74c1b4a7,0.073,,,
3597,2026-09-03,SH600018,0.1767955155544882,EXP_DEnsembleModel_Alpha158_csi300_custom_step0_s_20260903_16,6d293050268c4c3ebd07aaee74c1b4a7,0.073,,,
3598,2026-09-03,SH600019,0.060656013725849826,EXP_DEnsembleModel_Alpha158_csi300_custom_step0_s_20260903_16,6d293050268c4c3ebd07aaee74c1b4a7,0.073,,,
3599,2026-09-03,SH600023,0.023348666809612523,EXP_DEnsembleModel_Alpha158_csi300_custom_step0_s_20260903_16,6d293050268c4c3ebd07aaee74c1b4a7,0.073,,,
3600,2026-09-03,SH600025,0.10528290357761329,EXP_DEnsembleModel_Alpha158_csi300_custom_step0_s_20260903_16,6d293050268c4c3ebd07aaee74c1b4a7,0.073,,,
3601,2026-09-03,SH600026,-0.0832845459249539,EXP_DEnsembleModel_Alpha158_csi300_custom_step0_s_20260903_16,6d293050268c4c3ebd07aaee74c1b4a7,0.073,,,
3602,2026-09-03,SH600027,0.01859816450483297,EXP_DEnsembleModel_Alpha158_csi300_custom_step0_s_20260903_16,6d293050268c4c3ebd07aaee74c1b4a7,0.073,,,
3603,2026-09-03,SH600111,-0.029741523537623858,EXP_DEnsembleModel_Alpha158_csi300_custom_step0_s_20260903_16,6d293050268c4c3ebd07aaee74c1b4a7,0.073,,,
3604,2026-09-03,SH600104,0.019111459927238592,EXP_DEnsembleModel_Alpha158_csi300_custom_step0_s_20260903_16,6d293050268c4c3ebd07aaee74c1b4a7,0.073,,,
3605,2026-09-03,SH600089,-0.013544579184137293,EXP_DEnsembleModel_Alpha158_csi300_custom_step0_s_20260903_16,6d293050268c4c3ebd07aaee74c1b4a7,0.073,,,
3606,2026-09-03,SH600085,0.06670119666368741,EXP_DEnsembleModel_Alpha158_csi300_custom_step0_s_20260903_16,6d293050268c4c3ebd07aaee74c1b4a7,0.073,,,
3607,2026-09-03,SH600066,-0.0974359527188386,EXP_DEnsembleModel_Alpha158_csi300_custom_step0_s_20260903_16,6d293050268c4c3ebd07aaee74c1b4a7,0.073,,,
3608,2026-09-03,SH600061,0.12609652185368173,EXP_DEnsembleModel_Alpha158_csi300_custom_step0_s_20260903_16,6d293050268c4c3ebd07aaee74c1b4a7,0.073,,,
3609,2026-09-03,SZ300999,-0.004655274731759875,EXP_LGBModel_Alpha158_csi300_custom_step0_s_20260903_18,9decca58d50b405da268d76be7158e5c,0.037,,,
3610,2026-09-03,SH600050,0.08983418167731923,EXP_DEnsembleModel_Alpha158_csi300_custom_step0_s_20260903_16,6d293050268c4c3ebd07aaee74c1b4a7,0.073,,,
3611,2026-09-03,SH600039,0.1090032197650352,EXP_DEnsembleModel_Alpha158_csi300_custom_step0_s_20260903_16,6d293050268c4c3ebd07aaee74c1b4a7,0.073,,,
3612,2026-09-03,SH600036,0.06736361108839657,EXP_DEnsembleModel_Alpha158_csi300_custom_step0_s_20260903_16,6d293050268c4c3ebd07aaee74c1b4a7,0.073,,,
3613,2026-09-03,SH600031,0.004905308365985015,EXP_DEnsembleModel_Alpha158_csi300_custom_step0_s_20260903_16,6d293050268c4c3ebd07aaee74c1b4a7,0.073,,,
3614,2026-09-03,SH600030,0.1066130002570747,EXP_DEnsembleModel_Alpha158_csi300_custom_step0_s_20260903_16,6d293050268c4c3ebd07aaee74c1b4a7,0.073,,,
3615,2026-09-03,SH600029,0.02921526926323452,EXP_DEnsembleModel_Alpha158_csi300_custom_step0_s_20260903_16,6d293050268c4c3ebd07aaee74c1b4a7,0.073,,,
3616,2026-09-03,SH600028,0.02672853232638911,EXP_DEnsembleModel_Alpha158_csi300_custom_step0_s_20260903_16,6d293050268c4c3ebd07aaee74c1b4a7,0.073,,,
3617,2026-09-03,SH600048,0.037787898404530215,EXP_DEnsembleModel_Alpha158_csi300_custom_step0_s_20260903_16,6d293050268c4c3ebd07aaee74c1b4a7,0.073,,,
3618,2026-09-03,SZ300896,-0.001898972155124341,EXP_LGBModel_Alpha158_csi300_custom_step0_s_20260903_18,9decca58d50b405da268d76be7158e5c,0.037,,,
3619,2026-09-03,SZ300866,0.0218312857906791,EXP_LGBModel_Alpha158_csi300_custom_step0_s_20260903_18,9decca58d50b405da268d76be7158e5c,0.037,,,
3620,2026-09-03,SZ300832,0.007911569055653385,EXP_LGBModel_Alpha158_csi300_custom_step0_s_20260903_18,9decca58d50b405da268d76be7158e5c,0.037,,,
3621,2026-09-03,SZ300251,-0.007712899520676398,EXP_LGBModel_Alpha158_csi300_custom_step0_s_20260903_18,9decca58d50b405da268d76be7158e5c,0.037,,,
3622,2026-09-03,SZ300124,-0.00737583560755931,EXP_LGBModel_Alpha158_csi300_custom_step0_s_20260903_18,9decca58d50b405da268d76be7158e5c,0.037,,,
3623,2026-09-03,SZ300122,-0.020782367420672444,EXP_LGBModel_Alpha158_csi300_custom_step0_s_20260903_18,9decca58d50b405da268d76be7158e5c,0.037,,,
3624,2026-09-03,SZ300059,0.00468508261231116,EXP_LGBModel_Alpha158_csi300_custom_step0_s_20260903_18,9decca58d50b405da268d76be7158e5c,0.037,,,
3625,2026-09-03,SZ300033,-0.020782367420672444,EXP_LGBModel_Alpha158_csi300_custom_step0_s_20260903_18,9decca58d50b405da268d76be7158e5c,0.037,,,
3626,2026-09-03,SZ300015,0.007210911774067744,EXP_LGBModel_Alpha158_csi300_custom_step0_s_20260903_18,9decca58d50b405da268d76be7158e5c,0.037,,,
3627,2026-09-03,SZ300274,0.025924156321135365,EXP_LGBModel_Alpha158_csi300_custom_step0_s_20260903_18,9decca58d50b405da268d76be7158e5c,0.037,,,
3628,2026-09-03,SZ300014,-0.006602236492484539,EXP_LGBModel_Alpha158_csi300_custom_step0_s_20260903_18,9decca58d50b405da268d76be7158e5c,0.037,,,
3629,2026-09-03,SZ002938,-0.020782367420672444,EXP_LGBModel_Alpha158_csi300_custom_step0_s_20260903_18,9decca58d50b405da268d76be7158e5c,0.037,,,
3630,2026-09-03,SZ002920,0.006199131169254637,EXP_LGBModel_Alpha158_csi300_custom_step0_s_20260903_18,9decca58d50b405da268d76be7158e5c,0.037,,,
3631,2026-09-03,SZ002916,-0.013414176111840327,EXP_LGBModel_Alpha158_csi300_custom_step0_s_20260903_18,9decca58d50b405da268d76be7158e5c,0.037,,,
3632,2026-09-03,SZ002837,-0.010131355225288808,EXP_LGBModel_Alpha158_csi300_custom_step0_s_20260903_18,9decca58d50b405da268d76be7158e5c,0.037,,,
3633,2026-09-03,SZ002736,0.0034552063352504044,EXP_LGBModel_Alpha158_csi300_custom_step0_s_20260903_18,9decca58d50b405da268d76be7158e5c,0.037,,,
3634,2026-09-03,SZ002714,-0.0066666701691072755,EXP_LGBModel_Alpha158_csi300_custom_step0_s_20260903_18,9decca58d50b405da268d76be7158e5c,0.037,,,
3635,2026-09-03,SZ003816,0.019752582643583975,EXP_LGBModel_Alpha158_csi300_custom_step0_s_20260903_18,9decca58d50b405da268d76be7158e5c,0.037,,,
3636,2026-09-03,SH603993,0.02061486128514793,EXP_DEnsembleModel_Alpha158_csi300_custom_step0_s_20260903_16,6d293050268c4c3ebd07aaee74c1b4a7,0.073,,,
3637,2026-09-03,SZ300308,0.015364460434072523,EXP_LGBModel_Alpha158_csi300_custom_step0_s_20260903_18,9decca58d50b405da268d76be7158e5c,0.037,,,
3638,2026-09-03,SZ300394,0.030988460299328682,EXP_LGBModel_Alpha158_csi300_custom_step0_s_20260903_18,9decca58d50b405da268d76be7158e5c,0.037,,,
3639,2026-09-03,SZ300803,-0.01749031961862547,EXP_LGBModel_Alpha158_csi300_custom_step0_s_20260903_18,9decca58d50b405da268d76be7158e5c,0.037,,,
3640,2026-09-03,SZ300760,-0.005083814550957711,EXP_LGBModel_Alpha158_csi300_custom_step0_s_20260903_18,9decca58d50b405da268d76be7158e5c,0.037,,,
3641,2026-09-03,SZ300750,-0.006916326905948363,EXP_LGBModel_Alpha158_csi300_custom_step0_s_20260903_18,9decca58d50b405da268d76be7158e5c,0.037,,,
3642,2026-09-03,SZ300661,-0.004978556495788991,EXP_LGBModel_Alpha158_csi300_custom_step0_s_20260903_18,9decca58d50b405da268d76be7158e5c,0.037,,,
3643,2026-09-03,SZ300628,0.004044180443090553,EXP_LGBModel_Alpha158_csi300_custom_step0_s_20260903_18,9decca58d50b405da268d76be7158e5c,0.037,,,
3644,2026-09-03,SZ300502,-0.014375350207239623,EXP_LGBModel_Alpha158_csi300_custom_step0_s_20260903_18,9decca58d50b405da268d76be7158e5c,0.037,,,
3645,2026-09-03,SZ300316,-0.011682846304263538,EXP_LGBModel_Alpha158_csi300_custom_step0_s_20260903_18,9decca58d50b405da268d76be7158e5c,0.037,,,
3646,2026-09-03,SZ300498,-0.004169028287644847,EXP_LGBModel_Alpha158_csi300_custom_step0_s_20260903_18,9decca58d50b405da268d76be7158e5c,0.037,,,
3647,2026-09-03,SZ300450,-0.015469008035870119,EXP_LGBModel_Alpha158_csi300_custom_step0_s_20260903_18,9decca58d50b405da268d76be7158e5c,0.037,,,
3648,2026-09-03,SZ300442,-0.012647355870450315,EXP_LGBModel_Alpha158_csi300_custom_step0_s_20260903_18,9decca58d50b405da268d76be7158e5c,0.037,,,
3649,2026-09-03,SZ300433,-0.014375350207239623,EXP_LGBModel_Alpha158_csi300_custom_step0_s_20260903_18,9decca58d50b405da268d76be7158e5c,0.037,,,
3650,2026-09-03,SZ300418,-0.020782367420672444,EXP_LGBModel_Alpha158_csi300_custom_step0_s_20260903_18,9decca58d50b405da268d76be7158e5c,0.037,,,
3651,2026-09-03,SZ300413,-0.004785861226325587,EXP_LGBModel_Alpha158_csi300_custom_step0_s_20260903_18,9decca58d50b405da268d76be7158e5c,0.037,,,
3652,2026-09-03,SZ300408,0.006734981349217722,EXP_LGBModel_Alpha158_csi300_custom_step0_s_20260903_18,9decca58d50b405da268d76be7158e5c,0.037,,,
3653,2026-09-03,SZ300476,0.025712412536717327,EXP_LGBModel_Alpha158_csi300_custom_step0_s_20260903_18,9decca58d50b405da268d76be7158e5c,0.037,,,
3654,2026-09-03,SH605117,-0.04735119570061993,EXP_DEnsembleModel_Alpha158_csi300_custom_step0_s_20260903_16,6d293050268c4c3ebd07aaee74c1b4a7,0.073,,,
3655,2026-09-03,SH605499,-0.036987290348051864,EXP_DEnsembleModel_Alpha158_csi300_custom_step0_s_20260903_16,6d293050268c4c3ebd07aaee74c1b4a7,0.073,,,
3656,2026-09-03,SH688008,0.12798141153401632,EXP_DEnsembleModel_Alpha158_csi300_custom_step0_s_20260903_16,6d293050268c4c3ebd07aaee74c1b4a7,0.073,,,
3657,2026-09-03,SH600438,-0.13178459283082902,EXP_DEnsembleModel_Alpha158_csi300_custom_step0_s_20260903_16,fe3462982b5f4fadb08d6c77a26d5e61,0.113,,,
3658,2026-09-03,SH600460,-0.04849711597219368,EXP_DEnsembleModel_Alpha158_csi300_custom_step0_s_20260903_16,fe3462982b5f4fadb08d6c77a26d5e61,0.113,,,
3659,2026-09-03,SH600482,-0.10058229206453097,EXP_DEnsembleModel_Alpha158_csi300_custom_step0_s_20260903_16,fe3462982b5f4fadb08d6c77a26d5e61,0.113,,,
3660,2026-09-03,SH600489,-0.05036962666022208,EXP_DEnsembleModel_Alpha158_csi300_custom_step0_s_20260903_16,fe3462982b5f4fadb08d6c77a26d5e61,0.113,,,
3661,2026-09-03,SH600515,0.059871849496331224,EXP_DEnsembleModel_Alpha158_csi300_custom_step0_s_20260903_16,fe3462982b5f4fadb08d6c77a26d5e61,0.113,,,
3662,2026-09-03,SH600519,0.07771614597857293,EXP_DEnsembleModel_Alpha158_csi300_custom_step0_s_20260903_16,fe3462982b5f4fadb08d6c77a26d5e61,0.113,,,
3663,2026-09-03,SH600522,-0.10413835341545188,EXP_DEnsembleModel_Alpha158_csi300_custom_step0_s_20260903_16,fe3462982b5f4fadb08d6c77a26d5e61,0.113,,,
3664,2026-09-03,SH600547,0.011616986201554219,EXP_DEnsembleModel_Alpha158_csi300_custom_step0_s_20260903_16,fe3462982b5f4fadb08d6c77a26d5e61,0.113,,,
3665,2026-09-03,SH600549,-0.07493128922498359,EXP_DEnsembleModel_Alpha158_csi300_custom_step0_s_20260903_16,fe3462982b5f4fadb08d6c77a26d5e61,0.113,,,
3666,2026-09-03,SH600570,-0.019331862370992842,EXP_DEnsembleModel_Alpha158_csi300_custom_step0_s_20260903_16,fe3462982b5f4fadb08d6c77a26d5e61,0.113,,,
3667,2026-09-03,SH600584,-0.03656632272730865,EXP_DEnsembleModel_Alpha158_csi300_custom_step0_s_20260903_16,fe3462982b5f4fadb08d6c77a26d5e61,0.113,,,
3668,2026-09-03,SH600585,0.03903792695638856,EXP_DEnsembleModel_Alpha158_csi300_custom_step0_s_20260903_16,fe3462982b5f4fadb08d6c77a26d5e61,0.113,,,
3669,2026-09-03,SH600588,0.04111943210741131,EXP_DEnsembleModel_Alpha158_csi300_custom_step0_s_20260903_16,fe3462982b5f4fadb08d6c77a26d5e61,0.113,,,
3670,2026-09-03,SH600600,0.031344244929129926,EXP_DEnsembleModel_Alpha158_csi300_custom_step0_s_20260903_16,fe3462982b5f4fadb08d6c77a26d5e61,0.113,,,
3671,2026-09-03,SH600660,0.09344831742584184,EXP_DEnsembleModel_Alpha158_csi300_custom_step0_s_20260903_16,fe3462982b5f4fadb08d6c77a26d5e61,0.113,,,
3672,2026-09-03,SH600674,0.057624925617022996,EXP_DEnsembleModel_Alpha158_csi300_custom_step0_s_20260903_16,fe3462982b5f4fadb08d6c77a26d5e61,0.113,,,
3673,2026-09-03,SH600690,0.07137509538719625,EXP_DEnsembleModel_Alpha158_csi300_custom_step0_s_20260903_16,fe3462982b5f4fadb08d6c77a26d5e61,0.113,,,
3674,2026-09-03,SH600919,0.13867675308043215,EXP_DEnsembleModel_Alpha158_csi300_custom_step0_s_20260903_16,fe3462982b5f4fadb08d6c77a26d5e61,0.113,,,
3675,2026-09-03,SH600918,0.02127284932594414,EXP_DEnsembleModel_Alpha158_csi300_custom_step0_s_20260903_16,fe3462982b5f4fadb08d6c77a26d5e61,0.113,,,
3676,2026-09-03,SH600905,0.030905578819523574,EXP_DEnsembleModel_Alpha158_csi300_custom_step0_s_20260903_16,fe3462982b5f4fadb08d6c77a26d5e61,0.113,,,
3677,2026-09-03,SH600900,0.09867511233855275,EXP_DEnsembleModel_Alpha158_csi300_custom_step0_s_20260903_16,fe3462982b5f4fadb08d6c77a26d5e61,0.113,,,
3678,2026-09-03,SH600893,0.032289655520891386,EXP_DEnsembleModel_Alpha158_csi300_custom_step0_s_20260903_16,fe3462982b5f4fadb08d6c77a26d5e61,0.113,,,
3679,2026-09-03,SH600887,0.11366018966436507,EXP_DEnsembleModel_Alpha158_csi300_custom_step0_s_20260903_16,fe3462982b5f4fadb08d6c77a26d5e61,0.113,,,
3680,2026-09-03,SH600436,-0.010662419748702334,EXP_DEnsembleModel_Alpha158_csi300_custom_step0_s_20260903_16,fe3462982b5f4fadb08d6c77a26d5e61,0.113,,,
3681,2026-09-03,SH600886,0.08121969874860921,EXP_DEnsembleModel_Alpha158_csi300_custom_step0_s_20260903_16,fe3462982b5f4fadb08d6c77a26d5e61,0.113,,,
3682,2026-09-03,SH600845,0.022597668374066023,EXP_DEnsembleModel_Alpha158_csi300_custom_step0_s_20260903_16,fe3462982b5f4fadb08d6c77a26d5e61,0.113,,,
3683,2026-09-03,SH600809,0.008336390681948809,EXP_DEnsembleModel_Alpha158_csi300_custom_step0_s_20260903_16,fe3462982b5f4fadb08d6c77a26d5e61,0.113,,,
3684,2026-09-03,SH600803,-0.053528574741716746,EXP_DEnsembleModel_Alpha158_csi300_custom_step0_s_20260903_16,fe3462982b5f4fadb08d6c77a26d5e61,0.113,,,
3685,2026-09-03,SH600795,0.08376484224331254,EXP_DEnsembleModel_Alpha158_csi300_custom_step0_s_20260903_16,fe3462982b5f4fadb08d6c77a26d5e61,0.113,,,
3686,2026-09-03,SH600760,0.08314206644578674,EXP_DEnsembleModel_Alpha158_csi300_custom_step0_s_20260903_16,fe3462982b5f4fadb08d6c77a26d5e61,0.113,,,
3687,2026-09-03,SH600741,0.02751091894292355,EXP_DEnsembleModel_Alpha158_csi300_custom_step0_s_20260903_16,fe3462982b5f4fadb08d6c77a26d5e61,0.113,,,
3688,2026-09-03,SH600875,-0.07679966775011485,EXP_DEnsembleModel_Alpha158_csi300_custom_step0_s_20260903_16,fe3462982b5f4fadb08d6c77a26d5e61,0.113,,,
3689,2026-09-03,SH600926,0.10946973931253458,EXP_DEnsembleModel_Alpha158_csi300_custom_step0_s_20260903_16,fe3462982b5f4fadb08d6c77a26d5e61,0.113,,,
3690,2026-09-03,SH600426,-0.12071622999469551,EXP_DEnsembleModel_Alpha158_csi300_custom_step0_s_20260903_16,fe3462982b5f4fadb08d6c77a26d5e61,0.113,,,
3691,2026-09-03,SH600406,0.037109474037259955,EXP_DEnsembleModel_Alpha158_csi300_custom_step0_s_20260903_16,fe3462982b5f4fadb08d6c77a26d5e61,0.113,,,
3692,2026-09-03,SH600027,0.02807232067473756,EXP_DEnsembleModel_Alpha158_csi300_custom_step0_s_20260903_16,fe3462982b5f4fadb08d6c77a26d5e61,0.113,,,
3693,2026-09-03,SH600028,0.03877298820387948,EXP_DEnsembleModel_Alpha158_csi300_custom_step0_s_20260903_16,fe3462982b5f4fadb08d6c77a26d5e61,0.113,,,
3694,2026-09-03,SH600029,0.020708334345655704,EXP_DEnsembleModel_Alpha158_csi300_custom_step0_s_20260903_16,fe3462982b5f4fadb08d6c77a26d5e61,0.113,,,
3695,2026-09-03,SH600030,0.10199510106796758,EXP_DEnsembleModel_Alpha158_csi300_custom_step0_s_20260903_16,fe3462982b5f4fadb08d6c77a26d5e61,0.113,,,
3696,2026-09-03,SH600031,-0.03926962510854389,EXP_DEnsembleModel_Alpha158_csi300_custom_step0_s_20260903_16,fe3462982b5f4fadb08d6c77a26d5e61,0.113,,,
3697,2026-09-03,SH600036,0.054240362244619506,EXP_DEnsembleModel_Alpha158_csi300_custom_step0_s_20260903_16,fe3462982b5f4fadb08d6c77a26d5e61,0.113,,,
3698,2026-09-03,SH600039,0.18476634822295274,EXP_DEnsembleModel_Alpha158_csi300_custom_step0_s_20260903_16,fe3462982b5f4fadb08d6c77a26d5e61,0.113,,,
3699,2026-09-03,SH600048,0.029466675803353843,EXP_DEnsembleModel_Alpha158_csi300_custom_step0_s_20260903_16,fe3462982b5f4fadb08d6c77a26d5e61,0.113,,,
3700,2026-09-03,SH600050,0.07945966787458482,EXP_DEnsembleModel_Alpha158_csi300_custom_step0_s_20260903_16,fe3462982b5f4fadb08d6c77a26d5e61,0.113,,,
3701,2026-09-03,SH600061,0.06024483857081085,EXP_DEnsembleModel_Alpha158_csi300_custom_step0_s_20260903_16,fe3462982b5f4fadb08d6c77a26d5e61,0.113,,,
3702,2026-09-03,SH600066,-0.15491038653668462,EXP_DEnsembleModel_Alpha158_csi300_custom_step0_s_20260903_16,fe3462982b5f4fadb08d6c77a26d5e61,0.113,,,
3703,2026-09-03,SH600085,0.053463773820253725,EXP_DEnsembleModel_Alpha158_csi300_custom_step0_s_20260903_16,fe3462982b5f4fadb08d6c77a26d5e61,0.113,,,
3704,2026-09-03,SH600089,-0.0007082981871052913,EXP_DEnsembleModel_Alpha158_csi300_custom_step0_s_20260903_16,fe3462982b5f4fadb08d6c77a26d5e61,0.113,,,
3705,2026-09-03,SH600104,0.029579822656115497,EXP_DEnsembleModel_Alpha158_csi300_custom_step0_s_20260903_16,fe3462982b5f4fadb08d6c77a26d5e61,0.113,,,
3706,2026-09-03,SH600111,-0.025873981378631204,EXP_DEnsembleModel_Alpha158_csi300_custom_step0_s_20260903_16,fe3462982b5f4fadb08d6c77a26d5e61,0.113,,,
3707,2026-09-03,SH600115,-0.03973646298367892,EXP_DEnsembleModel_Alpha158_csi300_custom_step0_s_20260903_16,fe3462982b5f4fadb08d6c77a26d5e61,0.113,,,
3708,2026-09-03,SH600118,0.012817886548497633,EXP_DEnsembleModel_Alpha158_csi300_custom_step0_s_20260903_16,fe3462982b5f4fadb08d6c77a26d5e61,0.113,,,
3709,2026-09-03,SH600372,0.10715509706438875,EXP_DEnsembleModel_Alpha158_csi300_custom_step0_s_20260903_16,fe3462982b5f4fadb08d6c77a26d5e61,0.113,,,
3710,2026-09-03,SH600362,-0.10621552683705084,EXP_DEnsembleModel_Alpha158_csi300_custom_step0_s_20260903_16,fe3462982b5f4fadb08d6c77a26d5e61,0.113,,,
3711,2026-09-03,SH600346,-0.06273796575305492,EXP_DEnsembleModel_Alpha158_csi300_custom_step0_s_20260903_16,fe3462982b5f4fadb08d6c77a26d5e61,0.113,,,
3712,2026-09-03,SH600309,-0.016491498457338685,EXP_DEnsembleModel_Alpha158_csi300_custom_step0_s_20260903_16,fe3462982b5f4fadb08d6c77a26d5e61,0.113,,,
3713,2026-09-03,SH600276,0.0075047266952866865,EXP_DEnsembleModel_Alpha158_csi300_custom_step0_s_20260903_16,fe3462982b5f4fadb08d6c77a26d5e61,0.113,,,
3714,2026-09-03,SH600233,-0.012558317999014468,EXP_DEnsembleModel_Alpha158_csi300_custom_step0_s_20260903_16,fe3462982b5f4fadb08d6c77a26d5e61,0.113,,,
3715,2026-09-03,SH600415,-0.0877561146352686,EXP_DEnsembleModel_Alpha158_csi300_custom_step0_s_20260903_16,fe3462982b5f4fadb08d6c77a26d5e61,0.113,,,
3716,2026-09-03,SH600221,0.04545389124767622,EXP_DEnsembleModel_Alpha158_csi300_custom_step0_s_20260903_16,fe3462982b5f4fadb08d6c77a26d5e61,0.113,,,
3717,2026-09-03,SH600196,0.002335613592710629,EXP_DEnsembleModel_Alpha158_csi300_custom_step0_s_20260903_16,fe3462982b5f4fadb08d6c77a26d5e61,0.113,,,
3718,2026-09-03,SH600188,-0.13811191335070142,EXP_DEnsembleModel_Alpha158_csi300_custom_step0_s_20260903_16,fe3462982b5f4fadb08d6c77a26d5e61,0.113,,,
3719,2026-09-03,SH600183,-0.032883329392361584,EXP_DEnsembleModel_Alpha158_csi300_custom_step0_s_20260903_16,fe3462982b5f4fadb08d6c77a26d5e61,0.113,,,
3720,2026-09-03,SH600176,-0.14794892031477552,EXP_DEnsembleModel_Alpha158_csi300_custom_step0_s_20260903_16,fe3462982b5f4fadb08d6c77a26d5e61,0.113,,,
3721,2026-09-03,SH600160,0.023566584851728176,EXP_DEnsembleModel_Alpha158_csi300_custom_step0_s_20260903_16,fe3462982b5f4fadb08d6c77a26d5e61,0.113,,,
3722,2026-09-03,SH600150,0.05897218335775715,EXP_DEnsembleModel_Alpha158_csi300_custom_step0_s_20260903_16,fe3462982b5f4fadb08d6c77a26d5e61,0.113,,,
3723,2026-09-03,SH600219,0.04370200691256263,EXP_DEnsembleModel_Alpha158_csi300_custom_step0_s_20260903_16,fe3462982b5f4fadb08d6c77a26d5e61,0.113,,,
3724,2026-09-03,SH600930,0.013952892943149123,EXP_DEnsembleModel_Alpha158_csi300_custom_step0_s_20260903_16,fe3462982b5f4fadb08d6c77a26d5e61,0.113,,,
3725,2026-09-03,SH600938,0.04768373787774025,EXP_DEnsembleModel_Alpha158_csi300_custom_step0_s_20260903_16,fe3462982b5f4fadb08d6c77a26d5e61,0.113,,,
3726,2026-09-03,SH600941,0.10172507206573951,EXP_DEnsembleModel_Alpha158_csi300_custom_step0_s_20260903_16,fe3462982b5f4fadb08d6c77a26d5e61,0.113,,,
3727,2026-09-03,SH601600,-0.07440567428625339,EXP_DEnsembleModel_Alpha158_csi300_custom_step0_s_20260903_16,fe3462982b5f4fadb08d6c77a26d5e61,0.113,,,
3728,2026-09-03,SH601601,0.08521049071700094,EXP_DEnsembleModel_Alpha158_csi300_custom_step0_s_20260903_16,fe3462982b5f4fadb08d6c77a26d5e61,0.113,,,
3729,2026-09-03,SH601607,0.11696713346438808,EXP_DEnsembleModel_Alpha158_csi300_custom_step0_s_20260903_16,fe3462982b5f4fadb08d6c77a26d5e61,0.113,,,
3730,2026-09-03,SH601618,0.025781431427062254,EXP_DEnsembleModel_Alpha158_csi300_custom_step0_s_20260903_16,fe3462982b5f4fadb08d6c77a26d5e61,0.113,,,
3731,2026-09-03,SH601628,-0.003907834474637086,EXP_DEnsembleModel_Alpha158_csi300_custom_step0_s_20260903_16,fe3462982b5f4fadb08d6c77a26d5e61,0.113,,,
3732,2026-09-03,SH601633,0.003323293811456553,EXP_DEnsembleModel_Alpha158_csi300_custom_step0_s_20260903_16,fe3462982b5f4fadb08d6c77a26d5e61,0.113,,,
3733,2026-09-03,SH601658,0.09429016795962004,EXP_DEnsembleModel_Alpha158_csi300_custom_step0_s_20260903_16,fe3462982b5f4fadb08d6c77a26d5e61,0.113,,,
3734,2026-09-03,SH601668,0.09479532926877188,EXP_DEnsembleModel_Alpha158_csi300_custom_step0_s_20260903_16,fe3462982b5f4fadb08d6c77a26d5e61,0.113,,,
3735,2026-09-03,SH601669,0.01929531163196752,EXP_DEnsembleModel_Alpha158_csi300_custom_step0_s_20260903_16,fe3462982b5f4fadb08d6c77a26d5e61,0.113,,,
3736,2026-09-03,SH601688,0.029826223038377935,EXP_DEnsembleModel_Alpha158_csi300_custom_step0_s_20260903_16,fe3462982b5f4fadb08d6c77a26d5e61,0.113,,,
3737,2026-09-03,SH601689,-0.07649834204674681,EXP_DEnsembleModel_Alpha158_csi300_custom_step0_s_20260903_16,fe3462982b5f4fadb08d6c77a26d5e61,0.113,,,
3738,2026-09-03,SH601698,0.09801275588567175,EXP_DEnsembleModel_Alpha158_csi300_custom_step0_s_20260903_16,fe3462982b5f4fadb08d6c77a26d5e61,0.113,,,
3739,2026-09-03,SH601727,0.03372741895008117,EXP_DEnsembleModel_Alpha158_csi300_custom_step0_s_20260903_16,fe3462982b5f4fadb08d6c77a26d5e61,0.113,,,
3740,2026-09-03,SH601728,0.08268092139537808,EXP_DEnsembleModel_Alpha158_csi300_custom_step0_s_20260903_16,fe3462982b5f4fadb08d6c77a26d5e61,0.113,,,
3741,2026-09-03,SH601766,0.10033620536516152,EXP_DEnsembleModel_Alpha158_csi300_custom_step0_s_20260903_16,fe3462982b5f4fadb08d6c77a26d5e61,0.113,,,
3742,2026-09-03,SH601788,0.07374541600525962,EXP_DEnsembleModel_Alpha158_csi300_custom_step0_s_20260903_16,fe3462982b5f4fadb08d6c77a26d5e61,0.113,,,
3743,2026-09-03,SH601800,0.04249338011991353,EXP_DEnsembleModel_Alpha158_csi300_custom_step0_s_20260903_16,fe3462982b5f4fadb08d6c77a26d5e61,0.113,,,
3744,2026-09-03,SH601901,0.06770651756083289,EXP_DEnsembleModel_Alpha158_csi300_custom_step0_s_20260903_16,fe3462982b5f4fadb08d6c77a26d5e61,0.113,,,
3745,2026-09-03,SH601899,0.0037555720905207454,EXP_DEnsembleModel_Alpha158_csi300_custom_step0_s_20260903_16,fe3462982b5f4fadb08d6c77a26d5e61,0.113,,,
3746,2026-09-03,SH601898,-0.17962506225693511,EXP_DEnsembleModel_Alpha158_csi300_custom_step0_s_20260903_16,fe3462982b5f4fadb08d6c77a26d5e61,0.113,,,
3747,2026-09-03,SH601888,-0.11138084774258791,EXP_DEnsembleModel_Alpha158_csi300_custom_step0_s_20260903_16,fe3462982b5f4fadb08d6c77a26d5e61,0.113,,,
3748,2026-09-03,SH601881,0.12243579628702586,EXP_DEnsembleModel_Alpha158_csi300_custom_step0_s_20260903_16,fe3462982b5f4fadb08d6c77a26d5e61,0.113,,,
3749,2026-09-03,SH601878,0.11331826418835055,EXP_DEnsembleModel_Alpha158_csi300_custom_step0_s_20260903_16,fe3462982b5f4fadb08d6c77a26d5e61,0.113,,,
3750,2026-09-03,SH601456,0.06712233973246996,EXP_DEnsembleModel_Alpha158_csi300_custom_step0_s_20260903_16,fe3462982b5f4fadb08d6c77a26d5e61,0.113,,,
3751,2026-09-03,SH601877,-0.019316119352496258,EXP_DEnsembleModel_Alpha158_csi300_custom_step0_s_20260903_16,fe3462982b5f4fadb08d6c77a26d5e61,0.113,,,
3752,2026-09-03,SH601868,0.03496998557170985,EXP_DEnsembleModel_Alpha158_csi300_custom_step0_s_20260903_16,fe3462982b5f4fadb08d6c77a26d5e61,0.113,,,
3753,2026-09-03,SH601857,0.08773245366271312,EXP_DEnsembleModel_Alpha158_csi300_custom_step0_s_20260903_16,fe3462982b5f4fadb08d6c77a26d5e61,0.113,,,
3754,2026-09-03,SH601838,0.09732773326271232,EXP_DEnsembleModel_Alpha158_csi300_custom_step0_s_20260903_16,fe3462982b5f4fadb08d6c77a26d5e61,0.113,,,
3755,2026-09-03,SH601825,0.12618880429253157,EXP_DEnsembleModel_Alpha158_csi300_custom_step0_s_20260903_16,fe3462982b5f4fadb08d6c77a26d5e61,0.113,,,
3756,2026-09-03,SH601818,0.1324710960682922,EXP_DEnsembleModel_Alpha158_csi300_custom_step0_s_20260903_16,fe3462982b5f4fadb08d6c77a26d5e61,0.113,,,
3757,2026-09-03,SH601816,0.09047328837548613,EXP_DEnsembleModel_Alpha158_csi300_custom_step0_s_20260903_16,fe3462982b5f4fadb08d6c77a26d5e61,0.113,,,
3758,2026-09-03,SH601872,-0.1121001316711515,EXP_DEnsembleModel_Alpha158_csi300_custom_step0_s_20260903_16,fe3462982b5f4fadb08d6c77a26d5e61,0.113,,,
3759,2026-09-03,SH601398,0.004210709793324184,EXP_DEnsembleModel_Alpha158_csi300_custom_step0_s_20260903_16,fe3462982b5f4fadb08d6c77a26d5e61,0.113,,,
3760,2026-09-03,SH601390,0.03786333912265891,EXP_DEnsembleModel_Alpha158_csi300_custom_step0_s_20260903_16,fe3462982b5f4fadb08d6c77a26d5e61,0.113,,,
3761,2026-09-03,SH601377,0.10427910715655044,EXP_DEnsembleModel_Alpha158_csi300_custom_step0_s_20260903_16,fe3462982b5f4fadb08d6c77a26d5e61,0.113,,,
3762,2026-09-03,SH601100,0.024848601762434714,EXP_DEnsembleModel_Alpha158_csi300_custom_step0_s_20260903_16,fe3462982b5f4fadb08d6c77a26d5e61,0.113,,,
3763,2026-09-03,SH601088,0.03763752125037912,EXP_DEnsembleModel_Alpha158_csi300_custom_step0_s_20260903_16,fe3462982b5f4fadb08d6c77a26d5e61,0.113,,,
3764,2026-09-03,SH601077,0.08526147670706095,EXP_DEnsembleModel_Alpha158_csi300_custom_step0_s_20260903_16,fe3462982b5f4fadb08d6c77a26d5e61,0.113,,,
3765,2026-09-03,SH601066,0.004904297085184869,EXP_DEnsembleModel_Alpha158_csi300_custom_step0_s_20260903_16,fe3462982b5f4fadb08d6c77a26d5e61,0.113,,,
3766,2026-09-03,SH601059,0.10896597531323989,EXP_DEnsembleModel_Alpha158_csi300_custom_step0_s_20260903_16,fe3462982b5f4fadb08d6c77a26d5e61,0.113,,,
3767,2026-09-03,SH601058,-0.0448630426642035,EXP_DEnsembleModel_Alpha158_csi300_custom_step0_s_20260903_16,fe3462982b5f4fadb08d6c77a26d5e61,0.113,,,
3768,2026-09-03,SH601111,0.000912208650406591,EXP_DEnsembleModel_Alpha158_csi300_custom_step0_s_20260903_16,fe3462982b5f4fadb08d6c77a26d5e61,0.113,,,
3769,2026-09-03,SH601021,-0.0018373458378669106,EXP_DEnsembleModel_Alpha158_csi300_custom_step0_s_20260903_16,fe3462982b5f4fadb08d6c77a26d5e61,0.113,,,
3770,2026-09-03,SH601012,-0.10131266780838123,EXP_DEnsembleModel_Alpha158_csi300_custom_step0_s_20260903_16,fe3462982b5f4fadb08d6c77a26d5e61,0.113,,,
3771,2026-09-03,SH601009,0.16542760172130982,EXP_DEnsembleModel_Alpha158_csi300_custom_step0_s_20260903_16,fe3462982b5f4fadb08d6c77a26d5e61,0.113,,,
3772,2026-09-03,SH601006,0.12163499885105525,EXP_DEnsembleModel_Alpha158_csi300_custom_step0_s_20260903_16,fe3462982b5f4fadb08d6c77a26d5e61,0.113,,,
3773,2026-09-03,SH600999,0.020571084552763,EXP_DEnsembleModel_Alpha158_csi300_custom_step0_s_20260903_16,fe3462982b5f4fadb08d6c77a26d5e61,0.113,,,
3774,2026-09-03,SH600989,-0.08240640219636396,EXP_DEnsembleModel_Alpha158_csi300_custom_step0_s_20260903_16,fe3462982b5f4fadb08d6c77a26d5e61,0.113,,,
3775,2026-09-03,SH600958,0.15144956985529287,EXP_DEnsembleModel_Alpha158_csi300_custom_step0_s_20260903_16,fe3462982b5f4fadb08d6c77a26d5e61,0.113,,,
3776,2026-09-03,SH601018,0.17057999705750018,EXP_DEnsembleModel_Alpha158_csi300_custom_step0_s_20260903_16,fe3462982b5f4fadb08d6c77a26d5e61,0.113,,,
3777,2026-09-03,SH600026,0.019170986241651446,EXP_DEnsembleModel_Alpha158_csi300_custom_step0_s_20260903_16,fe3462982b5f4fadb08d6c77a26d5e61,0.113,,,
3778,2026-09-03,SH601117,0.11310257558079227,EXP_DEnsembleModel_Alpha158_csi300_custom_step0_s_20260903_16,fe3462982b5f4fadb08d6c77a26d5e61,0.113,,,
3779,2026-09-03,SH601136,-0.023490459415796874,EXP_DEnsembleModel_Alpha158_csi300_custom_step0_s_20260903_16,fe3462982b5f4fadb08d6c77a26d5e61,0.113,,,
3780,2026-09-03,SH601360,-0.049721664108878134,EXP_DEnsembleModel_Alpha158_csi300_custom_step0_s_20260903_16,fe3462982b5f4fadb08d6c77a26d5e61,0.113,,,
3781,2026-09-03,SH601336,0.017873584289056877,EXP_DEnsembleModel_Alpha158_csi300_custom_step0_s_20260903_16,fe3462982b5f4fadb08d6c77a26d5e61,0.113,,,
3782,2026-09-03,SH601328,0.0995342021820891,EXP_DEnsembleModel_Alpha158_csi300_custom_step0_s_20260903_16,fe3462982b5f4fadb08d6c77a26d5e61,0.113,,,
3783,2026-09-03,SH601319,0.15345967768916444,EXP_DEnsembleModel_Alpha158_csi300_custom_step0_s_20260903_16,fe3462982b5f4fadb08d6c77a26d5e61,0.113,,,
3784,2026-09-03,SH601318,0.04758098940245759,EXP_DEnsembleModel_Alpha158_csi300_custom_step0_s_20260903_16,fe3462982b5f4fadb08d6c77a26d5e61,0.113,,,
3785,2026-09-03,SH601288,0.07304863555043044,EXP_DEnsembleModel_Alpha158_csi300_custom_step0_s_20260903_16,fe3462982b5f4fadb08d6c77a26d5e61,0.113,,,
3786,2026-09-03,SH601127,-0.00892394203565806,EXP_DEnsembleModel_Alpha158_csi300_custom_step0_s_20260903_16,fe3462982b5f4fadb08d6c77a26d5e61,0.113,,,
3787,2026-09-03,SH601238,0.003517875137466068,EXP_DEnsembleModel_Alpha158_csi300_custom_step0_s_20260903_16,fe3462982b5f4fadb08d6c77a26d5e61,0.113,,,
3788,2026-09-03,SH601225,-0.026324912870593842,EXP_DEnsembleModel_Alpha158_csi300_custom_step0_s_20260903_16,fe3462982b5f4fadb08d6c77a26d5e61,0.113,,,
3789,2026-09-03,SH601211,0.06108085736453663,EXP_DEnsembleModel_Alpha158_csi300_custom_step0_s_20260903_16,fe3462982b5f4fadb08d6c77a26d5e61,0.113,,,
3790,2026-09-03,SH601186,0.035061971508386545,EXP_DEnsembleModel_Alpha158_csi300_custom_step0_s_20260903_16,fe3462982b5f4fadb08d6c77a26d5e61,0.113,,,
3791,2026-09-03,SH601169,0.12030198942501631,EXP_DEnsembleModel_Alpha158_csi300_custom_step0_s_20260903_16,fe3462982b5f4fadb08d6c77a26d5e61,0.113,,,
3792,2026-09-03,SH601166,0.07403930187986942,EXP_DEnsembleModel_Alpha158_csi300_custom_step0_s_20260903_16,fe3462982b5f4fadb08d6c77a26d5e61,0.113,,,
3793,2026-09-03,SH601138,-0.12376456136271367,EXP_DEnsembleModel_Alpha158_csi300_custom_step0_s_20260903_16,fe3462982b5f4fadb08d6c77a26d5e61,0.113,,,
3794,2026-09-03,SH601229,0.0634971224122207,EXP_DEnsembleModel_Alpha158_csi300_custom_step0_s_20260903_16,fe3462982b5f4fadb08d6c77a26d5e61,0.113,,,
3795,2026-09-03,SH688981,-0.013122094529979481,EXP_LGBModel_Alpha158_csi300_custom_step0_s_20260903_18,9decca58d50b405da268d76be7158e5c,0.037,,,
3796,2026-09-03,SH600025,0.0837275024866549,EXP_DEnsembleModel_Alpha158_csi300_custom_step0_s_20260903_16,fe3462982b5f4fadb08d6c77a26d5e61,0.113,,,
3797,2026-09-03,SH600019,0.06415815800017936,EXP_DEnsembleModel_Alpha158_csi300_custom_step0_s_20260903_16,fe3462982b5f4fadb08d6c77a26d5e61,0.113,,,
3798,2026-09-03,SZ000630,-0.05401705346586853,EXP_DEnsembleModel_Alpha158_csi300_custom_step0_s_20260903_16,6d293050268c4c3ebd07aaee74c1b4a7,0.073,,,
3799,2026-09-03,SZ000651,0.10073438336786882,EXP_DEnsembleModel_Alpha158_csi300_custom_step0_s_20260903_16,6d293050268c4c3ebd07aaee74c1b4a7,0.073,,,
3800,2026-09-03,SZ000657,0.12103316468861508,EXP_DEnsembleModel_Alpha158_csi300_custom_step0_s_20260903_16,6d293050268c4c3ebd07aaee74c1b4a7,0.073,,,
3801,2026-09-03,SZ000708,0.020678602755511893,EXP_DEnsembleModel_Alpha158_csi300_custom_step0_s_20260903_16,6d293050268c4c3ebd07aaee74c1b4a7,0.073,,,
3802,2026-09-03,SZ000725,0.06251704672397278,EXP_DEnsembleModel_Alpha158_csi300_custom_step0_s_20260903_16,6d293050268c4c3ebd07aaee74c1b4a7,0.073,,,
3803,2026-09-03,SZ000768,0.07047260980288529,EXP_DEnsembleModel_Alpha158_csi300_custom_step0_s_20260903_16,6d293050268c4c3ebd07aaee74c1b4a7,0.073,,,
3804,2026-09-03,SZ000776,0.08213870593040151,EXP_DEnsembleModel_Alpha158_csi300_custom_step0_s_20260903_16,6d293050268c4c3ebd07aaee74c1b4a7,0.073,,,
3805,2026-09-03,SZ000792,-0.08158119375170088,EXP_DEnsembleModel_Alpha158_csi300_custom_step0_s_20260903_16,6d293050268c4c3ebd07aaee74c1b4a7,0.073,,,
3806,2026-09-03,SZ000807,-0.010579047124158294,EXP_DEnsembleModel_Alpha158_csi300_custom_step0_s_20260903_16,6d293050268c4c3ebd07aaee74c1b4a7,0.073,,,
3807,2026-09-03,SZ000858,0.02608550733117843,EXP_DEnsembleModel_Alpha158_csi300_custom_step0_s_20260903_16,6d293050268c4c3ebd07aaee74c1b4a7,0.073,,,
3808,2026-09-03,SZ000895,0.03160017229728218,EXP_DEnsembleModel_Alpha158_csi300_custom_step0_s_20260903_16,6d293050268c4c3ebd07aaee74c1b4a7,0.073,,,
3809,2026-09-03,SZ000938,-0.1371207698371529,EXP_DEnsembleModel_Alpha158_csi300_custom_step0_s_20260903_16,6d293050268c4c3ebd07aaee74c1b4a7,0.073,,,
3810,2026-09-03,SZ000963,-0.031016993302190998,EXP_DEnsembleModel_Alpha158_csi300_custom_step0_s_20260903_16,6d293050268c4c3ebd07aaee74c1b4a7,0.073,,,
3811,2026-09-03,SZ000975,-0.13445882117621286,EXP_DEnsembleModel_Alpha158_csi300_custom_step0_s_20260903_16,6d293050268c4c3ebd07aaee74c1b4a7,0.073,,,
3812,2026-09-03,SZ000977,-0.13630970638033799,EXP_DEnsembleModel_Alpha158_csi300_custom_step0_s_20260903_16,6d293050268c4c3ebd07aaee74c1b4a7,0.073,,,
3813,2026-09-03,SZ000988,0.1369982899709685,EXP_DEnsembleModel_Alpha158_csi300_custom_step0_s_20260903_16,6d293050268c4c3ebd07aaee74c1b4a7,0.073,,,
3814,2026-09-03,SZ000999,0.012573921046544983,EXP_DEnsembleModel_Alpha158_csi300_custom_step0_s_20260903_16,6d293050268c4c3ebd07aaee74c1b4a7,0.073,,,
3815,2026-09-03,SZ002230,-0.021181654028924815,EXP_DEnsembleModel_Alpha158_csi300_custom_step0_s_20260903_16,6d293050268c4c3ebd07aaee74c1b4a7,0.073,,,
3816,2026-09-03,SZ002202,-0.014193107118499117,EXP_DEnsembleModel_Alpha158_csi300_custom_step0_s_20260903_16,6d293050268c4c3ebd07aaee74c1b4a7,0.073,,,
3817,2026-09-03,SZ002179,0.06762072542577842,EXP_DEnsembleModel_Alpha158_csi300_custom_step0_s_20260903_16,6d293050268c4c3ebd07aaee74c1b4a7,0.073,,,
3818,2026-09-03,SZ002142,0.06528730577104873,EXP_DEnsembleModel_Alpha158_csi300_custom_step0_s_20260903_16,6d293050268c4c3ebd07aaee74c1b4a7,0.073,,,
3819,2026-09-03,SZ002074,-0.1374264701756304,EXP_DEnsembleModel_Alpha158_csi300_custom_step0_s_20260903_16,6d293050268c4c3ebd07aaee74c1b4a7,0.073,,,
3820,2026-09-03,SZ002050,-0.08402285234467523,EXP_DEnsembleModel_Alpha158_csi300_custom_step0_s_20260903_16,6d293050268c4c3ebd07aaee74c1b4a7,0.073,,,
3821,2026-09-03,SZ000625,-0.01386317266180514,EXP_DEnsembleModel_Alpha158_csi300_custom_step0_s_20260903_16,6d293050268c4c3ebd07aaee74c1b4a7,0.073,,,
3822,2026-09-03,SZ002049,0.06072725565614325,EXP_DEnsembleModel_Alpha158_csi300_custom_step0_s_20260903_16,6d293050268c4c3ebd07aaee74c1b4a7,0.073,,,
3823,2026-09-03,SZ002027,-0.005254045385814647,EXP_DEnsembleModel_Alpha158_csi300_custom_step0_s_20260903_16,6d293050268c4c3ebd07aaee74c1b4a7,0.073,,,
3824,2026-09-03,SZ002001,0.021204813155871267,EXP_DEnsembleModel_Alpha158_csi300_custom_step0_s_20260903_16,6d293050268c4c3ebd07aaee74c1b4a7,0.073,,,
3825,2026-09-03,SZ001979,0.004574310294254197,EXP_DEnsembleModel_Alpha158_csi300_custom_step0_s_20260903_16,6d293050268c4c3ebd07aaee74c1b4a7,0.073,,,
3826,2026-09-03,SZ001965,0.04124502350907435,EXP_DEnsembleModel_Alpha158_csi300_custom_step0_s_20260903_16,6d293050268c4c3ebd07aaee74c1b4a7,0.073,,,
3827,2026-09-03,SZ001391,0.04286756125566628,EXP_DEnsembleModel_Alpha158_csi300_custom_step0_s_20260903_16,6d293050268c4c3ebd07aaee74c1b4a7,0.073,,,
3828,2026-09-03,SZ001280,-0.08181543046047376,EXP_DEnsembleModel_Alpha158_csi300_custom_step0_s_20260903_16,6d293050268c4c3ebd07aaee74c1b4a7,0.073,,,
3829,2026-09-03,SZ002028,-0.011905752738396577,EXP_DEnsembleModel_Alpha158_csi300_custom_step0_s_20260903_16,6d293050268c4c3ebd07aaee74c1b4a7,0.073,,,
3830,2026-09-03,SZ002236,0.08653918008274272,EXP_DEnsembleModel_Alpha158_csi300_custom_step0_s_20260903_16,6d293050268c4c3ebd07aaee74c1b4a7,0.073,,,
3831,2026-09-03,SZ000617,0.02563012639231273,EXP_DEnsembleModel_Alpha158_csi300_custom_step0_s_20260903_16,6d293050268c4c3ebd07aaee74c1b4a7,0.073,,,
3832,2026-09-03,SZ000568,-0.02423865623794644,EXP_DEnsembleModel_Alpha158_csi300_custom_step0_s_20260903_16,6d293050268c4c3ebd07aaee74c1b4a7,0.073,,,
3833,2026-09-03,SH688009,0.11418853949279195,EXP_DEnsembleModel_Alpha158_csi300_custom_step0_s_20260903_16,6d293050268c4c3ebd07aaee74c1b4a7,0.073,,,
3834,2026-09-03,SH688012,0.05156414614938052,EXP_DEnsembleModel_Alpha158_csi300_custom_step0_s_20260903_16,6d293050268c4c3ebd07aaee74c1b4a7,0.073,,,
3835,2026-09-03,SH688036,0.004078176930430318,EXP_DEnsembleModel_Alpha158_csi300_custom_step0_s_20260903_16,6d293050268c4c3ebd07aaee74c1b4a7,0.073,,,
3836,2026-09-03,SH688041,0.1736139032189145,EXP_DEnsembleModel_Alpha158_csi300_custom_step0_s_20260903_16,6d293050268c4c3ebd07aaee74c1b4a7,0.073,,,
3837,2026-09-03,SH688047,0.09814978805458212,EXP_DEnsembleModel_Alpha158_csi300_custom_step0_s_20260903_16,6d293050268c4c3ebd07aaee74c1b4a7,0.073,,,
3838,2026-09-03,SH688072,-0.08606652702557134,EXP_DEnsembleModel_Alpha158_csi300_custom_step0_s_20260903_16,6d293050268c4c3ebd07aaee74c1b4a7,0.073,,,
3839,2026-09-03,SH688082,0.0681119931214289,EXP_DEnsembleModel_Alpha158_csi300_custom_step0_s_20260903_16,6d293050268c4c3ebd07aaee74c1b4a7,0.073,,,
3840,2026-09-03,SH688111,-0.016326615671520817,EXP_DEnsembleModel_Alpha158_csi300_custom_step0_s_20260903_16,6d293050268c4c3ebd07aaee74c1b4a7,0.073,,,
3841,2026-09-03,SH688126,0.07558374896626589,EXP_DEnsembleModel_Alpha158_csi300_custom_step0_s_20260903_16,6d293050268c4c3ebd07aaee74c1b4a7,0.073,,,
3842,2026-09-03,SH688183,-0.025394119698453173,EXP_DEnsembleModel_Alpha158_csi300_custom_step0_s_20260903_16,6d293050268c4c3ebd07aaee74c1b4a7,0.073,,,
3843,2026-09-03,SH688223,-0.04859248807928466,EXP_DEnsembleModel_Alpha158_csi300_custom_step0_s_20260903_16,6d293050268c4c3ebd07aaee74c1b4a7,0.073,,,
3844,2026-09-03,SH688256,0.06787723368558675,EXP_DEnsembleModel_Alpha158_csi300_custom_step0_s_20260903_16,6d293050268c4c3ebd07aaee74c1b4a7,0.073,,,
3845,2026-09-03,SH688271,-0.003716142080880043,EXP_DEnsembleModel_Alpha158_csi300_custom_step0_s_20260903_16,6d293050268c4c3ebd07aaee74c1b4a7,0.073,,,
3846,2026-09-03,SH688303,-0.05942199476941412,EXP_DEnsembleModel_Alpha158_csi300_custom_step0_s_20260903_16,6d293050268c4c3ebd07aaee74c1b4a7,0.073,,,
3847,2026-09-03,SH688396,0.09357446942422552,EXP_DEnsembleModel_Alpha158_csi300_custom_step0_s_20260903_16,6d293050268c4c3ebd07aaee74c1b4a7,0.073,,,
3848,2026-09-03,SH688472,-0.07260324646587239,EXP_DEnsembleModel_Alpha158_csi300_custom_step0_s_20260903_16,6d293050268c4c3ebd07aaee74c1b4a7,0.073,,,
3849,2026-09-03,SH688506,0.01538663818494159,EXP_DEnsembleModel_Alpha158_csi300_custom_step0_s_20260903_16,6d293050268c4c3ebd07aaee74c1b4a7,0.073,,,
3850,2026-09-03,SZ000538,0.06301412818143007,EXP_DEnsembleModel_Alpha158_csi300_custom_step0_s_20260903_16,6d293050268c4c3ebd07aaee74c1b4a7,0.073,,,
3851,2026-09-03,SZ000425,0.029410460306758254,EXP_DEnsembleModel_Alpha158_csi300_custom_step0_s_20260903_16,6d293050268c4c3ebd07aaee74c1b4a7,0.073,,,
3852,2026-09-03,SZ000408,0.059561820710726306,EXP_DEnsembleModel_Alpha158_csi300_custom_step0_s_20260903_16,6d293050268c4c3ebd07aaee74c1b4a7,0.073,,,
3853,2026-09-03,SZ000338,0.003198887243452568,EXP_DEnsembleModel_Alpha158_csi300_custom_step0_s_20260903_16,6d293050268c4c3ebd07aaee74c1b4a7,0.073,,,
3854,2026-09-03,SZ000333,0.08322053875891659,EXP_DEnsembleModel_Alpha158_csi300_custom_step0_s_20260903_16,6d293050268c4c3ebd07aaee74c1b4a7,0.073,,,
3855,2026-09-03,SZ000301,-0.13150938441968593,EXP_DEnsembleModel_Alpha158_csi300_custom_step0_s_20260903_16,6d293050268c4c3ebd07aaee74c1b4a7,0.073,,,
3856,2026-09-03,SZ000596,-0.08343985631510532,EXP_DEnsembleModel_Alpha158_csi300_custom_step0_s_20260903_16,6d293050268c4c3ebd07aaee74c1b4a7,0.073,,,
3857,2026-09-03,SZ000166,0.07392847554094023,EXP_DEnsembleModel_Alpha158_csi300_custom_step0_s_20260903_16,6d293050268c4c3ebd07aaee74c1b4a7,0.073,,,
3858,2026-09-03,SZ000100,0.106955709454994,EXP_DEnsembleModel_Alpha158_csi300_custom_step0_s_20260903_16,6d293050268c4c3ebd07aaee74c1b4a7,0.073,,,
3859,2026-09-03,SZ000063,0.002989700127408367,EXP_DEnsembleModel_Alpha158_csi300_custom_step0_s_20260903_16,6d293050268c4c3ebd07aaee74c1b4a7,0.073,,,
3860,2026-09-03,SZ000002,0.016972310998271414,EXP_DEnsembleModel_Alpha158_csi300_custom_step0_s_20260903_16,6d293050268c4c3ebd07aaee74c1b4a7,0.073,,,
3861,2026-09-03,SZ000001,0.10252391209338844,EXP_DEnsembleModel_Alpha158_csi300_custom_step0_s_20260903_16,6d293050268c4c3ebd07aaee74c1b4a7,0.073,,,
3862,2026-09-03,SH688981,-0.01683166258929028,EXP_DEnsembleModel_Alpha158_csi300_custom_step0_s_20260903_16,6d293050268c4c3ebd07aaee74c1b4a7,0.073,,,
3863,2026-09-03,SH688521,0.2124532253945935,EXP_DEnsembleModel_Alpha158_csi300_custom_step0_s_20260903_16,6d293050268c4c3ebd07aaee74c1b4a7,0.073,,,
3864,2026-09-03,SZ000157,0.02438720078449202,EXP_DEnsembleModel_Alpha158_csi300_custom_step0_s_20260903_16,6d293050268c4c3ebd07aaee74c1b4a7,0.073,,,
3865,2026-09-03,SZ002241,-0.04298458323699258,EXP_DEnsembleModel_Alpha158_csi300_custom_step0_s_20260903_16,6d293050268c4c3ebd07aaee74c1b4a7,0.073,,,
3866,2026-09-03,SZ002304,0.015192025525481495,EXP_DEnsembleModel_Alpha158_csi300_custom_step0_s_20260903_16,6d293050268c4c3ebd07aaee74c1b4a7,0.073,,,
3867,2026-09-03,SZ002311,-0.024473600384565464,EXP_DEnsembleModel_Alpha158_csi300_custom_step0_s_20260903_16,6d293050268c4c3ebd07aaee74c1b4a7,0.073,,,
3868,2026-09-03,SZ300394,0.15380562303932496,EXP_DEnsembleModel_Alpha158_csi300_custom_step0_s_20260903_16,6d293050268c4c3ebd07aaee74c1b4a7,0.073,,,
3869,2026-09-03,SZ300408,-0.024269924265403434,EXP_DEnsembleModel_Alpha158_csi300_custom_step0_s_20260903_16,6d293050268c4c3ebd07aaee74c1b4a7,0.073,,,
3870,2026-09-03,SZ300413,-0.11593165758415995,EXP_DEnsembleModel_Alpha158_csi300_custom_step0_s_20260903_16,6d293050268c4c3ebd07aaee74c1b4a7,0.073,,,
3871,2026-09-03,SZ300418,-0.15637088761113815,EXP_DEnsembleModel_Alpha158_csi300_custom_step0_s_20260903_16,6d293050268c4c3ebd07aaee74c1b4a7,0.073,,,
3872,2026-09-03,SZ300433,0.13738534933821028,EXP_DEnsembleModel_Alpha158_csi300_custom_step0_s_20260903_16,6d293050268c4c3ebd07aaee74c1b4a7,0.073,,,
3873,2026-09-03,SZ300442,0.01114546255429311,EXP_DEnsembleModel_Alpha158_csi300_custom_step0_s_20260903_16,6d293050268c4c3ebd07aaee74c1b4a7,0.073,,,
3874,2026-09-03,SZ300450,-0.04597691455015663,EXP_DEnsembleModel_Alpha158_csi300_custom_step0_s_20260903_16,6d293050268c4c3ebd07aaee74c1b4a7,0.073,,,
3875,2026-09-03,SZ300476,0.2137148371261089,EXP_DEnsembleModel_Alpha158_csi300_custom_step0_s_20260903_16,6d293050268c4c3ebd07aaee74c1b4a7,0.073,,,
3876,2026-09-03,SZ300498,-0.013690180779090302,EXP_DEnsembleModel_Alpha158_csi300_custom_step0_s_20260903_16,6d293050268c4c3ebd07aaee74c1b4a7,0.073,,,
3877,2026-09-03,SZ300502,0.17163073754737537,EXP_DEnsembleModel_Alpha158_csi300_custom_step0_s_20260903_16,6d293050268c4c3ebd07aaee74c1b4a7,0.073,,,
3878,2026-09-03,SZ300628,-0.09448686969027624,EXP_DEnsembleModel_Alpha158_csi300_custom_step0_s_20260903_16,6d293050268c4c3ebd07aaee74c1b4a7,0.073,,,
3879,2026-09-03,SZ300661,0.011040371257151665,EXP_DEnsembleModel_Alpha158_csi300_custom_step0_s_20260903_16,6d293050268c4c3ebd07aaee74c1b4a7,0.073,,,
3880,2026-09-03,SZ300750,-0.05566742840029685,EXP_DEnsembleModel_Alpha158_csi300_custom_step0_s_20260903_16,6d293050268c4c3ebd07aaee74c1b4a7,0.073,,,
3881,2026-09-03,SZ300760,-0.0031993142415930723,EXP_DEnsembleModel_Alpha158_csi300_custom_step0_s_20260903_16,6d293050268c4c3ebd07aaee74c1b4a7,0.073,,,
3882,2026-09-03,SZ300803,-0.08914289326952865,EXP_DEnsembleModel_Alpha158_csi300_custom_step0_s_20260903_16,6d293050268c4c3ebd07aaee74c1b4a7,0.073,,,
3883,2026-09-03,SZ300832,0.01417943730692822,EXP_DEnsembleModel_Alpha158_csi300_custom_step0_s_20260903_16,6d293050268c4c3ebd07aaee74c1b4a7,0.073,,,
3884,2026-09-03,SZ300866,-0.11188898306771211,EXP_DEnsembleModel_Alpha158_csi300_custom_step0_s_20260903_16,6d293050268c4c3ebd07aaee74c1b4a7,0.073,,,
3885,2026-09-03,SH600018,0.06025262195977595,EXP_DEnsembleModel_Alpha158_csi300_custom_step0_s_20260903_16,fe3462982b5f4fadb08d6c77a26d5e61,0.113,,,
3886,2026-09-03,SH600016,0.06054723784972562,EXP_DEnsembleModel_Alpha158_csi300_custom_step0_s_20260903_16,fe3462982b5f4fadb08d6c77a26d5e61,0.113,,,
3887,2026-09-03,SH600015,0.016793212199169554,EXP_DEnsembleModel_Alpha158_csi300_custom_step0_s_20260903_16,fe3462982b5f4fadb08d6c77a26d5e61,0.113,,,
3888,2026-09-03,SH600011,0.015589151151811947,EXP_DEnsembleModel_Alpha158_csi300_custom_step0_s_20260903_16,fe3462982b5f4fadb08d6c77a26d5e61,0.113,,,
3889,2026-09-03,SH600010,0.07271719573131374,EXP_DEnsembleModel_Alpha158_csi300_custom_step0_s_20260903_16,fe3462982b5f4fadb08d6c77a26d5e61,0.113,,,
3890,2026-09-03,SH600009,0.048824106373159495,EXP_DEnsembleModel_Alpha158_csi300_custom_step0_s_20260903_16,fe3462982b5f4fadb08d6c77a26d5e61,0.113,,,
3891,2026-09-03,SZ300316,0.04239829928941286,EXP_DEnsembleModel_Alpha158_csi300_custom_step0_s_20260903_16,6d293050268c4c3ebd07aaee74c1b4a7,0.073,,,
3892,2026-09-03,SH600000,0.05927015781499705,EXP_DEnsembleModel_Alpha158_csi300_custom_step0_s_20260903_16,fe3462982b5f4fadb08d6c77a26d5e61,0.113,,,
3893,2026-09-03,SZ301308,0.03633200196732125,EXP_DEnsembleModel_Alpha158_csi300_custom_step0_s_20260903_16,6d293050268c4c3ebd07aaee74c1b4a7,0.073,,,
3894,2026-09-03,SZ301269,-0.005222340205030723,EXP_DEnsembleModel_Alpha158_csi300_custom_step0_s_20260903_16,6d293050268c4c3ebd07aaee74c1b4a7,0.073,,,
3895,2026-09-03,SZ301236,-0.058614686242436057,EXP_DEnsembleModel_Alpha158_csi300_custom_step0_s_20260903_16,6d293050268c4c3ebd07aaee74c1b4a7,0.073,,,
3896,2026-09-03,SZ301165,0.08925447094858956,EXP_DEnsembleModel_Alpha158_csi300_custom_step0_s_20260903_16,6d293050268c4c3ebd07aaee74c1b4a7,0.073,,,
3897,2026-09-03,SZ300999,0.047696026686349445,EXP_DEnsembleModel_Alpha158_csi300_custom_step0_s_20260903_16,6d293050268c4c3ebd07aaee74c1b4a7,0.073,,,
3898,2026-09-03,SZ300896,-0.03479082353298871,EXP_DEnsembleModel_Alpha158_csi300_custom_step0_s_20260903_16,6d293050268c4c3ebd07aaee74c1b4a7,0.073,,,
3899,2026-09-03,SZ302132,0.06978005016093182,EXP_DEnsembleModel_Alpha158_csi300_custom_step0_s_20260903_16,6d293050268c4c3ebd07aaee74c1b4a7,0.073,,,
3900,2026-09-03,SZ300308,0.15072693767196815,EXP_DEnsembleModel_Alpha158_csi300_custom_step0_s_20260903_16,6d293050268c4c3ebd07aaee74c1b4a7,0.073,,,
3901,2026-09-03,SZ300274,0.11370144370522828,EXP_DEnsembleModel_Alpha158_csi300_custom_step0_s_20260903_16,6d293050268c4c3ebd07aaee74c1b4a7,0.073,,,
3902,2026-09-03,SZ300251,-0.07276948461175285,EXP_DEnsembleModel_Alpha158_csi300_custom_step0_s_20260903_16,6d293050268c4c3ebd07aaee74c1b4a7,0.073,,,
3903,2026-09-03,SZ002594,0.009259333261556547,EXP_DEnsembleModel_Alpha158_csi300_custom_step0_s_20260903_16,6d293050268c4c3ebd07aaee74c1b4a7,0.073,,,
3904,2026-09-03,SZ002558,-0.06603019836792351,EXP_DEnsembleModel_Alpha158_csi300_custom_step0_s_20260903_16,6d293050268c4c3ebd07aaee74c1b4a7,0.073,,,
3905,2026-09-03,SZ002532,-0.05324595782538802,EXP_DEnsembleModel_Alpha158_csi300_custom_step0_s_20260903_16,6d293050268c4c3ebd07aaee74c1b4a7,0.073,,,
3906,2026-09-03,SZ002493,-0.1267990707145614,EXP_DEnsembleModel_Alpha158_csi300_custom_step0_s_20260903_16,6d293050268c4c3ebd07aaee74c1b4a7,0.073,,,
3907,2026-09-03,SZ002475,0.04867332558474863,EXP_DEnsembleModel_Alpha158_csi300_custom_step0_s_20260903_16,6d293050268c4c3ebd07aaee74c1b4a7,0.073,,,
3908,2026-09-03,SZ002466,-0.02306417313672692,EXP_DEnsembleModel_Alpha158_csi300_custom_step0_s_20260903_16,6d293050268c4c3ebd07aaee74c1b4a7,0.073,,,
3909,2026-09-03,SZ002600,-0.025822164624222314,EXP_DEnsembleModel_Alpha158_csi300_custom_step0_s_20260903_16,6d293050268c4c3ebd07aaee74c1b4a7,0.073,,,
3910,2026-09-03,SZ002463,0.0399744441260899,EXP_DEnsembleModel_Alpha158_csi300_custom_step0_s_20260903_16,6d293050268c4c3ebd07aaee74c1b4a7,0.073,,,
3911,2026-09-03,SZ002422,0.013162445278090516,EXP_DEnsembleModel_Alpha158_csi300_custom_step0_s_20260903_16,6d293050268c4c3ebd07aaee74c1b4a7,0.073,,,
3912,2026-09-03,SZ002415,0.04358342813462555,EXP_DEnsembleModel_Alpha158_csi300_custom_step0_s_20260903_16,6d293050268c4c3ebd07aaee74c1b4a7,0.073,,,
3913,2026-09-03,SZ002384,0.011592550551634783,EXP_DEnsembleModel_Alpha158_csi300_custom_step0_s_20260903_16,6d293050268c4c3ebd07aaee74c1b4a7,0.073,,,
3914,2026-09-03,SZ002371,0.05859857789202221,EXP_DEnsembleModel_Alpha158_csi300_custom_step0_s_20260903_16,6d293050268c4c3ebd07aaee74c1b4a7,0.073,,,
3915,2026-09-03,SZ002353,0.11533624647272363,EXP_DEnsembleModel_Alpha158_csi300_custom_step0_s_20260903_16,6d293050268c4c3ebd07aaee74c1b4a7,0.073,,,
3916,2026-09-03,SZ002352,0.02080951944204731,EXP_DEnsembleModel_Alpha158_csi300_custom_step0_s_20260903_16,6d293050268c4c3ebd07aaee74c1b4a7,0.073,,,
3917,2026-09-03,SZ002460,-0.03827185638462554,EXP_DEnsembleModel_Alpha158_csi300_custom_step0_s_20260903_16,6d293050268c4c3ebd07aaee74c1b4a7,0.073,,,
3918,2026-09-03,SH600023,0.022129096829451373,EXP_DEnsembleModel_Alpha158_csi300_custom_step0_s_20260903_16,fe3462982b5f4fadb08d6c77a26d5e61,0.113,,,
3919,2026-09-03,SZ002602,-0.1086272062026556,EXP_DEnsembleModel_Alpha158_csi300_custom_step0_s_20260903_16,6d293050268c4c3ebd07aaee74c1b4a7,0.073,,,
3920,2026-09-03,SZ002648,-0.02524552777633977,EXP_DEnsembleModel_Alpha158_csi300_custom_step0_s_20260903_16,6d293050268c4c3ebd07aaee74c1b4a7,0.073,,,
3921,2026-09-03,SZ300124,0.017639473657134128,EXP_DEnsembleModel_Alpha158_csi300_custom_step0_s_20260903_16,6d293050268c4c3ebd07aaee74c1b4a7,0.073,,,
3922,2026-09-03,SZ300122,-0.07385638519534407,EXP_DEnsembleModel_Alpha158_csi300_custom_step0_s_20260903_16,6d293050268c4c3ebd07aaee74c1b4a7,0.073,,,
3923,2026-09-03,SZ300059,0.0658043542180594,EXP_DEnsembleModel_Alpha158_csi300_custom_step0_s_20260903_16,6d293050268c4c3ebd07aaee74c1b4a7,0.073,,,
3924,2026-09-03,SZ300033,-0.04537677281540128,EXP_DEnsembleModel_Alpha158_csi300_custom_step0_s_20260903_16,6d293050268c4c3ebd07aaee74c1b4a7,0.073,,,
3925,2026-09-03,SZ300015,0.045653712850831085,EXP_DEnsembleModel_Alpha158_csi300_custom_step0_s_20260903_16,6d293050268c4c3ebd07aaee74c1b4a7,0.073,,,
3926,2026-09-03,SZ300014,-0.06335148479593143,EXP_DEnsembleModel_Alpha158_csi300_custom_step0_s_20260903_16,6d293050268c4c3ebd07aaee74c1b4a7,0.073,,,
3927,2026-09-03,SZ002625,0.06988574500029107,EXP_DEnsembleModel_Alpha158_csi300_custom_step0_s_20260903_16,6d293050268c4c3ebd07aaee74c1b4a7,0.073,,,
3928,2026-09-03,SZ003816,0.10617846432576321,EXP_DEnsembleModel_Alpha158_csi300_custom_step0_s_20260903_16,6d293050268c4c3ebd07aaee74c1b4a7,0.073,,,
3929,2026-09-03,SZ002920,-0.10343033561499813,EXP_DEnsembleModel_Alpha158_csi300_custom_step0_s_20260903_16,6d293050268c4c3ebd07aaee74c1b4a7,0.073,,,
3930,2026-09-03,SZ002916,0.08018986740239602,EXP_DEnsembleModel_Alpha158_csi300_custom_step0_s_20260903_16,6d293050268c4c3ebd07aaee74c1b4a7,0.073,,,
3931,2026-09-03,SZ002837,0.09428489422348356,EXP_DEnsembleModel_Alpha158_csi300_custom_step0_s_20260903_16,6d293050268c4c3ebd07aaee74c1b4a7,0.073,,,
3932,2026-09-03,SZ002736,0.08936382362427027,EXP_DEnsembleModel_Alpha158_csi300_custom_step0_s_20260903_16,6d293050268c4c3ebd07aaee74c1b4a7,0.073,,,
3933,2026-09-03,SZ002714,-0.01166130962369352,EXP_DEnsembleModel_Alpha158_csi300_custom_step0_s_20260903_16,6d293050268c4c3ebd07aaee74c1b4a7,0.073,,,
3934,2026-09-03,SZ002709,0.0464238665575593,EXP_DEnsembleModel_Alpha158_csi300_custom_step0_s_20260903_16,6d293050268c4c3ebd07aaee74c1b4a7,0.073,,,
3935,2026-09-03,SZ002938,0.07953183436729606,EXP_DEnsembleModel_Alpha158_csi300_custom_step0_s_20260903_16,6d293050268c4c3ebd07aaee74c1b4a7,0.073,,,
3936,2026-09-03,SZ301308,-0.06648846715688705,EXP_XGBModel_Alpha158_csi300_custom_step0_s_20260903_16,f03b06acfad24d9e981187312928295e,0.108,,,
3937,2026-09-03,SH688521,0.030988460299328682,EXP_LGBModel_Alpha158_csi300_custom_step0_s_20260903_18,9decca58d50b405da268d76be7158e5c,0.037,,,
3938,2026-09-03,SH688472,-0.015717675434190333,EXP_LGBModel_Alpha158_csi300_custom_step0_s_20260903_18,9decca58d50b405da268d76be7158e5c,0.037,,,
3939,2026-09-03,SH601186,0.0020948703067437727,EXP_LGBModel_Alpha158_csi300_custom_step0_s_20260903_18,56c7f923dd564e8bae9e7032a6f41212,0.101,,,
3940,2026-09-03,SH601211,0.0020948703067437727,EXP_LGBModel_Alpha158_csi300_custom_step0_s_20260903_18,56c7f923dd564e8bae9e7032a6f41212,0.101,,,
3941,2026-09-03,SH601225,0.002309452497295965,EXP_LGBModel_Alpha158_csi300_custom_step0_s_20260903_18,56c7f923dd564e8bae9e7032a6f41212,0.101,,,
3942,2026-09-03,SH601229,-0.002729169408273538,EXP_LGBModel_Alpha158_csi300_custom_step0_s_20260903_18,56c7f923dd564e8bae9e7032a6f41212,0.101,,,
3943,2026-09-03,SH601238,0.0020948703067437727,EXP_LGBModel_Alpha158_csi300_custom_step0_s_20260903_18,56c7f923dd564e8bae9e7032a6f41212,0.101,,,
3944,2026-09-03,SH601288,0.003146042723512939,EXP_LGBModel_Alpha158_csi300_custom_step0_s_20260903_18,56c7f923dd564e8bae9e7032a6f41212,0.101,,,
3945,2026-09-03,SH601318,-0.00033262771832418366,EXP_LGBModel_Alpha158_csi300_custom_step0_s_20260903_18,56c7f923dd564e8bae9e7032a6f41212,0.101,,,
3946,2026-09-03,SH601319,-1.0939683741272086e-10,EXP_LGBModel_Alpha158_csi300_custom_step0_s_20260903_18,56c7f923dd564e8bae9e7032a6f41212,0.101,,,
3947,2026-09-03,SH601328,0.003146042723512939,EXP_LGBModel_Alpha158_csi300_custom_step0_s_20260903_18,56c7f923dd564e8bae9e7032a6f41212,0.101,,,
3948,2026-09-03,SH601336,0.003146042723512939,EXP_LGBModel_Alpha158_csi300_custom_step0_s_20260903_18,56c7f923dd564e8bae9e7032a6f41212,0.101,,,
3949,2026-09-03,SH601360,-0.0023959803259695194,EXP_LGBModel_Alpha158_csi300_custom_step0_s_20260903_18,56c7f923dd564e8bae9e7032a6f41212,0.101,,,
3950,2026-09-03,SH601377,0.003146042723512939,EXP_LGBModel_Alpha158_csi300_custom_step0_s_20260903_18,56c7f923dd564e8bae9e7032a6f41212,0.101,,,
3951,2026-09-03,SH601390,0.0020948703067437727,EXP_LGBModel_Alpha158_csi300_custom_step0_s_20260903_18,56c7f923dd564e8bae9e7032a6f41212,0.101,,,
3952,2026-09-03,SH601398,0.002309452497295965,EXP_LGBModel_Alpha158_csi300_custom_step0_s_20260903_18,56c7f923dd564e8bae9e7032a6f41212,0.101,,,
3953,2026-09-03,SH601456,0.003146042723512939,EXP_LGBModel_Alpha158_csi300_custom_step0_s_20260903_18,56c7f923dd564e8bae9e7032a6f41212,0.101,,,
3954,2026-09-03,SH601600,-0.0023959803259695194,EXP_LGBModel_Alpha158_csi300_custom_step0_s_20260903_18,56c7f923dd564e8bae9e7032a6f41212,0.101,,,
3955,2026-09-03,SH601601,-1.0939683741272086e-10,EXP_LGBModel_Alpha158_csi300_custom_step0_s_20260903_18,56c7f923dd564e8bae9e7032a6f41212,0.101,,,
3956,2026-09-03,SH601788,0.002309452497295965,EXP_LGBModel_Alpha158_csi300_custom_step0_s_20260903_18,56c7f923dd564e8bae9e7032a6f41212,0.101,,,
3957,2026-09-03,SH601766,0.003146042723512939,EXP_LGBModel_Alpha158_csi300_custom_step0_s_20260903_18,56c7f923dd564e8bae9e7032a6f41212,0.101,,,
3958,2026-09-03,SH601728,-0.002729169408273538,EXP_LGBModel_Alpha158_csi300_custom_step0_s_20260903_18,56c7f923dd564e8bae9e7032a6f41212,0.101,,,
3959,2026-09-03,SH601727,-1.0939683741272086e-10,EXP_LGBModel_Alpha158_csi300_custom_step0_s_20260903_18,56c7f923dd564e8bae9e7032a6f41212,0.101,,,
3960,2026-09-03,SH601698,-8.564821688154441e-05,EXP_LGBModel_Alpha158_csi300_custom_step0_s_20260903_18,56c7f923dd564e8bae9e7032a6f41212,0.101,,,
3961,2026-09-03,SH601689,-1.0939683741272086e-10,EXP_LGBModel_Alpha158_csi300_custom_step0_s_20260903_18,56c7f923dd564e8bae9e7032a6f41212,0.101,,,
3962,2026-09-03,SH601169,-1.0939683741272086e-10,EXP_LGBModel_Alpha158_csi300_custom_step0_s_20260903_18,56c7f923dd564e8bae9e7032a6f41212,0.101,,,
3963,2026-09-03,SH601688,-0.0023959803259695194,EXP_LGBModel_Alpha158_csi300_custom_step0_s_20260903_18,56c7f923dd564e8bae9e7032a6f41212,0.101,,,
3964,2026-09-03,SH601668,0.0020948703067437727,EXP_LGBModel_Alpha158_csi300_custom_step0_s_20260903_18,56c7f923dd564e8bae9e7032a6f41212,0.101,,,
3965,2026-09-03,SH601658,0.002309452497295965,EXP_LGBModel_Alpha158_csi300_custom_step0_s_20260903_18,56c7f923dd564e8bae9e7032a6f41212,0.101,,,
3966,2026-09-03,SH601633,-1.0939683741272086e-10,EXP_LGBModel_Alpha158_csi300_custom_step0_s_20260903_18,56c7f923dd564e8bae9e7032a6f41212,0.101,,,
3967,2026-09-03,SH601628,-0.00033262771832418366,EXP_LGBModel_Alpha158_csi300_custom_step0_s_20260903_18,56c7f923dd564e8bae9e7032a6f41212,0.101,,,
3968,2026-09-03,SH601618,-0.0023959803259695194,EXP_LGBModel_Alpha158_csi300_custom_step0_s_20260903_18,56c7f923dd564e8bae9e7032a6f41212,0.101,,,
3969,2026-09-03,SH601607,0.003146042723512939,EXP_LGBModel_Alpha158_csi300_custom_step0_s_20260903_18,56c7f923dd564e8bae9e7032a6f41212,0.101,,,
3970,2026-09-03,SH601669,-8.564821688154441e-05,EXP_LGBModel_Alpha158_csi300_custom_step0_s_20260903_18,56c7f923dd564e8bae9e7032a6f41212,0.101,,,
3971,2026-09-03,SH601800,0.0020948703067437727,EXP_LGBModel_Alpha158_csi300_custom_step0_s_20260903_18,56c7f923dd564e8bae9e7032a6f41212,0.101,,,
3972,2026-09-03,SH601166,0.0020948703067437727,EXP_LGBModel_Alpha158_csi300_custom_step0_s_20260903_18,56c7f923dd564e8bae9e7032a6f41212,0.101,,,
3973,2026-09-03,SH601136,-1.0939683741272086e-10,EXP_LGBModel_Alpha158_csi300_custom_step0_s_20260903_18,56c7f923dd564e8bae9e7032a6f41212,0.101,,,
3974,2026-09-03,SH600809,-1.0939683741272086e-10,EXP_LGBModel_Alpha158_csi300_custom_step0_s_20260903_18,56c7f923dd564e8bae9e7032a6f41212,0.101,,,
3975,2026-09-03,SH600845,-1.0939683741272086e-10,EXP_LGBModel_Alpha158_csi300_custom_step0_s_20260903_18,56c7f923dd564e8bae9e7032a6f41212,0.101,,,
3976,2026-09-03,SH600875,-0.0023959803259695194,EXP_LGBModel_Alpha158_csi300_custom_step0_s_20260903_18,56c7f923dd564e8bae9e7032a6f41212,0.101,,,
3977,2026-09-03,SH600886,-1.0939683741272086e-10,EXP_LGBModel_Alpha158_csi300_custom_step0_s_20260903_18,56c7f923dd564e8bae9e7032a6f41212,0.101,,,
3978,2026-09-03,SH600887,0.0011016290946675269,EXP_LGBModel_Alpha158_csi300_custom_step0_s_20260903_18,56c7f923dd564e8bae9e7032a6f41212,0.101,,,
3979,2026-09-03,SH600893,-0.00033262771832418366,EXP_LGBModel_Alpha158_csi300_custom_step0_s_20260903_18,56c7f923dd564e8bae9e7032a6f41212,0.101,,,
3980,2026-09-03,SH600900,0.0011016290946675269,EXP_LGBModel_Alpha158_csi300_custom_step0_s_20260903_18,56c7f923dd564e8bae9e7032a6f41212,0.101,,,
3981,2026-09-03,SH600905,-1.0939683741272086e-10,EXP_LGBModel_Alpha158_csi300_custom_step0_s_20260903_18,56c7f923dd564e8bae9e7032a6f41212,0.101,,,
3982,2026-09-03,SH600918,0.0011016290946675269,EXP_LGBModel_Alpha158_csi300_custom_step0_s_20260903_18,56c7f923dd564e8bae9e7032a6f41212,0.101,,,
3983,2026-09-03,SH600919,0.003146042723512939,EXP_LGBModel_Alpha158_csi300_custom_step0_s_20260903_18,56c7f923dd564e8bae9e7032a6f41212,0.101,,,
3984,2026-09-03,SH600926,0.003146042723512939,EXP_LGBModel_Alpha158_csi300_custom_step0_s_20260903_18,56c7f923dd564e8bae9e7032a6f41212,0.101,,,
3985,2026-09-03,SH600930,-8.564821688154441e-05,EXP_LGBModel_Alpha158_csi300_custom_step0_s_20260903_18,56c7f923dd564e8bae9e7032a6f41212,0.101,,,
3986,2026-09-03,SH600938,0.0011016290946675269,EXP_LGBModel_Alpha158_csi300_custom_step0_s_20260903_18,56c7f923dd564e8bae9e7032a6f41212,0.101,,,
3987,2026-09-03,SH600941,0.003146042723512939,EXP_LGBModel_Alpha158_csi300_custom_step0_s_20260903_18,56c7f923dd564e8bae9e7032a6f41212,0.101,,,
3988,2026-09-03,SH600958,0.003146042723512939,EXP_LGBModel_Alpha158_csi300_custom_step0_s_20260903_18,56c7f923dd564e8bae9e7032a6f41212,0.101,,,
3989,2026-09-03,SH600989,0.002309452497295965,EXP_LGBModel_Alpha158_csi300_custom_step0_s_20260903_18,56c7f923dd564e8bae9e7032a6f41212,0.101,,,
3990,2026-09-03,SH600999,-1.0939683741272086e-10,EXP_LGBModel_Alpha158_csi300_custom_step0_s_20260903_18,56c7f923dd564e8bae9e7032a6f41212,0.101,,,
3991,2026-09-03,SH601127,-1.0939683741272086e-10,EXP_LGBModel_Alpha158_csi300_custom_step0_s_20260903_18,56c7f923dd564e8bae9e7032a6f41212,0.101,,,
3992,2026-09-03,SH601117,0.0020948703067437727,EXP_LGBModel_Alpha158_csi300_custom_step0_s_20260903_18,56c7f923dd564e8bae9e7032a6f41212,0.101,,,
3993,2026-09-03,SH601111,-1.0939683741272086e-10,EXP_LGBModel_Alpha158_csi300_custom_step0_s_20260903_18,56c7f923dd564e8bae9e7032a6f41212,0.101,,,
3994,2026-09-03,SH601100,-0.0023959803259695194,EXP_LGBModel_Alpha158_csi300_custom_step0_s_20260903_18,56c7f923dd564e8bae9e7032a6f41212,0.101,,,
3995,2026-09-03,SH601088,0.003146042723512939,EXP_LGBModel_Alpha158_csi300_custom_step0_s_20260903_18,56c7f923dd564e8bae9e7032a6f41212,0.101,,,
3996,2026-09-03,SH601077,0.003146042723512939,EXP_LGBModel_Alpha158_csi300_custom_step0_s_20260903_18,56c7f923dd564e8bae9e7032a6f41212,0.101,,,
3997,2026-09-03,SH601138,-0.0023959803259695194,EXP_LGBModel_Alpha158_csi300_custom_step0_s_20260903_18,56c7f923dd564e8bae9e7032a6f41212,0.101,,,
3998,2026-09-03,SH601066,-0.0023959803259695194,EXP_LGBModel_Alpha158_csi300_custom_step0_s_20260903_18,56c7f923dd564e8bae9e7032a6f41212,0.101,,,
3999,2026-09-03,SH601058,-1.0939683741272086e-10,EXP_LGBModel_Alpha158_csi300_custom_step0_s_20260903_18,56c7f923dd564e8bae9e7032a6f41212,0.101,,,
4000,2026-09-03,SH601021,-8.564821688154441e-05,EXP_LGBModel_Alpha158_csi300_custom_step0_s_20260903_18,56c7f923dd564e8bae9e7032a6f41212,0.101,,,
4001,2026-09-03,SH601018,0.003146042723512939,EXP_LGBModel_Alpha158_csi300_custom_step0_s_20260903_18,56c7f923dd564e8bae9e7032a6f41212,0.101,,,
4002,2026-09-03,SH601012,-0.0023959803259695194,EXP_LGBModel_Alpha158_csi300_custom_step0_s_20260903_18,56c7f923dd564e8bae9e7032a6f41212,0.101,,,
4003,2026-09-03,SH601009,0.003146042723512939,EXP_LGBModel_Alpha158_csi300_custom_step0_s_20260903_18,56c7f923dd564e8bae9e7032a6f41212,0.101,,,
4004,2026-09-03,SH601006,0.0011016290946675269,EXP_LGBModel_Alpha158_csi300_custom_step0_s_20260903_18,56c7f923dd564e8bae9e7032a6f41212,0.101,,,
4005,2026-09-03,SH601059,0.003146042723512939,EXP_LGBModel_Alpha158_csi300_custom_step0_s_20260903_18,56c7f923dd564e8bae9e7032a6f41212,0.101,,,
4006,2026-09-03,SH600803,-0.0031831802015713944,EXP_LGBModel_Alpha158_csi300_custom_step0_s_20260903_18,56c7f923dd564e8bae9e7032a6f41212,0.101,,,
4007,2026-09-03,SH601816,0.0020948703067437727,EXP_LGBModel_Alpha158_csi300_custom_step0_s_20260903_18,56c7f923dd564e8bae9e7032a6f41212,0.101,,,
4008,2026-09-03,SH601825,0.003146042723512939,EXP_LGBModel_Alpha158_csi300_custom_step0_s_20260903_18,56c7f923dd564e8bae9e7032a6f41212,0.101,,,
4009,2026-09-03,SH688036,0.0020948703067437727,EXP_LGBModel_Alpha158_csi300_custom_step0_s_20260903_18,56c7f923dd564e8bae9e7032a6f41212,0.101,,,
4010,2026-09-03,SH688041,0.005178466691126729,EXP_LGBModel_Alpha158_csi300_custom_step0_s_20260903_18,56c7f923dd564e8bae9e7032a6f41212,0.101,,,
4011,2026-09-03,SH688047,-0.0023959803259695194,EXP_LGBModel_Alpha158_csi300_custom_step0_s_20260903_18,56c7f923dd564e8bae9e7032a6f41212,0.101,,,
4012,2026-09-03,SH688072,-0.0023959803259695194,EXP_LGBModel_Alpha158_csi300_custom_step0_s_20260903_18,56c7f923dd564e8bae9e7032a6f41212,0.101,,,
4013,2026-09-03,SH688082,-0.0023959803259695194,EXP_LGBModel_Alpha158_csi300_custom_step0_s_20260903_18,56c7f923dd564e8bae9e7032a6f41212,0.101,,,
4014,2026-09-03,SH688111,-0.0023959803259695194,EXP_LGBModel_Alpha158_csi300_custom_step0_s_20260903_18,56c7f923dd564e8bae9e7032a6f41212,0.101,,,
4015,2026-09-03,SH688126,-0.0023959803259695194,EXP_LGBModel_Alpha158_csi300_custom_step0_s_20260903_18,56c7f923dd564e8bae9e7032a6f41212,0.101,,,
4016,2026-09-03,SH688183,0.005178466691126729,EXP_LGBModel_Alpha158_csi300_custom_step0_s_20260903_18,56c7f923dd564e8bae9e7032a6f41212,0.101,,,
4017,2026-09-03,SH688223,-1.0939683741272086e-10,EXP_LGBModel_Alpha158_csi300_custom_step0_s_20260903_18,56c7f923dd564e8bae9e7032a6f41212,0.101,,,
4018,2026-09-03,SH688256,-1.0939683741272086e-10,EXP_LGBModel_Alpha158_csi300_custom_step0_s_20260903_18,56c7f923dd564e8bae9e7032a6f41212,0.101,,,
4019,2026-09-03,SH688271,-1.0939683741272086e-10,EXP_LGBModel_Alpha158_csi300_custom_step0_s_20260903_18,56c7f923dd564e8bae9e7032a6f41212,0.101,,,
4020,2026-09-03,SH688303,-0.0021207251707068436,EXP_LGBModel_Alpha158_csi300_custom_step0_s_20260903_18,56c7f923dd564e8bae9e7032a6f41212,0.101,,,
4021,2026-09-03,SH688396,-0.0023959803259695194,EXP_LGBModel_Alpha158_csi300_custom_step0_s_20260903_18,56c7f923dd564e8bae9e7032a6f41212,0.101,,,
4022,2026-09-03,SH688472,-1.0939683741272086e-10,EXP_LGBModel_Alpha158_csi300_custom_step0_s_20260903_18,56c7f923dd564e8bae9e7032a6f41212,0.101,,,
4023,2026-09-03,SH688506,-1.0939683741272086e-10,EXP_LGBModel_Alpha158_csi300_custom_step0_s_20260903_18,56c7f923dd564e8bae9e7032a6f41212,0.101,,,
4024,2026-09-03,SH688521,0.005178466691126729,EXP_LGBModel_Alpha158_csi300_custom_step0_s_20260903_18,56c7f923dd564e8bae9e7032a6f41212,0.101,,,
4025,2026-09-03,SH688981,-0.0023959803259695194,EXP_LGBModel_Alpha158_csi300_custom_step0_s_20260903_18,56c7f923dd564e8bae9e7032a6f41212,0.101,,,
4026,2026-09-03,SZ000596,0.002309452497295965,EXP_LGBModel_Alpha158_csi300_custom_step0_s_20260903_18,56c7f923dd564e8bae9e7032a6f41212,0.101,,,
4027,2026-09-03,SZ000568,-0.0021207251707068436,EXP_LGBModel_Alpha158_csi300_custom_step0_s_20260903_18,56c7f923dd564e8bae9e7032a6f41212,0.101,,,
4028,2026-09-03,SZ000538,0.0011016290946675269,EXP_LGBModel_Alpha158_csi300_custom_step0_s_20260903_18,56c7f923dd564e8bae9e7032a6f41212,0.101,,,
4029,2026-09-03,SZ000425,0.0020948703067437727,EXP_LGBModel_Alpha158_csi300_custom_step0_s_20260903_18,56c7f923dd564e8bae9e7032a6f41212,0.101,,,
4030,2026-09-03,SZ000408,0.0020948703067437727,EXP_LGBModel_Alpha158_csi300_custom_step0_s_20260903_18,56c7f923dd564e8bae9e7032a6f41212,0.101,,,
4031,2026-09-03,SZ000338,-0.0021207251707068436,EXP_LGBModel_Alpha158_csi300_custom_step0_s_20260903_18,56c7f923dd564e8bae9e7032a6f41212,0.101,,,
4032,2026-09-03,SH688012,-0.0023959803259695194,EXP_LGBModel_Alpha158_csi300_custom_step0_s_20260903_18,56c7f923dd564e8bae9e7032a6f41212,0.101,,,
4033,2026-09-03,SZ000333,0.003146042723512939,EXP_LGBModel_Alpha158_csi300_custom_step0_s_20260903_18,56c7f923dd564e8bae9e7032a6f41212,0.101,,,
4034,2026-09-03,SZ000166,0.003146042723512939,EXP_LGBModel_Alpha158_csi300_custom_step0_s_20260903_18,56c7f923dd564e8bae9e7032a6f41212,0.101,,,
4035,2026-09-03,SZ000157,-1.0939683741272086e-10,EXP_LGBModel_Alpha158_csi300_custom_step0_s_20260903_18,56c7f923dd564e8bae9e7032a6f41212,0.101,,,
4036,2026-09-03,SZ000100,0.0020948703067437727,EXP_LGBModel_Alpha158_csi300_custom_step0_s_20260903_18,56c7f923dd564e8bae9e7032a6f41212,0.101,,,
4037,2026-09-03,SZ000063,-1.0939683741272086e-10,EXP_LGBModel_Alpha158_csi300_custom_step0_s_20260903_18,56c7f923dd564e8bae9e7032a6f41212,0.101,,,
4038,2026-09-03,SZ000002,-1.0939683741272086e-10,EXP_LGBModel_Alpha158_csi300_custom_step0_s_20260903_18,56c7f923dd564e8bae9e7032a6f41212,0.101,,,
4039,2026-09-03,SZ000001,0.003146042723512939,EXP_LGBModel_Alpha158_csi300_custom_step0_s_20260903_18,56c7f923dd564e8bae9e7032a6f41212,0.101,,,
4040,2026-09-03,SZ000301,-0.0031831802015713944,EXP_LGBModel_Alpha158_csi300_custom_step0_s_20260903_18,56c7f923dd564e8bae9e7032a6f41212,0.101,,,
4041,2026-09-03,SH601818,-1.0939683741272086e-10,EXP_LGBModel_Alpha158_csi300_custom_step0_s_20260903_18,56c7f923dd564e8bae9e7032a6f41212,0.101,,,
4042,2026-09-03,SH688009,0.0020948703067437727,EXP_LGBModel_Alpha158_csi300_custom_step0_s_20260903_18,56c7f923dd564e8bae9e7032a6f41212,0.101,,,
4043,2026-09-03,SH605499,-1.0939683741272086e-10,EXP_LGBModel_Alpha158_csi300_custom_step0_s_20260903_18,56c7f923dd564e8bae9e7032a6f41212,0.101,,,
4044,2026-09-03,SH601838,0.003146042723512939,EXP_LGBModel_Alpha158_csi300_custom_step0_s_20260903_18,56c7f923dd564e8bae9e7032a6f41212,0.101,,,
4045,2026-09-03,SH601857,0.003146042723512939,EXP_LGBModel_Alpha158_csi300_custom_step0_s_20260903_18,56c7f923dd564e8bae9e7032a6f41212,0.101,,,
4046,2026-09-03,SH601868,0.0020948703067437727,EXP_LGBModel_Alpha158_csi300_custom_step0_s_20260903_18,56c7f923dd564e8bae9e7032a6f41212,0.101,,,
4047,2026-09-03,SH601872,-1.0939683741272086e-10,EXP_LGBModel_Alpha158_csi300_custom_step0_s_20260903_18,56c7f923dd564e8bae9e7032a6f41212,0.101,,,
4048,2026-09-03,SH601877,0.0020948703067437727,EXP_LGBModel_Alpha158_csi300_custom_step0_s_20260903_18,56c7f923dd564e8bae9e7032a6f41212,0.101,,,
4049,2026-09-03,SH601878,0.003146042723512939,EXP_LGBModel_Alpha158_csi300_custom_step0_s_20260903_18,56c7f923dd564e8bae9e7032a6f41212,0.101,,,
4050,2026-09-03,SH601881,0.003146042723512939,EXP_LGBModel_Alpha158_csi300_custom_step0_s_20260903_18,56c7f923dd564e8bae9e7032a6f41212,0.101,,,
4051,2026-09-03,SH601888,-1.0939683741272086e-10,EXP_LGBModel_Alpha158_csi300_custom_step0_s_20260903_18,56c7f923dd564e8bae9e7032a6f41212,0.101,,,
4052,2026-09-03,SH601898,-0.0023959803259695194,EXP_LGBModel_Alpha158_csi300_custom_step0_s_20260903_18,56c7f923dd564e8bae9e7032a6f41212,0.101,,,
4053,2026-09-03,SH601899,-0.0031831802015713944,EXP_LGBModel_Alpha158_csi300_custom_step0_s_20260903_18,56c7f923dd564e8bae9e7032a6f41212,0.101,,,
4054,2026-09-03,SH601901,0.0011016290946675269,EXP_LGBModel_Alpha158_csi300_custom_step0_s_20260903_18,56c7f923dd564e8bae9e7032a6f41212,0.101,,,
4055,2026-09-03,SH601916,0.003146042723512939,EXP_LGBModel_Alpha158_csi300_custom_step0_s_20260903_18,56c7f923dd564e8bae9e7032a6f41212,0.101,,,
4056,2026-09-03,SH601919,0.0011016290946675269,EXP_LGBModel_Alpha158_csi300_custom_step0_s_20260903_18,56c7f923dd564e8bae9e7032a6f41212,0.101,,,
4057,2026-09-03,SH601939,0.002309452497295965,EXP_LGBModel_Alpha158_csi300_custom_step0_s_20260903_18,56c7f923dd564e8bae9e7032a6f41212,0.101,,,
4058,2026-09-03,SH601985,-1.0939683741272086e-10,EXP_LGBModel_Alpha158_csi300_custom_step0_s_20260903_18,56c7f923dd564e8bae9e7032a6f41212,0.101,,,
4059,2026-09-03,SH601988,-1.0939683741272086e-10,EXP_LGBModel_Alpha158_csi300_custom_step0_s_20260903_18,56c7f923dd564e8bae9e7032a6f41212,0.101,,,
4060,2026-09-03,SH601995,0.0020948703067437727,EXP_LGBModel_Alpha158_csi300_custom_step0_s_20260903_18,56c7f923dd564e8bae9e7032a6f41212,0.101,,,
4061,2026-09-03,SH605117,-1.0939683741272086e-10,EXP_LGBModel_Alpha158_csi300_custom_step0_s_20260903_18,56c7f923dd564e8bae9e7032a6f41212,0.101,,,
4062,2026-09-03,SH603993,-0.0023959803259695194,EXP_LGBModel_Alpha158_csi300_custom_step0_s_20260903_18,56c7f923dd564e8bae9e7032a6f41212,0.101,,,
4063,2026-09-03,SH603986,-0.0023959803259695194,EXP_LGBModel_Alpha158_csi300_custom_step0_s_20260903_18,56c7f923dd564e8bae9e7032a6f41212,0.101,,,
4064,2026-09-03,SH603893,-0.0023959803259695194,EXP_LGBModel_Alpha158_csi300_custom_step0_s_20260903_18,56c7f923dd564e8bae9e7032a6f41212,0.101,,,
4065,2026-09-03,SH603799,-0.0023959803259695194,EXP_LGBModel_Alpha158_csi300_custom_step0_s_20260903_18,56c7f923dd564e8bae9e7032a6f41212,0.101,,,
4066,2026-09-03,SH603501,-0.0023959803259695194,EXP_LGBModel_Alpha158_csi300_custom_step0_s_20260903_18,56c7f923dd564e8bae9e7032a6f41212,0.101,,,
4067,2026-09-03,SH688008,-0.0023959803259695194,EXP_LGBModel_Alpha158_csi300_custom_step0_s_20260903_18,56c7f923dd564e8bae9e7032a6f41212,0.101,,,
4068,2026-09-03,SH603392,-0.0023959803259695194,EXP_LGBModel_Alpha158_csi300_custom_step0_s_20260903_18,56c7f923dd564e8bae9e7032a6f41212,0.101,,,
4069,2026-09-03,SH603296,-0.0023959803259695194,EXP_LGBModel_Alpha158_csi300_custom_step0_s_20260903_18,56c7f923dd564e8bae9e7032a6f41212,0.101,,,
4070,2026-09-03,SH603288,-1.0939683741272086e-10,EXP_LGBModel_Alpha158_csi300_custom_step0_s_20260903_18,56c7f923dd564e8bae9e7032a6f41212,0.101,,,
4071,2026-09-03,SH603260,-1.0939683741272086e-10,EXP_LGBModel_Alpha158_csi300_custom_step0_s_20260903_18,56c7f923dd564e8bae9e7032a6f41212,0.101,,,
4072,2026-09-03,SH603259,-1.0939683741272086e-10,EXP_LGBModel_Alpha158_csi300_custom_step0_s_20260903_18,56c7f923dd564e8bae9e7032a6f41212,0.101,,,
4073,2026-09-03,SH603019,-0.0023959803259695194,EXP_LGBModel_Alpha158_csi300_custom_step0_s_20260903_18,56c7f923dd564e8bae9e7032a6f41212,0.101,,,
4074,2026-09-03,SH601998,-1.0939683741272086e-10,EXP_LGBModel_Alpha158_csi300_custom_step0_s_20260903_18,56c7f923dd564e8bae9e7032a6f41212,0.101,,,
4075,2026-09-03,SH603369,-0.0031831802015713944,EXP_LGBModel_Alpha158_csi300_custom_step0_s_20260903_18,56c7f923dd564e8bae9e7032a6f41212,0.101,,,
4076,2026-09-03,SH600795,-1.0939683741272086e-10,EXP_LGBModel_Alpha158_csi300_custom_step0_s_20260903_18,56c7f923dd564e8bae9e7032a6f41212,0.101,,,
4077,2026-09-03,SH600760,-0.00033262771832418366,EXP_LGBModel_Alpha158_csi300_custom_step0_s_20260903_18,56c7f923dd564e8bae9e7032a6f41212,0.101,,,
4078,2026-09-03,SH600741,0.0020948703067437727,EXP_LGBModel_Alpha158_csi300_custom_step0_s_20260903_18,56c7f923dd564e8bae9e7032a6f41212,0.101,,,
4079,2026-09-03,SZ002837,-0.00039564498887268237,EXP_LGBModel_Alpha158_csi300_custom_step0_s_20260903_18,f8fd554d9a38492ba8d59f949ff8a132,0.054,,,
4080,2026-09-03,SZ002916,0.0016771472628307347,EXP_LGBModel_Alpha158_csi300_custom_step0_s_20260903_18,f8fd554d9a38492ba8d59f949ff8a132,0.054,,,
4081,2026-09-03,SZ002920,-0.0011860843156781015,EXP_LGBModel_Alpha158_csi300_custom_step0_s_20260903_18,f8fd554d9a38492ba8d59f949ff8a132,0.054,,,
4082,2026-09-03,SZ002938,0.0016771472628307347,EXP_LGBModel_Alpha158_csi300_custom_step0_s_20260903_18,f8fd554d9a38492ba8d59f949ff8a132,0.054,,,
4083,2026-09-03,SZ003816,0.0010145067352725072,EXP_LGBModel_Alpha158_csi300_custom_step0_s_20260903_18,f8fd554d9a38492ba8d59f949ff8a132,0.054,,,
4084,2026-09-03,SZ300014,-9.727146918375524e-05,EXP_LGBModel_Alpha158_csi300_custom_step0_s_20260903_18,f8fd554d9a38492ba8d59f949ff8a132,0.054,,,
4085,2026-09-03,SZ300015,-0.0017742003026017731,EXP_LGBModel_Alpha158_csi300_custom_step0_s_20260903_18,f8fd554d9a38492ba8d59f949ff8a132,0.054,,,
4086,2026-09-03,SZ300033,-0.002703570434701696,EXP_LGBModel_Alpha158_csi300_custom_step0_s_20260903_18,f8fd554d9a38492ba8d59f949ff8a132,0.054,,,
4087,2026-09-03,SZ300059,0.0015090332033877872,EXP_LGBModel_Alpha158_csi300_custom_step0_s_20260903_18,f8fd554d9a38492ba8d59f949ff8a132,0.054,,,
4088,2026-09-03,SZ300122,-0.002703570434701696,EXP_LGBModel_Alpha158_csi300_custom_step0_s_20260903_18,f8fd554d9a38492ba8d59f949ff8a132,0.054,,,
4089,2026-09-03,SZ300124,-9.741216403961211e-11,EXP_LGBModel_Alpha158_csi300_custom_step0_s_20260903_18,f8fd554d9a38492ba8d59f949ff8a132,0.054,,,
4090,2026-09-03,SZ300251,0.0010145067352725072,EXP_LGBModel_Alpha158_csi300_custom_step0_s_20260903_18,f8fd554d9a38492ba8d59f949ff8a132,0.054,,,
4091,2026-09-03,SZ300274,-9.741216403961211e-11,EXP_LGBModel_Alpha158_csi300_custom_step0_s_20260903_18,f8fd554d9a38492ba8d59f949ff8a132,0.054,,,
4092,2026-09-03,SZ300308,0.0016771472628307347,EXP_LGBModel_Alpha158_csi300_custom_step0_s_20260903_18,f8fd554d9a38492ba8d59f949ff8a132,0.054,,,
4093,2026-09-03,SZ300316,0.0016771472628307347,EXP_LGBModel_Alpha158_csi300_custom_step0_s_20260903_18,f8fd554d9a38492ba8d59f949ff8a132,0.054,,,
4094,2026-09-03,SZ300394,0.0016771472628307347,EXP_LGBModel_Alpha158_csi300_custom_step0_s_20260903_18,f8fd554d9a38492ba8d59f949ff8a132,0.054,,,
4095,2026-09-03,SZ300408,-9.741216403961211e-11,EXP_LGBModel_Alpha158_csi300_custom_step0_s_20260903_18,f8fd554d9a38492ba8d59f949ff8a132,0.054,,,
4096,2026-09-03,SZ300832,-9.741216403961211e-11,EXP_LGBModel_Alpha158_csi300_custom_step0_s_20260903_18,f8fd554d9a38492ba8d59f949ff8a132,0.054,,,
4097,2026-09-03,SZ300803,-9.741216403961211e-11,EXP_LGBModel_Alpha158_csi300_custom_step0_s_20260903_18,f8fd554d9a38492ba8d59f949ff8a132,0.054,,,
4098,2026-09-03,SZ300760,-9.741216403961211e-11,EXP_LGBModel_Alpha158_csi300_custom_step0_s_20260903_18,f8fd554d9a38492ba8d59f949ff8a132,0.054,,,
4099,2026-09-03,SZ300750,-9.727146918375524e-05,EXP_LGBModel_Alpha158_csi300_custom_step0_s_20260903_18,f8fd554d9a38492ba8d59f949ff8a132,0.054,,,
4100,2026-09-03,SZ300661,0.0016771472628307347,EXP_LGBModel_Alpha158_csi300_custom_step0_s_20260903_18,f8fd554d9a38492ba8d59f949ff8a132,0.054,,,
4101,2026-09-03,SZ300628,-0.002703570434701696,EXP_LGBModel_Alpha158_csi300_custom_step0_s_20260903_18,f8fd554d9a38492ba8d59f949ff8a132,0.054,,,
4102,2026-09-03,SZ002736,0.0027566998060414316,EXP_LGBModel_Alpha158_csi300_custom_step0_s_20260903_18,f8fd554d9a38492ba8d59f949ff8a132,0.054,,,
4103,2026-09-03,SZ300502,0.0016771472628307347,EXP_LGBModel_Alpha158_csi300_custom_step0_s_20260903_18,f8fd554d9a38492ba8d59f949ff8a132,0.054,,,
4104,2026-09-03,SZ300476,0.0016771472628307347,EXP_LGBModel_Alpha158_csi300_custom_step0_s_20260903_18,f8fd554d9a38492ba8d59f949ff8a132,0.054,,,
4105,2026-09-03,SZ300450,-9.727146918375524e-05,EXP_LGBModel_Alpha158_csi300_custom_step0_s_20260903_18,f8fd554d9a38492ba8d59f949ff8a132,0.054,,,
4106,2026-09-03,SZ300442,-0.00039564498887268237,EXP_LGBModel_Alpha158_csi300_custom_step0_s_20260903_18,f8fd554d9a38492ba8d59f949ff8a132,0.054,,,
4107,2026-09-03,SZ300433,0.0016771472628307347,EXP_LGBModel_Alpha158_csi300_custom_step0_s_20260903_18,f8fd554d9a38492ba8d59f949ff8a132,0.054,,,
4108,2026-09-03,SZ300418,-0.002703570434701696,EXP_LGBModel_Alpha158_csi300_custom_step0_s_20260903_18,f8fd554d9a38492ba8d59f949ff8a132,0.054,,,
4109,2026-09-03,SZ300413,-9.741216403961211e-11,EXP_LGBModel_Alpha158_csi300_custom_step0_s_20260903_18,f8fd554d9a38492ba8d59f949ff8a132,0.054,,,
4110,2026-09-03,SZ300498,0.0027566998060414316,EXP_LGBModel_Alpha158_csi300_custom_step0_s_20260903_18,f8fd554d9a38492ba8d59f949ff8a132,0.054,,,
4111,2026-09-03,SZ300866,0.0010145067352725072,EXP_LGBModel_Alpha158_csi300_custom_step0_s_20260903_18,f8fd554d9a38492ba8d59f949ff8a132,0.054,,,
4112,2026-09-03,SZ002714,0.0015090332033877872,EXP_LGBModel_Alpha158_csi300_custom_step0_s_20260903_18,f8fd554d9a38492ba8d59f949ff8a132,0.054,,,
4113,2026-09-03,SZ002648,-0.002703570434701696,EXP_LGBModel_Alpha158_csi300_custom_step0_s_20260903_18,f8fd554d9a38492ba8d59f949ff8a132,0.054,,,
4114,2026-09-03,SZ002001,-9.741216403961211e-11,EXP_LGBModel_Alpha158_csi300_custom_step0_s_20260903_18,f8fd554d9a38492ba8d59f949ff8a132,0.054,,,
4115,2026-09-03,SZ002027,-0.000747984335798866,EXP_LGBModel_Alpha158_csi300_custom_step0_s_20260903_18,f8fd554d9a38492ba8d59f949ff8a132,0.054,,,
4116,2026-09-03,SZ002028,-0.002703570434701696,EXP_LGBModel_Alpha158_csi300_custom_step0_s_20260903_18,f8fd554d9a38492ba8d59f949ff8a132,0.054,,,
4117,2026-09-03,SZ002049,-9.741216403961211e-11,EXP_LGBModel_Alpha158_csi300_custom_step0_s_20260903_18,f8fd554d9a38492ba8d59f949ff8a132,0.054,,,
4118,2026-09-03,SZ002050,-0.00039564498887268237,EXP_LGBModel_Alpha158_csi300_custom_step0_s_20260903_18,f8fd554d9a38492ba8d59f949ff8a132,0.054,,,
4119,2026-09-03,SZ002074,-0.0017742003026017731,EXP_LGBModel_Alpha158_csi300_custom_step0_s_20260903_18,f8fd554d9a38492ba8d59f949ff8a132,0.054,,,
4120,2026-09-03,SZ002142,-0.0011860843156781015,EXP_LGBModel_Alpha158_csi300_custom_step0_s_20260903_18,f8fd554d9a38492ba8d59f949ff8a132,0.054,,,
4121,2026-09-03,SZ002179,0.0015090332033877872,EXP_LGBModel_Alpha158_csi300_custom_step0_s_20260903_18,f8fd554d9a38492ba8d59f949ff8a132,0.054,,,
4122,2026-09-03,SZ002202,-9.741216403961211e-11,EXP_LGBModel_Alpha158_csi300_custom_step0_s_20260903_18,f8fd554d9a38492ba8d59f949ff8a132,0.054,,,
4123,2026-09-03,SZ002230,-9.741216403961211e-11,EXP_LGBModel_Alpha158_csi300_custom_step0_s_20260903_18,f8fd554d9a38492ba8d59f949ff8a132,0.054,,,
4124,2026-09-03,SZ002236,0.0027566998060414316,EXP_LGBModel_Alpha158_csi300_custom_step0_s_20260903_18,f8fd554d9a38492ba8d59f949ff8a132,0.054,,,
4125,2026-09-03,SZ002241,-0.0011860843156781015,EXP_LGBModel_Alpha158_csi300_custom_step0_s_20260903_18,f8fd554d9a38492ba8d59f949ff8a132,0.054,,,
4126,2026-09-03,SZ002304,-0.0017742003026017731,EXP_LGBModel_Alpha158_csi300_custom_step0_s_20260903_18,f8fd554d9a38492ba8d59f949ff8a132,0.054,,,
4127,2026-09-03,SZ002311,-0.000747984335798866,EXP_LGBModel_Alpha158_csi300_custom_step0_s_20260903_18,f8fd554d9a38492ba8d59f949ff8a132,0.054,,,
4128,2026-09-03,SZ002352,-9.741216403961211e-11,EXP_LGBModel_Alpha158_csi300_custom_step0_s_20260903_18,f8fd554d9a38492ba8d59f949ff8a132,0.054,,,
4129,2026-09-03,SZ002353,0.0016771472628307347,EXP_LGBModel_Alpha158_csi300_custom_step0_s_20260903_18,f8fd554d9a38492ba8d59f949ff8a132,0.054,,,
4130,2026-09-03,SZ002371,0.0016771472628307347,EXP_LGBModel_Alpha158_csi300_custom_step0_s_20260903_18,f8fd554d9a38492ba8d59f949ff8a132,0.054,,,
4131,2026-09-03,SZ002625,0.0015090332033877872,EXP_LGBModel_Alpha158_csi300_custom_step0_s_20260903_18,f8fd554d9a38492ba8d59f949ff8a132,0.054,,,
4132,2026-09-03,SZ002602,0.0010145067352725072,EXP_LGBModel_Alpha158_csi300_custom_step0_s_20260903_18,f8fd554d9a38492ba8d59f949ff8a132,0.054,,,
4133,2026-09-03,SZ002600,0.0027566998060414316,EXP_LGBModel_Alpha158_csi300_custom_step0_s_20260903_18,f8fd554d9a38492ba8d59f949ff8a132,0.054,,,
4134,2026-09-03,SZ002594,-9.741216403961211e-11,EXP_LGBModel_Alpha158_csi300_custom_step0_s_20260903_18,f8fd554d9a38492ba8d59f949ff8a132,0.054,,,
4135,2026-09-03,SZ002558,-0.002703570434701696,EXP_LGBModel_Alpha158_csi300_custom_step0_s_20260903_18,f8fd554d9a38492ba8d59f949ff8a132,0.054,,,
4136,2026-09-03,SZ002532,-0.002703570434701696,EXP_LGBModel_Alpha158_csi300_custom_step0_s_20260903_18,f8fd554d9a38492ba8d59f949ff8a132,0.054,,,
4137,2026-09-03,SZ002709,-9.727146918375524e-05,EXP_LGBModel_Alpha158_csi300_custom_step0_s_20260903_18,f8fd554d9a38492ba8d59f949ff8a132,0.054,,,
4138,2026-09-03,SZ002493,-9.741216403961211e-11,EXP_LGBModel_Alpha158_csi300_custom_step0_s_20260903_18,f8fd554d9a38492ba8d59f949ff8a132,0.054,,,
4139,2026-09-03,SZ002466,-9.741216403961211e-11,EXP_LGBModel_Alpha158_csi300_custom_step0_s_20260903_18,f8fd554d9a38492ba8d59f949ff8a132,0.054,,,
4140,2026-09-03,SZ002463,-9.741216403961211e-11,EXP_LGBModel_Alpha158_csi300_custom_step0_s_20260903_18,f8fd554d9a38492ba8d59f949ff8a132,0.054,,,
4141,2026-09-03,SZ002460,-9.741216403961211e-11,EXP_LGBModel_Alpha158_csi300_custom_step0_s_20260903_18,f8fd554d9a38492ba8d59f949ff8a132,0.054,,,
4142,2026-09-03,SZ002422,-9.741216403961211e-11,EXP_LGBModel_Alpha158_csi300_custom_step0_s_20260903_18,f8fd554d9a38492ba8d59f949ff8a132,0.054,,,
4143,2026-09-03,SZ002415,-9.741216403961211e-11,EXP_LGBModel_Alpha158_csi300_custom_step0_s_20260903_18,f8fd554d9a38492ba8d59f949ff8a132,0.054,,,
4144,2026-09-03,SZ002384,-9.741216403961211e-11,EXP_LGBModel_Alpha158_csi300_custom_step0_s_20260903_18,f8fd554d9a38492ba8d59f949ff8a132,0.054,,,
4145,2026-09-03,SZ002475,-0.0029233137243777976,EXP_LGBModel_Alpha158_csi300_custom_step0_s_20260903_18,f8fd554d9a38492ba8d59f949ff8a132,0.054,,,
4146,2026-09-03,SZ300896,-9.741216403961211e-11,EXP_LGBModel_Alpha158_csi300_custom_step0_s_20260903_18,f8fd554d9a38492ba8d59f949ff8a132,0.054,,,
4147,2026-09-03,SZ300999,0.0015090332033877872,EXP_LGBModel_Alpha158_csi300_custom_step0_s_20260903_18,f8fd554d9a38492ba8d59f949ff8a132,0.054,,,
4148,2026-09-03,SZ301165,0.002707912785173431,EXP_LGBModel_Alpha158_csi300_custom_step0_s_20260903_18,f8fd554d9a38492ba8d59f949ff8a132,0.054,,,
4149,2026-09-03,SH600188,-0.0023959803259695194,EXP_LGBModel_Alpha158_csi300_custom_step0_s_20260903_18,56c7f923dd564e8bae9e7032a6f41212,0.101,,,
4150,2026-09-03,SH600196,-0.0023959803259695194,EXP_LGBModel_Alpha158_csi300_custom_step0_s_20260903_18,56c7f923dd564e8bae9e7032a6f41212,0.101,,,
4151,2026-09-03,SH600219,-1.0939683741272086e-10,EXP_LGBModel_Alpha158_csi300_custom_step0_s_20260903_18,56c7f923dd564e8bae9e7032a6f41212,0.101,,,
4152,2026-09-03,SH600221,0.0020948703067437727,EXP_LGBModel_Alpha158_csi300_custom_step0_s_20260903_18,56c7f923dd564e8bae9e7032a6f41212,0.101,,,
4153,2026-09-03,SH600233,-8.564821688154441e-05,EXP_LGBModel_Alpha158_csi300_custom_step0_s_20260903_18,56c7f923dd564e8bae9e7032a6f41212,0.101,,,
4154,2026-09-03,SH600276,-1.0939683741272086e-10,EXP_LGBModel_Alpha158_csi300_custom_step0_s_20260903_18,56c7f923dd564e8bae9e7032a6f41212,0.101,,,
4155,2026-09-03,SH600309,-0.00033262771832418366,EXP_LGBModel_Alpha158_csi300_custom_step0_s_20260903_18,56c7f923dd564e8bae9e7032a6f41212,0.101,,,
4156,2026-09-03,SH600346,-0.0031831802015713944,EXP_LGBModel_Alpha158_csi300_custom_step0_s_20260903_18,56c7f923dd564e8bae9e7032a6f41212,0.101,,,
4157,2026-09-03,SH600362,-0.0023959803259695194,EXP_LGBModel_Alpha158_csi300_custom_step0_s_20260903_18,56c7f923dd564e8bae9e7032a6f41212,0.101,,,
4158,2026-09-03,SH600372,-0.00033262771832418366,EXP_LGBModel_Alpha158_csi300_custom_step0_s_20260903_18,56c7f923dd564e8bae9e7032a6f41212,0.101,,,
4159,2026-09-03,SH600406,-1.0939683741272086e-10,EXP_LGBModel_Alpha158_csi300_custom_step0_s_20260903_18,56c7f923dd564e8bae9e7032a6f41212,0.101,,,
4160,2026-09-03,SH600415,-0.0031831802015713944,EXP_LGBModel_Alpha158_csi300_custom_step0_s_20260903_18,56c7f923dd564e8bae9e7032a6f41212,0.101,,,
4161,2026-09-03,SH600426,-0.0023959803259695194,EXP_LGBModel_Alpha158_csi300_custom_step0_s_20260903_18,56c7f923dd564e8bae9e7032a6f41212,0.101,,,
4162,2026-09-03,SH600436,-1.0939683741272086e-10,EXP_LGBModel_Alpha158_csi300_custom_step0_s_20260903_18,56c7f923dd564e8bae9e7032a6f41212,0.101,,,
4163,2026-09-03,SH600438,-0.0023959803259695194,EXP_LGBModel_Alpha158_csi300_custom_step0_s_20260903_18,56c7f923dd564e8bae9e7032a6f41212,0.101,,,
4164,2026-09-03,SH600460,-0.0023959803259695194,EXP_LGBModel_Alpha158_csi300_custom_step0_s_20260903_18,56c7f923dd564e8bae9e7032a6f41212,0.101,,,
4165,2026-09-03,SH600482,-0.002729169408273538,EXP_LGBModel_Alpha158_csi300_custom_step0_s_20260903_18,56c7f923dd564e8bae9e7032a6f41212,0.101,,,
4166,2026-09-03,SH600690,-1.0939683741272086e-10,EXP_LGBModel_Alpha158_csi300_custom_step0_s_20260903_18,56c7f923dd564e8bae9e7032a6f41212,0.101,,,
4167,2026-09-03,SH600674,0.003146042723512939,EXP_LGBModel_Alpha158_csi300_custom_step0_s_20260903_18,56c7f923dd564e8bae9e7032a6f41212,0.101,,,
4168,2026-09-03,SH600660,0.0011016290946675269,EXP_LGBModel_Alpha158_csi300_custom_step0_s_20260903_18,56c7f923dd564e8bae9e7032a6f41212,0.101,,,
4169,2026-09-03,SH600600,-1.0939683741272086e-10,EXP_LGBModel_Alpha158_csi300_custom_step0_s_20260903_18,56c7f923dd564e8bae9e7032a6f41212,0.101,,,
4170,2026-09-03,SH600588,-0.0023959803259695194,EXP_LGBModel_Alpha158_csi300_custom_step0_s_20260903_18,56c7f923dd564e8bae9e7032a6f41212,0.101,,,
4171,2026-09-03,SH600585,0.0011016290946675269,EXP_LGBModel_Alpha158_csi300_custom_step0_s_20260903_18,56c7f923dd564e8bae9e7032a6f41212,0.101,,,
4172,2026-09-03,SH600183,0.005178466691126729,EXP_LGBModel_Alpha158_csi300_custom_step0_s_20260903_18,56c7f923dd564e8bae9e7032a6f41212,0.101,,,
4173,2026-09-03,SH600584,-0.0023959803259695194,EXP_LGBModel_Alpha158_csi300_custom_step0_s_20260903_18,56c7f923dd564e8bae9e7032a6f41212,0.101,,,
4174,2026-09-03,SH600549,-0.0023959803259695194,EXP_LGBModel_Alpha158_csi300_custom_step0_s_20260903_18,56c7f923dd564e8bae9e7032a6f41212,0.101,,,
4175,2026-09-03,SH600547,-0.0027106655363436133,EXP_LGBModel_Alpha158_csi300_custom_step0_s_20260903_18,56c7f923dd564e8bae9e7032a6f41212,0.101,,,
4176,2026-09-03,SH600522,-0.0023959803259695194,EXP_LGBModel_Alpha158_csi300_custom_step0_s_20260903_18,56c7f923dd564e8bae9e7032a6f41212,0.101,,,
4177,2026-09-03,SH600519,0.0020948703067437727,EXP_LGBModel_Alpha158_csi300_custom_step0_s_20260903_18,56c7f923dd564e8bae9e7032a6f41212,0.101,,,
4178,2026-09-03,SH600515,0.0020948703067437727,EXP_LGBModel_Alpha158_csi300_custom_step0_s_20260903_18,56c7f923dd564e8bae9e7032a6f41212,0.101,,,
4179,2026-09-03,SH600489,-1.0939683741272086e-10,EXP_LGBModel_Alpha158_csi300_custom_step0_s_20260903_18,56c7f923dd564e8bae9e7032a6f41212,0.101,,,
4180,2026-09-03,SH600570,-0.0023959803259695194,EXP_LGBModel_Alpha158_csi300_custom_step0_s_20260903_18,56c7f923dd564e8bae9e7032a6f41212,0.101,,,
4181,2026-09-03,SH600176,-0.0023959803259695194,EXP_LGBModel_Alpha158_csi300_custom_step0_s_20260903_18,56c7f923dd564e8bae9e7032a6f41212,0.101,,,
4182,2026-09-03,SH600160,-0.0023959803259695194,EXP_LGBModel_Alpha158_csi300_custom_step0_s_20260903_18,56c7f923dd564e8bae9e7032a6f41212,0.101,,,
4183,2026-09-03,SH600150,0.003146042723512939,EXP_LGBModel_Alpha158_csi300_custom_step0_s_20260903_18,56c7f923dd564e8bae9e7032a6f41212,0.101,,,
4184,2026-09-03,SH600025,-1.0939683741272086e-10,EXP_LGBModel_Alpha158_csi300_custom_step0_s_20260903_18,56c7f923dd564e8bae9e7032a6f41212,0.101,,,
4185,2026-09-03,SH600023,0.0020948703067437727,EXP_LGBModel_Alpha158_csi300_custom_step0_s_20260903_18,56c7f923dd564e8bae9e7032a6f41212,0.101,,,
4186,2026-09-03,SH600019,0.0020948703067437727,EXP_LGBModel_Alpha158_csi300_custom_step0_s_20260903_18,56c7f923dd564e8bae9e7032a6f41212,0.101,,,
4187,2026-09-03,SH600018,-1.0939683741272086e-10,EXP_LGBModel_Alpha158_csi300_custom_step0_s_20260903_18,56c7f923dd564e8bae9e7032a6f41212,0.101,,,
4188,2026-09-03,SH600016,-1.0939683741272086e-10,EXP_LGBModel_Alpha158_csi300_custom_step0_s_20260903_18,56c7f923dd564e8bae9e7032a6f41212,0.101,,,
4189,2026-09-03,SH600015,-1.0939683741272086e-10,EXP_LGBModel_Alpha158_csi300_custom_step0_s_20260903_18,56c7f923dd564e8bae9e7032a6f41212,0.101,,,
4190,2026-09-03,SH600026,-1.0939683741272086e-10,EXP_LGBModel_Alpha158_csi300_custom_step0_s_20260903_18,56c7f923dd564e8bae9e7032a6f41212,0.101,,,
4191,2026-09-03,SH600011,-1.0939683741272086e-10,EXP_LGBModel_Alpha158_csi300_custom_step0_s_20260903_18,56c7f923dd564e8bae9e7032a6f41212,0.101,,,
4192,2026-09-03,SH600009,0.0011016290946675269,EXP_LGBModel_Alpha158_csi300_custom_step0_s_20260903_18,56c7f923dd564e8bae9e7032a6f41212,0.101,,,
4193,2026-09-03,SH600000,-1.0939683741272086e-10,EXP_LGBModel_Alpha158_csi300_custom_step0_s_20260903_18,56c7f923dd564e8bae9e7032a6f41212,0.101,,,
4194,2026-09-03,SZ302132,0.0010145067352725072,EXP_LGBModel_Alpha158_csi300_custom_step0_s_20260903_18,f8fd554d9a38492ba8d59f949ff8a132,0.054,,,
4195,2026-09-03,SZ301308,0.0016771472628307347,EXP_LGBModel_Alpha158_csi300_custom_step0_s_20260903_18,f8fd554d9a38492ba8d59f949ff8a132,0.054,,,
4196,2026-09-03,SZ301269,-9.741216403961211e-11,EXP_LGBModel_Alpha158_csi300_custom_step0_s_20260903_18,f8fd554d9a38492ba8d59f949ff8a132,0.054,,,
4197,2026-09-03,SZ301236,-9.741216403961211e-11,EXP_LGBModel_Alpha158_csi300_custom_step0_s_20260903_18,f8fd554d9a38492ba8d59f949ff8a132,0.054,,,
4198,2026-09-03,SH600010,0.0020948703067437727,EXP_LGBModel_Alpha158_csi300_custom_step0_s_20260903_18,56c7f923dd564e8bae9e7032a6f41212,0.101,,,
4199,2026-09-03,SZ000617,-1.0939683741272086e-10,EXP_LGBModel_Alpha158_csi300_custom_step0_s_20260903_18,56c7f923dd564e8bae9e7032a6f41212,0.101,,,
4200,2026-09-03,SH600027,-0.00033262771832418366,EXP_LGBModel_Alpha158_csi300_custom_step0_s_20260903_18,56c7f923dd564e8bae9e7032a6f41212,0.101,,,
4201,2026-09-03,SH600029,-1.0939683741272086e-10,EXP_LGBModel_Alpha158_csi300_custom_step0_s_20260903_18,56c7f923dd564e8bae9e7032a6f41212,0.101,,,
4202,2026-09-03,SH600118,-1.0939683741272086e-10,EXP_LGBModel_Alpha158_csi300_custom_step0_s_20260903_18,56c7f923dd564e8bae9e7032a6f41212,0.101,,,
4203,2026-09-03,SH600115,-1.0939683741272086e-10,EXP_LGBModel_Alpha158_csi300_custom_step0_s_20260903_18,56c7f923dd564e8bae9e7032a6f41212,0.101,,,
4204,2026-09-03,SH600111,-1.0939683741272086e-10,EXP_LGBModel_Alpha158_csi300_custom_step0_s_20260903_18,56c7f923dd564e8bae9e7032a6f41212,0.101,,,
4205,2026-09-03,SH600104,0.0011016290946675269,EXP_LGBModel_Alpha158_csi300_custom_step0_s_20260903_18,56c7f923dd564e8bae9e7032a6f41212,0.101,,,
4206,2026-09-03,SH600089,-1.0939683741272086e-10,EXP_LGBModel_Alpha158_csi300_custom_step0_s_20260903_18,56c7f923dd564e8bae9e7032a6f41212,0.101,,,
4207,2026-09-03,SH600085,-1.0939683741272086e-10,EXP_LGBModel_Alpha158_csi300_custom_step0_s_20260903_18,56c7f923dd564e8bae9e7032a6f41212,0.101,,,
4208,2026-09-03,SH600028,0.002309452497295965,EXP_LGBModel_Alpha158_csi300_custom_step0_s_20260903_18,56c7f923dd564e8bae9e7032a6f41212,0.101,,,
4209,2026-09-03,SH600066,-0.0023959803259695194,EXP_LGBModel_Alpha158_csi300_custom_step0_s_20260903_18,56c7f923dd564e8bae9e7032a6f41212,0.101,,,
4210,2026-09-03,SH600050,0.0020948703067437727,EXP_LGBModel_Alpha158_csi300_custom_step0_s_20260903_18,56c7f923dd564e8bae9e7032a6f41212,0.101,,,
4211,2026-09-03,SH600048,-1.0939683741272086e-10,EXP_LGBModel_Alpha158_csi300_custom_step0_s_20260903_18,56c7f923dd564e8bae9e7032a6f41212,0.101,,,
4212,2026-09-03,SH600039,0.002309452497295965,EXP_LGBModel_Alpha158_csi300_custom_step0_s_20260903_18,56c7f923dd564e8bae9e7032a6f41212,0.101,,,
4213,2026-09-03,SH600036,-0.00033262771832418366,EXP_LGBModel_Alpha158_csi300_custom_step0_s_20260903_18,56c7f923dd564e8bae9e7032a6f41212,0.101,,,
4214,2026-09-03,SH600031,-0.00033262771832418366,EXP_LGBModel_Alpha158_csi300_custom_step0_s_20260903_18,56c7f923dd564e8bae9e7032a6f41212,0.101,,,
4215,2026-09-03,SH600030,0.003146042723512939,EXP_LGBModel_Alpha158_csi300_custom_step0_s_20260903_18,56c7f923dd564e8bae9e7032a6f41212,0.101,,,
4216,2026-09-03,SH600061,0.002309452497295965,EXP_LGBModel_Alpha158_csi300_custom_step0_s_20260903_18,56c7f923dd564e8bae9e7032a6f41212,0.101,,,
4217,2026-09-03,SZ000625,-1.0939683741272086e-10,EXP_LGBModel_Alpha158_csi300_custom_step0_s_20260903_18,56c7f923dd564e8bae9e7032a6f41212,0.101,,,
4218,2026-09-03,SZ000630,-0.0023959803259695194,EXP_LGBModel_Alpha158_csi300_custom_step0_s_20260903_18,56c7f923dd564e8bae9e7032a6f41212,0.101,,,
4219,2026-09-03,SZ000651,-1.0939683741272086e-10,EXP_LGBModel_Alpha158_csi300_custom_step0_s_20260903_18,56c7f923dd564e8bae9e7032a6f41212,0.101,,,
4220,2026-09-03,SH600999,-0.007712899520676398,EXP_LGBModel_Alpha158_csi300_custom_step0_s_20260903_18,9decca58d50b405da268d76be7158e5c,0.037,,,
4221,2026-09-03,SH601006,0.019886763992122948,EXP_LGBModel_Alpha158_csi300_custom_step0_s_20260903_18,9decca58d50b405da268d76be7158e5c,0.037,,,
4222,2026-09-03,SH601009,0.019123746324128575,EXP_LGBModel_Alpha158_csi300_custom_step0_s_20260903_18,9decca58d50b405da268d76be7158e5c,0.037,,,
4223,2026-09-03,SH601012,-0.01574971761247293,EXP_LGBModel_Alpha158_csi300_custom_step0_s_20260903_18,9decca58d50b405da268d76be7158e5c,0.037,,,
4224,2026-09-03,SH601018,0.019886763992122948,EXP_LGBModel_Alpha158_csi300_custom_step0_s_20260903_18,9decca58d50b405da268d76be7158e5c,0.037,,,
4225,2026-09-03,SH601021,-0.0013689162725020832,EXP_LGBModel_Alpha158_csi300_custom_step0_s_20260903_18,9decca58d50b405da268d76be7158e5c,0.037,,,
4226,2026-09-03,SH601058,-0.005123216970194799,EXP_LGBModel_Alpha158_csi300_custom_step0_s_20260903_18,9decca58d50b405da268d76be7158e5c,0.037,,,
4227,2026-09-03,SH601059,0.019886763992122948,EXP_LGBModel_Alpha158_csi300_custom_step0_s_20260903_18,9decca58d50b405da268d76be7158e5c,0.037,,,
4228,2026-09-03,SH601066,-0.012832509577561846,EXP_LGBModel_Alpha158_csi300_custom_step0_s_20260903_18,9decca58d50b405da268d76be7158e5c,0.037,,,
4229,2026-09-03,SH601077,0.019123746324128575,EXP_LGBModel_Alpha158_csi300_custom_step0_s_20260903_18,9decca58d50b405da268d76be7158e5c,0.037,,,
4230,2026-09-03,SH601088,0.012673545219721171,EXP_LGBModel_Alpha158_csi300_custom_step0_s_20260903_18,9decca58d50b405da268d76be7158e5c,0.037,,,
4231,2026-09-03,SH601100,-0.012487871530008927,EXP_LGBModel_Alpha158_csi300_custom_step0_s_20260903_18,9decca58d50b405da268d76be7158e5c,0.037,,,
4232,2026-09-03,SH601111,0.0030757772409969932,EXP_LGBModel_Alpha158_csi300_custom_step0_s_20260903_18,9decca58d50b405da268d76be7158e5c,0.037,,,
4233,2026-09-03,SH601117,0.01351241590255928,EXP_LGBModel_Alpha158_csi300_custom_step0_s_20260903_18,9decca58d50b405da268d76be7158e5c,0.037,,,
4234,2026-09-03,SH601127,-0.003610830259373413,EXP_LGBModel_Alpha158_csi300_custom_step0_s_20260903_18,9decca58d50b405da268d76be7158e5c,0.037,,,
4235,2026-09-03,SH601136,0.003513771989700668,EXP_LGBModel_Alpha158_csi300_custom_step0_s_20260903_18,9decca58d50b405da268d76be7158e5c,0.037,,,
4236,2026-09-03,SH601138,-0.019351645678924865,EXP_LGBModel_Alpha158_csi300_custom_step0_s_20260903_18,9decca58d50b405da268d76be7158e5c,0.037,,,
4237,2026-09-03,SH601377,0.015236877141231528,EXP_LGBModel_Alpha158_csi300_custom_step0_s_20260903_18,9decca58d50b405da268d76be7158e5c,0.037,,,
4238,2026-09-03,SH601360,-0.012218799355734467,EXP_LGBModel_Alpha158_csi300_custom_step0_s_20260903_18,9decca58d50b405da268d76be7158e5c,0.037,,,
4239,2026-09-03,SH601336,0.013986644606737266,EXP_LGBModel_Alpha158_csi300_custom_step0_s_20260903_18,9decca58d50b405da268d76be7158e5c,0.037,,,
4240,2026-09-03,SH601328,0.011053541253919143,EXP_LGBModel_Alpha158_csi300_custom_step0_s_20260903_18,9decca58d50b405da268d76be7158e5c,0.037,,,
4241,2026-09-03,SH601319,-0.009814057178265894,EXP_LGBModel_Alpha158_csi300_custom_step0_s_20260903_18,9decca58d50b405da268d76be7158e5c,0.037,,,
4242,2026-09-03,SH601318,0.018770776512548226,EXP_LGBModel_Alpha158_csi300_custom_step0_s_20260903_18,9decca58d50b405da268d76be7158e5c,0.037,,,
4243,2026-09-03,SH600989,-0.0020903251405497234,EXP_LGBModel_Alpha158_csi300_custom_step0_s_20260903_18,9decca58d50b405da268d76be7158e5c,0.037,,,
4244,2026-09-03,SH601288,0.018756123896048228,EXP_LGBModel_Alpha158_csi300_custom_step0_s_20260903_18,9decca58d50b405da268d76be7158e5c,0.037,,,
4245,2026-09-03,SH601229,0.008864366038032808,EXP_LGBModel_Alpha158_csi300_custom_step0_s_20260903_18,9decca58d50b405da268d76be7158e5c,0.037,,,
4246,2026-09-03,SH601225,-0.0018512056855911644,EXP_LGBModel_Alpha158_csi300_custom_step0_s_20260903_18,9decca58d50b405da268d76be7158e5c,0.037,,,
4247,2026-09-03,SH601211,0.011441330496634494,EXP_LGBModel_Alpha158_csi300_custom_step0_s_20260903_18,9decca58d50b405da268d76be7158e5c,0.037,,,
4248,2026-09-03,SH601186,0.018864862792153506,EXP_LGBModel_Alpha158_csi300_custom_step0_s_20260903_18,9decca58d50b405da268d76be7158e5c,0.037,,,
4249,2026-09-03,SH601169,0.01916693689641502,EXP_LGBModel_Alpha158_csi300_custom_step0_s_20260903_18,9decca58d50b405da268d76be7158e5c,0.037,,,
4250,2026-09-03,SH601166,0.006286659170003901,EXP_LGBModel_Alpha158_csi300_custom_step0_s_20260903_18,9decca58d50b405da268d76be7158e5c,0.037,,,
4251,2026-09-03,SH601238,0.006422424986781907,EXP_LGBModel_Alpha158_csi300_custom_step0_s_20260903_18,9decca58d50b405da268d76be7158e5c,0.037,,,
4252,2026-09-03,SH601390,0.018864862792153506,EXP_LGBModel_Alpha158_csi300_custom_step0_s_20260903_18,9decca58d50b405da268d76be7158e5c,0.037,,,
4253,2026-09-03,SH600958,0.019886763992122948,EXP_LGBModel_Alpha158_csi300_custom_step0_s_20260903_18,9decca58d50b405da268d76be7158e5c,0.037,,,
4254,2026-09-03,SH600938,0.011764716673243454,EXP_LGBModel_Alpha158_csi300_custom_step0_s_20260903_18,9decca58d50b405da268d76be7158e5c,0.037,,,
4255,2026-09-03,SH600482,-0.0032302423328014716,EXP_LGBModel_Alpha158_csi300_custom_step0_s_20260903_18,9decca58d50b405da268d76be7158e5c,0.037,,,
4256,2026-09-03,SH600489,-0.004703433696487139,EXP_LGBModel_Alpha158_csi300_custom_step0_s_20260903_18,9decca58d50b405da268d76be7158e5c,0.037,,,
4257,2026-09-03,SH600515,0.0012722891664445999,EXP_LGBModel_Alpha158_csi300_custom_step0_s_20260903_18,9decca58d50b405da268d76be7158e5c,0.037,,,
4258,2026-09-03,SH600519,0.010087197275856032,EXP_LGBModel_Alpha158_csi300_custom_step0_s_20260903_18,9decca58d50b405da268d76be7158e5c,0.037,,,
4259,2026-09-03,SH600522,-0.015291929645208997,EXP_LGBModel_Alpha158_csi300_custom_step0_s_20260903_18,9decca58d50b405da268d76be7158e5c,0.037,,,
4260,2026-09-03,SH600547,0.015462020788355131,EXP_LGBModel_Alpha158_csi300_custom_step0_s_20260903_18,9decca58d50b405da268d76be7158e5c,0.037,,,
4261,2026-09-03,SH600549,-0.011343520047783152,EXP_LGBModel_Alpha158_csi300_custom_step0_s_20260903_18,9decca58d50b405da268d76be7158e5c,0.037,,,
4262,2026-09-03,SH600570,-0.014478403171728632,EXP_LGBModel_Alpha158_csi300_custom_step0_s_20260903_18,9decca58d50b405da268d76be7158e5c,0.037,,,
4263,2026-09-03,SH600584,-0.005793306865396409,EXP_LGBModel_Alpha158_csi300_custom_step0_s_20260903_18,9decca58d50b405da268d76be7158e5c,0.037,,,
4264,2026-09-03,SH600585,0.0195191415640426,EXP_LGBModel_Alpha158_csi300_custom_step0_s_20260903_18,9decca58d50b405da268d76be7158e5c,0.037,,,
4265,2026-09-03,SH600588,0.012070756451464635,EXP_LGBModel_Alpha158_csi300_custom_step0_s_20260903_18,9decca58d50b405da268d76be7158e5c,0.037,,,
4266,2026-09-03,SH600600,0.009914274523396986,EXP_LGBModel_Alpha158_csi300_custom_step0_s_20260903_18,9decca58d50b405da268d76be7158e5c,0.037,,,
4267,2026-09-03,SH600660,0.012533522851031502,EXP_LGBModel_Alpha158_csi300_custom_step0_s_20260903_18,9decca58d50b405da268d76be7158e5c,0.037,,,
4268,2026-09-03,SH600674,0.019886763992122948,EXP_LGBModel_Alpha158_csi300_custom_step0_s_20260903_18,9decca58d50b405da268d76be7158e5c,0.037,,,
4269,2026-09-03,SH600690,0.007986007741855487,EXP_LGBModel_Alpha158_csi300_custom_step0_s_20260903_18,9decca58d50b405da268d76be7158e5c,0.037,,,
4270,2026-09-03,SH600741,0.016127406867537566,EXP_LGBModel_Alpha158_csi300_custom_step0_s_20260903_18,9decca58d50b405da268d76be7158e5c,0.037,,,
4271,2026-09-03,SH600760,-0.012677593561122233,EXP_LGBModel_Alpha158_csi300_custom_step0_s_20260903_18,9decca58d50b405da268d76be7158e5c,0.037,,,
4272,2026-09-03,SH600930,0.0014618466170312936,EXP_LGBModel_Alpha158_csi300_custom_step0_s_20260903_18,9decca58d50b405da268d76be7158e5c,0.037,,,
4273,2026-09-03,SH600926,0.019123746324128575,EXP_LGBModel_Alpha158_csi300_custom_step0_s_20260903_18,9decca58d50b405da268d76be7158e5c,0.037,,,
4274,2026-09-03,SH600919,0.019886763992122948,EXP_LGBModel_Alpha158_csi300_custom_step0_s_20260903_18,9decca58d50b405da268d76be7158e5c,0.037,,,
4275,2026-09-03,SH600918,0.012956970193238541,EXP_LGBModel_Alpha158_csi300_custom_step0_s_20260903_18,9decca58d50b405da268d76be7158e5c,0.037,,,
4276,2026-09-03,SH600905,0.0032720007492523574,EXP_LGBModel_Alpha158_csi300_custom_step0_s_20260903_18,9decca58d50b405da268d76be7158e5c,0.037,,,
4277,2026-09-03,SH600900,0.019886763992122948,EXP_LGBModel_Alpha158_csi300_custom_step0_s_20260903_18,9decca58d50b405da268d76be7158e5c,0.037,,,
4278,2026-09-03,SH600941,0.019886763992122948,EXP_LGBModel_Alpha158_csi300_custom_step0_s_20260903_18,9decca58d50b405da268d76be7158e5c,0.037,,,
4279,2026-09-03,SH600893,0.007946787044880629,EXP_LGBModel_Alpha158_csi300_custom_step0_s_20260903_18,9decca58d50b405da268d76be7158e5c,0.037,,,
4280,2026-09-03,SH600886,0.015034886985026225,EXP_LGBModel_Alpha158_csi300_custom_step0_s_20260903_18,9decca58d50b405da268d76be7158e5c,0.037,,,
4281,2026-09-03,SH600875,-0.01574971761247293,EXP_LGBModel_Alpha158_csi300_custom_step0_s_20260903_18,9decca58d50b405da268d76be7158e5c,0.037,,,
4282,2026-09-03,SH600845,-0.0018613259340903572,EXP_LGBModel_Alpha158_csi300_custom_step0_s_20260903_18,9decca58d50b405da268d76be7158e5c,0.037,,,
4283,2026-09-03,SH600809,-0.0017843186076034023,EXP_LGBModel_Alpha158_csi300_custom_step0_s_20260903_18,9decca58d50b405da268d76be7158e5c,0.037,,,
4284,2026-09-03,SH600803,-0.002790932374736405,EXP_LGBModel_Alpha158_csi300_custom_step0_s_20260903_18,9decca58d50b405da268d76be7158e5c,0.037,,,
4285,2026-09-03,SH600795,0.0170882337493199,EXP_LGBModel_Alpha158_csi300_custom_step0_s_20260903_18,9decca58d50b405da268d76be7158e5c,0.037,,,
4286,2026-09-03,SH600887,0.01160182196264875,EXP_LGBModel_Alpha158_csi300_custom_step0_s_20260903_18,9decca58d50b405da268d76be7158e5c,0.037,,,
4287,2026-09-03,SH601398,-0.0059731360571767715,EXP_LGBModel_Alpha158_csi300_custom_step0_s_20260903_18,9decca58d50b405da268d76be7158e5c,0.037,,,
4288,2026-09-03,SH601456,0.019886763992122948,EXP_LGBModel_Alpha158_csi300_custom_step0_s_20260903_18,9decca58d50b405da268d76be7158e5c,0.037,,,
4289,2026-09-03,SH601600,-0.010942191132480537,EXP_LGBModel_Alpha158_csi300_custom_step0_s_20260903_18,9decca58d50b405da268d76be7158e5c,0.037,,,
4290,2026-09-03,SH601998,0.00405314152992573,EXP_LGBModel_Alpha158_csi300_custom_step0_s_20260903_18,9decca58d50b405da268d76be7158e5c,0.037,,,
4291,2026-09-03,SH603019,-0.017153255705508387,EXP_LGBModel_Alpha158_csi300_custom_step0_s_20260903_18,9decca58d50b405da268d76be7158e5c,0.037,,,
4292,2026-09-03,SH603259,0.021340367447044706,EXP_LGBModel_Alpha158_csi300_custom_step0_s_20260903_18,9decca58d50b405da268d76be7158e5c,0.037,,,
4293,2026-09-03,SH603260,-0.010957899253538097,EXP_LGBModel_Alpha158_csi300_custom_step0_s_20260903_18,9decca58d50b405da268d76be7158e5c,0.037,,,
4294,2026-09-03,SH603288,-0.0009570709950578627,EXP_LGBModel_Alpha158_csi300_custom_step0_s_20260903_18,9decca58d50b405da268d76be7158e5c,0.037,,,
4295,2026-09-03,SH603296,-0.009333497320710624,EXP_LGBModel_Alpha158_csi300_custom_step0_s_20260903_18,9decca58d50b405da268d76be7158e5c,0.037,,,
4296,2026-09-03,SH603369,-0.0028998156740325277,EXP_LGBModel_Alpha158_csi300_custom_step0_s_20260903_18,9decca58d50b405da268d76be7158e5c,0.037,,,
4297,2026-09-03,SH603392,-0.01829600641431683,EXP_LGBModel_Alpha158_csi300_custom_step0_s_20260903_18,9decca58d50b405da268d76be7158e5c,0.037,,,
4298,2026-09-03,SH603501,-0.010301118958920802,EXP_LGBModel_Alpha158_csi300_custom_step0_s_20260903_18,9decca58d50b405da268d76be7158e5c,0.037,,,
4299,2026-09-03,SH603799,-0.018583977447255966,EXP_LGBModel_Alpha158_csi300_custom_step0_s_20260903_18,9decca58d50b405da268d76be7158e5c,0.037,,,
4300,2026-09-03,SH603893,-0.020782367420672444,EXP_LGBModel_Alpha158_csi300_custom_step0_s_20260903_18,9decca58d50b405da268d76be7158e5c,0.037,,,
4301,2026-09-03,SH603986,-0.015291929645208997,EXP_LGBModel_Alpha158_csi300_custom_step0_s_20260903_18,9decca58d50b405da268d76be7158e5c,0.037,,,
4302,2026-09-03,SH603993,-0.013135378793703838,EXP_LGBModel_Alpha158_csi300_custom_step0_s_20260903_18,9decca58d50b405da268d76be7158e5c,0.037,,,
4303,2026-09-03,SH605117,-0.010389841071929265,EXP_LGBModel_Alpha158_csi300_custom_step0_s_20260903_18,9decca58d50b405da268d76be7158e5c,0.037,,,
4304,2026-09-03,SH605499,-0.004813971237184206,EXP_LGBModel_Alpha158_csi300_custom_step0_s_20260903_18,9decca58d50b405da268d76be7158e5c,0.037,,,
4305,2026-09-03,SH688008,-0.01197580994515652,EXP_LGBModel_Alpha158_csi300_custom_step0_s_20260903_18,9decca58d50b405da268d76be7158e5c,0.037,,,
4306,2026-09-03,SH688009,0.018864862792153506,EXP_LGBModel_Alpha158_csi300_custom_step0_s_20260903_18,9decca58d50b405da268d76be7158e5c,0.037,,,
4307,2026-09-03,SH688396,-0.012320518283209833,EXP_LGBModel_Alpha158_csi300_custom_step0_s_20260903_18,9decca58d50b405da268d76be7158e5c,0.037,,,
4308,2026-09-03,SH688303,-0.004505899708849039,EXP_LGBModel_Alpha158_csi300_custom_step0_s_20260903_18,9decca58d50b405da268d76be7158e5c,0.037,,,
4309,2026-09-03,SH688271,0.0015460828095577813,EXP_LGBModel_Alpha158_csi300_custom_step0_s_20260903_18,9decca58d50b405da268d76be7158e5c,0.037,,,
4310,2026-09-03,SH688256,-0.0053045252381866605,EXP_LGBModel_Alpha158_csi300_custom_step0_s_20260903_18,9decca58d50b405da268d76be7158e5c,0.037,,,
4311,2026-09-03,SH688223,-0.005973628087454306,EXP_LGBModel_Alpha158_csi300_custom_step0_s_20260903_18,9decca58d50b405da268d76be7158e5c,0.037,,,
4312,2026-09-03,SH688183,0.014336909742109431,EXP_LGBModel_Alpha158_csi300_custom_step0_s_20260903_18,9decca58d50b405da268d76be7158e5c,0.037,,,
4313,2026-09-03,SH601995,-0.0007271245709475128,EXP_LGBModel_Alpha158_csi300_custom_step0_s_20260903_18,9decca58d50b405da268d76be7158e5c,0.037,,,
4314,2026-09-03,SH688126,-0.007007158898407509,EXP_LGBModel_Alpha158_csi300_custom_step0_s_20260903_18,9decca58d50b405da268d76be7158e5c,0.037,,,
4315,2026-09-03,SH688082,-0.010122128309793357,EXP_LGBModel_Alpha158_csi300_custom_step0_s_20260903_18,9decca58d50b405da268d76be7158e5c,0.037,,,
4316,2026-09-03,SH688072,-0.013414176111840327,EXP_LGBModel_Alpha158_csi300_custom_step0_s_20260903_18,9decca58d50b405da268d76be7158e5c,0.037,,,
4317,2026-09-03,SH688047,-0.01245766981042596,EXP_LGBModel_Alpha158_csi300_custom_step0_s_20260903_18,9decca58d50b405da268d76be7158e5c,0.037,,,
4318,2026-09-03,SH688041,0.005276047888820387,EXP_LGBModel_Alpha158_csi300_custom_step0_s_20260903_18,9decca58d50b405da268d76be7158e5c,0.037,,,
4319,2026-09-03,SH688036,0.011229942503798428,EXP_LGBModel_Alpha158_csi300_custom_step0_s_20260903_18,9decca58d50b405da268d76be7158e5c,0.037,,,
4320,2026-09-03,SH688012,-0.017667398009286597,EXP_LGBModel_Alpha158_csi300_custom_step0_s_20260903_18,9decca58d50b405da268d76be7158e5c,0.037,,,
4321,2026-09-03,SH688111,-0.013414176111840327,EXP_LGBModel_Alpha158_csi300_custom_step0_s_20260903_18,9decca58d50b405da268d76be7158e5c,0.037,,,
4322,2026-09-03,SH601988,0.004608229389021966,EXP_LGBModel_Alpha158_csi300_custom_step0_s_20260903_18,9decca58d50b405da268d76be7158e5c,0.037,,,
4323,2026-09-03,SH601985,0.014697085776665912,EXP_LGBModel_Alpha158_csi300_custom_step0_s_20260903_18,9decca58d50b405da268d76be7158e5c,0.037,,,
4324,2026-09-03,SH601939,-0.0038701475323024855,EXP_LGBModel_Alpha158_csi300_custom_step0_s_20260903_18,9decca58d50b405da268d76be7158e5c,0.037,,,
4325,2026-09-03,SH601766,0.018795891128461813,EXP_LGBModel_Alpha158_csi300_custom_step0_s_20260903_18,9decca58d50b405da268d76be7158e5c,0.037,,,
4326,2026-09-03,SH601728,0.015284210324127676,EXP_LGBModel_Alpha158_csi300_custom_step0_s_20260903_18,9decca58d50b405da268d76be7158e5c,0.037,,,
4327,2026-09-03,SH601727,0.011441330496634494,EXP_LGBModel_Alpha158_csi300_custom_step0_s_20260903_18,9decca58d50b405da268d76be7158e5c,0.037,,,
4328,2026-09-03,SH601698,0.0014618466170312936,EXP_LGBModel_Alpha158_csi300_custom_step0_s_20260903_18,9decca58d50b405da268d76be7158e5c,0.037,,,
4329,2026-09-03,SH601689,-0.008347477179901228,EXP_LGBModel_Alpha158_csi300_custom_step0_s_20260903_18,9decca58d50b405da268d76be7158e5c,0.037,,,
4330,2026-09-03,SH601688,-0.008090413007446302,EXP_LGBModel_Alpha158_csi300_custom_step0_s_20260903_18,9decca58d50b405da268d76be7158e5c,0.037,,,
4331,2026-09-03,SH601788,0.0034552063352504044,EXP_LGBModel_Alpha158_csi300_custom_step0_s_20260903_18,9decca58d50b405da268d76be7158e5c,0.037,,,
4332,2026-09-03,SH601669,0.005143334506411036,EXP_LGBModel_Alpha158_csi300_custom_step0_s_20260903_18,9decca58d50b405da268d76be7158e5c,0.037,,,
4333,2026-09-03,SH601658,0.0170882337493199,EXP_LGBModel_Alpha158_csi300_custom_step0_s_20260903_18,9decca58d50b405da268d76be7158e5c,0.037,,,
4334,2026-09-03,SH601633,0.00985760159225176,EXP_LGBModel_Alpha158_csi300_custom_step0_s_20260903_18,9decca58d50b405da268d76be7158e5c,0.037,,,
4335,2026-09-03,SH601628,0.007509166544475508,EXP_LGBModel_Alpha158_csi300_custom_step0_s_20260903_18,9decca58d50b405da268d76be7158e5c,0.037,,,
4336,2026-09-03,SH601618,-0.007341687628429875,EXP_LGBModel_Alpha158_csi300_custom_step0_s_20260903_18,9decca58d50b405da268d76be7158e5c,0.037,,,
4337,2026-09-03,SH601607,0.019886763992122948,EXP_LGBModel_Alpha158_csi300_custom_step0_s_20260903_18,9decca58d50b405da268d76be7158e5c,0.037,,,
4338,2026-09-03,SH601601,0.0218312857906791,EXP_LGBModel_Alpha158_csi300_custom_step0_s_20260903_18,9decca58d50b405da268d76be7158e5c,0.037,,,
4339,2026-09-03,SH601668,0.00849689295455815,EXP_LGBModel_Alpha158_csi300_custom_step0_s_20260903_18,9decca58d50b405da268d76be7158e5c,0.037,,,
4340,2026-09-03,SH600460,-0.009777419971740045,EXP_LGBModel_Alpha158_csi300_custom_step0_s_20260903_18,9decca58d50b405da268d76be7158e5c,0.037,,,
4341,2026-09-03,SH601800,0.018864862792153506,EXP_LGBModel_Alpha158_csi300_custom_step0_s_20260903_18,9decca58d50b405da268d76be7158e5c,0.037,,,
4342,2026-09-03,SH601818,0.019886763992122948,EXP_LGBModel_Alpha158_csi300_custom_step0_s_20260903_18,9decca58d50b405da268d76be7158e5c,0.037,,,
4343,2026-09-03,SH601919,0.0031271367593099413,EXP_LGBModel_Alpha158_csi300_custom_step0_s_20260903_18,9decca58d50b405da268d76be7158e5c,0.037,,,
4344,2026-09-03,SH601916,0.019886763992122948,EXP_LGBModel_Alpha158_csi300_custom_step0_s_20260903_18,9decca58d50b405da268d76be7158e5c,0.037,,,
4345,2026-09-03,SH601901,0.0100656782761661,EXP_LGBModel_Alpha158_csi300_custom_step0_s_20260903_18,9decca58d50b405da268d76be7158e5c,0.037,,,
4346,2026-09-03,SH601899,0.0034167176700307077,EXP_LGBModel_Alpha158_csi300_custom_step0_s_20260903_18,9decca58d50b405da268d76be7158e5c,0.037,,,
4347,2026-09-03,SH601898,-0.020782367420672444,EXP_LGBModel_Alpha158_csi300_custom_step0_s_20260903_18,9decca58d50b405da268d76be7158e5c,0.037,,,
4348,2026-09-03,SH601888,-0.0032678885538354554,EXP_LGBModel_Alpha158_csi300_custom_step0_s_20260903_18,9decca58d50b405da268d76be7158e5c,0.037,,,
4349,2026-09-03,SH601816,0.019886763992122948,EXP_LGBModel_Alpha158_csi300_custom_step0_s_20260903_18,9decca58d50b405da268d76be7158e5c,0.037,,,
4350,2026-09-03,SH601881,0.015004464112964508,EXP_LGBModel_Alpha158_csi300_custom_step0_s_20260903_18,9decca58d50b405da268d76be7158e5c,0.037,,,
4351,2026-09-03,SH601877,0.0012228891403586039,EXP_LGBModel_Alpha158_csi300_custom_step0_s_20260903_18,9decca58d50b405da268d76be7158e5c,0.037,,,
4352,2026-09-03,SH601872,-0.016276467585614372,EXP_LGBModel_Alpha158_csi300_custom_step0_s_20260903_18,9decca58d50b405da268d76be7158e5c,0.037,,,
4353,2026-09-03,SH601868,0.0030757772409969932,EXP_LGBModel_Alpha158_csi300_custom_step0_s_20260903_18,9decca58d50b405da268d76be7158e5c,0.037,,,
4354,2026-09-03,SH601857,0.017149308067507002,EXP_LGBModel_Alpha158_csi300_custom_step0_s_20260903_18,9decca58d50b405da268d76be7158e5c,0.037,,,
4355,2026-09-03,SH601838,0.00907910299729757,EXP_LGBModel_Alpha158_csi300_custom_step0_s_20260903_18,9decca58d50b405da268d76be7158e5c,0.037,,,
4356,2026-09-03,SH601825,0.014402120510471211,EXP_LGBModel_Alpha158_csi300_custom_step0_s_20260903_18,9decca58d50b405da268d76be7158e5c,0.037,,,
4357,2026-09-03,SH601878,0.019886763992122948,EXP_LGBModel_Alpha158_csi300_custom_step0_s_20260903_18,9decca58d50b405da268d76be7158e5c,0.037,,,
4358,2026-09-03,SH688506,-0.007888581882370797,EXP_LGBModel_Alpha158_csi300_custom_step0_s_20260903_18,9decca58d50b405da268d76be7158e5c,0.037,,,
4359,2026-09-03,SH600438,-0.016097616440900353,EXP_LGBModel_Alpha158_csi300_custom_step0_s_20260903_18,9decca58d50b405da268d76be7158e5c,0.037,,,
4360,2026-09-03,SH600426,-0.020782367420672444,EXP_LGBModel_Alpha158_csi300_custom_step0_s_20260903_18,9decca58d50b405da268d76be7158e5c,0.037,,,
4361,2026-09-03,SZ002371,-1.0939683741272086e-10,EXP_LGBModel_Alpha158_csi300_custom_step0_s_20260903_18,56c7f923dd564e8bae9e7032a6f41212,0.101,,,
4362,2026-09-03,SZ002384,-1.0939683741272086e-10,EXP_LGBModel_Alpha158_csi300_custom_step0_s_20260903_18,56c7f923dd564e8bae9e7032a6f41212,0.101,,,
4363,2026-09-03,SZ002415,0.0020948703067437727,EXP_LGBModel_Alpha158_csi300_custom_step0_s_20260903_18,56c7f923dd564e8bae9e7032a6f41212,0.101,,,
4364,2026-09-03,SZ002422,-0.0023959803259695194,EXP_LGBModel_Alpha158_csi300_custom_step0_s_20260903_18,56c7f923dd564e8bae9e7032a6f41212,0.101,,,
4365,2026-09-03,SZ002460,-0.0023959803259695194,EXP_LGBModel_Alpha158_csi300_custom_step0_s_20260903_18,56c7f923dd564e8bae9e7032a6f41212,0.101,,,
4366,2026-09-03,SZ002463,-0.0023959803259695194,EXP_LGBModel_Alpha158_csi300_custom_step0_s_20260903_18,56c7f923dd564e8bae9e7032a6f41212,0.101,,,
4367,2026-09-03,SZ002466,-0.0023959803259695194,EXP_LGBModel_Alpha158_csi300_custom_step0_s_20260903_18,56c7f923dd564e8bae9e7032a6f41212,0.101,,,
4368,2026-09-03,SZ002475,-0.0023959803259695194,EXP_LGBModel_Alpha158_csi300_custom_step0_s_20260903_18,56c7f923dd564e8bae9e7032a6f41212,0.101,,,
4369,2026-09-03,SZ002493,-0.0031831802015713944,EXP_LGBModel_Alpha158_csi300_custom_step0_s_20260903_18,56c7f923dd564e8bae9e7032a6f41212,0.101,,,
4370,2026-09-03,SZ002532,-0.0023959803259695194,EXP_LGBModel_Alpha158_csi300_custom_step0_s_20260903_18,56c7f923dd564e8bae9e7032a6f41212,0.101,,,
4371,2026-09-03,SZ002558,-0.0023959803259695194,EXP_LGBModel_Alpha158_csi300_custom_step0_s_20260903_18,56c7f923dd564e8bae9e7032a6f41212,0.101,,,
4372,2026-09-03,SZ002594,-1.0939683741272086e-10,EXP_LGBModel_Alpha158_csi300_custom_step0_s_20260903_18,56c7f923dd564e8bae9e7032a6f41212,0.101,,,
4373,2026-09-03,SZ002600,-0.0023959803259695194,EXP_LGBModel_Alpha158_csi300_custom_step0_s_20260903_18,56c7f923dd564e8bae9e7032a6f41212,0.101,,,
4374,2026-09-03,SZ002602,0.003146042723512939,EXP_LGBModel_Alpha158_csi300_custom_step0_s_20260903_18,56c7f923dd564e8bae9e7032a6f41212,0.101,,,
4375,2026-09-03,SZ002625,-8.564821688154441e-05,EXP_LGBModel_Alpha158_csi300_custom_step0_s_20260903_18,56c7f923dd564e8bae9e7032a6f41212,0.101,,,
4376,2026-09-03,SZ002648,0.002309452497295965,EXP_LGBModel_Alpha158_csi300_custom_step0_s_20260903_18,56c7f923dd564e8bae9e7032a6f41212,0.101,,,
4377,2026-09-03,SZ002709,-0.0023959803259695194,EXP_LGBModel_Alpha158_csi300_custom_step0_s_20260903_18,56c7f923dd564e8bae9e7032a6f41212,0.101,,,
4378,2026-09-03,SZ300251,-1.0939683741272086e-10,EXP_LGBModel_Alpha158_csi300_custom_step0_s_20260903_18,56c7f923dd564e8bae9e7032a6f41212,0.101,,,
4379,2026-09-03,SZ300124,-1.0939683741272086e-10,EXP_LGBModel_Alpha158_csi300_custom_step0_s_20260903_18,56c7f923dd564e8bae9e7032a6f41212,0.101,,,
4380,2026-09-03,SZ300122,-0.0023959803259695194,EXP_LGBModel_Alpha158_csi300_custom_step0_s_20260903_18,56c7f923dd564e8bae9e7032a6f41212,0.101,,,
4381,2026-09-03,SZ300059,0.0020948703067437727,EXP_LGBModel_Alpha158_csi300_custom_step0_s_20260903_18,56c7f923dd564e8bae9e7032a6f41212,0.101,,,
4382,2026-09-03,SZ300033,-0.0023959803259695194,EXP_LGBModel_Alpha158_csi300_custom_step0_s_20260903_18,56c7f923dd564e8bae9e7032a6f41212,0.101,,,
4383,2026-09-03,SZ300015,0.0020948703067437727,EXP_LGBModel_Alpha158_csi300_custom_step0_s_20260903_18,56c7f923dd564e8bae9e7032a6f41212,0.101,,,
4384,2026-09-03,SZ002353,-1.0939683741272086e-10,EXP_LGBModel_Alpha158_csi300_custom_step0_s_20260903_18,56c7f923dd564e8bae9e7032a6f41212,0.101,,,
4385,2026-09-03,SZ300014,-1.0939683741272086e-10,EXP_LGBModel_Alpha158_csi300_custom_step0_s_20260903_18,56c7f923dd564e8bae9e7032a6f41212,0.101,,,
4386,2026-09-03,SZ002938,-0.0023959803259695194,EXP_LGBModel_Alpha158_csi300_custom_step0_s_20260903_18,56c7f923dd564e8bae9e7032a6f41212,0.101,,,
4387,2026-09-03,SZ002920,-1.0939683741272086e-10,EXP_LGBModel_Alpha158_csi300_custom_step0_s_20260903_18,56c7f923dd564e8bae9e7032a6f41212,0.101,,,
4388,2026-09-03,SZ002916,-0.0023959803259695194,EXP_LGBModel_Alpha158_csi300_custom_step0_s_20260903_18,56c7f923dd564e8bae9e7032a6f41212,0.101,,,
4389,2026-09-03,SZ002837,-0.0023959803259695194,EXP_LGBModel_Alpha158_csi300_custom_step0_s_20260903_18,56c7f923dd564e8bae9e7032a6f41212,0.101,,,
4390,2026-09-03,SZ002736,0.002309452497295965,EXP_LGBModel_Alpha158_csi300_custom_step0_s_20260903_18,56c7f923dd564e8bae9e7032a6f41212,0.101,,,
4391,2026-09-03,SZ002714,-0.0031831802015713944,EXP_LGBModel_Alpha158_csi300_custom_step0_s_20260903_18,56c7f923dd564e8bae9e7032a6f41212,0.101,,,
4392,2026-09-03,SZ003816,-0.00033262771832418366,EXP_LGBModel_Alpha158_csi300_custom_step0_s_20260903_18,56c7f923dd564e8bae9e7032a6f41212,0.101,,,
4393,2026-09-03,SZ300274,-1.0939683741272086e-10,EXP_LGBModel_Alpha158_csi300_custom_step0_s_20260903_18,56c7f923dd564e8bae9e7032a6f41212,0.101,,,
4394,2026-09-03,SZ002352,-1.0939683741272086e-10,EXP_LGBModel_Alpha158_csi300_custom_step0_s_20260903_18,56c7f923dd564e8bae9e7032a6f41212,0.101,,,
4395,2026-09-03,SZ002304,-1.0939683741272086e-10,EXP_LGBModel_Alpha158_csi300_custom_step0_s_20260903_18,56c7f923dd564e8bae9e7032a6f41212,0.101,,,
4396,2026-09-03,SZ000657,0.005178466691126729,EXP_LGBModel_Alpha158_csi300_custom_step0_s_20260903_18,56c7f923dd564e8bae9e7032a6f41212,0.101,,,
4397,2026-09-03,SZ000708,0.0020948703067437727,EXP_LGBModel_Alpha158_csi300_custom_step0_s_20260903_18,56c7f923dd564e8bae9e7032a6f41212,0.101,,,
4398,2026-09-03,SZ000725,-0.0023959803259695194,EXP_LGBModel_Alpha158_csi300_custom_step0_s_20260903_18,56c7f923dd564e8bae9e7032a6f41212,0.101,,,
4399,2026-09-03,SZ000768,-1.0939683741272086e-10,EXP_LGBModel_Alpha158_csi300_custom_step0_s_20260903_18,56c7f923dd564e8bae9e7032a6f41212,0.101,,,
4400,2026-09-03,SZ000776,-0.0023959803259695194,EXP_LGBModel_Alpha158_csi300_custom_step0_s_20260903_18,56c7f923dd564e8bae9e7032a6f41212,0.101,,,
4401,2026-09-03,SZ000792,-1.0939683741272086e-10,EXP_LGBModel_Alpha158_csi300_custom_step0_s_20260903_18,56c7f923dd564e8bae9e7032a6f41212,0.101,,,
4402,2026-09-03,SZ000807,-1.0939683741272086e-10,EXP_LGBModel_Alpha158_csi300_custom_step0_s_20260903_18,56c7f923dd564e8bae9e7032a6f41212,0.101,,,
4403,2026-09-03,SZ000858,-1.0939683741272086e-10,EXP_LGBModel_Alpha158_csi300_custom_step0_s_20260903_18,56c7f923dd564e8bae9e7032a6f41212,0.101,,,
4404,2026-09-03,SZ000895,-1.0939683741272086e-10,EXP_LGBModel_Alpha158_csi300_custom_step0_s_20260903_18,56c7f923dd564e8bae9e7032a6f41212,0.101,,,
4405,2026-09-03,SZ000938,-0.0023959803259695194,EXP_LGBModel_Alpha158_csi300_custom_step0_s_20260903_18,56c7f923dd564e8bae9e7032a6f41212,0.101,,,
4406,2026-09-03,SZ000963,-1.0939683741272086e-10,EXP_LGBModel_Alpha158_csi300_custom_step0_s_20260903_18,56c7f923dd564e8bae9e7032a6f41212,0.101,,,
4407,2026-09-03,SZ000975,-0.0021207251707068436,EXP_LGBModel_Alpha158_csi300_custom_step0_s_20260903_18,56c7f923dd564e8bae9e7032a6f41212,0.101,,,
4408,2026-09-03,SZ000977,-1.0939683741272086e-10,EXP_LGBModel_Alpha158_csi300_custom_step0_s_20260903_18,56c7f923dd564e8bae9e7032a6f41212,0.101,,,
4409,2026-09-03,SZ000988,-0.0023959803259695194,EXP_LGBModel_Alpha158_csi300_custom_step0_s_20260903_18,56c7f923dd564e8bae9e7032a6f41212,0.101,,,
4410,2026-09-03,SZ000999,-0.002729169408273538,EXP_LGBModel_Alpha158_csi300_custom_step0_s_20260903_18,56c7f923dd564e8bae9e7032a6f41212,0.101,,,
4411,2026-09-03,SZ001280,-0.0023959803259695194,EXP_LGBModel_Alpha158_csi300_custom_step0_s_20260903_18,56c7f923dd564e8bae9e7032a6f41212,0.101,,,
4412,2026-09-03,SZ001391,0.0020948703067437727,EXP_LGBModel_Alpha158_csi300_custom_step0_s_20260903_18,56c7f923dd564e8bae9e7032a6f41212,0.101,,,
4413,2026-09-03,SZ002241,-1.0939683741272086e-10,EXP_LGBModel_Alpha158_csi300_custom_step0_s_20260903_18,56c7f923dd564e8bae9e7032a6f41212,0.101,,,
4414,2026-09-03,SZ002236,-1.0939683741272086e-10,EXP_LGBModel_Alpha158_csi300_custom_step0_s_20260903_18,56c7f923dd564e8bae9e7032a6f41212,0.101,,,
4415,2026-09-03,SZ002230,-1.0939683741272086e-10,EXP_LGBModel_Alpha158_csi300_custom_step0_s_20260903_18,56c7f923dd564e8bae9e7032a6f41212,0.101,,,
4416,2026-09-03,SZ002202,-0.0023959803259695194,EXP_LGBModel_Alpha158_csi300_custom_step0_s_20260903_18,56c7f923dd564e8bae9e7032a6f41212,0.101,,,
4417,2026-09-03,SZ002179,-0.0023959803259695194,EXP_LGBModel_Alpha158_csi300_custom_step0_s_20260903_18,56c7f923dd564e8bae9e7032a6f41212,0.101,,,
4418,2026-09-03,SZ002142,0.003146042723512939,EXP_LGBModel_Alpha158_csi300_custom_step0_s_20260903_18,56c7f923dd564e8bae9e7032a6f41212,0.101,,,
4419,2026-09-03,SZ002311,-1.0939683741272086e-10,EXP_LGBModel_Alpha158_csi300_custom_step0_s_20260903_18,56c7f923dd564e8bae9e7032a6f41212,0.101,,,
4420,2026-09-03,SZ002074,-0.0023959803259695194,EXP_LGBModel_Alpha158_csi300_custom_step0_s_20260903_18,56c7f923dd564e8bae9e7032a6f41212,0.101,,,
4421,2026-09-03,SZ002049,-1.0939683741272086e-10,EXP_LGBModel_Alpha158_csi300_custom_step0_s_20260903_18,56c7f923dd564e8bae9e7032a6f41212,0.101,,,
4422,2026-09-03,SZ002028,-1.0939683741272086e-10,EXP_LGBModel_Alpha158_csi300_custom_step0_s_20260903_18,56c7f923dd564e8bae9e7032a6f41212,0.101,,,
4423,2026-09-03,SZ002027,-8.564821688154441e-05,EXP_LGBModel_Alpha158_csi300_custom_step0_s_20260903_18,56c7f923dd564e8bae9e7032a6f41212,0.101,,,
4424,2026-09-03,SZ002001,-1.0939683741272086e-10,EXP_LGBModel_Alpha158_csi300_custom_step0_s_20260903_18,56c7f923dd564e8bae9e7032a6f41212,0.101,,,
4425,2026-09-03,SZ001979,-1.0939683741272086e-10,EXP_LGBModel_Alpha158_csi300_custom_step0_s_20260903_18,56c7f923dd564e8bae9e7032a6f41212,0.101,,,
4426,2026-09-03,SZ001965,0.002309452497295965,EXP_LGBModel_Alpha158_csi300_custom_step0_s_20260903_18,56c7f923dd564e8bae9e7032a6f41212,0.101,,,
4427,2026-09-03,SZ002050,-1.0939683741272086e-10,EXP_LGBModel_Alpha158_csi300_custom_step0_s_20260903_18,56c7f923dd564e8bae9e7032a6f41212,0.101,,,
4428,2026-09-03,SZ300308,0.0006699784259060371,EXP_LGBModel_Alpha158_csi300_custom_step0_s_20260903_18,56c7f923dd564e8bae9e7032a6f41212,0.101,,,
4429,2026-09-03,SZ300316,-0.0023959803259695194,EXP_LGBModel_Alpha158_csi300_custom_step0_s_20260903_18,56c7f923dd564e8bae9e7032a6f41212,0.101,,,
4430,2026-09-03,SZ300394,0.005178466691126729,EXP_LGBModel_Alpha158_csi300_custom_step0_s_20260903_18,56c7f923dd564e8bae9e7032a6f41212,0.101,,,
4431,2026-09-03,SH600029,0.0030757772409969932,EXP_LGBModel_Alpha158_csi300_custom_step0_s_20260903_18,9decca58d50b405da268d76be7158e5c,0.037,,,
4432,2026-09-03,SH600030,0.01773824127522625,EXP_LGBModel_Alpha158_csi300_custom_step0_s_20260903_18,9decca58d50b405da268d76be7158e5c,0.037,,,
4433,2026-09-03,SH600031,-0.0039294456220023005,EXP_LGBModel_Alpha158_csi300_custom_step0_s_20260903_18,9decca58d50b405da268d76be7158e5c,0.037,,,
4434,2026-09-03,SH600036,0.002305457131315013,EXP_LGBModel_Alpha158_csi300_custom_step0_s_20260903_18,9decca58d50b405da268d76be7158e5c,0.037,,,
4435,2026-09-03,SH600039,0.0014350688426055442,EXP_LGBModel_Alpha158_csi300_custom_step0_s_20260903_18,9decca58d50b405da268d76be7158e5c,0.037,,,
4436,2026-09-03,SH600048,0.0013370404366662455,EXP_LGBModel_Alpha158_csi300_custom_step0_s_20260903_18,9decca58d50b405da268d76be7158e5c,0.037,,,
4437,2026-09-03,SH600050,0.011906992390255843,EXP_LGBModel_Alpha158_csi300_custom_step0_s_20260903_18,9decca58d50b405da268d76be7158e5c,0.037,,,
4438,2026-09-03,SH600061,0.004816159197920097,EXP_LGBModel_Alpha158_csi300_custom_step0_s_20260903_18,9decca58d50b405da268d76be7158e5c,0.037,,,
4439,2026-09-03,SH600066,-0.015270118897516276,EXP_LGBModel_Alpha158_csi300_custom_step0_s_20260903_18,9decca58d50b405da268d76be7158e5c,0.037,,,
4440,2026-09-03,SH600085,0.007873922834619402,EXP_LGBModel_Alpha158_csi300_custom_step0_s_20260903_18,9decca58d50b405da268d76be7158e5c,0.037,,,
4441,2026-09-03,SH600089,-0.0014979299719792005,EXP_LGBModel_Alpha158_csi300_custom_step0_s_20260903_18,9decca58d50b405da268d76be7158e5c,0.037,,,
4442,2026-09-03,SH600104,0.016363498658158785,EXP_LGBModel_Alpha158_csi300_custom_step0_s_20260903_18,9decca58d50b405da268d76be7158e5c,0.037,,,
4443,2026-09-03,SH600111,-0.006407017087223787,EXP_LGBModel_Alpha158_csi300_custom_step0_s_20260903_18,9decca58d50b405da268d76be7158e5c,0.037,,,
4444,2026-09-03,SH600115,-0.008860840533770672,EXP_LGBModel_Alpha158_csi300_custom_step0_s_20260903_18,9decca58d50b405da268d76be7158e5c,0.037,,,
4445,2026-09-03,SH600118,-0.006602236492484539,EXP_LGBModel_Alpha158_csi300_custom_step0_s_20260903_18,9decca58d50b405da268d76be7158e5c,0.037,,,
4446,2026-09-03,SH600150,0.008944273714992885,EXP_LGBModel_Alpha158_csi300_custom_step0_s_20260903_18,9decca58d50b405da268d76be7158e5c,0.037,,,
4447,2026-09-03,SH600160,-0.020782367420672444,EXP_LGBModel_Alpha158_csi300_custom_step0_s_20260903_18,9decca58d50b405da268d76be7158e5c,0.037,,,
4448,2026-09-03,SH600415,-0.008205446156438485,EXP_LGBModel_Alpha158_csi300_custom_step0_s_20260903_18,9decca58d50b405da268d76be7158e5c,0.037,,,
4449,2026-09-03,SH600406,0.010172035341334767,EXP_LGBModel_Alpha158_csi300_custom_step0_s_20260903_18,9decca58d50b405da268d76be7158e5c,0.037,,,
4450,2026-09-03,SH600372,0.004535115013172034,EXP_LGBModel_Alpha158_csi300_custom_step0_s_20260903_18,9decca58d50b405da268d76be7158e5c,0.037,,,
4451,2026-09-03,SH600362,-0.020782367420672444,EXP_LGBModel_Alpha158_csi300_custom_step0_s_20260903_18,9decca58d50b405da268d76be7158e5c,0.037,,,
4452,2026-09-03,SH600346,-0.014586423769680796,EXP_LGBModel_Alpha158_csi300_custom_step0_s_20260903_18,9decca58d50b405da268d76be7158e5c,0.037,,,
4453,2026-09-03,SH600309,-0.004453332429999928,EXP_LGBModel_Alpha158_csi300_custom_step0_s_20260903_18,9decca58d50b405da268d76be7158e5c,0.037,,,
4454,2026-09-03,SH600028,0.00540948139159061,EXP_LGBModel_Alpha158_csi300_custom_step0_s_20260903_18,9decca58d50b405da268d76be7158e5c,0.037,,,
4455,2026-09-03,SH600276,-0.002126538377009434,EXP_LGBModel_Alpha158_csi300_custom_step0_s_20260903_18,9decca58d50b405da268d76be7158e5c,0.037,,,
4456,2026-09-03,SH600221,0.0032720007492523574,EXP_LGBModel_Alpha158_csi300_custom_step0_s_20260903_18,9decca58d50b405da268d76be7158e5c,0.037,,,
4457,2026-09-03,SH600219,0.0008858616229454337,EXP_LGBModel_Alpha158_csi300_custom_step0_s_20260903_18,9decca58d50b405da268d76be7158e5c,0.037,,,
4458,2026-09-03,SH600196,-0.00949709336373713,EXP_LGBModel_Alpha158_csi300_custom_step0_s_20260903_18,9decca58d50b405da268d76be7158e5c,0.037,,,
4459,2026-09-03,SH600188,-0.012152888335817645,EXP_LGBModel_Alpha158_csi300_custom_step0_s_20260903_18,9decca58d50b405da268d76be7158e5c,0.037,,,
4460,2026-09-03,SH600183,0.003988957639464625,EXP_LGBModel_Alpha158_csi300_custom_step0_s_20260903_18,9decca58d50b405da268d76be7158e5c,0.037,,,
4461,2026-09-03,SH600176,-0.012885575156003044,EXP_LGBModel_Alpha158_csi300_custom_step0_s_20260903_18,9decca58d50b405da268d76be7158e5c,0.037,,,
4462,2026-09-03,SH600233,-0.007836819922562856,EXP_LGBModel_Alpha158_csi300_custom_step0_s_20260903_18,9decca58d50b405da268d76be7158e5c,0.037,,,
4463,2026-09-03,SH600027,0.004771710619859566,EXP_LGBModel_Alpha158_csi300_custom_step0_s_20260903_18,9decca58d50b405da268d76be7158e5c,0.037,,,
4464,2026-09-03,SH600026,0.00405314152992573,EXP_LGBModel_Alpha158_csi300_custom_step0_s_20260903_18,9decca58d50b405da268d76be7158e5c,0.037,,,
4465,2026-09-03,SH600025,0.017385399858128224,EXP_LGBModel_Alpha158_csi300_custom_step0_s_20260903_18,9decca58d50b405da268d76be7158e5c,0.037,,,
4466,2026-09-03,SZ300803,-0.0023959803259695194,EXP_LGBModel_Alpha158_csi300_custom_step0_s_20260903_18,56c7f923dd564e8bae9e7032a6f41212,0.101,,,
4467,2026-09-03,SZ300760,0.002309452497295965,EXP_LGBModel_Alpha158_csi300_custom_step0_s_20260903_18,56c7f923dd564e8bae9e7032a6f41212,0.101,,,
4468,2026-09-03,SZ300750,0.0006699784259060371,EXP_LGBModel_Alpha158_csi300_custom_step0_s_20260903_18,56c7f923dd564e8bae9e7032a6f41212,0.101,,,
4469,2026-09-03,SZ300661,-0.0023959803259695194,EXP_LGBModel_Alpha158_csi300_custom_step0_s_20260903_18,56c7f923dd564e8bae9e7032a6f41212,0.101,,,
4470,2026-09-03,SZ300628,-0.0031831802015713944,EXP_LGBModel_Alpha158_csi300_custom_step0_s_20260903_18,56c7f923dd564e8bae9e7032a6f41212,0.101,,,
4471,2026-09-03,SZ300502,-0.0023959803259695194,EXP_LGBModel_Alpha158_csi300_custom_step0_s_20260903_18,56c7f923dd564e8bae9e7032a6f41212,0.101,,,
4472,2026-09-03,SZ300832,0.0011016290946675269,EXP_LGBModel_Alpha158_csi300_custom_step0_s_20260903_18,56c7f923dd564e8bae9e7032a6f41212,0.101,,,
4473,2026-09-03,SZ300498,-0.00033262771832418366,EXP_LGBModel_Alpha158_csi300_custom_step0_s_20260903_18,56c7f923dd564e8bae9e7032a6f41212,0.101,,,
4474,2026-09-03,SZ300450,-0.0023959803259695194,EXP_LGBModel_Alpha158_csi300_custom_step0_s_20260903_18,56c7f923dd564e8bae9e7032a6f41212,0.101,,,
4475,2026-09-03,SZ300442,-0.0023959803259695194,EXP_LGBModel_Alpha158_csi300_custom_step0_s_20260903_18,56c7f923dd564e8bae9e7032a6f41212,0.101,,,
4476,2026-09-03,SZ300433,-0.0023959803259695194,EXP_LGBModel_Alpha158_csi300_custom_step0_s_20260903_18,56c7f923dd564e8bae9e7032a6f41212,0.101,,,
4477,2026-09-03,SZ300418,-0.0023959803259695194,EXP_LGBModel_Alpha158_csi300_custom_step0_s_20260903_18,56c7f923dd564e8bae9e7032a6f41212,0.101,,,
4478,2026-09-03,SZ300413,-1.0939683741272086e-10,EXP_LGBModel_Alpha158_csi300_custom_step0_s_20260903_18,56c7f923dd564e8bae9e7032a6f41212,0.101,,,
4479,2026-09-03,SZ300408,-0.0023959803259695194,EXP_LGBModel_Alpha158_csi300_custom_step0_s_20260903_18,56c7f923dd564e8bae9e7032a6f41212,0.101,,,
4480,2026-09-03,SZ300476,-1.0939683741272086e-10,EXP_LGBModel_Alpha158_csi300_custom_step0_s_20260903_18,56c7f923dd564e8bae9e7032a6f41212,0.101,,,
4481,2026-09-03,SH600436,-0.0009947172160918465,EXP_LGBModel_Alpha158_csi300_custom_step0_s_20260903_18,9decca58d50b405da268d76be7158e5c,0.037,,,
4482,2026-09-03,SZ300866,-0.0031831802015713944,EXP_LGBModel_Alpha158_csi300_custom_step0_s_20260903_18,56c7f923dd564e8bae9e7032a6f41212,0.101,,,
4483,2026-09-03,SZ300999,0.002309452497295965,EXP_LGBModel_Alpha158_csi300_custom_step0_s_20260903_18,56c7f923dd564e8bae9e7032a6f41212,0.101,,,
4484,2026-09-03,SH600023,0.004058295073480249,EXP_LGBModel_Alpha158_csi300_custom_step0_s_20260903_18,9decca58d50b405da268d76be7158e5c,0.037,,,
4485,2026-09-03,SH600019,0.009587788212856415,EXP_LGBModel_Alpha158_csi300_custom_step0_s_20260903_18,9decca58d50b405da268d76be7158e5c,0.037,,,
4486,2026-09-03,SH600018,-0.004519318767285603,EXP_LGBModel_Alpha158_csi300_custom_step0_s_20260903_18,9decca58d50b405da268d76be7158e5c,0.037,,,
4487,2026-09-03,SH600016,0.0028178083890860444,EXP_LGBModel_Alpha158_csi300_custom_step0_s_20260903_18,9decca58d50b405da268d76be7158e5c,0.037,,,
4488,2026-09-03,SH600015,-0.005632346226344713,EXP_LGBModel_Alpha158_csi300_custom_step0_s_20260903_18,9decca58d50b405da268d76be7158e5c,0.037,,,
4489,2026-09-03,SH600011,0.0034252187529122805,EXP_LGBModel_Alpha158_csi300_custom_step0_s_20260903_18,9decca58d50b405da268d76be7158e5c,0.037,,,
4490,2026-09-03,SZ300896,-8.564821688154441e-05,EXP_LGBModel_Alpha158_csi300_custom_step0_s_20260903_18,56c7f923dd564e8bae9e7032a6f41212,0.101,,,
4491,2026-09-03,SH600010,0.016850625688683195,EXP_LGBModel_Alpha158_csi300_custom_step0_s_20260903_18,9decca58d50b405da268d76be7158e5c,0.037,,,
4492,2026-09-03,SH600000,0.017385399858128224,EXP_LGBModel_Alpha158_csi300_custom_step0_s_20260903_18,9decca58d50b405da268d76be7158e5c,0.037,,,
4493,2026-09-03,SZ302132,-0.00033262771832418366,EXP_LGBModel_Alpha158_csi300_custom_step0_s_20260903_18,56c7f923dd564e8bae9e7032a6f41212,0.101,,,
4494,2026-09-03,SZ301308,-0.0023959803259695194,EXP_LGBModel_Alpha158_csi300_custom_step0_s_20260903_18,56c7f923dd564e8bae9e7032a6f41212,0.101,,,
4495,2026-09-03,SZ301269,-0.0023959803259695194,EXP_LGBModel_Alpha158_csi300_custom_step0_s_20260903_18,56c7f923dd564e8bae9e7032a6f41212,0.101,,,
4496,2026-09-03,SZ301236,0.0011016290946675269,EXP_LGBModel_Alpha158_csi300_custom_step0_s_20260903_18,56c7f923dd564e8bae9e7032a6f41212,0.101,,,
4497,2026-09-03,SZ301165,-1.0939683741272086e-10,EXP_LGBModel_Alpha158_csi300_custom_step0_s_20260903_18,56c7f923dd564e8bae9e7032a6f41212,0.101,,,
4498,2026-09-03,SH600009,0.015236877141231528,EXP_LGBModel_Alpha158_csi300_custom_step0_s_20260903_18,9decca58d50b405da268d76be7158e5c,0.037,,,
4499,2026-09-03,SZ302132,0.017402283847332,EXP_XGBModel_Alpha158_csi300_custom_step0_s_20260903_16,f03b06acfad24d9e981187312928295e,0.108,,,
