,datetime,instrument,score,exp_name,rid,weight,real_label,error,abs_error
0,2026-07-30,SH600000,0.0027431798320630297,EXP_LGBModel_Alpha158_csi300_custom_step0_s_20260730_17,521bf991ccaf4d1abd400eff906cd873,0.387,,,
1,2026-07-30,SZ300896,-0.00292174042909734,EXP_LGBModel_Alpha158_csi300_custom_step0_s_20260730_17,ac8e9ee1a9c548a492dec67351b2ed38,0.291,,,
2,2026-07-30,SZ300999,-4.2419227359285195e-10,EXP_LGBModel_Alpha158_csi300_custom_step0_s_20260730_17,ac8e9ee1a9c548a492dec67351b2ed38,0.291,,,
3,2026-07-30,SZ301165,0.014838683243201868,EXP_LGBModel_Alpha158_csi300_custom_step0_s_20260730_17,ac8e9ee1a9c548a492dec67351b2ed38,0.291,,,
4,2026-07-30,SZ301236,-0.0033657065295063164,EXP_LGBModel_Alpha158_csi300_custom_step0_s_20260730_17,ac8e9ee1a9c548a492dec67351b2ed38,0.291,,,
5,2026-07-30,SZ301269,-4.2419227359285195e-10,EXP_LGBModel_Alpha158_csi300_custom_step0_s_20260730_17,ac8e9ee1a9c548a492dec67351b2ed38,0.291,,,
6,2026-07-30,SZ301308,0.009863309226282788,EXP_LGBModel_Alpha158_csi300_custom_step0_s_20260730_17,ac8e9ee1a9c548a492dec67351b2ed38,0.291,,,
7,2026-07-30,SZ302132,-0.008515993139809198,EXP_LGBModel_Alpha158_csi300_custom_step0_s_20260730_17,ac8e9ee1a9c548a492dec67351b2ed38,0.291,,,
8,2026-07-30,SH600000,0.18750360508180877,EXP_DEnsembleModel_Alpha158_csi300_custom_step0_s_20260730_14,989b28e9719b4c879c6b1e6a25594660,0.322,,,
9,2026-07-30,SH600009,-0.024638548527644872,EXP_DEnsembleModel_Alpha158_csi300_custom_step0_s_20260730_14,989b28e9719b4c879c6b1e6a25594660,0.322,,,
10,2026-07-30,SH600010,3.0423017946372815e-05,EXP_DEnsembleModel_Alpha158_csi300_custom_step0_s_20260730_14,989b28e9719b4c879c6b1e6a25594660,0.322,,,
11,2026-07-30,SH600011,-0.015393396072288915,EXP_DEnsembleModel_Alpha158_csi300_custom_step0_s_20260730_14,989b28e9719b4c879c6b1e6a25594660,0.322,,,
12,2026-07-30,SZ300866,0.003131033137399151,EXP_LGBModel_Alpha158_csi300_custom_step0_s_20260730_17,ac8e9ee1a9c548a492dec67351b2ed38,0.291,,,
13,2026-07-30,SH600015,0.17439361998096695,EXP_DEnsembleModel_Alpha158_csi300_custom_step0_s_20260730_14,989b28e9719b4c879c6b1e6a25594660,0.322,,,
14,2026-07-30,SH600018,0.14659900339653148,EXP_DEnsembleModel_Alpha158_csi300_custom_step0_s_20260730_14,989b28e9719b4c879c6b1e6a25594660,0.322,,,
15,2026-07-30,SH600019,0.09850961424484737,EXP_DEnsembleModel_Alpha158_csi300_custom_step0_s_20260730_14,989b28e9719b4c879c6b1e6a25594660,0.322,,,
16,2026-07-30,SH600023,0.02646352111814895,EXP_DEnsembleModel_Alpha158_csi300_custom_step0_s_20260730_14,989b28e9719b4c879c6b1e6a25594660,0.322,,,
17,2026-07-30,SH600025,0.07468403342505804,EXP_DEnsembleModel_Alpha158_csi300_custom_step0_s_20260730_14,989b28e9719b4c879c6b1e6a25594660,0.322,,,
18,2026-07-30,SH600026,0.1265383653984156,EXP_DEnsembleModel_Alpha158_csi300_custom_step0_s_20260730_14,989b28e9719b4c879c6b1e6a25594660,0.322,,,
19,2026-07-30,SH600027,0.0839707028596876,EXP_DEnsembleModel_Alpha158_csi300_custom_step0_s_20260730_14,989b28e9719b4c879c6b1e6a25594660,0.322,,,
20,2026-07-30,SH600028,0.039438882434373504,EXP_DEnsembleModel_Alpha158_csi300_custom_step0_s_20260730_14,989b28e9719b4c879c6b1e6a25594660,0.322,,,
21,2026-07-30,SH600029,-0.01312521628636081,EXP_DEnsembleModel_Alpha158_csi300_custom_step0_s_20260730_14,989b28e9719b4c879c6b1e6a25594660,0.322,,,
22,2026-07-30,SH600030,-0.0358643566600182,EXP_DEnsembleModel_Alpha158_csi300_custom_step0_s_20260730_14,989b28e9719b4c879c6b1e6a25594660,0.322,,,
23,2026-07-30,SH600031,-0.06104700796363436,EXP_DEnsembleModel_Alpha158_csi300_custom_step0_s_20260730_14,989b28e9719b4c879c6b1e6a25594660,0.322,,,
24,2026-07-30,SH600036,0.13027840823627002,EXP_DEnsembleModel_Alpha158_csi300_custom_step0_s_20260730_14,989b28e9719b4c879c6b1e6a25594660,0.322,,,
25,2026-07-30,SH600016,0.06656905103202815,EXP_DEnsembleModel_Alpha158_csi300_custom_step0_s_20260730_14,989b28e9719b4c879c6b1e6a25594660,0.322,,,
26,2026-07-30,SH600039,0.04820390063176549,EXP_DEnsembleModel_Alpha158_csi300_custom_step0_s_20260730_14,989b28e9719b4c879c6b1e6a25594660,0.322,,,
27,2026-07-30,SZ300832,0.000876268714652561,EXP_LGBModel_Alpha158_csi300_custom_step0_s_20260730_17,ac8e9ee1a9c548a492dec67351b2ed38,0.291,,,
28,2026-07-30,SZ300760,0.0032385960440400635,EXP_LGBModel_Alpha158_csi300_custom_step0_s_20260730_17,ac8e9ee1a9c548a492dec67351b2ed38,0.291,,,
29,2026-07-30,SZ003816,-0.0025370665863653254,EXP_LGBModel_Alpha158_csi300_custom_step0_s_20260730_17,ac8e9ee1a9c548a492dec67351b2ed38,0.291,,,
30,2026-07-30,SZ300014,0.014838683243201868,EXP_LGBModel_Alpha158_csi300_custom_step0_s_20260730_17,ac8e9ee1a9c548a492dec67351b2ed38,0.291,,,
31,2026-07-30,SZ300015,-0.001733053359222261,EXP_LGBModel_Alpha158_csi300_custom_step0_s_20260730_17,ac8e9ee1a9c548a492dec67351b2ed38,0.291,,,
32,2026-07-30,SZ300033,-0.008515993139809198,EXP_LGBModel_Alpha158_csi300_custom_step0_s_20260730_17,ac8e9ee1a9c548a492dec67351b2ed38,0.291,,,
33,2026-07-30,SZ300059,-0.0008286403673332647,EXP_LGBModel_Alpha158_csi300_custom_step0_s_20260730_17,ac8e9ee1a9c548a492dec67351b2ed38,0.291,,,
34,2026-07-30,SZ300122,-0.008515993139809198,EXP_LGBModel_Alpha158_csi300_custom_step0_s_20260730_17,ac8e9ee1a9c548a492dec67351b2ed38,0.291,,,
35,2026-07-30,SZ300124,0.00020929313249408487,EXP_LGBModel_Alpha158_csi300_custom_step0_s_20260730_17,ac8e9ee1a9c548a492dec67351b2ed38,0.291,,,
36,2026-07-30,SZ300251,-0.0033657065295063164,EXP_LGBModel_Alpha158_csi300_custom_step0_s_20260730_17,ac8e9ee1a9c548a492dec67351b2ed38,0.291,,,
37,2026-07-30,SZ300274,0.009397349756586829,EXP_LGBModel_Alpha158_csi300_custom_step0_s_20260730_17,ac8e9ee1a9c548a492dec67351b2ed38,0.291,,,
38,2026-07-30,SZ300308,0.009863309226282788,EXP_LGBModel_Alpha158_csi300_custom_step0_s_20260730_17,ac8e9ee1a9c548a492dec67351b2ed38,0.291,,,
39,2026-07-30,SZ300316,0.014838683243201868,EXP_LGBModel_Alpha158_csi300_custom_step0_s_20260730_17,ac8e9ee1a9c548a492dec67351b2ed38,0.291,,,
40,2026-07-30,SZ300803,0.014838683243201868,EXP_LGBModel_Alpha158_csi300_custom_step0_s_20260730_17,ac8e9ee1a9c548a492dec67351b2ed38,0.291,,,
41,2026-07-30,SZ300394,0.004421975739667748,EXP_LGBModel_Alpha158_csi300_custom_step0_s_20260730_17,ac8e9ee1a9c548a492dec67351b2ed38,0.291,,,
42,2026-07-30,SZ300413,-0.001733053359222261,EXP_LGBModel_Alpha158_csi300_custom_step0_s_20260730_17,ac8e9ee1a9c548a492dec67351b2ed38,0.291,,,
43,2026-07-30,SZ300418,0.004421975739667748,EXP_LGBModel_Alpha158_csi300_custom_step0_s_20260730_17,ac8e9ee1a9c548a492dec67351b2ed38,0.291,,,
44,2026-07-30,SZ300433,0.009397349756586829,EXP_LGBModel_Alpha158_csi300_custom_step0_s_20260730_17,ac8e9ee1a9c548a492dec67351b2ed38,0.291,,,
45,2026-07-30,SZ300442,0.009397349756586829,EXP_LGBModel_Alpha158_csi300_custom_step0_s_20260730_17,ac8e9ee1a9c548a492dec67351b2ed38,0.291,,,
46,2026-07-30,SZ300450,0.010416707079341846,EXP_LGBModel_Alpha158_csi300_custom_step0_s_20260730_17,ac8e9ee1a9c548a492dec67351b2ed38,0.291,,,
47,2026-07-30,SZ300476,0.004421975739667748,EXP_LGBModel_Alpha158_csi300_custom_step0_s_20260730_17,ac8e9ee1a9c548a492dec67351b2ed38,0.291,,,
48,2026-07-30,SZ300498,-0.0016773982231472321,EXP_LGBModel_Alpha158_csi300_custom_step0_s_20260730_17,ac8e9ee1a9c548a492dec67351b2ed38,0.291,,,
49,2026-07-30,SZ300502,0.014838683243201868,EXP_LGBModel_Alpha158_csi300_custom_step0_s_20260730_17,ac8e9ee1a9c548a492dec67351b2ed38,0.291,,,
50,2026-07-30,SZ300628,-0.002472378052705969,EXP_LGBModel_Alpha158_csi300_custom_step0_s_20260730_17,ac8e9ee1a9c548a492dec67351b2ed38,0.291,,,
51,2026-07-30,SZ300661,0.004421975739667748,EXP_LGBModel_Alpha158_csi300_custom_step0_s_20260730_17,ac8e9ee1a9c548a492dec67351b2ed38,0.291,,,
52,2026-07-30,SZ300750,-0.004654793364127327,EXP_LGBModel_Alpha158_csi300_custom_step0_s_20260730_17,ac8e9ee1a9c548a492dec67351b2ed38,0.291,,,
53,2026-07-30,SZ300408,0.014838683243201868,EXP_LGBModel_Alpha158_csi300_custom_step0_s_20260730_17,ac8e9ee1a9c548a492dec67351b2ed38,0.291,,,
54,2026-07-30,SZ002938,0.004421975739667748,EXP_LGBModel_Alpha158_csi300_custom_step0_s_20260730_17,ac8e9ee1a9c548a492dec67351b2ed38,0.291,,,
55,2026-07-30,SH600048,-0.06217959858541688,EXP_DEnsembleModel_Alpha158_csi300_custom_step0_s_20260730_14,989b28e9719b4c879c6b1e6a25594660,0.322,,,
56,2026-07-30,SH600061,0.028285643297842052,EXP_DEnsembleModel_Alpha158_csi300_custom_step0_s_20260730_14,989b28e9719b4c879c6b1e6a25594660,0.322,,,
57,2026-07-30,SH600489,-0.09131487017883576,EXP_DEnsembleModel_Alpha158_csi300_custom_step0_s_20260730_14,989b28e9719b4c879c6b1e6a25594660,0.322,,,
58,2026-07-30,SH600515,-0.014432149686973265,EXP_DEnsembleModel_Alpha158_csi300_custom_step0_s_20260730_14,989b28e9719b4c879c6b1e6a25594660,0.322,,,
59,2026-07-30,SH600519,0.08088818075976419,EXP_DEnsembleModel_Alpha158_csi300_custom_step0_s_20260730_14,989b28e9719b4c879c6b1e6a25594660,0.322,,,
60,2026-07-30,SH600522,0.1929870561738056,EXP_DEnsembleModel_Alpha158_csi300_custom_step0_s_20260730_14,989b28e9719b4c879c6b1e6a25594660,0.322,,,
61,2026-07-30,SH600547,-0.07922227493038995,EXP_DEnsembleModel_Alpha158_csi300_custom_step0_s_20260730_14,989b28e9719b4c879c6b1e6a25594660,0.322,,,
62,2026-07-30,SH600549,0.24777393645262114,EXP_DEnsembleModel_Alpha158_csi300_custom_step0_s_20260730_14,989b28e9719b4c879c6b1e6a25594660,0.322,,,
63,2026-07-30,SH600570,-0.030417500259772537,EXP_DEnsembleModel_Alpha158_csi300_custom_step0_s_20260730_14,989b28e9719b4c879c6b1e6a25594660,0.322,,,
64,2026-07-30,SH600584,0.2233567205298706,EXP_DEnsembleModel_Alpha158_csi300_custom_step0_s_20260730_14,989b28e9719b4c879c6b1e6a25594660,0.322,,,
65,2026-07-30,SH600585,0.038078420918650185,EXP_DEnsembleModel_Alpha158_csi300_custom_step0_s_20260730_14,989b28e9719b4c879c6b1e6a25594660,0.322,,,
66,2026-07-30,SH600588,-0.009068789814851074,EXP_DEnsembleModel_Alpha158_csi300_custom_step0_s_20260730_14,989b28e9719b4c879c6b1e6a25594660,0.322,,,
67,2026-07-30,SH600600,0.08508998107564744,EXP_DEnsembleModel_Alpha158_csi300_custom_step0_s_20260730_14,989b28e9719b4c879c6b1e6a25594660,0.322,,,
68,2026-07-30,SH600482,0.04605055408043432,EXP_DEnsembleModel_Alpha158_csi300_custom_step0_s_20260730_14,989b28e9719b4c879c6b1e6a25594660,0.322,,,
69,2026-07-30,SH600660,-0.025145090227847566,EXP_DEnsembleModel_Alpha158_csi300_custom_step0_s_20260730_14,989b28e9719b4c879c6b1e6a25594660,0.322,,,
70,2026-07-30,SH600690,0.07118781352050176,EXP_DEnsembleModel_Alpha158_csi300_custom_step0_s_20260730_14,989b28e9719b4c879c6b1e6a25594660,0.322,,,
71,2026-07-30,SH600741,-0.026653475378580222,EXP_DEnsembleModel_Alpha158_csi300_custom_step0_s_20260730_14,989b28e9719b4c879c6b1e6a25594660,0.322,,,
72,2026-07-30,SH600760,0.015512214295359058,EXP_DEnsembleModel_Alpha158_csi300_custom_step0_s_20260730_14,989b28e9719b4c879c6b1e6a25594660,0.322,,,
73,2026-07-30,SH600795,0.07179788633174793,EXP_DEnsembleModel_Alpha158_csi300_custom_step0_s_20260730_14,989b28e9719b4c879c6b1e6a25594660,0.322,,,
74,2026-07-30,SH600803,-0.10952692564265727,EXP_DEnsembleModel_Alpha158_csi300_custom_step0_s_20260730_14,989b28e9719b4c879c6b1e6a25594660,0.322,,,
75,2026-07-30,SH600809,-0.052831639715173996,EXP_DEnsembleModel_Alpha158_csi300_custom_step0_s_20260730_14,989b28e9719b4c879c6b1e6a25594660,0.322,,,
76,2026-07-30,SH600845,0.02211149596311229,EXP_DEnsembleModel_Alpha158_csi300_custom_step0_s_20260730_14,989b28e9719b4c879c6b1e6a25594660,0.322,,,
77,2026-07-30,SH600875,0.05659735837337309,EXP_DEnsembleModel_Alpha158_csi300_custom_step0_s_20260730_14,989b28e9719b4c879c6b1e6a25594660,0.322,,,
78,2026-07-30,SH600886,-0.009711496837320947,EXP_DEnsembleModel_Alpha158_csi300_custom_step0_s_20260730_14,989b28e9719b4c879c6b1e6a25594660,0.322,,,
79,2026-07-30,SH600887,0.02998057216810599,EXP_DEnsembleModel_Alpha158_csi300_custom_step0_s_20260730_14,989b28e9719b4c879c6b1e6a25594660,0.322,,,
80,2026-07-30,SH600893,-0.05075995610634065,EXP_DEnsembleModel_Alpha158_csi300_custom_step0_s_20260730_14,989b28e9719b4c879c6b1e6a25594660,0.322,,,
81,2026-07-30,SH600674,0.07169820665799105,EXP_DEnsembleModel_Alpha158_csi300_custom_step0_s_20260730_14,989b28e9719b4c879c6b1e6a25594660,0.322,,,
82,2026-07-30,SH600050,0.10969966767087765,EXP_DEnsembleModel_Alpha158_csi300_custom_step0_s_20260730_14,989b28e9719b4c879c6b1e6a25594660,0.322,,,
83,2026-07-30,SH600460,0.17449788884983114,EXP_DEnsembleModel_Alpha158_csi300_custom_step0_s_20260730_14,989b28e9719b4c879c6b1e6a25594660,0.322,,,
84,2026-07-30,SH600436,-0.10278484196575408,EXP_DEnsembleModel_Alpha158_csi300_custom_step0_s_20260730_14,989b28e9719b4c879c6b1e6a25594660,0.322,,,
85,2026-07-30,SH600066,-0.15471292698210973,EXP_DEnsembleModel_Alpha158_csi300_custom_step0_s_20260730_14,989b28e9719b4c879c6b1e6a25594660,0.322,,,
86,2026-07-30,SH600085,-0.06053238978845815,EXP_DEnsembleModel_Alpha158_csi300_custom_step0_s_20260730_14,989b28e9719b4c879c6b1e6a25594660,0.322,,,
87,2026-07-30,SH600089,-0.029610201693014978,EXP_DEnsembleModel_Alpha158_csi300_custom_step0_s_20260730_14,989b28e9719b4c879c6b1e6a25594660,0.322,,,
88,2026-07-30,SH600104,-0.022533229785865742,EXP_DEnsembleModel_Alpha158_csi300_custom_step0_s_20260730_14,989b28e9719b4c879c6b1e6a25594660,0.322,,,
89,2026-07-30,SH600111,0.12098325668840763,EXP_DEnsembleModel_Alpha158_csi300_custom_step0_s_20260730_14,989b28e9719b4c879c6b1e6a25594660,0.322,,,
90,2026-07-30,SH600115,-0.04426194762057748,EXP_DEnsembleModel_Alpha158_csi300_custom_step0_s_20260730_14,989b28e9719b4c879c6b1e6a25594660,0.322,,,
91,2026-07-30,SH600118,0.13541048377519285,EXP_DEnsembleModel_Alpha158_csi300_custom_step0_s_20260730_14,989b28e9719b4c879c6b1e6a25594660,0.322,,,
92,2026-07-30,SH600150,-0.002661697204549807,EXP_DEnsembleModel_Alpha158_csi300_custom_step0_s_20260730_14,989b28e9719b4c879c6b1e6a25594660,0.322,,,
93,2026-07-30,SH600160,0.09221471540948123,EXP_DEnsembleModel_Alpha158_csi300_custom_step0_s_20260730_14,989b28e9719b4c879c6b1e6a25594660,0.322,,,
94,2026-07-30,SH600176,0.24267112452259512,EXP_DEnsembleModel_Alpha158_csi300_custom_step0_s_20260730_14,989b28e9719b4c879c6b1e6a25594660,0.322,,,
95,2026-07-30,SH600183,0.23763705327880122,EXP_DEnsembleModel_Alpha158_csi300_custom_step0_s_20260730_14,989b28e9719b4c879c6b1e6a25594660,0.322,,,
96,2026-07-30,SH600438,0.054024244543733065,EXP_DEnsembleModel_Alpha158_csi300_custom_step0_s_20260730_14,989b28e9719b4c879c6b1e6a25594660,0.322,,,
97,2026-07-30,SH600188,-0.039545240058817537,EXP_DEnsembleModel_Alpha158_csi300_custom_step0_s_20260730_14,989b28e9719b4c879c6b1e6a25594660,0.322,,,
98,2026-07-30,SH600219,-0.028945895883520333,EXP_DEnsembleModel_Alpha158_csi300_custom_step0_s_20260730_14,989b28e9719b4c879c6b1e6a25594660,0.322,,,
99,2026-07-30,SH600221,-0.021528298038097797,EXP_DEnsembleModel_Alpha158_csi300_custom_step0_s_20260730_14,989b28e9719b4c879c6b1e6a25594660,0.322,,,
100,2026-07-30,SH600233,-0.11212044310619919,EXP_DEnsembleModel_Alpha158_csi300_custom_step0_s_20260730_14,989b28e9719b4c879c6b1e6a25594660,0.322,,,
101,2026-07-30,SH600276,-0.1724541867812653,EXP_DEnsembleModel_Alpha158_csi300_custom_step0_s_20260730_14,989b28e9719b4c879c6b1e6a25594660,0.322,,,
102,2026-07-30,SH600309,-0.05653531163353816,EXP_DEnsembleModel_Alpha158_csi300_custom_step0_s_20260730_14,989b28e9719b4c879c6b1e6a25594660,0.322,,,
103,2026-07-30,SH600346,0.01692489796527369,EXP_DEnsembleModel_Alpha158_csi300_custom_step0_s_20260730_14,989b28e9719b4c879c6b1e6a25594660,0.322,,,
104,2026-07-30,SH600362,-0.08087156959219025,EXP_DEnsembleModel_Alpha158_csi300_custom_step0_s_20260730_14,989b28e9719b4c879c6b1e6a25594660,0.322,,,
105,2026-07-30,SH600372,0.025929067253537347,EXP_DEnsembleModel_Alpha158_csi300_custom_step0_s_20260730_14,989b28e9719b4c879c6b1e6a25594660,0.322,,,
106,2026-07-30,SH600406,0.038087754707069585,EXP_DEnsembleModel_Alpha158_csi300_custom_step0_s_20260730_14,989b28e9719b4c879c6b1e6a25594660,0.322,,,
107,2026-07-30,SH600415,-0.10936931001022777,EXP_DEnsembleModel_Alpha158_csi300_custom_step0_s_20260730_14,989b28e9719b4c879c6b1e6a25594660,0.322,,,
108,2026-07-30,SH600426,-0.07320998321292596,EXP_DEnsembleModel_Alpha158_csi300_custom_step0_s_20260730_14,989b28e9719b4c879c6b1e6a25594660,0.322,,,
109,2026-07-30,SH600196,-0.10847796629878159,EXP_DEnsembleModel_Alpha158_csi300_custom_step0_s_20260730_14,989b28e9719b4c879c6b1e6a25594660,0.322,,,
110,2026-07-30,SZ002920,-0.005594253134904132,EXP_LGBModel_Alpha158_csi300_custom_step0_s_20260730_17,ac8e9ee1a9c548a492dec67351b2ed38,0.291,,,
111,2026-07-30,SZ002916,0.004421975739667748,EXP_LGBModel_Alpha158_csi300_custom_step0_s_20260730_17,ac8e9ee1a9c548a492dec67351b2ed38,0.291,,,
112,2026-07-30,SZ002837,0.004421975739667748,EXP_LGBModel_Alpha158_csi300_custom_step0_s_20260730_17,ac8e9ee1a9c548a492dec67351b2ed38,0.291,,,
113,2026-07-30,SH688223,-0.00292174042909734,EXP_LGBModel_Alpha158_csi300_custom_step0_s_20260730_17,ac8e9ee1a9c548a492dec67351b2ed38,0.291,,,
114,2026-07-30,SH688256,0.009397349756586829,EXP_LGBModel_Alpha158_csi300_custom_step0_s_20260730_17,ac8e9ee1a9c548a492dec67351b2ed38,0.291,,,
115,2026-07-30,SH688271,-0.005594253134904132,EXP_LGBModel_Alpha158_csi300_custom_step0_s_20260730_17,ac8e9ee1a9c548a492dec67351b2ed38,0.291,,,
116,2026-07-30,SH688303,-0.008515993139809198,EXP_LGBModel_Alpha158_csi300_custom_step0_s_20260730_17,ac8e9ee1a9c548a492dec67351b2ed38,0.291,,,
117,2026-07-30,SH688396,0.009397349756586829,EXP_LGBModel_Alpha158_csi300_custom_step0_s_20260730_17,ac8e9ee1a9c548a492dec67351b2ed38,0.291,,,
118,2026-07-30,SH688472,0.00020929313249408487,EXP_LGBModel_Alpha158_csi300_custom_step0_s_20260730_17,ac8e9ee1a9c548a492dec67351b2ed38,0.291,,,
119,2026-07-30,SH688506,0.014838683243201868,EXP_LGBModel_Alpha158_csi300_custom_step0_s_20260730_17,ac8e9ee1a9c548a492dec67351b2ed38,0.291,,,
120,2026-07-30,SH688521,0.004421975739667748,EXP_LGBModel_Alpha158_csi300_custom_step0_s_20260730_17,ac8e9ee1a9c548a492dec67351b2ed38,0.291,,,
121,2026-07-30,SH688981,-0.005594253134904132,EXP_LGBModel_Alpha158_csi300_custom_step0_s_20260730_17,ac8e9ee1a9c548a492dec67351b2ed38,0.291,,,
122,2026-07-30,SZ000001,0.006163221917819527,EXP_LGBModel_Alpha158_csi300_custom_step0_s_20260730_17,ac8e9ee1a9c548a492dec67351b2ed38,0.291,,,
123,2026-07-30,SZ000002,0.001397980202369164,EXP_LGBModel_Alpha158_csi300_custom_step0_s_20260730_17,ac8e9ee1a9c548a492dec67351b2ed38,0.291,,,
124,2026-07-30,SH688183,0.009397349756586829,EXP_LGBModel_Alpha158_csi300_custom_step0_s_20260730_17,ac8e9ee1a9c548a492dec67351b2ed38,0.291,,,
125,2026-07-30,SZ000063,-0.0033657065295063164,EXP_LGBModel_Alpha158_csi300_custom_step0_s_20260730_17,ac8e9ee1a9c548a492dec67351b2ed38,0.291,,,
126,2026-07-30,SZ000157,-0.0025370665863653254,EXP_LGBModel_Alpha158_csi300_custom_step0_s_20260730_17,ac8e9ee1a9c548a492dec67351b2ed38,0.291,,,
127,2026-07-30,SZ000166,0.007445651451043759,EXP_LGBModel_Alpha158_csi300_custom_step0_s_20260730_17,ac8e9ee1a9c548a492dec67351b2ed38,0.291,,,
128,2026-07-30,SZ000301,-0.005868927408509122,EXP_LGBModel_Alpha158_csi300_custom_step0_s_20260730_17,ac8e9ee1a9c548a492dec67351b2ed38,0.291,,,
129,2026-07-30,SZ000333,0.006163221917819527,EXP_LGBModel_Alpha158_csi300_custom_step0_s_20260730_17,ac8e9ee1a9c548a492dec67351b2ed38,0.291,,,
130,2026-07-30,SZ000338,-0.001733053359222261,EXP_LGBModel_Alpha158_csi300_custom_step0_s_20260730_17,ac8e9ee1a9c548a492dec67351b2ed38,0.291,,,
131,2026-07-30,SZ000408,-0.0017933221032258625,EXP_LGBModel_Alpha158_csi300_custom_step0_s_20260730_17,ac8e9ee1a9c548a492dec67351b2ed38,0.291,,,
132,2026-07-30,SZ000425,-0.0025370665863653254,EXP_LGBModel_Alpha158_csi300_custom_step0_s_20260730_17,ac8e9ee1a9c548a492dec67351b2ed38,0.291,,,
133,2026-07-30,SZ000538,0.0025242430841253024,EXP_LGBModel_Alpha158_csi300_custom_step0_s_20260730_17,ac8e9ee1a9c548a492dec67351b2ed38,0.291,,,
134,2026-07-30,SZ000568,0.001397980202369164,EXP_LGBModel_Alpha158_csi300_custom_step0_s_20260730_17,ac8e9ee1a9c548a492dec67351b2ed38,0.291,,,
135,2026-07-30,SZ000596,-0.0019624220852364834,EXP_LGBModel_Alpha158_csi300_custom_step0_s_20260730_17,ac8e9ee1a9c548a492dec67351b2ed38,0.291,,,
136,2026-07-30,SZ000617,-0.00292174042909734,EXP_LGBModel_Alpha158_csi300_custom_step0_s_20260730_17,ac8e9ee1a9c548a492dec67351b2ed38,0.291,,,
137,2026-07-30,SZ000100,-0.008515993139809198,EXP_LGBModel_Alpha158_csi300_custom_step0_s_20260730_17,ac8e9ee1a9c548a492dec67351b2ed38,0.291,,,
138,2026-07-30,SZ000625,0.0030321883562281016,EXP_LGBModel_Alpha158_csi300_custom_step0_s_20260730_17,ac8e9ee1a9c548a492dec67351b2ed38,0.291,,,
139,2026-07-30,SH688126,0.004421975739667748,EXP_LGBModel_Alpha158_csi300_custom_step0_s_20260730_17,ac8e9ee1a9c548a492dec67351b2ed38,0.291,,,
140,2026-07-30,SH688082,0.004421975739667748,EXP_LGBModel_Alpha158_csi300_custom_step0_s_20260730_17,ac8e9ee1a9c548a492dec67351b2ed38,0.291,,,
141,2026-07-30,SH601988,0.0025242430841253024,EXP_LGBModel_Alpha158_csi300_custom_step0_s_20260730_17,ac8e9ee1a9c548a492dec67351b2ed38,0.291,,,
142,2026-07-30,SH601995,-0.0047642897982483196,EXP_LGBModel_Alpha158_csi300_custom_step0_s_20260730_17,ac8e9ee1a9c548a492dec67351b2ed38,0.291,,,
143,2026-07-30,SH601998,0.006163221917819527,EXP_LGBModel_Alpha158_csi300_custom_step0_s_20260730_17,ac8e9ee1a9c548a492dec67351b2ed38,0.291,,,
144,2026-07-30,SH603019,-0.008515993139809198,EXP_LGBModel_Alpha158_csi300_custom_step0_s_20260730_17,ac8e9ee1a9c548a492dec67351b2ed38,0.291,,,
145,2026-07-30,SH603259,-0.0058380841580200115,EXP_LGBModel_Alpha158_csi300_custom_step0_s_20260730_17,ac8e9ee1a9c548a492dec67351b2ed38,0.291,,,
146,2026-07-30,SH603260,0.004975373592726808,EXP_LGBModel_Alpha158_csi300_custom_step0_s_20260730_17,ac8e9ee1a9c548a492dec67351b2ed38,0.291,,,
147,2026-07-30,SH603288,0.003131033137399151,EXP_LGBModel_Alpha158_csi300_custom_step0_s_20260730_17,ac8e9ee1a9c548a492dec67351b2ed38,0.291,,,
148,2026-07-30,SH603296,-0.005594253134904132,EXP_LGBModel_Alpha158_csi300_custom_step0_s_20260730_17,ac8e9ee1a9c548a492dec67351b2ed38,0.291,,,
149,2026-07-30,SH603369,0.005629866492877939,EXP_LGBModel_Alpha158_csi300_custom_step0_s_20260730_17,ac8e9ee1a9c548a492dec67351b2ed38,0.291,,,
150,2026-07-30,SH603392,-0.00305718697273108,EXP_LGBModel_Alpha158_csi300_custom_step0_s_20260730_17,ac8e9ee1a9c548a492dec67351b2ed38,0.291,,,
151,2026-07-30,SH603501,-0.00394050459026221,EXP_LGBModel_Alpha158_csi300_custom_step0_s_20260730_17,ac8e9ee1a9c548a492dec67351b2ed38,0.291,,,
152,2026-07-30,SH688111,0.003131033137399151,EXP_LGBModel_Alpha158_csi300_custom_step0_s_20260730_17,ac8e9ee1a9c548a492dec67351b2ed38,0.291,,,
153,2026-07-30,SH603799,0.014838683243201868,EXP_LGBModel_Alpha158_csi300_custom_step0_s_20260730_17,ac8e9ee1a9c548a492dec67351b2ed38,0.291,,,
154,2026-07-30,SH603986,0.009863309226282788,EXP_LGBModel_Alpha158_csi300_custom_step0_s_20260730_17,ac8e9ee1a9c548a492dec67351b2ed38,0.291,,,
155,2026-07-30,SH603993,-0.005868927408509122,EXP_LGBModel_Alpha158_csi300_custom_step0_s_20260730_17,ac8e9ee1a9c548a492dec67351b2ed38,0.291,,,
156,2026-07-30,SH605117,0.014838683243201868,EXP_LGBModel_Alpha158_csi300_custom_step0_s_20260730_17,ac8e9ee1a9c548a492dec67351b2ed38,0.291,,,
157,2026-07-30,SH605499,0.001397980202369164,EXP_LGBModel_Alpha158_csi300_custom_step0_s_20260730_17,ac8e9ee1a9c548a492dec67351b2ed38,0.291,,,
158,2026-07-30,SH688008,0.009863309226282788,EXP_LGBModel_Alpha158_csi300_custom_step0_s_20260730_17,ac8e9ee1a9c548a492dec67351b2ed38,0.291,,,
159,2026-07-30,SH688009,-0.002472378052705969,EXP_LGBModel_Alpha158_csi300_custom_step0_s_20260730_17,ac8e9ee1a9c548a492dec67351b2ed38,0.291,,,
160,2026-07-30,SH688012,0.009397349756586829,EXP_LGBModel_Alpha158_csi300_custom_step0_s_20260730_17,ac8e9ee1a9c548a492dec67351b2ed38,0.291,,,
161,2026-07-30,SH688036,-0.008066630763417827,EXP_LGBModel_Alpha158_csi300_custom_step0_s_20260730_17,ac8e9ee1a9c548a492dec67351b2ed38,0.291,,,
162,2026-07-30,SH688041,-0.00394050459026221,EXP_LGBModel_Alpha158_csi300_custom_step0_s_20260730_17,ac8e9ee1a9c548a492dec67351b2ed38,0.291,,,
163,2026-07-30,SH688047,0.009397349756586829,EXP_LGBModel_Alpha158_csi300_custom_step0_s_20260730_17,ac8e9ee1a9c548a492dec67351b2ed38,0.291,,,
164,2026-07-30,SH688072,0.009397349756586829,EXP_LGBModel_Alpha158_csi300_custom_step0_s_20260730_17,ac8e9ee1a9c548a492dec67351b2ed38,0.291,,,
165,2026-07-30,SH603893,-0.005594253134904132,EXP_LGBModel_Alpha158_csi300_custom_step0_s_20260730_17,ac8e9ee1a9c548a492dec67351b2ed38,0.291,,,
166,2026-07-30,SZ000630,-0.006287446534411383,EXP_LGBModel_Alpha158_csi300_custom_step0_s_20260730_17,ac8e9ee1a9c548a492dec67351b2ed38,0.291,,,
167,2026-07-30,SZ000651,0.0030321883562281016,EXP_LGBModel_Alpha158_csi300_custom_step0_s_20260730_17,ac8e9ee1a9c548a492dec67351b2ed38,0.291,,,
168,2026-07-30,SZ000657,0.004421975739667748,EXP_LGBModel_Alpha158_csi300_custom_step0_s_20260730_17,ac8e9ee1a9c548a492dec67351b2ed38,0.291,,,
169,2026-07-30,SZ002241,-0.006287446534411383,EXP_LGBModel_Alpha158_csi300_custom_step0_s_20260730_17,ac8e9ee1a9c548a492dec67351b2ed38,0.291,,,
170,2026-07-30,SZ002304,0.001397980202369164,EXP_LGBModel_Alpha158_csi300_custom_step0_s_20260730_17,ac8e9ee1a9c548a492dec67351b2ed38,0.291,,,
171,2026-07-30,SZ002311,0.0002970198722423087,EXP_LGBModel_Alpha158_csi300_custom_step0_s_20260730_17,ac8e9ee1a9c548a492dec67351b2ed38,0.291,,,
172,2026-07-30,SZ002352,0.005531021711706888,EXP_LGBModel_Alpha158_csi300_custom_step0_s_20260730_17,ac8e9ee1a9c548a492dec67351b2ed38,0.291,,,
173,2026-07-30,SZ002353,0.004421975739667748,EXP_LGBModel_Alpha158_csi300_custom_step0_s_20260730_17,ac8e9ee1a9c548a492dec67351b2ed38,0.291,,,
174,2026-07-30,SZ002371,0.009397349756586829,EXP_LGBModel_Alpha158_csi300_custom_step0_s_20260730_17,ac8e9ee1a9c548a492dec67351b2ed38,0.291,,,
175,2026-07-30,SZ002384,0.004421975739667748,EXP_LGBModel_Alpha158_csi300_custom_step0_s_20260730_17,ac8e9ee1a9c548a492dec67351b2ed38,0.291,,,
176,2026-07-30,SZ002415,-0.0058380841580200115,EXP_LGBModel_Alpha158_csi300_custom_step0_s_20260730_17,ac8e9ee1a9c548a492dec67351b2ed38,0.291,,,
177,2026-07-30,SZ002422,0.014838683243201868,EXP_LGBModel_Alpha158_csi300_custom_step0_s_20260730_17,ac8e9ee1a9c548a492dec67351b2ed38,0.291,,,
178,2026-07-30,SZ002460,0.014838683243201868,EXP_LGBModel_Alpha158_csi300_custom_step0_s_20260730_17,ac8e9ee1a9c548a492dec67351b2ed38,0.291,,,
179,2026-07-30,SZ002463,0.009397349756586829,EXP_LGBModel_Alpha158_csi300_custom_step0_s_20260730_17,ac8e9ee1a9c548a492dec67351b2ed38,0.291,,,
180,2026-07-30,SZ002236,0.000959317919668583,EXP_LGBModel_Alpha158_csi300_custom_step0_s_20260730_17,ac8e9ee1a9c548a492dec67351b2ed38,0.291,,,
181,2026-07-30,SZ002466,0.009863309226282788,EXP_LGBModel_Alpha158_csi300_custom_step0_s_20260730_17,ac8e9ee1a9c548a492dec67351b2ed38,0.291,,,
182,2026-07-30,SZ002493,0.0006586555088854561,EXP_LGBModel_Alpha158_csi300_custom_step0_s_20260730_17,ac8e9ee1a9c548a492dec67351b2ed38,0.291,,,
183,2026-07-30,SZ002532,-0.008515993139809198,EXP_LGBModel_Alpha158_csi300_custom_step0_s_20260730_17,ac8e9ee1a9c548a492dec67351b2ed38,0.291,,,
184,2026-07-30,SZ002558,-0.0036398198841914417,EXP_LGBModel_Alpha158_csi300_custom_step0_s_20260730_17,ac8e9ee1a9c548a492dec67351b2ed38,0.291,,,
185,2026-07-30,SZ002594,-4.2419227359285195e-10,EXP_LGBModel_Alpha158_csi300_custom_step0_s_20260730_17,ac8e9ee1a9c548a492dec67351b2ed38,0.291,,,
186,2026-07-30,SZ002600,0.004975373592726808,EXP_LGBModel_Alpha158_csi300_custom_step0_s_20260730_17,ac8e9ee1a9c548a492dec67351b2ed38,0.291,,,
187,2026-07-30,SZ002602,-0.008515993139809198,EXP_LGBModel_Alpha158_csi300_custom_step0_s_20260730_17,ac8e9ee1a9c548a492dec67351b2ed38,0.291,,,
188,2026-07-30,SZ002625,0.0007437440589471892,EXP_LGBModel_Alpha158_csi300_custom_step0_s_20260730_17,ac8e9ee1a9c548a492dec67351b2ed38,0.291,,,
189,2026-07-30,SZ002648,-0.005458806591270392,EXP_LGBModel_Alpha158_csi300_custom_step0_s_20260730_17,ac8e9ee1a9c548a492dec67351b2ed38,0.291,,,
190,2026-07-30,SZ002709,0.014838683243201868,EXP_LGBModel_Alpha158_csi300_custom_step0_s_20260730_17,ac8e9ee1a9c548a492dec67351b2ed38,0.291,,,
191,2026-07-30,SZ002714,0.0008468452851703439,EXP_LGBModel_Alpha158_csi300_custom_step0_s_20260730_17,ac8e9ee1a9c548a492dec67351b2ed38,0.291,,,
192,2026-07-30,SZ002736,0.005134393603900906,EXP_LGBModel_Alpha158_csi300_custom_step0_s_20260730_17,ac8e9ee1a9c548a492dec67351b2ed38,0.291,,,
193,2026-07-30,SZ002475,-0.005594253134904132,EXP_LGBModel_Alpha158_csi300_custom_step0_s_20260730_17,ac8e9ee1a9c548a492dec67351b2ed38,0.291,,,
194,2026-07-30,SZ002230,-0.005458806591270392,EXP_LGBModel_Alpha158_csi300_custom_step0_s_20260730_17,ac8e9ee1a9c548a492dec67351b2ed38,0.291,,,
195,2026-07-30,SZ002202,0.014838683243201868,EXP_LGBModel_Alpha158_csi300_custom_step0_s_20260730_17,ac8e9ee1a9c548a492dec67351b2ed38,0.291,,,
196,2026-07-30,SZ002179,0.009397349756586829,EXP_LGBModel_Alpha158_csi300_custom_step0_s_20260730_17,ac8e9ee1a9c548a492dec67351b2ed38,0.291,,,
197,2026-07-30,SZ000708,0.0024988329312865135,EXP_LGBModel_Alpha158_csi300_custom_step0_s_20260730_17,ac8e9ee1a9c548a492dec67351b2ed38,0.291,,,
198,2026-07-30,SZ000725,0.009397349756586829,EXP_LGBModel_Alpha158_csi300_custom_step0_s_20260730_17,ac8e9ee1a9c548a492dec67351b2ed38,0.291,,,
199,2026-07-30,SZ000768,-0.0017933221032258625,EXP_LGBModel_Alpha158_csi300_custom_step0_s_20260730_17,ac8e9ee1a9c548a492dec67351b2ed38,0.291,,,
200,2026-07-30,SZ000776,-0.005868927408509122,EXP_LGBModel_Alpha158_csi300_custom_step0_s_20260730_17,ac8e9ee1a9c548a492dec67351b2ed38,0.291,,,
201,2026-07-30,SZ000792,-0.0025370665863653254,EXP_LGBModel_Alpha158_csi300_custom_step0_s_20260730_17,ac8e9ee1a9c548a492dec67351b2ed38,0.291,,,
202,2026-07-30,SZ000807,-0.006332191163082286,EXP_LGBModel_Alpha158_csi300_custom_step0_s_20260730_17,ac8e9ee1a9c548a492dec67351b2ed38,0.291,,,
203,2026-07-30,SZ000858,0.0030321883562281016,EXP_LGBModel_Alpha158_csi300_custom_step0_s_20260730_17,ac8e9ee1a9c548a492dec67351b2ed38,0.291,,,
204,2026-07-30,SZ000895,-4.2419227359285195e-10,EXP_LGBModel_Alpha158_csi300_custom_step0_s_20260730_17,ac8e9ee1a9c548a492dec67351b2ed38,0.291,,,
205,2026-07-30,SZ000938,0.009863309226282788,EXP_LGBModel_Alpha158_csi300_custom_step0_s_20260730_17,ac8e9ee1a9c548a492dec67351b2ed38,0.291,,,
206,2026-07-30,SZ000963,-0.004715062108130929,EXP_LGBModel_Alpha158_csi300_custom_step0_s_20260730_17,ac8e9ee1a9c548a492dec67351b2ed38,0.291,,,
207,2026-07-30,SZ000975,-0.0015237598025359023,EXP_LGBModel_Alpha158_csi300_custom_step0_s_20260730_17,ac8e9ee1a9c548a492dec67351b2ed38,0.291,,,
208,2026-07-30,SZ000977,0.009863309226282788,EXP_LGBModel_Alpha158_csi300_custom_step0_s_20260730_17,ac8e9ee1a9c548a492dec67351b2ed38,0.291,,,
209,2026-07-30,SZ000988,0.009397349756586829,EXP_LGBModel_Alpha158_csi300_custom_step0_s_20260730_17,ac8e9ee1a9c548a492dec67351b2ed38,0.291,,,
210,2026-07-30,SZ000999,0.0025242430841253024,EXP_LGBModel_Alpha158_csi300_custom_step0_s_20260730_17,ac8e9ee1a9c548a492dec67351b2ed38,0.291,,,
211,2026-07-30,SZ001280,-0.0033657065295063164,EXP_LGBModel_Alpha158_csi300_custom_step0_s_20260730_17,ac8e9ee1a9c548a492dec67351b2ed38,0.291,,,
212,2026-07-30,SZ001391,-4.2419227359285195e-10,EXP_LGBModel_Alpha158_csi300_custom_step0_s_20260730_17,ac8e9ee1a9c548a492dec67351b2ed38,0.291,,,
213,2026-07-30,SZ001965,0.0030321883562281016,EXP_LGBModel_Alpha158_csi300_custom_step0_s_20260730_17,ac8e9ee1a9c548a492dec67351b2ed38,0.291,,,
214,2026-07-30,SZ001979,-0.0034104511581772197,EXP_LGBModel_Alpha158_csi300_custom_step0_s_20260730_17,ac8e9ee1a9c548a492dec67351b2ed38,0.291,,,
215,2026-07-30,SZ002001,-0.002429503679724413,EXP_LGBModel_Alpha158_csi300_custom_step0_s_20260730_17,ac8e9ee1a9c548a492dec67351b2ed38,0.291,,,
216,2026-07-30,SZ002027,0.001354790557273143,EXP_LGBModel_Alpha158_csi300_custom_step0_s_20260730_17,ac8e9ee1a9c548a492dec67351b2ed38,0.291,,,
217,2026-07-30,SZ002028,-0.001733053359222261,EXP_LGBModel_Alpha158_csi300_custom_step0_s_20260730_17,ac8e9ee1a9c548a492dec67351b2ed38,0.291,,,
218,2026-07-30,SZ002049,0.009863309226282788,EXP_LGBModel_Alpha158_csi300_custom_step0_s_20260730_17,ac8e9ee1a9c548a492dec67351b2ed38,0.291,,,
219,2026-07-30,SZ002050,-4.2419227359285195e-10,EXP_LGBModel_Alpha158_csi300_custom_step0_s_20260730_17,ac8e9ee1a9c548a492dec67351b2ed38,0.291,,,
220,2026-07-30,SZ002074,-0.004599138228052298,EXP_LGBModel_Alpha158_csi300_custom_step0_s_20260730_17,ac8e9ee1a9c548a492dec67351b2ed38,0.291,,,
221,2026-07-30,SZ002142,0.0025242430841253024,EXP_LGBModel_Alpha158_csi300_custom_step0_s_20260730_17,ac8e9ee1a9c548a492dec67351b2ed38,0.291,,,
222,2026-07-30,SH600900,0.1392467368721903,EXP_DEnsembleModel_Alpha158_csi300_custom_step0_s_20260730_14,989b28e9719b4c879c6b1e6a25594660,0.322,,,
223,2026-07-30,SH601985,0.004921407942726183,EXP_LGBModel_Alpha158_csi300_custom_step0_s_20260730_17,ac8e9ee1a9c548a492dec67351b2ed38,0.291,,,
224,2026-07-30,SH600905,0.08909833107952579,EXP_DEnsembleModel_Alpha158_csi300_custom_step0_s_20260730_14,989b28e9719b4c879c6b1e6a25594660,0.322,,,
225,2026-07-30,SH600919,0.12063043498717126,EXP_DEnsembleModel_Alpha158_csi300_custom_step0_s_20260730_14,989b28e9719b4c879c6b1e6a25594660,0.322,,,
226,2026-07-30,SZ000975,-0.11510015444479053,EXP_DEnsembleModel_Alpha158_csi300_custom_step0_s_20260730_14,989b28e9719b4c879c6b1e6a25594660,0.322,,,
227,2026-07-30,SZ000977,0.10675786279181453,EXP_DEnsembleModel_Alpha158_csi300_custom_step0_s_20260730_14,989b28e9719b4c879c6b1e6a25594660,0.322,,,
228,2026-07-30,SZ000988,0.3535770965734904,EXP_DEnsembleModel_Alpha158_csi300_custom_step0_s_20260730_14,989b28e9719b4c879c6b1e6a25594660,0.322,,,
229,2026-07-30,SZ000999,0.0772605804105337,EXP_DEnsembleModel_Alpha158_csi300_custom_step0_s_20260730_14,989b28e9719b4c879c6b1e6a25594660,0.322,,,
230,2026-07-30,SZ001280,-0.02956737615556002,EXP_DEnsembleModel_Alpha158_csi300_custom_step0_s_20260730_14,989b28e9719b4c879c6b1e6a25594660,0.322,,,
231,2026-07-30,SZ001391,0.0545994420352498,EXP_DEnsembleModel_Alpha158_csi300_custom_step0_s_20260730_14,989b28e9719b4c879c6b1e6a25594660,0.322,,,
232,2026-07-30,SZ001965,0.19011602933974017,EXP_DEnsembleModel_Alpha158_csi300_custom_step0_s_20260730_14,989b28e9719b4c879c6b1e6a25594660,0.322,,,
233,2026-07-30,SZ001979,-0.11785554007074377,EXP_DEnsembleModel_Alpha158_csi300_custom_step0_s_20260730_14,989b28e9719b4c879c6b1e6a25594660,0.322,,,
234,2026-07-30,SZ002001,-0.04868529199921226,EXP_DEnsembleModel_Alpha158_csi300_custom_step0_s_20260730_14,989b28e9719b4c879c6b1e6a25594660,0.322,,,
235,2026-07-30,SZ002027,-0.07916545843355388,EXP_DEnsembleModel_Alpha158_csi300_custom_step0_s_20260730_14,989b28e9719b4c879c6b1e6a25594660,0.322,,,
236,2026-07-30,SZ002028,0.010860446499355001,EXP_DEnsembleModel_Alpha158_csi300_custom_step0_s_20260730_14,989b28e9719b4c879c6b1e6a25594660,0.322,,,
237,2026-07-30,SZ000963,-0.13428462230386212,EXP_DEnsembleModel_Alpha158_csi300_custom_step0_s_20260730_14,989b28e9719b4c879c6b1e6a25594660,0.322,,,
238,2026-07-30,SZ002049,0.10977846951375575,EXP_DEnsembleModel_Alpha158_csi300_custom_step0_s_20260730_14,989b28e9719b4c879c6b1e6a25594660,0.322,,,
239,2026-07-30,SZ002074,-0.04617342485881201,EXP_DEnsembleModel_Alpha158_csi300_custom_step0_s_20260730_14,989b28e9719b4c879c6b1e6a25594660,0.322,,,
240,2026-07-30,SZ002142,0.04627667186010492,EXP_DEnsembleModel_Alpha158_csi300_custom_step0_s_20260730_14,989b28e9719b4c879c6b1e6a25594660,0.322,,,
241,2026-07-30,SZ002179,0.011884996989736102,EXP_DEnsembleModel_Alpha158_csi300_custom_step0_s_20260730_14,989b28e9719b4c879c6b1e6a25594660,0.322,,,
242,2026-07-30,SZ002202,0.11711621767818232,EXP_DEnsembleModel_Alpha158_csi300_custom_step0_s_20260730_14,989b28e9719b4c879c6b1e6a25594660,0.322,,,
243,2026-07-30,SZ002230,-0.00573441036967938,EXP_DEnsembleModel_Alpha158_csi300_custom_step0_s_20260730_14,989b28e9719b4c879c6b1e6a25594660,0.322,,,
244,2026-07-30,SZ002236,0.021688763453064346,EXP_DEnsembleModel_Alpha158_csi300_custom_step0_s_20260730_14,989b28e9719b4c879c6b1e6a25594660,0.322,,,
245,2026-07-30,SZ002241,-0.06711468839327743,EXP_DEnsembleModel_Alpha158_csi300_custom_step0_s_20260730_14,989b28e9719b4c879c6b1e6a25594660,0.322,,,
246,2026-07-30,SZ002304,0.03171577933403693,EXP_DEnsembleModel_Alpha158_csi300_custom_step0_s_20260730_14,989b28e9719b4c879c6b1e6a25594660,0.322,,,
247,2026-07-30,SZ002311,0.003962744490415007,EXP_DEnsembleModel_Alpha158_csi300_custom_step0_s_20260730_14,989b28e9719b4c879c6b1e6a25594660,0.322,,,
248,2026-07-30,SZ002352,0.014121949846766109,EXP_DEnsembleModel_Alpha158_csi300_custom_step0_s_20260730_14,989b28e9719b4c879c6b1e6a25594660,0.322,,,
249,2026-07-30,SZ002353,0.12170219548649182,EXP_DEnsembleModel_Alpha158_csi300_custom_step0_s_20260730_14,989b28e9719b4c879c6b1e6a25594660,0.322,,,
250,2026-07-30,SZ002050,0.09379955312482982,EXP_DEnsembleModel_Alpha158_csi300_custom_step0_s_20260730_14,989b28e9719b4c879c6b1e6a25594660,0.322,,,
251,2026-07-30,SZ002371,0.1660525932087189,EXP_DEnsembleModel_Alpha158_csi300_custom_step0_s_20260730_14,989b28e9719b4c879c6b1e6a25594660,0.322,,,
252,2026-07-30,SZ000938,0.10340592556976096,EXP_DEnsembleModel_Alpha158_csi300_custom_step0_s_20260730_14,989b28e9719b4c879c6b1e6a25594660,0.322,,,
253,2026-07-30,SZ000858,0.047317884244346985,EXP_DEnsembleModel_Alpha158_csi300_custom_step0_s_20260730_14,989b28e9719b4c879c6b1e6a25594660,0.322,,,
254,2026-07-30,SZ000002,-0.07017408997559749,EXP_DEnsembleModel_Alpha158_csi300_custom_step0_s_20260730_14,989b28e9719b4c879c6b1e6a25594660,0.322,,,
255,2026-07-30,SZ000063,-0.03882676377350977,EXP_DEnsembleModel_Alpha158_csi300_custom_step0_s_20260730_14,989b28e9719b4c879c6b1e6a25594660,0.322,,,
256,2026-07-30,SZ000100,-0.13172889442502708,EXP_DEnsembleModel_Alpha158_csi300_custom_step0_s_20260730_14,989b28e9719b4c879c6b1e6a25594660,0.322,,,
257,2026-07-30,SZ000157,0.03435773431404439,EXP_DEnsembleModel_Alpha158_csi300_custom_step0_s_20260730_14,989b28e9719b4c879c6b1e6a25594660,0.322,,,
258,2026-07-30,SZ000166,0.0845610399588866,EXP_DEnsembleModel_Alpha158_csi300_custom_step0_s_20260730_14,989b28e9719b4c879c6b1e6a25594660,0.322,,,
259,2026-07-30,SZ000301,-0.09407118917297631,EXP_DEnsembleModel_Alpha158_csi300_custom_step0_s_20260730_14,989b28e9719b4c879c6b1e6a25594660,0.322,,,
260,2026-07-30,SZ000333,0.06330461333336253,EXP_DEnsembleModel_Alpha158_csi300_custom_step0_s_20260730_14,989b28e9719b4c879c6b1e6a25594660,0.322,,,
261,2026-07-30,SZ000338,0.003970959349491617,EXP_DEnsembleModel_Alpha158_csi300_custom_step0_s_20260730_14,989b28e9719b4c879c6b1e6a25594660,0.322,,,
262,2026-07-30,SZ000408,-0.070264294706076,EXP_DEnsembleModel_Alpha158_csi300_custom_step0_s_20260730_14,989b28e9719b4c879c6b1e6a25594660,0.322,,,
263,2026-07-30,SZ000425,-0.10335925470799523,EXP_DEnsembleModel_Alpha158_csi300_custom_step0_s_20260730_14,989b28e9719b4c879c6b1e6a25594660,0.322,,,
264,2026-07-30,SZ000538,0.05989639236352522,EXP_DEnsembleModel_Alpha158_csi300_custom_step0_s_20260730_14,989b28e9719b4c879c6b1e6a25594660,0.322,,,
265,2026-07-30,SZ000895,-0.04499839701560119,EXP_DEnsembleModel_Alpha158_csi300_custom_step0_s_20260730_14,989b28e9719b4c879c6b1e6a25594660,0.322,,,
266,2026-07-30,SZ000568,-0.12883980607382137,EXP_DEnsembleModel_Alpha158_csi300_custom_step0_s_20260730_14,989b28e9719b4c879c6b1e6a25594660,0.322,,,
267,2026-07-30,SZ000617,-0.0964753068361552,EXP_DEnsembleModel_Alpha158_csi300_custom_step0_s_20260730_14,989b28e9719b4c879c6b1e6a25594660,0.322,,,
268,2026-07-30,SZ000625,0.0942643505958745,EXP_DEnsembleModel_Alpha158_csi300_custom_step0_s_20260730_14,989b28e9719b4c879c6b1e6a25594660,0.322,,,
269,2026-07-30,SZ000630,-0.0814737270086771,EXP_DEnsembleModel_Alpha158_csi300_custom_step0_s_20260730_14,989b28e9719b4c879c6b1e6a25594660,0.322,,,
270,2026-07-30,SZ000651,0.08854581438056038,EXP_DEnsembleModel_Alpha158_csi300_custom_step0_s_20260730_14,989b28e9719b4c879c6b1e6a25594660,0.322,,,
271,2026-07-30,SZ000657,0.2030732708446634,EXP_DEnsembleModel_Alpha158_csi300_custom_step0_s_20260730_14,989b28e9719b4c879c6b1e6a25594660,0.322,,,
272,2026-07-30,SZ000708,-0.03362665846377908,EXP_DEnsembleModel_Alpha158_csi300_custom_step0_s_20260730_14,989b28e9719b4c879c6b1e6a25594660,0.322,,,
273,2026-07-30,SZ000725,0.19840709519644184,EXP_DEnsembleModel_Alpha158_csi300_custom_step0_s_20260730_14,989b28e9719b4c879c6b1e6a25594660,0.322,,,
274,2026-07-30,SZ000768,0.04771311352744554,EXP_DEnsembleModel_Alpha158_csi300_custom_step0_s_20260730_14,989b28e9719b4c879c6b1e6a25594660,0.322,,,
275,2026-07-30,SZ000776,-0.11085709461126593,EXP_DEnsembleModel_Alpha158_csi300_custom_step0_s_20260730_14,989b28e9719b4c879c6b1e6a25594660,0.322,,,
276,2026-07-30,SZ000792,0.0018507279156348892,EXP_DEnsembleModel_Alpha158_csi300_custom_step0_s_20260730_14,989b28e9719b4c879c6b1e6a25594660,0.322,,,
277,2026-07-30,SZ000807,-0.04686247067136414,EXP_DEnsembleModel_Alpha158_csi300_custom_step0_s_20260730_14,989b28e9719b4c879c6b1e6a25594660,0.322,,,
278,2026-07-30,SZ000596,-0.020408361495048936,EXP_DEnsembleModel_Alpha158_csi300_custom_step0_s_20260730_14,989b28e9719b4c879c6b1e6a25594660,0.322,,,
279,2026-07-30,SZ000001,0.19650349637895875,EXP_DEnsembleModel_Alpha158_csi300_custom_step0_s_20260730_14,989b28e9719b4c879c6b1e6a25594660,0.322,,,
280,2026-07-30,SZ002384,0.20124465673977388,EXP_DEnsembleModel_Alpha158_csi300_custom_step0_s_20260730_14,989b28e9719b4c879c6b1e6a25594660,0.322,,,
281,2026-07-30,SZ002422,0.09937274002542656,EXP_DEnsembleModel_Alpha158_csi300_custom_step0_s_20260730_14,989b28e9719b4c879c6b1e6a25594660,0.322,,,
282,2026-07-30,SZ300308,0.29415691116736203,EXP_DEnsembleModel_Alpha158_csi300_custom_step0_s_20260730_14,989b28e9719b4c879c6b1e6a25594660,0.322,,,
283,2026-07-30,SZ300316,0.12969184182573373,EXP_DEnsembleModel_Alpha158_csi300_custom_step0_s_20260730_14,989b28e9719b4c879c6b1e6a25594660,0.322,,,
284,2026-07-30,SZ300394,0.4396782885972013,EXP_DEnsembleModel_Alpha158_csi300_custom_step0_s_20260730_14,989b28e9719b4c879c6b1e6a25594660,0.322,,,
285,2026-07-30,SZ300408,0.27114453329478344,EXP_DEnsembleModel_Alpha158_csi300_custom_step0_s_20260730_14,989b28e9719b4c879c6b1e6a25594660,0.322,,,
286,2026-07-30,SZ300413,-0.08596164292605683,EXP_DEnsembleModel_Alpha158_csi300_custom_step0_s_20260730_14,989b28e9719b4c879c6b1e6a25594660,0.322,,,
287,2026-07-30,SZ300418,-0.029617598758494033,EXP_DEnsembleModel_Alpha158_csi300_custom_step0_s_20260730_14,989b28e9719b4c879c6b1e6a25594660,0.322,,,
288,2026-07-30,SZ300433,0.24843457554629514,EXP_DEnsembleModel_Alpha158_csi300_custom_step0_s_20260730_14,989b28e9719b4c879c6b1e6a25594660,0.322,,,
289,2026-07-30,SZ300442,0.2005494949587519,EXP_DEnsembleModel_Alpha158_csi300_custom_step0_s_20260730_14,989b28e9719b4c879c6b1e6a25594660,0.322,,,
290,2026-07-30,SZ300450,0.08502883925192577,EXP_DEnsembleModel_Alpha158_csi300_custom_step0_s_20260730_14,989b28e9719b4c879c6b1e6a25594660,0.322,,,
291,2026-07-30,SZ300476,0.3162879149453896,EXP_DEnsembleModel_Alpha158_csi300_custom_step0_s_20260730_14,989b28e9719b4c879c6b1e6a25594660,0.322,,,
292,2026-07-30,SZ300498,-0.10032227265586871,EXP_DEnsembleModel_Alpha158_csi300_custom_step0_s_20260730_14,989b28e9719b4c879c6b1e6a25594660,0.322,,,
293,2026-07-30,SZ300274,0.2992184153969739,EXP_DEnsembleModel_Alpha158_csi300_custom_step0_s_20260730_14,989b28e9719b4c879c6b1e6a25594660,0.322,,,
294,2026-07-30,SZ300502,0.41625095876193746,EXP_DEnsembleModel_Alpha158_csi300_custom_step0_s_20260730_14,989b28e9719b4c879c6b1e6a25594660,0.322,,,
295,2026-07-30,SZ300661,0.17447176707625045,EXP_DEnsembleModel_Alpha158_csi300_custom_step0_s_20260730_14,989b28e9719b4c879c6b1e6a25594660,0.322,,,
296,2026-07-30,SZ300750,-0.039544253167700966,EXP_DEnsembleModel_Alpha158_csi300_custom_step0_s_20260730_14,989b28e9719b4c879c6b1e6a25594660,0.322,,,
297,2026-07-30,SZ300760,-0.028877562594343334,EXP_DEnsembleModel_Alpha158_csi300_custom_step0_s_20260730_14,989b28e9719b4c879c6b1e6a25594660,0.322,,,
298,2026-07-30,SZ300803,-0.09078623557582095,EXP_DEnsembleModel_Alpha158_csi300_custom_step0_s_20260730_14,989b28e9719b4c879c6b1e6a25594660,0.322,,,
299,2026-07-30,SZ300832,-0.013275907423113758,EXP_DEnsembleModel_Alpha158_csi300_custom_step0_s_20260730_14,989b28e9719b4c879c6b1e6a25594660,0.322,,,
300,2026-07-30,SZ300866,-0.055360715978223986,EXP_DEnsembleModel_Alpha158_csi300_custom_step0_s_20260730_14,989b28e9719b4c879c6b1e6a25594660,0.322,,,
301,2026-07-30,SZ300896,-0.001576826452264568,EXP_DEnsembleModel_Alpha158_csi300_custom_step0_s_20260730_14,989b28e9719b4c879c6b1e6a25594660,0.322,,,
302,2026-07-30,SZ300999,0.026954565270904216,EXP_DEnsembleModel_Alpha158_csi300_custom_step0_s_20260730_14,989b28e9719b4c879c6b1e6a25594660,0.322,,,
303,2026-07-30,SZ301165,0.18307639434164072,EXP_DEnsembleModel_Alpha158_csi300_custom_step0_s_20260730_14,989b28e9719b4c879c6b1e6a25594660,0.322,,,
304,2026-07-30,SZ301236,-0.08147902409179948,EXP_DEnsembleModel_Alpha158_csi300_custom_step0_s_20260730_14,989b28e9719b4c879c6b1e6a25594660,0.322,,,
305,2026-07-30,SZ301269,0.1748912936465834,EXP_DEnsembleModel_Alpha158_csi300_custom_step0_s_20260730_14,989b28e9719b4c879c6b1e6a25594660,0.322,,,
306,2026-07-30,SZ300628,-0.03416703735864696,EXP_DEnsembleModel_Alpha158_csi300_custom_step0_s_20260730_14,989b28e9719b4c879c6b1e6a25594660,0.322,,,
307,2026-07-30,SZ002415,-0.04642449796448516,EXP_DEnsembleModel_Alpha158_csi300_custom_step0_s_20260730_14,989b28e9719b4c879c6b1e6a25594660,0.322,,,
308,2026-07-30,SZ300251,-0.16232231766964944,EXP_DEnsembleModel_Alpha158_csi300_custom_step0_s_20260730_14,989b28e9719b4c879c6b1e6a25594660,0.322,,,
309,2026-07-30,SZ300122,-0.11062997367671835,EXP_DEnsembleModel_Alpha158_csi300_custom_step0_s_20260730_14,989b28e9719b4c879c6b1e6a25594660,0.322,,,
310,2026-07-30,SZ002460,0.13822570428691974,EXP_DEnsembleModel_Alpha158_csi300_custom_step0_s_20260730_14,989b28e9719b4c879c6b1e6a25594660,0.322,,,
311,2026-07-30,SZ002463,0.2634732923686279,EXP_DEnsembleModel_Alpha158_csi300_custom_step0_s_20260730_14,989b28e9719b4c879c6b1e6a25594660,0.322,,,
312,2026-07-30,SZ002466,0.19248412897628983,EXP_DEnsembleModel_Alpha158_csi300_custom_step0_s_20260730_14,989b28e9719b4c879c6b1e6a25594660,0.322,,,
313,2026-07-30,SZ002475,0.09569524302824939,EXP_DEnsembleModel_Alpha158_csi300_custom_step0_s_20260730_14,989b28e9719b4c879c6b1e6a25594660,0.322,,,
314,2026-07-30,SZ002493,-0.08492931831975284,EXP_DEnsembleModel_Alpha158_csi300_custom_step0_s_20260730_14,989b28e9719b4c879c6b1e6a25594660,0.322,,,
315,2026-07-30,SZ002532,-0.06444149958757366,EXP_DEnsembleModel_Alpha158_csi300_custom_step0_s_20260730_14,989b28e9719b4c879c6b1e6a25594660,0.322,,,
316,2026-07-30,SZ002558,-0.123482280384381,EXP_DEnsembleModel_Alpha158_csi300_custom_step0_s_20260730_14,989b28e9719b4c879c6b1e6a25594660,0.322,,,
317,2026-07-30,SZ002594,-0.04131865525911956,EXP_DEnsembleModel_Alpha158_csi300_custom_step0_s_20260730_14,989b28e9719b4c879c6b1e6a25594660,0.322,,,
318,2026-07-30,SZ002600,0.1490056668838793,EXP_DEnsembleModel_Alpha158_csi300_custom_step0_s_20260730_14,989b28e9719b4c879c6b1e6a25594660,0.322,,,
319,2026-07-30,SZ002602,-0.15665652591498905,EXP_DEnsembleModel_Alpha158_csi300_custom_step0_s_20260730_14,989b28e9719b4c879c6b1e6a25594660,0.322,,,
320,2026-07-30,SZ002625,0.04104312752901747,EXP_DEnsembleModel_Alpha158_csi300_custom_step0_s_20260730_14,989b28e9719b4c879c6b1e6a25594660,0.322,,,
321,2026-07-30,SZ300124,-0.017108831883602686,EXP_DEnsembleModel_Alpha158_csi300_custom_step0_s_20260730_14,989b28e9719b4c879c6b1e6a25594660,0.322,,,
322,2026-07-30,SZ002648,-0.08857323482854658,EXP_DEnsembleModel_Alpha158_csi300_custom_step0_s_20260730_14,989b28e9719b4c879c6b1e6a25594660,0.322,,,
323,2026-07-30,SZ002714,-0.16817078038066371,EXP_DEnsembleModel_Alpha158_csi300_custom_step0_s_20260730_14,989b28e9719b4c879c6b1e6a25594660,0.322,,,
324,2026-07-30,SZ002736,0.018163132805464423,EXP_DEnsembleModel_Alpha158_csi300_custom_step0_s_20260730_14,989b28e9719b4c879c6b1e6a25594660,0.322,,,
325,2026-07-30,SZ002837,0.3308557541616322,EXP_DEnsembleModel_Alpha158_csi300_custom_step0_s_20260730_14,989b28e9719b4c879c6b1e6a25594660,0.322,,,
326,2026-07-30,SZ002916,0.1976873027387701,EXP_DEnsembleModel_Alpha158_csi300_custom_step0_s_20260730_14,989b28e9719b4c879c6b1e6a25594660,0.322,,,
327,2026-07-30,SZ002920,0.08049972282989666,EXP_DEnsembleModel_Alpha158_csi300_custom_step0_s_20260730_14,989b28e9719b4c879c6b1e6a25594660,0.322,,,
328,2026-07-30,SZ002938,0.2077529569570852,EXP_DEnsembleModel_Alpha158_csi300_custom_step0_s_20260730_14,989b28e9719b4c879c6b1e6a25594660,0.322,,,
329,2026-07-30,SZ003816,0.042291530334595026,EXP_DEnsembleModel_Alpha158_csi300_custom_step0_s_20260730_14,989b28e9719b4c879c6b1e6a25594660,0.322,,,
330,2026-07-30,SZ300014,-0.037808886227474726,EXP_DEnsembleModel_Alpha158_csi300_custom_step0_s_20260730_14,989b28e9719b4c879c6b1e6a25594660,0.322,,,
331,2026-07-30,SZ300015,-0.04594097343620297,EXP_DEnsembleModel_Alpha158_csi300_custom_step0_s_20260730_14,989b28e9719b4c879c6b1e6a25594660,0.322,,,
332,2026-07-30,SZ300033,-0.11930338563067495,EXP_DEnsembleModel_Alpha158_csi300_custom_step0_s_20260730_14,989b28e9719b4c879c6b1e6a25594660,0.322,,,
333,2026-07-30,SZ300059,-0.1478199373465762,EXP_DEnsembleModel_Alpha158_csi300_custom_step0_s_20260730_14,989b28e9719b4c879c6b1e6a25594660,0.322,,,
334,2026-07-30,SZ002709,0.19964032545918017,EXP_DEnsembleModel_Alpha158_csi300_custom_step0_s_20260730_14,989b28e9719b4c879c6b1e6a25594660,0.322,,,
335,2026-07-30,SH688981,0.017896707737980924,EXP_DEnsembleModel_Alpha158_csi300_custom_step0_s_20260730_14,989b28e9719b4c879c6b1e6a25594660,0.322,,,
336,2026-07-30,SH688521,0.36649974548490527,EXP_DEnsembleModel_Alpha158_csi300_custom_step0_s_20260730_14,989b28e9719b4c879c6b1e6a25594660,0.322,,,
337,2026-07-30,SH688506,-0.018889598971524646,EXP_DEnsembleModel_Alpha158_csi300_custom_step0_s_20260730_14,989b28e9719b4c879c6b1e6a25594660,0.322,,,
338,2026-07-30,SH601229,0.18653401290165467,EXP_DEnsembleModel_Alpha158_csi300_custom_step0_s_20260730_14,989b28e9719b4c879c6b1e6a25594660,0.322,,,
339,2026-07-30,SH601238,-0.08436983376434438,EXP_DEnsembleModel_Alpha158_csi300_custom_step0_s_20260730_14,989b28e9719b4c879c6b1e6a25594660,0.322,,,
340,2026-07-30,SH601288,0.10711151406958093,EXP_DEnsembleModel_Alpha158_csi300_custom_step0_s_20260730_14,989b28e9719b4c879c6b1e6a25594660,0.322,,,
341,2026-07-30,SH601318,-0.02285668505858583,EXP_DEnsembleModel_Alpha158_csi300_custom_step0_s_20260730_14,989b28e9719b4c879c6b1e6a25594660,0.322,,,
342,2026-07-30,SH601319,0.04545337390661027,EXP_DEnsembleModel_Alpha158_csi300_custom_step0_s_20260730_14,989b28e9719b4c879c6b1e6a25594660,0.322,,,
343,2026-07-30,SH601328,0.12447631745029708,EXP_DEnsembleModel_Alpha158_csi300_custom_step0_s_20260730_14,989b28e9719b4c879c6b1e6a25594660,0.322,,,
344,2026-07-30,SH601336,-0.06562872719787287,EXP_DEnsembleModel_Alpha158_csi300_custom_step0_s_20260730_14,989b28e9719b4c879c6b1e6a25594660,0.322,,,
345,2026-07-30,SH601360,-0.08312965303042054,EXP_DEnsembleModel_Alpha158_csi300_custom_step0_s_20260730_14,989b28e9719b4c879c6b1e6a25594660,0.322,,,
346,2026-07-30,SH601377,0.03343598700672588,EXP_DEnsembleModel_Alpha158_csi300_custom_step0_s_20260730_14,989b28e9719b4c879c6b1e6a25594660,0.322,,,
347,2026-07-30,SH601390,0.05227684797399291,EXP_DEnsembleModel_Alpha158_csi300_custom_step0_s_20260730_14,989b28e9719b4c879c6b1e6a25594660,0.322,,,
348,2026-07-30,SH601398,0.11137390960811594,EXP_DEnsembleModel_Alpha158_csi300_custom_step0_s_20260730_14,989b28e9719b4c879c6b1e6a25594660,0.322,,,
349,2026-07-30,SH601225,-0.0019736664395157972,EXP_DEnsembleModel_Alpha158_csi300_custom_step0_s_20260730_14,989b28e9719b4c879c6b1e6a25594660,0.322,,,
350,2026-07-30,SH601456,0.02755371329008296,EXP_DEnsembleModel_Alpha158_csi300_custom_step0_s_20260730_14,989b28e9719b4c879c6b1e6a25594660,0.322,,,
351,2026-07-30,SH601601,-0.03485571235308661,EXP_DEnsembleModel_Alpha158_csi300_custom_step0_s_20260730_14,989b28e9719b4c879c6b1e6a25594660,0.322,,,
352,2026-07-30,SH601607,0.03416026592711007,EXP_DEnsembleModel_Alpha158_csi300_custom_step0_s_20260730_14,989b28e9719b4c879c6b1e6a25594660,0.322,,,
353,2026-07-30,SH601618,0.005121517205250681,EXP_DEnsembleModel_Alpha158_csi300_custom_step0_s_20260730_14,989b28e9719b4c879c6b1e6a25594660,0.322,,,
354,2026-07-30,SH601628,-0.03408944349095746,EXP_DEnsembleModel_Alpha158_csi300_custom_step0_s_20260730_14,989b28e9719b4c879c6b1e6a25594660,0.322,,,
355,2026-07-30,SH601633,-0.0008405620689454287,EXP_DEnsembleModel_Alpha158_csi300_custom_step0_s_20260730_14,989b28e9719b4c879c6b1e6a25594660,0.322,,,
356,2026-07-30,SH601658,0.11287362276082923,EXP_DEnsembleModel_Alpha158_csi300_custom_step0_s_20260730_14,989b28e9719b4c879c6b1e6a25594660,0.322,,,
357,2026-07-30,SH601668,0.04548366257999189,EXP_DEnsembleModel_Alpha158_csi300_custom_step0_s_20260730_14,989b28e9719b4c879c6b1e6a25594660,0.322,,,
358,2026-07-30,SH601669,0.09826833647270942,EXP_DEnsembleModel_Alpha158_csi300_custom_step0_s_20260730_14,989b28e9719b4c879c6b1e6a25594660,0.322,,,
359,2026-07-30,SH601688,-0.014327141619170411,EXP_DEnsembleModel_Alpha158_csi300_custom_step0_s_20260730_14,989b28e9719b4c879c6b1e6a25594660,0.322,,,
360,2026-07-30,SH601689,-0.011851994470468849,EXP_DEnsembleModel_Alpha158_csi300_custom_step0_s_20260730_14,989b28e9719b4c879c6b1e6a25594660,0.322,,,
361,2026-07-30,SH601698,0.08666499124521376,EXP_DEnsembleModel_Alpha158_csi300_custom_step0_s_20260730_14,989b28e9719b4c879c6b1e6a25594660,0.322,,,
362,2026-07-30,SH601600,0.06751060009016997,EXP_DEnsembleModel_Alpha158_csi300_custom_step0_s_20260730_14,989b28e9719b4c879c6b1e6a25594660,0.322,,,
363,2026-07-30,SH601727,-0.04998638270655209,EXP_DEnsembleModel_Alpha158_csi300_custom_step0_s_20260730_14,989b28e9719b4c879c6b1e6a25594660,0.322,,,
364,2026-07-30,SH601211,-0.10945102848178744,EXP_DEnsembleModel_Alpha158_csi300_custom_step0_s_20260730_14,989b28e9719b4c879c6b1e6a25594660,0.322,,,
365,2026-07-30,SH601169,0.14917211655740978,EXP_DEnsembleModel_Alpha158_csi300_custom_step0_s_20260730_14,989b28e9719b4c879c6b1e6a25594660,0.322,,,
366,2026-07-30,SH600926,0.0440398244344472,EXP_DEnsembleModel_Alpha158_csi300_custom_step0_s_20260730_14,989b28e9719b4c879c6b1e6a25594660,0.322,,,
367,2026-07-30,SH600930,0.01710784378998142,EXP_DEnsembleModel_Alpha158_csi300_custom_step0_s_20260730_14,989b28e9719b4c879c6b1e6a25594660,0.322,,,
368,2026-07-30,SH600938,-0.07193128941271816,EXP_DEnsembleModel_Alpha158_csi300_custom_step0_s_20260730_14,989b28e9719b4c879c6b1e6a25594660,0.322,,,
369,2026-07-30,SH600941,0.16129807960673212,EXP_DEnsembleModel_Alpha158_csi300_custom_step0_s_20260730_14,989b28e9719b4c879c6b1e6a25594660,0.322,,,
370,2026-07-30,SH600958,0.00796334982394762,EXP_DEnsembleModel_Alpha158_csi300_custom_step0_s_20260730_14,989b28e9719b4c879c6b1e6a25594660,0.322,,,
371,2026-07-30,SH600989,-0.0495096230746398,EXP_DEnsembleModel_Alpha158_csi300_custom_step0_s_20260730_14,989b28e9719b4c879c6b1e6a25594660,0.322,,,
372,2026-07-30,SH600999,0.035648405065098775,EXP_DEnsembleModel_Alpha158_csi300_custom_step0_s_20260730_14,989b28e9719b4c879c6b1e6a25594660,0.322,,,
373,2026-07-30,SH601006,0.10521002046910212,EXP_DEnsembleModel_Alpha158_csi300_custom_step0_s_20260730_14,989b28e9719b4c879c6b1e6a25594660,0.322,,,
374,2026-07-30,SH601009,0.1096249772654945,EXP_DEnsembleModel_Alpha158_csi300_custom_step0_s_20260730_14,989b28e9719b4c879c6b1e6a25594660,0.322,,,
375,2026-07-30,SH601012,-0.012099703250158165,EXP_DEnsembleModel_Alpha158_csi300_custom_step0_s_20260730_14,989b28e9719b4c879c6b1e6a25594660,0.322,,,
376,2026-07-30,SH601018,0.1494591446859951,EXP_DEnsembleModel_Alpha158_csi300_custom_step0_s_20260730_14,989b28e9719b4c879c6b1e6a25594660,0.322,,,
377,2026-07-30,SH601186,0.08685077576056967,EXP_DEnsembleModel_Alpha158_csi300_custom_step0_s_20260730_14,989b28e9719b4c879c6b1e6a25594660,0.322,,,
378,2026-07-30,SH601021,0.012766562186524796,EXP_DEnsembleModel_Alpha158_csi300_custom_step0_s_20260730_14,989b28e9719b4c879c6b1e6a25594660,0.322,,,
379,2026-07-30,SH601059,-0.04033479177267139,EXP_DEnsembleModel_Alpha158_csi300_custom_step0_s_20260730_14,989b28e9719b4c879c6b1e6a25594660,0.322,,,
380,2026-07-30,SH601066,-0.018718364303878625,EXP_DEnsembleModel_Alpha158_csi300_custom_step0_s_20260730_14,989b28e9719b4c879c6b1e6a25594660,0.322,,,
381,2026-07-30,SH601077,0.007872001853410663,EXP_DEnsembleModel_Alpha158_csi300_custom_step0_s_20260730_14,989b28e9719b4c879c6b1e6a25594660,0.322,,,
382,2026-07-30,SH601088,0.002302999812998913,EXP_DEnsembleModel_Alpha158_csi300_custom_step0_s_20260730_14,989b28e9719b4c879c6b1e6a25594660,0.322,,,
383,2026-07-30,SH601100,-0.05954616000232807,EXP_DEnsembleModel_Alpha158_csi300_custom_step0_s_20260730_14,989b28e9719b4c879c6b1e6a25594660,0.322,,,
384,2026-07-30,SH601111,-0.03035887964897811,EXP_DEnsembleModel_Alpha158_csi300_custom_step0_s_20260730_14,989b28e9719b4c879c6b1e6a25594660,0.322,,,
385,2026-07-30,SH601117,-0.0323481257380733,EXP_DEnsembleModel_Alpha158_csi300_custom_step0_s_20260730_14,989b28e9719b4c879c6b1e6a25594660,0.322,,,
386,2026-07-30,SH601127,0.11093103528541552,EXP_DEnsembleModel_Alpha158_csi300_custom_step0_s_20260730_14,989b28e9719b4c879c6b1e6a25594660,0.322,,,
387,2026-07-30,SH601136,-0.0022991375301716376,EXP_DEnsembleModel_Alpha158_csi300_custom_step0_s_20260730_14,989b28e9719b4c879c6b1e6a25594660,0.322,,,
388,2026-07-30,SH601138,0.27743404537095134,EXP_DEnsembleModel_Alpha158_csi300_custom_step0_s_20260730_14,989b28e9719b4c879c6b1e6a25594660,0.322,,,
389,2026-07-30,SH601166,0.11433340758909001,EXP_DEnsembleModel_Alpha158_csi300_custom_step0_s_20260730_14,989b28e9719b4c879c6b1e6a25594660,0.322,,,
390,2026-07-30,SH601058,-0.09727473111126346,EXP_DEnsembleModel_Alpha158_csi300_custom_step0_s_20260730_14,989b28e9719b4c879c6b1e6a25594660,0.322,,,
391,2026-07-30,SH601728,0.004197476736991624,EXP_DEnsembleModel_Alpha158_csi300_custom_step0_s_20260730_14,989b28e9719b4c879c6b1e6a25594660,0.322,,,
392,2026-07-30,SH601766,0.12851963670351596,EXP_DEnsembleModel_Alpha158_csi300_custom_step0_s_20260730_14,989b28e9719b4c879c6b1e6a25594660,0.322,,,
393,2026-07-30,SH601788,0.03401929099923523,EXP_DEnsembleModel_Alpha158_csi300_custom_step0_s_20260730_14,989b28e9719b4c879c6b1e6a25594660,0.322,,,
394,2026-07-30,SH603501,0.036469693205033196,EXP_DEnsembleModel_Alpha158_csi300_custom_step0_s_20260730_14,989b28e9719b4c879c6b1e6a25594660,0.322,,,
395,2026-07-30,SH603799,0.23507477326986354,EXP_DEnsembleModel_Alpha158_csi300_custom_step0_s_20260730_14,989b28e9719b4c879c6b1e6a25594660,0.322,,,
396,2026-07-30,SH603893,0.019138632835840174,EXP_DEnsembleModel_Alpha158_csi300_custom_step0_s_20260730_14,989b28e9719b4c879c6b1e6a25594660,0.322,,,
397,2026-07-30,SH603986,0.22489189140527407,EXP_DEnsembleModel_Alpha158_csi300_custom_step0_s_20260730_14,989b28e9719b4c879c6b1e6a25594660,0.322,,,
398,2026-07-30,SH603993,-0.11889619825901844,EXP_DEnsembleModel_Alpha158_csi300_custom_step0_s_20260730_14,989b28e9719b4c879c6b1e6a25594660,0.322,,,
399,2026-07-30,SH605117,0.10538138074093668,EXP_DEnsembleModel_Alpha158_csi300_custom_step0_s_20260730_14,989b28e9719b4c879c6b1e6a25594660,0.322,,,
400,2026-07-30,SH605499,-0.11662675887360092,EXP_DEnsembleModel_Alpha158_csi300_custom_step0_s_20260730_14,989b28e9719b4c879c6b1e6a25594660,0.322,,,
401,2026-07-30,SH688008,0.3465046196450418,EXP_DEnsembleModel_Alpha158_csi300_custom_step0_s_20260730_14,989b28e9719b4c879c6b1e6a25594660,0.322,,,
402,2026-07-30,SH688009,0.11608691740289971,EXP_DEnsembleModel_Alpha158_csi300_custom_step0_s_20260730_14,989b28e9719b4c879c6b1e6a25594660,0.322,,,
403,2026-07-30,SH688012,0.19148430751495796,EXP_DEnsembleModel_Alpha158_csi300_custom_step0_s_20260730_14,989b28e9719b4c879c6b1e6a25594660,0.322,,,
404,2026-07-30,SH688036,-0.12138281817110039,EXP_DEnsembleModel_Alpha158_csi300_custom_step0_s_20260730_14,989b28e9719b4c879c6b1e6a25594660,0.322,,,
405,2026-07-30,SH603392,-0.017132078820204573,EXP_DEnsembleModel_Alpha158_csi300_custom_step0_s_20260730_14,989b28e9719b4c879c6b1e6a25594660,0.322,,,
406,2026-07-30,SH688041,0.19588302996542353,EXP_DEnsembleModel_Alpha158_csi300_custom_step0_s_20260730_14,989b28e9719b4c879c6b1e6a25594660,0.322,,,
407,2026-07-30,SH688072,0.05731940067185657,EXP_DEnsembleModel_Alpha158_csi300_custom_step0_s_20260730_14,989b28e9719b4c879c6b1e6a25594660,0.322,,,
408,2026-07-30,SH688082,0.1595352527482638,EXP_DEnsembleModel_Alpha158_csi300_custom_step0_s_20260730_14,989b28e9719b4c879c6b1e6a25594660,0.322,,,
409,2026-07-30,SH688111,-0.12295353011229962,EXP_DEnsembleModel_Alpha158_csi300_custom_step0_s_20260730_14,989b28e9719b4c879c6b1e6a25594660,0.322,,,
410,2026-07-30,SH688126,0.12553760269040412,EXP_DEnsembleModel_Alpha158_csi300_custom_step0_s_20260730_14,989b28e9719b4c879c6b1e6a25594660,0.322,,,
411,2026-07-30,SH688183,0.21243933278624194,EXP_DEnsembleModel_Alpha158_csi300_custom_step0_s_20260730_14,989b28e9719b4c879c6b1e6a25594660,0.322,,,
412,2026-07-30,SH688223,0.07195412828755136,EXP_DEnsembleModel_Alpha158_csi300_custom_step0_s_20260730_14,989b28e9719b4c879c6b1e6a25594660,0.322,,,
413,2026-07-30,SH688256,0.37453829579489184,EXP_DEnsembleModel_Alpha158_csi300_custom_step0_s_20260730_14,989b28e9719b4c879c6b1e6a25594660,0.322,,,
414,2026-07-30,SH688271,-0.03441075494405594,EXP_DEnsembleModel_Alpha158_csi300_custom_step0_s_20260730_14,989b28e9719b4c879c6b1e6a25594660,0.322,,,
415,2026-07-30,SH688303,0.015468097031362732,EXP_DEnsembleModel_Alpha158_csi300_custom_step0_s_20260730_14,989b28e9719b4c879c6b1e6a25594660,0.322,,,
416,2026-07-30,SH688396,0.3541900029730968,EXP_DEnsembleModel_Alpha158_csi300_custom_step0_s_20260730_14,989b28e9719b4c879c6b1e6a25594660,0.322,,,
417,2026-07-30,SH688472,0.07530188389532823,EXP_DEnsembleModel_Alpha158_csi300_custom_step0_s_20260730_14,989b28e9719b4c879c6b1e6a25594660,0.322,,,
418,2026-07-30,SH688047,0.10694527816255697,EXP_DEnsembleModel_Alpha158_csi300_custom_step0_s_20260730_14,989b28e9719b4c879c6b1e6a25594660,0.322,,,
419,2026-07-30,SH603369,0.02831846457027619,EXP_DEnsembleModel_Alpha158_csi300_custom_step0_s_20260730_14,989b28e9719b4c879c6b1e6a25594660,0.322,,,
420,2026-07-30,SH603296,0.08377058800929035,EXP_DEnsembleModel_Alpha158_csi300_custom_step0_s_20260730_14,989b28e9719b4c879c6b1e6a25594660,0.322,,,
421,2026-07-30,SH603288,0.038114867616679836,EXP_DEnsembleModel_Alpha158_csi300_custom_step0_s_20260730_14,989b28e9719b4c879c6b1e6a25594660,0.322,,,
422,2026-07-30,SH601800,0.046117981743710644,EXP_DEnsembleModel_Alpha158_csi300_custom_step0_s_20260730_14,989b28e9719b4c879c6b1e6a25594660,0.322,,,
423,2026-07-30,SH601816,0.09175644713951256,EXP_DEnsembleModel_Alpha158_csi300_custom_step0_s_20260730_14,989b28e9719b4c879c6b1e6a25594660,0.322,,,
424,2026-07-30,SH601818,0.1624278619789538,EXP_DEnsembleModel_Alpha158_csi300_custom_step0_s_20260730_14,989b28e9719b4c879c6b1e6a25594660,0.322,,,
425,2026-07-30,SH601825,0.022290630203386775,EXP_DEnsembleModel_Alpha158_csi300_custom_step0_s_20260730_14,989b28e9719b4c879c6b1e6a25594660,0.322,,,
426,2026-07-30,SH601838,0.12441876168013835,EXP_DEnsembleModel_Alpha158_csi300_custom_step0_s_20260730_14,989b28e9719b4c879c6b1e6a25594660,0.322,,,
427,2026-07-30,SH601857,-0.06403388721726117,EXP_DEnsembleModel_Alpha158_csi300_custom_step0_s_20260730_14,989b28e9719b4c879c6b1e6a25594660,0.322,,,
428,2026-07-30,SH601868,0.058622797549668156,EXP_DEnsembleModel_Alpha158_csi300_custom_step0_s_20260730_14,989b28e9719b4c879c6b1e6a25594660,0.322,,,
429,2026-07-30,SH601872,0.015311022792785817,EXP_DEnsembleModel_Alpha158_csi300_custom_step0_s_20260730_14,989b28e9719b4c879c6b1e6a25594660,0.322,,,
430,2026-07-30,SH601877,-0.0018951268647965857,EXP_DEnsembleModel_Alpha158_csi300_custom_step0_s_20260730_14,989b28e9719b4c879c6b1e6a25594660,0.322,,,
431,2026-07-30,SH601878,-0.042689139636920635,EXP_DEnsembleModel_Alpha158_csi300_custom_step0_s_20260730_14,989b28e9719b4c879c6b1e6a25594660,0.322,,,
432,2026-07-30,SH601881,-0.024207169992754254,EXP_DEnsembleModel_Alpha158_csi300_custom_step0_s_20260730_14,989b28e9719b4c879c6b1e6a25594660,0.322,,,
433,2026-07-30,SH601888,-0.022365295816913947,EXP_DEnsembleModel_Alpha158_csi300_custom_step0_s_20260730_14,989b28e9719b4c879c6b1e6a25594660,0.322,,,
434,2026-07-30,SH601898,-0.04075575032946937,EXP_DEnsembleModel_Alpha158_csi300_custom_step0_s_20260730_14,989b28e9719b4c879c6b1e6a25594660,0.322,,,
435,2026-07-30,SH601899,-0.06201213944590061,EXP_DEnsembleModel_Alpha158_csi300_custom_step0_s_20260730_14,989b28e9719b4c879c6b1e6a25594660,0.322,,,
436,2026-07-30,SH601901,-0.0285171440851661,EXP_DEnsembleModel_Alpha158_csi300_custom_step0_s_20260730_14,989b28e9719b4c879c6b1e6a25594660,0.322,,,
437,2026-07-30,SH601916,0.13967525691117452,EXP_DEnsembleModel_Alpha158_csi300_custom_step0_s_20260730_14,989b28e9719b4c879c6b1e6a25594660,0.322,,,
438,2026-07-30,SH601919,0.04288600817281789,EXP_DEnsembleModel_Alpha158_csi300_custom_step0_s_20260730_14,989b28e9719b4c879c6b1e6a25594660,0.322,,,
439,2026-07-30,SH601939,0.18855111061728327,EXP_DEnsembleModel_Alpha158_csi300_custom_step0_s_20260730_14,989b28e9719b4c879c6b1e6a25594660,0.322,,,
440,2026-07-30,SH601985,0.1413044782826657,EXP_DEnsembleModel_Alpha158_csi300_custom_step0_s_20260730_14,989b28e9719b4c879c6b1e6a25594660,0.322,,,
441,2026-07-30,SH601988,0.06682674584757801,EXP_DEnsembleModel_Alpha158_csi300_custom_step0_s_20260730_14,989b28e9719b4c879c6b1e6a25594660,0.322,,,
442,2026-07-30,SH601995,-0.06080482590296914,EXP_DEnsembleModel_Alpha158_csi300_custom_step0_s_20260730_14,989b28e9719b4c879c6b1e6a25594660,0.322,,,
443,2026-07-30,SH601998,0.022734445395972195,EXP_DEnsembleModel_Alpha158_csi300_custom_step0_s_20260730_14,989b28e9719b4c879c6b1e6a25594660,0.322,,,
444,2026-07-30,SH603019,-0.0023381491478093003,EXP_DEnsembleModel_Alpha158_csi300_custom_step0_s_20260730_14,989b28e9719b4c879c6b1e6a25594660,0.322,,,
445,2026-07-30,SH603259,-0.1199423950107262,EXP_DEnsembleModel_Alpha158_csi300_custom_step0_s_20260730_14,989b28e9719b4c879c6b1e6a25594660,0.322,,,
446,2026-07-30,SH603260,0.011508904863640241,EXP_DEnsembleModel_Alpha158_csi300_custom_step0_s_20260730_14,989b28e9719b4c879c6b1e6a25594660,0.322,,,
447,2026-07-30,SH600918,-0.07802696406338827,EXP_DEnsembleModel_Alpha158_csi300_custom_step0_s_20260730_14,989b28e9719b4c879c6b1e6a25594660,0.322,,,
448,2026-07-30,SH601939,0.003690844289305832,EXP_LGBModel_Alpha158_csi300_custom_step0_s_20260730_17,ac8e9ee1a9c548a492dec67351b2ed38,0.291,,,
449,2026-07-30,SH601919,-0.0047642897982483196,EXP_LGBModel_Alpha158_csi300_custom_step0_s_20260730_17,ac8e9ee1a9c548a492dec67351b2ed38,0.291,,,
450,2026-07-30,SH601916,0.005531021711706888,EXP_LGBModel_Alpha158_csi300_custom_step0_s_20260730_17,ac8e9ee1a9c548a492dec67351b2ed38,0.291,,,
451,2026-07-30,SH601878,0.0029812893089722057,EXP_LGBModel_Alpha158_csi300_custom_step0_s_20260730_17,521bf991ccaf4d1abd400eff906cd873,0.387,,,
452,2026-07-30,SH601881,0.0015267680213939727,EXP_LGBModel_Alpha158_csi300_custom_step0_s_20260730_17,521bf991ccaf4d1abd400eff906cd873,0.387,,,
453,2026-07-30,SH601888,-0.003320408466165625,EXP_LGBModel_Alpha158_csi300_custom_step0_s_20260730_17,521bf991ccaf4d1abd400eff906cd873,0.387,,,
454,2026-07-30,SH601898,1.343888098818908e-10,EXP_LGBModel_Alpha158_csi300_custom_step0_s_20260730_17,521bf991ccaf4d1abd400eff906cd873,0.387,,,
455,2026-07-30,SH601899,-0.003320408466165625,EXP_LGBModel_Alpha158_csi300_custom_step0_s_20260730_17,521bf991ccaf4d1abd400eff906cd873,0.387,,,
456,2026-07-30,SH601901,1.343888098818908e-10,EXP_LGBModel_Alpha158_csi300_custom_step0_s_20260730_17,521bf991ccaf4d1abd400eff906cd873,0.387,,,
457,2026-07-30,SH601916,0.0006092552100874323,EXP_LGBModel_Alpha158_csi300_custom_step0_s_20260730_17,521bf991ccaf4d1abd400eff906cd873,0.387,,,
458,2026-07-30,SH601919,1.343888098818908e-10,EXP_LGBModel_Alpha158_csi300_custom_step0_s_20260730_17,521bf991ccaf4d1abd400eff906cd873,0.387,,,
459,2026-07-30,SH601939,1.343888098818908e-10,EXP_LGBModel_Alpha158_csi300_custom_step0_s_20260730_17,521bf991ccaf4d1abd400eff906cd873,0.387,,,
460,2026-07-30,SH601985,0.0029812893089722057,EXP_LGBModel_Alpha158_csi300_custom_step0_s_20260730_17,521bf991ccaf4d1abd400eff906cd873,0.387,,,
461,2026-07-30,SH601988,7.306969528132984e-05,EXP_LGBModel_Alpha158_csi300_custom_step0_s_20260730_17,521bf991ccaf4d1abd400eff906cd873,0.387,,,
462,2026-07-30,SH601877,1.343888098818908e-10,EXP_LGBModel_Alpha158_csi300_custom_step0_s_20260730_17,521bf991ccaf4d1abd400eff906cd873,0.387,,,
463,2026-07-30,SH601995,1.343888098818908e-10,EXP_LGBModel_Alpha158_csi300_custom_step0_s_20260730_17,521bf991ccaf4d1abd400eff906cd873,0.387,,,
464,2026-07-30,SH603019,-0.0021684301229017073,EXP_LGBModel_Alpha158_csi300_custom_step0_s_20260730_17,521bf991ccaf4d1abd400eff906cd873,0.387,,,
465,2026-07-30,SH603259,-0.003320408466165625,EXP_LGBModel_Alpha158_csi300_custom_step0_s_20260730_17,521bf991ccaf4d1abd400eff906cd873,0.387,,,
466,2026-07-30,SH603260,1.343888098818908e-10,EXP_LGBModel_Alpha158_csi300_custom_step0_s_20260730_17,521bf991ccaf4d1abd400eff906cd873,0.387,,,
467,2026-07-30,SH603288,0.0006092552100874323,EXP_LGBModel_Alpha158_csi300_custom_step0_s_20260730_17,521bf991ccaf4d1abd400eff906cd873,0.387,,,
468,2026-07-30,SH603296,-0.00013698092376541597,EXP_LGBModel_Alpha158_csi300_custom_step0_s_20260730_17,521bf991ccaf4d1abd400eff906cd873,0.387,,,
469,2026-07-30,SH603369,0.0027431798320630297,EXP_LGBModel_Alpha158_csi300_custom_step0_s_20260730_17,521bf991ccaf4d1abd400eff906cd873,0.387,,,
470,2026-07-30,SH603392,1.343888098818908e-10,EXP_LGBModel_Alpha158_csi300_custom_step0_s_20260730_17,521bf991ccaf4d1abd400eff906cd873,0.387,,,
471,2026-07-30,SH603501,-0.0021684301229017073,EXP_LGBModel_Alpha158_csi300_custom_step0_s_20260730_17,521bf991ccaf4d1abd400eff906cd873,0.387,,,
472,2026-07-30,SH603799,0.00335674569274819,EXP_LGBModel_Alpha158_csi300_custom_step0_s_20260730_17,521bf991ccaf4d1abd400eff906cd873,0.387,,,
473,2026-07-30,SH603893,-0.0021684301229017073,EXP_LGBModel_Alpha158_csi300_custom_step0_s_20260730_17,521bf991ccaf4d1abd400eff906cd873,0.387,,,
474,2026-07-30,SH603986,0.00335674569274819,EXP_LGBModel_Alpha158_csi300_custom_step0_s_20260730_17,521bf991ccaf4d1abd400eff906cd873,0.387,,,
475,2026-07-30,SH601998,1.343888098818908e-10,EXP_LGBModel_Alpha158_csi300_custom_step0_s_20260730_17,521bf991ccaf4d1abd400eff906cd873,0.387,,,
476,2026-07-30,SH603993,-0.0021684301229017073,EXP_LGBModel_Alpha158_csi300_custom_step0_s_20260730_17,521bf991ccaf4d1abd400eff906cd873,0.387,,,
477,2026-07-30,SH601872,1.343888098818908e-10,EXP_LGBModel_Alpha158_csi300_custom_step0_s_20260730_17,521bf991ccaf4d1abd400eff906cd873,0.387,,,
478,2026-07-30,SH601857,-0.003320408466165625,EXP_LGBModel_Alpha158_csi300_custom_step0_s_20260730_17,521bf991ccaf4d1abd400eff906cd873,0.387,,,
479,2026-07-30,SH601390,7.306969528132984e-05,EXP_LGBModel_Alpha158_csi300_custom_step0_s_20260730_17,521bf991ccaf4d1abd400eff906cd873,0.387,,,
480,2026-07-30,SH601398,1.343888098818908e-10,EXP_LGBModel_Alpha158_csi300_custom_step0_s_20260730_17,521bf991ccaf4d1abd400eff906cd873,0.387,,,
481,2026-07-30,SH601456,1.343888098818908e-10,EXP_LGBModel_Alpha158_csi300_custom_step0_s_20260730_17,521bf991ccaf4d1abd400eff906cd873,0.387,,,
482,2026-07-30,SH601600,-0.0017412022654327687,EXP_LGBModel_Alpha158_csi300_custom_step0_s_20260730_17,521bf991ccaf4d1abd400eff906cd873,0.387,,,
483,2026-07-30,SH601601,-0.003320408466165625,EXP_LGBModel_Alpha158_csi300_custom_step0_s_20260730_17,521bf991ccaf4d1abd400eff906cd873,0.387,,,
484,2026-07-30,SH601607,7.306969528132984e-05,EXP_LGBModel_Alpha158_csi300_custom_step0_s_20260730_17,521bf991ccaf4d1abd400eff906cd873,0.387,,,
485,2026-07-30,SH601618,0.0015267680213939727,EXP_LGBModel_Alpha158_csi300_custom_step0_s_20260730_17,521bf991ccaf4d1abd400eff906cd873,0.387,,,
486,2026-07-30,SH601628,-0.003320408466165625,EXP_LGBModel_Alpha158_csi300_custom_step0_s_20260730_17,521bf991ccaf4d1abd400eff906cd873,0.387,,,
487,2026-07-30,SH601633,-0.003320408466165625,EXP_LGBModel_Alpha158_csi300_custom_step0_s_20260730_17,521bf991ccaf4d1abd400eff906cd873,0.387,,,
488,2026-07-30,SH601658,7.306969528132984e-05,EXP_LGBModel_Alpha158_csi300_custom_step0_s_20260730_17,521bf991ccaf4d1abd400eff906cd873,0.387,,,
489,2026-07-30,SH601668,7.306969528132984e-05,EXP_LGBModel_Alpha158_csi300_custom_step0_s_20260730_17,521bf991ccaf4d1abd400eff906cd873,0.387,,,
490,2026-07-30,SH601868,0.0015267680213939727,EXP_LGBModel_Alpha158_csi300_custom_step0_s_20260730_17,521bf991ccaf4d1abd400eff906cd873,0.387,,,
491,2026-07-30,SH601669,0.0029812893089722057,EXP_LGBModel_Alpha158_csi300_custom_step0_s_20260730_17,521bf991ccaf4d1abd400eff906cd873,0.387,,,
492,2026-07-30,SH601689,0.00335674569274819,EXP_LGBModel_Alpha158_csi300_custom_step0_s_20260730_17,521bf991ccaf4d1abd400eff906cd873,0.387,,,
493,2026-07-30,SH601698,1.343888098818908e-10,EXP_LGBModel_Alpha158_csi300_custom_step0_s_20260730_17,521bf991ccaf4d1abd400eff906cd873,0.387,,,
494,2026-07-30,SH601727,-0.0017412022654327687,EXP_LGBModel_Alpha158_csi300_custom_step0_s_20260730_17,521bf991ccaf4d1abd400eff906cd873,0.387,,,
495,2026-07-30,SH601728,0.0027431798320630297,EXP_LGBModel_Alpha158_csi300_custom_step0_s_20260730_17,521bf991ccaf4d1abd400eff906cd873,0.387,,,
496,2026-07-30,SH601766,1.343888098818908e-10,EXP_LGBModel_Alpha158_csi300_custom_step0_s_20260730_17,521bf991ccaf4d1abd400eff906cd873,0.387,,,
497,2026-07-30,SH601788,0.0029812893089722057,EXP_LGBModel_Alpha158_csi300_custom_step0_s_20260730_17,521bf991ccaf4d1abd400eff906cd873,0.387,,,
498,2026-07-30,SH601800,7.306969528132984e-05,EXP_LGBModel_Alpha158_csi300_custom_step0_s_20260730_17,521bf991ccaf4d1abd400eff906cd873,0.387,,,
499,2026-07-30,SH601816,1.343888098818908e-10,EXP_LGBModel_Alpha158_csi300_custom_step0_s_20260730_17,521bf991ccaf4d1abd400eff906cd873,0.387,,,
500,2026-07-30,SH601818,7.306969528132984e-05,EXP_LGBModel_Alpha158_csi300_custom_step0_s_20260730_17,521bf991ccaf4d1abd400eff906cd873,0.387,,,
501,2026-07-30,SH601825,1.343888098818908e-10,EXP_LGBModel_Alpha158_csi300_custom_step0_s_20260730_17,521bf991ccaf4d1abd400eff906cd873,0.387,,,
502,2026-07-30,SH601838,7.306969528132984e-05,EXP_LGBModel_Alpha158_csi300_custom_step0_s_20260730_17,521bf991ccaf4d1abd400eff906cd873,0.387,,,
503,2026-07-30,SH601688,-0.001466888865973105,EXP_LGBModel_Alpha158_csi300_custom_step0_s_20260730_17,521bf991ccaf4d1abd400eff906cd873,0.387,,,
504,2026-07-30,SH601377,0.0029812893089722057,EXP_LGBModel_Alpha158_csi300_custom_step0_s_20260730_17,521bf991ccaf4d1abd400eff906cd873,0.387,,,
505,2026-07-30,SH605117,0.00335674569274819,EXP_LGBModel_Alpha158_csi300_custom_step0_s_20260730_17,521bf991ccaf4d1abd400eff906cd873,0.387,,,
506,2026-07-30,SH688008,0.00335674569274819,EXP_LGBModel_Alpha158_csi300_custom_step0_s_20260730_17,521bf991ccaf4d1abd400eff906cd873,0.387,,,
507,2026-07-30,SZ000408,-0.003320408466165625,EXP_LGBModel_Alpha158_csi300_custom_step0_s_20260730_17,521bf991ccaf4d1abd400eff906cd873,0.387,,,
508,2026-07-30,SZ000425,-0.003320408466165625,EXP_LGBModel_Alpha158_csi300_custom_step0_s_20260730_17,521bf991ccaf4d1abd400eff906cd873,0.387,,,
509,2026-07-30,SZ000538,7.306969528132984e-05,EXP_LGBModel_Alpha158_csi300_custom_step0_s_20260730_17,521bf991ccaf4d1abd400eff906cd873,0.387,,,
510,2026-07-30,SZ000568,-0.003320408466165625,EXP_LGBModel_Alpha158_csi300_custom_step0_s_20260730_17,521bf991ccaf4d1abd400eff906cd873,0.387,,,
511,2026-07-30,SZ000596,1.343888098818908e-10,EXP_LGBModel_Alpha158_csi300_custom_step0_s_20260730_17,521bf991ccaf4d1abd400eff906cd873,0.387,,,
512,2026-07-30,SZ000617,1.343888098818908e-10,EXP_LGBModel_Alpha158_csi300_custom_step0_s_20260730_17,521bf991ccaf4d1abd400eff906cd873,0.387,,,
513,2026-07-30,SZ000625,0.0027431798320630297,EXP_LGBModel_Alpha158_csi300_custom_step0_s_20260730_17,521bf991ccaf4d1abd400eff906cd873,0.387,,,
514,2026-07-30,SZ000630,-0.0017412022654327687,EXP_LGBModel_Alpha158_csi300_custom_step0_s_20260730_17,521bf991ccaf4d1abd400eff906cd873,0.387,,,
515,2026-07-30,SZ000651,1.343888098818908e-10,EXP_LGBModel_Alpha158_csi300_custom_step0_s_20260730_17,521bf991ccaf4d1abd400eff906cd873,0.387,,,
516,2026-07-30,SZ000657,1.343888098818908e-10,EXP_LGBModel_Alpha158_csi300_custom_step0_s_20260730_17,521bf991ccaf4d1abd400eff906cd873,0.387,,,
517,2026-07-30,SZ000708,0.0006092552100874323,EXP_LGBModel_Alpha158_csi300_custom_step0_s_20260730_17,521bf991ccaf4d1abd400eff906cd873,0.387,,,
518,2026-07-30,SZ000338,0.0006755432849943656,EXP_LGBModel_Alpha158_csi300_custom_step0_s_20260730_17,521bf991ccaf4d1abd400eff906cd873,0.387,,,
519,2026-07-30,SZ000725,0.00335674569274819,EXP_LGBModel_Alpha158_csi300_custom_step0_s_20260730_17,521bf991ccaf4d1abd400eff906cd873,0.387,,,
520,2026-07-30,SZ000776,-0.0021684301229017073,EXP_LGBModel_Alpha158_csi300_custom_step0_s_20260730_17,521bf991ccaf4d1abd400eff906cd873,0.387,,,
521,2026-07-30,SZ000792,1.343888098818908e-10,EXP_LGBModel_Alpha158_csi300_custom_step0_s_20260730_17,521bf991ccaf4d1abd400eff906cd873,0.387,,,
522,2026-07-30,SZ000807,-0.0017412022654327687,EXP_LGBModel_Alpha158_csi300_custom_step0_s_20260730_17,521bf991ccaf4d1abd400eff906cd873,0.387,,,
523,2026-07-30,SZ000858,1.343888098818908e-10,EXP_LGBModel_Alpha158_csi300_custom_step0_s_20260730_17,521bf991ccaf4d1abd400eff906cd873,0.387,,,
524,2026-07-30,SZ000895,-0.003320408466165625,EXP_LGBModel_Alpha158_csi300_custom_step0_s_20260730_17,521bf991ccaf4d1abd400eff906cd873,0.387,,,
525,2026-07-30,SZ000938,0.002317753698729221,EXP_LGBModel_Alpha158_csi300_custom_step0_s_20260730_17,521bf991ccaf4d1abd400eff906cd873,0.387,,,
526,2026-07-30,SZ000963,1.343888098818908e-10,EXP_LGBModel_Alpha158_csi300_custom_step0_s_20260730_17,521bf991ccaf4d1abd400eff906cd873,0.387,,,
527,2026-07-30,SZ000975,-0.003320408466165625,EXP_LGBModel_Alpha158_csi300_custom_step0_s_20260730_17,521bf991ccaf4d1abd400eff906cd873,0.387,,,
528,2026-07-30,SZ000977,-0.0021684301229017073,EXP_LGBModel_Alpha158_csi300_custom_step0_s_20260730_17,521bf991ccaf4d1abd400eff906cd873,0.387,,,
529,2026-07-30,SZ000988,0.00335674569274819,EXP_LGBModel_Alpha158_csi300_custom_step0_s_20260730_17,521bf991ccaf4d1abd400eff906cd873,0.387,,,
530,2026-07-30,SZ000999,-0.002929719246704106,EXP_LGBModel_Alpha158_csi300_custom_step0_s_20260730_17,521bf991ccaf4d1abd400eff906cd873,0.387,,,
531,2026-07-30,SZ000768,0.0029812893089722057,EXP_LGBModel_Alpha158_csi300_custom_step0_s_20260730_17,521bf991ccaf4d1abd400eff906cd873,0.387,,,
532,2026-07-30,SH605499,-0.001466888865973105,EXP_LGBModel_Alpha158_csi300_custom_step0_s_20260730_17,521bf991ccaf4d1abd400eff906cd873,0.387,,,
533,2026-07-30,SZ000333,0.0006092552100874323,EXP_LGBModel_Alpha158_csi300_custom_step0_s_20260730_17,521bf991ccaf4d1abd400eff906cd873,0.387,,,
534,2026-07-30,SZ000166,0.0029812893089722057,EXP_LGBModel_Alpha158_csi300_custom_step0_s_20260730_17,521bf991ccaf4d1abd400eff906cd873,0.387,,,
535,2026-07-30,SH688009,0.0006092552100874323,EXP_LGBModel_Alpha158_csi300_custom_step0_s_20260730_17,521bf991ccaf4d1abd400eff906cd873,0.387,,,
536,2026-07-30,SH688012,0.0006755432849943656,EXP_LGBModel_Alpha158_csi300_custom_step0_s_20260730_17,521bf991ccaf4d1abd400eff906cd873,0.387,,,
537,2026-07-30,SH688036,-0.003320408466165625,EXP_LGBModel_Alpha158_csi300_custom_step0_s_20260730_17,521bf991ccaf4d1abd400eff906cd873,0.387,,,
538,2026-07-30,SH688041,0.0006755432849943656,EXP_LGBModel_Alpha158_csi300_custom_step0_s_20260730_17,521bf991ccaf4d1abd400eff906cd873,0.387,,,
539,2026-07-30,SH688047,0.00335674569274819,EXP_LGBModel_Alpha158_csi300_custom_step0_s_20260730_17,521bf991ccaf4d1abd400eff906cd873,0.387,,,
540,2026-07-30,SH688072,-0.0021684301229017073,EXP_LGBModel_Alpha158_csi300_custom_step0_s_20260730_17,521bf991ccaf4d1abd400eff906cd873,0.387,,,
541,2026-07-30,SH688082,1.343888098818908e-10,EXP_LGBModel_Alpha158_csi300_custom_step0_s_20260730_17,521bf991ccaf4d1abd400eff906cd873,0.387,,,
542,2026-07-30,SH688111,-0.003320408466165625,EXP_LGBModel_Alpha158_csi300_custom_step0_s_20260730_17,521bf991ccaf4d1abd400eff906cd873,0.387,,,
543,2026-07-30,SH688126,0.00335674569274819,EXP_LGBModel_Alpha158_csi300_custom_step0_s_20260730_17,521bf991ccaf4d1abd400eff906cd873,0.387,,,
544,2026-07-30,SH688183,1.343888098818908e-10,EXP_LGBModel_Alpha158_csi300_custom_step0_s_20260730_17,521bf991ccaf4d1abd400eff906cd873,0.387,,,
545,2026-07-30,SH688223,-0.0017412022654327687,EXP_LGBModel_Alpha158_csi300_custom_step0_s_20260730_17,521bf991ccaf4d1abd400eff906cd873,0.387,,,
546,2026-07-30,SZ000301,1.343888098818908e-10,EXP_LGBModel_Alpha158_csi300_custom_step0_s_20260730_17,521bf991ccaf4d1abd400eff906cd873,0.387,,,
547,2026-07-30,SH688256,0.00335674569274819,EXP_LGBModel_Alpha158_csi300_custom_step0_s_20260730_17,521bf991ccaf4d1abd400eff906cd873,0.387,,,
548,2026-07-30,SH688303,0.0027431798320630297,EXP_LGBModel_Alpha158_csi300_custom_step0_s_20260730_17,521bf991ccaf4d1abd400eff906cd873,0.387,,,
549,2026-07-30,SH688396,0.00335674569274819,EXP_LGBModel_Alpha158_csi300_custom_step0_s_20260730_17,521bf991ccaf4d1abd400eff906cd873,0.387,,,
550,2026-07-30,SH688472,1.343888098818908e-10,EXP_LGBModel_Alpha158_csi300_custom_step0_s_20260730_17,521bf991ccaf4d1abd400eff906cd873,0.387,,,
551,2026-07-30,SH688506,1.343888098818908e-10,EXP_LGBModel_Alpha158_csi300_custom_step0_s_20260730_17,521bf991ccaf4d1abd400eff906cd873,0.387,,,
552,2026-07-30,SH688521,0.00335674569274819,EXP_LGBModel_Alpha158_csi300_custom_step0_s_20260730_17,521bf991ccaf4d1abd400eff906cd873,0.387,,,
553,2026-07-30,SH688981,-0.0021684301229017073,EXP_LGBModel_Alpha158_csi300_custom_step0_s_20260730_17,521bf991ccaf4d1abd400eff906cd873,0.387,,,
554,2026-07-30,SZ000001,0.0027431798320630297,EXP_LGBModel_Alpha158_csi300_custom_step0_s_20260730_17,521bf991ccaf4d1abd400eff906cd873,0.387,,,
555,2026-07-30,SZ000002,-0.0017412022654327687,EXP_LGBModel_Alpha158_csi300_custom_step0_s_20260730_17,521bf991ccaf4d1abd400eff906cd873,0.387,,,
556,2026-07-30,SZ000063,-0.0021684301229017073,EXP_LGBModel_Alpha158_csi300_custom_step0_s_20260730_17,521bf991ccaf4d1abd400eff906cd873,0.387,,,
557,2026-07-30,SZ000100,-0.0021684301229017073,EXP_LGBModel_Alpha158_csi300_custom_step0_s_20260730_17,521bf991ccaf4d1abd400eff906cd873,0.387,,,
558,2026-07-30,SZ000157,1.343888098818908e-10,EXP_LGBModel_Alpha158_csi300_custom_step0_s_20260730_17,521bf991ccaf4d1abd400eff906cd873,0.387,,,
559,2026-07-30,SH688271,-0.003320408466165625,EXP_LGBModel_Alpha158_csi300_custom_step0_s_20260730_17,521bf991ccaf4d1abd400eff906cd873,0.387,,,
560,2026-07-30,SH601360,-0.0017412022654327687,EXP_LGBModel_Alpha158_csi300_custom_step0_s_20260730_17,521bf991ccaf4d1abd400eff906cd873,0.387,,,
561,2026-07-30,SH601336,-0.0021684301229017073,EXP_LGBModel_Alpha158_csi300_custom_step0_s_20260730_17,521bf991ccaf4d1abd400eff906cd873,0.387,,,
562,2026-07-30,SH601328,1.343888098818908e-10,EXP_LGBModel_Alpha158_csi300_custom_step0_s_20260730_17,521bf991ccaf4d1abd400eff906cd873,0.387,,,
563,2026-07-30,SH600160,1.343888098818908e-10,EXP_LGBModel_Alpha158_csi300_custom_step0_s_20260730_17,521bf991ccaf4d1abd400eff906cd873,0.387,,,
564,2026-07-30,SH600176,0.00335674569274819,EXP_LGBModel_Alpha158_csi300_custom_step0_s_20260730_17,521bf991ccaf4d1abd400eff906cd873,0.387,,,
565,2026-07-30,SH600183,1.343888098818908e-10,EXP_LGBModel_Alpha158_csi300_custom_step0_s_20260730_17,521bf991ccaf4d1abd400eff906cd873,0.387,,,
566,2026-07-30,SH600188,-0.0017412022654327687,EXP_LGBModel_Alpha158_csi300_custom_step0_s_20260730_17,521bf991ccaf4d1abd400eff906cd873,0.387,,,
567,2026-07-30,SH600196,1.343888098818908e-10,EXP_LGBModel_Alpha158_csi300_custom_step0_s_20260730_17,521bf991ccaf4d1abd400eff906cd873,0.387,,,
568,2026-07-30,SH600219,-0.0017412022654327687,EXP_LGBModel_Alpha158_csi300_custom_step0_s_20260730_17,521bf991ccaf4d1abd400eff906cd873,0.387,,,
569,2026-07-30,SH600221,0.0015267680213939727,EXP_LGBModel_Alpha158_csi300_custom_step0_s_20260730_17,521bf991ccaf4d1abd400eff906cd873,0.387,,,
570,2026-07-30,SH600233,-0.003320408466165625,EXP_LGBModel_Alpha158_csi300_custom_step0_s_20260730_17,521bf991ccaf4d1abd400eff906cd873,0.387,,,
571,2026-07-30,SH600276,-0.002929719246704106,EXP_LGBModel_Alpha158_csi300_custom_step0_s_20260730_17,521bf991ccaf4d1abd400eff906cd873,0.387,,,
572,2026-07-30,SH600309,-0.003320408466165625,EXP_LGBModel_Alpha158_csi300_custom_step0_s_20260730_17,521bf991ccaf4d1abd400eff906cd873,0.387,,,
573,2026-07-30,SH600346,1.343888098818908e-10,EXP_LGBModel_Alpha158_csi300_custom_step0_s_20260730_17,521bf991ccaf4d1abd400eff906cd873,0.387,,,
574,2026-07-30,SH600150,1.343888098818908e-10,EXP_LGBModel_Alpha158_csi300_custom_step0_s_20260730_17,521bf991ccaf4d1abd400eff906cd873,0.387,,,
575,2026-07-30,SH600362,-0.0021684301229017073,EXP_LGBModel_Alpha158_csi300_custom_step0_s_20260730_17,521bf991ccaf4d1abd400eff906cd873,0.387,,,
576,2026-07-30,SH600406,-0.003320408466165625,EXP_LGBModel_Alpha158_csi300_custom_step0_s_20260730_17,521bf991ccaf4d1abd400eff906cd873,0.387,,,
577,2026-07-30,SH600415,-0.001369528666357775,EXP_LGBModel_Alpha158_csi300_custom_step0_s_20260730_17,521bf991ccaf4d1abd400eff906cd873,0.387,,,
578,2026-07-30,SH600426,-0.003320408466165625,EXP_LGBModel_Alpha158_csi300_custom_step0_s_20260730_17,521bf991ccaf4d1abd400eff906cd873,0.387,,,
579,2026-07-30,SH600436,1.343888098818908e-10,EXP_LGBModel_Alpha158_csi300_custom_step0_s_20260730_17,521bf991ccaf4d1abd400eff906cd873,0.387,,,
580,2026-07-30,SH600438,-0.0017412022654327687,EXP_LGBModel_Alpha158_csi300_custom_step0_s_20260730_17,521bf991ccaf4d1abd400eff906cd873,0.387,,,
581,2026-07-30,SH600460,0.00335674569274819,EXP_LGBModel_Alpha158_csi300_custom_step0_s_20260730_17,521bf991ccaf4d1abd400eff906cd873,0.387,,,
582,2026-07-30,SH600482,-0.0021684301229017073,EXP_LGBModel_Alpha158_csi300_custom_step0_s_20260730_17,521bf991ccaf4d1abd400eff906cd873,0.387,,,
583,2026-07-30,SH600489,-0.0017412022654327687,EXP_LGBModel_Alpha158_csi300_custom_step0_s_20260730_17,521bf991ccaf4d1abd400eff906cd873,0.387,,,
584,2026-07-30,SH600515,1.343888098818908e-10,EXP_LGBModel_Alpha158_csi300_custom_step0_s_20260730_17,521bf991ccaf4d1abd400eff906cd873,0.387,,,
585,2026-07-30,SH600519,1.343888098818908e-10,EXP_LGBModel_Alpha158_csi300_custom_step0_s_20260730_17,521bf991ccaf4d1abd400eff906cd873,0.387,,,
586,2026-07-30,SH600522,1.343888098818908e-10,EXP_LGBModel_Alpha158_csi300_custom_step0_s_20260730_17,521bf991ccaf4d1abd400eff906cd873,0.387,,,
587,2026-07-30,SH600372,0.0029812893089722057,EXP_LGBModel_Alpha158_csi300_custom_step0_s_20260730_17,521bf991ccaf4d1abd400eff906cd873,0.387,,,
588,2026-07-30,SH600547,-0.0017412022654327687,EXP_LGBModel_Alpha158_csi300_custom_step0_s_20260730_17,521bf991ccaf4d1abd400eff906cd873,0.387,,,
589,2026-07-30,SH600118,0.00335674569274819,EXP_LGBModel_Alpha158_csi300_custom_step0_s_20260730_17,521bf991ccaf4d1abd400eff906cd873,0.387,,,
590,2026-07-30,SH600111,0.00335674569274819,EXP_LGBModel_Alpha158_csi300_custom_step0_s_20260730_17,521bf991ccaf4d1abd400eff906cd873,0.387,,,
591,2026-07-30,SH600009,7.306969528132984e-05,EXP_LGBModel_Alpha158_csi300_custom_step0_s_20260730_17,521bf991ccaf4d1abd400eff906cd873,0.387,,,
592,2026-07-30,SH600010,0.0015267680213939727,EXP_LGBModel_Alpha158_csi300_custom_step0_s_20260730_17,521bf991ccaf4d1abd400eff906cd873,0.387,,,
593,2026-07-30,SH600011,-0.0017412022654327687,EXP_LGBModel_Alpha158_csi300_custom_step0_s_20260730_17,521bf991ccaf4d1abd400eff906cd873,0.387,,,
594,2026-07-30,SH600015,0.0027431798320630297,EXP_LGBModel_Alpha158_csi300_custom_step0_s_20260730_17,521bf991ccaf4d1abd400eff906cd873,0.387,,,
595,2026-07-30,SH600016,7.306969528132984e-05,EXP_LGBModel_Alpha158_csi300_custom_step0_s_20260730_17,521bf991ccaf4d1abd400eff906cd873,0.387,,,
596,2026-07-30,SH600018,7.306969528132984e-05,EXP_LGBModel_Alpha158_csi300_custom_step0_s_20260730_17,521bf991ccaf4d1abd400eff906cd873,0.387,,,
597,2026-07-30,SH600019,1.343888098818908e-10,EXP_LGBModel_Alpha158_csi300_custom_step0_s_20260730_17,521bf991ccaf4d1abd400eff906cd873,0.387,,,
598,2026-07-30,SH600023,0.0015267680213939727,EXP_LGBModel_Alpha158_csi300_custom_step0_s_20260730_17,521bf991ccaf4d1abd400eff906cd873,0.387,,,
599,2026-07-30,SH600025,7.306969528132984e-05,EXP_LGBModel_Alpha158_csi300_custom_step0_s_20260730_17,521bf991ccaf4d1abd400eff906cd873,0.387,,,
600,2026-07-30,SH600026,1.343888098818908e-10,EXP_LGBModel_Alpha158_csi300_custom_step0_s_20260730_17,521bf991ccaf4d1abd400eff906cd873,0.387,,,
601,2026-07-30,SH600027,7.306969528132984e-05,EXP_LGBModel_Alpha158_csi300_custom_step0_s_20260730_17,521bf991ccaf4d1abd400eff906cd873,0.387,,,
602,2026-07-30,SH600115,1.343888098818908e-10,EXP_LGBModel_Alpha158_csi300_custom_step0_s_20260730_17,521bf991ccaf4d1abd400eff906cd873,0.387,,,
603,2026-07-30,SH600028,7.306969528132984e-05,EXP_LGBModel_Alpha158_csi300_custom_step0_s_20260730_17,521bf991ccaf4d1abd400eff906cd873,0.387,,,
604,2026-07-30,SH600030,0.0029812893089722057,EXP_LGBModel_Alpha158_csi300_custom_step0_s_20260730_17,521bf991ccaf4d1abd400eff906cd873,0.387,,,
605,2026-07-30,SH600031,-0.003320408466165625,EXP_LGBModel_Alpha158_csi300_custom_step0_s_20260730_17,521bf991ccaf4d1abd400eff906cd873,0.387,,,
606,2026-07-30,SH600036,1.343888098818908e-10,EXP_LGBModel_Alpha158_csi300_custom_step0_s_20260730_17,521bf991ccaf4d1abd400eff906cd873,0.387,,,
607,2026-07-30,SH600039,0.0006092552100874323,EXP_LGBModel_Alpha158_csi300_custom_step0_s_20260730_17,521bf991ccaf4d1abd400eff906cd873,0.387,,,
608,2026-07-30,SH600048,-0.0017412022654327687,EXP_LGBModel_Alpha158_csi300_custom_step0_s_20260730_17,521bf991ccaf4d1abd400eff906cd873,0.387,,,
609,2026-07-30,SH600050,7.306969528132984e-05,EXP_LGBModel_Alpha158_csi300_custom_step0_s_20260730_17,521bf991ccaf4d1abd400eff906cd873,0.387,,,
610,2026-07-30,SH600061,0.0029812893089722057,EXP_LGBModel_Alpha158_csi300_custom_step0_s_20260730_17,521bf991ccaf4d1abd400eff906cd873,0.387,,,
611,2026-07-30,SH600066,-0.003320408466165625,EXP_LGBModel_Alpha158_csi300_custom_step0_s_20260730_17,521bf991ccaf4d1abd400eff906cd873,0.387,,,
612,2026-07-30,SH600085,7.306969528132984e-05,EXP_LGBModel_Alpha158_csi300_custom_step0_s_20260730_17,521bf991ccaf4d1abd400eff906cd873,0.387,,,
613,2026-07-30,SH600089,1.343888098818908e-10,EXP_LGBModel_Alpha158_csi300_custom_step0_s_20260730_17,521bf991ccaf4d1abd400eff906cd873,0.387,,,
614,2026-07-30,SH600104,1.343888098818908e-10,EXP_LGBModel_Alpha158_csi300_custom_step0_s_20260730_17,521bf991ccaf4d1abd400eff906cd873,0.387,,,
615,2026-07-30,SH600029,1.343888098818908e-10,EXP_LGBModel_Alpha158_csi300_custom_step0_s_20260730_17,521bf991ccaf4d1abd400eff906cd873,0.387,,,
616,2026-07-30,SH600549,1.343888098818908e-10,EXP_LGBModel_Alpha158_csi300_custom_step0_s_20260730_17,521bf991ccaf4d1abd400eff906cd873,0.387,,,
617,2026-07-30,SH600570,-0.001466888865973105,EXP_LGBModel_Alpha158_csi300_custom_step0_s_20260730_17,521bf991ccaf4d1abd400eff906cd873,0.387,,,
618,2026-07-30,SH600584,0.00335674569274819,EXP_LGBModel_Alpha158_csi300_custom_step0_s_20260730_17,521bf991ccaf4d1abd400eff906cd873,0.387,,,
619,2026-07-30,SH601012,-0.0017412022654327687,EXP_LGBModel_Alpha158_csi300_custom_step0_s_20260730_17,521bf991ccaf4d1abd400eff906cd873,0.387,,,
620,2026-07-30,SH601018,7.306969528132984e-05,EXP_LGBModel_Alpha158_csi300_custom_step0_s_20260730_17,521bf991ccaf4d1abd400eff906cd873,0.387,,,
621,2026-07-30,SH601021,0.0029812893089722057,EXP_LGBModel_Alpha158_csi300_custom_step0_s_20260730_17,521bf991ccaf4d1abd400eff906cd873,0.387,,,
622,2026-07-30,SH601058,-0.003320408466165625,EXP_LGBModel_Alpha158_csi300_custom_step0_s_20260730_17,521bf991ccaf4d1abd400eff906cd873,0.387,,,
623,2026-07-30,SH601059,0.0029812893089722057,EXP_LGBModel_Alpha158_csi300_custom_step0_s_20260730_17,521bf991ccaf4d1abd400eff906cd873,0.387,,,
624,2026-07-30,SH601066,1.343888098818908e-10,EXP_LGBModel_Alpha158_csi300_custom_step0_s_20260730_17,521bf991ccaf4d1abd400eff906cd873,0.387,,,
625,2026-07-30,SH601077,-0.002929719246704106,EXP_LGBModel_Alpha158_csi300_custom_step0_s_20260730_17,521bf991ccaf4d1abd400eff906cd873,0.387,,,
626,2026-07-30,SH601088,7.306969528132984e-05,EXP_LGBModel_Alpha158_csi300_custom_step0_s_20260730_17,521bf991ccaf4d1abd400eff906cd873,0.387,,,
627,2026-07-30,SH601100,1.343888098818908e-10,EXP_LGBModel_Alpha158_csi300_custom_step0_s_20260730_17,521bf991ccaf4d1abd400eff906cd873,0.387,,,
628,2026-07-30,SH601111,1.343888098818908e-10,EXP_LGBModel_Alpha158_csi300_custom_step0_s_20260730_17,521bf991ccaf4d1abd400eff906cd873,0.387,,,
629,2026-07-30,SH601117,-0.002929719246704106,EXP_LGBModel_Alpha158_csi300_custom_step0_s_20260730_17,521bf991ccaf4d1abd400eff906cd873,0.387,,,
630,2026-07-30,SH601009,1.343888098818908e-10,EXP_LGBModel_Alpha158_csi300_custom_step0_s_20260730_17,521bf991ccaf4d1abd400eff906cd873,0.387,,,
631,2026-07-30,SH601127,1.343888098818908e-10,EXP_LGBModel_Alpha158_csi300_custom_step0_s_20260730_17,521bf991ccaf4d1abd400eff906cd873,0.387,,,
632,2026-07-30,SH601138,0.00335674569274819,EXP_LGBModel_Alpha158_csi300_custom_step0_s_20260730_17,521bf991ccaf4d1abd400eff906cd873,0.387,,,
633,2026-07-30,SH601166,1.343888098818908e-10,EXP_LGBModel_Alpha158_csi300_custom_step0_s_20260730_17,521bf991ccaf4d1abd400eff906cd873,0.387,,,
634,2026-07-30,SH601169,7.306969528132984e-05,EXP_LGBModel_Alpha158_csi300_custom_step0_s_20260730_17,521bf991ccaf4d1abd400eff906cd873,0.387,,,
635,2026-07-30,SH601186,7.306969528132984e-05,EXP_LGBModel_Alpha158_csi300_custom_step0_s_20260730_17,521bf991ccaf4d1abd400eff906cd873,0.387,,,
636,2026-07-30,SH601211,-0.002929719246704106,EXP_LGBModel_Alpha158_csi300_custom_step0_s_20260730_17,521bf991ccaf4d1abd400eff906cd873,0.387,,,
637,2026-07-30,SH601225,7.306969528132984e-05,EXP_LGBModel_Alpha158_csi300_custom_step0_s_20260730_17,521bf991ccaf4d1abd400eff906cd873,0.387,,,
638,2026-07-30,SH601229,1.343888098818908e-10,EXP_LGBModel_Alpha158_csi300_custom_step0_s_20260730_17,521bf991ccaf4d1abd400eff906cd873,0.387,,,
639,2026-07-30,SH601238,1.343888098818908e-10,EXP_LGBModel_Alpha158_csi300_custom_step0_s_20260730_17,521bf991ccaf4d1abd400eff906cd873,0.387,,,
640,2026-07-30,SH601288,1.343888098818908e-10,EXP_LGBModel_Alpha158_csi300_custom_step0_s_20260730_17,521bf991ccaf4d1abd400eff906cd873,0.387,,,
641,2026-07-30,SH601318,1.343888098818908e-10,EXP_LGBModel_Alpha158_csi300_custom_step0_s_20260730_17,521bf991ccaf4d1abd400eff906cd873,0.387,,,
642,2026-07-30,SH601319,7.306969528132984e-05,EXP_LGBModel_Alpha158_csi300_custom_step0_s_20260730_17,521bf991ccaf4d1abd400eff906cd873,0.387,,,
643,2026-07-30,SH601136,0.0029812893089722057,EXP_LGBModel_Alpha158_csi300_custom_step0_s_20260730_17,521bf991ccaf4d1abd400eff906cd873,0.387,,,
644,2026-07-30,SH601006,7.306969528132984e-05,EXP_LGBModel_Alpha158_csi300_custom_step0_s_20260730_17,521bf991ccaf4d1abd400eff906cd873,0.387,,,
645,2026-07-30,SH600999,1.343888098818908e-10,EXP_LGBModel_Alpha158_csi300_custom_step0_s_20260730_17,521bf991ccaf4d1abd400eff906cd873,0.387,,,
646,2026-07-30,SH600989,1.343888098818908e-10,EXP_LGBModel_Alpha158_csi300_custom_step0_s_20260730_17,521bf991ccaf4d1abd400eff906cd873,0.387,,,
647,2026-07-30,SH600585,-0.003320408466165625,EXP_LGBModel_Alpha158_csi300_custom_step0_s_20260730_17,521bf991ccaf4d1abd400eff906cd873,0.387,,,
648,2026-07-30,SH600588,0.0027431798320630297,EXP_LGBModel_Alpha158_csi300_custom_step0_s_20260730_17,521bf991ccaf4d1abd400eff906cd873,0.387,,,
649,2026-07-30,SH600600,-0.001466888865973105,EXP_LGBModel_Alpha158_csi300_custom_step0_s_20260730_17,521bf991ccaf4d1abd400eff906cd873,0.387,,,
650,2026-07-30,SH600660,-0.003320408466165625,EXP_LGBModel_Alpha158_csi300_custom_step0_s_20260730_17,521bf991ccaf4d1abd400eff906cd873,0.387,,,
651,2026-07-30,SH600674,7.306969528132984e-05,EXP_LGBModel_Alpha158_csi300_custom_step0_s_20260730_17,521bf991ccaf4d1abd400eff906cd873,0.387,,,
652,2026-07-30,SH600690,0.0006092552100874323,EXP_LGBModel_Alpha158_csi300_custom_step0_s_20260730_17,521bf991ccaf4d1abd400eff906cd873,0.387,,,
653,2026-07-30,SH600741,7.306969528132984e-05,EXP_LGBModel_Alpha158_csi300_custom_step0_s_20260730_17,521bf991ccaf4d1abd400eff906cd873,0.387,,,
654,2026-07-30,SH600760,-0.003320408466165625,EXP_LGBModel_Alpha158_csi300_custom_step0_s_20260730_17,521bf991ccaf4d1abd400eff906cd873,0.387,,,
655,2026-07-30,SH600795,7.306969528132984e-05,EXP_LGBModel_Alpha158_csi300_custom_step0_s_20260730_17,521bf991ccaf4d1abd400eff906cd873,0.387,,,
656,2026-07-30,SH600803,-0.003320408466165625,EXP_LGBModel_Alpha158_csi300_custom_step0_s_20260730_17,521bf991ccaf4d1abd400eff906cd873,0.387,,,
657,2026-07-30,SH600809,-0.003320408466165625,EXP_LGBModel_Alpha158_csi300_custom_step0_s_20260730_17,521bf991ccaf4d1abd400eff906cd873,0.387,,,
658,2026-07-30,SH600845,-0.0017412022654327687,EXP_LGBModel_Alpha158_csi300_custom_step0_s_20260730_17,521bf991ccaf4d1abd400eff906cd873,0.387,,,
659,2026-07-30,SH600875,0.0006755432849943656,EXP_LGBModel_Alpha158_csi300_custom_step0_s_20260730_17,521bf991ccaf4d1abd400eff906cd873,0.387,,,
660,2026-07-30,SH600886,7.306969528132984e-05,EXP_LGBModel_Alpha158_csi300_custom_step0_s_20260730_17,521bf991ccaf4d1abd400eff906cd873,0.387,,,
661,2026-07-30,SH600887,1.343888098818908e-10,EXP_LGBModel_Alpha158_csi300_custom_step0_s_20260730_17,521bf991ccaf4d1abd400eff906cd873,0.387,,,
662,2026-07-30,SH600893,-0.0017412022654327687,EXP_LGBModel_Alpha158_csi300_custom_step0_s_20260730_17,521bf991ccaf4d1abd400eff906cd873,0.387,,,
663,2026-07-30,SH600900,7.306969528132984e-05,EXP_LGBModel_Alpha158_csi300_custom_step0_s_20260730_17,521bf991ccaf4d1abd400eff906cd873,0.387,,,
664,2026-07-30,SH600905,0.0015267680213939727,EXP_LGBModel_Alpha158_csi300_custom_step0_s_20260730_17,521bf991ccaf4d1abd400eff906cd873,0.387,,,
665,2026-07-30,SH600918,-0.002929719246704106,EXP_LGBModel_Alpha158_csi300_custom_step0_s_20260730_17,521bf991ccaf4d1abd400eff906cd873,0.387,,,
666,2026-07-30,SH600919,7.306969528132984e-05,EXP_LGBModel_Alpha158_csi300_custom_step0_s_20260730_17,521bf991ccaf4d1abd400eff906cd873,0.387,,,
667,2026-07-30,SH600926,1.343888098818908e-10,EXP_LGBModel_Alpha158_csi300_custom_step0_s_20260730_17,521bf991ccaf4d1abd400eff906cd873,0.387,,,
668,2026-07-30,SH600930,1.343888098818908e-10,EXP_LGBModel_Alpha158_csi300_custom_step0_s_20260730_17,521bf991ccaf4d1abd400eff906cd873,0.387,,,
669,2026-07-30,SH600938,1.343888098818908e-10,EXP_LGBModel_Alpha158_csi300_custom_step0_s_20260730_17,521bf991ccaf4d1abd400eff906cd873,0.387,,,
670,2026-07-30,SH600941,7.306969528132984e-05,EXP_LGBModel_Alpha158_csi300_custom_step0_s_20260730_17,521bf991ccaf4d1abd400eff906cd873,0.387,,,
671,2026-07-30,SH600958,1.343888098818908e-10,EXP_LGBModel_Alpha158_csi300_custom_step0_s_20260730_17,521bf991ccaf4d1abd400eff906cd873,0.387,,,
672,2026-07-30,SZ001280,-0.0021684301229017073,EXP_LGBModel_Alpha158_csi300_custom_step0_s_20260730_17,521bf991ccaf4d1abd400eff906cd873,0.387,,,
673,2026-07-30,SZ001391,-0.002929719246704106,EXP_LGBModel_Alpha158_csi300_custom_step0_s_20260730_17,521bf991ccaf4d1abd400eff906cd873,0.387,,,
674,2026-07-30,SZ001965,1.343888098818908e-10,EXP_LGBModel_Alpha158_csi300_custom_step0_s_20260730_17,521bf991ccaf4d1abd400eff906cd873,0.387,,,
675,2026-07-30,SZ001979,-0.0017412022654327687,EXP_LGBModel_Alpha158_csi300_custom_step0_s_20260730_17,521bf991ccaf4d1abd400eff906cd873,0.387,,,
676,2026-07-30,SH600809,0.003690844289305832,EXP_LGBModel_Alpha158_csi300_custom_step0_s_20260730_17,ac8e9ee1a9c548a492dec67351b2ed38,0.291,,,
677,2026-07-30,SH600845,-0.00292174042909734,EXP_LGBModel_Alpha158_csi300_custom_step0_s_20260730_17,ac8e9ee1a9c548a492dec67351b2ed38,0.291,,,
678,2026-07-30,SH600875,-4.2419227359285195e-10,EXP_LGBModel_Alpha158_csi300_custom_step0_s_20260730_17,ac8e9ee1a9c548a492dec67351b2ed38,0.291,,,
679,2026-07-30,SH600886,-0.005009444214879021,EXP_LGBModel_Alpha158_csi300_custom_step0_s_20260730_17,ac8e9ee1a9c548a492dec67351b2ed38,0.291,,,
680,2026-07-30,SH600887,-4.2419227359285195e-10,EXP_LGBModel_Alpha158_csi300_custom_step0_s_20260730_17,ac8e9ee1a9c548a492dec67351b2ed38,0.291,,,
681,2026-07-30,SH600893,-0.006287446534411383,EXP_LGBModel_Alpha158_csi300_custom_step0_s_20260730_17,ac8e9ee1a9c548a492dec67351b2ed38,0.291,,,
682,2026-07-30,SH600900,0.0025242430841253024,EXP_LGBModel_Alpha158_csi300_custom_step0_s_20260730_17,ac8e9ee1a9c548a492dec67351b2ed38,0.291,,,
683,2026-07-30,SH600905,-0.0022272236360752675,EXP_LGBModel_Alpha158_csi300_custom_step0_s_20260730_17,ac8e9ee1a9c548a492dec67351b2ed38,0.291,,,
684,2026-07-30,SH600918,8.403421106758591e-05,EXP_LGBModel_Alpha158_csi300_custom_step0_s_20260730_17,ac8e9ee1a9c548a492dec67351b2ed38,0.291,,,
685,2026-07-30,SH600919,0.005134393603900906,EXP_LGBModel_Alpha158_csi300_custom_step0_s_20260730_17,ac8e9ee1a9c548a492dec67351b2ed38,0.291,,,
686,2026-07-30,SH600926,-4.2419227359285195e-10,EXP_LGBModel_Alpha158_csi300_custom_step0_s_20260730_17,ac8e9ee1a9c548a492dec67351b2ed38,0.291,,,
687,2026-07-30,SH600803,0.001397980202369164,EXP_LGBModel_Alpha158_csi300_custom_step0_s_20260730_17,ac8e9ee1a9c548a492dec67351b2ed38,0.291,,,
688,2026-07-30,SH600930,-4.2419227359285195e-10,EXP_LGBModel_Alpha158_csi300_custom_step0_s_20260730_17,ac8e9ee1a9c548a492dec67351b2ed38,0.291,,,
689,2026-07-30,SH600941,0.0030321883562281016,EXP_LGBModel_Alpha158_csi300_custom_step0_s_20260730_17,ac8e9ee1a9c548a492dec67351b2ed38,0.291,,,
690,2026-07-30,SH600958,0.007445651451043759,EXP_LGBModel_Alpha158_csi300_custom_step0_s_20260730_17,ac8e9ee1a9c548a492dec67351b2ed38,0.291,,,
691,2026-07-30,SH600989,-0.0047642897982483196,EXP_LGBModel_Alpha158_csi300_custom_step0_s_20260730_17,ac8e9ee1a9c548a492dec67351b2ed38,0.291,,,
692,2026-07-30,SH600999,-0.005594253134904132,EXP_LGBModel_Alpha158_csi300_custom_step0_s_20260730_17,ac8e9ee1a9c548a492dec67351b2ed38,0.291,,,
693,2026-07-30,SH601006,0.0024988329312865135,EXP_LGBModel_Alpha158_csi300_custom_step0_s_20260730_17,ac8e9ee1a9c548a492dec67351b2ed38,0.291,,,
694,2026-07-30,SH601009,-4.2419227359285195e-10,EXP_LGBModel_Alpha158_csi300_custom_step0_s_20260730_17,ac8e9ee1a9c548a492dec67351b2ed38,0.291,,,
695,2026-07-30,SH601012,-0.004599138228052298,EXP_LGBModel_Alpha158_csi300_custom_step0_s_20260730_17,ac8e9ee1a9c548a492dec67351b2ed38,0.291,,,
696,2026-07-30,SH601018,0.004921407942726183,EXP_LGBModel_Alpha158_csi300_custom_step0_s_20260730_17,ac8e9ee1a9c548a492dec67351b2ed38,0.291,,,
697,2026-07-30,SH601021,0.0026101500955833298,EXP_LGBModel_Alpha158_csi300_custom_step0_s_20260730_17,ac8e9ee1a9c548a492dec67351b2ed38,0.291,,,
698,2026-07-30,SH601058,0.005629866492877939,EXP_LGBModel_Alpha158_csi300_custom_step0_s_20260730_17,ac8e9ee1a9c548a492dec67351b2ed38,0.291,,,
699,2026-07-30,SH601059,0.007445651451043759,EXP_LGBModel_Alpha158_csi300_custom_step0_s_20260730_17,ac8e9ee1a9c548a492dec67351b2ed38,0.291,,,
700,2026-07-30,SH600938,-0.004654793364127327,EXP_LGBModel_Alpha158_csi300_custom_step0_s_20260730_17,ac8e9ee1a9c548a492dec67351b2ed38,0.291,,,
701,2026-07-30,SH601066,-0.007267510677251125,EXP_LGBModel_Alpha158_csi300_custom_step0_s_20260730_17,ac8e9ee1a9c548a492dec67351b2ed38,0.291,,,
702,2026-07-30,SH600795,-0.0047642897982483196,EXP_LGBModel_Alpha158_csi300_custom_step0_s_20260730_17,ac8e9ee1a9c548a492dec67351b2ed38,0.291,,,
703,2026-07-30,SH600741,-0.0047642897982483196,EXP_LGBModel_Alpha158_csi300_custom_step0_s_20260730_17,ac8e9ee1a9c548a492dec67351b2ed38,0.291,,,
704,2026-07-30,SH600346,-0.007354182309658092,EXP_LGBModel_Alpha158_csi300_custom_step0_s_20260730_17,ac8e9ee1a9c548a492dec67351b2ed38,0.291,,,
705,2026-07-30,SH600362,-0.0033657065295063164,EXP_LGBModel_Alpha158_csi300_custom_step0_s_20260730_17,ac8e9ee1a9c548a492dec67351b2ed38,0.291,,,
706,2026-07-30,SH600372,0.0026101500955833298,EXP_LGBModel_Alpha158_csi300_custom_step0_s_20260730_17,ac8e9ee1a9c548a492dec67351b2ed38,0.291,,,
707,2026-07-30,SH600406,-0.0047642897982483196,EXP_LGBModel_Alpha158_csi300_custom_step0_s_20260730_17,ac8e9ee1a9c548a492dec67351b2ed38,0.291,,,
708,2026-07-30,SH600415,0.003690844289305832,EXP_LGBModel_Alpha158_csi300_custom_step0_s_20260730_17,ac8e9ee1a9c548a492dec67351b2ed38,0.291,,,
709,2026-07-30,SH600426,-0.005594253134904132,EXP_LGBModel_Alpha158_csi300_custom_step0_s_20260730_17,ac8e9ee1a9c548a492dec67351b2ed38,0.291,,,
710,2026-07-30,SH600436,0.009397349756586829,EXP_LGBModel_Alpha158_csi300_custom_step0_s_20260730_17,ac8e9ee1a9c548a492dec67351b2ed38,0.291,,,
711,2026-07-30,SH600438,-0.00292174042909734,EXP_LGBModel_Alpha158_csi300_custom_step0_s_20260730_17,ac8e9ee1a9c548a492dec67351b2ed38,0.291,,,
712,2026-07-30,SH600460,0.004421975739667748,EXP_LGBModel_Alpha158_csi300_custom_step0_s_20260730_17,ac8e9ee1a9c548a492dec67351b2ed38,0.291,,,
713,2026-07-30,SH600482,-0.00394050459026221,EXP_LGBModel_Alpha158_csi300_custom_step0_s_20260730_17,ac8e9ee1a9c548a492dec67351b2ed38,0.291,,,
714,2026-07-30,SH600489,-0.004654793364127327,EXP_LGBModel_Alpha158_csi300_custom_step0_s_20260730_17,ac8e9ee1a9c548a492dec67351b2ed38,0.291,,,
715,2026-07-30,SH600760,-0.0033657065295063164,EXP_LGBModel_Alpha158_csi300_custom_step0_s_20260730_17,ac8e9ee1a9c548a492dec67351b2ed38,0.291,,,
716,2026-07-30,SH600515,-0.001733053359222261,EXP_LGBModel_Alpha158_csi300_custom_step0_s_20260730_17,ac8e9ee1a9c548a492dec67351b2ed38,0.291,,,
717,2026-07-30,SH600522,0.004421975739667748,EXP_LGBModel_Alpha158_csi300_custom_step0_s_20260730_17,ac8e9ee1a9c548a492dec67351b2ed38,0.291,,,
718,2026-07-30,SH600547,-0.0015237598025359023,EXP_LGBModel_Alpha158_csi300_custom_step0_s_20260730_17,ac8e9ee1a9c548a492dec67351b2ed38,0.291,,,
719,2026-07-30,SH600549,0.004421975739667748,EXP_LGBModel_Alpha158_csi300_custom_step0_s_20260730_17,ac8e9ee1a9c548a492dec67351b2ed38,0.291,,,
720,2026-07-30,SH600570,-0.004599138228052298,EXP_LGBModel_Alpha158_csi300_custom_step0_s_20260730_17,ac8e9ee1a9c548a492dec67351b2ed38,0.291,,,
721,2026-07-30,SH600584,0.004421975739667748,EXP_LGBModel_Alpha158_csi300_custom_step0_s_20260730_17,ac8e9ee1a9c548a492dec67351b2ed38,0.291,,,
722,2026-07-30,SH600585,-0.005594253134904132,EXP_LGBModel_Alpha158_csi300_custom_step0_s_20260730_17,ac8e9ee1a9c548a492dec67351b2ed38,0.291,,,
723,2026-07-30,SH600588,0.003131033137399151,EXP_LGBModel_Alpha158_csi300_custom_step0_s_20260730_17,ac8e9ee1a9c548a492dec67351b2ed38,0.291,,,
724,2026-07-30,SH600600,0.006163221917819527,EXP_LGBModel_Alpha158_csi300_custom_step0_s_20260730_17,ac8e9ee1a9c548a492dec67351b2ed38,0.291,,,
725,2026-07-30,SH600660,0.003690844289305832,EXP_LGBModel_Alpha158_csi300_custom_step0_s_20260730_17,ac8e9ee1a9c548a492dec67351b2ed38,0.291,,,
726,2026-07-30,SH600674,0.0032679875672647655,EXP_LGBModel_Alpha158_csi300_custom_step0_s_20260730_17,ac8e9ee1a9c548a492dec67351b2ed38,0.291,,,
727,2026-07-30,SH600690,0.00385362391275193,EXP_LGBModel_Alpha158_csi300_custom_step0_s_20260730_17,ac8e9ee1a9c548a492dec67351b2ed38,0.291,,,
728,2026-07-30,SH600519,0.001354790557273143,EXP_LGBModel_Alpha158_csi300_custom_step0_s_20260730_17,ac8e9ee1a9c548a492dec67351b2ed38,0.291,,,
729,2026-07-30,SH601077,0.0025242430841253024,EXP_LGBModel_Alpha158_csi300_custom_step0_s_20260730_17,ac8e9ee1a9c548a492dec67351b2ed38,0.291,,,
730,2026-07-30,SH601088,0.0002970198722423087,EXP_LGBModel_Alpha158_csi300_custom_step0_s_20260730_17,ac8e9ee1a9c548a492dec67351b2ed38,0.291,,,
731,2026-07-30,SH601100,-0.007267510677251125,EXP_LGBModel_Alpha158_csi300_custom_step0_s_20260730_17,ac8e9ee1a9c548a492dec67351b2ed38,0.291,,,
732,2026-07-30,SH601668,0.0008468452851703439,EXP_LGBModel_Alpha158_csi300_custom_step0_s_20260730_17,ac8e9ee1a9c548a492dec67351b2ed38,0.291,,,
733,2026-07-30,SH601669,-4.2419227359285195e-10,EXP_LGBModel_Alpha158_csi300_custom_step0_s_20260730_17,ac8e9ee1a9c548a492dec67351b2ed38,0.291,,,
734,2026-07-30,SH601688,0.000876268714652561,EXP_LGBModel_Alpha158_csi300_custom_step0_s_20260730_17,ac8e9ee1a9c548a492dec67351b2ed38,0.291,,,
735,2026-07-30,SH601689,0.004421975739667748,EXP_LGBModel_Alpha158_csi300_custom_step0_s_20260730_17,ac8e9ee1a9c548a492dec67351b2ed38,0.291,,,
736,2026-07-30,SH601698,0.004975373592726808,EXP_LGBModel_Alpha158_csi300_custom_step0_s_20260730_17,ac8e9ee1a9c548a492dec67351b2ed38,0.291,,,
737,2026-07-30,SH601727,-0.008515993139809198,EXP_LGBModel_Alpha158_csi300_custom_step0_s_20260730_17,ac8e9ee1a9c548a492dec67351b2ed38,0.291,,,
738,2026-07-30,SH601728,-0.005594253134904132,EXP_LGBModel_Alpha158_csi300_custom_step0_s_20260730_17,ac8e9ee1a9c548a492dec67351b2ed38,0.291,,,
739,2026-07-30,SH601766,0.006163221917819527,EXP_LGBModel_Alpha158_csi300_custom_step0_s_20260730_17,ac8e9ee1a9c548a492dec67351b2ed38,0.291,,,
740,2026-07-30,SH601788,0.007445651451043759,EXP_LGBModel_Alpha158_csi300_custom_step0_s_20260730_17,ac8e9ee1a9c548a492dec67351b2ed38,0.291,,,
741,2026-07-30,SH601800,-0.0022272236360752675,EXP_LGBModel_Alpha158_csi300_custom_step0_s_20260730_17,ac8e9ee1a9c548a492dec67351b2ed38,0.291,,,
742,2026-07-30,SH601816,-0.0047642897982483196,EXP_LGBModel_Alpha158_csi300_custom_step0_s_20260730_17,ac8e9ee1a9c548a492dec67351b2ed38,0.291,,,
743,2026-07-30,SH601658,0.004835500931268156,EXP_LGBModel_Alpha158_csi300_custom_step0_s_20260730_17,ac8e9ee1a9c548a492dec67351b2ed38,0.291,,,
744,2026-07-30,SH601818,0.0025242430841253024,EXP_LGBModel_Alpha158_csi300_custom_step0_s_20260730_17,ac8e9ee1a9c548a492dec67351b2ed38,0.291,,,
745,2026-07-30,SH601838,0.007445651451043759,EXP_LGBModel_Alpha158_csi300_custom_step0_s_20260730_17,ac8e9ee1a9c548a492dec67351b2ed38,0.291,,,
746,2026-07-30,SH601857,-4.2419227359285195e-10,EXP_LGBModel_Alpha158_csi300_custom_step0_s_20260730_17,ac8e9ee1a9c548a492dec67351b2ed38,0.291,,,
747,2026-07-30,SH601868,0.0005604212668514373,EXP_LGBModel_Alpha158_csi300_custom_step0_s_20260730_17,ac8e9ee1a9c548a492dec67351b2ed38,0.291,,,
748,2026-07-30,SH601872,0.009750119100626191,EXP_LGBModel_Alpha158_csi300_custom_step0_s_20260730_17,ac8e9ee1a9c548a492dec67351b2ed38,0.291,,,
749,2026-07-30,SH601877,-0.005458806591270392,EXP_LGBModel_Alpha158_csi300_custom_step0_s_20260730_17,ac8e9ee1a9c548a492dec67351b2ed38,0.291,,,
750,2026-07-30,SH601878,0.005134393603900906,EXP_LGBModel_Alpha158_csi300_custom_step0_s_20260730_17,ac8e9ee1a9c548a492dec67351b2ed38,0.291,,,
751,2026-07-30,SH601881,0.005134393603900906,EXP_LGBModel_Alpha158_csi300_custom_step0_s_20260730_17,ac8e9ee1a9c548a492dec67351b2ed38,0.291,,,
752,2026-07-30,SH601888,0.003131033137399151,EXP_LGBModel_Alpha158_csi300_custom_step0_s_20260730_17,ac8e9ee1a9c548a492dec67351b2ed38,0.291,,,
753,2026-07-30,SH601898,-0.007686029803153386,EXP_LGBModel_Alpha158_csi300_custom_step0_s_20260730_17,ac8e9ee1a9c548a492dec67351b2ed38,0.291,,,
754,2026-07-30,SH601899,-0.007236667426762015,EXP_LGBModel_Alpha158_csi300_custom_step0_s_20260730_17,ac8e9ee1a9c548a492dec67351b2ed38,0.291,,,
755,2026-07-30,SH601901,0.004835500931268156,EXP_LGBModel_Alpha158_csi300_custom_step0_s_20260730_17,ac8e9ee1a9c548a492dec67351b2ed38,0.291,,,
756,2026-07-30,SH601825,0.006163221917819527,EXP_LGBModel_Alpha158_csi300_custom_step0_s_20260730_17,ac8e9ee1a9c548a492dec67351b2ed38,0.291,,,
757,2026-07-30,SH601633,-0.008515993139809198,EXP_LGBModel_Alpha158_csi300_custom_step0_s_20260730_17,ac8e9ee1a9c548a492dec67351b2ed38,0.291,,,
758,2026-07-30,SH601628,-0.007236667426762015,EXP_LGBModel_Alpha158_csi300_custom_step0_s_20260730_17,ac8e9ee1a9c548a492dec67351b2ed38,0.291,,,
759,2026-07-30,SH601618,-4.2419227359285195e-10,EXP_LGBModel_Alpha158_csi300_custom_step0_s_20260730_17,ac8e9ee1a9c548a492dec67351b2ed38,0.291,,,
760,2026-07-30,SH601111,-0.00292174042909734,EXP_LGBModel_Alpha158_csi300_custom_step0_s_20260730_17,ac8e9ee1a9c548a492dec67351b2ed38,0.291,,,
761,2026-07-30,SH601117,0.004921407942726183,EXP_LGBModel_Alpha158_csi300_custom_step0_s_20260730_17,ac8e9ee1a9c548a492dec67351b2ed38,0.291,,,
762,2026-07-30,SH601127,-0.006332191163082286,EXP_LGBModel_Alpha158_csi300_custom_step0_s_20260730_17,ac8e9ee1a9c548a492dec67351b2ed38,0.291,,,
763,2026-07-30,SH601136,-0.0020446428443517237,EXP_LGBModel_Alpha158_csi300_custom_step0_s_20260730_17,ac8e9ee1a9c548a492dec67351b2ed38,0.291,,,
764,2026-07-30,SH601138,0.009397349756586829,EXP_LGBModel_Alpha158_csi300_custom_step0_s_20260730_17,ac8e9ee1a9c548a492dec67351b2ed38,0.291,,,
765,2026-07-30,SH601166,0.006163221917819527,EXP_LGBModel_Alpha158_csi300_custom_step0_s_20260730_17,ac8e9ee1a9c548a492dec67351b2ed38,0.291,,,
766,2026-07-30,SH601169,0.0025242430841253024,EXP_LGBModel_Alpha158_csi300_custom_step0_s_20260730_17,ac8e9ee1a9c548a492dec67351b2ed38,0.291,,,
767,2026-07-30,SH601186,0.0025242430841253024,EXP_LGBModel_Alpha158_csi300_custom_step0_s_20260730_17,ac8e9ee1a9c548a492dec67351b2ed38,0.291,,,
768,2026-07-30,SH601211,0.002608277719385162,EXP_LGBModel_Alpha158_csi300_custom_step0_s_20260730_17,ac8e9ee1a9c548a492dec67351b2ed38,0.291,,,
769,2026-07-30,SH601225,0.0025242430841253024,EXP_LGBModel_Alpha158_csi300_custom_step0_s_20260730_17,ac8e9ee1a9c548a492dec67351b2ed38,0.291,,,
770,2026-07-30,SH601229,0.0030321883562281016,EXP_LGBModel_Alpha158_csi300_custom_step0_s_20260730_17,ac8e9ee1a9c548a492dec67351b2ed38,0.291,,,
771,2026-07-30,SH601238,-0.004654793364127327,EXP_LGBModel_Alpha158_csi300_custom_step0_s_20260730_17,ac8e9ee1a9c548a492dec67351b2ed38,0.291,,,
772,2026-07-30,SH601288,0.006163221917819527,EXP_LGBModel_Alpha158_csi300_custom_step0_s_20260730_17,ac8e9ee1a9c548a492dec67351b2ed38,0.291,,,
773,2026-07-30,SH601318,-4.2419227359285195e-10,EXP_LGBModel_Alpha158_csi300_custom_step0_s_20260730_17,ac8e9ee1a9c548a492dec67351b2ed38,0.291,,,
774,2026-07-30,SH601319,0.002608277719385162,EXP_LGBModel_Alpha158_csi300_custom_step0_s_20260730_17,ac8e9ee1a9c548a492dec67351b2ed38,0.291,,,
775,2026-07-30,SH601328,0.006163221917819527,EXP_LGBModel_Alpha158_csi300_custom_step0_s_20260730_17,ac8e9ee1a9c548a492dec67351b2ed38,0.291,,,
776,2026-07-30,SH601336,0.002717713002224242,EXP_LGBModel_Alpha158_csi300_custom_step0_s_20260730_17,ac8e9ee1a9c548a492dec67351b2ed38,0.291,,,
777,2026-07-30,SH601360,-0.0019624220852364834,EXP_LGBModel_Alpha158_csi300_custom_step0_s_20260730_17,ac8e9ee1a9c548a492dec67351b2ed38,0.291,,,
778,2026-07-30,SH601377,0.005134393603900906,EXP_LGBModel_Alpha158_csi300_custom_step0_s_20260730_17,ac8e9ee1a9c548a492dec67351b2ed38,0.291,,,
779,2026-07-30,SH601390,-4.2419227359285195e-10,EXP_LGBModel_Alpha158_csi300_custom_step0_s_20260730_17,ac8e9ee1a9c548a492dec67351b2ed38,0.291,,,
780,2026-07-30,SH601398,0.006163221917819527,EXP_LGBModel_Alpha158_csi300_custom_step0_s_20260730_17,ac8e9ee1a9c548a492dec67351b2ed38,0.291,,,
781,2026-07-30,SH601456,0.004921407942726183,EXP_LGBModel_Alpha158_csi300_custom_step0_s_20260730_17,ac8e9ee1a9c548a492dec67351b2ed38,0.291,,,
782,2026-07-30,SH601600,-0.007686029803153386,EXP_LGBModel_Alpha158_csi300_custom_step0_s_20260730_17,ac8e9ee1a9c548a492dec67351b2ed38,0.291,,,
783,2026-07-30,SH601601,-0.0016773982231472321,EXP_LGBModel_Alpha158_csi300_custom_step0_s_20260730_17,ac8e9ee1a9c548a492dec67351b2ed38,0.291,,,
784,2026-07-30,SH601607,0.004835500931268156,EXP_LGBModel_Alpha158_csi300_custom_step0_s_20260730_17,ac8e9ee1a9c548a492dec67351b2ed38,0.291,,,
785,2026-07-30,SH600309,-0.001733053359222261,EXP_LGBModel_Alpha158_csi300_custom_step0_s_20260730_17,ac8e9ee1a9c548a492dec67351b2ed38,0.291,,,
786,2026-07-30,SZ301308,0.2690808205568822,EXP_DEnsembleModel_Alpha158_csi300_custom_step0_s_20260730_14,989b28e9719b4c879c6b1e6a25594660,0.322,,,
787,2026-07-30,SH600276,-0.004656726891607408,EXP_LGBModel_Alpha158_csi300_custom_step0_s_20260730_17,ac8e9ee1a9c548a492dec67351b2ed38,0.291,,,
788,2026-07-30,SH600221,0.0005604212668514373,EXP_LGBModel_Alpha158_csi300_custom_step0_s_20260730_17,ac8e9ee1a9c548a492dec67351b2ed38,0.291,,,
789,2026-07-30,SZ002600,0.00335674569274819,EXP_LGBModel_Alpha158_csi300_custom_step0_s_20260730_17,521bf991ccaf4d1abd400eff906cd873,0.387,,,
790,2026-07-30,SZ002602,-0.0017412022654327687,EXP_LGBModel_Alpha158_csi300_custom_step0_s_20260730_17,521bf991ccaf4d1abd400eff906cd873,0.387,,,
791,2026-07-30,SZ002625,-0.0017412022654327687,EXP_LGBModel_Alpha158_csi300_custom_step0_s_20260730_17,521bf991ccaf4d1abd400eff906cd873,0.387,,,
792,2026-07-30,SZ002648,-0.003320408466165625,EXP_LGBModel_Alpha158_csi300_custom_step0_s_20260730_17,521bf991ccaf4d1abd400eff906cd873,0.387,,,
793,2026-07-30,SZ002709,1.343888098818908e-10,EXP_LGBModel_Alpha158_csi300_custom_step0_s_20260730_17,521bf991ccaf4d1abd400eff906cd873,0.387,,,
794,2026-07-30,SZ002714,-0.002929719246704106,EXP_LGBModel_Alpha158_csi300_custom_step0_s_20260730_17,521bf991ccaf4d1abd400eff906cd873,0.387,,,
795,2026-07-30,SZ002736,0.0029812893089722057,EXP_LGBModel_Alpha158_csi300_custom_step0_s_20260730_17,521bf991ccaf4d1abd400eff906cd873,0.387,,,
796,2026-07-30,SZ002837,0.00335674569274819,EXP_LGBModel_Alpha158_csi300_custom_step0_s_20260730_17,521bf991ccaf4d1abd400eff906cd873,0.387,,,
797,2026-07-30,SZ002916,0.00335674569274819,EXP_LGBModel_Alpha158_csi300_custom_step0_s_20260730_17,521bf991ccaf4d1abd400eff906cd873,0.387,,,
798,2026-07-30,SZ002920,0.0027431798320630297,EXP_LGBModel_Alpha158_csi300_custom_step0_s_20260730_17,521bf991ccaf4d1abd400eff906cd873,0.387,,,
799,2026-07-30,SZ002938,0.00335674569274819,EXP_LGBModel_Alpha158_csi300_custom_step0_s_20260730_17,521bf991ccaf4d1abd400eff906cd873,0.387,,,
800,2026-07-30,SZ002594,7.306969528132984e-05,EXP_LGBModel_Alpha158_csi300_custom_step0_s_20260730_17,521bf991ccaf4d1abd400eff906cd873,0.387,,,
801,2026-07-30,SZ003816,7.306969528132984e-05,EXP_LGBModel_Alpha158_csi300_custom_step0_s_20260730_17,521bf991ccaf4d1abd400eff906cd873,0.387,,,
802,2026-07-30,SZ300015,-0.003320408466165625,EXP_LGBModel_Alpha158_csi300_custom_step0_s_20260730_17,521bf991ccaf4d1abd400eff906cd873,0.387,,,
803,2026-07-30,SZ300033,1.343888098818908e-10,EXP_LGBModel_Alpha158_csi300_custom_step0_s_20260730_17,521bf991ccaf4d1abd400eff906cd873,0.387,,,
804,2026-07-30,SZ300059,1.343888098818908e-10,EXP_LGBModel_Alpha158_csi300_custom_step0_s_20260730_17,521bf991ccaf4d1abd400eff906cd873,0.387,,,
805,2026-07-30,SZ300122,1.343888098818908e-10,EXP_LGBModel_Alpha158_csi300_custom_step0_s_20260730_17,521bf991ccaf4d1abd400eff906cd873,0.387,,,
806,2026-07-30,SZ300124,1.343888098818908e-10,EXP_LGBModel_Alpha158_csi300_custom_step0_s_20260730_17,521bf991ccaf4d1abd400eff906cd873,0.387,,,
807,2026-07-30,SZ300251,-0.0017412022654327687,EXP_LGBModel_Alpha158_csi300_custom_step0_s_20260730_17,521bf991ccaf4d1abd400eff906cd873,0.387,,,
808,2026-07-30,SZ300274,0.00335674569274819,EXP_LGBModel_Alpha158_csi300_custom_step0_s_20260730_17,521bf991ccaf4d1abd400eff906cd873,0.387,,,
809,2026-07-30,SZ300308,1.343888098818908e-10,EXP_LGBModel_Alpha158_csi300_custom_step0_s_20260730_17,521bf991ccaf4d1abd400eff906cd873,0.387,,,
810,2026-07-30,SZ300316,0.00335674569274819,EXP_LGBModel_Alpha158_csi300_custom_step0_s_20260730_17,521bf991ccaf4d1abd400eff906cd873,0.387,,,
811,2026-07-30,SZ300394,0.00335674569274819,EXP_LGBModel_Alpha158_csi300_custom_step0_s_20260730_17,521bf991ccaf4d1abd400eff906cd873,0.387,,,
812,2026-07-30,SZ300408,1.343888098818908e-10,EXP_LGBModel_Alpha158_csi300_custom_step0_s_20260730_17,521bf991ccaf4d1abd400eff906cd873,0.387,,,
813,2026-07-30,SZ300014,1.343888098818908e-10,EXP_LGBModel_Alpha158_csi300_custom_step0_s_20260730_17,521bf991ccaf4d1abd400eff906cd873,0.387,,,
814,2026-07-30,SZ300413,-0.0017412022654327687,EXP_LGBModel_Alpha158_csi300_custom_step0_s_20260730_17,521bf991ccaf4d1abd400eff906cd873,0.387,,,
815,2026-07-30,SZ002558,-0.0017412022654327687,EXP_LGBModel_Alpha158_csi300_custom_step0_s_20260730_17,521bf991ccaf4d1abd400eff906cd873,0.387,,,
816,2026-07-30,SZ002493,-0.003320408466165625,EXP_LGBModel_Alpha158_csi300_custom_step0_s_20260730_17,521bf991ccaf4d1abd400eff906cd873,0.387,,,
817,2026-07-30,SZ002001,1.343888098818908e-10,EXP_LGBModel_Alpha158_csi300_custom_step0_s_20260730_17,521bf991ccaf4d1abd400eff906cd873,0.387,,,
818,2026-07-30,SZ002027,-0.003320408466165625,EXP_LGBModel_Alpha158_csi300_custom_step0_s_20260730_17,521bf991ccaf4d1abd400eff906cd873,0.387,,,
819,2026-07-30,SZ002028,0.0006755432849943656,EXP_LGBModel_Alpha158_csi300_custom_step0_s_20260730_17,521bf991ccaf4d1abd400eff906cd873,0.387,,,
820,2026-07-30,SZ002049,0.00335674569274819,EXP_LGBModel_Alpha158_csi300_custom_step0_s_20260730_17,521bf991ccaf4d1abd400eff906cd873,0.387,,,
821,2026-07-30,SZ002050,0.00335674569274819,EXP_LGBModel_Alpha158_csi300_custom_step0_s_20260730_17,521bf991ccaf4d1abd400eff906cd873,0.387,,,
822,2026-07-30,SZ002074,1.343888098818908e-10,EXP_LGBModel_Alpha158_csi300_custom_step0_s_20260730_17,521bf991ccaf4d1abd400eff906cd873,0.387,,,
823,2026-07-30,SZ002142,7.306969528132984e-05,EXP_LGBModel_Alpha158_csi300_custom_step0_s_20260730_17,521bf991ccaf4d1abd400eff906cd873,0.387,,,
824,2026-07-30,SZ002179,1.343888098818908e-10,EXP_LGBModel_Alpha158_csi300_custom_step0_s_20260730_17,521bf991ccaf4d1abd400eff906cd873,0.387,,,
825,2026-07-30,SZ002202,0.00335674569274819,EXP_LGBModel_Alpha158_csi300_custom_step0_s_20260730_17,521bf991ccaf4d1abd400eff906cd873,0.387,,,
826,2026-07-30,SZ002230,-0.0017412022654327687,EXP_LGBModel_Alpha158_csi300_custom_step0_s_20260730_17,521bf991ccaf4d1abd400eff906cd873,0.387,,,
827,2026-07-30,SZ002236,1.343888098818908e-10,EXP_LGBModel_Alpha158_csi300_custom_step0_s_20260730_17,521bf991ccaf4d1abd400eff906cd873,0.387,,,
828,2026-07-30,SZ002532,-0.0017412022654327687,EXP_LGBModel_Alpha158_csi300_custom_step0_s_20260730_17,521bf991ccaf4d1abd400eff906cd873,0.387,,,
829,2026-07-30,SZ002241,-0.002929719246704106,EXP_LGBModel_Alpha158_csi300_custom_step0_s_20260730_17,521bf991ccaf4d1abd400eff906cd873,0.387,,,
830,2026-07-30,SZ002311,-0.002929719246704106,EXP_LGBModel_Alpha158_csi300_custom_step0_s_20260730_17,521bf991ccaf4d1abd400eff906cd873,0.387,,,
831,2026-07-30,SZ002352,7.306969528132984e-05,EXP_LGBModel_Alpha158_csi300_custom_step0_s_20260730_17,521bf991ccaf4d1abd400eff906cd873,0.387,,,
832,2026-07-30,SZ002353,0.00335674569274819,EXP_LGBModel_Alpha158_csi300_custom_step0_s_20260730_17,521bf991ccaf4d1abd400eff906cd873,0.387,,,
833,2026-07-30,SZ002371,0.0006755432849943656,EXP_LGBModel_Alpha158_csi300_custom_step0_s_20260730_17,521bf991ccaf4d1abd400eff906cd873,0.387,,,
834,2026-07-30,SZ002384,1.343888098818908e-10,EXP_LGBModel_Alpha158_csi300_custom_step0_s_20260730_17,521bf991ccaf4d1abd400eff906cd873,0.387,,,
835,2026-07-30,SZ002415,1.343888098818908e-10,EXP_LGBModel_Alpha158_csi300_custom_step0_s_20260730_17,521bf991ccaf4d1abd400eff906cd873,0.387,,,
836,2026-07-30,SZ002422,0.002317753698729221,EXP_LGBModel_Alpha158_csi300_custom_step0_s_20260730_17,521bf991ccaf4d1abd400eff906cd873,0.387,,,
837,2026-07-30,SZ002460,0.00335674569274819,EXP_LGBModel_Alpha158_csi300_custom_step0_s_20260730_17,521bf991ccaf4d1abd400eff906cd873,0.387,,,
838,2026-07-30,SZ002463,0.00335674569274819,EXP_LGBModel_Alpha158_csi300_custom_step0_s_20260730_17,521bf991ccaf4d1abd400eff906cd873,0.387,,,
839,2026-07-30,SZ002466,0.00335674569274819,EXP_LGBModel_Alpha158_csi300_custom_step0_s_20260730_17,521bf991ccaf4d1abd400eff906cd873,0.387,,,
840,2026-07-30,SZ002475,0.0006755432849943656,EXP_LGBModel_Alpha158_csi300_custom_step0_s_20260730_17,521bf991ccaf4d1abd400eff906cd873,0.387,,,
841,2026-07-30,SZ002304,-0.001466888865973105,EXP_LGBModel_Alpha158_csi300_custom_step0_s_20260730_17,521bf991ccaf4d1abd400eff906cd873,0.387,,,
842,2026-07-30,SZ300418,-0.0021684301229017073,EXP_LGBModel_Alpha158_csi300_custom_step0_s_20260730_17,521bf991ccaf4d1abd400eff906cd873,0.387,,,
843,2026-07-30,SZ300433,1.343888098818908e-10,EXP_LGBModel_Alpha158_csi300_custom_step0_s_20260730_17,521bf991ccaf4d1abd400eff906cd873,0.387,,,
844,2026-07-30,SZ300442,1.343888098818908e-10,EXP_LGBModel_Alpha158_csi300_custom_step0_s_20260730_17,521bf991ccaf4d1abd400eff906cd873,0.387,,,
845,2026-07-30,SH600027,-0.0047642897982483196,EXP_LGBModel_Alpha158_csi300_custom_step0_s_20260730_17,ac8e9ee1a9c548a492dec67351b2ed38,0.291,,,
846,2026-07-30,SH600028,0.0008468452851703439,EXP_LGBModel_Alpha158_csi300_custom_step0_s_20260730_17,ac8e9ee1a9c548a492dec67351b2ed38,0.291,,,
847,2026-07-30,SH600029,0.0023112574229505797,EXP_LGBModel_Alpha158_csi300_custom_step0_s_20260730_17,ac8e9ee1a9c548a492dec67351b2ed38,0.291,,,
848,2026-07-30,SH600030,0.005134393603900906,EXP_LGBModel_Alpha158_csi300_custom_step0_s_20260730_17,ac8e9ee1a9c548a492dec67351b2ed38,0.291,,,
849,2026-07-30,SH600031,-0.005594253134904132,EXP_LGBModel_Alpha158_csi300_custom_step0_s_20260730_17,ac8e9ee1a9c548a492dec67351b2ed38,0.291,,,
850,2026-07-30,SH600036,0.0030321883562281016,EXP_LGBModel_Alpha158_csi300_custom_step0_s_20260730_17,ac8e9ee1a9c548a492dec67351b2ed38,0.291,,,
851,2026-07-30,SH600039,-0.005767909808755936,EXP_LGBModel_Alpha158_csi300_custom_step0_s_20260730_17,ac8e9ee1a9c548a492dec67351b2ed38,0.291,,,
852,2026-07-30,SH600048,-0.0034104511581772197,EXP_LGBModel_Alpha158_csi300_custom_step0_s_20260730_17,ac8e9ee1a9c548a492dec67351b2ed38,0.291,,,
853,2026-07-30,SH600050,-0.0022272236360752675,EXP_LGBModel_Alpha158_csi300_custom_step0_s_20260730_17,ac8e9ee1a9c548a492dec67351b2ed38,0.291,,,
854,2026-07-30,SH600061,0.005134393603900906,EXP_LGBModel_Alpha158_csi300_custom_step0_s_20260730_17,ac8e9ee1a9c548a492dec67351b2ed38,0.291,,,
855,2026-07-30,SH600066,-0.008066630763417827,EXP_LGBModel_Alpha158_csi300_custom_step0_s_20260730_17,ac8e9ee1a9c548a492dec67351b2ed38,0.291,,,
856,2026-07-30,SH600026,0.009750119100626191,EXP_LGBModel_Alpha158_csi300_custom_step0_s_20260730_17,ac8e9ee1a9c548a492dec67351b2ed38,0.291,,,
857,2026-07-30,SH600085,-0.0047642897982483196,EXP_LGBModel_Alpha158_csi300_custom_step0_s_20260730_17,ac8e9ee1a9c548a492dec67351b2ed38,0.291,,,
858,2026-07-30,SH600104,-0.001733053359222261,EXP_LGBModel_Alpha158_csi300_custom_step0_s_20260730_17,ac8e9ee1a9c548a492dec67351b2ed38,0.291,,,
859,2026-07-30,SH600111,0.004975373592726808,EXP_LGBModel_Alpha158_csi300_custom_step0_s_20260730_17,ac8e9ee1a9c548a492dec67351b2ed38,0.291,,,
860,2026-07-30,SH600115,-0.004296995761119285,EXP_LGBModel_Alpha158_csi300_custom_step0_s_20260730_17,ac8e9ee1a9c548a492dec67351b2ed38,0.291,,,
861,2026-07-30,SH600118,0.004421975739667748,EXP_LGBModel_Alpha158_csi300_custom_step0_s_20260730_17,ac8e9ee1a9c548a492dec67351b2ed38,0.291,,,
862,2026-07-30,SH600150,-0.008097474013906937,EXP_LGBModel_Alpha158_csi300_custom_step0_s_20260730_17,ac8e9ee1a9c548a492dec67351b2ed38,0.291,,,
863,2026-07-30,SH600160,0.014838683243201868,EXP_LGBModel_Alpha158_csi300_custom_step0_s_20260730_17,ac8e9ee1a9c548a492dec67351b2ed38,0.291,,,
864,2026-07-30,SH600176,0.004421975739667748,EXP_LGBModel_Alpha158_csi300_custom_step0_s_20260730_17,ac8e9ee1a9c548a492dec67351b2ed38,0.291,,,
865,2026-07-30,SH600183,0.009397349756586829,EXP_LGBModel_Alpha158_csi300_custom_step0_s_20260730_17,ac8e9ee1a9c548a492dec67351b2ed38,0.291,,,
866,2026-07-30,SH600188,-0.007686029803153386,EXP_LGBModel_Alpha158_csi300_custom_step0_s_20260730_17,ac8e9ee1a9c548a492dec67351b2ed38,0.291,,,
867,2026-07-30,SH600196,-0.003258143622865404,EXP_LGBModel_Alpha158_csi300_custom_step0_s_20260730_17,ac8e9ee1a9c548a492dec67351b2ed38,0.291,,,
868,2026-07-30,SH600219,-0.0047642897982483196,EXP_LGBModel_Alpha158_csi300_custom_step0_s_20260730_17,ac8e9ee1a9c548a492dec67351b2ed38,0.291,,,
869,2026-07-30,SH600089,-0.007686029803153386,EXP_LGBModel_Alpha158_csi300_custom_step0_s_20260730_17,ac8e9ee1a9c548a492dec67351b2ed38,0.291,,,
870,2026-07-30,SH600025,0.0002970198722423087,EXP_LGBModel_Alpha158_csi300_custom_step0_s_20260730_17,ac8e9ee1a9c548a492dec67351b2ed38,0.291,,,
871,2026-07-30,SH600023,0.0007437440589471892,EXP_LGBModel_Alpha158_csi300_custom_step0_s_20260730_17,ac8e9ee1a9c548a492dec67351b2ed38,0.291,,,
872,2026-07-30,SH600019,0.008662055273298315,EXP_LGBModel_Alpha158_csi300_custom_step0_s_20260730_17,ac8e9ee1a9c548a492dec67351b2ed38,0.291,,,
873,2026-07-30,SZ300450,1.343888098818908e-10,EXP_LGBModel_Alpha158_csi300_custom_step0_s_20260730_17,521bf991ccaf4d1abd400eff906cd873,0.387,,,
874,2026-07-30,SZ300476,1.343888098818908e-10,EXP_LGBModel_Alpha158_csi300_custom_step0_s_20260730_17,521bf991ccaf4d1abd400eff906cd873,0.387,,,
875,2026-07-30,SZ300498,-0.002929719246704106,EXP_LGBModel_Alpha158_csi300_custom_step0_s_20260730_17,521bf991ccaf4d1abd400eff906cd873,0.387,,,
876,2026-07-30,SZ300502,0.00335674569274819,EXP_LGBModel_Alpha158_csi300_custom_step0_s_20260730_17,521bf991ccaf4d1abd400eff906cd873,0.387,,,
877,2026-07-30,SZ300628,-0.003320408466165625,EXP_LGBModel_Alpha158_csi300_custom_step0_s_20260730_17,521bf991ccaf4d1abd400eff906cd873,0.387,,,
878,2026-07-30,SZ300661,0.00335674569274819,EXP_LGBModel_Alpha158_csi300_custom_step0_s_20260730_17,521bf991ccaf4d1abd400eff906cd873,0.387,,,
879,2026-07-30,SZ300750,1.343888098818908e-10,EXP_LGBModel_Alpha158_csi300_custom_step0_s_20260730_17,521bf991ccaf4d1abd400eff906cd873,0.387,,,
880,2026-07-30,SZ300760,-0.003320408466165625,EXP_LGBModel_Alpha158_csi300_custom_step0_s_20260730_17,521bf991ccaf4d1abd400eff906cd873,0.387,,,
881,2026-07-30,SZ300803,0.00335674569274819,EXP_LGBModel_Alpha158_csi300_custom_step0_s_20260730_17,521bf991ccaf4d1abd400eff906cd873,0.387,,,
882,2026-07-30,SZ300832,-0.003320408466165625,EXP_LGBModel_Alpha158_csi300_custom_step0_s_20260730_17,521bf991ccaf4d1abd400eff906cd873,0.387,,,
883,2026-07-30,SZ300866,-0.003320408466165625,EXP_LGBModel_Alpha158_csi300_custom_step0_s_20260730_17,521bf991ccaf4d1abd400eff906cd873,0.387,,,
884,2026-07-30,SZ300896,1.343888098818908e-10,EXP_LGBModel_Alpha158_csi300_custom_step0_s_20260730_17,521bf991ccaf4d1abd400eff906cd873,0.387,,,
885,2026-07-30,SZ300999,7.306969528132984e-05,EXP_LGBModel_Alpha158_csi300_custom_step0_s_20260730_17,521bf991ccaf4d1abd400eff906cd873,0.387,,,
886,2026-07-30,SZ301165,0.002317753698729221,EXP_LGBModel_Alpha158_csi300_custom_step0_s_20260730_17,521bf991ccaf4d1abd400eff906cd873,0.387,,,
887,2026-07-30,SZ301236,-0.0021684301229017073,EXP_LGBModel_Alpha158_csi300_custom_step0_s_20260730_17,521bf991ccaf4d1abd400eff906cd873,0.387,,,
888,2026-07-30,SZ301269,0.00335674569274819,EXP_LGBModel_Alpha158_csi300_custom_step0_s_20260730_17,521bf991ccaf4d1abd400eff906cd873,0.387,,,
889,2026-07-30,SZ301308,0.00335674569274819,EXP_LGBModel_Alpha158_csi300_custom_step0_s_20260730_17,521bf991ccaf4d1abd400eff906cd873,0.387,,,
890,2026-07-30,SZ302132,-0.0017412022654327687,EXP_LGBModel_Alpha158_csi300_custom_step0_s_20260730_17,521bf991ccaf4d1abd400eff906cd873,0.387,,,
891,2026-07-30,SH600000,0.006163221917819527,EXP_LGBModel_Alpha158_csi300_custom_step0_s_20260730_17,ac8e9ee1a9c548a492dec67351b2ed38,0.291,,,
892,2026-07-30,SH600009,-0.001733053359222261,EXP_LGBModel_Alpha158_csi300_custom_step0_s_20260730_17,ac8e9ee1a9c548a492dec67351b2ed38,0.291,,,
893,2026-07-30,SH600010,0.0005604212668514373,EXP_LGBModel_Alpha158_csi300_custom_step0_s_20260730_17,ac8e9ee1a9c548a492dec67351b2ed38,0.291,,,
894,2026-07-30,SH600011,-0.003750380372238331,EXP_LGBModel_Alpha158_csi300_custom_step0_s_20260730_17,ac8e9ee1a9c548a492dec67351b2ed38,0.291,,,
895,2026-07-30,SH600015,0.006163221917819527,EXP_LGBModel_Alpha158_csi300_custom_step0_s_20260730_17,ac8e9ee1a9c548a492dec67351b2ed38,0.291,,,
896,2026-07-30,SH600016,0.0025242430841253024,EXP_LGBModel_Alpha158_csi300_custom_step0_s_20260730_17,ac8e9ee1a9c548a492dec67351b2ed38,0.291,,,
897,2026-07-30,SH600018,0.0025242430841253024,EXP_LGBModel_Alpha158_csi300_custom_step0_s_20260730_17,ac8e9ee1a9c548a492dec67351b2ed38,0.291,,,
898,2026-07-30,SH600233,-0.005594253134904132,EXP_LGBModel_Alpha158_csi300_custom_step0_s_20260730_17,ac8e9ee1a9c548a492dec67351b2ed38,0.291,,,
899,2026-07-30,SZ302132,-0.023367987501180756,EXP_DEnsembleModel_Alpha158_csi300_custom_step0_s_20260730_14,989b28e9719b4c879c6b1e6a25594660,0.322,,,
