,datetime,instrument,score,exp_name,rid,weight,real_label,error,abs_error
0,2026-07-31,SH600000,-0.0009401104218214026,EXP_CatBoostModel_Alpha158_csi300_custom_step0_s_20260802_16,ff5acd9722734f8e974b37909ef3fa08,0.227,,,
1,2026-07-31,SZ000617,-0.009887195884644777,EXP_LGBModel_Alpha158_csi300_custom_step0_s_20260802_16,62cbcd9f68e54196ac5f192f054b63c8,0.212,,,
2,2026-07-31,SZ000596,-0.005052611526787565,EXP_LGBModel_Alpha158_csi300_custom_step0_s_20260802_16,62cbcd9f68e54196ac5f192f054b63c8,0.212,,,
3,2026-07-31,SZ000568,0.0009176475617400878,EXP_LGBModel_Alpha158_csi300_custom_step0_s_20260802_16,62cbcd9f68e54196ac5f192f054b63c8,0.212,,,
4,2026-07-31,SZ000538,0.002310033059748074,EXP_LGBModel_Alpha158_csi300_custom_step0_s_20260802_16,62cbcd9f68e54196ac5f192f054b63c8,0.212,,,
5,2026-07-31,SZ000425,-0.006100183806420563,EXP_LGBModel_Alpha158_csi300_custom_step0_s_20260802_16,62cbcd9f68e54196ac5f192f054b63c8,0.212,,,
6,2026-07-31,SZ000408,0.0036831100025914183,EXP_LGBModel_Alpha158_csi300_custom_step0_s_20260802_16,62cbcd9f68e54196ac5f192f054b63c8,0.212,,,
7,2026-07-31,SZ000625,0.0023766334683993015,EXP_LGBModel_Alpha158_csi300_custom_step0_s_20260802_16,62cbcd9f68e54196ac5f192f054b63c8,0.212,,,
8,2026-07-31,SZ000338,-0.007851214659966209,EXP_LGBModel_Alpha158_csi300_custom_step0_s_20260802_16,62cbcd9f68e54196ac5f192f054b63c8,0.212,,,
9,2026-07-31,SZ000301,-0.007796573198951818,EXP_LGBModel_Alpha158_csi300_custom_step0_s_20260802_16,62cbcd9f68e54196ac5f192f054b63c8,0.212,,,
10,2026-07-31,SZ000166,0.0124227260536756,EXP_LGBModel_Alpha158_csi300_custom_step0_s_20260802_16,62cbcd9f68e54196ac5f192f054b63c8,0.212,,,
11,2026-07-31,SZ000157,-0.003209738385890675,EXP_LGBModel_Alpha158_csi300_custom_step0_s_20260802_16,62cbcd9f68e54196ac5f192f054b63c8,0.212,,,
12,2026-07-31,SZ000100,-0.00988810056784435,EXP_LGBModel_Alpha158_csi300_custom_step0_s_20260802_16,62cbcd9f68e54196ac5f192f054b63c8,0.212,,,
13,2026-07-31,SZ000063,-0.011791362138723251,EXP_LGBModel_Alpha158_csi300_custom_step0_s_20260802_16,62cbcd9f68e54196ac5f192f054b63c8,0.212,,,
14,2026-07-31,SZ000002,-0.004834584638676868,EXP_LGBModel_Alpha158_csi300_custom_step0_s_20260802_16,62cbcd9f68e54196ac5f192f054b63c8,0.212,,,
15,2026-07-31,SZ000333,-0.009980115950012199,EXP_LGBModel_Alpha158_csi300_custom_step0_s_20260802_16,62cbcd9f68e54196ac5f192f054b63c8,0.212,,,
16,2026-07-31,SZ000630,-0.011791362138723251,EXP_LGBModel_Alpha158_csi300_custom_step0_s_20260802_16,62cbcd9f68e54196ac5f192f054b63c8,0.212,,,
17,2026-07-31,SZ000651,-0.004393744095722223,EXP_LGBModel_Alpha158_csi300_custom_step0_s_20260802_16,62cbcd9f68e54196ac5f192f054b63c8,0.212,,,
18,2026-07-31,SZ000657,0.010201046950844455,EXP_LGBModel_Alpha158_csi300_custom_step0_s_20260802_16,62cbcd9f68e54196ac5f192f054b63c8,0.212,,,
19,2026-07-31,SZ001280,-0.011791362138723251,EXP_LGBModel_Alpha158_csi300_custom_step0_s_20260802_16,62cbcd9f68e54196ac5f192f054b63c8,0.212,,,
20,2026-07-31,SZ000999,0.0035127662180678646,EXP_LGBModel_Alpha158_csi300_custom_step0_s_20260802_16,62cbcd9f68e54196ac5f192f054b63c8,0.212,,,
21,2026-07-31,SZ000988,0.024130753528023248,EXP_LGBModel_Alpha158_csi300_custom_step0_s_20260802_16,62cbcd9f68e54196ac5f192f054b63c8,0.212,,,
22,2026-07-31,SZ000977,0.019199068193466128,EXP_LGBModel_Alpha158_csi300_custom_step0_s_20260802_16,62cbcd9f68e54196ac5f192f054b63c8,0.212,,,
23,2026-07-31,SZ000975,-0.009375194104829824,EXP_LGBModel_Alpha158_csi300_custom_step0_s_20260802_16,62cbcd9f68e54196ac5f192f054b63c8,0.212,,,
24,2026-07-31,SZ000963,-0.011791362138723251,EXP_LGBModel_Alpha158_csi300_custom_step0_s_20260802_16,62cbcd9f68e54196ac5f192f054b63c8,0.212,,,
25,2026-07-31,SZ000938,0.024130753528023248,EXP_LGBModel_Alpha158_csi300_custom_step0_s_20260802_16,62cbcd9f68e54196ac5f192f054b63c8,0.212,,,
26,2026-07-31,SZ000895,-0.0076005587964391025,EXP_LGBModel_Alpha158_csi300_custom_step0_s_20260802_16,62cbcd9f68e54196ac5f192f054b63c8,0.212,,,
27,2026-07-31,SZ000858,0.0023766334683993015,EXP_LGBModel_Alpha158_csi300_custom_step0_s_20260802_16,62cbcd9f68e54196ac5f192f054b63c8,0.212,,,
28,2026-07-31,SZ000807,-0.002675977777568608,EXP_LGBModel_Alpha158_csi300_custom_step0_s_20260802_16,62cbcd9f68e54196ac5f192f054b63c8,0.212,,,
29,2026-07-31,SZ000792,-0.0081716580686982,EXP_LGBModel_Alpha158_csi300_custom_step0_s_20260802_16,62cbcd9f68e54196ac5f192f054b63c8,0.212,,,
30,2026-07-31,SZ000776,-0.011791362138723251,EXP_LGBModel_Alpha158_csi300_custom_step0_s_20260802_16,62cbcd9f68e54196ac5f192f054b63c8,0.212,,,
31,2026-07-31,SZ000768,-0.002416168314713085,EXP_LGBModel_Alpha158_csi300_custom_step0_s_20260802_16,62cbcd9f68e54196ac5f192f054b63c8,0.212,,,
32,2026-07-31,SZ000725,0.009464682992507464,EXP_LGBModel_Alpha158_csi300_custom_step0_s_20260802_16,62cbcd9f68e54196ac5f192f054b63c8,0.212,,,
33,2026-07-31,SZ000708,-0.0023418795834657157,EXP_LGBModel_Alpha158_csi300_custom_step0_s_20260802_16,62cbcd9f68e54196ac5f192f054b63c8,0.212,,,
34,2026-07-31,SZ000001,0.0003247689561427943,EXP_LGBModel_Alpha158_csi300_custom_step0_s_20260802_16,62cbcd9f68e54196ac5f192f054b63c8,0.212,,,
35,2026-07-31,SH688981,0.004617367400701116,EXP_LGBModel_Alpha158_csi300_custom_step0_s_20260802_16,62cbcd9f68e54196ac5f192f054b63c8,0.212,,,
36,2026-07-31,SH688521,0.024130753528023248,EXP_LGBModel_Alpha158_csi300_custom_step0_s_20260802_16,62cbcd9f68e54196ac5f192f054b63c8,0.212,,,
37,2026-07-31,SH688506,0.013929706296359139,EXP_LGBModel_Alpha158_csi300_custom_step0_s_20260802_16,62cbcd9f68e54196ac5f192f054b63c8,0.212,,,
38,2026-07-31,SH603993,-0.00988810056784435,EXP_LGBModel_Alpha158_csi300_custom_step0_s_20260802_16,62cbcd9f68e54196ac5f192f054b63c8,0.212,,,
39,2026-07-31,SH603986,0.015003746817246002,EXP_LGBModel_Alpha158_csi300_custom_step0_s_20260802_16,62cbcd9f68e54196ac5f192f054b63c8,0.212,,,
40,2026-07-31,SH603893,0.006190349716197738,EXP_LGBModel_Alpha158_csi300_custom_step0_s_20260802_16,62cbcd9f68e54196ac5f192f054b63c8,0.212,,,
41,2026-07-31,SH603799,0.024130753528023248,EXP_LGBModel_Alpha158_csi300_custom_step0_s_20260802_16,62cbcd9f68e54196ac5f192f054b63c8,0.212,,,
42,2026-07-31,SH603501,-0.011791362138723251,EXP_LGBModel_Alpha158_csi300_custom_step0_s_20260802_16,62cbcd9f68e54196ac5f192f054b63c8,0.212,,,
43,2026-07-31,SH603392,-0.002416168314713085,EXP_LGBModel_Alpha158_csi300_custom_step0_s_20260802_16,62cbcd9f68e54196ac5f192f054b63c8,0.212,,,
44,2026-07-31,SH603369,0.003025321911563909,EXP_LGBModel_Alpha158_csi300_custom_step0_s_20260802_16,62cbcd9f68e54196ac5f192f054b63c8,0.212,,,
45,2026-07-31,SH603296,-0.006100183806420563,EXP_LGBModel_Alpha158_csi300_custom_step0_s_20260802_16,62cbcd9f68e54196ac5f192f054b63c8,0.212,,,
46,2026-07-31,SH603288,0.00043901542116720274,EXP_LGBModel_Alpha158_csi300_custom_step0_s_20260802_16,62cbcd9f68e54196ac5f192f054b63c8,0.212,,,
47,2026-07-31,SH603260,0.004931685053737462,EXP_LGBModel_Alpha158_csi300_custom_step0_s_20260802_16,62cbcd9f68e54196ac5f192f054b63c8,0.212,,,
48,2026-07-31,SH603259,-0.002416168314713085,EXP_LGBModel_Alpha158_csi300_custom_step0_s_20260802_16,62cbcd9f68e54196ac5f192f054b63c8,0.212,,,
49,2026-07-31,SH603019,-0.00988810056784435,EXP_LGBModel_Alpha158_csi300_custom_step0_s_20260802_16,62cbcd9f68e54196ac5f192f054b63c8,0.212,,,
50,2026-07-31,SH601998,-0.009980115950012199,EXP_LGBModel_Alpha158_csi300_custom_step0_s_20260802_16,62cbcd9f68e54196ac5f192f054b63c8,0.212,,,
51,2026-07-31,SH601995,-0.004815043730426374,EXP_LGBModel_Alpha158_csi300_custom_step0_s_20260802_16,62cbcd9f68e54196ac5f192f054b63c8,0.212,,,
52,2026-07-31,SH601988,0.006549722499928054,EXP_LGBModel_Alpha158_csi300_custom_step0_s_20260802_16,62cbcd9f68e54196ac5f192f054b63c8,0.212,,,
53,2026-07-31,SH605117,0.024130753528023248,EXP_LGBModel_Alpha158_csi300_custom_step0_s_20260802_16,62cbcd9f68e54196ac5f192f054b63c8,0.212,,,
54,2026-07-31,SZ001391,0.0021884031787765836,EXP_LGBModel_Alpha158_csi300_custom_step0_s_20260802_16,62cbcd9f68e54196ac5f192f054b63c8,0.212,,,
55,2026-07-31,SH605499,-0.007802211789333201,EXP_LGBModel_Alpha158_csi300_custom_step0_s_20260802_16,62cbcd9f68e54196ac5f192f054b63c8,0.212,,,
56,2026-07-31,SH688009,-0.00025114758601583933,EXP_LGBModel_Alpha158_csi300_custom_step0_s_20260802_16,62cbcd9f68e54196ac5f192f054b63c8,0.212,,,
57,2026-07-31,SH688472,-0.000513811952130586,EXP_LGBModel_Alpha158_csi300_custom_step0_s_20260802_16,62cbcd9f68e54196ac5f192f054b63c8,0.212,,,
58,2026-07-31,SH688396,0.014082050674028235,EXP_LGBModel_Alpha158_csi300_custom_step0_s_20260802_16,62cbcd9f68e54196ac5f192f054b63c8,0.212,,,
59,2026-07-31,SH688303,-0.011569718042108403,EXP_LGBModel_Alpha158_csi300_custom_step0_s_20260802_16,62cbcd9f68e54196ac5f192f054b63c8,0.212,,,
60,2026-07-31,SH688271,-0.009151301718144619,EXP_LGBModel_Alpha158_csi300_custom_step0_s_20260802_16,62cbcd9f68e54196ac5f192f054b63c8,0.212,,,
61,2026-07-31,SH688256,0.024130753528023248,EXP_LGBModel_Alpha158_csi300_custom_step0_s_20260802_16,62cbcd9f68e54196ac5f192f054b63c8,0.212,,,
62,2026-07-31,SH688223,-0.007468779560680995,EXP_LGBModel_Alpha158_csi300_custom_step0_s_20260802_16,62cbcd9f68e54196ac5f192f054b63c8,0.212,,,
63,2026-07-31,SH688183,0.024130753528023248,EXP_LGBModel_Alpha158_csi300_custom_step0_s_20260802_16,62cbcd9f68e54196ac5f192f054b63c8,0.212,,,
64,2026-07-31,SH688126,0.014082050674028235,EXP_LGBModel_Alpha158_csi300_custom_step0_s_20260802_16,62cbcd9f68e54196ac5f192f054b63c8,0.212,,,
65,2026-07-31,SH688111,-0.0023418795834657157,EXP_LGBModel_Alpha158_csi300_custom_step0_s_20260802_16,62cbcd9f68e54196ac5f192f054b63c8,0.212,,,
66,2026-07-31,SH688082,0.019199068193466128,EXP_LGBModel_Alpha158_csi300_custom_step0_s_20260802_16,62cbcd9f68e54196ac5f192f054b63c8,0.212,,,
67,2026-07-31,SH688072,0.024130753528023248,EXP_LGBModel_Alpha158_csi300_custom_step0_s_20260802_16,62cbcd9f68e54196ac5f192f054b63c8,0.212,,,
68,2026-07-31,SH688047,0.024130753528023248,EXP_LGBModel_Alpha158_csi300_custom_step0_s_20260802_16,62cbcd9f68e54196ac5f192f054b63c8,0.212,,,
69,2026-07-31,SH688041,-0.0008032788718464069,EXP_LGBModel_Alpha158_csi300_custom_step0_s_20260802_16,62cbcd9f68e54196ac5f192f054b63c8,0.212,,,
70,2026-07-31,SH688036,-0.003684015772527133,EXP_LGBModel_Alpha158_csi300_custom_step0_s_20260802_16,62cbcd9f68e54196ac5f192f054b63c8,0.212,,,
71,2026-07-31,SH688012,0.009886729297808108,EXP_LGBModel_Alpha158_csi300_custom_step0_s_20260802_16,62cbcd9f68e54196ac5f192f054b63c8,0.212,,,
72,2026-07-31,SH688008,0.015003746817246002,EXP_LGBModel_Alpha158_csi300_custom_step0_s_20260802_16,62cbcd9f68e54196ac5f192f054b63c8,0.212,,,
73,2026-07-31,SH601985,0.0124227260536756,EXP_LGBModel_Alpha158_csi300_custom_step0_s_20260802_16,62cbcd9f68e54196ac5f192f054b63c8,0.212,,,
74,2026-07-31,SZ001965,-0.009980115950012199,EXP_LGBModel_Alpha158_csi300_custom_step0_s_20260802_16,62cbcd9f68e54196ac5f192f054b63c8,0.212,,,
75,2026-07-31,SZ002001,-0.006100183806420563,EXP_LGBModel_Alpha158_csi300_custom_step0_s_20260802_16,62cbcd9f68e54196ac5f192f054b63c8,0.212,,,
76,2026-07-31,SZ300413,0.0036831100025914183,EXP_LGBModel_Alpha158_csi300_custom_step0_s_20260802_16,62cbcd9f68e54196ac5f192f054b63c8,0.212,,,
77,2026-07-31,SZ300408,0.019199068193466128,EXP_LGBModel_Alpha158_csi300_custom_step0_s_20260802_16,62cbcd9f68e54196ac5f192f054b63c8,0.212,,,
78,2026-07-31,SZ300394,0.024130753528023248,EXP_LGBModel_Alpha158_csi300_custom_step0_s_20260802_16,62cbcd9f68e54196ac5f192f054b63c8,0.212,,,
79,2026-07-31,SZ300316,-2.8081965550524666e-10,EXP_LGBModel_Alpha158_csi300_custom_step0_s_20260802_16,62cbcd9f68e54196ac5f192f054b63c8,0.212,,,
80,2026-07-31,SZ300308,0.019513385846502477,EXP_LGBModel_Alpha158_csi300_custom_step0_s_20260802_16,62cbcd9f68e54196ac5f192f054b63c8,0.212,,,
81,2026-07-31,SZ300274,0.014082050674028235,EXP_LGBModel_Alpha158_csi300_custom_step0_s_20260802_16,62cbcd9f68e54196ac5f192f054b63c8,0.212,,,
82,2026-07-31,SZ300418,-2.8081965550524666e-10,EXP_LGBModel_Alpha158_csi300_custom_step0_s_20260802_16,62cbcd9f68e54196ac5f192f054b63c8,0.212,,,
83,2026-07-31,SZ300251,-0.011791362138723251,EXP_LGBModel_Alpha158_csi300_custom_step0_s_20260802_16,62cbcd9f68e54196ac5f192f054b63c8,0.212,,,
84,2026-07-31,SZ300122,-0.009887195884644777,EXP_LGBModel_Alpha158_csi300_custom_step0_s_20260802_16,62cbcd9f68e54196ac5f192f054b63c8,0.212,,,
85,2026-07-31,SZ300059,0.0026098218510236817,EXP_LGBModel_Alpha158_csi300_custom_step0_s_20260802_16,62cbcd9f68e54196ac5f192f054b63c8,0.212,,,
86,2026-07-31,SZ300033,-0.012306516891808133,EXP_LGBModel_Alpha158_csi300_custom_step0_s_20260802_16,62cbcd9f68e54196ac5f192f054b63c8,0.212,,,
87,2026-07-31,SZ300015,-0.004834584638676868,EXP_LGBModel_Alpha158_csi300_custom_step0_s_20260802_16,62cbcd9f68e54196ac5f192f054b63c8,0.212,,,
88,2026-07-31,SZ300014,0.024130753528023248,EXP_LGBModel_Alpha158_csi300_custom_step0_s_20260802_16,62cbcd9f68e54196ac5f192f054b63c8,0.212,,,
89,2026-07-31,SZ003816,0.004239689159360325,EXP_LGBModel_Alpha158_csi300_custom_step0_s_20260802_16,62cbcd9f68e54196ac5f192f054b63c8,0.212,,,
90,2026-07-31,SZ300124,-0.004834584638676868,EXP_LGBModel_Alpha158_csi300_custom_step0_s_20260802_16,62cbcd9f68e54196ac5f192f054b63c8,0.212,,,
91,2026-07-31,SZ300433,0.014396368327064583,EXP_LGBModel_Alpha158_csi300_custom_step0_s_20260802_16,62cbcd9f68e54196ac5f192f054b63c8,0.212,,,
92,2026-07-31,SZ300442,0.024130753528023248,EXP_LGBModel_Alpha158_csi300_custom_step0_s_20260802_16,62cbcd9f68e54196ac5f192f054b63c8,0.212,,,
93,2026-07-31,SZ300450,0.00912700642995759,EXP_LGBModel_Alpha158_csi300_custom_step0_s_20260802_16,62cbcd9f68e54196ac5f192f054b63c8,0.212,,,
94,2026-07-31,SZ301269,-2.8081965550524666e-10,EXP_LGBModel_Alpha158_csi300_custom_step0_s_20260802_16,62cbcd9f68e54196ac5f192f054b63c8,0.212,,,
95,2026-07-31,SZ301236,-0.012306516891808133,EXP_LGBModel_Alpha158_csi300_custom_step0_s_20260802_16,62cbcd9f68e54196ac5f192f054b63c8,0.212,,,
96,2026-07-31,SZ301165,0.012298822211648925,EXP_LGBModel_Alpha158_csi300_custom_step0_s_20260802_16,62cbcd9f68e54196ac5f192f054b63c8,0.212,,,
97,2026-07-31,SZ300999,0.002857431745130986,EXP_LGBModel_Alpha158_csi300_custom_step0_s_20260802_16,62cbcd9f68e54196ac5f192f054b63c8,0.212,,,
98,2026-07-31,SZ300896,-0.006359088060979682,EXP_LGBModel_Alpha158_csi300_custom_step0_s_20260802_16,62cbcd9f68e54196ac5f192f054b63c8,0.212,,,
99,2026-07-31,SZ300866,-0.00499049230671925,EXP_LGBModel_Alpha158_csi300_custom_step0_s_20260802_16,62cbcd9f68e54196ac5f192f054b63c8,0.212,,,
100,2026-07-31,SZ300832,-0.005124309204043154,EXP_LGBModel_Alpha158_csi300_custom_step0_s_20260802_16,62cbcd9f68e54196ac5f192f054b63c8,0.212,,,
101,2026-07-31,SZ300803,0.014244023949395484,EXP_LGBModel_Alpha158_csi300_custom_step0_s_20260802_16,62cbcd9f68e54196ac5f192f054b63c8,0.212,,,
102,2026-07-31,SZ300760,0.00553633531645542,EXP_LGBModel_Alpha158_csi300_custom_step0_s_20260802_16,62cbcd9f68e54196ac5f192f054b63c8,0.212,,,
103,2026-07-31,SZ300750,-0.0017807542016482299,EXP_LGBModel_Alpha158_csi300_custom_step0_s_20260802_16,62cbcd9f68e54196ac5f192f054b63c8,0.212,,,
104,2026-07-31,SZ300661,0.019513385846502477,EXP_LGBModel_Alpha158_csi300_custom_step0_s_20260802_16,62cbcd9f68e54196ac5f192f054b63c8,0.212,,,
105,2026-07-31,SZ300628,-0.004393744095722223,EXP_LGBModel_Alpha158_csi300_custom_step0_s_20260802_16,62cbcd9f68e54196ac5f192f054b63c8,0.212,,,
106,2026-07-31,SZ300502,0.024130753528023248,EXP_LGBModel_Alpha158_csi300_custom_step0_s_20260802_16,62cbcd9f68e54196ac5f192f054b63c8,0.212,,,
107,2026-07-31,SZ300498,-0.00419692223554166,EXP_LGBModel_Alpha158_csi300_custom_step0_s_20260802_16,62cbcd9f68e54196ac5f192f054b63c8,0.212,,,
108,2026-07-31,SZ300476,0.014581700511945357,EXP_LGBModel_Alpha158_csi300_custom_step0_s_20260802_16,62cbcd9f68e54196ac5f192f054b63c8,0.212,,,
109,2026-07-31,SZ002938,0.024130753528023248,EXP_LGBModel_Alpha158_csi300_custom_step0_s_20260802_16,62cbcd9f68e54196ac5f192f054b63c8,0.212,,,
110,2026-07-31,SZ002920,-0.002416168314713085,EXP_LGBModel_Alpha158_csi300_custom_step0_s_20260802_16,62cbcd9f68e54196ac5f192f054b63c8,0.212,,,
111,2026-07-31,SZ002916,0.024130753528023248,EXP_LGBModel_Alpha158_csi300_custom_step0_s_20260802_16,62cbcd9f68e54196ac5f192f054b63c8,0.212,,,
112,2026-07-31,SZ002837,0.013744374111478361,EXP_LGBModel_Alpha158_csi300_custom_step0_s_20260802_16,62cbcd9f68e54196ac5f192f054b63c8,0.212,,,
113,2026-07-31,SZ002353,0.024130753528023248,EXP_LGBModel_Alpha158_csi300_custom_step0_s_20260802_16,62cbcd9f68e54196ac5f192f054b63c8,0.212,,,
114,2026-07-31,SZ002352,0.002857431745130986,EXP_LGBModel_Alpha158_csi300_custom_step0_s_20260802_16,62cbcd9f68e54196ac5f192f054b63c8,0.212,,,
115,2026-07-31,SZ002311,0.0038830153752446956,EXP_LGBModel_Alpha158_csi300_custom_step0_s_20260802_16,62cbcd9f68e54196ac5f192f054b63c8,0.212,,,
116,2026-07-31,SZ002304,0.0074802166948399,EXP_LGBModel_Alpha158_csi300_custom_step0_s_20260802_16,62cbcd9f68e54196ac5f192f054b63c8,0.212,,,
117,2026-07-31,SZ002241,-0.011791362138723251,EXP_LGBModel_Alpha158_csi300_custom_step0_s_20260802_16,62cbcd9f68e54196ac5f192f054b63c8,0.212,,,
118,2026-07-31,SZ002236,0.004869261806089847,EXP_LGBModel_Alpha158_csi300_custom_step0_s_20260802_16,62cbcd9f68e54196ac5f192f054b63c8,0.212,,,
119,2026-07-31,SZ002230,0.00020348107212013076,EXP_LGBModel_Alpha158_csi300_custom_step0_s_20260802_16,62cbcd9f68e54196ac5f192f054b63c8,0.212,,,
120,2026-07-31,SZ002202,0.024130753528023248,EXP_LGBModel_Alpha158_csi300_custom_step0_s_20260802_16,62cbcd9f68e54196ac5f192f054b63c8,0.212,,,
121,2026-07-31,SZ002179,0.019199068193466128,EXP_LGBModel_Alpha158_csi300_custom_step0_s_20260802_16,62cbcd9f68e54196ac5f192f054b63c8,0.212,,,
122,2026-07-31,SZ002142,0.011718773378113164,EXP_LGBModel_Alpha158_csi300_custom_step0_s_20260802_16,62cbcd9f68e54196ac5f192f054b63c8,0.212,,,
123,2026-07-31,SZ002074,-0.011791362138723251,EXP_LGBModel_Alpha158_csi300_custom_step0_s_20260802_16,62cbcd9f68e54196ac5f192f054b63c8,0.212,,,
124,2026-07-31,SZ002050,0.024130753528023248,EXP_LGBModel_Alpha158_csi300_custom_step0_s_20260802_16,62cbcd9f68e54196ac5f192f054b63c8,0.212,,,
125,2026-07-31,SZ002049,0.019199068193466128,EXP_LGBModel_Alpha158_csi300_custom_step0_s_20260802_16,62cbcd9f68e54196ac5f192f054b63c8,0.212,,,
126,2026-07-31,SZ002028,-0.007802211789333201,EXP_LGBModel_Alpha158_csi300_custom_step0_s_20260802_16,62cbcd9f68e54196ac5f192f054b63c8,0.212,,,
127,2026-07-31,SZ002027,0.0023766334683993015,EXP_LGBModel_Alpha158_csi300_custom_step0_s_20260802_16,62cbcd9f68e54196ac5f192f054b63c8,0.212,,,
128,2026-07-31,SZ002371,0.019199068193466128,EXP_LGBModel_Alpha158_csi300_custom_step0_s_20260802_16,62cbcd9f68e54196ac5f192f054b63c8,0.212,,,
129,2026-07-31,SZ001979,-0.003684015772527133,EXP_LGBModel_Alpha158_csi300_custom_step0_s_20260802_16,62cbcd9f68e54196ac5f192f054b63c8,0.212,,,
130,2026-07-31,SZ002384,0.019199068193466128,EXP_LGBModel_Alpha158_csi300_custom_step0_s_20260802_16,62cbcd9f68e54196ac5f192f054b63c8,0.212,,,
131,2026-07-31,SZ002422,0.024130753528023248,EXP_LGBModel_Alpha158_csi300_custom_step0_s_20260802_16,62cbcd9f68e54196ac5f192f054b63c8,0.212,,,
132,2026-07-31,SZ002736,0.010234322594079363,EXP_LGBModel_Alpha158_csi300_custom_step0_s_20260802_16,62cbcd9f68e54196ac5f192f054b63c8,0.212,,,
133,2026-07-31,SZ002714,0.002752882563472026,EXP_LGBModel_Alpha158_csi300_custom_step0_s_20260802_16,62cbcd9f68e54196ac5f192f054b63c8,0.212,,,
134,2026-07-31,SZ002709,0.024130753528023248,EXP_LGBModel_Alpha158_csi300_custom_step0_s_20260802_16,62cbcd9f68e54196ac5f192f054b63c8,0.212,,,
135,2026-07-31,SZ002648,-0.004834584638676868,EXP_LGBModel_Alpha158_csi300_custom_step0_s_20260802_16,62cbcd9f68e54196ac5f192f054b63c8,0.212,,,
136,2026-07-31,SZ002625,-0.009273809368194946,EXP_LGBModel_Alpha158_csi300_custom_step0_s_20260802_16,62cbcd9f68e54196ac5f192f054b63c8,0.212,,,
137,2026-07-31,SZ002602,-0.011791362138723251,EXP_LGBModel_Alpha158_csi300_custom_step0_s_20260802_16,62cbcd9f68e54196ac5f192f054b63c8,0.212,,,
138,2026-07-31,SZ002600,0.004931685053737462,EXP_LGBModel_Alpha158_csi300_custom_step0_s_20260802_16,62cbcd9f68e54196ac5f192f054b63c8,0.212,,,
139,2026-07-31,SZ002594,-0.00040209540007481734,EXP_LGBModel_Alpha158_csi300_custom_step0_s_20260802_16,62cbcd9f68e54196ac5f192f054b63c8,0.212,,,
140,2026-07-31,SZ002558,-0.0037856692772699208,EXP_LGBModel_Alpha158_csi300_custom_step0_s_20260802_16,62cbcd9f68e54196ac5f192f054b63c8,0.212,,,
141,2026-07-31,SZ002532,-0.006359088060979682,EXP_LGBModel_Alpha158_csi300_custom_step0_s_20260802_16,62cbcd9f68e54196ac5f192f054b63c8,0.212,,,
142,2026-07-31,SZ002493,-0.007253905645840224,EXP_LGBModel_Alpha158_csi300_custom_step0_s_20260802_16,62cbcd9f68e54196ac5f192f054b63c8,0.212,,,
143,2026-07-31,SZ002475,-0.011791362138723251,EXP_LGBModel_Alpha158_csi300_custom_step0_s_20260802_16,62cbcd9f68e54196ac5f192f054b63c8,0.212,,,
144,2026-07-31,SZ002466,0.024130753528023248,EXP_LGBModel_Alpha158_csi300_custom_step0_s_20260802_16,62cbcd9f68e54196ac5f192f054b63c8,0.212,,,
145,2026-07-31,SZ002463,0.024130753528023248,EXP_LGBModel_Alpha158_csi300_custom_step0_s_20260802_16,62cbcd9f68e54196ac5f192f054b63c8,0.212,,,
146,2026-07-31,SZ002460,0.024130753528023248,EXP_LGBModel_Alpha158_csi300_custom_step0_s_20260802_16,62cbcd9f68e54196ac5f192f054b63c8,0.212,,,
147,2026-07-31,SZ002415,-0.005197395529444558,EXP_LGBModel_Alpha158_csi300_custom_step0_s_20260802_16,62cbcd9f68e54196ac5f192f054b63c8,0.212,,,
148,2026-07-31,SZ301308,0.014581700511945357,EXP_LGBModel_Alpha158_csi300_custom_step0_s_20260802_16,62cbcd9f68e54196ac5f192f054b63c8,0.212,,,
149,2026-07-31,SH601939,-0.004393744095722223,EXP_LGBModel_Alpha158_csi300_custom_step0_s_20260802_16,62cbcd9f68e54196ac5f192f054b63c8,0.212,,,
150,2026-07-31,SH601916,-0.0020547881974303027,EXP_LGBModel_Alpha158_csi300_custom_step0_s_20260802_16,62cbcd9f68e54196ac5f192f054b63c8,0.212,,,
151,2026-07-31,SH600547,0.0012669419686979887,EXP_LGBModel_Alpha158_csi300_custom_step0_s_20260802_16,62cbcd9f68e54196ac5f192f054b63c8,0.212,,,
152,2026-07-31,SH600522,0.01531806447028235,EXP_LGBModel_Alpha158_csi300_custom_step0_s_20260802_16,62cbcd9f68e54196ac5f192f054b63c8,0.212,,,
153,2026-07-31,SH600519,0.0035404766646487894,EXP_LGBModel_Alpha158_csi300_custom_step0_s_20260802_16,62cbcd9f68e54196ac5f192f054b63c8,0.212,,,
154,2026-07-31,SH600515,0.0015729820346769663,EXP_LGBModel_Alpha158_csi300_custom_step0_s_20260802_16,62cbcd9f68e54196ac5f192f054b63c8,0.212,,,
155,2026-07-31,SH600489,0.0036831100025914183,EXP_LGBModel_Alpha158_csi300_custom_step0_s_20260802_16,62cbcd9f68e54196ac5f192f054b63c8,0.212,,,
156,2026-07-31,SH600482,-0.0032175913847611484,EXP_LGBModel_Alpha158_csi300_custom_step0_s_20260802_16,62cbcd9f68e54196ac5f192f054b63c8,0.212,,,
157,2026-07-31,SH600549,0.024130753528023248,EXP_LGBModel_Alpha158_csi300_custom_step0_s_20260802_16,62cbcd9f68e54196ac5f192f054b63c8,0.212,,,
158,2026-07-31,SH600460,0.014082050674028235,EXP_LGBModel_Alpha158_csi300_custom_step0_s_20260802_16,62cbcd9f68e54196ac5f192f054b63c8,0.212,,,
159,2026-07-31,SH600436,0.008812688776921243,EXP_LGBModel_Alpha158_csi300_custom_step0_s_20260802_16,62cbcd9f68e54196ac5f192f054b63c8,0.212,,,
160,2026-07-31,SH600426,-0.00499049230671925,EXP_LGBModel_Alpha158_csi300_custom_step0_s_20260802_16,62cbcd9f68e54196ac5f192f054b63c8,0.212,,,
161,2026-07-31,SH600415,0.003503954052136794,EXP_LGBModel_Alpha158_csi300_custom_step0_s_20260802_16,62cbcd9f68e54196ac5f192f054b63c8,0.212,,,
162,2026-07-31,SH600406,-0.00022776485511684591,EXP_LGBModel_Alpha158_csi300_custom_step0_s_20260802_16,62cbcd9f68e54196ac5f192f054b63c8,0.212,,,
163,2026-07-31,SH600372,0.00479822531061992,EXP_LGBModel_Alpha158_csi300_custom_step0_s_20260802_16,62cbcd9f68e54196ac5f192f054b63c8,0.212,,,
164,2026-07-31,SH600362,-0.00419692223554166,EXP_LGBModel_Alpha158_csi300_custom_step0_s_20260802_16,62cbcd9f68e54196ac5f192f054b63c8,0.212,,,
165,2026-07-31,SH600438,-0.0037856692772699208,EXP_LGBModel_Alpha158_csi300_custom_step0_s_20260802_16,62cbcd9f68e54196ac5f192f054b63c8,0.212,,,
166,2026-07-31,SH600570,0.0026023564878334196,EXP_LGBModel_Alpha158_csi300_custom_step0_s_20260802_16,62cbcd9f68e54196ac5f192f054b63c8,0.212,,,
167,2026-07-31,SH600584,0.008812688776921243,EXP_LGBModel_Alpha158_csi300_custom_step0_s_20260802_16,62cbcd9f68e54196ac5f192f054b63c8,0.212,,,
168,2026-07-31,SH600585,-0.001306476815011772,EXP_LGBModel_Alpha158_csi300_custom_step0_s_20260802_16,62cbcd9f68e54196ac5f192f054b63c8,0.212,,,
169,2026-07-31,SH600893,-0.0018326351742278665,EXP_LGBModel_Alpha158_csi300_custom_step0_s_20260802_16,62cbcd9f68e54196ac5f192f054b63c8,0.212,,,
170,2026-07-31,SH600887,0.005210987547820204,EXP_LGBModel_Alpha158_csi300_custom_step0_s_20260802_16,62cbcd9f68e54196ac5f192f054b63c8,0.212,,,
171,2026-07-31,SH600886,0.002310033059748074,EXP_LGBModel_Alpha158_csi300_custom_step0_s_20260802_16,62cbcd9f68e54196ac5f192f054b63c8,0.212,,,
172,2026-07-31,SH600875,-0.011791362138723251,EXP_LGBModel_Alpha158_csi300_custom_step0_s_20260802_16,62cbcd9f68e54196ac5f192f054b63c8,0.212,,,
173,2026-07-31,SH600845,-0.011791362138723251,EXP_LGBModel_Alpha158_csi300_custom_step0_s_20260802_16,62cbcd9f68e54196ac5f192f054b63c8,0.212,,,
174,2026-07-31,SH600809,-0.004393744095722223,EXP_LGBModel_Alpha158_csi300_custom_step0_s_20260802_16,62cbcd9f68e54196ac5f192f054b63c8,0.212,,,
175,2026-07-31,SH600803,-0.0022437701461202426,EXP_LGBModel_Alpha158_csi300_custom_step0_s_20260802_16,62cbcd9f68e54196ac5f192f054b63c8,0.212,,,
176,2026-07-31,SH600795,-0.006024989866876789,EXP_LGBModel_Alpha158_csi300_custom_step0_s_20260802_16,62cbcd9f68e54196ac5f192f054b63c8,0.212,,,
177,2026-07-31,SH600760,-0.0037257978221751273,EXP_LGBModel_Alpha158_csi300_custom_step0_s_20260802_16,62cbcd9f68e54196ac5f192f054b63c8,0.212,,,
178,2026-07-31,SH600741,-0.009980115950012199,EXP_LGBModel_Alpha158_csi300_custom_step0_s_20260802_16,62cbcd9f68e54196ac5f192f054b63c8,0.212,,,
179,2026-07-31,SH600690,-0.004393744095722223,EXP_LGBModel_Alpha158_csi300_custom_step0_s_20260802_16,62cbcd9f68e54196ac5f192f054b63c8,0.212,,,
180,2026-07-31,SH600674,0.004498436519344313,EXP_LGBModel_Alpha158_csi300_custom_step0_s_20260802_16,62cbcd9f68e54196ac5f192f054b63c8,0.212,,,
181,2026-07-31,SH600660,-0.004393744095722223,EXP_LGBModel_Alpha158_csi300_custom_step0_s_20260802_16,62cbcd9f68e54196ac5f192f054b63c8,0.212,,,
182,2026-07-31,SH600600,-0.0012699542024997767,EXP_LGBModel_Alpha158_csi300_custom_step0_s_20260802_16,62cbcd9f68e54196ac5f192f054b63c8,0.212,,,
183,2026-07-31,SH600588,0.00525609231808804,EXP_LGBModel_Alpha158_csi300_custom_step0_s_20260802_16,62cbcd9f68e54196ac5f192f054b63c8,0.212,,,
184,2026-07-31,SH600346,-0.009890348857914703,EXP_LGBModel_Alpha158_csi300_custom_step0_s_20260802_16,62cbcd9f68e54196ac5f192f054b63c8,0.212,,,
185,2026-07-31,SH600309,-0.007802211789333201,EXP_LGBModel_Alpha158_csi300_custom_step0_s_20260802_16,62cbcd9f68e54196ac5f192f054b63c8,0.212,,,
186,2026-07-31,SH600276,0.00019365381713025214,EXP_LGBModel_Alpha158_csi300_custom_step0_s_20260802_16,62cbcd9f68e54196ac5f192f054b63c8,0.212,,,
187,2026-07-31,SH600233,-0.007713304381808082,EXP_LGBModel_Alpha158_csi300_custom_step0_s_20260802_16,62cbcd9f68e54196ac5f192f054b63c8,0.212,,,
188,2026-07-31,SH600036,-0.006622353435236341,EXP_LGBModel_Alpha158_csi300_custom_step0_s_20260802_16,62cbcd9f68e54196ac5f192f054b63c8,0.212,,,
189,2026-07-31,SH600031,-0.009980115950012199,EXP_LGBModel_Alpha158_csi300_custom_step0_s_20260802_16,62cbcd9f68e54196ac5f192f054b63c8,0.212,,,
190,2026-07-31,SH600030,0.010234322594079363,EXP_LGBModel_Alpha158_csi300_custom_step0_s_20260802_16,62cbcd9f68e54196ac5f192f054b63c8,0.212,,,
191,2026-07-31,SH600029,0.007924289253511633,EXP_LGBModel_Alpha158_csi300_custom_step0_s_20260802_16,62cbcd9f68e54196ac5f192f054b63c8,0.212,,,
192,2026-07-31,SH600028,0.004498436519344313,EXP_LGBModel_Alpha158_csi300_custom_step0_s_20260802_16,62cbcd9f68e54196ac5f192f054b63c8,0.212,,,
193,2026-07-31,SH600027,0.002051285699764086,EXP_LGBModel_Alpha158_csi300_custom_step0_s_20260802_16,62cbcd9f68e54196ac5f192f054b63c8,0.212,,,
194,2026-07-31,SH600026,0.01993543215180312,EXP_LGBModel_Alpha158_csi300_custom_step0_s_20260802_16,62cbcd9f68e54196ac5f192f054b63c8,0.212,,,
195,2026-07-31,SH600025,0.004498436519344313,EXP_LGBModel_Alpha158_csi300_custom_step0_s_20260802_16,62cbcd9f68e54196ac5f192f054b63c8,0.212,,,
196,2026-07-31,SH600023,0.003342452001828974,EXP_LGBModel_Alpha158_csi300_custom_step0_s_20260802_16,62cbcd9f68e54196ac5f192f054b63c8,0.212,,,
197,2026-07-31,SH600019,-0.0012699542024997767,EXP_LGBModel_Alpha158_csi300_custom_step0_s_20260802_16,62cbcd9f68e54196ac5f192f054b63c8,0.212,,,
198,2026-07-31,SH600018,0.004498436519344313,EXP_LGBModel_Alpha158_csi300_custom_step0_s_20260802_16,62cbcd9f68e54196ac5f192f054b63c8,0.212,,,
199,2026-07-31,SH600016,0.006549722499928054,EXP_LGBModel_Alpha158_csi300_custom_step0_s_20260802_16,62cbcd9f68e54196ac5f192f054b63c8,0.212,,,
200,2026-07-31,SH600015,-0.0020547881974303027,EXP_LGBModel_Alpha158_csi300_custom_step0_s_20260802_16,62cbcd9f68e54196ac5f192f054b63c8,0.212,,,
201,2026-07-31,SH600011,-0.0053804051650583875,EXP_LGBModel_Alpha158_csi300_custom_step0_s_20260802_16,62cbcd9f68e54196ac5f192f054b63c8,0.212,,,
202,2026-07-31,SH600010,0.002780243540466886,EXP_LGBModel_Alpha158_csi300_custom_step0_s_20260802_16,62cbcd9f68e54196ac5f192f054b63c8,0.212,,,
203,2026-07-31,SH600039,-0.005737898480841376,EXP_LGBModel_Alpha158_csi300_custom_step0_s_20260802_16,62cbcd9f68e54196ac5f192f054b63c8,0.212,,,
204,2026-07-31,SH600900,0.006549722499928054,EXP_LGBModel_Alpha158_csi300_custom_step0_s_20260802_16,62cbcd9f68e54196ac5f192f054b63c8,0.212,,,
205,2026-07-31,SH600048,-0.001306476815011772,EXP_LGBModel_Alpha158_csi300_custom_step0_s_20260802_16,62cbcd9f68e54196ac5f192f054b63c8,0.212,,,
206,2026-07-31,SH600061,0.010234322594079363,EXP_LGBModel_Alpha158_csi300_custom_step0_s_20260802_16,62cbcd9f68e54196ac5f192f054b63c8,0.212,,,
207,2026-07-31,SH600221,0.0005610411816169856,EXP_LGBModel_Alpha158_csi300_custom_step0_s_20260802_16,62cbcd9f68e54196ac5f192f054b63c8,0.212,,,
208,2026-07-31,SH600219,-4.268753876405379e-05,EXP_LGBModel_Alpha158_csi300_custom_step0_s_20260802_16,62cbcd9f68e54196ac5f192f054b63c8,0.212,,,
209,2026-07-31,SH600196,-0.002416168314713085,EXP_LGBModel_Alpha158_csi300_custom_step0_s_20260802_16,62cbcd9f68e54196ac5f192f054b63c8,0.212,,,
210,2026-07-31,SH600188,-0.004319429885591988,EXP_LGBModel_Alpha158_csi300_custom_step0_s_20260802_16,62cbcd9f68e54196ac5f192f054b63c8,0.212,,,
211,2026-07-31,SH600183,0.014581700511945357,EXP_LGBModel_Alpha158_csi300_custom_step0_s_20260802_16,62cbcd9f68e54196ac5f192f054b63c8,0.212,,,
212,2026-07-31,SH600176,0.0041953210954004715,EXP_LGBModel_Alpha158_csi300_custom_step0_s_20260802_16,62cbcd9f68e54196ac5f192f054b63c8,0.212,,,
213,2026-07-31,SH600160,0.024130753528023248,EXP_LGBModel_Alpha158_csi300_custom_step0_s_20260802_16,62cbcd9f68e54196ac5f192f054b63c8,0.212,,,
214,2026-07-31,SH600150,-0.007468779560680995,EXP_LGBModel_Alpha158_csi300_custom_step0_s_20260802_16,62cbcd9f68e54196ac5f192f054b63c8,0.212,,,
215,2026-07-31,SH600118,0.019199068193466128,EXP_LGBModel_Alpha158_csi300_custom_step0_s_20260802_16,62cbcd9f68e54196ac5f192f054b63c8,0.212,,,
216,2026-07-31,SH600115,-0.005052611526787565,EXP_LGBModel_Alpha158_csi300_custom_step0_s_20260802_16,62cbcd9f68e54196ac5f192f054b63c8,0.212,,,
217,2026-07-31,SH600111,0.004931685053737462,EXP_LGBModel_Alpha158_csi300_custom_step0_s_20260802_16,62cbcd9f68e54196ac5f192f054b63c8,0.212,,,
218,2026-07-31,SH600104,0.0023766334683993015,EXP_LGBModel_Alpha158_csi300_custom_step0_s_20260802_16,62cbcd9f68e54196ac5f192f054b63c8,0.212,,,
219,2026-07-31,SH600089,-0.011791362138723251,EXP_LGBModel_Alpha158_csi300_custom_step0_s_20260802_16,62cbcd9f68e54196ac5f192f054b63c8,0.212,,,
220,2026-07-31,SH600085,-0.0011962506500478648,EXP_LGBModel_Alpha158_csi300_custom_step0_s_20260802_16,62cbcd9f68e54196ac5f192f054b63c8,0.212,,,
221,2026-07-31,SH600066,-0.009980115950012199,EXP_LGBModel_Alpha158_csi300_custom_step0_s_20260802_16,62cbcd9f68e54196ac5f192f054b63c8,0.212,,,
222,2026-07-31,SH600050,0.004361319040331815,EXP_LGBModel_Alpha158_csi300_custom_step0_s_20260802_16,62cbcd9f68e54196ac5f192f054b63c8,0.212,,,
223,2026-07-31,SH601919,-0.007928251437755692,EXP_LGBModel_Alpha158_csi300_custom_step0_s_20260802_16,62cbcd9f68e54196ac5f192f054b63c8,0.212,,,
224,2026-07-31,SH600905,0.007057665265686086,EXP_LGBModel_Alpha158_csi300_custom_step0_s_20260802_16,62cbcd9f68e54196ac5f192f054b63c8,0.212,,,
225,2026-07-31,SH600919,0.007357454056961694,EXP_LGBModel_Alpha158_csi300_custom_step0_s_20260802_16,62cbcd9f68e54196ac5f192f054b63c8,0.212,,,
226,2026-07-31,SH601698,0.0020380992374614227,EXP_LGBModel_Alpha158_csi300_custom_step0_s_20260802_16,62cbcd9f68e54196ac5f192f054b63c8,0.212,,,
227,2026-07-31,SH601689,0.01531806447028235,EXP_LGBModel_Alpha158_csi300_custom_step0_s_20260802_16,62cbcd9f68e54196ac5f192f054b63c8,0.212,,,
228,2026-07-31,SH601688,-0.0081716580686982,EXP_LGBModel_Alpha158_csi300_custom_step0_s_20260802_16,62cbcd9f68e54196ac5f192f054b63c8,0.212,,,
229,2026-07-31,SH601669,0.000788292949957419,EXP_LGBModel_Alpha158_csi300_custom_step0_s_20260802_16,62cbcd9f68e54196ac5f192f054b63c8,0.212,,,
230,2026-07-31,SH601668,0.006549722499928054,EXP_LGBModel_Alpha158_csi300_custom_step0_s_20260802_16,62cbcd9f68e54196ac5f192f054b63c8,0.212,,,
231,2026-07-31,SH601658,0.00710825865118765,EXP_LGBModel_Alpha158_csi300_custom_step0_s_20260802_16,62cbcd9f68e54196ac5f192f054b63c8,0.212,,,
232,2026-07-31,SH601727,-0.012306516891808133,EXP_LGBModel_Alpha158_csi300_custom_step0_s_20260802_16,62cbcd9f68e54196ac5f192f054b63c8,0.212,,,
233,2026-07-31,SH601633,-0.00499049230671925,EXP_LGBModel_Alpha158_csi300_custom_step0_s_20260802_16,62cbcd9f68e54196ac5f192f054b63c8,0.212,,,
234,2026-07-31,SH601618,0.006549722499928054,EXP_LGBModel_Alpha158_csi300_custom_step0_s_20260802_16,62cbcd9f68e54196ac5f192f054b63c8,0.212,,,
235,2026-07-31,SH601607,0.007251319363635995,EXP_LGBModel_Alpha158_csi300_custom_step0_s_20260802_16,62cbcd9f68e54196ac5f192f054b63c8,0.212,,,
236,2026-07-31,SH601601,-0.0017807542016482299,EXP_LGBModel_Alpha158_csi300_custom_step0_s_20260802_16,62cbcd9f68e54196ac5f192f054b63c8,0.212,,,
237,2026-07-31,SH601600,-0.01068167063902194,EXP_LGBModel_Alpha158_csi300_custom_step0_s_20260802_16,62cbcd9f68e54196ac5f192f054b63c8,0.212,,,
238,2026-07-31,SH601456,0.009812903921832265,EXP_LGBModel_Alpha158_csi300_custom_step0_s_20260802_16,62cbcd9f68e54196ac5f192f054b63c8,0.212,,,
239,2026-07-31,SH601398,-0.009980115950012199,EXP_LGBModel_Alpha158_csi300_custom_step0_s_20260802_16,62cbcd9f68e54196ac5f192f054b63c8,0.212,,,
240,2026-07-31,SH601628,-0.008750851551421593,EXP_LGBModel_Alpha158_csi300_custom_step0_s_20260802_16,62cbcd9f68e54196ac5f192f054b63c8,0.212,,,
241,2026-07-31,SH601728,-0.00499049230671925,EXP_LGBModel_Alpha158_csi300_custom_step0_s_20260802_16,62cbcd9f68e54196ac5f192f054b63c8,0.212,,,
242,2026-07-31,SH601766,0.004846953198840906,EXP_LGBModel_Alpha158_csi300_custom_step0_s_20260802_16,62cbcd9f68e54196ac5f192f054b63c8,0.212,,,
243,2026-07-31,SH601788,0.0124227260536756,EXP_LGBModel_Alpha158_csi300_custom_step0_s_20260802_16,62cbcd9f68e54196ac5f192f054b63c8,0.212,,,
244,2026-07-31,SH601901,0.007479083937933184,EXP_LGBModel_Alpha158_csi300_custom_step0_s_20260802_16,62cbcd9f68e54196ac5f192f054b63c8,0.212,,,
245,2026-07-31,SH601899,0.003503954052136794,EXP_LGBModel_Alpha158_csi300_custom_step0_s_20260802_16,62cbcd9f68e54196ac5f192f054b63c8,0.212,,,
246,2026-07-31,SH601898,-0.007796573198951818,EXP_LGBModel_Alpha158_csi300_custom_step0_s_20260802_16,62cbcd9f68e54196ac5f192f054b63c8,0.212,,,
247,2026-07-31,SH601888,-0.004332987422935919,EXP_LGBModel_Alpha158_csi300_custom_step0_s_20260802_16,62cbcd9f68e54196ac5f192f054b63c8,0.212,,,
248,2026-07-31,SH601881,0.0053650605071698595,EXP_LGBModel_Alpha158_csi300_custom_step0_s_20260802_16,62cbcd9f68e54196ac5f192f054b63c8,0.212,,,
249,2026-07-31,SH601878,0.010234322594079363,EXP_LGBModel_Alpha158_csi300_custom_step0_s_20260802_16,62cbcd9f68e54196ac5f192f054b63c8,0.212,,,
250,2026-07-31,SH601877,-0.011791362138723251,EXP_LGBModel_Alpha158_csi300_custom_step0_s_20260802_16,62cbcd9f68e54196ac5f192f054b63c8,0.212,,,
251,2026-07-31,SH601872,0.0198609614443722,EXP_LGBModel_Alpha158_csi300_custom_step0_s_20260802_16,62cbcd9f68e54196ac5f192f054b63c8,0.212,,,
252,2026-07-31,SH601868,-0.0002460616865864291,EXP_LGBModel_Alpha158_csi300_custom_step0_s_20260802_16,62cbcd9f68e54196ac5f192f054b63c8,0.212,,,
253,2026-07-31,SH601857,-2.8081965550524666e-10,EXP_LGBModel_Alpha158_csi300_custom_step0_s_20260802_16,62cbcd9f68e54196ac5f192f054b63c8,0.212,,,
254,2026-07-31,SH601838,0.009667487397529423,EXP_LGBModel_Alpha158_csi300_custom_step0_s_20260802_16,62cbcd9f68e54196ac5f192f054b63c8,0.212,,,
255,2026-07-31,SH601825,-0.0076005587964391025,EXP_LGBModel_Alpha158_csi300_custom_step0_s_20260802_16,62cbcd9f68e54196ac5f192f054b63c8,0.212,,,
256,2026-07-31,SH601818,0.0124227260536756,EXP_LGBModel_Alpha158_csi300_custom_step0_s_20260802_16,62cbcd9f68e54196ac5f192f054b63c8,0.212,,,
257,2026-07-31,SH601816,-0.009980115950012199,EXP_LGBModel_Alpha158_csi300_custom_step0_s_20260802_16,62cbcd9f68e54196ac5f192f054b63c8,0.212,,,
258,2026-07-31,SH601800,0.002310033059748074,EXP_LGBModel_Alpha158_csi300_custom_step0_s_20260802_16,62cbcd9f68e54196ac5f192f054b63c8,0.212,,,
259,2026-07-31,SH601390,-0.001306476815011772,EXP_LGBModel_Alpha158_csi300_custom_step0_s_20260802_16,62cbcd9f68e54196ac5f192f054b63c8,0.212,,,
260,2026-07-31,SH601377,0.009812903921832265,EXP_LGBModel_Alpha158_csi300_custom_step0_s_20260802_16,62cbcd9f68e54196ac5f192f054b63c8,0.212,,,
261,2026-07-31,SH601360,0.00020348107212013076,EXP_LGBModel_Alpha158_csi300_custom_step0_s_20260802_16,62cbcd9f68e54196ac5f192f054b63c8,0.212,,,
262,2026-07-31,SH601336,0.0008519768044476191,EXP_LGBModel_Alpha158_csi300_custom_step0_s_20260802_16,62cbcd9f68e54196ac5f192f054b63c8,0.212,,,
263,2026-07-31,SH601066,-0.009375194104829824,EXP_LGBModel_Alpha158_csi300_custom_step0_s_20260802_16,62cbcd9f68e54196ac5f192f054b63c8,0.212,,,
264,2026-07-31,SH601059,0.010234322594079363,EXP_LGBModel_Alpha158_csi300_custom_step0_s_20260802_16,62cbcd9f68e54196ac5f192f054b63c8,0.212,,,
265,2026-07-31,SH601058,-0.01049527070309708,EXP_LGBModel_Alpha158_csi300_custom_step0_s_20260802_16,62cbcd9f68e54196ac5f192f054b63c8,0.212,,,
266,2026-07-31,SH601021,0.006584978171835079,EXP_LGBModel_Alpha158_csi300_custom_step0_s_20260802_16,62cbcd9f68e54196ac5f192f054b63c8,0.212,,,
267,2026-07-31,SH601018,0.0124227260536756,EXP_LGBModel_Alpha158_csi300_custom_step0_s_20260802_16,62cbcd9f68e54196ac5f192f054b63c8,0.212,,,
268,2026-07-31,SH601012,-0.007468779560680995,EXP_LGBModel_Alpha158_csi300_custom_step0_s_20260802_16,62cbcd9f68e54196ac5f192f054b63c8,0.212,,,
269,2026-07-31,SH601009,-0.007641160051720279,EXP_LGBModel_Alpha158_csi300_custom_step0_s_20260802_16,62cbcd9f68e54196ac5f192f054b63c8,0.212,,,
270,2026-07-31,SH601006,0.004361319040331815,EXP_LGBModel_Alpha158_csi300_custom_step0_s_20260802_16,62cbcd9f68e54196ac5f192f054b63c8,0.212,,,
271,2026-07-31,SH600999,-0.00890876971706384,EXP_LGBModel_Alpha158_csi300_custom_step0_s_20260802_16,62cbcd9f68e54196ac5f192f054b63c8,0.212,,,
272,2026-07-31,SH600989,-0.009375194104829824,EXP_LGBModel_Alpha158_csi300_custom_step0_s_20260802_16,62cbcd9f68e54196ac5f192f054b63c8,0.212,,,
273,2026-07-31,SH600958,0.007624500462236025,EXP_LGBModel_Alpha158_csi300_custom_step0_s_20260802_16,62cbcd9f68e54196ac5f192f054b63c8,0.212,,,
274,2026-07-31,SH600941,-0.004719091864357438,EXP_LGBModel_Alpha158_csi300_custom_step0_s_20260802_16,62cbcd9f68e54196ac5f192f054b63c8,0.212,,,
275,2026-07-31,SH600938,-0.009375194104829824,EXP_LGBModel_Alpha158_csi300_custom_step0_s_20260802_16,62cbcd9f68e54196ac5f192f054b63c8,0.212,,,
276,2026-07-31,SH600930,-0.003340099034811477,EXP_LGBModel_Alpha158_csi300_custom_step0_s_20260802_16,62cbcd9f68e54196ac5f192f054b63c8,0.212,,,
277,2026-07-31,SH600926,-0.008076854379133296,EXP_LGBModel_Alpha158_csi300_custom_step0_s_20260802_16,62cbcd9f68e54196ac5f192f054b63c8,0.212,,,
278,2026-07-31,SH601077,0.0038297395156889017,EXP_LGBModel_Alpha158_csi300_custom_step0_s_20260802_16,62cbcd9f68e54196ac5f192f054b63c8,0.212,,,
279,2026-07-31,SH600918,-0.00010613497414535544,EXP_LGBModel_Alpha158_csi300_custom_step0_s_20260802_16,62cbcd9f68e54196ac5f192f054b63c8,0.212,,,
280,2026-07-31,SH601088,0.002310033059748074,EXP_LGBModel_Alpha158_csi300_custom_step0_s_20260802_16,62cbcd9f68e54196ac5f192f054b63c8,0.212,,,
281,2026-07-31,SH601111,-0.005890513294244641,EXP_LGBModel_Alpha158_csi300_custom_step0_s_20260802_16,62cbcd9f68e54196ac5f192f054b63c8,0.212,,,
282,2026-07-31,SH601328,-0.009980115950012199,EXP_LGBModel_Alpha158_csi300_custom_step0_s_20260802_16,62cbcd9f68e54196ac5f192f054b63c8,0.212,,,
283,2026-07-31,SH601319,0.005062915904039756,EXP_LGBModel_Alpha158_csi300_custom_step0_s_20260802_16,62cbcd9f68e54196ac5f192f054b63c8,0.212,,,
284,2026-07-31,SH601318,-0.008076854379133296,EXP_LGBModel_Alpha158_csi300_custom_step0_s_20260802_16,62cbcd9f68e54196ac5f192f054b63c8,0.212,,,
285,2026-07-31,SH601288,-0.009980115950012199,EXP_LGBModel_Alpha158_csi300_custom_step0_s_20260802_16,62cbcd9f68e54196ac5f192f054b63c8,0.212,,,
286,2026-07-31,SH601238,-0.002416168314713085,EXP_LGBModel_Alpha158_csi300_custom_step0_s_20260802_16,62cbcd9f68e54196ac5f192f054b63c8,0.212,,,
287,2026-07-31,SH601229,-0.008673639415820084,EXP_LGBModel_Alpha158_csi300_custom_step0_s_20260802_16,62cbcd9f68e54196ac5f192f054b63c8,0.212,,,
288,2026-07-31,SH601225,0.002310033059748074,EXP_LGBModel_Alpha158_csi300_custom_step0_s_20260802_16,62cbcd9f68e54196ac5f192f054b63c8,0.212,,,
289,2026-07-31,SH601211,0.005062915904039756,EXP_LGBModel_Alpha158_csi300_custom_step0_s_20260802_16,62cbcd9f68e54196ac5f192f054b63c8,0.212,,,
290,2026-07-31,SH601186,-0.001306476815011772,EXP_LGBModel_Alpha158_csi300_custom_step0_s_20260802_16,62cbcd9f68e54196ac5f192f054b63c8,0.212,,,
291,2026-07-31,SH601169,0.004498436519344313,EXP_LGBModel_Alpha158_csi300_custom_step0_s_20260802_16,62cbcd9f68e54196ac5f192f054b63c8,0.212,,,
292,2026-07-31,SH601166,-0.009980115950012199,EXP_LGBModel_Alpha158_csi300_custom_step0_s_20260802_16,62cbcd9f68e54196ac5f192f054b63c8,0.212,,,
293,2026-07-31,SH601138,0.024130753528023248,EXP_LGBModel_Alpha158_csi300_custom_step0_s_20260802_16,62cbcd9f68e54196ac5f192f054b63c8,0.212,,,
294,2026-07-31,SH601136,-0.00471578919460517,EXP_LGBModel_Alpha158_csi300_custom_step0_s_20260802_16,62cbcd9f68e54196ac5f192f054b63c8,0.212,,,
295,2026-07-31,SH601127,0.0015729820346769663,EXP_LGBModel_Alpha158_csi300_custom_step0_s_20260802_16,62cbcd9f68e54196ac5f192f054b63c8,0.212,,,
296,2026-07-31,SH601117,0.004641497231792658,EXP_LGBModel_Alpha158_csi300_custom_step0_s_20260802_16,62cbcd9f68e54196ac5f192f054b63c8,0.212,,,
297,2026-07-31,SH601100,-0.004319429885591988,EXP_LGBModel_Alpha158_csi300_custom_step0_s_20260802_16,62cbcd9f68e54196ac5f192f054b63c8,0.212,,,
298,2026-07-31,SH600009,3.767757010738129e-05,EXP_LGBModel_Alpha158_csi300_custom_step0_s_20260802_16,62cbcd9f68e54196ac5f192f054b63c8,0.212,,,
299,2026-07-31,SZ302132,-0.009887195884644777,EXP_LGBModel_Alpha158_csi300_custom_step0_s_20260802_16,62cbcd9f68e54196ac5f192f054b63c8,0.212,,,
300,2026-07-31,SH600009,0.012635449052611223,EXP_DEnsembleModel_Alpha158_csi300_custom_step0_s_20260802_14,20de9f7658644f9399cba37fffea2453,0.274,,,
301,2026-07-31,SZ000617,0.036627836894006595,EXP_DEnsembleModel_Alpha158_csi300_custom_step0_s_20260802_14,20de9f7658644f9399cba37fffea2453,0.274,,,
302,2026-07-31,SZ000596,-0.12181498494447773,EXP_DEnsembleModel_Alpha158_csi300_custom_step0_s_20260802_14,20de9f7658644f9399cba37fffea2453,0.274,,,
303,2026-07-31,SZ000568,-0.1319913533245482,EXP_DEnsembleModel_Alpha158_csi300_custom_step0_s_20260802_14,20de9f7658644f9399cba37fffea2453,0.274,,,
304,2026-07-31,SZ000538,0.015488715252683452,EXP_DEnsembleModel_Alpha158_csi300_custom_step0_s_20260802_14,20de9f7658644f9399cba37fffea2453,0.274,,,
305,2026-07-31,SZ000425,-0.05757259542588735,EXP_DEnsembleModel_Alpha158_csi300_custom_step0_s_20260802_14,20de9f7658644f9399cba37fffea2453,0.274,,,
306,2026-07-31,SZ000408,-0.0454835074195822,EXP_DEnsembleModel_Alpha158_csi300_custom_step0_s_20260802_14,20de9f7658644f9399cba37fffea2453,0.274,,,
307,2026-07-31,SZ000625,0.003150261154511726,EXP_DEnsembleModel_Alpha158_csi300_custom_step0_s_20260802_14,20de9f7658644f9399cba37fffea2453,0.274,,,
308,2026-07-31,SZ000338,0.03155838768498946,EXP_DEnsembleModel_Alpha158_csi300_custom_step0_s_20260802_14,20de9f7658644f9399cba37fffea2453,0.274,,,
309,2026-07-31,SZ000301,-0.07014480556295784,EXP_DEnsembleModel_Alpha158_csi300_custom_step0_s_20260802_14,20de9f7658644f9399cba37fffea2453,0.274,,,
310,2026-07-31,SZ000166,0.058412853413830394,EXP_DEnsembleModel_Alpha158_csi300_custom_step0_s_20260802_14,20de9f7658644f9399cba37fffea2453,0.274,,,
311,2026-07-31,SZ000157,-0.0017974422328326145,EXP_DEnsembleModel_Alpha158_csi300_custom_step0_s_20260802_14,20de9f7658644f9399cba37fffea2453,0.274,,,
312,2026-07-31,SZ000100,-0.10572443612235465,EXP_DEnsembleModel_Alpha158_csi300_custom_step0_s_20260802_14,20de9f7658644f9399cba37fffea2453,0.274,,,
313,2026-07-31,SZ000063,-0.09268357220219975,EXP_DEnsembleModel_Alpha158_csi300_custom_step0_s_20260802_14,20de9f7658644f9399cba37fffea2453,0.274,,,
314,2026-07-31,SZ000002,-0.054963464320151825,EXP_DEnsembleModel_Alpha158_csi300_custom_step0_s_20260802_14,20de9f7658644f9399cba37fffea2453,0.274,,,
315,2026-07-31,SZ000333,0.03314693798091531,EXP_DEnsembleModel_Alpha158_csi300_custom_step0_s_20260802_14,20de9f7658644f9399cba37fffea2453,0.274,,,
316,2026-07-31,SZ000630,-0.06379479904022092,EXP_DEnsembleModel_Alpha158_csi300_custom_step0_s_20260802_14,20de9f7658644f9399cba37fffea2453,0.274,,,
317,2026-07-31,SZ000651,0.1007356228319463,EXP_DEnsembleModel_Alpha158_csi300_custom_step0_s_20260802_14,20de9f7658644f9399cba37fffea2453,0.274,,,
318,2026-07-31,SZ000657,0.06425841378922392,EXP_DEnsembleModel_Alpha158_csi300_custom_step0_s_20260802_14,20de9f7658644f9399cba37fffea2453,0.274,,,
319,2026-07-31,SZ001280,-0.07181937621466859,EXP_DEnsembleModel_Alpha158_csi300_custom_step0_s_20260802_14,20de9f7658644f9399cba37fffea2453,0.274,,,
320,2026-07-31,SZ000999,0.07819556112816155,EXP_DEnsembleModel_Alpha158_csi300_custom_step0_s_20260802_14,20de9f7658644f9399cba37fffea2453,0.274,,,
321,2026-07-31,SZ000988,0.1683553720728506,EXP_DEnsembleModel_Alpha158_csi300_custom_step0_s_20260802_14,20de9f7658644f9399cba37fffea2453,0.274,,,
322,2026-07-31,SZ000977,0.07536888916191278,EXP_DEnsembleModel_Alpha158_csi300_custom_step0_s_20260802_14,20de9f7658644f9399cba37fffea2453,0.274,,,
323,2026-07-31,SZ000975,-0.12665447494214302,EXP_DEnsembleModel_Alpha158_csi300_custom_step0_s_20260802_14,20de9f7658644f9399cba37fffea2453,0.274,,,
324,2026-07-31,SZ000963,-0.0717988112681987,EXP_DEnsembleModel_Alpha158_csi300_custom_step0_s_20260802_14,20de9f7658644f9399cba37fffea2453,0.274,,,
325,2026-07-31,SZ000938,0.07229447945587571,EXP_DEnsembleModel_Alpha158_csi300_custom_step0_s_20260802_14,20de9f7658644f9399cba37fffea2453,0.274,,,
326,2026-07-31,SZ000895,-0.04420799613685613,EXP_DEnsembleModel_Alpha158_csi300_custom_step0_s_20260802_14,20de9f7658644f9399cba37fffea2453,0.274,,,
327,2026-07-31,SZ000858,-0.07419820294768424,EXP_DEnsembleModel_Alpha158_csi300_custom_step0_s_20260802_14,20de9f7658644f9399cba37fffea2453,0.274,,,
328,2026-07-31,SZ000807,-0.0951548427651092,EXP_DEnsembleModel_Alpha158_csi300_custom_step0_s_20260802_14,20de9f7658644f9399cba37fffea2453,0.274,,,
329,2026-07-31,SZ000792,-0.033203169459605116,EXP_DEnsembleModel_Alpha158_csi300_custom_step0_s_20260802_14,20de9f7658644f9399cba37fffea2453,0.274,,,
330,2026-07-31,SZ000776,-0.09338659626282733,EXP_DEnsembleModel_Alpha158_csi300_custom_step0_s_20260802_14,20de9f7658644f9399cba37fffea2453,0.274,,,
331,2026-07-31,SZ000768,0.05079440614679533,EXP_DEnsembleModel_Alpha158_csi300_custom_step0_s_20260802_14,20de9f7658644f9399cba37fffea2453,0.274,,,
332,2026-07-31,SZ000725,0.0705798191711397,EXP_DEnsembleModel_Alpha158_csi300_custom_step0_s_20260802_14,20de9f7658644f9399cba37fffea2453,0.274,,,
333,2026-07-31,SZ000708,0.006631237132224926,EXP_DEnsembleModel_Alpha158_csi300_custom_step0_s_20260802_14,20de9f7658644f9399cba37fffea2453,0.274,,,
334,2026-07-31,SZ000001,0.12586214159752787,EXP_DEnsembleModel_Alpha158_csi300_custom_step0_s_20260802_14,20de9f7658644f9399cba37fffea2453,0.274,,,
335,2026-07-31,SH688981,0.05997904401960528,EXP_DEnsembleModel_Alpha158_csi300_custom_step0_s_20260802_14,20de9f7658644f9399cba37fffea2453,0.274,,,
336,2026-07-31,SH688521,0.20345628879868025,EXP_DEnsembleModel_Alpha158_csi300_custom_step0_s_20260802_14,20de9f7658644f9399cba37fffea2453,0.274,,,
337,2026-07-31,SH688506,-0.007297425626497876,EXP_DEnsembleModel_Alpha158_csi300_custom_step0_s_20260802_14,20de9f7658644f9399cba37fffea2453,0.274,,,
338,2026-07-31,SH603993,-0.06653814394215955,EXP_DEnsembleModel_Alpha158_csi300_custom_step0_s_20260802_14,20de9f7658644f9399cba37fffea2453,0.274,,,
339,2026-07-31,SH603986,0.19387383022358667,EXP_DEnsembleModel_Alpha158_csi300_custom_step0_s_20260802_14,20de9f7658644f9399cba37fffea2453,0.274,,,
340,2026-07-31,SH603893,0.1106792684075698,EXP_DEnsembleModel_Alpha158_csi300_custom_step0_s_20260802_14,20de9f7658644f9399cba37fffea2453,0.274,,,
341,2026-07-31,SH603799,0.11172236357505468,EXP_DEnsembleModel_Alpha158_csi300_custom_step0_s_20260802_14,20de9f7658644f9399cba37fffea2453,0.274,,,
342,2026-07-31,SH603501,-0.05930580863277028,EXP_DEnsembleModel_Alpha158_csi300_custom_step0_s_20260802_14,20de9f7658644f9399cba37fffea2453,0.274,,,
343,2026-07-31,SH603392,0.04397003821133952,EXP_DEnsembleModel_Alpha158_csi300_custom_step0_s_20260802_14,20de9f7658644f9399cba37fffea2453,0.274,,,
344,2026-07-31,SH603369,-0.05019997617305489,EXP_DEnsembleModel_Alpha158_csi300_custom_step0_s_20260802_14,20de9f7658644f9399cba37fffea2453,0.274,,,
345,2026-07-31,SH603296,-0.002517947371317237,EXP_DEnsembleModel_Alpha158_csi300_custom_step0_s_20260802_14,20de9f7658644f9399cba37fffea2453,0.274,,,
346,2026-07-31,SH603288,-0.054793170269226046,EXP_DEnsembleModel_Alpha158_csi300_custom_step0_s_20260802_14,20de9f7658644f9399cba37fffea2453,0.274,,,
347,2026-07-31,SH603260,0.04629433915560994,EXP_DEnsembleModel_Alpha158_csi300_custom_step0_s_20260802_14,20de9f7658644f9399cba37fffea2453,0.274,,,
348,2026-07-31,SH603259,-0.13745671670019036,EXP_DEnsembleModel_Alpha158_csi300_custom_step0_s_20260802_14,20de9f7658644f9399cba37fffea2453,0.274,,,
349,2026-07-31,SH603019,-0.03202683663242186,EXP_DEnsembleModel_Alpha158_csi300_custom_step0_s_20260802_14,20de9f7658644f9399cba37fffea2453,0.274,,,
350,2026-07-31,SH601998,0.003396516161478949,EXP_DEnsembleModel_Alpha158_csi300_custom_step0_s_20260802_14,20de9f7658644f9399cba37fffea2453,0.274,,,
351,2026-07-31,SH601995,-0.03609748555640902,EXP_DEnsembleModel_Alpha158_csi300_custom_step0_s_20260802_14,20de9f7658644f9399cba37fffea2453,0.274,,,
352,2026-07-31,SH601988,0.07868341272792957,EXP_DEnsembleModel_Alpha158_csi300_custom_step0_s_20260802_14,20de9f7658644f9399cba37fffea2453,0.274,,,
353,2026-07-31,SH605117,0.16912166476501142,EXP_DEnsembleModel_Alpha158_csi300_custom_step0_s_20260802_14,20de9f7658644f9399cba37fffea2453,0.274,,,
354,2026-07-31,SZ001391,0.04714043000612899,EXP_DEnsembleModel_Alpha158_csi300_custom_step0_s_20260802_14,20de9f7658644f9399cba37fffea2453,0.274,,,
355,2026-07-31,SH605499,-0.039001142734169,EXP_DEnsembleModel_Alpha158_csi300_custom_step0_s_20260802_14,20de9f7658644f9399cba37fffea2453,0.274,,,
356,2026-07-31,SH688009,0.08092993174956993,EXP_DEnsembleModel_Alpha158_csi300_custom_step0_s_20260802_14,20de9f7658644f9399cba37fffea2453,0.274,,,
357,2026-07-31,SH688472,-0.031659504058585995,EXP_DEnsembleModel_Alpha158_csi300_custom_step0_s_20260802_14,20de9f7658644f9399cba37fffea2453,0.274,,,
358,2026-07-31,SH688396,0.28858976710359935,EXP_DEnsembleModel_Alpha158_csi300_custom_step0_s_20260802_14,20de9f7658644f9399cba37fffea2453,0.274,,,
359,2026-07-31,SH688303,-0.07287725804570437,EXP_DEnsembleModel_Alpha158_csi300_custom_step0_s_20260802_14,20de9f7658644f9399cba37fffea2453,0.274,,,
360,2026-07-31,SH688271,-0.044823336642666904,EXP_DEnsembleModel_Alpha158_csi300_custom_step0_s_20260802_14,20de9f7658644f9399cba37fffea2453,0.274,,,
361,2026-07-31,SH688256,0.10252232532061352,EXP_DEnsembleModel_Alpha158_csi300_custom_step0_s_20260802_14,20de9f7658644f9399cba37fffea2453,0.274,,,
362,2026-07-31,SH688223,0.03315620956479087,EXP_DEnsembleModel_Alpha158_csi300_custom_step0_s_20260802_14,20de9f7658644f9399cba37fffea2453,0.274,,,
363,2026-07-31,SH688183,0.23313270779959813,EXP_DEnsembleModel_Alpha158_csi300_custom_step0_s_20260802_14,20de9f7658644f9399cba37fffea2453,0.274,,,
364,2026-07-31,SH688126,0.22605918458139918,EXP_DEnsembleModel_Alpha158_csi300_custom_step0_s_20260802_14,20de9f7658644f9399cba37fffea2453,0.274,,,
365,2026-07-31,SH688111,-0.052455423259997004,EXP_DEnsembleModel_Alpha158_csi300_custom_step0_s_20260802_14,20de9f7658644f9399cba37fffea2453,0.274,,,
366,2026-07-31,SH688082,0.1517436057093478,EXP_DEnsembleModel_Alpha158_csi300_custom_step0_s_20260802_14,20de9f7658644f9399cba37fffea2453,0.274,,,
367,2026-07-31,SH688072,-0.0024241333686797644,EXP_DEnsembleModel_Alpha158_csi300_custom_step0_s_20260802_14,20de9f7658644f9399cba37fffea2453,0.274,,,
368,2026-07-31,SH688047,0.10490143287003902,EXP_DEnsembleModel_Alpha158_csi300_custom_step0_s_20260802_14,20de9f7658644f9399cba37fffea2453,0.274,,,
369,2026-07-31,SH688041,-0.0023733293551069594,EXP_DEnsembleModel_Alpha158_csi300_custom_step0_s_20260802_14,20de9f7658644f9399cba37fffea2453,0.274,,,
370,2026-07-31,SH688036,-0.1448408236621135,EXP_DEnsembleModel_Alpha158_csi300_custom_step0_s_20260802_14,20de9f7658644f9399cba37fffea2453,0.274,,,
371,2026-07-31,SH688012,0.19281005999134707,EXP_DEnsembleModel_Alpha158_csi300_custom_step0_s_20260802_14,20de9f7658644f9399cba37fffea2453,0.274,,,
372,2026-07-31,SH688008,0.25123127575611887,EXP_DEnsembleModel_Alpha158_csi300_custom_step0_s_20260802_14,20de9f7658644f9399cba37fffea2453,0.274,,,
373,2026-07-31,SH601985,0.09254098839597537,EXP_DEnsembleModel_Alpha158_csi300_custom_step0_s_20260802_14,20de9f7658644f9399cba37fffea2453,0.274,,,
374,2026-07-31,SZ001965,0.12232382772787144,EXP_DEnsembleModel_Alpha158_csi300_custom_step0_s_20260802_14,20de9f7658644f9399cba37fffea2453,0.274,,,
375,2026-07-31,SZ002001,-0.07877743433774168,EXP_DEnsembleModel_Alpha158_csi300_custom_step0_s_20260802_14,20de9f7658644f9399cba37fffea2453,0.274,,,
376,2026-07-31,SZ300413,-0.050864568785780814,EXP_DEnsembleModel_Alpha158_csi300_custom_step0_s_20260802_14,20de9f7658644f9399cba37fffea2453,0.274,,,
377,2026-07-31,SZ300408,0.222115554495551,EXP_DEnsembleModel_Alpha158_csi300_custom_step0_s_20260802_14,20de9f7658644f9399cba37fffea2453,0.274,,,
378,2026-07-31,SZ300394,0.3321403900690822,EXP_DEnsembleModel_Alpha158_csi300_custom_step0_s_20260802_14,20de9f7658644f9399cba37fffea2453,0.274,,,
379,2026-07-31,SZ300316,0.05186206502669262,EXP_DEnsembleModel_Alpha158_csi300_custom_step0_s_20260802_14,20de9f7658644f9399cba37fffea2453,0.274,,,
380,2026-07-31,SZ300308,0.1896551500699433,EXP_DEnsembleModel_Alpha158_csi300_custom_step0_s_20260802_14,20de9f7658644f9399cba37fffea2453,0.274,,,
381,2026-07-31,SZ300274,0.265483513708729,EXP_DEnsembleModel_Alpha158_csi300_custom_step0_s_20260802_14,20de9f7658644f9399cba37fffea2453,0.274,,,
382,2026-07-31,SZ300418,0.10643925852568535,EXP_DEnsembleModel_Alpha158_csi300_custom_step0_s_20260802_14,20de9f7658644f9399cba37fffea2453,0.274,,,
383,2026-07-31,SZ300251,-0.12744199567205808,EXP_DEnsembleModel_Alpha158_csi300_custom_step0_s_20260802_14,20de9f7658644f9399cba37fffea2453,0.274,,,
384,2026-07-31,SZ300122,-0.053158396928197196,EXP_DEnsembleModel_Alpha158_csi300_custom_step0_s_20260802_14,20de9f7658644f9399cba37fffea2453,0.274,,,
385,2026-07-31,SZ300059,-0.11542797949273491,EXP_DEnsembleModel_Alpha158_csi300_custom_step0_s_20260802_14,20de9f7658644f9399cba37fffea2453,0.274,,,
386,2026-07-31,SZ300033,-0.051547565813550585,EXP_DEnsembleModel_Alpha158_csi300_custom_step0_s_20260802_14,20de9f7658644f9399cba37fffea2453,0.274,,,
387,2026-07-31,SZ300015,-0.07491736537138634,EXP_DEnsembleModel_Alpha158_csi300_custom_step0_s_20260802_14,20de9f7658644f9399cba37fffea2453,0.274,,,
388,2026-07-31,SZ300014,-0.04688675236978982,EXP_DEnsembleModel_Alpha158_csi300_custom_step0_s_20260802_14,20de9f7658644f9399cba37fffea2453,0.274,,,
389,2026-07-31,SZ003816,0.014601589568788481,EXP_DEnsembleModel_Alpha158_csi300_custom_step0_s_20260802_14,20de9f7658644f9399cba37fffea2453,0.274,,,
390,2026-07-31,SZ300124,-0.03353789684207296,EXP_DEnsembleModel_Alpha158_csi300_custom_step0_s_20260802_14,20de9f7658644f9399cba37fffea2453,0.274,,,
391,2026-07-31,SZ300433,0.11205273879677269,EXP_DEnsembleModel_Alpha158_csi300_custom_step0_s_20260802_14,20de9f7658644f9399cba37fffea2453,0.274,,,
392,2026-07-31,SZ300442,0.3352820426996373,EXP_DEnsembleModel_Alpha158_csi300_custom_step0_s_20260802_14,20de9f7658644f9399cba37fffea2453,0.274,,,
393,2026-07-31,SZ300450,0.10870813941789416,EXP_DEnsembleModel_Alpha158_csi300_custom_step0_s_20260802_14,20de9f7658644f9399cba37fffea2453,0.274,,,
394,2026-07-31,SZ301269,0.08394428016694587,EXP_DEnsembleModel_Alpha158_csi300_custom_step0_s_20260802_14,20de9f7658644f9399cba37fffea2453,0.274,,,
395,2026-07-31,SZ301236,-0.024655562703887968,EXP_DEnsembleModel_Alpha158_csi300_custom_step0_s_20260802_14,20de9f7658644f9399cba37fffea2453,0.274,,,
396,2026-07-31,SZ301165,0.038145033552345955,EXP_DEnsembleModel_Alpha158_csi300_custom_step0_s_20260802_14,20de9f7658644f9399cba37fffea2453,0.274,,,
397,2026-07-31,SZ300999,0.027156225166592884,EXP_DEnsembleModel_Alpha158_csi300_custom_step0_s_20260802_14,20de9f7658644f9399cba37fffea2453,0.274,,,
398,2026-07-31,SZ300896,-0.12206965873106014,EXP_DEnsembleModel_Alpha158_csi300_custom_step0_s_20260802_14,20de9f7658644f9399cba37fffea2453,0.274,,,
399,2026-07-31,SZ300866,-0.0781502079411027,EXP_DEnsembleModel_Alpha158_csi300_custom_step0_s_20260802_14,20de9f7658644f9399cba37fffea2453,0.274,,,
400,2026-07-31,SZ300832,-0.018728526475256736,EXP_DEnsembleModel_Alpha158_csi300_custom_step0_s_20260802_14,20de9f7658644f9399cba37fffea2453,0.274,,,
401,2026-07-31,SZ300803,0.09924229040935502,EXP_DEnsembleModel_Alpha158_csi300_custom_step0_s_20260802_14,20de9f7658644f9399cba37fffea2453,0.274,,,
402,2026-07-31,SZ300760,-0.0432486623621862,EXP_DEnsembleModel_Alpha158_csi300_custom_step0_s_20260802_14,20de9f7658644f9399cba37fffea2453,0.274,,,
403,2026-07-31,SZ300750,-0.08653838339900864,EXP_DEnsembleModel_Alpha158_csi300_custom_step0_s_20260802_14,20de9f7658644f9399cba37fffea2453,0.274,,,
404,2026-07-31,SZ300661,0.051632774515743586,EXP_DEnsembleModel_Alpha158_csi300_custom_step0_s_20260802_14,20de9f7658644f9399cba37fffea2453,0.274,,,
405,2026-07-31,SZ300628,-0.034274726557008445,EXP_DEnsembleModel_Alpha158_csi300_custom_step0_s_20260802_14,20de9f7658644f9399cba37fffea2453,0.274,,,
406,2026-07-31,SZ300502,0.26272344112127616,EXP_DEnsembleModel_Alpha158_csi300_custom_step0_s_20260802_14,20de9f7658644f9399cba37fffea2453,0.274,,,
407,2026-07-31,SZ300498,-0.081408157970548,EXP_DEnsembleModel_Alpha158_csi300_custom_step0_s_20260802_14,20de9f7658644f9399cba37fffea2453,0.274,,,
408,2026-07-31,SZ300476,0.20953795016505128,EXP_DEnsembleModel_Alpha158_csi300_custom_step0_s_20260802_14,20de9f7658644f9399cba37fffea2453,0.274,,,
409,2026-07-31,SZ002938,0.12454335543831695,EXP_DEnsembleModel_Alpha158_csi300_custom_step0_s_20260802_14,20de9f7658644f9399cba37fffea2453,0.274,,,
410,2026-07-31,SZ002920,0.08290229383589537,EXP_DEnsembleModel_Alpha158_csi300_custom_step0_s_20260802_14,20de9f7658644f9399cba37fffea2453,0.274,,,
411,2026-07-31,SZ002916,0.1674770788960854,EXP_DEnsembleModel_Alpha158_csi300_custom_step0_s_20260802_14,20de9f7658644f9399cba37fffea2453,0.274,,,
412,2026-07-31,SZ002837,0.2361290248360384,EXP_DEnsembleModel_Alpha158_csi300_custom_step0_s_20260802_14,20de9f7658644f9399cba37fffea2453,0.274,,,
413,2026-07-31,SZ002353,0.08635444009378422,EXP_DEnsembleModel_Alpha158_csi300_custom_step0_s_20260802_14,20de9f7658644f9399cba37fffea2453,0.274,,,
414,2026-07-31,SZ002352,0.0016902312895460175,EXP_DEnsembleModel_Alpha158_csi300_custom_step0_s_20260802_14,20de9f7658644f9399cba37fffea2453,0.274,,,
415,2026-07-31,SZ002311,-0.05806031497931228,EXP_DEnsembleModel_Alpha158_csi300_custom_step0_s_20260802_14,20de9f7658644f9399cba37fffea2453,0.274,,,
416,2026-07-31,SZ002304,-0.05769561438767138,EXP_DEnsembleModel_Alpha158_csi300_custom_step0_s_20260802_14,20de9f7658644f9399cba37fffea2453,0.274,,,
417,2026-07-31,SZ002241,0.02714120797860029,EXP_DEnsembleModel_Alpha158_csi300_custom_step0_s_20260802_14,20de9f7658644f9399cba37fffea2453,0.274,,,
418,2026-07-31,SZ002236,0.04370554575856447,EXP_DEnsembleModel_Alpha158_csi300_custom_step0_s_20260802_14,20de9f7658644f9399cba37fffea2453,0.274,,,
419,2026-07-31,SZ002230,0.07288088139933617,EXP_DEnsembleModel_Alpha158_csi300_custom_step0_s_20260802_14,20de9f7658644f9399cba37fffea2453,0.274,,,
420,2026-07-31,SZ002202,0.15904113090507943,EXP_DEnsembleModel_Alpha158_csi300_custom_step0_s_20260802_14,20de9f7658644f9399cba37fffea2453,0.274,,,
421,2026-07-31,SZ002179,0.022597316588628753,EXP_DEnsembleModel_Alpha158_csi300_custom_step0_s_20260802_14,20de9f7658644f9399cba37fffea2453,0.274,,,
422,2026-07-31,SZ002142,0.09944115547604145,EXP_DEnsembleModel_Alpha158_csi300_custom_step0_s_20260802_14,20de9f7658644f9399cba37fffea2453,0.274,,,
423,2026-07-31,SZ002074,-0.0051620194747916725,EXP_DEnsembleModel_Alpha158_csi300_custom_step0_s_20260802_14,20de9f7658644f9399cba37fffea2453,0.274,,,
424,2026-07-31,SZ002050,0.10450863349442968,EXP_DEnsembleModel_Alpha158_csi300_custom_step0_s_20260802_14,20de9f7658644f9399cba37fffea2453,0.274,,,
425,2026-07-31,SZ002049,0.09768361082565206,EXP_DEnsembleModel_Alpha158_csi300_custom_step0_s_20260802_14,20de9f7658644f9399cba37fffea2453,0.274,,,
426,2026-07-31,SZ002028,0.02911649795226386,EXP_DEnsembleModel_Alpha158_csi300_custom_step0_s_20260802_14,20de9f7658644f9399cba37fffea2453,0.274,,,
427,2026-07-31,SZ002027,-0.061540118811689797,EXP_DEnsembleModel_Alpha158_csi300_custom_step0_s_20260802_14,20de9f7658644f9399cba37fffea2453,0.274,,,
428,2026-07-31,SZ002371,0.03650984087928534,EXP_DEnsembleModel_Alpha158_csi300_custom_step0_s_20260802_14,20de9f7658644f9399cba37fffea2453,0.274,,,
429,2026-07-31,SZ001979,-0.08220265175683518,EXP_DEnsembleModel_Alpha158_csi300_custom_step0_s_20260802_14,20de9f7658644f9399cba37fffea2453,0.274,,,
430,2026-07-31,SZ002384,0.08788306432392308,EXP_DEnsembleModel_Alpha158_csi300_custom_step0_s_20260802_14,20de9f7658644f9399cba37fffea2453,0.274,,,
431,2026-07-31,SZ002422,-0.015126560373205948,EXP_DEnsembleModel_Alpha158_csi300_custom_step0_s_20260802_14,20de9f7658644f9399cba37fffea2453,0.274,,,
432,2026-07-31,SZ002736,0.02442815047062637,EXP_DEnsembleModel_Alpha158_csi300_custom_step0_s_20260802_14,20de9f7658644f9399cba37fffea2453,0.274,,,
433,2026-07-31,SZ002714,-0.11481639831064595,EXP_DEnsembleModel_Alpha158_csi300_custom_step0_s_20260802_14,20de9f7658644f9399cba37fffea2453,0.274,,,
434,2026-07-31,SZ002709,0.15267000961869634,EXP_DEnsembleModel_Alpha158_csi300_custom_step0_s_20260802_14,20de9f7658644f9399cba37fffea2453,0.274,,,
435,2026-07-31,SZ002648,-0.09808560145211745,EXP_DEnsembleModel_Alpha158_csi300_custom_step0_s_20260802_14,20de9f7658644f9399cba37fffea2453,0.274,,,
436,2026-07-31,SZ002625,0.04048440302056542,EXP_DEnsembleModel_Alpha158_csi300_custom_step0_s_20260802_14,20de9f7658644f9399cba37fffea2453,0.274,,,
437,2026-07-31,SZ002602,-0.11833009841562012,EXP_DEnsembleModel_Alpha158_csi300_custom_step0_s_20260802_14,20de9f7658644f9399cba37fffea2453,0.274,,,
438,2026-07-31,SZ002600,0.08880063198520674,EXP_DEnsembleModel_Alpha158_csi300_custom_step0_s_20260802_14,20de9f7658644f9399cba37fffea2453,0.274,,,
439,2026-07-31,SZ002594,-0.05944458507433875,EXP_DEnsembleModel_Alpha158_csi300_custom_step0_s_20260802_14,20de9f7658644f9399cba37fffea2453,0.274,,,
440,2026-07-31,SZ002558,-0.13202540304607763,EXP_DEnsembleModel_Alpha158_csi300_custom_step0_s_20260802_14,20de9f7658644f9399cba37fffea2453,0.274,,,
441,2026-07-31,SZ002532,-0.10527734901924195,EXP_DEnsembleModel_Alpha158_csi300_custom_step0_s_20260802_14,20de9f7658644f9399cba37fffea2453,0.274,,,
442,2026-07-31,SZ002493,-0.12379352866300461,EXP_DEnsembleModel_Alpha158_csi300_custom_step0_s_20260802_14,20de9f7658644f9399cba37fffea2453,0.274,,,
443,2026-07-31,SZ002475,0.11344605235492021,EXP_DEnsembleModel_Alpha158_csi300_custom_step0_s_20260802_14,20de9f7658644f9399cba37fffea2453,0.274,,,
444,2026-07-31,SZ002466,0.17919963494555566,EXP_DEnsembleModel_Alpha158_csi300_custom_step0_s_20260802_14,20de9f7658644f9399cba37fffea2453,0.274,,,
445,2026-07-31,SZ002463,0.13709790425594418,EXP_DEnsembleModel_Alpha158_csi300_custom_step0_s_20260802_14,20de9f7658644f9399cba37fffea2453,0.274,,,
446,2026-07-31,SZ002460,0.1583337918470438,EXP_DEnsembleModel_Alpha158_csi300_custom_step0_s_20260802_14,20de9f7658644f9399cba37fffea2453,0.274,,,
447,2026-07-31,SZ002415,0.03963144623572459,EXP_DEnsembleModel_Alpha158_csi300_custom_step0_s_20260802_14,20de9f7658644f9399cba37fffea2453,0.274,,,
448,2026-07-31,SH600000,0.07975309230195939,EXP_DEnsembleModel_Alpha158_csi300_custom_step0_s_20260802_14,20de9f7658644f9399cba37fffea2453,0.274,,,
449,2026-07-31,SH601939,0.07868383662451706,EXP_DEnsembleModel_Alpha158_csi300_custom_step0_s_20260802_14,20de9f7658644f9399cba37fffea2453,0.274,,,
450,2026-07-31,SH601916,0.13335919002633848,EXP_DEnsembleModel_Alpha158_csi300_custom_step0_s_20260802_14,20de9f7658644f9399cba37fffea2453,0.274,,,
451,2026-07-31,SH600547,-0.08803698578378227,EXP_DEnsembleModel_Alpha158_csi300_custom_step0_s_20260802_14,20de9f7658644f9399cba37fffea2453,0.274,,,
452,2026-07-31,SH600522,0.025690316850470907,EXP_DEnsembleModel_Alpha158_csi300_custom_step0_s_20260802_14,20de9f7658644f9399cba37fffea2453,0.274,,,
453,2026-07-31,SH600519,0.08013520465583662,EXP_DEnsembleModel_Alpha158_csi300_custom_step0_s_20260802_14,20de9f7658644f9399cba37fffea2453,0.274,,,
454,2026-07-31,SH600515,0.018627079908233358,EXP_DEnsembleModel_Alpha158_csi300_custom_step0_s_20260802_14,20de9f7658644f9399cba37fffea2453,0.274,,,
455,2026-07-31,SH600489,-0.09308182821386597,EXP_DEnsembleModel_Alpha158_csi300_custom_step0_s_20260802_14,20de9f7658644f9399cba37fffea2453,0.274,,,
456,2026-07-31,SH600482,0.0721062403711229,EXP_DEnsembleModel_Alpha158_csi300_custom_step0_s_20260802_14,20de9f7658644f9399cba37fffea2453,0.274,,,
457,2026-07-31,SH600549,0.03142282437046657,EXP_DEnsembleModel_Alpha158_csi300_custom_step0_s_20260802_14,20de9f7658644f9399cba37fffea2453,0.274,,,
458,2026-07-31,SH600460,0.15294014418150606,EXP_DEnsembleModel_Alpha158_csi300_custom_step0_s_20260802_14,20de9f7658644f9399cba37fffea2453,0.274,,,
459,2026-07-31,SH600436,-0.159977311744587,EXP_DEnsembleModel_Alpha158_csi300_custom_step0_s_20260802_14,20de9f7658644f9399cba37fffea2453,0.274,,,
460,2026-07-31,SH600426,-0.09986498632065455,EXP_DEnsembleModel_Alpha158_csi300_custom_step0_s_20260802_14,20de9f7658644f9399cba37fffea2453,0.274,,,
461,2026-07-31,SH600415,-0.15140151607545768,EXP_DEnsembleModel_Alpha158_csi300_custom_step0_s_20260802_14,20de9f7658644f9399cba37fffea2453,0.274,,,
462,2026-07-31,SH600406,0.009327262606904021,EXP_DEnsembleModel_Alpha158_csi300_custom_step0_s_20260802_14,20de9f7658644f9399cba37fffea2453,0.274,,,
463,2026-07-31,SH600372,0.02471524580991508,EXP_DEnsembleModel_Alpha158_csi300_custom_step0_s_20260802_14,20de9f7658644f9399cba37fffea2453,0.274,,,
464,2026-07-31,SH600362,-0.1111644453130991,EXP_DEnsembleModel_Alpha158_csi300_custom_step0_s_20260802_14,20de9f7658644f9399cba37fffea2453,0.274,,,
465,2026-07-31,SH600438,-0.008272625971163163,EXP_DEnsembleModel_Alpha158_csi300_custom_step0_s_20260802_14,20de9f7658644f9399cba37fffea2453,0.274,,,
466,2026-07-31,SH600570,0.03870623528900802,EXP_DEnsembleModel_Alpha158_csi300_custom_step0_s_20260802_14,20de9f7658644f9399cba37fffea2453,0.274,,,
467,2026-07-31,SH600584,0.1713683623141233,EXP_DEnsembleModel_Alpha158_csi300_custom_step0_s_20260802_14,20de9f7658644f9399cba37fffea2453,0.274,,,
468,2026-07-31,SH600585,-0.05799640911171485,EXP_DEnsembleModel_Alpha158_csi300_custom_step0_s_20260802_14,20de9f7658644f9399cba37fffea2453,0.274,,,
469,2026-07-31,SH600893,0.02020779561834241,EXP_DEnsembleModel_Alpha158_csi300_custom_step0_s_20260802_14,20de9f7658644f9399cba37fffea2453,0.274,,,
470,2026-07-31,SH600887,0.09760011433322517,EXP_DEnsembleModel_Alpha158_csi300_custom_step0_s_20260802_14,20de9f7658644f9399cba37fffea2453,0.274,,,
471,2026-07-31,SH600886,0.01934360754023061,EXP_DEnsembleModel_Alpha158_csi300_custom_step0_s_20260802_14,20de9f7658644f9399cba37fffea2453,0.274,,,
472,2026-07-31,SH600875,-0.007416480874776216,EXP_DEnsembleModel_Alpha158_csi300_custom_step0_s_20260802_14,20de9f7658644f9399cba37fffea2453,0.274,,,
473,2026-07-31,SH600845,-0.0031613153821849526,EXP_DEnsembleModel_Alpha158_csi300_custom_step0_s_20260802_14,20de9f7658644f9399cba37fffea2453,0.274,,,
474,2026-07-31,SH600809,-0.13273941620892926,EXP_DEnsembleModel_Alpha158_csi300_custom_step0_s_20260802_14,20de9f7658644f9399cba37fffea2453,0.274,,,
475,2026-07-31,SH600803,-0.1366168062624458,EXP_DEnsembleModel_Alpha158_csi300_custom_step0_s_20260802_14,20de9f7658644f9399cba37fffea2453,0.274,,,
476,2026-07-31,SH600795,0.016242323941687474,EXP_DEnsembleModel_Alpha158_csi300_custom_step0_s_20260802_14,20de9f7658644f9399cba37fffea2453,0.274,,,
477,2026-07-31,SH600760,0.003028098355940699,EXP_DEnsembleModel_Alpha158_csi300_custom_step0_s_20260802_14,20de9f7658644f9399cba37fffea2453,0.274,,,
478,2026-07-31,SH600741,-0.03111659293033325,EXP_DEnsembleModel_Alpha158_csi300_custom_step0_s_20260802_14,20de9f7658644f9399cba37fffea2453,0.274,,,
479,2026-07-31,SH600690,0.06249389378514828,EXP_DEnsembleModel_Alpha158_csi300_custom_step0_s_20260802_14,20de9f7658644f9399cba37fffea2453,0.274,,,
480,2026-07-31,SH600674,0.024997579895284134,EXP_DEnsembleModel_Alpha158_csi300_custom_step0_s_20260802_14,20de9f7658644f9399cba37fffea2453,0.274,,,
481,2026-07-31,SH600660,-0.10948224362540467,EXP_DEnsembleModel_Alpha158_csi300_custom_step0_s_20260802_14,20de9f7658644f9399cba37fffea2453,0.274,,,
482,2026-07-31,SH600600,-0.015564911611833704,EXP_DEnsembleModel_Alpha158_csi300_custom_step0_s_20260802_14,20de9f7658644f9399cba37fffea2453,0.274,,,
483,2026-07-31,SH600588,0.1300926860411115,EXP_DEnsembleModel_Alpha158_csi300_custom_step0_s_20260802_14,20de9f7658644f9399cba37fffea2453,0.274,,,
484,2026-07-31,SH600346,0.023543088488194225,EXP_DEnsembleModel_Alpha158_csi300_custom_step0_s_20260802_14,20de9f7658644f9399cba37fffea2453,0.274,,,
485,2026-07-31,SH600309,-0.043133973414677985,EXP_DEnsembleModel_Alpha158_csi300_custom_step0_s_20260802_14,20de9f7658644f9399cba37fffea2453,0.274,,,
486,2026-07-31,SH600276,-0.13959451702128106,EXP_DEnsembleModel_Alpha158_csi300_custom_step0_s_20260802_14,20de9f7658644f9399cba37fffea2453,0.274,,,
487,2026-07-31,SH600233,-0.14674826465077032,EXP_DEnsembleModel_Alpha158_csi300_custom_step0_s_20260802_14,20de9f7658644f9399cba37fffea2453,0.274,,,
488,2026-07-31,SH600036,0.10989299750792912,EXP_DEnsembleModel_Alpha158_csi300_custom_step0_s_20260802_14,20de9f7658644f9399cba37fffea2453,0.274,,,
489,2026-07-31,SH600031,-0.07322452179781287,EXP_DEnsembleModel_Alpha158_csi300_custom_step0_s_20260802_14,20de9f7658644f9399cba37fffea2453,0.274,,,
490,2026-07-31,SH600030,0.01791422934614881,EXP_DEnsembleModel_Alpha158_csi300_custom_step0_s_20260802_14,20de9f7658644f9399cba37fffea2453,0.274,,,
491,2026-07-31,SH600029,0.03887405527498022,EXP_DEnsembleModel_Alpha158_csi300_custom_step0_s_20260802_14,20de9f7658644f9399cba37fffea2453,0.274,,,
492,2026-07-31,SH600028,0.020790645729379244,EXP_DEnsembleModel_Alpha158_csi300_custom_step0_s_20260802_14,20de9f7658644f9399cba37fffea2453,0.274,,,
493,2026-07-31,SH600027,0.06876195349044643,EXP_DEnsembleModel_Alpha158_csi300_custom_step0_s_20260802_14,20de9f7658644f9399cba37fffea2453,0.274,,,
494,2026-07-31,SH600026,0.16769151459210999,EXP_DEnsembleModel_Alpha158_csi300_custom_step0_s_20260802_14,20de9f7658644f9399cba37fffea2453,0.274,,,
495,2026-07-31,SH600025,0.032403640278443814,EXP_DEnsembleModel_Alpha158_csi300_custom_step0_s_20260802_14,20de9f7658644f9399cba37fffea2453,0.274,,,
496,2026-07-31,SH600023,0.020994708444333602,EXP_DEnsembleModel_Alpha158_csi300_custom_step0_s_20260802_14,20de9f7658644f9399cba37fffea2453,0.274,,,
497,2026-07-31,SH600019,0.018495401632375372,EXP_DEnsembleModel_Alpha158_csi300_custom_step0_s_20260802_14,20de9f7658644f9399cba37fffea2453,0.274,,,
498,2026-07-31,SH600018,0.15738106108549904,EXP_DEnsembleModel_Alpha158_csi300_custom_step0_s_20260802_14,20de9f7658644f9399cba37fffea2453,0.274,,,
499,2026-07-31,SH600016,0.06195086061554321,EXP_DEnsembleModel_Alpha158_csi300_custom_step0_s_20260802_14,20de9f7658644f9399cba37fffea2453,0.274,,,
500,2026-07-31,SH600015,0.12101938072309942,EXP_DEnsembleModel_Alpha158_csi300_custom_step0_s_20260802_14,20de9f7658644f9399cba37fffea2453,0.274,,,
501,2026-07-31,SH600011,0.007100788160674889,EXP_DEnsembleModel_Alpha158_csi300_custom_step0_s_20260802_14,20de9f7658644f9399cba37fffea2453,0.274,,,
502,2026-07-31,SH600010,0.00035584475809438996,EXP_DEnsembleModel_Alpha158_csi300_custom_step0_s_20260802_14,20de9f7658644f9399cba37fffea2453,0.274,,,
503,2026-07-31,SH600039,-0.001909044205907389,EXP_DEnsembleModel_Alpha158_csi300_custom_step0_s_20260802_14,20de9f7658644f9399cba37fffea2453,0.274,,,
504,2026-07-31,SH600900,0.07751826407263361,EXP_DEnsembleModel_Alpha158_csi300_custom_step0_s_20260802_14,20de9f7658644f9399cba37fffea2453,0.274,,,
505,2026-07-31,SH600048,-0.053210179429623035,EXP_DEnsembleModel_Alpha158_csi300_custom_step0_s_20260802_14,20de9f7658644f9399cba37fffea2453,0.274,,,
506,2026-07-31,SH600061,0.030723243231636936,EXP_DEnsembleModel_Alpha158_csi300_custom_step0_s_20260802_14,20de9f7658644f9399cba37fffea2453,0.274,,,
507,2026-07-31,SH600221,0.03908486132324288,EXP_DEnsembleModel_Alpha158_csi300_custom_step0_s_20260802_14,20de9f7658644f9399cba37fffea2453,0.274,,,
508,2026-07-31,SH600219,0.07517682254013268,EXP_DEnsembleModel_Alpha158_csi300_custom_step0_s_20260802_14,20de9f7658644f9399cba37fffea2453,0.274,,,
509,2026-07-31,SH600196,-0.09362181695346058,EXP_DEnsembleModel_Alpha158_csi300_custom_step0_s_20260802_14,20de9f7658644f9399cba37fffea2453,0.274,,,
510,2026-07-31,SH600188,-0.09100601370308403,EXP_DEnsembleModel_Alpha158_csi300_custom_step0_s_20260802_14,20de9f7658644f9399cba37fffea2453,0.274,,,
511,2026-07-31,SH600183,0.053751936228543996,EXP_DEnsembleModel_Alpha158_csi300_custom_step0_s_20260802_14,20de9f7658644f9399cba37fffea2453,0.274,,,
512,2026-07-31,SH600176,0.045654234134691545,EXP_DEnsembleModel_Alpha158_csi300_custom_step0_s_20260802_14,20de9f7658644f9399cba37fffea2453,0.274,,,
513,2026-07-31,SH600160,0.019780970047979542,EXP_DEnsembleModel_Alpha158_csi300_custom_step0_s_20260802_14,20de9f7658644f9399cba37fffea2453,0.274,,,
514,2026-07-31,SH600150,-0.04646113780651444,EXP_DEnsembleModel_Alpha158_csi300_custom_step0_s_20260802_14,20de9f7658644f9399cba37fffea2453,0.274,,,
515,2026-07-31,SH600118,0.09217066245158878,EXP_DEnsembleModel_Alpha158_csi300_custom_step0_s_20260802_14,20de9f7658644f9399cba37fffea2453,0.274,,,
516,2026-07-31,SH600115,0.0241765589995297,EXP_DEnsembleModel_Alpha158_csi300_custom_step0_s_20260802_14,20de9f7658644f9399cba37fffea2453,0.274,,,
517,2026-07-31,SH600111,0.0260147942742417,EXP_DEnsembleModel_Alpha158_csi300_custom_step0_s_20260802_14,20de9f7658644f9399cba37fffea2453,0.274,,,
518,2026-07-31,SH600104,-0.007160914046921323,EXP_DEnsembleModel_Alpha158_csi300_custom_step0_s_20260802_14,20de9f7658644f9399cba37fffea2453,0.274,,,
519,2026-07-31,SH600089,-0.010376277391987777,EXP_DEnsembleModel_Alpha158_csi300_custom_step0_s_20260802_14,20de9f7658644f9399cba37fffea2453,0.274,,,
520,2026-07-31,SH600085,-0.05931584494179581,EXP_DEnsembleModel_Alpha158_csi300_custom_step0_s_20260802_14,20de9f7658644f9399cba37fffea2453,0.274,,,
521,2026-07-31,SH600066,-0.015636594509966156,EXP_DEnsembleModel_Alpha158_csi300_custom_step0_s_20260802_14,20de9f7658644f9399cba37fffea2453,0.274,,,
522,2026-07-31,SH600050,0.08543395686105282,EXP_DEnsembleModel_Alpha158_csi300_custom_step0_s_20260802_14,20de9f7658644f9399cba37fffea2453,0.274,,,
523,2026-07-31,SH601919,0.0369901226318385,EXP_DEnsembleModel_Alpha158_csi300_custom_step0_s_20260802_14,20de9f7658644f9399cba37fffea2453,0.274,,,
524,2026-07-31,SH600905,0.03668950523166329,EXP_DEnsembleModel_Alpha158_csi300_custom_step0_s_20260802_14,20de9f7658644f9399cba37fffea2453,0.274,,,
525,2026-07-31,SH600919,0.12725150509456795,EXP_DEnsembleModel_Alpha158_csi300_custom_step0_s_20260802_14,20de9f7658644f9399cba37fffea2453,0.274,,,
526,2026-07-31,SH601698,0.03675221086338549,EXP_DEnsembleModel_Alpha158_csi300_custom_step0_s_20260802_14,20de9f7658644f9399cba37fffea2453,0.274,,,
527,2026-07-31,SH601689,-0.012629014192606928,EXP_DEnsembleModel_Alpha158_csi300_custom_step0_s_20260802_14,20de9f7658644f9399cba37fffea2453,0.274,,,
528,2026-07-31,SH601688,0.04863977707756006,EXP_DEnsembleModel_Alpha158_csi300_custom_step0_s_20260802_14,20de9f7658644f9399cba37fffea2453,0.274,,,
529,2026-07-31,SH601669,0.10465093921356124,EXP_DEnsembleModel_Alpha158_csi300_custom_step0_s_20260802_14,20de9f7658644f9399cba37fffea2453,0.274,,,
530,2026-07-31,SH601668,0.08228004087279527,EXP_DEnsembleModel_Alpha158_csi300_custom_step0_s_20260802_14,20de9f7658644f9399cba37fffea2453,0.274,,,
531,2026-07-31,SH601658,0.07077134899932083,EXP_DEnsembleModel_Alpha158_csi300_custom_step0_s_20260802_14,20de9f7658644f9399cba37fffea2453,0.274,,,
532,2026-07-31,SH601727,0.021996477093766037,EXP_DEnsembleModel_Alpha158_csi300_custom_step0_s_20260802_14,20de9f7658644f9399cba37fffea2453,0.274,,,
533,2026-07-31,SH601633,-0.026609719584811682,EXP_DEnsembleModel_Alpha158_csi300_custom_step0_s_20260802_14,20de9f7658644f9399cba37fffea2453,0.274,,,
534,2026-07-31,SH601618,0.03265940066639914,EXP_DEnsembleModel_Alpha158_csi300_custom_step0_s_20260802_14,20de9f7658644f9399cba37fffea2453,0.274,,,
535,2026-07-31,SH601607,0.0067205301054018415,EXP_DEnsembleModel_Alpha158_csi300_custom_step0_s_20260802_14,20de9f7658644f9399cba37fffea2453,0.274,,,
536,2026-07-31,SH601601,-0.037753836590881024,EXP_DEnsembleModel_Alpha158_csi300_custom_step0_s_20260802_14,20de9f7658644f9399cba37fffea2453,0.274,,,
537,2026-07-31,SH601600,0.055191454250292295,EXP_DEnsembleModel_Alpha158_csi300_custom_step0_s_20260802_14,20de9f7658644f9399cba37fffea2453,0.274,,,
538,2026-07-31,SH601456,0.013614783747069354,EXP_DEnsembleModel_Alpha158_csi300_custom_step0_s_20260802_14,20de9f7658644f9399cba37fffea2453,0.274,,,
539,2026-07-31,SH601398,0.08767947891993862,EXP_DEnsembleModel_Alpha158_csi300_custom_step0_s_20260802_14,20de9f7658644f9399cba37fffea2453,0.274,,,
540,2026-07-31,SH601628,-0.030338411599956237,EXP_DEnsembleModel_Alpha158_csi300_custom_step0_s_20260802_14,20de9f7658644f9399cba37fffea2453,0.274,,,
541,2026-07-31,SH601728,-0.02546542611174594,EXP_DEnsembleModel_Alpha158_csi300_custom_step0_s_20260802_14,20de9f7658644f9399cba37fffea2453,0.274,,,
542,2026-07-31,SH601766,0.09454718285482307,EXP_DEnsembleModel_Alpha158_csi300_custom_step0_s_20260802_14,20de9f7658644f9399cba37fffea2453,0.274,,,
543,2026-07-31,SH601788,0.00795838303399025,EXP_DEnsembleModel_Alpha158_csi300_custom_step0_s_20260802_14,20de9f7658644f9399cba37fffea2453,0.274,,,
544,2026-07-31,SH601901,-0.029659393109503607,EXP_DEnsembleModel_Alpha158_csi300_custom_step0_s_20260802_14,20de9f7658644f9399cba37fffea2453,0.274,,,
545,2026-07-31,SH601899,-0.05883741190920157,EXP_DEnsembleModel_Alpha158_csi300_custom_step0_s_20260802_14,20de9f7658644f9399cba37fffea2453,0.274,,,
546,2026-07-31,SH601898,-0.01835265009517368,EXP_DEnsembleModel_Alpha158_csi300_custom_step0_s_20260802_14,20de9f7658644f9399cba37fffea2453,0.274,,,
547,2026-07-31,SH601888,-0.07920513848015011,EXP_DEnsembleModel_Alpha158_csi300_custom_step0_s_20260802_14,20de9f7658644f9399cba37fffea2453,0.274,,,
548,2026-07-31,SH601881,-0.05566571555091901,EXP_DEnsembleModel_Alpha158_csi300_custom_step0_s_20260802_14,20de9f7658644f9399cba37fffea2453,0.274,,,
549,2026-07-31,SH601878,0.001199487861563581,EXP_DEnsembleModel_Alpha158_csi300_custom_step0_s_20260802_14,20de9f7658644f9399cba37fffea2453,0.274,,,
550,2026-07-31,SH601877,0.028474110765655584,EXP_DEnsembleModel_Alpha158_csi300_custom_step0_s_20260802_14,20de9f7658644f9399cba37fffea2453,0.274,,,
551,2026-07-31,SH601872,0.06589620931530416,EXP_DEnsembleModel_Alpha158_csi300_custom_step0_s_20260802_14,20de9f7658644f9399cba37fffea2453,0.274,,,
552,2026-07-31,SH601868,0.0471925002708592,EXP_DEnsembleModel_Alpha158_csi300_custom_step0_s_20260802_14,20de9f7658644f9399cba37fffea2453,0.274,,,
553,2026-07-31,SH601857,-0.10173634160154524,EXP_DEnsembleModel_Alpha158_csi300_custom_step0_s_20260802_14,20de9f7658644f9399cba37fffea2453,0.274,,,
554,2026-07-31,SH601838,0.10688371910275486,EXP_DEnsembleModel_Alpha158_csi300_custom_step0_s_20260802_14,20de9f7658644f9399cba37fffea2453,0.274,,,
555,2026-07-31,SH601825,-0.0635399300000516,EXP_DEnsembleModel_Alpha158_csi300_custom_step0_s_20260802_14,20de9f7658644f9399cba37fffea2453,0.274,,,
556,2026-07-31,SH601818,0.08826244189958472,EXP_DEnsembleModel_Alpha158_csi300_custom_step0_s_20260802_14,20de9f7658644f9399cba37fffea2453,0.274,,,
557,2026-07-31,SH601816,0.11732575284492826,EXP_DEnsembleModel_Alpha158_csi300_custom_step0_s_20260802_14,20de9f7658644f9399cba37fffea2453,0.274,,,
558,2026-07-31,SH601800,0.0350032760455902,EXP_DEnsembleModel_Alpha158_csi300_custom_step0_s_20260802_14,20de9f7658644f9399cba37fffea2453,0.274,,,
559,2026-07-31,SH601390,0.0407348228765514,EXP_DEnsembleModel_Alpha158_csi300_custom_step0_s_20260802_14,20de9f7658644f9399cba37fffea2453,0.274,,,
560,2026-07-31,SH601377,0.019655149630944002,EXP_DEnsembleModel_Alpha158_csi300_custom_step0_s_20260802_14,20de9f7658644f9399cba37fffea2453,0.274,,,
561,2026-07-31,SH601360,0.04120002262379488,EXP_DEnsembleModel_Alpha158_csi300_custom_step0_s_20260802_14,20de9f7658644f9399cba37fffea2453,0.274,,,
562,2026-07-31,SH601336,-0.06451132803850236,EXP_DEnsembleModel_Alpha158_csi300_custom_step0_s_20260802_14,20de9f7658644f9399cba37fffea2453,0.274,,,
563,2026-07-31,SH601066,-0.0533909235628818,EXP_DEnsembleModel_Alpha158_csi300_custom_step0_s_20260802_14,20de9f7658644f9399cba37fffea2453,0.274,,,
564,2026-07-31,SH601059,-0.015276645437581221,EXP_DEnsembleModel_Alpha158_csi300_custom_step0_s_20260802_14,20de9f7658644f9399cba37fffea2453,0.274,,,
565,2026-07-31,SH601058,-0.16220846763966743,EXP_DEnsembleModel_Alpha158_csi300_custom_step0_s_20260802_14,20de9f7658644f9399cba37fffea2453,0.274,,,
566,2026-07-31,SH601021,0.04312823004397428,EXP_DEnsembleModel_Alpha158_csi300_custom_step0_s_20260802_14,20de9f7658644f9399cba37fffea2453,0.274,,,
567,2026-07-31,SH601018,0.0866566976645519,EXP_DEnsembleModel_Alpha158_csi300_custom_step0_s_20260802_14,20de9f7658644f9399cba37fffea2453,0.274,,,
568,2026-07-31,SH601012,0.016327172998156315,EXP_DEnsembleModel_Alpha158_csi300_custom_step0_s_20260802_14,20de9f7658644f9399cba37fffea2453,0.274,,,
569,2026-07-31,SH601009,0.10100836130674491,EXP_DEnsembleModel_Alpha158_csi300_custom_step0_s_20260802_14,20de9f7658644f9399cba37fffea2453,0.274,,,
570,2026-07-31,SH601006,0.06308872996121358,EXP_DEnsembleModel_Alpha158_csi300_custom_step0_s_20260802_14,20de9f7658644f9399cba37fffea2453,0.274,,,
571,2026-07-31,SH600999,-0.039735345529717865,EXP_DEnsembleModel_Alpha158_csi300_custom_step0_s_20260802_14,20de9f7658644f9399cba37fffea2453,0.274,,,
572,2026-07-31,SH600989,-0.035741460738929316,EXP_DEnsembleModel_Alpha158_csi300_custom_step0_s_20260802_14,20de9f7658644f9399cba37fffea2453,0.274,,,
573,2026-07-31,SH600958,0.01590314308080728,EXP_DEnsembleModel_Alpha158_csi300_custom_step0_s_20260802_14,20de9f7658644f9399cba37fffea2453,0.274,,,
574,2026-07-31,SH600941,0.058095343504315236,EXP_DEnsembleModel_Alpha158_csi300_custom_step0_s_20260802_14,20de9f7658644f9399cba37fffea2453,0.274,,,
575,2026-07-31,SH600938,-0.031721888873558826,EXP_DEnsembleModel_Alpha158_csi300_custom_step0_s_20260802_14,20de9f7658644f9399cba37fffea2453,0.274,,,
576,2026-07-31,SH600930,0.022218803192825976,EXP_DEnsembleModel_Alpha158_csi300_custom_step0_s_20260802_14,20de9f7658644f9399cba37fffea2453,0.274,,,
577,2026-07-31,SH600926,0.02069734072719707,EXP_DEnsembleModel_Alpha158_csi300_custom_step0_s_20260802_14,20de9f7658644f9399cba37fffea2453,0.274,,,
578,2026-07-31,SH601077,-0.00536384388821508,EXP_DEnsembleModel_Alpha158_csi300_custom_step0_s_20260802_14,20de9f7658644f9399cba37fffea2453,0.274,,,
579,2026-07-31,SH600918,-0.0687932454725204,EXP_DEnsembleModel_Alpha158_csi300_custom_step0_s_20260802_14,20de9f7658644f9399cba37fffea2453,0.274,,,
580,2026-07-31,SH601088,-0.06351286056692414,EXP_DEnsembleModel_Alpha158_csi300_custom_step0_s_20260802_14,20de9f7658644f9399cba37fffea2453,0.274,,,
581,2026-07-31,SH601111,0.0391915717047477,EXP_DEnsembleModel_Alpha158_csi300_custom_step0_s_20260802_14,20de9f7658644f9399cba37fffea2453,0.274,,,
582,2026-07-31,SH601328,0.0967154881835837,EXP_DEnsembleModel_Alpha158_csi300_custom_step0_s_20260802_14,20de9f7658644f9399cba37fffea2453,0.274,,,
583,2026-07-31,SH601319,0.0012797536613595375,EXP_DEnsembleModel_Alpha158_csi300_custom_step0_s_20260802_14,20de9f7658644f9399cba37fffea2453,0.274,,,
584,2026-07-31,SH601318,0.005714393726175051,EXP_DEnsembleModel_Alpha158_csi300_custom_step0_s_20260802_14,20de9f7658644f9399cba37fffea2453,0.274,,,
585,2026-07-31,SH601288,0.06565019872592497,EXP_DEnsembleModel_Alpha158_csi300_custom_step0_s_20260802_14,20de9f7658644f9399cba37fffea2453,0.274,,,
586,2026-07-31,SH601238,-0.0687503128342489,EXP_DEnsembleModel_Alpha158_csi300_custom_step0_s_20260802_14,20de9f7658644f9399cba37fffea2453,0.274,,,
587,2026-07-31,SH601229,0.0931200742321064,EXP_DEnsembleModel_Alpha158_csi300_custom_step0_s_20260802_14,20de9f7658644f9399cba37fffea2453,0.274,,,
588,2026-07-31,SH601225,-0.07636332508531818,EXP_DEnsembleModel_Alpha158_csi300_custom_step0_s_20260802_14,20de9f7658644f9399cba37fffea2453,0.274,,,
589,2026-07-31,SH601211,0.031372823980409026,EXP_DEnsembleModel_Alpha158_csi300_custom_step0_s_20260802_14,20de9f7658644f9399cba37fffea2453,0.274,,,
590,2026-07-31,SH601186,0.0841953780093678,EXP_DEnsembleModel_Alpha158_csi300_custom_step0_s_20260802_14,20de9f7658644f9399cba37fffea2453,0.274,,,
591,2026-07-31,SH601169,0.12289573661964015,EXP_DEnsembleModel_Alpha158_csi300_custom_step0_s_20260802_14,20de9f7658644f9399cba37fffea2453,0.274,,,
592,2026-07-31,SH601166,0.10076183897246445,EXP_DEnsembleModel_Alpha158_csi300_custom_step0_s_20260802_14,20de9f7658644f9399cba37fffea2453,0.274,,,
593,2026-07-31,SH601138,0.06582121126884441,EXP_DEnsembleModel_Alpha158_csi300_custom_step0_s_20260802_14,20de9f7658644f9399cba37fffea2453,0.274,,,
594,2026-07-31,SH601136,-0.018051118643301656,EXP_DEnsembleModel_Alpha158_csi300_custom_step0_s_20260802_14,20de9f7658644f9399cba37fffea2453,0.274,,,
595,2026-07-31,SH601127,0.06553534789246956,EXP_DEnsembleModel_Alpha158_csi300_custom_step0_s_20260802_14,20de9f7658644f9399cba37fffea2453,0.274,,,
596,2026-07-31,SH601117,-0.014914181741687607,EXP_DEnsembleModel_Alpha158_csi300_custom_step0_s_20260802_14,20de9f7658644f9399cba37fffea2453,0.274,,,
597,2026-07-31,SH601100,-0.025583969145005474,EXP_DEnsembleModel_Alpha158_csi300_custom_step0_s_20260802_14,20de9f7658644f9399cba37fffea2453,0.274,,,
598,2026-07-31,SH600000,-0.009980115950012199,EXP_LGBModel_Alpha158_csi300_custom_step0_s_20260802_16,62cbcd9f68e54196ac5f192f054b63c8,0.212,,,
599,2026-07-31,SZ302132,-0.0011918586553752745,EXP_LGBModel_Alpha158_csi300_custom_step0_s_20260802_16,5641a5f68bbc4954ad99773113a998c2,0.287,,,
600,2026-07-31,SZ301308,1.59058757048706e-10,EXP_LGBModel_Alpha158_csi300_custom_step0_s_20260802_16,5641a5f68bbc4954ad99773113a998c2,0.287,,,
601,2026-07-31,SZ000596,-0.0021876422375540733,EXP_CatBoostModel_Alpha158_csi300_custom_step0_s_20260802_16,ff5acd9722734f8e974b37909ef3fa08,0.227,,,
602,2026-07-31,SZ000568,-0.0021876422375540733,EXP_CatBoostModel_Alpha158_csi300_custom_step0_s_20260802_16,ff5acd9722734f8e974b37909ef3fa08,0.227,,,
603,2026-07-31,SZ000538,-0.0021876422375540733,EXP_CatBoostModel_Alpha158_csi300_custom_step0_s_20260802_16,ff5acd9722734f8e974b37909ef3fa08,0.227,,,
604,2026-07-31,SZ000425,-0.0009401104218214026,EXP_CatBoostModel_Alpha158_csi300_custom_step0_s_20260802_16,ff5acd9722734f8e974b37909ef3fa08,0.227,,,
605,2026-07-31,SZ000408,0.0004651628295791554,EXP_CatBoostModel_Alpha158_csi300_custom_step0_s_20260802_16,ff5acd9722734f8e974b37909ef3fa08,0.227,,,
606,2026-07-31,SZ000338,0.00027668897102223547,EXP_CatBoostModel_Alpha158_csi300_custom_step0_s_20260802_16,ff5acd9722734f8e974b37909ef3fa08,0.227,,,
607,2026-07-31,SZ000617,0.00027668897102223547,EXP_CatBoostModel_Alpha158_csi300_custom_step0_s_20260802_16,ff5acd9722734f8e974b37909ef3fa08,0.227,,,
608,2026-07-31,SZ000333,-0.0021876422375540733,EXP_CatBoostModel_Alpha158_csi300_custom_step0_s_20260802_16,ff5acd9722734f8e974b37909ef3fa08,0.227,,,
609,2026-07-31,SZ000166,0.0025260428192721046,EXP_CatBoostModel_Alpha158_csi300_custom_step0_s_20260802_16,ff5acd9722734f8e974b37909ef3fa08,0.227,,,
610,2026-07-31,SZ000157,0.0004651628295791554,EXP_CatBoostModel_Alpha158_csi300_custom_step0_s_20260802_16,ff5acd9722734f8e974b37909ef3fa08,0.227,,,
611,2026-07-31,SZ000100,-0.0009401104218214026,EXP_CatBoostModel_Alpha158_csi300_custom_step0_s_20260802_16,ff5acd9722734f8e974b37909ef3fa08,0.227,,,
612,2026-07-31,SZ000063,0.0004651628295791554,EXP_CatBoostModel_Alpha158_csi300_custom_step0_s_20260802_16,ff5acd9722734f8e974b37909ef3fa08,0.227,,,
613,2026-07-31,SZ000002,-0.0021876422375540733,EXP_CatBoostModel_Alpha158_csi300_custom_step0_s_20260802_16,ff5acd9722734f8e974b37909ef3fa08,0.227,,,
614,2026-07-31,SZ000001,-0.0021876422375540733,EXP_CatBoostModel_Alpha158_csi300_custom_step0_s_20260802_16,ff5acd9722734f8e974b37909ef3fa08,0.227,,,
615,2026-07-31,SZ000301,0.00027668897102223547,EXP_CatBoostModel_Alpha158_csi300_custom_step0_s_20260802_16,ff5acd9722734f8e974b37909ef3fa08,0.227,,,
616,2026-07-31,SZ000625,-0.0021876422375540733,EXP_CatBoostModel_Alpha158_csi300_custom_step0_s_20260802_16,ff5acd9722734f8e974b37909ef3fa08,0.227,,,
617,2026-07-31,SZ000630,0.0004651628295791554,EXP_CatBoostModel_Alpha158_csi300_custom_step0_s_20260802_16,ff5acd9722734f8e974b37909ef3fa08,0.227,,,
618,2026-07-31,SZ000651,-0.0021876422375540733,EXP_CatBoostModel_Alpha158_csi300_custom_step0_s_20260802_16,ff5acd9722734f8e974b37909ef3fa08,0.227,,,
619,2026-07-31,SZ000999,-0.0021876422375540733,EXP_CatBoostModel_Alpha158_csi300_custom_step0_s_20260802_16,ff5acd9722734f8e974b37909ef3fa08,0.227,,,
620,2026-07-31,SZ000988,0.007077544264601627,EXP_CatBoostModel_Alpha158_csi300_custom_step0_s_20260802_16,ff5acd9722734f8e974b37909ef3fa08,0.227,,,
621,2026-07-31,SZ000977,-0.0009401104218214026,EXP_CatBoostModel_Alpha158_csi300_custom_step0_s_20260802_16,ff5acd9722734f8e974b37909ef3fa08,0.227,,,
622,2026-07-31,SZ000975,-0.0021876422375540733,EXP_CatBoostModel_Alpha158_csi300_custom_step0_s_20260802_16,ff5acd9722734f8e974b37909ef3fa08,0.227,,,
623,2026-07-31,SZ000963,0.0004651628295791554,EXP_CatBoostModel_Alpha158_csi300_custom_step0_s_20260802_16,ff5acd9722734f8e974b37909ef3fa08,0.227,,,
624,2026-07-31,SZ000938,-0.0009401104218214026,EXP_CatBoostModel_Alpha158_csi300_custom_step0_s_20260802_16,ff5acd9722734f8e974b37909ef3fa08,0.227,,,
625,2026-07-31,SZ000895,-0.0009401104218214026,EXP_CatBoostModel_Alpha158_csi300_custom_step0_s_20260802_16,ff5acd9722734f8e974b37909ef3fa08,0.227,,,
626,2026-07-31,SZ000858,-0.0021876422375540733,EXP_CatBoostModel_Alpha158_csi300_custom_step0_s_20260802_16,ff5acd9722734f8e974b37909ef3fa08,0.227,,,
627,2026-07-31,SZ000807,-0.0021876422375540733,EXP_CatBoostModel_Alpha158_csi300_custom_step0_s_20260802_16,ff5acd9722734f8e974b37909ef3fa08,0.227,,,
628,2026-07-31,SZ000792,0.0004651628295791554,EXP_CatBoostModel_Alpha158_csi300_custom_step0_s_20260802_16,ff5acd9722734f8e974b37909ef3fa08,0.227,,,
629,2026-07-31,SZ000776,0.0004651628295791554,EXP_CatBoostModel_Alpha158_csi300_custom_step0_s_20260802_16,ff5acd9722734f8e974b37909ef3fa08,0.227,,,
630,2026-07-31,SZ000768,0.0018018962093965145,EXP_CatBoostModel_Alpha158_csi300_custom_step0_s_20260802_16,ff5acd9722734f8e974b37909ef3fa08,0.227,,,
631,2026-07-31,SZ000725,0.0009289579220697498,EXP_CatBoostModel_Alpha158_csi300_custom_step0_s_20260802_16,ff5acd9722734f8e974b37909ef3fa08,0.227,,,
632,2026-07-31,SZ000708,-0.0021876422375540733,EXP_CatBoostModel_Alpha158_csi300_custom_step0_s_20260802_16,ff5acd9722734f8e974b37909ef3fa08,0.227,,,
633,2026-07-31,SZ000657,0.005809073280993062,EXP_CatBoostModel_Alpha158_csi300_custom_step0_s_20260802_16,ff5acd9722734f8e974b37909ef3fa08,0.227,,,
634,2026-07-31,SH688981,0.0009289579220697498,EXP_CatBoostModel_Alpha158_csi300_custom_step0_s_20260802_16,ff5acd9722734f8e974b37909ef3fa08,0.227,,,
635,2026-07-31,SH688521,0.0009289579220697498,EXP_CatBoostModel_Alpha158_csi300_custom_step0_s_20260802_16,ff5acd9722734f8e974b37909ef3fa08,0.227,,,
636,2026-07-31,SH688506,-0.0009401104218214026,EXP_CatBoostModel_Alpha158_csi300_custom_step0_s_20260802_16,ff5acd9722734f8e974b37909ef3fa08,0.227,,,
637,2026-07-31,SH688472,-0.0009401104218214026,EXP_CatBoostModel_Alpha158_csi300_custom_step0_s_20260802_16,ff5acd9722734f8e974b37909ef3fa08,0.227,,,
638,2026-07-31,SH603986,0.0009289579220697498,EXP_CatBoostModel_Alpha158_csi300_custom_step0_s_20260802_16,ff5acd9722734f8e974b37909ef3fa08,0.227,,,
639,2026-07-31,SH603893,-0.0009401104218214026,EXP_CatBoostModel_Alpha158_csi300_custom_step0_s_20260802_16,ff5acd9722734f8e974b37909ef3fa08,0.227,,,
640,2026-07-31,SH603799,0.0004651628295791554,EXP_CatBoostModel_Alpha158_csi300_custom_step0_s_20260802_16,ff5acd9722734f8e974b37909ef3fa08,0.227,,,
641,2026-07-31,SH603501,-0.0009401104218214026,EXP_CatBoostModel_Alpha158_csi300_custom_step0_s_20260802_16,ff5acd9722734f8e974b37909ef3fa08,0.227,,,
642,2026-07-31,SH603392,-0.0021876422375540733,EXP_CatBoostModel_Alpha158_csi300_custom_step0_s_20260802_16,ff5acd9722734f8e974b37909ef3fa08,0.227,,,
643,2026-07-31,SH603369,-0.0021876422375540733,EXP_CatBoostModel_Alpha158_csi300_custom_step0_s_20260802_16,ff5acd9722734f8e974b37909ef3fa08,0.227,,,
644,2026-07-31,SH603296,-0.0009401104218214026,EXP_CatBoostModel_Alpha158_csi300_custom_step0_s_20260802_16,ff5acd9722734f8e974b37909ef3fa08,0.227,,,
645,2026-07-31,SH603288,-0.0021876422375540733,EXP_CatBoostModel_Alpha158_csi300_custom_step0_s_20260802_16,ff5acd9722734f8e974b37909ef3fa08,0.227,,,
646,2026-07-31,SH603260,0.019549283815211753,EXP_CatBoostModel_Alpha158_csi300_custom_step0_s_20260802_16,ff5acd9722734f8e974b37909ef3fa08,0.227,,,
647,2026-07-31,SH603259,-0.0021876422375540733,EXP_CatBoostModel_Alpha158_csi300_custom_step0_s_20260802_16,ff5acd9722734f8e974b37909ef3fa08,0.227,,,
648,2026-07-31,SH603019,-0.0009401104218214026,EXP_CatBoostModel_Alpha158_csi300_custom_step0_s_20260802_16,ff5acd9722734f8e974b37909ef3fa08,0.227,,,
649,2026-07-31,SH601998,0.0004651628295791554,EXP_CatBoostModel_Alpha158_csi300_custom_step0_s_20260802_16,ff5acd9722734f8e974b37909ef3fa08,0.227,,,
650,2026-07-31,SH601995,0.0006607392198833843,EXP_CatBoostModel_Alpha158_csi300_custom_step0_s_20260802_16,ff5acd9722734f8e974b37909ef3fa08,0.227,,,
651,2026-07-31,SH601988,-0.0021876422375540733,EXP_CatBoostModel_Alpha158_csi300_custom_step0_s_20260802_16,ff5acd9722734f8e974b37909ef3fa08,0.227,,,
652,2026-07-31,SH601985,0.004278532367637076,EXP_CatBoostModel_Alpha158_csi300_custom_step0_s_20260802_16,ff5acd9722734f8e974b37909ef3fa08,0.227,,,
653,2026-07-31,SH603993,0.00027668897102223547,EXP_CatBoostModel_Alpha158_csi300_custom_step0_s_20260802_16,ff5acd9722734f8e974b37909ef3fa08,0.227,,,
654,2026-07-31,SZ001280,0.00027668897102223547,EXP_CatBoostModel_Alpha158_csi300_custom_step0_s_20260802_16,ff5acd9722734f8e974b37909ef3fa08,0.227,,,
655,2026-07-31,SH605117,-0.0009401104218214026,EXP_CatBoostModel_Alpha158_csi300_custom_step0_s_20260802_16,ff5acd9722734f8e974b37909ef3fa08,0.227,,,
656,2026-07-31,SH688008,0.0009289579220697498,EXP_CatBoostModel_Alpha158_csi300_custom_step0_s_20260802_16,ff5acd9722734f8e974b37909ef3fa08,0.227,,,
657,2026-07-31,SH688396,0.0009289579220697498,EXP_CatBoostModel_Alpha158_csi300_custom_step0_s_20260802_16,ff5acd9722734f8e974b37909ef3fa08,0.227,,,
658,2026-07-31,SH688303,-0.0009401104218214026,EXP_CatBoostModel_Alpha158_csi300_custom_step0_s_20260802_16,ff5acd9722734f8e974b37909ef3fa08,0.227,,,
659,2026-07-31,SH688271,-0.0021876422375540733,EXP_CatBoostModel_Alpha158_csi300_custom_step0_s_20260802_16,ff5acd9722734f8e974b37909ef3fa08,0.227,,,
660,2026-07-31,SH688256,0.0009289579220697498,EXP_CatBoostModel_Alpha158_csi300_custom_step0_s_20260802_16,ff5acd9722734f8e974b37909ef3fa08,0.227,,,
661,2026-07-31,SH688223,-0.0009401104218214026,EXP_CatBoostModel_Alpha158_csi300_custom_step0_s_20260802_16,ff5acd9722734f8e974b37909ef3fa08,0.227,,,
662,2026-07-31,SH688183,0.0009289579220697498,EXP_CatBoostModel_Alpha158_csi300_custom_step0_s_20260802_16,ff5acd9722734f8e974b37909ef3fa08,0.227,,,
663,2026-07-31,SH688126,0.0009289579220697498,EXP_CatBoostModel_Alpha158_csi300_custom_step0_s_20260802_16,ff5acd9722734f8e974b37909ef3fa08,0.227,,,
664,2026-07-31,SH688111,-0.0021876422375540733,EXP_CatBoostModel_Alpha158_csi300_custom_step0_s_20260802_16,ff5acd9722734f8e974b37909ef3fa08,0.227,,,
665,2026-07-31,SH688082,0.0009289579220697498,EXP_CatBoostModel_Alpha158_csi300_custom_step0_s_20260802_16,ff5acd9722734f8e974b37909ef3fa08,0.227,,,
666,2026-07-31,SH688072,0.0009289579220697498,EXP_CatBoostModel_Alpha158_csi300_custom_step0_s_20260802_16,ff5acd9722734f8e974b37909ef3fa08,0.227,,,
667,2026-07-31,SH688047,0.007077544264601627,EXP_CatBoostModel_Alpha158_csi300_custom_step0_s_20260802_16,ff5acd9722734f8e974b37909ef3fa08,0.227,,,
668,2026-07-31,SH688041,0.0009289579220697498,EXP_CatBoostModel_Alpha158_csi300_custom_step0_s_20260802_16,ff5acd9722734f8e974b37909ef3fa08,0.227,,,
669,2026-07-31,SH688036,0.0004651628295791554,EXP_CatBoostModel_Alpha158_csi300_custom_step0_s_20260802_16,ff5acd9722734f8e974b37909ef3fa08,0.227,,,
670,2026-07-31,SH688012,0.0009289579220697498,EXP_CatBoostModel_Alpha158_csi300_custom_step0_s_20260802_16,ff5acd9722734f8e974b37909ef3fa08,0.227,,,
671,2026-07-31,SH688009,-0.0009401104218214026,EXP_CatBoostModel_Alpha158_csi300_custom_step0_s_20260802_16,ff5acd9722734f8e974b37909ef3fa08,0.227,,,
672,2026-07-31,SH605499,-0.0021876422375540733,EXP_CatBoostModel_Alpha158_csi300_custom_step0_s_20260802_16,ff5acd9722734f8e974b37909ef3fa08,0.227,,,
673,2026-07-31,SH601939,-0.0021876422375540733,EXP_CatBoostModel_Alpha158_csi300_custom_step0_s_20260802_16,ff5acd9722734f8e974b37909ef3fa08,0.227,,,
674,2026-07-31,SZ001391,0.0018018962093965145,EXP_CatBoostModel_Alpha158_csi300_custom_step0_s_20260802_16,ff5acd9722734f8e974b37909ef3fa08,0.227,,,
675,2026-07-31,SZ001979,0.00027668897102223547,EXP_CatBoostModel_Alpha158_csi300_custom_step0_s_20260802_16,ff5acd9722734f8e974b37909ef3fa08,0.227,,,
676,2026-07-31,SZ300408,0.0009289579220697498,EXP_CatBoostModel_Alpha158_csi300_custom_step0_s_20260802_16,ff5acd9722734f8e974b37909ef3fa08,0.227,,,
677,2026-07-31,SZ300394,0.005809073280993062,EXP_CatBoostModel_Alpha158_csi300_custom_step0_s_20260802_16,ff5acd9722734f8e974b37909ef3fa08,0.227,,,
678,2026-07-31,SZ300316,-0.0009401104218214026,EXP_CatBoostModel_Alpha158_csi300_custom_step0_s_20260802_16,ff5acd9722734f8e974b37909ef3fa08,0.227,,,
679,2026-07-31,SZ300308,-0.0009401104218214026,EXP_CatBoostModel_Alpha158_csi300_custom_step0_s_20260802_16,ff5acd9722734f8e974b37909ef3fa08,0.227,,,
680,2026-07-31,SZ300274,-0.0009401104218214026,EXP_CatBoostModel_Alpha158_csi300_custom_step0_s_20260802_16,ff5acd9722734f8e974b37909ef3fa08,0.227,,,
681,2026-07-31,SZ300251,-0.0021876422375540733,EXP_CatBoostModel_Alpha158_csi300_custom_step0_s_20260802_16,ff5acd9722734f8e974b37909ef3fa08,0.227,,,
682,2026-07-31,SZ300413,-0.0021876422375540733,EXP_CatBoostModel_Alpha158_csi300_custom_step0_s_20260802_16,ff5acd9722734f8e974b37909ef3fa08,0.227,,,
683,2026-07-31,SZ300124,0.00027668897102223547,EXP_CatBoostModel_Alpha158_csi300_custom_step0_s_20260802_16,ff5acd9722734f8e974b37909ef3fa08,0.227,,,
684,2026-07-31,SZ300059,0.0006607392198833843,EXP_CatBoostModel_Alpha158_csi300_custom_step0_s_20260802_16,ff5acd9722734f8e974b37909ef3fa08,0.227,,,
685,2026-07-31,SZ300033,-0.0021876422375540733,EXP_CatBoostModel_Alpha158_csi300_custom_step0_s_20260802_16,ff5acd9722734f8e974b37909ef3fa08,0.227,,,
686,2026-07-31,SZ300015,-0.0021876422375540733,EXP_CatBoostModel_Alpha158_csi300_custom_step0_s_20260802_16,ff5acd9722734f8e974b37909ef3fa08,0.227,,,
687,2026-07-31,SZ300014,0.0004651628295791554,EXP_CatBoostModel_Alpha158_csi300_custom_step0_s_20260802_16,ff5acd9722734f8e974b37909ef3fa08,0.227,,,
688,2026-07-31,SZ003816,0.0004651628295791554,EXP_CatBoostModel_Alpha158_csi300_custom_step0_s_20260802_16,ff5acd9722734f8e974b37909ef3fa08,0.227,,,
689,2026-07-31,SZ002938,-0.0009401104218214026,EXP_CatBoostModel_Alpha158_csi300_custom_step0_s_20260802_16,ff5acd9722734f8e974b37909ef3fa08,0.227,,,
690,2026-07-31,SZ300122,-0.0021876422375540733,EXP_CatBoostModel_Alpha158_csi300_custom_step0_s_20260802_16,ff5acd9722734f8e974b37909ef3fa08,0.227,,,
691,2026-07-31,SZ300418,-0.0016614930425343838,EXP_CatBoostModel_Alpha158_csi300_custom_step0_s_20260802_16,ff5acd9722734f8e974b37909ef3fa08,0.227,,,
692,2026-07-31,SZ300433,0.014752542274397302,EXP_CatBoostModel_Alpha158_csi300_custom_step0_s_20260802_16,ff5acd9722734f8e974b37909ef3fa08,0.227,,,
693,2026-07-31,SZ300442,-0.0016614930425343838,EXP_CatBoostModel_Alpha158_csi300_custom_step0_s_20260802_16,ff5acd9722734f8e974b37909ef3fa08,0.227,,,
694,2026-07-31,SZ301236,-0.0016614930425343838,EXP_CatBoostModel_Alpha158_csi300_custom_step0_s_20260802_16,ff5acd9722734f8e974b37909ef3fa08,0.227,,,
695,2026-07-31,SZ301165,-0.0021876422375540733,EXP_CatBoostModel_Alpha158_csi300_custom_step0_s_20260802_16,ff5acd9722734f8e974b37909ef3fa08,0.227,,,
696,2026-07-31,SZ300999,-0.0021876422375540733,EXP_CatBoostModel_Alpha158_csi300_custom_step0_s_20260802_16,ff5acd9722734f8e974b37909ef3fa08,0.227,,,
697,2026-07-31,SZ300896,-0.0021876422375540733,EXP_CatBoostModel_Alpha158_csi300_custom_step0_s_20260802_16,ff5acd9722734f8e974b37909ef3fa08,0.227,,,
698,2026-07-31,SZ300866,0.00027668897102223547,EXP_CatBoostModel_Alpha158_csi300_custom_step0_s_20260802_16,ff5acd9722734f8e974b37909ef3fa08,0.227,,,
699,2026-07-31,SZ300832,-0.0021876422375540733,EXP_CatBoostModel_Alpha158_csi300_custom_step0_s_20260802_16,ff5acd9722734f8e974b37909ef3fa08,0.227,,,
700,2026-07-31,SZ300803,-0.0016614930425343838,EXP_CatBoostModel_Alpha158_csi300_custom_step0_s_20260802_16,ff5acd9722734f8e974b37909ef3fa08,0.227,,,
701,2026-07-31,SZ300760,-0.0009401104218214026,EXP_CatBoostModel_Alpha158_csi300_custom_step0_s_20260802_16,ff5acd9722734f8e974b37909ef3fa08,0.227,,,
702,2026-07-31,SZ300750,0.0004651628295791554,EXP_CatBoostModel_Alpha158_csi300_custom_step0_s_20260802_16,ff5acd9722734f8e974b37909ef3fa08,0.227,,,
703,2026-07-31,SZ300661,0.0009289579220697498,EXP_CatBoostModel_Alpha158_csi300_custom_step0_s_20260802_16,ff5acd9722734f8e974b37909ef3fa08,0.227,,,
704,2026-07-31,SZ300628,-0.0021876422375540733,EXP_CatBoostModel_Alpha158_csi300_custom_step0_s_20260802_16,ff5acd9722734f8e974b37909ef3fa08,0.227,,,
705,2026-07-31,SZ300502,0.0009289579220697498,EXP_CatBoostModel_Alpha158_csi300_custom_step0_s_20260802_16,ff5acd9722734f8e974b37909ef3fa08,0.227,,,
706,2026-07-31,SZ300498,0.0004651628295791554,EXP_CatBoostModel_Alpha158_csi300_custom_step0_s_20260802_16,ff5acd9722734f8e974b37909ef3fa08,0.227,,,
707,2026-07-31,SZ300476,0.005809073280993062,EXP_CatBoostModel_Alpha158_csi300_custom_step0_s_20260802_16,ff5acd9722734f8e974b37909ef3fa08,0.227,,,
708,2026-07-31,SZ300450,0.0004651628295791554,EXP_CatBoostModel_Alpha158_csi300_custom_step0_s_20260802_16,ff5acd9722734f8e974b37909ef3fa08,0.227,,,
709,2026-07-31,SZ002920,-0.0021876422375540733,EXP_CatBoostModel_Alpha158_csi300_custom_step0_s_20260802_16,ff5acd9722734f8e974b37909ef3fa08,0.227,,,
710,2026-07-31,SZ002916,0.0009289579220697498,EXP_CatBoostModel_Alpha158_csi300_custom_step0_s_20260802_16,ff5acd9722734f8e974b37909ef3fa08,0.227,,,
711,2026-07-31,SZ002837,0.0009289579220697498,EXP_CatBoostModel_Alpha158_csi300_custom_step0_s_20260802_16,ff5acd9722734f8e974b37909ef3fa08,0.227,,,
712,2026-07-31,SZ002736,0.0025260428192721046,EXP_CatBoostModel_Alpha158_csi300_custom_step0_s_20260802_16,ff5acd9722734f8e974b37909ef3fa08,0.227,,,
713,2026-07-31,SZ002352,-0.0021876422375540733,EXP_CatBoostModel_Alpha158_csi300_custom_step0_s_20260802_16,ff5acd9722734f8e974b37909ef3fa08,0.227,,,
714,2026-07-31,SZ002311,-0.0021876422375540733,EXP_CatBoostModel_Alpha158_csi300_custom_step0_s_20260802_16,ff5acd9722734f8e974b37909ef3fa08,0.227,,,
715,2026-07-31,SZ002304,-0.0021876422375540733,EXP_CatBoostModel_Alpha158_csi300_custom_step0_s_20260802_16,ff5acd9722734f8e974b37909ef3fa08,0.227,,,
716,2026-07-31,SZ002241,0.0004651628295791554,EXP_CatBoostModel_Alpha158_csi300_custom_step0_s_20260802_16,ff5acd9722734f8e974b37909ef3fa08,0.227,,,
717,2026-07-31,SZ002236,0.0006607392198833843,EXP_CatBoostModel_Alpha158_csi300_custom_step0_s_20260802_16,ff5acd9722734f8e974b37909ef3fa08,0.227,,,
718,2026-07-31,SZ002230,0.00027668897102223547,EXP_CatBoostModel_Alpha158_csi300_custom_step0_s_20260802_16,ff5acd9722734f8e974b37909ef3fa08,0.227,,,
719,2026-07-31,SZ002202,0.00953272961402931,EXP_CatBoostModel_Alpha158_csi300_custom_step0_s_20260802_16,ff5acd9722734f8e974b37909ef3fa08,0.227,,,
720,2026-07-31,SZ002179,0.0004651628295791554,EXP_CatBoostModel_Alpha158_csi300_custom_step0_s_20260802_16,ff5acd9722734f8e974b37909ef3fa08,0.227,,,
721,2026-07-31,SZ002142,0.0004651628295791554,EXP_CatBoostModel_Alpha158_csi300_custom_step0_s_20260802_16,ff5acd9722734f8e974b37909ef3fa08,0.227,,,
722,2026-07-31,SZ002074,0.00027668897102223547,EXP_CatBoostModel_Alpha158_csi300_custom_step0_s_20260802_16,ff5acd9722734f8e974b37909ef3fa08,0.227,,,
723,2026-07-31,SZ002050,-0.0016614930425343838,EXP_CatBoostModel_Alpha158_csi300_custom_step0_s_20260802_16,ff5acd9722734f8e974b37909ef3fa08,0.227,,,
724,2026-07-31,SZ002049,0.0009289579220697498,EXP_CatBoostModel_Alpha158_csi300_custom_step0_s_20260802_16,ff5acd9722734f8e974b37909ef3fa08,0.227,,,
725,2026-07-31,SZ002028,-0.0009401104218214026,EXP_CatBoostModel_Alpha158_csi300_custom_step0_s_20260802_16,ff5acd9722734f8e974b37909ef3fa08,0.227,,,
726,2026-07-31,SZ002027,-0.0021876422375540733,EXP_CatBoostModel_Alpha158_csi300_custom_step0_s_20260802_16,ff5acd9722734f8e974b37909ef3fa08,0.227,,,
727,2026-07-31,SZ002001,0.0004651628295791554,EXP_CatBoostModel_Alpha158_csi300_custom_step0_s_20260802_16,ff5acd9722734f8e974b37909ef3fa08,0.227,,,
728,2026-07-31,SZ002353,-0.0009401104218214026,EXP_CatBoostModel_Alpha158_csi300_custom_step0_s_20260802_16,ff5acd9722734f8e974b37909ef3fa08,0.227,,,
729,2026-07-31,SZ001965,0.0004651628295791554,EXP_CatBoostModel_Alpha158_csi300_custom_step0_s_20260802_16,ff5acd9722734f8e974b37909ef3fa08,0.227,,,
730,2026-07-31,SZ002371,-0.0009401104218214026,EXP_CatBoostModel_Alpha158_csi300_custom_step0_s_20260802_16,ff5acd9722734f8e974b37909ef3fa08,0.227,,,
731,2026-07-31,SZ002415,-0.0021876422375540733,EXP_CatBoostModel_Alpha158_csi300_custom_step0_s_20260802_16,ff5acd9722734f8e974b37909ef3fa08,0.227,,,
732,2026-07-31,SZ002714,-0.0021876422375540733,EXP_CatBoostModel_Alpha158_csi300_custom_step0_s_20260802_16,ff5acd9722734f8e974b37909ef3fa08,0.227,,,
733,2026-07-31,SZ002709,-0.0036886133938036077,EXP_CatBoostModel_Alpha158_csi300_custom_step0_s_20260802_16,ff5acd9722734f8e974b37909ef3fa08,0.227,,,
734,2026-07-31,SZ002648,-0.0021876422375540733,EXP_CatBoostModel_Alpha158_csi300_custom_step0_s_20260802_16,ff5acd9722734f8e974b37909ef3fa08,0.227,,,
735,2026-07-31,SZ002625,0.0004651628295791554,EXP_CatBoostModel_Alpha158_csi300_custom_step0_s_20260802_16,ff5acd9722734f8e974b37909ef3fa08,0.227,,,
736,2026-07-31,SZ002602,-0.0021876422375540733,EXP_CatBoostModel_Alpha158_csi300_custom_step0_s_20260802_16,ff5acd9722734f8e974b37909ef3fa08,0.227,,,
737,2026-07-31,SZ002600,0.0009289579220697498,EXP_CatBoostModel_Alpha158_csi300_custom_step0_s_20260802_16,ff5acd9722734f8e974b37909ef3fa08,0.227,,,
738,2026-07-31,SZ002594,-0.0021876422375540733,EXP_CatBoostModel_Alpha158_csi300_custom_step0_s_20260802_16,ff5acd9722734f8e974b37909ef3fa08,0.227,,,
739,2026-07-31,SZ002558,-0.0021876422375540733,EXP_CatBoostModel_Alpha158_csi300_custom_step0_s_20260802_16,ff5acd9722734f8e974b37909ef3fa08,0.227,,,
740,2026-07-31,SZ002532,-0.0021876422375540733,EXP_CatBoostModel_Alpha158_csi300_custom_step0_s_20260802_16,ff5acd9722734f8e974b37909ef3fa08,0.227,,,
741,2026-07-31,SZ002493,-0.0021876422375540733,EXP_CatBoostModel_Alpha158_csi300_custom_step0_s_20260802_16,ff5acd9722734f8e974b37909ef3fa08,0.227,,,
742,2026-07-31,SZ002475,-0.0009401104218214026,EXP_CatBoostModel_Alpha158_csi300_custom_step0_s_20260802_16,ff5acd9722734f8e974b37909ef3fa08,0.227,,,
743,2026-07-31,SZ002466,0.0004651628295791554,EXP_CatBoostModel_Alpha158_csi300_custom_step0_s_20260802_16,ff5acd9722734f8e974b37909ef3fa08,0.227,,,
744,2026-07-31,SZ002463,0.0009289579220697498,EXP_CatBoostModel_Alpha158_csi300_custom_step0_s_20260802_16,ff5acd9722734f8e974b37909ef3fa08,0.227,,,
745,2026-07-31,SZ002460,0.0004651628295791554,EXP_CatBoostModel_Alpha158_csi300_custom_step0_s_20260802_16,ff5acd9722734f8e974b37909ef3fa08,0.227,,,
746,2026-07-31,SZ002422,-0.0021876422375540733,EXP_CatBoostModel_Alpha158_csi300_custom_step0_s_20260802_16,ff5acd9722734f8e974b37909ef3fa08,0.227,,,
747,2026-07-31,SZ002384,0.0009289579220697498,EXP_CatBoostModel_Alpha158_csi300_custom_step0_s_20260802_16,ff5acd9722734f8e974b37909ef3fa08,0.227,,,
748,2026-07-31,SZ301269,0.0009289579220697498,EXP_CatBoostModel_Alpha158_csi300_custom_step0_s_20260802_16,ff5acd9722734f8e974b37909ef3fa08,0.227,,,
749,2026-07-31,SH601919,-0.0021876422375540733,EXP_CatBoostModel_Alpha158_csi300_custom_step0_s_20260802_16,ff5acd9722734f8e974b37909ef3fa08,0.227,,,
750,2026-07-31,SH601901,0.0006607392198833843,EXP_CatBoostModel_Alpha158_csi300_custom_step0_s_20260802_16,ff5acd9722734f8e974b37909ef3fa08,0.227,,,
751,2026-07-31,SH600522,0.007077544264601627,EXP_CatBoostModel_Alpha158_csi300_custom_step0_s_20260802_16,ff5acd9722734f8e974b37909ef3fa08,0.227,,,
752,2026-07-31,SH600519,-0.0021876422375540733,EXP_CatBoostModel_Alpha158_csi300_custom_step0_s_20260802_16,ff5acd9722734f8e974b37909ef3fa08,0.227,,,
753,2026-07-31,SH600515,0.0018018962093965145,EXP_CatBoostModel_Alpha158_csi300_custom_step0_s_20260802_16,ff5acd9722734f8e974b37909ef3fa08,0.227,,,
754,2026-07-31,SH600489,-0.0021876422375540733,EXP_CatBoostModel_Alpha158_csi300_custom_step0_s_20260802_16,ff5acd9722734f8e974b37909ef3fa08,0.227,,,
755,2026-07-31,SH600482,0.016766110364620456,EXP_CatBoostModel_Alpha158_csi300_custom_step0_s_20260802_16,ff5acd9722734f8e974b37909ef3fa08,0.227,,,
756,2026-07-31,SH600460,0.0009289579220697498,EXP_CatBoostModel_Alpha158_csi300_custom_step0_s_20260802_16,ff5acd9722734f8e974b37909ef3fa08,0.227,,,
757,2026-07-31,SH600547,-0.0021876422375540733,EXP_CatBoostModel_Alpha158_csi300_custom_step0_s_20260802_16,ff5acd9722734f8e974b37909ef3fa08,0.227,,,
758,2026-07-31,SH600438,0.00027668897102223547,EXP_CatBoostModel_Alpha158_csi300_custom_step0_s_20260802_16,ff5acd9722734f8e974b37909ef3fa08,0.227,,,
759,2026-07-31,SH600426,-0.0021876422375540733,EXP_CatBoostModel_Alpha158_csi300_custom_step0_s_20260802_16,ff5acd9722734f8e974b37909ef3fa08,0.227,,,
760,2026-07-31,SH600415,-0.0021876422375540733,EXP_CatBoostModel_Alpha158_csi300_custom_step0_s_20260802_16,ff5acd9722734f8e974b37909ef3fa08,0.227,,,
761,2026-07-31,SH600406,-0.0021876422375540733,EXP_CatBoostModel_Alpha158_csi300_custom_step0_s_20260802_16,ff5acd9722734f8e974b37909ef3fa08,0.227,,,
762,2026-07-31,SH600372,0.0006607392198833843,EXP_CatBoostModel_Alpha158_csi300_custom_step0_s_20260802_16,ff5acd9722734f8e974b37909ef3fa08,0.227,,,
763,2026-07-31,SH600362,0.0004651628295791554,EXP_CatBoostModel_Alpha158_csi300_custom_step0_s_20260802_16,ff5acd9722734f8e974b37909ef3fa08,0.227,,,
764,2026-07-31,SH600346,0.00027668897102223547,EXP_CatBoostModel_Alpha158_csi300_custom_step0_s_20260802_16,ff5acd9722734f8e974b37909ef3fa08,0.227,,,
765,2026-07-31,SH600436,-0.0021876422375540733,EXP_CatBoostModel_Alpha158_csi300_custom_step0_s_20260802_16,ff5acd9722734f8e974b37909ef3fa08,0.227,,,
766,2026-07-31,SH600549,0.007077544264601627,EXP_CatBoostModel_Alpha158_csi300_custom_step0_s_20260802_16,ff5acd9722734f8e974b37909ef3fa08,0.227,,,
767,2026-07-31,SH600570,0.00027668897102223547,EXP_CatBoostModel_Alpha158_csi300_custom_step0_s_20260802_16,ff5acd9722734f8e974b37909ef3fa08,0.227,,,
768,2026-07-31,SH600584,0.0009289579220697498,EXP_CatBoostModel_Alpha158_csi300_custom_step0_s_20260802_16,ff5acd9722734f8e974b37909ef3fa08,0.227,,,
769,2026-07-31,SH600887,-0.0009401104218214026,EXP_CatBoostModel_Alpha158_csi300_custom_step0_s_20260802_16,ff5acd9722734f8e974b37909ef3fa08,0.227,,,
770,2026-07-31,SH600886,0.0004651628295791554,EXP_CatBoostModel_Alpha158_csi300_custom_step0_s_20260802_16,ff5acd9722734f8e974b37909ef3fa08,0.227,,,
771,2026-07-31,SH600875,-0.0009401104218214026,EXP_CatBoostModel_Alpha158_csi300_custom_step0_s_20260802_16,ff5acd9722734f8e974b37909ef3fa08,0.227,,,
772,2026-07-31,SH600845,0.0004271230957726719,EXP_CatBoostModel_Alpha158_csi300_custom_step0_s_20260802_16,ff5acd9722734f8e974b37909ef3fa08,0.227,,,
773,2026-07-31,SH600809,-0.0021876422375540733,EXP_CatBoostModel_Alpha158_csi300_custom_step0_s_20260802_16,ff5acd9722734f8e974b37909ef3fa08,0.227,,,
774,2026-07-31,SH600803,-0.0009401104218214026,EXP_CatBoostModel_Alpha158_csi300_custom_step0_s_20260802_16,ff5acd9722734f8e974b37909ef3fa08,0.227,,,
775,2026-07-31,SH600795,-0.0021876422375540733,EXP_CatBoostModel_Alpha158_csi300_custom_step0_s_20260802_16,ff5acd9722734f8e974b37909ef3fa08,0.227,,,
776,2026-07-31,SH600760,0.0004651628295791554,EXP_CatBoostModel_Alpha158_csi300_custom_step0_s_20260802_16,ff5acd9722734f8e974b37909ef3fa08,0.227,,,
777,2026-07-31,SH600741,-0.0009401104218214026,EXP_CatBoostModel_Alpha158_csi300_custom_step0_s_20260802_16,ff5acd9722734f8e974b37909ef3fa08,0.227,,,
778,2026-07-31,SH600690,-0.0021876422375540733,EXP_CatBoostModel_Alpha158_csi300_custom_step0_s_20260802_16,ff5acd9722734f8e974b37909ef3fa08,0.227,,,
779,2026-07-31,SH600674,0.0004651628295791554,EXP_CatBoostModel_Alpha158_csi300_custom_step0_s_20260802_16,ff5acd9722734f8e974b37909ef3fa08,0.227,,,
780,2026-07-31,SH600660,-0.0021876422375540733,EXP_CatBoostModel_Alpha158_csi300_custom_step0_s_20260802_16,ff5acd9722734f8e974b37909ef3fa08,0.227,,,
781,2026-07-31,SH600600,-0.0009401104218214026,EXP_CatBoostModel_Alpha158_csi300_custom_step0_s_20260802_16,ff5acd9722734f8e974b37909ef3fa08,0.227,,,
782,2026-07-31,SH600588,-0.0021876422375540733,EXP_CatBoostModel_Alpha158_csi300_custom_step0_s_20260802_16,ff5acd9722734f8e974b37909ef3fa08,0.227,,,
783,2026-07-31,SH600585,-0.0021876422375540733,EXP_CatBoostModel_Alpha158_csi300_custom_step0_s_20260802_16,ff5acd9722734f8e974b37909ef3fa08,0.227,,,
784,2026-07-31,SH600309,0.0004651628295791554,EXP_CatBoostModel_Alpha158_csi300_custom_step0_s_20260802_16,ff5acd9722734f8e974b37909ef3fa08,0.227,,,
785,2026-07-31,SH600276,-0.0021876422375540733,EXP_CatBoostModel_Alpha158_csi300_custom_step0_s_20260802_16,ff5acd9722734f8e974b37909ef3fa08,0.227,,,
786,2026-07-31,SH600233,-0.0021876422375540733,EXP_CatBoostModel_Alpha158_csi300_custom_step0_s_20260802_16,ff5acd9722734f8e974b37909ef3fa08,0.227,,,
787,2026-07-31,SH600221,0.004278532367637076,EXP_CatBoostModel_Alpha158_csi300_custom_step0_s_20260802_16,ff5acd9722734f8e974b37909ef3fa08,0.227,,,
788,2026-07-31,SH600031,-0.0021876422375540733,EXP_CatBoostModel_Alpha158_csi300_custom_step0_s_20260802_16,ff5acd9722734f8e974b37909ef3fa08,0.227,,,
789,2026-07-31,SH600030,0.0006607392198833843,EXP_CatBoostModel_Alpha158_csi300_custom_step0_s_20260802_16,ff5acd9722734f8e974b37909ef3fa08,0.227,,,
790,2026-07-31,SH600029,0.0018018962093965145,EXP_CatBoostModel_Alpha158_csi300_custom_step0_s_20260802_16,ff5acd9722734f8e974b37909ef3fa08,0.227,,,
791,2026-07-31,SH600028,-0.0021876422375540733,EXP_CatBoostModel_Alpha158_csi300_custom_step0_s_20260802_16,ff5acd9722734f8e974b37909ef3fa08,0.227,,,
792,2026-07-31,SH600027,0.004278532367637076,EXP_CatBoostModel_Alpha158_csi300_custom_step0_s_20260802_16,ff5acd9722734f8e974b37909ef3fa08,0.227,,,
793,2026-07-31,SH600026,0.00027668897102223547,EXP_CatBoostModel_Alpha158_csi300_custom_step0_s_20260802_16,ff5acd9722734f8e974b37909ef3fa08,0.227,,,
794,2026-07-31,SH600025,-0.0021876422375540733,EXP_CatBoostModel_Alpha158_csi300_custom_step0_s_20260802_16,ff5acd9722734f8e974b37909ef3fa08,0.227,,,
795,2026-07-31,SH600023,0.0015170157759204388,EXP_CatBoostModel_Alpha158_csi300_custom_step0_s_20260802_16,ff5acd9722734f8e974b37909ef3fa08,0.227,,,
796,2026-07-31,SH600019,-0.0009401104218214026,EXP_CatBoostModel_Alpha158_csi300_custom_step0_s_20260802_16,ff5acd9722734f8e974b37909ef3fa08,0.227,,,
797,2026-07-31,SH600018,-0.0021876422375540733,EXP_CatBoostModel_Alpha158_csi300_custom_step0_s_20260802_16,ff5acd9722734f8e974b37909ef3fa08,0.227,,,
798,2026-07-31,SH600016,0.0004651628295791554,EXP_CatBoostModel_Alpha158_csi300_custom_step0_s_20260802_16,ff5acd9722734f8e974b37909ef3fa08,0.227,,,
799,2026-07-31,SH600015,-0.0021876422375540733,EXP_CatBoostModel_Alpha158_csi300_custom_step0_s_20260802_16,ff5acd9722734f8e974b37909ef3fa08,0.227,,,
800,2026-07-31,SH600011,-0.0016614930425343838,EXP_CatBoostModel_Alpha158_csi300_custom_step0_s_20260802_16,ff5acd9722734f8e974b37909ef3fa08,0.227,,,
801,2026-07-31,SH600010,0.00027668897102223547,EXP_CatBoostModel_Alpha158_csi300_custom_step0_s_20260802_16,ff5acd9722734f8e974b37909ef3fa08,0.227,,,
802,2026-07-31,SH600009,-0.0009401104218214026,EXP_CatBoostModel_Alpha158_csi300_custom_step0_s_20260802_16,ff5acd9722734f8e974b37909ef3fa08,0.227,,,
803,2026-07-31,SH600036,0.0004651628295791554,EXP_CatBoostModel_Alpha158_csi300_custom_step0_s_20260802_16,ff5acd9722734f8e974b37909ef3fa08,0.227,,,
804,2026-07-31,SH600893,0.0004651628295791554,EXP_CatBoostModel_Alpha158_csi300_custom_step0_s_20260802_16,ff5acd9722734f8e974b37909ef3fa08,0.227,,,
805,2026-07-31,SH600039,-0.0021876422375540733,EXP_CatBoostModel_Alpha158_csi300_custom_step0_s_20260802_16,ff5acd9722734f8e974b37909ef3fa08,0.227,,,
806,2026-07-31,SH600050,0.0004651628295791554,EXP_CatBoostModel_Alpha158_csi300_custom_step0_s_20260802_16,ff5acd9722734f8e974b37909ef3fa08,0.227,,,
807,2026-07-31,SH600219,0.00027668897102223547,EXP_CatBoostModel_Alpha158_csi300_custom_step0_s_20260802_16,ff5acd9722734f8e974b37909ef3fa08,0.227,,,
808,2026-07-31,SH600196,-0.0021876422375540733,EXP_CatBoostModel_Alpha158_csi300_custom_step0_s_20260802_16,ff5acd9722734f8e974b37909ef3fa08,0.227,,,
809,2026-07-31,SH600188,-0.0021876422375540733,EXP_CatBoostModel_Alpha158_csi300_custom_step0_s_20260802_16,ff5acd9722734f8e974b37909ef3fa08,0.227,,,
810,2026-07-31,SH600183,0.007077544264601627,EXP_CatBoostModel_Alpha158_csi300_custom_step0_s_20260802_16,ff5acd9722734f8e974b37909ef3fa08,0.227,,,
811,2026-07-31,SH600176,0.0009289579220697498,EXP_CatBoostModel_Alpha158_csi300_custom_step0_s_20260802_16,ff5acd9722734f8e974b37909ef3fa08,0.227,,,
812,2026-07-31,SH600160,0.0004651628295791554,EXP_CatBoostModel_Alpha158_csi300_custom_step0_s_20260802_16,ff5acd9722734f8e974b37909ef3fa08,0.227,,,
813,2026-07-31,SH600150,0.00027668897102223547,EXP_CatBoostModel_Alpha158_csi300_custom_step0_s_20260802_16,ff5acd9722734f8e974b37909ef3fa08,0.227,,,
814,2026-07-31,SH600118,0.0009289579220697498,EXP_CatBoostModel_Alpha158_csi300_custom_step0_s_20260802_16,ff5acd9722734f8e974b37909ef3fa08,0.227,,,
815,2026-07-31,SH600115,0.00027668897102223547,EXP_CatBoostModel_Alpha158_csi300_custom_step0_s_20260802_16,ff5acd9722734f8e974b37909ef3fa08,0.227,,,
816,2026-07-31,SH600111,0.00027668897102223547,EXP_CatBoostModel_Alpha158_csi300_custom_step0_s_20260802_16,ff5acd9722734f8e974b37909ef3fa08,0.227,,,
817,2026-07-31,SH600104,-0.0021876422375540733,EXP_CatBoostModel_Alpha158_csi300_custom_step0_s_20260802_16,ff5acd9722734f8e974b37909ef3fa08,0.227,,,
818,2026-07-31,SH600089,0.00027668897102223547,EXP_CatBoostModel_Alpha158_csi300_custom_step0_s_20260802_16,ff5acd9722734f8e974b37909ef3fa08,0.227,,,
819,2026-07-31,SH600085,-0.0021876422375540733,EXP_CatBoostModel_Alpha158_csi300_custom_step0_s_20260802_16,ff5acd9722734f8e974b37909ef3fa08,0.227,,,
820,2026-07-31,SH600066,-0.0009401104218214026,EXP_CatBoostModel_Alpha158_csi300_custom_step0_s_20260802_16,ff5acd9722734f8e974b37909ef3fa08,0.227,,,
821,2026-07-31,SH600061,0.0025260428192721046,EXP_CatBoostModel_Alpha158_csi300_custom_step0_s_20260802_16,ff5acd9722734f8e974b37909ef3fa08,0.227,,,
822,2026-07-31,SH600048,-0.0021876422375540733,EXP_CatBoostModel_Alpha158_csi300_custom_step0_s_20260802_16,ff5acd9722734f8e974b37909ef3fa08,0.227,,,
823,2026-07-31,SH601916,-0.0021876422375540733,EXP_CatBoostModel_Alpha158_csi300_custom_step0_s_20260802_16,ff5acd9722734f8e974b37909ef3fa08,0.227,,,
824,2026-07-31,SH600900,0.0004651628295791554,EXP_CatBoostModel_Alpha158_csi300_custom_step0_s_20260802_16,ff5acd9722734f8e974b37909ef3fa08,0.227,,,
825,2026-07-31,SH600918,0.0004651628295791554,EXP_CatBoostModel_Alpha158_csi300_custom_step0_s_20260802_16,ff5acd9722734f8e974b37909ef3fa08,0.227,,,
826,2026-07-31,SH601689,-0.0036886133938036077,EXP_CatBoostModel_Alpha158_csi300_custom_step0_s_20260802_16,ff5acd9722734f8e974b37909ef3fa08,0.227,,,
827,2026-07-31,SH601688,0.0004651628295791554,EXP_CatBoostModel_Alpha158_csi300_custom_step0_s_20260802_16,ff5acd9722734f8e974b37909ef3fa08,0.227,,,
828,2026-07-31,SH601669,0.0024236507425580175,EXP_CatBoostModel_Alpha158_csi300_custom_step0_s_20260802_16,ff5acd9722734f8e974b37909ef3fa08,0.227,,,
829,2026-07-31,SH601668,0.0004651628295791554,EXP_CatBoostModel_Alpha158_csi300_custom_step0_s_20260802_16,ff5acd9722734f8e974b37909ef3fa08,0.227,,,
830,2026-07-31,SH601658,0.002510673499552892,EXP_CatBoostModel_Alpha158_csi300_custom_step0_s_20260802_16,ff5acd9722734f8e974b37909ef3fa08,0.227,,,
831,2026-07-31,SH601633,-0.0009401104218214026,EXP_CatBoostModel_Alpha158_csi300_custom_step0_s_20260802_16,ff5acd9722734f8e974b37909ef3fa08,0.227,,,
832,2026-07-31,SH601698,0.016766110364620456,EXP_CatBoostModel_Alpha158_csi300_custom_step0_s_20260802_16,ff5acd9722734f8e974b37909ef3fa08,0.227,,,
833,2026-07-31,SH601628,-0.0021876422375540733,EXP_CatBoostModel_Alpha158_csi300_custom_step0_s_20260802_16,ff5acd9722734f8e974b37909ef3fa08,0.227,,,
834,2026-07-31,SH601607,-0.0021876422375540733,EXP_CatBoostModel_Alpha158_csi300_custom_step0_s_20260802_16,ff5acd9722734f8e974b37909ef3fa08,0.227,,,
835,2026-07-31,SH601601,0.0004651628295791554,EXP_CatBoostModel_Alpha158_csi300_custom_step0_s_20260802_16,ff5acd9722734f8e974b37909ef3fa08,0.227,,,
836,2026-07-31,SH601600,0.00027668897102223547,EXP_CatBoostModel_Alpha158_csi300_custom_step0_s_20260802_16,ff5acd9722734f8e974b37909ef3fa08,0.227,,,
837,2026-07-31,SH601456,0.004278532367637076,EXP_CatBoostModel_Alpha158_csi300_custom_step0_s_20260802_16,ff5acd9722734f8e974b37909ef3fa08,0.227,,,
838,2026-07-31,SH601398,-0.0009401104218214026,EXP_CatBoostModel_Alpha158_csi300_custom_step0_s_20260802_16,ff5acd9722734f8e974b37909ef3fa08,0.227,,,
839,2026-07-31,SH601390,0.0004651628295791554,EXP_CatBoostModel_Alpha158_csi300_custom_step0_s_20260802_16,ff5acd9722734f8e974b37909ef3fa08,0.227,,,
840,2026-07-31,SH601618,0.0004651628295791554,EXP_CatBoostModel_Alpha158_csi300_custom_step0_s_20260802_16,ff5acd9722734f8e974b37909ef3fa08,0.227,,,
841,2026-07-31,SH601727,-0.0009401104218214026,EXP_CatBoostModel_Alpha158_csi300_custom_step0_s_20260802_16,ff5acd9722734f8e974b37909ef3fa08,0.227,,,
842,2026-07-31,SH601728,-0.0009401104218214026,EXP_CatBoostModel_Alpha158_csi300_custom_step0_s_20260802_16,ff5acd9722734f8e974b37909ef3fa08,0.227,,,
843,2026-07-31,SH601766,-0.0009401104218214026,EXP_CatBoostModel_Alpha158_csi300_custom_step0_s_20260802_16,ff5acd9722734f8e974b37909ef3fa08,0.227,,,
844,2026-07-31,SH601899,-0.0021876422375540733,EXP_CatBoostModel_Alpha158_csi300_custom_step0_s_20260802_16,ff5acd9722734f8e974b37909ef3fa08,0.227,,,
845,2026-07-31,SH601898,0.00027668897102223547,EXP_CatBoostModel_Alpha158_csi300_custom_step0_s_20260802_16,ff5acd9722734f8e974b37909ef3fa08,0.227,,,
846,2026-07-31,SH601888,-0.0021876422375540733,EXP_CatBoostModel_Alpha158_csi300_custom_step0_s_20260802_16,ff5acd9722734f8e974b37909ef3fa08,0.227,,,
847,2026-07-31,SH601881,0.0006607392198833843,EXP_CatBoostModel_Alpha158_csi300_custom_step0_s_20260802_16,ff5acd9722734f8e974b37909ef3fa08,0.227,,,
848,2026-07-31,SH601878,0.0024236507425580175,EXP_CatBoostModel_Alpha158_csi300_custom_step0_s_20260802_16,ff5acd9722734f8e974b37909ef3fa08,0.227,,,
849,2026-07-31,SH601877,0.0004651628295791554,EXP_CatBoostModel_Alpha158_csi300_custom_step0_s_20260802_16,ff5acd9722734f8e974b37909ef3fa08,0.227,,,
850,2026-07-31,SH601872,0.00027668897102223547,EXP_CatBoostModel_Alpha158_csi300_custom_step0_s_20260802_16,ff5acd9722734f8e974b37909ef3fa08,0.227,,,
851,2026-07-31,SH601868,0.00027668897102223547,EXP_CatBoostModel_Alpha158_csi300_custom_step0_s_20260802_16,ff5acd9722734f8e974b37909ef3fa08,0.227,,,
852,2026-07-31,SH601857,-0.0021876422375540733,EXP_CatBoostModel_Alpha158_csi300_custom_step0_s_20260802_16,ff5acd9722734f8e974b37909ef3fa08,0.227,,,
853,2026-07-31,SH601838,0.0004651628295791554,EXP_CatBoostModel_Alpha158_csi300_custom_step0_s_20260802_16,ff5acd9722734f8e974b37909ef3fa08,0.227,,,
854,2026-07-31,SH601825,-0.0009401104218214026,EXP_CatBoostModel_Alpha158_csi300_custom_step0_s_20260802_16,ff5acd9722734f8e974b37909ef3fa08,0.227,,,
855,2026-07-31,SH601818,0.0004651628295791554,EXP_CatBoostModel_Alpha158_csi300_custom_step0_s_20260802_16,ff5acd9722734f8e974b37909ef3fa08,0.227,,,
856,2026-07-31,SH601816,0.0004651628295791554,EXP_CatBoostModel_Alpha158_csi300_custom_step0_s_20260802_16,ff5acd9722734f8e974b37909ef3fa08,0.227,,,
857,2026-07-31,SH601800,-0.0021876422375540733,EXP_CatBoostModel_Alpha158_csi300_custom_step0_s_20260802_16,ff5acd9722734f8e974b37909ef3fa08,0.227,,,
858,2026-07-31,SH601788,0.0006607392198833843,EXP_CatBoostModel_Alpha158_csi300_custom_step0_s_20260802_16,ff5acd9722734f8e974b37909ef3fa08,0.227,,,
859,2026-07-31,SH601377,0.0024236507425580175,EXP_CatBoostModel_Alpha158_csi300_custom_step0_s_20260802_16,ff5acd9722734f8e974b37909ef3fa08,0.227,,,
860,2026-07-31,SH601360,0.00027668897102223547,EXP_CatBoostModel_Alpha158_csi300_custom_step0_s_20260802_16,ff5acd9722734f8e974b37909ef3fa08,0.227,,,
861,2026-07-31,SH601336,0.0006607392198833843,EXP_CatBoostModel_Alpha158_csi300_custom_step0_s_20260802_16,ff5acd9722734f8e974b37909ef3fa08,0.227,,,
862,2026-07-31,SH601328,0.0004651628295791554,EXP_CatBoostModel_Alpha158_csi300_custom_step0_s_20260802_16,ff5acd9722734f8e974b37909ef3fa08,0.227,,,
863,2026-07-31,SH601059,0.0006607392198833843,EXP_CatBoostModel_Alpha158_csi300_custom_step0_s_20260802_16,ff5acd9722734f8e974b37909ef3fa08,0.227,,,
864,2026-07-31,SH601058,-0.0021876422375540733,EXP_CatBoostModel_Alpha158_csi300_custom_step0_s_20260802_16,ff5acd9722734f8e974b37909ef3fa08,0.227,,,
865,2026-07-31,SH601021,0.0025260428192721046,EXP_CatBoostModel_Alpha158_csi300_custom_step0_s_20260802_16,ff5acd9722734f8e974b37909ef3fa08,0.227,,,
866,2026-07-31,SH601018,0.0004651628295791554,EXP_CatBoostModel_Alpha158_csi300_custom_step0_s_20260802_16,ff5acd9722734f8e974b37909ef3fa08,0.227,,,
867,2026-07-31,SH601012,0.00027668897102223547,EXP_CatBoostModel_Alpha158_csi300_custom_step0_s_20260802_16,ff5acd9722734f8e974b37909ef3fa08,0.227,,,
868,2026-07-31,SH601009,0.0004651628295791554,EXP_CatBoostModel_Alpha158_csi300_custom_step0_s_20260802_16,ff5acd9722734f8e974b37909ef3fa08,0.227,,,
869,2026-07-31,SH601006,0.0004651628295791554,EXP_CatBoostModel_Alpha158_csi300_custom_step0_s_20260802_16,ff5acd9722734f8e974b37909ef3fa08,0.227,,,
870,2026-07-31,SH600999,-0.0009401104218214026,EXP_CatBoostModel_Alpha158_csi300_custom_step0_s_20260802_16,ff5acd9722734f8e974b37909ef3fa08,0.227,,,
871,2026-07-31,SH600989,-0.0021876422375540733,EXP_CatBoostModel_Alpha158_csi300_custom_step0_s_20260802_16,ff5acd9722734f8e974b37909ef3fa08,0.227,,,
872,2026-07-31,SH600958,0.0025260428192721046,EXP_CatBoostModel_Alpha158_csi300_custom_step0_s_20260802_16,ff5acd9722734f8e974b37909ef3fa08,0.227,,,
873,2026-07-31,SH600941,0.0004651628295791554,EXP_CatBoostModel_Alpha158_csi300_custom_step0_s_20260802_16,ff5acd9722734f8e974b37909ef3fa08,0.227,,,
874,2026-07-31,SH600938,-0.0021876422375540733,EXP_CatBoostModel_Alpha158_csi300_custom_step0_s_20260802_16,ff5acd9722734f8e974b37909ef3fa08,0.227,,,
875,2026-07-31,SH600930,0.0004271230957726719,EXP_CatBoostModel_Alpha158_csi300_custom_step0_s_20260802_16,ff5acd9722734f8e974b37909ef3fa08,0.227,,,
876,2026-07-31,SH600926,-0.0021876422375540733,EXP_CatBoostModel_Alpha158_csi300_custom_step0_s_20260802_16,ff5acd9722734f8e974b37909ef3fa08,0.227,,,
877,2026-07-31,SH600919,0.004278532367637076,EXP_CatBoostModel_Alpha158_csi300_custom_step0_s_20260802_16,ff5acd9722734f8e974b37909ef3fa08,0.227,,,
878,2026-07-31,SH601066,0.0004651628295791554,EXP_CatBoostModel_Alpha158_csi300_custom_step0_s_20260802_16,ff5acd9722734f8e974b37909ef3fa08,0.227,,,
879,2026-07-31,SH600905,0.0015170157759204388,EXP_CatBoostModel_Alpha158_csi300_custom_step0_s_20260802_16,ff5acd9722734f8e974b37909ef3fa08,0.227,,,
880,2026-07-31,SH601077,-0.0009401104218214026,EXP_CatBoostModel_Alpha158_csi300_custom_step0_s_20260802_16,ff5acd9722734f8e974b37909ef3fa08,0.227,,,
881,2026-07-31,SH601100,0.00027668897102223547,EXP_CatBoostModel_Alpha158_csi300_custom_step0_s_20260802_16,ff5acd9722734f8e974b37909ef3fa08,0.227,,,
882,2026-07-31,SH601319,0.0004651628295791554,EXP_CatBoostModel_Alpha158_csi300_custom_step0_s_20260802_16,ff5acd9722734f8e974b37909ef3fa08,0.227,,,
883,2026-07-31,SH601318,0.0004651628295791554,EXP_CatBoostModel_Alpha158_csi300_custom_step0_s_20260802_16,ff5acd9722734f8e974b37909ef3fa08,0.227,,,
884,2026-07-31,SH601288,-0.0009401104218214026,EXP_CatBoostModel_Alpha158_csi300_custom_step0_s_20260802_16,ff5acd9722734f8e974b37909ef3fa08,0.227,,,
885,2026-07-31,SH601238,0.00027668897102223547,EXP_CatBoostModel_Alpha158_csi300_custom_step0_s_20260802_16,ff5acd9722734f8e974b37909ef3fa08,0.227,,,
886,2026-07-31,SH601229,0.004278532367637076,EXP_CatBoostModel_Alpha158_csi300_custom_step0_s_20260802_16,ff5acd9722734f8e974b37909ef3fa08,0.227,,,
887,2026-07-31,SH601225,-0.0021876422375540733,EXP_CatBoostModel_Alpha158_csi300_custom_step0_s_20260802_16,ff5acd9722734f8e974b37909ef3fa08,0.227,,,
888,2026-07-31,SH601211,0.0004651628295791554,EXP_CatBoostModel_Alpha158_csi300_custom_step0_s_20260802_16,ff5acd9722734f8e974b37909ef3fa08,0.227,,,
889,2026-07-31,SH601186,-0.0021876422375540733,EXP_CatBoostModel_Alpha158_csi300_custom_step0_s_20260802_16,ff5acd9722734f8e974b37909ef3fa08,0.227,,,
890,2026-07-31,SH601169,-0.0021876422375540733,EXP_CatBoostModel_Alpha158_csi300_custom_step0_s_20260802_16,ff5acd9722734f8e974b37909ef3fa08,0.227,,,
891,2026-07-31,SH601166,0.0004651628295791554,EXP_CatBoostModel_Alpha158_csi300_custom_step0_s_20260802_16,ff5acd9722734f8e974b37909ef3fa08,0.227,,,
892,2026-07-31,SH601138,-0.0009401104218214026,EXP_CatBoostModel_Alpha158_csi300_custom_step0_s_20260802_16,ff5acd9722734f8e974b37909ef3fa08,0.227,,,
893,2026-07-31,SH601136,0.0018018962093965145,EXP_CatBoostModel_Alpha158_csi300_custom_step0_s_20260802_16,ff5acd9722734f8e974b37909ef3fa08,0.227,,,
894,2026-07-31,SH601127,0.00027668897102223547,EXP_CatBoostModel_Alpha158_csi300_custom_step0_s_20260802_16,ff5acd9722734f8e974b37909ef3fa08,0.227,,,
895,2026-07-31,SH601117,0.00027668897102223547,EXP_CatBoostModel_Alpha158_csi300_custom_step0_s_20260802_16,ff5acd9722734f8e974b37909ef3fa08,0.227,,,
896,2026-07-31,SH601111,0.0018018962093965145,EXP_CatBoostModel_Alpha158_csi300_custom_step0_s_20260802_16,ff5acd9722734f8e974b37909ef3fa08,0.227,,,
897,2026-07-31,SH601088,-0.0021876422375540733,EXP_CatBoostModel_Alpha158_csi300_custom_step0_s_20260802_16,ff5acd9722734f8e974b37909ef3fa08,0.227,,,
898,2026-07-31,SZ301308,0.0009289579220697498,EXP_CatBoostModel_Alpha158_csi300_custom_step0_s_20260802_16,ff5acd9722734f8e974b37909ef3fa08,0.227,,,
899,2026-07-31,SZ302132,0.00027668897102223547,EXP_CatBoostModel_Alpha158_csi300_custom_step0_s_20260802_16,ff5acd9722734f8e974b37909ef3fa08,0.227,,,
900,2026-07-31,SH600000,1.59058757048706e-10,EXP_LGBModel_Alpha158_csi300_custom_step0_s_20260802_16,5641a5f68bbc4954ad99773113a998c2,0.287,,,
901,2026-07-31,SZ000617,-0.0011918586553752745,EXP_LGBModel_Alpha158_csi300_custom_step0_s_20260802_16,5641a5f68bbc4954ad99773113a998c2,0.287,,,
902,2026-07-31,SZ000596,-0.0023509506281055807,EXP_LGBModel_Alpha158_csi300_custom_step0_s_20260802_16,5641a5f68bbc4954ad99773113a998c2,0.287,,,
903,2026-07-31,SZ000568,-0.0023509506281055807,EXP_LGBModel_Alpha158_csi300_custom_step0_s_20260802_16,5641a5f68bbc4954ad99773113a998c2,0.287,,,
904,2026-07-31,SZ000538,1.59058757048706e-10,EXP_LGBModel_Alpha158_csi300_custom_step0_s_20260802_16,5641a5f68bbc4954ad99773113a998c2,0.287,,,
905,2026-07-31,SZ000425,-0.0023509506281055807,EXP_LGBModel_Alpha158_csi300_custom_step0_s_20260802_16,5641a5f68bbc4954ad99773113a998c2,0.287,,,
906,2026-07-31,SZ000408,-0.0023509506281055807,EXP_LGBModel_Alpha158_csi300_custom_step0_s_20260802_16,5641a5f68bbc4954ad99773113a998c2,0.287,,,
907,2026-07-31,SZ000625,-0.0023509506281055807,EXP_LGBModel_Alpha158_csi300_custom_step0_s_20260802_16,5641a5f68bbc4954ad99773113a998c2,0.287,,,
908,2026-07-31,SZ000338,-0.0023509506281055807,EXP_LGBModel_Alpha158_csi300_custom_step0_s_20260802_16,5641a5f68bbc4954ad99773113a998c2,0.287,,,
909,2026-07-31,SZ000301,1.59058757048706e-10,EXP_LGBModel_Alpha158_csi300_custom_step0_s_20260802_16,5641a5f68bbc4954ad99773113a998c2,0.287,,,
910,2026-07-31,SZ000166,0.002833995332581158,EXP_LGBModel_Alpha158_csi300_custom_step0_s_20260802_16,5641a5f68bbc4954ad99773113a998c2,0.287,,,
911,2026-07-31,SZ000157,1.59058757048706e-10,EXP_LGBModel_Alpha158_csi300_custom_step0_s_20260802_16,5641a5f68bbc4954ad99773113a998c2,0.287,,,
912,2026-07-31,SZ000100,-0.0023509506281055807,EXP_LGBModel_Alpha158_csi300_custom_step0_s_20260802_16,5641a5f68bbc4954ad99773113a998c2,0.287,,,
913,2026-07-31,SZ000063,-0.0011918586553752745,EXP_LGBModel_Alpha158_csi300_custom_step0_s_20260802_16,5641a5f68bbc4954ad99773113a998c2,0.287,,,
914,2026-07-31,SZ000002,-0.0023509506281055807,EXP_LGBModel_Alpha158_csi300_custom_step0_s_20260802_16,5641a5f68bbc4954ad99773113a998c2,0.287,,,
915,2026-07-31,SZ000333,1.59058757048706e-10,EXP_LGBModel_Alpha158_csi300_custom_step0_s_20260802_16,5641a5f68bbc4954ad99773113a998c2,0.287,,,
916,2026-07-31,SZ000630,-0.0023509506281055807,EXP_LGBModel_Alpha158_csi300_custom_step0_s_20260802_16,5641a5f68bbc4954ad99773113a998c2,0.287,,,
917,2026-07-31,SZ000651,1.59058757048706e-10,EXP_LGBModel_Alpha158_csi300_custom_step0_s_20260802_16,5641a5f68bbc4954ad99773113a998c2,0.287,,,
918,2026-07-31,SZ000657,1.59058757048706e-10,EXP_LGBModel_Alpha158_csi300_custom_step0_s_20260802_16,5641a5f68bbc4954ad99773113a998c2,0.287,,,
919,2026-07-31,SZ001280,-0.0023509506281055807,EXP_LGBModel_Alpha158_csi300_custom_step0_s_20260802_16,5641a5f68bbc4954ad99773113a998c2,0.287,,,
920,2026-07-31,SZ000999,-0.002535616472228724,EXP_LGBModel_Alpha158_csi300_custom_step0_s_20260802_16,5641a5f68bbc4954ad99773113a998c2,0.287,,,
921,2026-07-31,SZ000988,0.003958387081704559,EXP_LGBModel_Alpha158_csi300_custom_step0_s_20260802_16,5641a5f68bbc4954ad99773113a998c2,0.287,,,
922,2026-07-31,SZ000977,-0.0023509506281055807,EXP_LGBModel_Alpha158_csi300_custom_step0_s_20260802_16,5641a5f68bbc4954ad99773113a998c2,0.287,,,
923,2026-07-31,SZ000975,-0.0023509506281055807,EXP_LGBModel_Alpha158_csi300_custom_step0_s_20260802_16,5641a5f68bbc4954ad99773113a998c2,0.287,,,
924,2026-07-31,SZ000963,-0.0011918586553752745,EXP_LGBModel_Alpha158_csi300_custom_step0_s_20260802_16,5641a5f68bbc4954ad99773113a998c2,0.287,,,
925,2026-07-31,SZ000938,-0.0023509506281055807,EXP_LGBModel_Alpha158_csi300_custom_step0_s_20260802_16,5641a5f68bbc4954ad99773113a998c2,0.287,,,
926,2026-07-31,SZ000895,-0.0023509506281055807,EXP_LGBModel_Alpha158_csi300_custom_step0_s_20260802_16,5641a5f68bbc4954ad99773113a998c2,0.287,,,
927,2026-07-31,SZ000858,-0.0023509506281055807,EXP_LGBModel_Alpha158_csi300_custom_step0_s_20260802_16,5641a5f68bbc4954ad99773113a998c2,0.287,,,
928,2026-07-31,SZ000807,-0.0023509506281055807,EXP_LGBModel_Alpha158_csi300_custom_step0_s_20260802_16,5641a5f68bbc4954ad99773113a998c2,0.287,,,
929,2026-07-31,SZ000792,-0.0023509506281055807,EXP_LGBModel_Alpha158_csi300_custom_step0_s_20260802_16,5641a5f68bbc4954ad99773113a998c2,0.287,,,
930,2026-07-31,SZ000776,-0.0011918586553752745,EXP_LGBModel_Alpha158_csi300_custom_step0_s_20260802_16,5641a5f68bbc4954ad99773113a998c2,0.287,,,
931,2026-07-31,SZ000768,0.002833995332581158,EXP_LGBModel_Alpha158_csi300_custom_step0_s_20260802_16,5641a5f68bbc4954ad99773113a998c2,0.287,,,
932,2026-07-31,SZ000725,1.59058757048706e-10,EXP_LGBModel_Alpha158_csi300_custom_step0_s_20260802_16,5641a5f68bbc4954ad99773113a998c2,0.287,,,
933,2026-07-31,SZ000708,1.59058757048706e-10,EXP_LGBModel_Alpha158_csi300_custom_step0_s_20260802_16,5641a5f68bbc4954ad99773113a998c2,0.287,,,
934,2026-07-31,SZ000001,1.59058757048706e-10,EXP_LGBModel_Alpha158_csi300_custom_step0_s_20260802_16,5641a5f68bbc4954ad99773113a998c2,0.287,,,
935,2026-07-31,SH688981,-0.0023509506281055807,EXP_LGBModel_Alpha158_csi300_custom_step0_s_20260802_16,5641a5f68bbc4954ad99773113a998c2,0.287,,,
936,2026-07-31,SH688521,0.003958387081704559,EXP_LGBModel_Alpha158_csi300_custom_step0_s_20260802_16,5641a5f68bbc4954ad99773113a998c2,0.287,,,
937,2026-07-31,SH688506,-0.0023509506281055807,EXP_LGBModel_Alpha158_csi300_custom_step0_s_20260802_16,5641a5f68bbc4954ad99773113a998c2,0.287,,,
938,2026-07-31,SH603993,-0.0011918586553752745,EXP_LGBModel_Alpha158_csi300_custom_step0_s_20260802_16,5641a5f68bbc4954ad99773113a998c2,0.287,,,
939,2026-07-31,SH603986,1.59058757048706e-10,EXP_LGBModel_Alpha158_csi300_custom_step0_s_20260802_16,5641a5f68bbc4954ad99773113a998c2,0.287,,,
940,2026-07-31,SH603893,-0.0023509506281055807,EXP_LGBModel_Alpha158_csi300_custom_step0_s_20260802_16,5641a5f68bbc4954ad99773113a998c2,0.287,,,
941,2026-07-31,SH603799,0.003958387081704559,EXP_LGBModel_Alpha158_csi300_custom_step0_s_20260802_16,5641a5f68bbc4954ad99773113a998c2,0.287,,,
942,2026-07-31,SH603501,-0.0023509506281055807,EXP_LGBModel_Alpha158_csi300_custom_step0_s_20260802_16,5641a5f68bbc4954ad99773113a998c2,0.287,,,
943,2026-07-31,SH603392,1.59058757048706e-10,EXP_LGBModel_Alpha158_csi300_custom_step0_s_20260802_16,5641a5f68bbc4954ad99773113a998c2,0.287,,,
944,2026-07-31,SH603369,-0.0023509506281055807,EXP_LGBModel_Alpha158_csi300_custom_step0_s_20260802_16,5641a5f68bbc4954ad99773113a998c2,0.287,,,
945,2026-07-31,SH603296,-0.0011918586553752745,EXP_LGBModel_Alpha158_csi300_custom_step0_s_20260802_16,5641a5f68bbc4954ad99773113a998c2,0.287,,,
946,2026-07-31,SH603288,1.59058757048706e-10,EXP_LGBModel_Alpha158_csi300_custom_step0_s_20260802_16,5641a5f68bbc4954ad99773113a998c2,0.287,,,
947,2026-07-31,SH603260,1.59058757048706e-10,EXP_LGBModel_Alpha158_csi300_custom_step0_s_20260802_16,5641a5f68bbc4954ad99773113a998c2,0.287,,,
948,2026-07-31,SH603259,-0.002535616472228724,EXP_LGBModel_Alpha158_csi300_custom_step0_s_20260802_16,5641a5f68bbc4954ad99773113a998c2,0.287,,,
949,2026-07-31,SH603019,-0.0011918586553752745,EXP_LGBModel_Alpha158_csi300_custom_step0_s_20260802_16,5641a5f68bbc4954ad99773113a998c2,0.287,,,
950,2026-07-31,SH601998,1.59058757048706e-10,EXP_LGBModel_Alpha158_csi300_custom_step0_s_20260802_16,5641a5f68bbc4954ad99773113a998c2,0.287,,,
951,2026-07-31,SH601995,1.59058757048706e-10,EXP_LGBModel_Alpha158_csi300_custom_step0_s_20260802_16,5641a5f68bbc4954ad99773113a998c2,0.287,,,
952,2026-07-31,SH601988,1.59058757048706e-10,EXP_LGBModel_Alpha158_csi300_custom_step0_s_20260802_16,5641a5f68bbc4954ad99773113a998c2,0.287,,,
953,2026-07-31,SH605117,0.003958387081704559,EXP_LGBModel_Alpha158_csi300_custom_step0_s_20260802_16,5641a5f68bbc4954ad99773113a998c2,0.287,,,
954,2026-07-31,SZ001391,-0.002535616472228724,EXP_LGBModel_Alpha158_csi300_custom_step0_s_20260802_16,5641a5f68bbc4954ad99773113a998c2,0.287,,,
955,2026-07-31,SH605499,0.0007910649367337872,EXP_LGBModel_Alpha158_csi300_custom_step0_s_20260802_16,5641a5f68bbc4954ad99773113a998c2,0.287,,,
956,2026-07-31,SH688009,0.0005738352781459891,EXP_LGBModel_Alpha158_csi300_custom_step0_s_20260802_16,5641a5f68bbc4954ad99773113a998c2,0.287,,,
957,2026-07-31,SH688472,0.0015178302886164256,EXP_LGBModel_Alpha158_csi300_custom_step0_s_20260802_16,5641a5f68bbc4954ad99773113a998c2,0.287,,,
958,2026-07-31,SH688396,0.003958387081704559,EXP_LGBModel_Alpha158_csi300_custom_step0_s_20260802_16,5641a5f68bbc4954ad99773113a998c2,0.287,,,
959,2026-07-31,SH688303,-0.0023509506281055807,EXP_LGBModel_Alpha158_csi300_custom_step0_s_20260802_16,5641a5f68bbc4954ad99773113a998c2,0.287,,,
960,2026-07-31,SH688271,-0.0023509506281055807,EXP_LGBModel_Alpha158_csi300_custom_step0_s_20260802_16,5641a5f68bbc4954ad99773113a998c2,0.287,,,
961,2026-07-31,SH688256,0.003958387081704559,EXP_LGBModel_Alpha158_csi300_custom_step0_s_20260802_16,5641a5f68bbc4954ad99773113a998c2,0.287,,,
962,2026-07-31,SH688223,0.0015178302886164256,EXP_LGBModel_Alpha158_csi300_custom_step0_s_20260802_16,5641a5f68bbc4954ad99773113a998c2,0.287,,,
963,2026-07-31,SH688183,1.59058757048706e-10,EXP_LGBModel_Alpha158_csi300_custom_step0_s_20260802_16,5641a5f68bbc4954ad99773113a998c2,0.287,,,
964,2026-07-31,SH688126,0.003958387081704559,EXP_LGBModel_Alpha158_csi300_custom_step0_s_20260802_16,5641a5f68bbc4954ad99773113a998c2,0.287,,,
965,2026-07-31,SH688111,0.0007910649367337872,EXP_LGBModel_Alpha158_csi300_custom_step0_s_20260802_16,5641a5f68bbc4954ad99773113a998c2,0.287,,,
966,2026-07-31,SH688082,1.59058757048706e-10,EXP_LGBModel_Alpha158_csi300_custom_step0_s_20260802_16,5641a5f68bbc4954ad99773113a998c2,0.287,,,
967,2026-07-31,SH688072,-0.0011918586553752745,EXP_LGBModel_Alpha158_csi300_custom_step0_s_20260802_16,5641a5f68bbc4954ad99773113a998c2,0.287,,,
968,2026-07-31,SH688047,0.003958387081704559,EXP_LGBModel_Alpha158_csi300_custom_step0_s_20260802_16,5641a5f68bbc4954ad99773113a998c2,0.287,,,
969,2026-07-31,SH688041,-0.0023509506281055807,EXP_LGBModel_Alpha158_csi300_custom_step0_s_20260802_16,5641a5f68bbc4954ad99773113a998c2,0.287,,,
970,2026-07-31,SH688036,-0.0023509506281055807,EXP_LGBModel_Alpha158_csi300_custom_step0_s_20260802_16,5641a5f68bbc4954ad99773113a998c2,0.287,,,
971,2026-07-31,SH688012,-0.0023509506281055807,EXP_LGBModel_Alpha158_csi300_custom_step0_s_20260802_16,5641a5f68bbc4954ad99773113a998c2,0.287,,,
972,2026-07-31,SH688008,0.003958387081704559,EXP_LGBModel_Alpha158_csi300_custom_step0_s_20260802_16,5641a5f68bbc4954ad99773113a998c2,0.287,,,
973,2026-07-31,SH601985,0.002833995332581158,EXP_LGBModel_Alpha158_csi300_custom_step0_s_20260802_16,5641a5f68bbc4954ad99773113a998c2,0.287,,,
974,2026-07-31,SZ001965,0.0005738352781459891,EXP_LGBModel_Alpha158_csi300_custom_step0_s_20260802_16,5641a5f68bbc4954ad99773113a998c2,0.287,,,
975,2026-07-31,SZ002001,-0.0014119744626420552,EXP_LGBModel_Alpha158_csi300_custom_step0_s_20260802_16,5641a5f68bbc4954ad99773113a998c2,0.287,,,
976,2026-07-31,SZ300413,-0.0023509506281055807,EXP_LGBModel_Alpha158_csi300_custom_step0_s_20260802_16,5641a5f68bbc4954ad99773113a998c2,0.287,,,
977,2026-07-31,SZ300408,0.003958387081704559,EXP_LGBModel_Alpha158_csi300_custom_step0_s_20260802_16,5641a5f68bbc4954ad99773113a998c2,0.287,,,
978,2026-07-31,SZ300394,0.003958387081704559,EXP_LGBModel_Alpha158_csi300_custom_step0_s_20260802_16,5641a5f68bbc4954ad99773113a998c2,0.287,,,
979,2026-07-31,SZ300316,1.59058757048706e-10,EXP_LGBModel_Alpha158_csi300_custom_step0_s_20260802_16,5641a5f68bbc4954ad99773113a998c2,0.287,,,
980,2026-07-31,SZ300308,0.003958387081704559,EXP_LGBModel_Alpha158_csi300_custom_step0_s_20260802_16,5641a5f68bbc4954ad99773113a998c2,0.287,,,
981,2026-07-31,SZ300274,0.003958387081704559,EXP_LGBModel_Alpha158_csi300_custom_step0_s_20260802_16,5641a5f68bbc4954ad99773113a998c2,0.287,,,
982,2026-07-31,SZ300418,-0.0023509506281055807,EXP_LGBModel_Alpha158_csi300_custom_step0_s_20260802_16,5641a5f68bbc4954ad99773113a998c2,0.287,,,
983,2026-07-31,SZ300251,-0.0023509506281055807,EXP_LGBModel_Alpha158_csi300_custom_step0_s_20260802_16,5641a5f68bbc4954ad99773113a998c2,0.287,,,
984,2026-07-31,SZ300122,-0.0023509506281055807,EXP_LGBModel_Alpha158_csi300_custom_step0_s_20260802_16,5641a5f68bbc4954ad99773113a998c2,0.287,,,
985,2026-07-31,SZ300059,-0.002535616472228724,EXP_LGBModel_Alpha158_csi300_custom_step0_s_20260802_16,5641a5f68bbc4954ad99773113a998c2,0.287,,,
986,2026-07-31,SZ300033,-0.0023509506281055807,EXP_LGBModel_Alpha158_csi300_custom_step0_s_20260802_16,5641a5f68bbc4954ad99773113a998c2,0.287,,,
987,2026-07-31,SZ300015,1.59058757048706e-10,EXP_LGBModel_Alpha158_csi300_custom_step0_s_20260802_16,5641a5f68bbc4954ad99773113a998c2,0.287,,,
988,2026-07-31,SZ300014,1.59058757048706e-10,EXP_LGBModel_Alpha158_csi300_custom_step0_s_20260802_16,5641a5f68bbc4954ad99773113a998c2,0.287,,,
989,2026-07-31,SZ003816,0.0005738352781459891,EXP_LGBModel_Alpha158_csi300_custom_step0_s_20260802_16,5641a5f68bbc4954ad99773113a998c2,0.287,,,
990,2026-07-31,SZ300124,-0.0023509506281055807,EXP_LGBModel_Alpha158_csi300_custom_step0_s_20260802_16,5641a5f68bbc4954ad99773113a998c2,0.287,,,
991,2026-07-31,SZ300433,0.003958387081704559,EXP_LGBModel_Alpha158_csi300_custom_step0_s_20260802_16,5641a5f68bbc4954ad99773113a998c2,0.287,,,
992,2026-07-31,SZ300442,0.003958387081704559,EXP_LGBModel_Alpha158_csi300_custom_step0_s_20260802_16,5641a5f68bbc4954ad99773113a998c2,0.287,,,
993,2026-07-31,SZ300450,0.003958387081704559,EXP_LGBModel_Alpha158_csi300_custom_step0_s_20260802_16,5641a5f68bbc4954ad99773113a998c2,0.287,,,
994,2026-07-31,SZ301269,0.003958387081704559,EXP_LGBModel_Alpha158_csi300_custom_step0_s_20260802_16,5641a5f68bbc4954ad99773113a998c2,0.287,,,
995,2026-07-31,SZ301236,-0.0023509506281055807,EXP_LGBModel_Alpha158_csi300_custom_step0_s_20260802_16,5641a5f68bbc4954ad99773113a998c2,0.287,,,
996,2026-07-31,SZ301165,-0.0011918586553752745,EXP_LGBModel_Alpha158_csi300_custom_step0_s_20260802_16,5641a5f68bbc4954ad99773113a998c2,0.287,,,
997,2026-07-31,SZ300999,1.59058757048706e-10,EXP_LGBModel_Alpha158_csi300_custom_step0_s_20260802_16,5641a5f68bbc4954ad99773113a998c2,0.287,,,
998,2026-07-31,SZ300896,-0.0023509506281055807,EXP_LGBModel_Alpha158_csi300_custom_step0_s_20260802_16,5641a5f68bbc4954ad99773113a998c2,0.287,,,
999,2026-07-31,SZ300866,-0.0023509506281055807,EXP_LGBModel_Alpha158_csi300_custom_step0_s_20260802_16,5641a5f68bbc4954ad99773113a998c2,0.287,,,
1000,2026-07-31,SZ300832,-0.0011918586553752745,EXP_LGBModel_Alpha158_csi300_custom_step0_s_20260802_16,5641a5f68bbc4954ad99773113a998c2,0.287,,,
1001,2026-07-31,SZ300803,1.59058757048706e-10,EXP_LGBModel_Alpha158_csi300_custom_step0_s_20260802_16,5641a5f68bbc4954ad99773113a998c2,0.287,,,
1002,2026-07-31,SZ300760,1.59058757048706e-10,EXP_LGBModel_Alpha158_csi300_custom_step0_s_20260802_16,5641a5f68bbc4954ad99773113a998c2,0.287,,,
1003,2026-07-31,SZ300750,-0.0023509506281055807,EXP_LGBModel_Alpha158_csi300_custom_step0_s_20260802_16,5641a5f68bbc4954ad99773113a998c2,0.287,,,
1004,2026-07-31,SZ300661,0.003958387081704559,EXP_LGBModel_Alpha158_csi300_custom_step0_s_20260802_16,5641a5f68bbc4954ad99773113a998c2,0.287,,,
1005,2026-07-31,SZ300628,-0.0023509506281055807,EXP_LGBModel_Alpha158_csi300_custom_step0_s_20260802_16,5641a5f68bbc4954ad99773113a998c2,0.287,,,
1006,2026-07-31,SZ300502,1.59058757048706e-10,EXP_LGBModel_Alpha158_csi300_custom_step0_s_20260802_16,5641a5f68bbc4954ad99773113a998c2,0.287,,,
1007,2026-07-31,SZ300498,-0.002535616472228724,EXP_LGBModel_Alpha158_csi300_custom_step0_s_20260802_16,5641a5f68bbc4954ad99773113a998c2,0.287,,,
1008,2026-07-31,SZ300476,0.003958387081704559,EXP_LGBModel_Alpha158_csi300_custom_step0_s_20260802_16,5641a5f68bbc4954ad99773113a998c2,0.287,,,
1009,2026-07-31,SZ002938,0.003958387081704559,EXP_LGBModel_Alpha158_csi300_custom_step0_s_20260802_16,5641a5f68bbc4954ad99773113a998c2,0.287,,,
1010,2026-07-31,SZ002920,0.0007910649367337872,EXP_LGBModel_Alpha158_csi300_custom_step0_s_20260802_16,5641a5f68bbc4954ad99773113a998c2,0.287,,,
1011,2026-07-31,SZ002916,1.59058757048706e-10,EXP_LGBModel_Alpha158_csi300_custom_step0_s_20260802_16,5641a5f68bbc4954ad99773113a998c2,0.287,,,
1012,2026-07-31,SZ002837,1.59058757048706e-10,EXP_LGBModel_Alpha158_csi300_custom_step0_s_20260802_16,5641a5f68bbc4954ad99773113a998c2,0.287,,,
1013,2026-07-31,SZ002353,0.003958387081704559,EXP_LGBModel_Alpha158_csi300_custom_step0_s_20260802_16,5641a5f68bbc4954ad99773113a998c2,0.287,,,
1014,2026-07-31,SZ002352,1.59058757048706e-10,EXP_LGBModel_Alpha158_csi300_custom_step0_s_20260802_16,5641a5f68bbc4954ad99773113a998c2,0.287,,,
1015,2026-07-31,SZ002311,-0.002535616472228724,EXP_LGBModel_Alpha158_csi300_custom_step0_s_20260802_16,5641a5f68bbc4954ad99773113a998c2,0.287,,,
1016,2026-07-31,SZ002304,-0.0023509506281055807,EXP_LGBModel_Alpha158_csi300_custom_step0_s_20260802_16,5641a5f68bbc4954ad99773113a998c2,0.287,,,
1017,2026-07-31,SZ002241,-0.002535616472228724,EXP_LGBModel_Alpha158_csi300_custom_step0_s_20260802_16,5641a5f68bbc4954ad99773113a998c2,0.287,,,
1018,2026-07-31,SZ002236,0.002833995332581158,EXP_LGBModel_Alpha158_csi300_custom_step0_s_20260802_16,5641a5f68bbc4954ad99773113a998c2,0.287,,,
1019,2026-07-31,SZ002230,0.0007910649367337872,EXP_LGBModel_Alpha158_csi300_custom_step0_s_20260802_16,5641a5f68bbc4954ad99773113a998c2,0.287,,,
1020,2026-07-31,SZ002202,0.003958387081704559,EXP_LGBModel_Alpha158_csi300_custom_step0_s_20260802_16,5641a5f68bbc4954ad99773113a998c2,0.287,,,
1021,2026-07-31,SZ002179,0.003958387081704559,EXP_LGBModel_Alpha158_csi300_custom_step0_s_20260802_16,5641a5f68bbc4954ad99773113a998c2,0.287,,,
1022,2026-07-31,SZ002142,0.0015981606736871889,EXP_LGBModel_Alpha158_csi300_custom_step0_s_20260802_16,5641a5f68bbc4954ad99773113a998c2,0.287,,,
1023,2026-07-31,SZ002074,-0.0023509506281055807,EXP_LGBModel_Alpha158_csi300_custom_step0_s_20260802_16,5641a5f68bbc4954ad99773113a998c2,0.287,,,
1024,2026-07-31,SZ002050,0.003958387081704559,EXP_LGBModel_Alpha158_csi300_custom_step0_s_20260802_16,5641a5f68bbc4954ad99773113a998c2,0.287,,,
1025,2026-07-31,SZ002049,0.003958387081704559,EXP_LGBModel_Alpha158_csi300_custom_step0_s_20260802_16,5641a5f68bbc4954ad99773113a998c2,0.287,,,
1026,2026-07-31,SZ002028,0.0015178302886164256,EXP_LGBModel_Alpha158_csi300_custom_step0_s_20260802_16,5641a5f68bbc4954ad99773113a998c2,0.287,,,
1027,2026-07-31,SZ002027,-0.0023509506281055807,EXP_LGBModel_Alpha158_csi300_custom_step0_s_20260802_16,5641a5f68bbc4954ad99773113a998c2,0.287,,,
1028,2026-07-31,SZ002371,-0.0011918586553752745,EXP_LGBModel_Alpha158_csi300_custom_step0_s_20260802_16,5641a5f68bbc4954ad99773113a998c2,0.287,,,
1029,2026-07-31,SZ001979,-0.0023509506281055807,EXP_LGBModel_Alpha158_csi300_custom_step0_s_20260802_16,5641a5f68bbc4954ad99773113a998c2,0.287,,,
1030,2026-07-31,SZ002384,1.59058757048706e-10,EXP_LGBModel_Alpha158_csi300_custom_step0_s_20260802_16,5641a5f68bbc4954ad99773113a998c2,0.287,,,
1031,2026-07-31,SZ002422,-0.0011918586553752745,EXP_LGBModel_Alpha158_csi300_custom_step0_s_20260802_16,5641a5f68bbc4954ad99773113a998c2,0.287,,,
1032,2026-07-31,SZ002736,0.002833995332581158,EXP_LGBModel_Alpha158_csi300_custom_step0_s_20260802_16,5641a5f68bbc4954ad99773113a998c2,0.287,,,
1033,2026-07-31,SZ002714,0.0015981606736871889,EXP_LGBModel_Alpha158_csi300_custom_step0_s_20260802_16,5641a5f68bbc4954ad99773113a998c2,0.287,,,
1034,2026-07-31,SZ002709,0.003958387081704559,EXP_LGBModel_Alpha158_csi300_custom_step0_s_20260802_16,5641a5f68bbc4954ad99773113a998c2,0.287,,,
1035,2026-07-31,SZ002648,-0.0011918586553752745,EXP_LGBModel_Alpha158_csi300_custom_step0_s_20260802_16,5641a5f68bbc4954ad99773113a998c2,0.287,,,
1036,2026-07-31,SZ002625,0.0015178302886164256,EXP_LGBModel_Alpha158_csi300_custom_step0_s_20260802_16,5641a5f68bbc4954ad99773113a998c2,0.287,,,
1037,2026-07-31,SZ002602,-0.0023509506281055807,EXP_LGBModel_Alpha158_csi300_custom_step0_s_20260802_16,5641a5f68bbc4954ad99773113a998c2,0.287,,,
1038,2026-07-31,SZ002600,0.003958387081704559,EXP_LGBModel_Alpha158_csi300_custom_step0_s_20260802_16,5641a5f68bbc4954ad99773113a998c2,0.287,,,
1039,2026-07-31,SZ002594,1.59058757048706e-10,EXP_LGBModel_Alpha158_csi300_custom_step0_s_20260802_16,5641a5f68bbc4954ad99773113a998c2,0.287,,,
1040,2026-07-31,SZ002558,-0.0023509506281055807,EXP_LGBModel_Alpha158_csi300_custom_step0_s_20260802_16,5641a5f68bbc4954ad99773113a998c2,0.287,,,
1041,2026-07-31,SZ002532,-0.0023509506281055807,EXP_LGBModel_Alpha158_csi300_custom_step0_s_20260802_16,5641a5f68bbc4954ad99773113a998c2,0.287,,,
1042,2026-07-31,SZ002493,-0.0011918586553752745,EXP_LGBModel_Alpha158_csi300_custom_step0_s_20260802_16,5641a5f68bbc4954ad99773113a998c2,0.287,,,
1043,2026-07-31,SZ002475,0.0015178302886164256,EXP_LGBModel_Alpha158_csi300_custom_step0_s_20260802_16,5641a5f68bbc4954ad99773113a998c2,0.287,,,
1044,2026-07-31,SZ002466,0.003958387081704559,EXP_LGBModel_Alpha158_csi300_custom_step0_s_20260802_16,5641a5f68bbc4954ad99773113a998c2,0.287,,,
1045,2026-07-31,SZ002463,1.59058757048706e-10,EXP_LGBModel_Alpha158_csi300_custom_step0_s_20260802_16,5641a5f68bbc4954ad99773113a998c2,0.287,,,
1046,2026-07-31,SZ002460,0.003958387081704559,EXP_LGBModel_Alpha158_csi300_custom_step0_s_20260802_16,5641a5f68bbc4954ad99773113a998c2,0.287,,,
1047,2026-07-31,SZ002415,0.0007910649367337872,EXP_LGBModel_Alpha158_csi300_custom_step0_s_20260802_16,5641a5f68bbc4954ad99773113a998c2,0.287,,,
1048,2026-07-31,SH601939,1.59058757048706e-10,EXP_LGBModel_Alpha158_csi300_custom_step0_s_20260802_16,5641a5f68bbc4954ad99773113a998c2,0.287,,,
1049,2026-07-31,SH601919,1.59058757048706e-10,EXP_LGBModel_Alpha158_csi300_custom_step0_s_20260802_16,5641a5f68bbc4954ad99773113a998c2,0.287,,,
1050,2026-07-31,SH601916,1.59058757048706e-10,EXP_LGBModel_Alpha158_csi300_custom_step0_s_20260802_16,5641a5f68bbc4954ad99773113a998c2,0.287,,,
1051,2026-07-31,SH600522,1.59058757048706e-10,EXP_LGBModel_Alpha158_csi300_custom_step0_s_20260802_16,5641a5f68bbc4954ad99773113a998c2,0.287,,,
1052,2026-07-31,SH600519,1.59058757048706e-10,EXP_LGBModel_Alpha158_csi300_custom_step0_s_20260802_16,5641a5f68bbc4954ad99773113a998c2,0.287,,,
1053,2026-07-31,SH600515,0.002833995332581158,EXP_LGBModel_Alpha158_csi300_custom_step0_s_20260802_16,5641a5f68bbc4954ad99773113a998c2,0.287,,,
1054,2026-07-31,SH600489,-0.0023509506281055807,EXP_LGBModel_Alpha158_csi300_custom_step0_s_20260802_16,5641a5f68bbc4954ad99773113a998c2,0.287,,,
1055,2026-07-31,SH600482,0.0015178302886164256,EXP_LGBModel_Alpha158_csi300_custom_step0_s_20260802_16,5641a5f68bbc4954ad99773113a998c2,0.287,,,
1056,2026-07-31,SH600460,1.59058757048706e-10,EXP_LGBModel_Alpha158_csi300_custom_step0_s_20260802_16,5641a5f68bbc4954ad99773113a998c2,0.287,,,
1057,2026-07-31,SH600547,-0.0023509506281055807,EXP_LGBModel_Alpha158_csi300_custom_step0_s_20260802_16,5641a5f68bbc4954ad99773113a998c2,0.287,,,
1058,2026-07-31,SH600438,0.0015178302886164256,EXP_LGBModel_Alpha158_csi300_custom_step0_s_20260802_16,5641a5f68bbc4954ad99773113a998c2,0.287,,,
1059,2026-07-31,SH600426,-0.0023509506281055807,EXP_LGBModel_Alpha158_csi300_custom_step0_s_20260802_16,5641a5f68bbc4954ad99773113a998c2,0.287,,,
1060,2026-07-31,SH600415,-0.0023509506281055807,EXP_LGBModel_Alpha158_csi300_custom_step0_s_20260802_16,5641a5f68bbc4954ad99773113a998c2,0.287,,,
1061,2026-07-31,SH600406,-0.002535616472228724,EXP_LGBModel_Alpha158_csi300_custom_step0_s_20260802_16,5641a5f68bbc4954ad99773113a998c2,0.287,,,
1062,2026-07-31,SH600372,0.002833995332581158,EXP_LGBModel_Alpha158_csi300_custom_step0_s_20260802_16,5641a5f68bbc4954ad99773113a998c2,0.287,,,
1063,2026-07-31,SH600362,-0.0023509506281055807,EXP_LGBModel_Alpha158_csi300_custom_step0_s_20260802_16,5641a5f68bbc4954ad99773113a998c2,0.287,,,
1064,2026-07-31,SH600346,-0.0011918586553752745,EXP_LGBModel_Alpha158_csi300_custom_step0_s_20260802_16,5641a5f68bbc4954ad99773113a998c2,0.287,,,
1065,2026-07-31,SH600436,-0.0011918586553752745,EXP_LGBModel_Alpha158_csi300_custom_step0_s_20260802_16,5641a5f68bbc4954ad99773113a998c2,0.287,,,
1066,2026-07-31,SH600549,1.59058757048706e-10,EXP_LGBModel_Alpha158_csi300_custom_step0_s_20260802_16,5641a5f68bbc4954ad99773113a998c2,0.287,,,
1067,2026-07-31,SH600570,0.0007910649367337872,EXP_LGBModel_Alpha158_csi300_custom_step0_s_20260802_16,5641a5f68bbc4954ad99773113a998c2,0.287,,,
1068,2026-07-31,SH600584,1.59058757048706e-10,EXP_LGBModel_Alpha158_csi300_custom_step0_s_20260802_16,5641a5f68bbc4954ad99773113a998c2,0.287,,,
1069,2026-07-31,SH600887,0.0005738352781459891,EXP_LGBModel_Alpha158_csi300_custom_step0_s_20260802_16,5641a5f68bbc4954ad99773113a998c2,0.287,,,
1070,2026-07-31,SH600886,0.0005738352781459891,EXP_LGBModel_Alpha158_csi300_custom_step0_s_20260802_16,5641a5f68bbc4954ad99773113a998c2,0.287,,,
1071,2026-07-31,SH600875,1.59058757048706e-10,EXP_LGBModel_Alpha158_csi300_custom_step0_s_20260802_16,5641a5f68bbc4954ad99773113a998c2,0.287,,,
1072,2026-07-31,SH600845,-0.0023509506281055807,EXP_LGBModel_Alpha158_csi300_custom_step0_s_20260802_16,5641a5f68bbc4954ad99773113a998c2,0.287,,,
1073,2026-07-31,SH600809,-0.0023509506281055807,EXP_LGBModel_Alpha158_csi300_custom_step0_s_20260802_16,5641a5f68bbc4954ad99773113a998c2,0.287,,,
1074,2026-07-31,SH600803,-0.0023509506281055807,EXP_LGBModel_Alpha158_csi300_custom_step0_s_20260802_16,5641a5f68bbc4954ad99773113a998c2,0.287,,,
1075,2026-07-31,SH600795,1.59058757048706e-10,EXP_LGBModel_Alpha158_csi300_custom_step0_s_20260802_16,5641a5f68bbc4954ad99773113a998c2,0.287,,,
1076,2026-07-31,SH600760,1.59058757048706e-10,EXP_LGBModel_Alpha158_csi300_custom_step0_s_20260802_16,5641a5f68bbc4954ad99773113a998c2,0.287,,,
1077,2026-07-31,SH600741,1.59058757048706e-10,EXP_LGBModel_Alpha158_csi300_custom_step0_s_20260802_16,5641a5f68bbc4954ad99773113a998c2,0.287,,,
1078,2026-07-31,SH600690,1.59058757048706e-10,EXP_LGBModel_Alpha158_csi300_custom_step0_s_20260802_16,5641a5f68bbc4954ad99773113a998c2,0.287,,,
1079,2026-07-31,SH600674,0.0005738352781459891,EXP_LGBModel_Alpha158_csi300_custom_step0_s_20260802_16,5641a5f68bbc4954ad99773113a998c2,0.287,,,
1080,2026-07-31,SH600660,-0.0023509506281055807,EXP_LGBModel_Alpha158_csi300_custom_step0_s_20260802_16,5641a5f68bbc4954ad99773113a998c2,0.287,,,
1081,2026-07-31,SH600600,0.0007910649367337872,EXP_LGBModel_Alpha158_csi300_custom_step0_s_20260802_16,5641a5f68bbc4954ad99773113a998c2,0.287,,,
1082,2026-07-31,SH600588,0.0007910649367337872,EXP_LGBModel_Alpha158_csi300_custom_step0_s_20260802_16,5641a5f68bbc4954ad99773113a998c2,0.287,,,
1083,2026-07-31,SH600585,-0.0023509506281055807,EXP_LGBModel_Alpha158_csi300_custom_step0_s_20260802_16,5641a5f68bbc4954ad99773113a998c2,0.287,,,
1084,2026-07-31,SH600309,1.59058757048706e-10,EXP_LGBModel_Alpha158_csi300_custom_step0_s_20260802_16,5641a5f68bbc4954ad99773113a998c2,0.287,,,
1085,2026-07-31,SH600276,-0.002535616472228724,EXP_LGBModel_Alpha158_csi300_custom_step0_s_20260802_16,5641a5f68bbc4954ad99773113a998c2,0.287,,,
1086,2026-07-31,SH600233,-0.0023509506281055807,EXP_LGBModel_Alpha158_csi300_custom_step0_s_20260802_16,5641a5f68bbc4954ad99773113a998c2,0.287,,,
1087,2026-07-31,SH600221,1.59058757048706e-10,EXP_LGBModel_Alpha158_csi300_custom_step0_s_20260802_16,5641a5f68bbc4954ad99773113a998c2,0.287,,,
1088,2026-07-31,SH600031,-0.0023509506281055807,EXP_LGBModel_Alpha158_csi300_custom_step0_s_20260802_16,5641a5f68bbc4954ad99773113a998c2,0.287,,,
1089,2026-07-31,SH600030,0.002833995332581158,EXP_LGBModel_Alpha158_csi300_custom_step0_s_20260802_16,5641a5f68bbc4954ad99773113a998c2,0.287,,,
1090,2026-07-31,SH600029,1.59058757048706e-10,EXP_LGBModel_Alpha158_csi300_custom_step0_s_20260802_16,5641a5f68bbc4954ad99773113a998c2,0.287,,,
1091,2026-07-31,SH600028,0.0005738352781459891,EXP_LGBModel_Alpha158_csi300_custom_step0_s_20260802_16,5641a5f68bbc4954ad99773113a998c2,0.287,,,
1092,2026-07-31,SH600027,0.0005738352781459891,EXP_LGBModel_Alpha158_csi300_custom_step0_s_20260802_16,5641a5f68bbc4954ad99773113a998c2,0.287,,,
1093,2026-07-31,SH600026,0.003958387081704559,EXP_LGBModel_Alpha158_csi300_custom_step0_s_20260802_16,5641a5f68bbc4954ad99773113a998c2,0.287,,,
1094,2026-07-31,SH600025,0.0005738352781459891,EXP_LGBModel_Alpha158_csi300_custom_step0_s_20260802_16,5641a5f68bbc4954ad99773113a998c2,0.287,,,
1095,2026-07-31,SH600023,0.0015981606736871889,EXP_LGBModel_Alpha158_csi300_custom_step0_s_20260802_16,5641a5f68bbc4954ad99773113a998c2,0.287,,,
1096,2026-07-31,SH600019,1.59058757048706e-10,EXP_LGBModel_Alpha158_csi300_custom_step0_s_20260802_16,5641a5f68bbc4954ad99773113a998c2,0.287,,,
1097,2026-07-31,SH600018,0.0005738352781459891,EXP_LGBModel_Alpha158_csi300_custom_step0_s_20260802_16,5641a5f68bbc4954ad99773113a998c2,0.287,,,
1098,2026-07-31,SH600016,0.0005738352781459891,EXP_LGBModel_Alpha158_csi300_custom_step0_s_20260802_16,5641a5f68bbc4954ad99773113a998c2,0.287,,,
1099,2026-07-31,SH600015,1.59058757048706e-10,EXP_LGBModel_Alpha158_csi300_custom_step0_s_20260802_16,5641a5f68bbc4954ad99773113a998c2,0.287,,,
1100,2026-07-31,SH600011,-0.002535616472228724,EXP_LGBModel_Alpha158_csi300_custom_step0_s_20260802_16,5641a5f68bbc4954ad99773113a998c2,0.287,,,
1101,2026-07-31,SH600010,1.59058757048706e-10,EXP_LGBModel_Alpha158_csi300_custom_step0_s_20260802_16,5641a5f68bbc4954ad99773113a998c2,0.287,,,
1102,2026-07-31,SH600009,0.0005738352781459891,EXP_LGBModel_Alpha158_csi300_custom_step0_s_20260802_16,5641a5f68bbc4954ad99773113a998c2,0.287,,,
1103,2026-07-31,SH600036,0.0015981606736871889,EXP_LGBModel_Alpha158_csi300_custom_step0_s_20260802_16,5641a5f68bbc4954ad99773113a998c2,0.287,,,
1104,2026-07-31,SH600893,0.0015178302886164256,EXP_LGBModel_Alpha158_csi300_custom_step0_s_20260802_16,5641a5f68bbc4954ad99773113a998c2,0.287,,,
1105,2026-07-31,SH600039,-0.0011918586553752745,EXP_LGBModel_Alpha158_csi300_custom_step0_s_20260802_16,5641a5f68bbc4954ad99773113a998c2,0.287,,,
1106,2026-07-31,SH600050,0.0005738352781459891,EXP_LGBModel_Alpha158_csi300_custom_step0_s_20260802_16,5641a5f68bbc4954ad99773113a998c2,0.287,,,
1107,2026-07-31,SH600219,-0.0011918586553752745,EXP_LGBModel_Alpha158_csi300_custom_step0_s_20260802_16,5641a5f68bbc4954ad99773113a998c2,0.287,,,
1108,2026-07-31,SH600196,0.0021296313797914634,EXP_LGBModel_Alpha158_csi300_custom_step0_s_20260802_16,5641a5f68bbc4954ad99773113a998c2,0.287,,,
1109,2026-07-31,SH600188,-0.0011918586553752745,EXP_LGBModel_Alpha158_csi300_custom_step0_s_20260802_16,5641a5f68bbc4954ad99773113a998c2,0.287,,,
1110,2026-07-31,SH600183,1.59058757048706e-10,EXP_LGBModel_Alpha158_csi300_custom_step0_s_20260802_16,5641a5f68bbc4954ad99773113a998c2,0.287,,,
1111,2026-07-31,SH600176,1.59058757048706e-10,EXP_LGBModel_Alpha158_csi300_custom_step0_s_20260802_16,5641a5f68bbc4954ad99773113a998c2,0.287,,,
1112,2026-07-31,SH600160,1.59058757048706e-10,EXP_LGBModel_Alpha158_csi300_custom_step0_s_20260802_16,5641a5f68bbc4954ad99773113a998c2,0.287,,,
1113,2026-07-31,SH600150,-0.0023509506281055807,EXP_LGBModel_Alpha158_csi300_custom_step0_s_20260802_16,5641a5f68bbc4954ad99773113a998c2,0.287,,,
1114,2026-07-31,SH600118,0.003958387081704559,EXP_LGBModel_Alpha158_csi300_custom_step0_s_20260802_16,5641a5f68bbc4954ad99773113a998c2,0.287,,,
1115,2026-07-31,SH600115,1.59058757048706e-10,EXP_LGBModel_Alpha158_csi300_custom_step0_s_20260802_16,5641a5f68bbc4954ad99773113a998c2,0.287,,,
1116,2026-07-31,SH600111,0.003958387081704559,EXP_LGBModel_Alpha158_csi300_custom_step0_s_20260802_16,5641a5f68bbc4954ad99773113a998c2,0.287,,,
1117,2026-07-31,SH600104,0.0007910649367337872,EXP_LGBModel_Alpha158_csi300_custom_step0_s_20260802_16,5641a5f68bbc4954ad99773113a998c2,0.287,,,
1118,2026-07-31,SH600089,-0.0011918586553752745,EXP_LGBModel_Alpha158_csi300_custom_step0_s_20260802_16,5641a5f68bbc4954ad99773113a998c2,0.287,,,
1119,2026-07-31,SH600085,-0.002535616472228724,EXP_LGBModel_Alpha158_csi300_custom_step0_s_20260802_16,5641a5f68bbc4954ad99773113a998c2,0.287,,,
1120,2026-07-31,SH600066,-0.0023509506281055807,EXP_LGBModel_Alpha158_csi300_custom_step0_s_20260802_16,5641a5f68bbc4954ad99773113a998c2,0.287,,,
1121,2026-07-31,SH600061,0.002833995332581158,EXP_LGBModel_Alpha158_csi300_custom_step0_s_20260802_16,5641a5f68bbc4954ad99773113a998c2,0.287,,,
1122,2026-07-31,SH600048,-0.0023509506281055807,EXP_LGBModel_Alpha158_csi300_custom_step0_s_20260802_16,5641a5f68bbc4954ad99773113a998c2,0.287,,,
1123,2026-07-31,SH600900,0.0005738352781459891,EXP_LGBModel_Alpha158_csi300_custom_step0_s_20260802_16,5641a5f68bbc4954ad99773113a998c2,0.287,,,
1124,2026-07-31,SH600905,0.0005738352781459891,EXP_LGBModel_Alpha158_csi300_custom_step0_s_20260802_16,5641a5f68bbc4954ad99773113a998c2,0.287,,,
1125,2026-07-31,SH600918,-0.002535616472228724,EXP_LGBModel_Alpha158_csi300_custom_step0_s_20260802_16,5641a5f68bbc4954ad99773113a998c2,0.287,,,
1126,2026-07-31,SH601698,1.59058757048706e-10,EXP_LGBModel_Alpha158_csi300_custom_step0_s_20260802_16,5641a5f68bbc4954ad99773113a998c2,0.287,,,
1127,2026-07-31,SH601689,1.59058757048706e-10,EXP_LGBModel_Alpha158_csi300_custom_step0_s_20260802_16,5641a5f68bbc4954ad99773113a998c2,0.287,,,
1128,2026-07-31,SH601688,1.59058757048706e-10,EXP_LGBModel_Alpha158_csi300_custom_step0_s_20260802_16,5641a5f68bbc4954ad99773113a998c2,0.287,,,
1129,2026-07-31,SH601669,0.002833995332581158,EXP_LGBModel_Alpha158_csi300_custom_step0_s_20260802_16,5641a5f68bbc4954ad99773113a998c2,0.287,,,
1130,2026-07-31,SH601668,0.0005738352781459891,EXP_LGBModel_Alpha158_csi300_custom_step0_s_20260802_16,5641a5f68bbc4954ad99773113a998c2,0.287,,,
1131,2026-07-31,SH601658,1.59058757048706e-10,EXP_LGBModel_Alpha158_csi300_custom_step0_s_20260802_16,5641a5f68bbc4954ad99773113a998c2,0.287,,,
1132,2026-07-31,SH601633,1.59058757048706e-10,EXP_LGBModel_Alpha158_csi300_custom_step0_s_20260802_16,5641a5f68bbc4954ad99773113a998c2,0.287,,,
1133,2026-07-31,SH601628,1.59058757048706e-10,EXP_LGBModel_Alpha158_csi300_custom_step0_s_20260802_16,5641a5f68bbc4954ad99773113a998c2,0.287,,,
1134,2026-07-31,SH601618,0.0005738352781459891,EXP_LGBModel_Alpha158_csi300_custom_step0_s_20260802_16,5641a5f68bbc4954ad99773113a998c2,0.287,,,
1135,2026-07-31,SH601607,-0.002535616472228724,EXP_LGBModel_Alpha158_csi300_custom_step0_s_20260802_16,5641a5f68bbc4954ad99773113a998c2,0.287,,,
1136,2026-07-31,SH601601,0.0005738352781459891,EXP_LGBModel_Alpha158_csi300_custom_step0_s_20260802_16,5641a5f68bbc4954ad99773113a998c2,0.287,,,
1137,2026-07-31,SH601600,-0.0011918586553752745,EXP_LGBModel_Alpha158_csi300_custom_step0_s_20260802_16,5641a5f68bbc4954ad99773113a998c2,0.287,,,
1138,2026-07-31,SH601456,0.002833995332581158,EXP_LGBModel_Alpha158_csi300_custom_step0_s_20260802_16,5641a5f68bbc4954ad99773113a998c2,0.287,,,
1139,2026-07-31,SH601398,1.59058757048706e-10,EXP_LGBModel_Alpha158_csi300_custom_step0_s_20260802_16,5641a5f68bbc4954ad99773113a998c2,0.287,,,
1140,2026-07-31,SH601390,0.0005738352781459891,EXP_LGBModel_Alpha158_csi300_custom_step0_s_20260802_16,5641a5f68bbc4954ad99773113a998c2,0.287,,,
1141,2026-07-31,SH601727,1.59058757048706e-10,EXP_LGBModel_Alpha158_csi300_custom_step0_s_20260802_16,5641a5f68bbc4954ad99773113a998c2,0.287,,,
1142,2026-07-31,SH601377,0.002833995332581158,EXP_LGBModel_Alpha158_csi300_custom_step0_s_20260802_16,5641a5f68bbc4954ad99773113a998c2,0.287,,,
1143,2026-07-31,SH601728,-0.0023509506281055807,EXP_LGBModel_Alpha158_csi300_custom_step0_s_20260802_16,5641a5f68bbc4954ad99773113a998c2,0.287,,,
1144,2026-07-31,SH601788,0.002833995332581158,EXP_LGBModel_Alpha158_csi300_custom_step0_s_20260802_16,5641a5f68bbc4954ad99773113a998c2,0.287,,,
1145,2026-07-31,SH601901,0.002833995332581158,EXP_LGBModel_Alpha158_csi300_custom_step0_s_20260802_16,5641a5f68bbc4954ad99773113a998c2,0.287,,,
1146,2026-07-31,SH601899,-0.0011918586553752745,EXP_LGBModel_Alpha158_csi300_custom_step0_s_20260802_16,5641a5f68bbc4954ad99773113a998c2,0.287,,,
1147,2026-07-31,SH601898,-0.002535616472228724,EXP_LGBModel_Alpha158_csi300_custom_step0_s_20260802_16,5641a5f68bbc4954ad99773113a998c2,0.287,,,
1148,2026-07-31,SH601888,-0.0023509506281055807,EXP_LGBModel_Alpha158_csi300_custom_step0_s_20260802_16,5641a5f68bbc4954ad99773113a998c2,0.287,,,
1149,2026-07-31,SH601881,0.002833995332581158,EXP_LGBModel_Alpha158_csi300_custom_step0_s_20260802_16,5641a5f68bbc4954ad99773113a998c2,0.287,,,
1150,2026-07-31,SH601878,0.002833995332581158,EXP_LGBModel_Alpha158_csi300_custom_step0_s_20260802_16,5641a5f68bbc4954ad99773113a998c2,0.287,,,
1151,2026-07-31,SH601877,-0.0011918586553752745,EXP_LGBModel_Alpha158_csi300_custom_step0_s_20260802_16,5641a5f68bbc4954ad99773113a998c2,0.287,,,
1152,2026-07-31,SH601872,-0.0023509506281055807,EXP_LGBModel_Alpha158_csi300_custom_step0_s_20260802_16,5641a5f68bbc4954ad99773113a998c2,0.287,,,
1153,2026-07-31,SH601868,1.59058757048706e-10,EXP_LGBModel_Alpha158_csi300_custom_step0_s_20260802_16,5641a5f68bbc4954ad99773113a998c2,0.287,,,
1154,2026-07-31,SH601857,0.0005738352781459891,EXP_LGBModel_Alpha158_csi300_custom_step0_s_20260802_16,5641a5f68bbc4954ad99773113a998c2,0.287,,,
1155,2026-07-31,SH601838,0.0015981606736871889,EXP_LGBModel_Alpha158_csi300_custom_step0_s_20260802_16,5641a5f68bbc4954ad99773113a998c2,0.287,,,
1156,2026-07-31,SH601825,0.0021296313797914634,EXP_LGBModel_Alpha158_csi300_custom_step0_s_20260802_16,5641a5f68bbc4954ad99773113a998c2,0.287,,,
1157,2026-07-31,SH601818,0.0005738352781459891,EXP_LGBModel_Alpha158_csi300_custom_step0_s_20260802_16,5641a5f68bbc4954ad99773113a998c2,0.287,,,
1158,2026-07-31,SH601816,0.0005738352781459891,EXP_LGBModel_Alpha158_csi300_custom_step0_s_20260802_16,5641a5f68bbc4954ad99773113a998c2,0.287,,,
1159,2026-07-31,SH601800,0.0005738352781459891,EXP_LGBModel_Alpha158_csi300_custom_step0_s_20260802_16,5641a5f68bbc4954ad99773113a998c2,0.287,,,
1160,2026-07-31,SH601766,1.59058757048706e-10,EXP_LGBModel_Alpha158_csi300_custom_step0_s_20260802_16,5641a5f68bbc4954ad99773113a998c2,0.287,,,
1161,2026-07-31,SZ301308,0.17216555325980554,EXP_DEnsembleModel_Alpha158_csi300_custom_step0_s_20260802_14,20de9f7658644f9399cba37fffea2453,0.274,,,
1162,2026-07-31,SH601360,0.0007910649367337872,EXP_LGBModel_Alpha158_csi300_custom_step0_s_20260802_16,5641a5f68bbc4954ad99773113a998c2,0.287,,,
1163,2026-07-31,SH601328,1.59058757048706e-10,EXP_LGBModel_Alpha158_csi300_custom_step0_s_20260802_16,5641a5f68bbc4954ad99773113a998c2,0.287,,,
1164,2026-07-31,SH601059,0.002833995332581158,EXP_LGBModel_Alpha158_csi300_custom_step0_s_20260802_16,5641a5f68bbc4954ad99773113a998c2,0.287,,,
1165,2026-07-31,SH601058,-0.0023509506281055807,EXP_LGBModel_Alpha158_csi300_custom_step0_s_20260802_16,5641a5f68bbc4954ad99773113a998c2,0.287,,,
1166,2026-07-31,SH601021,0.002833995332581158,EXP_LGBModel_Alpha158_csi300_custom_step0_s_20260802_16,5641a5f68bbc4954ad99773113a998c2,0.287,,,
1167,2026-07-31,SH601018,0.0005738352781459891,EXP_LGBModel_Alpha158_csi300_custom_step0_s_20260802_16,5641a5f68bbc4954ad99773113a998c2,0.287,,,
1168,2026-07-31,SH601012,1.59058757048706e-10,EXP_LGBModel_Alpha158_csi300_custom_step0_s_20260802_16,5641a5f68bbc4954ad99773113a998c2,0.287,,,
1169,2026-07-31,SH601009,1.59058757048706e-10,EXP_LGBModel_Alpha158_csi300_custom_step0_s_20260802_16,5641a5f68bbc4954ad99773113a998c2,0.287,,,
1170,2026-07-31,SH601006,0.0005738352781459891,EXP_LGBModel_Alpha158_csi300_custom_step0_s_20260802_16,5641a5f68bbc4954ad99773113a998c2,0.287,,,
1171,2026-07-31,SH600999,-0.0023509506281055807,EXP_LGBModel_Alpha158_csi300_custom_step0_s_20260802_16,5641a5f68bbc4954ad99773113a998c2,0.287,,,
1172,2026-07-31,SH600989,-0.0011918586553752745,EXP_LGBModel_Alpha158_csi300_custom_step0_s_20260802_16,5641a5f68bbc4954ad99773113a998c2,0.287,,,
1173,2026-07-31,SH600958,1.59058757048706e-10,EXP_LGBModel_Alpha158_csi300_custom_step0_s_20260802_16,5641a5f68bbc4954ad99773113a998c2,0.287,,,
1174,2026-07-31,SH600941,0.0005738352781459891,EXP_LGBModel_Alpha158_csi300_custom_step0_s_20260802_16,5641a5f68bbc4954ad99773113a998c2,0.287,,,
1175,2026-07-31,SH600938,-0.0011918586553752745,EXP_LGBModel_Alpha158_csi300_custom_step0_s_20260802_16,5641a5f68bbc4954ad99773113a998c2,0.287,,,
1176,2026-07-31,SH600930,1.59058757048706e-10,EXP_LGBModel_Alpha158_csi300_custom_step0_s_20260802_16,5641a5f68bbc4954ad99773113a998c2,0.287,,,
1177,2026-07-31,SH600926,1.59058757048706e-10,EXP_LGBModel_Alpha158_csi300_custom_step0_s_20260802_16,5641a5f68bbc4954ad99773113a998c2,0.287,,,
1178,2026-07-31,SH600919,0.0005738352781459891,EXP_LGBModel_Alpha158_csi300_custom_step0_s_20260802_16,5641a5f68bbc4954ad99773113a998c2,0.287,,,
1179,2026-07-31,SH601066,-0.0011918586553752745,EXP_LGBModel_Alpha158_csi300_custom_step0_s_20260802_16,5641a5f68bbc4954ad99773113a998c2,0.287,,,
1180,2026-07-31,SH601336,-0.0011918586553752745,EXP_LGBModel_Alpha158_csi300_custom_step0_s_20260802_16,5641a5f68bbc4954ad99773113a998c2,0.287,,,
1181,2026-07-31,SH601077,-0.002535616472228724,EXP_LGBModel_Alpha158_csi300_custom_step0_s_20260802_16,5641a5f68bbc4954ad99773113a998c2,0.287,,,
1182,2026-07-31,SH601100,-0.0023509506281055807,EXP_LGBModel_Alpha158_csi300_custom_step0_s_20260802_16,5641a5f68bbc4954ad99773113a998c2,0.287,,,
1183,2026-07-31,SH601319,-0.002535616472228724,EXP_LGBModel_Alpha158_csi300_custom_step0_s_20260802_16,5641a5f68bbc4954ad99773113a998c2,0.287,,,
1184,2026-07-31,SH601318,0.0005738352781459891,EXP_LGBModel_Alpha158_csi300_custom_step0_s_20260802_16,5641a5f68bbc4954ad99773113a998c2,0.287,,,
1185,2026-07-31,SH601288,1.59058757048706e-10,EXP_LGBModel_Alpha158_csi300_custom_step0_s_20260802_16,5641a5f68bbc4954ad99773113a998c2,0.287,,,
1186,2026-07-31,SH601238,-0.0023509506281055807,EXP_LGBModel_Alpha158_csi300_custom_step0_s_20260802_16,5641a5f68bbc4954ad99773113a998c2,0.287,,,
1187,2026-07-31,SH601229,0.002833995332581158,EXP_LGBModel_Alpha158_csi300_custom_step0_s_20260802_16,5641a5f68bbc4954ad99773113a998c2,0.287,,,
1188,2026-07-31,SH601225,-0.002535616472228724,EXP_LGBModel_Alpha158_csi300_custom_step0_s_20260802_16,5641a5f68bbc4954ad99773113a998c2,0.287,,,
1189,2026-07-31,SH601211,0.0015981606736871889,EXP_LGBModel_Alpha158_csi300_custom_step0_s_20260802_16,5641a5f68bbc4954ad99773113a998c2,0.287,,,
1190,2026-07-31,SH601186,0.0005738352781459891,EXP_LGBModel_Alpha158_csi300_custom_step0_s_20260802_16,5641a5f68bbc4954ad99773113a998c2,0.287,,,
1191,2026-07-31,SH601169,0.0005738352781459891,EXP_LGBModel_Alpha158_csi300_custom_step0_s_20260802_16,5641a5f68bbc4954ad99773113a998c2,0.287,,,
1192,2026-07-31,SH601166,1.59058757048706e-10,EXP_LGBModel_Alpha158_csi300_custom_step0_s_20260802_16,5641a5f68bbc4954ad99773113a998c2,0.287,,,
1193,2026-07-31,SH601138,1.59058757048706e-10,EXP_LGBModel_Alpha158_csi300_custom_step0_s_20260802_16,5641a5f68bbc4954ad99773113a998c2,0.287,,,
1194,2026-07-31,SH601136,0.002833995332581158,EXP_LGBModel_Alpha158_csi300_custom_step0_s_20260802_16,5641a5f68bbc4954ad99773113a998c2,0.287,,,
1195,2026-07-31,SH601127,0.0015178302886164256,EXP_LGBModel_Alpha158_csi300_custom_step0_s_20260802_16,5641a5f68bbc4954ad99773113a998c2,0.287,,,
1196,2026-07-31,SH601117,1.59058757048706e-10,EXP_LGBModel_Alpha158_csi300_custom_step0_s_20260802_16,5641a5f68bbc4954ad99773113a998c2,0.287,,,
1197,2026-07-31,SH601111,1.59058757048706e-10,EXP_LGBModel_Alpha158_csi300_custom_step0_s_20260802_16,5641a5f68bbc4954ad99773113a998c2,0.287,,,
1198,2026-07-31,SH601088,1.59058757048706e-10,EXP_LGBModel_Alpha158_csi300_custom_step0_s_20260802_16,5641a5f68bbc4954ad99773113a998c2,0.287,,,
1199,2026-07-31,SZ302132,-0.054030501010547564,EXP_DEnsembleModel_Alpha158_csi300_custom_step0_s_20260802_14,20de9f7658644f9399cba37fffea2453,0.274,,,
