,datetime,instrument,score,exp_name,rid,weight,real_label,error,abs_error
0,2026-08-07,SH600000,-0.000994145605568867,EXP_CatBoostModel_Alpha158_csi300_custom_step0_s_20260808_15,29861ba1b00c411bb7e4f2625c707de7,0.082,,,
1,2026-08-07,SZ301165,0.011307085237011325,EXP_DEnsembleModel_Alpha158_csi300_custom_step0_s_20260808_13,817c547fac504d9cbcc2c169b9677fdd,0.096,,,
2,2026-08-07,SZ301236,-0.030650892847488766,EXP_DEnsembleModel_Alpha158_csi300_custom_step0_s_20260808_13,817c547fac504d9cbcc2c169b9677fdd,0.096,,,
3,2026-08-07,SZ301269,0.20787131748482088,EXP_DEnsembleModel_Alpha158_csi300_custom_step0_s_20260808_13,817c547fac504d9cbcc2c169b9677fdd,0.096,,,
4,2026-08-07,SZ301308,0.31744869364990713,EXP_DEnsembleModel_Alpha158_csi300_custom_step0_s_20260808_13,817c547fac504d9cbcc2c169b9677fdd,0.096,,,
5,2026-08-07,SZ302132,-0.040465069442639175,EXP_DEnsembleModel_Alpha158_csi300_custom_step0_s_20260808_13,817c547fac504d9cbcc2c169b9677fdd,0.096,,,
6,2026-08-07,SH600000,-0.04613383976004584,EXP_DEnsembleModel_Alpha158_csi300_custom_step0_s_20260808_13,df2d3d3c1ed342c999e430f5ae964c46,0.062,,,
7,2026-08-07,SH600009,-0.024789154105816703,EXP_DEnsembleModel_Alpha158_csi300_custom_step0_s_20260808_13,df2d3d3c1ed342c999e430f5ae964c46,0.062,,,
8,2026-08-07,SH600010,0.01262538834097503,EXP_DEnsembleModel_Alpha158_csi300_custom_step0_s_20260808_13,df2d3d3c1ed342c999e430f5ae964c46,0.062,,,
9,2026-08-07,SH600011,0.0028415721444722567,EXP_DEnsembleModel_Alpha158_csi300_custom_step0_s_20260808_13,df2d3d3c1ed342c999e430f5ae964c46,0.062,,,
10,2026-08-07,SH600015,-0.020181751250891312,EXP_DEnsembleModel_Alpha158_csi300_custom_step0_s_20260808_13,df2d3d3c1ed342c999e430f5ae964c46,0.062,,,
11,2026-08-07,SH600016,0.026076357320111262,EXP_DEnsembleModel_Alpha158_csi300_custom_step0_s_20260808_13,df2d3d3c1ed342c999e430f5ae964c46,0.062,,,
12,2026-08-07,SH600018,0.05153811355700037,EXP_DEnsembleModel_Alpha158_csi300_custom_step0_s_20260808_13,df2d3d3c1ed342c999e430f5ae964c46,0.062,,,
13,2026-08-07,SH600019,-0.05816797744567421,EXP_DEnsembleModel_Alpha158_csi300_custom_step0_s_20260808_13,df2d3d3c1ed342c999e430f5ae964c46,0.062,,,
14,2026-08-07,SH600023,-0.0008980634082849284,EXP_DEnsembleModel_Alpha158_csi300_custom_step0_s_20260808_13,df2d3d3c1ed342c999e430f5ae964c46,0.062,,,
15,2026-08-07,SH600025,0.03548204023885168,EXP_DEnsembleModel_Alpha158_csi300_custom_step0_s_20260808_13,df2d3d3c1ed342c999e430f5ae964c46,0.062,,,
16,2026-08-07,SH600026,-0.11732717404944037,EXP_DEnsembleModel_Alpha158_csi300_custom_step0_s_20260808_13,df2d3d3c1ed342c999e430f5ae964c46,0.062,,,
17,2026-08-07,SH600027,-0.030969766921557576,EXP_DEnsembleModel_Alpha158_csi300_custom_step0_s_20260808_13,df2d3d3c1ed342c999e430f5ae964c46,0.062,,,
18,2026-08-07,SZ300999,-0.06455739464708607,EXP_DEnsembleModel_Alpha158_csi300_custom_step0_s_20260808_13,817c547fac504d9cbcc2c169b9677fdd,0.096,,,
19,2026-08-07,SH600028,0.023107194572976136,EXP_DEnsembleModel_Alpha158_csi300_custom_step0_s_20260808_13,df2d3d3c1ed342c999e430f5ae964c46,0.062,,,
20,2026-08-07,SZ300896,-0.19466572166648682,EXP_DEnsembleModel_Alpha158_csi300_custom_step0_s_20260808_13,817c547fac504d9cbcc2c169b9677fdd,0.096,,,
21,2026-08-07,SZ300832,-0.07262558812273694,EXP_DEnsembleModel_Alpha158_csi300_custom_step0_s_20260808_13,817c547fac504d9cbcc2c169b9677fdd,0.096,,,
22,2026-08-07,SZ300308,0.36335211224524677,EXP_DEnsembleModel_Alpha158_csi300_custom_step0_s_20260808_13,817c547fac504d9cbcc2c169b9677fdd,0.096,,,
23,2026-08-07,SZ300316,0.21224160587242424,EXP_DEnsembleModel_Alpha158_csi300_custom_step0_s_20260808_13,817c547fac504d9cbcc2c169b9677fdd,0.096,,,
24,2026-08-07,SZ300394,0.07956869742189901,EXP_DEnsembleModel_Alpha158_csi300_custom_step0_s_20260808_13,817c547fac504d9cbcc2c169b9677fdd,0.096,,,
25,2026-08-07,SZ300408,0.14917171363714846,EXP_DEnsembleModel_Alpha158_csi300_custom_step0_s_20260808_13,817c547fac504d9cbcc2c169b9677fdd,0.096,,,
26,2026-08-07,SZ300413,-0.14153468661531513,EXP_DEnsembleModel_Alpha158_csi300_custom_step0_s_20260808_13,817c547fac504d9cbcc2c169b9677fdd,0.096,,,
27,2026-08-07,SZ300418,-0.001308472907456658,EXP_DEnsembleModel_Alpha158_csi300_custom_step0_s_20260808_13,817c547fac504d9cbcc2c169b9677fdd,0.096,,,
28,2026-08-07,SZ300433,0.12256424245781197,EXP_DEnsembleModel_Alpha158_csi300_custom_step0_s_20260808_13,817c547fac504d9cbcc2c169b9677fdd,0.096,,,
29,2026-08-07,SZ300442,0.20699722857403438,EXP_DEnsembleModel_Alpha158_csi300_custom_step0_s_20260808_13,817c547fac504d9cbcc2c169b9677fdd,0.096,,,
30,2026-08-07,SZ300450,0.025124892566041127,EXP_DEnsembleModel_Alpha158_csi300_custom_step0_s_20260808_13,817c547fac504d9cbcc2c169b9677fdd,0.096,,,
31,2026-08-07,SZ300476,0.2821336595940093,EXP_DEnsembleModel_Alpha158_csi300_custom_step0_s_20260808_13,817c547fac504d9cbcc2c169b9677fdd,0.096,,,
32,2026-08-07,SZ300498,-0.10600250037772001,EXP_DEnsembleModel_Alpha158_csi300_custom_step0_s_20260808_13,817c547fac504d9cbcc2c169b9677fdd,0.096,,,
33,2026-08-07,SZ300502,0.3497618197594516,EXP_DEnsembleModel_Alpha158_csi300_custom_step0_s_20260808_13,817c547fac504d9cbcc2c169b9677fdd,0.096,,,
34,2026-08-07,SZ300628,0.00709077000724525,EXP_DEnsembleModel_Alpha158_csi300_custom_step0_s_20260808_13,817c547fac504d9cbcc2c169b9677fdd,0.096,,,
35,2026-08-07,SZ300661,0.1431309272217349,EXP_DEnsembleModel_Alpha158_csi300_custom_step0_s_20260808_13,817c547fac504d9cbcc2c169b9677fdd,0.096,,,
36,2026-08-07,SZ300750,-0.026106579004306577,EXP_DEnsembleModel_Alpha158_csi300_custom_step0_s_20260808_13,817c547fac504d9cbcc2c169b9677fdd,0.096,,,
37,2026-08-07,SZ300760,-0.11869296962808856,EXP_DEnsembleModel_Alpha158_csi300_custom_step0_s_20260808_13,817c547fac504d9cbcc2c169b9677fdd,0.096,,,
38,2026-08-07,SZ300803,-0.13106683391361718,EXP_DEnsembleModel_Alpha158_csi300_custom_step0_s_20260808_13,817c547fac504d9cbcc2c169b9677fdd,0.096,,,
39,2026-08-07,SZ300866,-0.17534264494509805,EXP_DEnsembleModel_Alpha158_csi300_custom_step0_s_20260808_13,817c547fac504d9cbcc2c169b9677fdd,0.096,,,
40,2026-08-07,SZ300274,0.3959060191628185,EXP_DEnsembleModel_Alpha158_csi300_custom_step0_s_20260808_13,817c547fac504d9cbcc2c169b9677fdd,0.096,,,
41,2026-08-07,SH600029,0.05931106029182197,EXP_DEnsembleModel_Alpha158_csi300_custom_step0_s_20260808_13,df2d3d3c1ed342c999e430f5ae964c46,0.062,,,
42,2026-08-07,SH600031,-0.03292162132628575,EXP_DEnsembleModel_Alpha158_csi300_custom_step0_s_20260808_13,df2d3d3c1ed342c999e430f5ae964c46,0.062,,,
43,2026-08-07,SH600276,-0.031223512405164522,EXP_DEnsembleModel_Alpha158_csi300_custom_step0_s_20260808_13,df2d3d3c1ed342c999e430f5ae964c46,0.062,,,
44,2026-08-07,SH600309,0.04721341996235093,EXP_DEnsembleModel_Alpha158_csi300_custom_step0_s_20260808_13,df2d3d3c1ed342c999e430f5ae964c46,0.062,,,
45,2026-08-07,SH600346,-0.016739506289723566,EXP_DEnsembleModel_Alpha158_csi300_custom_step0_s_20260808_13,df2d3d3c1ed342c999e430f5ae964c46,0.062,,,
46,2026-08-07,SH600362,0.17842839279643372,EXP_DEnsembleModel_Alpha158_csi300_custom_step0_s_20260808_13,df2d3d3c1ed342c999e430f5ae964c46,0.062,,,
47,2026-08-07,SH600372,0.040784494907568594,EXP_DEnsembleModel_Alpha158_csi300_custom_step0_s_20260808_13,df2d3d3c1ed342c999e430f5ae964c46,0.062,,,
48,2026-08-07,SH600406,-0.04853168306841873,EXP_DEnsembleModel_Alpha158_csi300_custom_step0_s_20260808_13,df2d3d3c1ed342c999e430f5ae964c46,0.062,,,
49,2026-08-07,SH600415,-0.0654776855296468,EXP_DEnsembleModel_Alpha158_csi300_custom_step0_s_20260808_13,df2d3d3c1ed342c999e430f5ae964c46,0.062,,,
50,2026-08-07,SH600426,-0.07928591513899898,EXP_DEnsembleModel_Alpha158_csi300_custom_step0_s_20260808_13,df2d3d3c1ed342c999e430f5ae964c46,0.062,,,
51,2026-08-07,SH600436,-0.12214348664003719,EXP_DEnsembleModel_Alpha158_csi300_custom_step0_s_20260808_13,df2d3d3c1ed342c999e430f5ae964c46,0.062,,,
52,2026-08-07,SH600438,-0.04728230013856569,EXP_DEnsembleModel_Alpha158_csi300_custom_step0_s_20260808_13,df2d3d3c1ed342c999e430f5ae964c46,0.062,,,
53,2026-08-07,SH600460,0.20846287540087552,EXP_DEnsembleModel_Alpha158_csi300_custom_step0_s_20260808_13,df2d3d3c1ed342c999e430f5ae964c46,0.062,,,
54,2026-08-07,SH600482,-0.06965202941179485,EXP_DEnsembleModel_Alpha158_csi300_custom_step0_s_20260808_13,df2d3d3c1ed342c999e430f5ae964c46,0.062,,,
55,2026-08-07,SH600489,-0.011782509854243063,EXP_DEnsembleModel_Alpha158_csi300_custom_step0_s_20260808_13,df2d3d3c1ed342c999e430f5ae964c46,0.062,,,
56,2026-08-07,SH600515,-0.01343790894542102,EXP_DEnsembleModel_Alpha158_csi300_custom_step0_s_20260808_13,df2d3d3c1ed342c999e430f5ae964c46,0.062,,,
57,2026-08-07,SH600519,-0.07068030232981994,EXP_DEnsembleModel_Alpha158_csi300_custom_step0_s_20260808_13,df2d3d3c1ed342c999e430f5ae964c46,0.062,,,
58,2026-08-07,SH600522,0.2542941188899049,EXP_DEnsembleModel_Alpha158_csi300_custom_step0_s_20260808_13,df2d3d3c1ed342c999e430f5ae964c46,0.062,,,
59,2026-08-07,SH600547,-0.12755510751160873,EXP_DEnsembleModel_Alpha158_csi300_custom_step0_s_20260808_13,df2d3d3c1ed342c999e430f5ae964c46,0.062,,,
60,2026-08-07,SH600233,-0.049116659106633216,EXP_DEnsembleModel_Alpha158_csi300_custom_step0_s_20260808_13,df2d3d3c1ed342c999e430f5ae964c46,0.062,,,
61,2026-08-07,SH600030,0.04889879742213025,EXP_DEnsembleModel_Alpha158_csi300_custom_step0_s_20260808_13,df2d3d3c1ed342c999e430f5ae964c46,0.062,,,
62,2026-08-07,SH600221,0.03493951224740666,EXP_DEnsembleModel_Alpha158_csi300_custom_step0_s_20260808_13,df2d3d3c1ed342c999e430f5ae964c46,0.062,,,
63,2026-08-07,SH600196,-0.006391519285480574,EXP_DEnsembleModel_Alpha158_csi300_custom_step0_s_20260808_13,df2d3d3c1ed342c999e430f5ae964c46,0.062,,,
64,2026-08-07,SH600036,-0.004076772979270467,EXP_DEnsembleModel_Alpha158_csi300_custom_step0_s_20260808_13,df2d3d3c1ed342c999e430f5ae964c46,0.062,,,
65,2026-08-07,SH600039,-0.007408689239391073,EXP_DEnsembleModel_Alpha158_csi300_custom_step0_s_20260808_13,df2d3d3c1ed342c999e430f5ae964c46,0.062,,,
66,2026-08-07,SH600048,-0.12364967411513274,EXP_DEnsembleModel_Alpha158_csi300_custom_step0_s_20260808_13,df2d3d3c1ed342c999e430f5ae964c46,0.062,,,
67,2026-08-07,SH600050,-0.023622312820907324,EXP_DEnsembleModel_Alpha158_csi300_custom_step0_s_20260808_13,df2d3d3c1ed342c999e430f5ae964c46,0.062,,,
68,2026-08-07,SH600061,0.036320042736817514,EXP_DEnsembleModel_Alpha158_csi300_custom_step0_s_20260808_13,df2d3d3c1ed342c999e430f5ae964c46,0.062,,,
69,2026-08-07,SH600066,-0.016782660875330684,EXP_DEnsembleModel_Alpha158_csi300_custom_step0_s_20260808_13,df2d3d3c1ed342c999e430f5ae964c46,0.062,,,
70,2026-08-07,SH600085,-0.03947086811154991,EXP_DEnsembleModel_Alpha158_csi300_custom_step0_s_20260808_13,df2d3d3c1ed342c999e430f5ae964c46,0.062,,,
71,2026-08-07,SH600089,-0.03437219742329122,EXP_DEnsembleModel_Alpha158_csi300_custom_step0_s_20260808_13,df2d3d3c1ed342c999e430f5ae964c46,0.062,,,
72,2026-08-07,SH600104,-0.11463403908718096,EXP_DEnsembleModel_Alpha158_csi300_custom_step0_s_20260808_13,df2d3d3c1ed342c999e430f5ae964c46,0.062,,,
73,2026-08-07,SH600111,0.13779187202378046,EXP_DEnsembleModel_Alpha158_csi300_custom_step0_s_20260808_13,df2d3d3c1ed342c999e430f5ae964c46,0.062,,,
74,2026-08-07,SH600115,0.0013289808947606239,EXP_DEnsembleModel_Alpha158_csi300_custom_step0_s_20260808_13,df2d3d3c1ed342c999e430f5ae964c46,0.062,,,
75,2026-08-07,SH600118,0.19499997286513265,EXP_DEnsembleModel_Alpha158_csi300_custom_step0_s_20260808_13,df2d3d3c1ed342c999e430f5ae964c46,0.062,,,
76,2026-08-07,SH600150,-0.08012503805129914,EXP_DEnsembleModel_Alpha158_csi300_custom_step0_s_20260808_13,df2d3d3c1ed342c999e430f5ae964c46,0.062,,,
77,2026-08-07,SH600160,-0.09239718879248507,EXP_DEnsembleModel_Alpha158_csi300_custom_step0_s_20260808_13,df2d3d3c1ed342c999e430f5ae964c46,0.062,,,
78,2026-08-07,SH600176,0.1882892462131787,EXP_DEnsembleModel_Alpha158_csi300_custom_step0_s_20260808_13,df2d3d3c1ed342c999e430f5ae964c46,0.062,,,
79,2026-08-07,SH600183,0.16405051621653774,EXP_DEnsembleModel_Alpha158_csi300_custom_step0_s_20260808_13,df2d3d3c1ed342c999e430f5ae964c46,0.062,,,
80,2026-08-07,SH600188,-0.08928083893948559,EXP_DEnsembleModel_Alpha158_csi300_custom_step0_s_20260808_13,df2d3d3c1ed342c999e430f5ae964c46,0.062,,,
81,2026-08-07,SH600219,-0.025514624184595703,EXP_DEnsembleModel_Alpha158_csi300_custom_step0_s_20260808_13,df2d3d3c1ed342c999e430f5ae964c46,0.062,,,
82,2026-08-07,SH600549,0.22300060782083764,EXP_DEnsembleModel_Alpha158_csi300_custom_step0_s_20260808_13,df2d3d3c1ed342c999e430f5ae964c46,0.062,,,
83,2026-08-07,SZ300251,-0.20578110677440062,EXP_DEnsembleModel_Alpha158_csi300_custom_step0_s_20260808_13,817c547fac504d9cbcc2c169b9677fdd,0.096,,,
84,2026-08-07,SZ300122,-0.02590670606672171,EXP_DEnsembleModel_Alpha158_csi300_custom_step0_s_20260808_13,817c547fac504d9cbcc2c169b9677fdd,0.096,,,
85,2026-08-07,SZ000776,-0.029288781264734495,EXP_DEnsembleModel_Alpha158_csi300_custom_step0_s_20260808_13,817c547fac504d9cbcc2c169b9677fdd,0.096,,,
86,2026-08-07,SZ000792,0.021838816614846598,EXP_DEnsembleModel_Alpha158_csi300_custom_step0_s_20260808_13,817c547fac504d9cbcc2c169b9677fdd,0.096,,,
87,2026-08-07,SZ000807,-0.11306077872182303,EXP_DEnsembleModel_Alpha158_csi300_custom_step0_s_20260808_13,817c547fac504d9cbcc2c169b9677fdd,0.096,,,
88,2026-08-07,SZ000858,-0.13434880880076755,EXP_DEnsembleModel_Alpha158_csi300_custom_step0_s_20260808_13,817c547fac504d9cbcc2c169b9677fdd,0.096,,,
89,2026-08-07,SZ000895,-0.08668519898184589,EXP_DEnsembleModel_Alpha158_csi300_custom_step0_s_20260808_13,817c547fac504d9cbcc2c169b9677fdd,0.096,,,
90,2026-08-07,SZ000938,-0.08599671635998594,EXP_DEnsembleModel_Alpha158_csi300_custom_step0_s_20260808_13,817c547fac504d9cbcc2c169b9677fdd,0.096,,,
91,2026-08-07,SZ000963,-0.09540036539916025,EXP_DEnsembleModel_Alpha158_csi300_custom_step0_s_20260808_13,817c547fac504d9cbcc2c169b9677fdd,0.096,,,
92,2026-08-07,SZ000975,-0.13688680515166537,EXP_DEnsembleModel_Alpha158_csi300_custom_step0_s_20260808_13,817c547fac504d9cbcc2c169b9677fdd,0.096,,,
93,2026-08-07,SZ000977,-0.05759513329306793,EXP_DEnsembleModel_Alpha158_csi300_custom_step0_s_20260808_13,817c547fac504d9cbcc2c169b9677fdd,0.096,,,
94,2026-08-07,SZ000988,0.25676399450265175,EXP_DEnsembleModel_Alpha158_csi300_custom_step0_s_20260808_13,817c547fac504d9cbcc2c169b9677fdd,0.096,,,
95,2026-08-07,SZ000999,0.032931542310489934,EXP_DEnsembleModel_Alpha158_csi300_custom_step0_s_20260808_13,817c547fac504d9cbcc2c169b9677fdd,0.096,,,
96,2026-08-07,SZ001280,-0.12906781363484668,EXP_DEnsembleModel_Alpha158_csi300_custom_step0_s_20260808_13,817c547fac504d9cbcc2c169b9677fdd,0.096,,,
97,2026-08-07,SZ001391,0.04729604067065005,EXP_DEnsembleModel_Alpha158_csi300_custom_step0_s_20260808_13,817c547fac504d9cbcc2c169b9677fdd,0.096,,,
98,2026-08-07,SZ001965,-0.02151783356729923,EXP_DEnsembleModel_Alpha158_csi300_custom_step0_s_20260808_13,817c547fac504d9cbcc2c169b9677fdd,0.096,,,
99,2026-08-07,SZ001979,-0.08137758756344705,EXP_DEnsembleModel_Alpha158_csi300_custom_step0_s_20260808_13,817c547fac504d9cbcc2c169b9677fdd,0.096,,,
100,2026-08-07,SZ002001,-0.059481512184876455,EXP_DEnsembleModel_Alpha158_csi300_custom_step0_s_20260808_13,817c547fac504d9cbcc2c169b9677fdd,0.096,,,
101,2026-08-07,SZ002027,-0.0971513789920979,EXP_DEnsembleModel_Alpha158_csi300_custom_step0_s_20260808_13,817c547fac504d9cbcc2c169b9677fdd,0.096,,,
102,2026-08-07,SZ000768,0.05452991175828189,EXP_DEnsembleModel_Alpha158_csi300_custom_step0_s_20260808_13,817c547fac504d9cbcc2c169b9677fdd,0.096,,,
103,2026-08-07,SZ002028,-0.028540658141898705,EXP_DEnsembleModel_Alpha158_csi300_custom_step0_s_20260808_13,817c547fac504d9cbcc2c169b9677fdd,0.096,,,
104,2026-08-07,SZ000725,0.15391327073248662,EXP_DEnsembleModel_Alpha158_csi300_custom_step0_s_20260808_13,817c547fac504d9cbcc2c169b9677fdd,0.096,,,
105,2026-08-07,SZ000657,0.23071597757551734,EXP_DEnsembleModel_Alpha158_csi300_custom_step0_s_20260808_13,817c547fac504d9cbcc2c169b9677fdd,0.096,,,
106,2026-08-07,SZ000002,-0.1576861797596227,EXP_DEnsembleModel_Alpha158_csi300_custom_step0_s_20260808_13,817c547fac504d9cbcc2c169b9677fdd,0.096,,,
107,2026-08-07,SZ000063,-0.04897275089045135,EXP_DEnsembleModel_Alpha158_csi300_custom_step0_s_20260808_13,817c547fac504d9cbcc2c169b9677fdd,0.096,,,
108,2026-08-07,SZ000100,0.007351552976498642,EXP_DEnsembleModel_Alpha158_csi300_custom_step0_s_20260808_13,817c547fac504d9cbcc2c169b9677fdd,0.096,,,
109,2026-08-07,SZ000157,-0.02238427559455607,EXP_DEnsembleModel_Alpha158_csi300_custom_step0_s_20260808_13,817c547fac504d9cbcc2c169b9677fdd,0.096,,,
110,2026-08-07,SZ000166,0.0831449908299415,EXP_DEnsembleModel_Alpha158_csi300_custom_step0_s_20260808_13,817c547fac504d9cbcc2c169b9677fdd,0.096,,,
111,2026-08-07,SZ000301,-0.10208919924965275,EXP_DEnsembleModel_Alpha158_csi300_custom_step0_s_20260808_13,817c547fac504d9cbcc2c169b9677fdd,0.096,,,
112,2026-08-07,SZ000333,0.04639497173358919,EXP_DEnsembleModel_Alpha158_csi300_custom_step0_s_20260808_13,817c547fac504d9cbcc2c169b9677fdd,0.096,,,
113,2026-08-07,SZ000338,-0.09648718980684108,EXP_DEnsembleModel_Alpha158_csi300_custom_step0_s_20260808_13,817c547fac504d9cbcc2c169b9677fdd,0.096,,,
114,2026-08-07,SZ000408,-0.13735635429715026,EXP_DEnsembleModel_Alpha158_csi300_custom_step0_s_20260808_13,817c547fac504d9cbcc2c169b9677fdd,0.096,,,
115,2026-08-07,SZ000425,-0.07881566370328394,EXP_DEnsembleModel_Alpha158_csi300_custom_step0_s_20260808_13,817c547fac504d9cbcc2c169b9677fdd,0.096,,,
116,2026-08-07,SZ000538,0.0012301291245007684,EXP_DEnsembleModel_Alpha158_csi300_custom_step0_s_20260808_13,817c547fac504d9cbcc2c169b9677fdd,0.096,,,
117,2026-08-07,SZ000568,-0.1870734101576134,EXP_DEnsembleModel_Alpha158_csi300_custom_step0_s_20260808_13,817c547fac504d9cbcc2c169b9677fdd,0.096,,,
118,2026-08-07,SZ000596,-0.1546243113712515,EXP_DEnsembleModel_Alpha158_csi300_custom_step0_s_20260808_13,817c547fac504d9cbcc2c169b9677fdd,0.096,,,
119,2026-08-07,SZ000617,-0.030164677549407836,EXP_DEnsembleModel_Alpha158_csi300_custom_step0_s_20260808_13,817c547fac504d9cbcc2c169b9677fdd,0.096,,,
120,2026-08-07,SZ000625,-0.11443698566651152,EXP_DEnsembleModel_Alpha158_csi300_custom_step0_s_20260808_13,817c547fac504d9cbcc2c169b9677fdd,0.096,,,
121,2026-08-07,SZ000630,-0.09321757657280969,EXP_DEnsembleModel_Alpha158_csi300_custom_step0_s_20260808_13,817c547fac504d9cbcc2c169b9677fdd,0.096,,,
122,2026-08-07,SZ000651,0.011887410386721298,EXP_DEnsembleModel_Alpha158_csi300_custom_step0_s_20260808_13,817c547fac504d9cbcc2c169b9677fdd,0.096,,,
123,2026-08-07,SZ000708,-0.012870846475083042,EXP_DEnsembleModel_Alpha158_csi300_custom_step0_s_20260808_13,817c547fac504d9cbcc2c169b9677fdd,0.096,,,
124,2026-08-07,SZ300124,0.007247957421367172,EXP_DEnsembleModel_Alpha158_csi300_custom_step0_s_20260808_13,817c547fac504d9cbcc2c169b9677fdd,0.096,,,
125,2026-08-07,SZ002049,0.1978576607067734,EXP_DEnsembleModel_Alpha158_csi300_custom_step0_s_20260808_13,817c547fac504d9cbcc2c169b9677fdd,0.096,,,
126,2026-08-07,SZ002074,-0.07898025127546063,EXP_DEnsembleModel_Alpha158_csi300_custom_step0_s_20260808_13,817c547fac504d9cbcc2c169b9677fdd,0.096,,,
127,2026-08-07,SZ002594,-0.053223501673568055,EXP_DEnsembleModel_Alpha158_csi300_custom_step0_s_20260808_13,817c547fac504d9cbcc2c169b9677fdd,0.096,,,
128,2026-08-07,SZ002600,0.1958211678663534,EXP_DEnsembleModel_Alpha158_csi300_custom_step0_s_20260808_13,817c547fac504d9cbcc2c169b9677fdd,0.096,,,
129,2026-08-07,SZ002602,-0.011482427441998925,EXP_DEnsembleModel_Alpha158_csi300_custom_step0_s_20260808_13,817c547fac504d9cbcc2c169b9677fdd,0.096,,,
130,2026-08-07,SZ002625,0.03411909916946476,EXP_DEnsembleModel_Alpha158_csi300_custom_step0_s_20260808_13,817c547fac504d9cbcc2c169b9677fdd,0.096,,,
131,2026-08-07,SZ002648,0.015362602079002599,EXP_DEnsembleModel_Alpha158_csi300_custom_step0_s_20260808_13,817c547fac504d9cbcc2c169b9677fdd,0.096,,,
132,2026-08-07,SZ002709,0.18097629650157093,EXP_DEnsembleModel_Alpha158_csi300_custom_step0_s_20260808_13,817c547fac504d9cbcc2c169b9677fdd,0.096,,,
133,2026-08-07,SZ002714,-0.07905948987944164,EXP_DEnsembleModel_Alpha158_csi300_custom_step0_s_20260808_13,817c547fac504d9cbcc2c169b9677fdd,0.096,,,
134,2026-08-07,SZ002736,0.0583717996287044,EXP_DEnsembleModel_Alpha158_csi300_custom_step0_s_20260808_13,817c547fac504d9cbcc2c169b9677fdd,0.096,,,
135,2026-08-07,SZ002837,0.13459884718613951,EXP_DEnsembleModel_Alpha158_csi300_custom_step0_s_20260808_13,817c547fac504d9cbcc2c169b9677fdd,0.096,,,
136,2026-08-07,SZ002916,0.1585625097163184,EXP_DEnsembleModel_Alpha158_csi300_custom_step0_s_20260808_13,817c547fac504d9cbcc2c169b9677fdd,0.096,,,
137,2026-08-07,SZ002920,-0.1011301535478874,EXP_DEnsembleModel_Alpha158_csi300_custom_step0_s_20260808_13,817c547fac504d9cbcc2c169b9677fdd,0.096,,,
138,2026-08-07,SZ002938,0.014422458575981041,EXP_DEnsembleModel_Alpha158_csi300_custom_step0_s_20260808_13,817c547fac504d9cbcc2c169b9677fdd,0.096,,,
139,2026-08-07,SZ003816,-0.06263477930174242,EXP_DEnsembleModel_Alpha158_csi300_custom_step0_s_20260808_13,817c547fac504d9cbcc2c169b9677fdd,0.096,,,
140,2026-08-07,SZ300014,-0.11543545259574477,EXP_DEnsembleModel_Alpha158_csi300_custom_step0_s_20260808_13,817c547fac504d9cbcc2c169b9677fdd,0.096,,,
141,2026-08-07,SZ300015,-0.1386075605972679,EXP_DEnsembleModel_Alpha158_csi300_custom_step0_s_20260808_13,817c547fac504d9cbcc2c169b9677fdd,0.096,,,
142,2026-08-07,SZ300033,-0.11498550867179945,EXP_DEnsembleModel_Alpha158_csi300_custom_step0_s_20260808_13,817c547fac504d9cbcc2c169b9677fdd,0.096,,,
143,2026-08-07,SZ300059,-0.04197696621195898,EXP_DEnsembleModel_Alpha158_csi300_custom_step0_s_20260808_13,817c547fac504d9cbcc2c169b9677fdd,0.096,,,
144,2026-08-07,SZ002558,0.0007923249858874188,EXP_DEnsembleModel_Alpha158_csi300_custom_step0_s_20260808_13,817c547fac504d9cbcc2c169b9677fdd,0.096,,,
145,2026-08-07,SZ002050,0.05171486729411317,EXP_DEnsembleModel_Alpha158_csi300_custom_step0_s_20260808_13,817c547fac504d9cbcc2c169b9677fdd,0.096,,,
146,2026-08-07,SZ002532,-0.06693433660155707,EXP_DEnsembleModel_Alpha158_csi300_custom_step0_s_20260808_13,817c547fac504d9cbcc2c169b9677fdd,0.096,,,
147,2026-08-07,SZ002475,-0.083270250422479,EXP_DEnsembleModel_Alpha158_csi300_custom_step0_s_20260808_13,817c547fac504d9cbcc2c169b9677fdd,0.096,,,
148,2026-08-07,SZ002142,0.1086636564578443,EXP_DEnsembleModel_Alpha158_csi300_custom_step0_s_20260808_13,817c547fac504d9cbcc2c169b9677fdd,0.096,,,
149,2026-08-07,SZ002179,0.1914136461178164,EXP_DEnsembleModel_Alpha158_csi300_custom_step0_s_20260808_13,817c547fac504d9cbcc2c169b9677fdd,0.096,,,
150,2026-08-07,SZ002202,0.21016444304039678,EXP_DEnsembleModel_Alpha158_csi300_custom_step0_s_20260808_13,817c547fac504d9cbcc2c169b9677fdd,0.096,,,
151,2026-08-07,SZ002230,-0.11671297698562978,EXP_DEnsembleModel_Alpha158_csi300_custom_step0_s_20260808_13,817c547fac504d9cbcc2c169b9677fdd,0.096,,,
152,2026-08-07,SZ002236,0.02304811105177735,EXP_DEnsembleModel_Alpha158_csi300_custom_step0_s_20260808_13,817c547fac504d9cbcc2c169b9677fdd,0.096,,,
153,2026-08-07,SZ002241,-0.09212659837668957,EXP_DEnsembleModel_Alpha158_csi300_custom_step0_s_20260808_13,817c547fac504d9cbcc2c169b9677fdd,0.096,,,
154,2026-08-07,SZ002304,-0.1289735099617275,EXP_DEnsembleModel_Alpha158_csi300_custom_step0_s_20260808_13,817c547fac504d9cbcc2c169b9677fdd,0.096,,,
155,2026-08-07,SZ002311,-0.012056471730334911,EXP_DEnsembleModel_Alpha158_csi300_custom_step0_s_20260808_13,817c547fac504d9cbcc2c169b9677fdd,0.096,,,
156,2026-08-07,SZ002352,-0.04143538117245791,EXP_DEnsembleModel_Alpha158_csi300_custom_step0_s_20260808_13,817c547fac504d9cbcc2c169b9677fdd,0.096,,,
157,2026-08-07,SZ002353,-0.036068062249672385,EXP_DEnsembleModel_Alpha158_csi300_custom_step0_s_20260808_13,817c547fac504d9cbcc2c169b9677fdd,0.096,,,
158,2026-08-07,SZ002371,-0.04045776061288408,EXP_DEnsembleModel_Alpha158_csi300_custom_step0_s_20260808_13,817c547fac504d9cbcc2c169b9677fdd,0.096,,,
159,2026-08-07,SZ002384,0.04302284677486814,EXP_DEnsembleModel_Alpha158_csi300_custom_step0_s_20260808_13,817c547fac504d9cbcc2c169b9677fdd,0.096,,,
160,2026-08-07,SZ002415,0.007912640582199858,EXP_DEnsembleModel_Alpha158_csi300_custom_step0_s_20260808_13,817c547fac504d9cbcc2c169b9677fdd,0.096,,,
161,2026-08-07,SZ002422,-0.11626282072440952,EXP_DEnsembleModel_Alpha158_csi300_custom_step0_s_20260808_13,817c547fac504d9cbcc2c169b9677fdd,0.096,,,
162,2026-08-07,SZ002460,0.18315508033009337,EXP_DEnsembleModel_Alpha158_csi300_custom_step0_s_20260808_13,817c547fac504d9cbcc2c169b9677fdd,0.096,,,
163,2026-08-07,SZ002463,0.1345319126808723,EXP_DEnsembleModel_Alpha158_csi300_custom_step0_s_20260808_13,817c547fac504d9cbcc2c169b9677fdd,0.096,,,
164,2026-08-07,SZ002466,0.16613489640760956,EXP_DEnsembleModel_Alpha158_csi300_custom_step0_s_20260808_13,817c547fac504d9cbcc2c169b9677fdd,0.096,,,
165,2026-08-07,SZ002493,-0.02423581626605086,EXP_DEnsembleModel_Alpha158_csi300_custom_step0_s_20260808_13,817c547fac504d9cbcc2c169b9677fdd,0.096,,,
166,2026-08-07,SH600570,-0.08245374910824728,EXP_DEnsembleModel_Alpha158_csi300_custom_step0_s_20260808_13,df2d3d3c1ed342c999e430f5ae964c46,0.062,,,
167,2026-08-07,SH600584,0.16057624771229942,EXP_DEnsembleModel_Alpha158_csi300_custom_step0_s_20260808_13,df2d3d3c1ed342c999e430f5ae964c46,0.062,,,
168,2026-08-07,SH600585,-0.007484578606656889,EXP_DEnsembleModel_Alpha158_csi300_custom_step0_s_20260808_13,df2d3d3c1ed342c999e430f5ae964c46,0.062,,,
169,2026-08-07,SH603893,-0.046291705542715354,EXP_DEnsembleModel_Alpha158_csi300_custom_step0_s_20260808_13,df2d3d3c1ed342c999e430f5ae964c46,0.062,,,
170,2026-08-07,SH603986,0.1480367412943406,EXP_DEnsembleModel_Alpha158_csi300_custom_step0_s_20260808_13,df2d3d3c1ed342c999e430f5ae964c46,0.062,,,
171,2026-08-07,SH603993,-0.03907163346307952,EXP_DEnsembleModel_Alpha158_csi300_custom_step0_s_20260808_13,df2d3d3c1ed342c999e430f5ae964c46,0.062,,,
172,2026-08-07,SH605117,0.024009925532106298,EXP_DEnsembleModel_Alpha158_csi300_custom_step0_s_20260808_13,df2d3d3c1ed342c999e430f5ae964c46,0.062,,,
173,2026-08-07,SH605499,-0.09780211117353514,EXP_DEnsembleModel_Alpha158_csi300_custom_step0_s_20260808_13,df2d3d3c1ed342c999e430f5ae964c46,0.062,,,
174,2026-08-07,SH688008,0.19466417764420746,EXP_DEnsembleModel_Alpha158_csi300_custom_step0_s_20260808_13,df2d3d3c1ed342c999e430f5ae964c46,0.062,,,
175,2026-08-07,SH688009,-0.00344429247441785,EXP_DEnsembleModel_Alpha158_csi300_custom_step0_s_20260808_13,df2d3d3c1ed342c999e430f5ae964c46,0.062,,,
176,2026-08-07,SH688012,0.01610091975026199,EXP_DEnsembleModel_Alpha158_csi300_custom_step0_s_20260808_13,df2d3d3c1ed342c999e430f5ae964c46,0.062,,,
177,2026-08-07,SH688036,-0.012027891424780205,EXP_DEnsembleModel_Alpha158_csi300_custom_step0_s_20260808_13,df2d3d3c1ed342c999e430f5ae964c46,0.062,,,
178,2026-08-07,SH688041,0.06586892270737106,EXP_DEnsembleModel_Alpha158_csi300_custom_step0_s_20260808_13,df2d3d3c1ed342c999e430f5ae964c46,0.062,,,
179,2026-08-07,SH688047,0.2092797808125631,EXP_DEnsembleModel_Alpha158_csi300_custom_step0_s_20260808_13,df2d3d3c1ed342c999e430f5ae964c46,0.062,,,
180,2026-08-07,SH688072,-0.004626030877761628,EXP_DEnsembleModel_Alpha158_csi300_custom_step0_s_20260808_13,df2d3d3c1ed342c999e430f5ae964c46,0.062,,,
181,2026-08-07,SH688082,0.13475820494603735,EXP_DEnsembleModel_Alpha158_csi300_custom_step0_s_20260808_13,df2d3d3c1ed342c999e430f5ae964c46,0.062,,,
182,2026-08-07,SH688111,-0.016569931820941835,EXP_DEnsembleModel_Alpha158_csi300_custom_step0_s_20260808_13,df2d3d3c1ed342c999e430f5ae964c46,0.062,,,
183,2026-08-07,SH688126,0.1877870356659661,EXP_DEnsembleModel_Alpha158_csi300_custom_step0_s_20260808_13,df2d3d3c1ed342c999e430f5ae964c46,0.062,,,
184,2026-08-07,SH688183,0.2316687930830432,EXP_DEnsembleModel_Alpha158_csi300_custom_step0_s_20260808_13,df2d3d3c1ed342c999e430f5ae964c46,0.062,,,
185,2026-08-07,SH688223,-0.09335878523491484,EXP_DEnsembleModel_Alpha158_csi300_custom_step0_s_20260808_13,df2d3d3c1ed342c999e430f5ae964c46,0.062,,,
186,2026-08-07,SH603799,-0.02847500628924831,EXP_DEnsembleModel_Alpha158_csi300_custom_step0_s_20260808_13,df2d3d3c1ed342c999e430f5ae964c46,0.062,,,
187,2026-08-07,SH688256,0.05825981436821947,EXP_DEnsembleModel_Alpha158_csi300_custom_step0_s_20260808_13,df2d3d3c1ed342c999e430f5ae964c46,0.062,,,
188,2026-08-07,SH603501,0.04224715981789718,EXP_DEnsembleModel_Alpha158_csi300_custom_step0_s_20260808_13,df2d3d3c1ed342c999e430f5ae964c46,0.062,,,
189,2026-08-07,SH603369,-0.12248854280947066,EXP_DEnsembleModel_Alpha158_csi300_custom_step0_s_20260808_13,df2d3d3c1ed342c999e430f5ae964c46,0.062,,,
190,2026-08-07,SH601881,0.06415256390219456,EXP_DEnsembleModel_Alpha158_csi300_custom_step0_s_20260808_13,df2d3d3c1ed342c999e430f5ae964c46,0.062,,,
191,2026-08-07,SH601888,-0.11447185001377441,EXP_DEnsembleModel_Alpha158_csi300_custom_step0_s_20260808_13,df2d3d3c1ed342c999e430f5ae964c46,0.062,,,
192,2026-08-07,SH601898,-0.09473316524192543,EXP_DEnsembleModel_Alpha158_csi300_custom_step0_s_20260808_13,df2d3d3c1ed342c999e430f5ae964c46,0.062,,,
193,2026-08-07,SH601899,-0.06437916570081383,EXP_DEnsembleModel_Alpha158_csi300_custom_step0_s_20260808_13,df2d3d3c1ed342c999e430f5ae964c46,0.062,,,
194,2026-08-07,SH601901,0.07673670306135517,EXP_DEnsembleModel_Alpha158_csi300_custom_step0_s_20260808_13,df2d3d3c1ed342c999e430f5ae964c46,0.062,,,
195,2026-08-07,SH601916,-0.03422502153848237,EXP_DEnsembleModel_Alpha158_csi300_custom_step0_s_20260808_13,df2d3d3c1ed342c999e430f5ae964c46,0.062,,,
196,2026-08-07,SH601919,0.06911769748477549,EXP_DEnsembleModel_Alpha158_csi300_custom_step0_s_20260808_13,df2d3d3c1ed342c999e430f5ae964c46,0.062,,,
197,2026-08-07,SH601939,0.029943109406132026,EXP_DEnsembleModel_Alpha158_csi300_custom_step0_s_20260808_13,df2d3d3c1ed342c999e430f5ae964c46,0.062,,,
198,2026-08-07,SH601985,0.10419707794524964,EXP_DEnsembleModel_Alpha158_csi300_custom_step0_s_20260808_13,df2d3d3c1ed342c999e430f5ae964c46,0.062,,,
199,2026-08-07,SH601988,0.07063831297345353,EXP_DEnsembleModel_Alpha158_csi300_custom_step0_s_20260808_13,df2d3d3c1ed342c999e430f5ae964c46,0.062,,,
200,2026-08-07,SH601995,0.03188844856998938,EXP_DEnsembleModel_Alpha158_csi300_custom_step0_s_20260808_13,df2d3d3c1ed342c999e430f5ae964c46,0.062,,,
201,2026-08-07,SH601998,-0.021814921675613688,EXP_DEnsembleModel_Alpha158_csi300_custom_step0_s_20260808_13,df2d3d3c1ed342c999e430f5ae964c46,0.062,,,
202,2026-08-07,SH603019,-0.009906468641446464,EXP_DEnsembleModel_Alpha158_csi300_custom_step0_s_20260808_13,df2d3d3c1ed342c999e430f5ae964c46,0.062,,,
203,2026-08-07,SH603259,-0.24040411986865842,EXP_DEnsembleModel_Alpha158_csi300_custom_step0_s_20260808_13,df2d3d3c1ed342c999e430f5ae964c46,0.062,,,
204,2026-08-07,SH603260,0.013496752365429418,EXP_DEnsembleModel_Alpha158_csi300_custom_step0_s_20260808_13,df2d3d3c1ed342c999e430f5ae964c46,0.062,,,
205,2026-08-07,SH603288,-0.02176405738820023,EXP_DEnsembleModel_Alpha158_csi300_custom_step0_s_20260808_13,df2d3d3c1ed342c999e430f5ae964c46,0.062,,,
206,2026-08-07,SH603296,-0.07603560699212399,EXP_DEnsembleModel_Alpha158_csi300_custom_step0_s_20260808_13,df2d3d3c1ed342c999e430f5ae964c46,0.062,,,
207,2026-08-07,SH603392,-0.026522042345316094,EXP_DEnsembleModel_Alpha158_csi300_custom_step0_s_20260808_13,df2d3d3c1ed342c999e430f5ae964c46,0.062,,,
208,2026-08-07,SH601878,0.09576805182225226,EXP_DEnsembleModel_Alpha158_csi300_custom_step0_s_20260808_13,df2d3d3c1ed342c999e430f5ae964c46,0.062,,,
209,2026-08-07,SH688271,-0.10656607815051038,EXP_DEnsembleModel_Alpha158_csi300_custom_step0_s_20260808_13,df2d3d3c1ed342c999e430f5ae964c46,0.062,,,
210,2026-08-07,SH688396,0.21680513481273975,EXP_DEnsembleModel_Alpha158_csi300_custom_step0_s_20260808_13,df2d3d3c1ed342c999e430f5ae964c46,0.062,,,
211,2026-08-07,SZ000651,0.019589404976728023,EXP_DEnsembleModel_Alpha158_csi300_custom_step0_s_20260808_13,df2d3d3c1ed342c999e430f5ae964c46,0.062,,,
212,2026-08-07,SZ000657,0.27186956792946837,EXP_DEnsembleModel_Alpha158_csi300_custom_step0_s_20260808_13,df2d3d3c1ed342c999e430f5ae964c46,0.062,,,
213,2026-08-07,SZ000708,0.010246177312824258,EXP_DEnsembleModel_Alpha158_csi300_custom_step0_s_20260808_13,df2d3d3c1ed342c999e430f5ae964c46,0.062,,,
214,2026-08-07,SZ000725,0.09059813343093169,EXP_DEnsembleModel_Alpha158_csi300_custom_step0_s_20260808_13,df2d3d3c1ed342c999e430f5ae964c46,0.062,,,
215,2026-08-07,SZ000768,0.05430945545464877,EXP_DEnsembleModel_Alpha158_csi300_custom_step0_s_20260808_13,df2d3d3c1ed342c999e430f5ae964c46,0.062,,,
216,2026-08-07,SZ000776,-0.014946560655876016,EXP_DEnsembleModel_Alpha158_csi300_custom_step0_s_20260808_13,df2d3d3c1ed342c999e430f5ae964c46,0.062,,,
217,2026-08-07,SZ000792,0.04192634412428135,EXP_DEnsembleModel_Alpha158_csi300_custom_step0_s_20260808_13,df2d3d3c1ed342c999e430f5ae964c46,0.062,,,
218,2026-08-07,SZ000807,-0.06280075363197898,EXP_DEnsembleModel_Alpha158_csi300_custom_step0_s_20260808_13,df2d3d3c1ed342c999e430f5ae964c46,0.062,,,
219,2026-08-07,SZ000858,-0.1184952471053993,EXP_DEnsembleModel_Alpha158_csi300_custom_step0_s_20260808_13,df2d3d3c1ed342c999e430f5ae964c46,0.062,,,
220,2026-08-07,SZ000895,-0.024032852856087063,EXP_DEnsembleModel_Alpha158_csi300_custom_step0_s_20260808_13,df2d3d3c1ed342c999e430f5ae964c46,0.062,,,
221,2026-08-07,SZ000938,0.04149613541232035,EXP_DEnsembleModel_Alpha158_csi300_custom_step0_s_20260808_13,df2d3d3c1ed342c999e430f5ae964c46,0.062,,,
222,2026-08-07,SZ000963,-0.09366117720020113,EXP_DEnsembleModel_Alpha158_csi300_custom_step0_s_20260808_13,df2d3d3c1ed342c999e430f5ae964c46,0.062,,,
223,2026-08-07,SZ000975,0.039758591307302395,EXP_DEnsembleModel_Alpha158_csi300_custom_step0_s_20260808_13,df2d3d3c1ed342c999e430f5ae964c46,0.062,,,
224,2026-08-07,SZ000977,0.095237055981105,EXP_DEnsembleModel_Alpha158_csi300_custom_step0_s_20260808_13,df2d3d3c1ed342c999e430f5ae964c46,0.062,,,
225,2026-08-07,SZ000988,0.19182380047700057,EXP_DEnsembleModel_Alpha158_csi300_custom_step0_s_20260808_13,df2d3d3c1ed342c999e430f5ae964c46,0.062,,,
226,2026-08-07,SZ000999,0.010757186064447616,EXP_DEnsembleModel_Alpha158_csi300_custom_step0_s_20260808_13,df2d3d3c1ed342c999e430f5ae964c46,0.062,,,
227,2026-08-07,SZ001280,-0.05278378515556331,EXP_DEnsembleModel_Alpha158_csi300_custom_step0_s_20260808_13,df2d3d3c1ed342c999e430f5ae964c46,0.062,,,
228,2026-08-07,SZ000630,0.02465851170267169,EXP_DEnsembleModel_Alpha158_csi300_custom_step0_s_20260808_13,df2d3d3c1ed342c999e430f5ae964c46,0.062,,,
229,2026-08-07,SH688303,-0.05999810496803401,EXP_DEnsembleModel_Alpha158_csi300_custom_step0_s_20260808_13,df2d3d3c1ed342c999e430f5ae964c46,0.062,,,
230,2026-08-07,SZ000625,-0.09103231263925854,EXP_DEnsembleModel_Alpha158_csi300_custom_step0_s_20260808_13,df2d3d3c1ed342c999e430f5ae964c46,0.062,,,
231,2026-08-07,SZ000596,-0.07500429094306132,EXP_DEnsembleModel_Alpha158_csi300_custom_step0_s_20260808_13,df2d3d3c1ed342c999e430f5ae964c46,0.062,,,
232,2026-08-07,SH688472,-0.11333017788768139,EXP_DEnsembleModel_Alpha158_csi300_custom_step0_s_20260808_13,df2d3d3c1ed342c999e430f5ae964c46,0.062,,,
233,2026-08-07,SH688506,-0.13947041612789451,EXP_DEnsembleModel_Alpha158_csi300_custom_step0_s_20260808_13,df2d3d3c1ed342c999e430f5ae964c46,0.062,,,
234,2026-08-07,SH688521,0.3079449296204692,EXP_DEnsembleModel_Alpha158_csi300_custom_step0_s_20260808_13,df2d3d3c1ed342c999e430f5ae964c46,0.062,,,
235,2026-08-07,SH688981,0.00748742899199675,EXP_DEnsembleModel_Alpha158_csi300_custom_step0_s_20260808_13,df2d3d3c1ed342c999e430f5ae964c46,0.062,,,
236,2026-08-07,SZ000001,0.021537142448306002,EXP_DEnsembleModel_Alpha158_csi300_custom_step0_s_20260808_13,df2d3d3c1ed342c999e430f5ae964c46,0.062,,,
237,2026-08-07,SZ000002,-0.10843278295761886,EXP_DEnsembleModel_Alpha158_csi300_custom_step0_s_20260808_13,df2d3d3c1ed342c999e430f5ae964c46,0.062,,,
238,2026-08-07,SZ000063,-0.02886545001534892,EXP_DEnsembleModel_Alpha158_csi300_custom_step0_s_20260808_13,df2d3d3c1ed342c999e430f5ae964c46,0.062,,,
239,2026-08-07,SZ000100,0.0006133223603646964,EXP_DEnsembleModel_Alpha158_csi300_custom_step0_s_20260808_13,df2d3d3c1ed342c999e430f5ae964c46,0.062,,,
240,2026-08-07,SZ000157,0.006689403866965632,EXP_DEnsembleModel_Alpha158_csi300_custom_step0_s_20260808_13,df2d3d3c1ed342c999e430f5ae964c46,0.062,,,
241,2026-08-07,SZ000166,0.0886088893370352,EXP_DEnsembleModel_Alpha158_csi300_custom_step0_s_20260808_13,df2d3d3c1ed342c999e430f5ae964c46,0.062,,,
242,2026-08-07,SZ000301,-0.14012250309532043,EXP_DEnsembleModel_Alpha158_csi300_custom_step0_s_20260808_13,df2d3d3c1ed342c999e430f5ae964c46,0.062,,,
243,2026-08-07,SZ000333,0.035983917450589334,EXP_DEnsembleModel_Alpha158_csi300_custom_step0_s_20260808_13,df2d3d3c1ed342c999e430f5ae964c46,0.062,,,
244,2026-08-07,SZ000338,-0.07481143486033591,EXP_DEnsembleModel_Alpha158_csi300_custom_step0_s_20260808_13,df2d3d3c1ed342c999e430f5ae964c46,0.062,,,
245,2026-08-07,SZ000408,0.12233527232646886,EXP_DEnsembleModel_Alpha158_csi300_custom_step0_s_20260808_13,df2d3d3c1ed342c999e430f5ae964c46,0.062,,,
246,2026-08-07,SZ000425,-0.07328590397285395,EXP_DEnsembleModel_Alpha158_csi300_custom_step0_s_20260808_13,df2d3d3c1ed342c999e430f5ae964c46,0.062,,,
247,2026-08-07,SZ000538,0.043020798285146836,EXP_DEnsembleModel_Alpha158_csi300_custom_step0_s_20260808_13,df2d3d3c1ed342c999e430f5ae964c46,0.062,,,
248,2026-08-07,SZ000568,-0.11335009763008692,EXP_DEnsembleModel_Alpha158_csi300_custom_step0_s_20260808_13,df2d3d3c1ed342c999e430f5ae964c46,0.062,,,
249,2026-08-07,SZ000617,-0.06456043590213792,EXP_DEnsembleModel_Alpha158_csi300_custom_step0_s_20260808_13,df2d3d3c1ed342c999e430f5ae964c46,0.062,,,
250,2026-08-07,SH601877,-0.027667601956365955,EXP_DEnsembleModel_Alpha158_csi300_custom_step0_s_20260808_13,df2d3d3c1ed342c999e430f5ae964c46,0.062,,,
251,2026-08-07,SH601872,-0.2265439944008659,EXP_DEnsembleModel_Alpha158_csi300_custom_step0_s_20260808_13,df2d3d3c1ed342c999e430f5ae964c46,0.062,,,
252,2026-08-07,SH601868,-0.00036858656254913554,EXP_DEnsembleModel_Alpha158_csi300_custom_step0_s_20260808_13,df2d3d3c1ed342c999e430f5ae964c46,0.062,,,
253,2026-08-07,SH600938,-0.03680333558495971,EXP_DEnsembleModel_Alpha158_csi300_custom_step0_s_20260808_13,df2d3d3c1ed342c999e430f5ae964c46,0.062,,,
254,2026-08-07,SH600941,-0.016689866377349722,EXP_DEnsembleModel_Alpha158_csi300_custom_step0_s_20260808_13,df2d3d3c1ed342c999e430f5ae964c46,0.062,,,
255,2026-08-07,SH600958,0.07458397589701277,EXP_DEnsembleModel_Alpha158_csi300_custom_step0_s_20260808_13,df2d3d3c1ed342c999e430f5ae964c46,0.062,,,
256,2026-08-07,SH600989,-0.05956062578080991,EXP_DEnsembleModel_Alpha158_csi300_custom_step0_s_20260808_13,df2d3d3c1ed342c999e430f5ae964c46,0.062,,,
257,2026-08-07,SH600999,0.01770856807730476,EXP_DEnsembleModel_Alpha158_csi300_custom_step0_s_20260808_13,df2d3d3c1ed342c999e430f5ae964c46,0.062,,,
258,2026-08-07,SH601006,0.007491791491870244,EXP_DEnsembleModel_Alpha158_csi300_custom_step0_s_20260808_13,df2d3d3c1ed342c999e430f5ae964c46,0.062,,,
259,2026-08-07,SH601009,0.016250270064683457,EXP_DEnsembleModel_Alpha158_csi300_custom_step0_s_20260808_13,df2d3d3c1ed342c999e430f5ae964c46,0.062,,,
260,2026-08-07,SH601012,-0.015640986780552608,EXP_DEnsembleModel_Alpha158_csi300_custom_step0_s_20260808_13,df2d3d3c1ed342c999e430f5ae964c46,0.062,,,
261,2026-08-07,SH601018,0.03542093053127639,EXP_DEnsembleModel_Alpha158_csi300_custom_step0_s_20260808_13,df2d3d3c1ed342c999e430f5ae964c46,0.062,,,
262,2026-08-07,SH601021,0.09283979393259015,EXP_DEnsembleModel_Alpha158_csi300_custom_step0_s_20260808_13,df2d3d3c1ed342c999e430f5ae964c46,0.062,,,
263,2026-08-07,SH601058,-0.027549176837680184,EXP_DEnsembleModel_Alpha158_csi300_custom_step0_s_20260808_13,df2d3d3c1ed342c999e430f5ae964c46,0.062,,,
264,2026-08-07,SH601059,0.033477219839989726,EXP_DEnsembleModel_Alpha158_csi300_custom_step0_s_20260808_13,df2d3d3c1ed342c999e430f5ae964c46,0.062,,,
265,2026-08-07,SH601066,-0.008222838187829755,EXP_DEnsembleModel_Alpha158_csi300_custom_step0_s_20260808_13,df2d3d3c1ed342c999e430f5ae964c46,0.062,,,
266,2026-08-07,SH601077,0.07068417336809622,EXP_DEnsembleModel_Alpha158_csi300_custom_step0_s_20260808_13,df2d3d3c1ed342c999e430f5ae964c46,0.062,,,
267,2026-08-07,SH601088,-0.048222307544481,EXP_DEnsembleModel_Alpha158_csi300_custom_step0_s_20260808_13,df2d3d3c1ed342c999e430f5ae964c46,0.062,,,
268,2026-08-07,SH601100,-0.04260209888046181,EXP_DEnsembleModel_Alpha158_csi300_custom_step0_s_20260808_13,df2d3d3c1ed342c999e430f5ae964c46,0.062,,,
269,2026-08-07,SH601111,0.03650246163153641,EXP_DEnsembleModel_Alpha158_csi300_custom_step0_s_20260808_13,df2d3d3c1ed342c999e430f5ae964c46,0.062,,,
270,2026-08-07,SH600930,-0.03185550986166931,EXP_DEnsembleModel_Alpha158_csi300_custom_step0_s_20260808_13,df2d3d3c1ed342c999e430f5ae964c46,0.062,,,
271,2026-08-07,SH601117,0.0720398619782367,EXP_DEnsembleModel_Alpha158_csi300_custom_step0_s_20260808_13,df2d3d3c1ed342c999e430f5ae964c46,0.062,,,
272,2026-08-07,SH600926,0.05647777411365541,EXP_DEnsembleModel_Alpha158_csi300_custom_step0_s_20260808_13,df2d3d3c1ed342c999e430f5ae964c46,0.062,,,
273,2026-08-07,SH600918,0.03125899473479433,EXP_DEnsembleModel_Alpha158_csi300_custom_step0_s_20260808_13,df2d3d3c1ed342c999e430f5ae964c46,0.062,,,
274,2026-08-07,SH600588,0.011160396030787756,EXP_DEnsembleModel_Alpha158_csi300_custom_step0_s_20260808_13,df2d3d3c1ed342c999e430f5ae964c46,0.062,,,
275,2026-08-07,SH600600,-0.095360881304259,EXP_DEnsembleModel_Alpha158_csi300_custom_step0_s_20260808_13,df2d3d3c1ed342c999e430f5ae964c46,0.062,,,
276,2026-08-07,SH600660,-0.04117871591809336,EXP_DEnsembleModel_Alpha158_csi300_custom_step0_s_20260808_13,df2d3d3c1ed342c999e430f5ae964c46,0.062,,,
277,2026-08-07,SH600674,0.001355017007439473,EXP_DEnsembleModel_Alpha158_csi300_custom_step0_s_20260808_13,df2d3d3c1ed342c999e430f5ae964c46,0.062,,,
278,2026-08-07,SH600690,-0.012399356541926835,EXP_DEnsembleModel_Alpha158_csi300_custom_step0_s_20260808_13,df2d3d3c1ed342c999e430f5ae964c46,0.062,,,
279,2026-08-07,SH600741,0.02561269796868787,EXP_DEnsembleModel_Alpha158_csi300_custom_step0_s_20260808_13,df2d3d3c1ed342c999e430f5ae964c46,0.062,,,
280,2026-08-07,SH600760,0.015304817093994776,EXP_DEnsembleModel_Alpha158_csi300_custom_step0_s_20260808_13,df2d3d3c1ed342c999e430f5ae964c46,0.062,,,
281,2026-08-07,SH600795,0.05125532360030658,EXP_DEnsembleModel_Alpha158_csi300_custom_step0_s_20260808_13,df2d3d3c1ed342c999e430f5ae964c46,0.062,,,
282,2026-08-07,SH600803,-0.08441602756112339,EXP_DEnsembleModel_Alpha158_csi300_custom_step0_s_20260808_13,df2d3d3c1ed342c999e430f5ae964c46,0.062,,,
283,2026-08-07,SH600809,-0.12310226137993244,EXP_DEnsembleModel_Alpha158_csi300_custom_step0_s_20260808_13,df2d3d3c1ed342c999e430f5ae964c46,0.062,,,
284,2026-08-07,SH600845,-0.13031688167087127,EXP_DEnsembleModel_Alpha158_csi300_custom_step0_s_20260808_13,df2d3d3c1ed342c999e430f5ae964c46,0.062,,,
285,2026-08-07,SH600875,-0.03346827249136054,EXP_DEnsembleModel_Alpha158_csi300_custom_step0_s_20260808_13,df2d3d3c1ed342c999e430f5ae964c46,0.062,,,
286,2026-08-07,SH600886,0.07958475383002403,EXP_DEnsembleModel_Alpha158_csi300_custom_step0_s_20260808_13,df2d3d3c1ed342c999e430f5ae964c46,0.062,,,
287,2026-08-07,SH600887,-0.00275536603636701,EXP_DEnsembleModel_Alpha158_csi300_custom_step0_s_20260808_13,df2d3d3c1ed342c999e430f5ae964c46,0.062,,,
288,2026-08-07,SH600893,-0.02186421467130962,EXP_DEnsembleModel_Alpha158_csi300_custom_step0_s_20260808_13,df2d3d3c1ed342c999e430f5ae964c46,0.062,,,
289,2026-08-07,SH600900,0.012882285992418153,EXP_DEnsembleModel_Alpha158_csi300_custom_step0_s_20260808_13,df2d3d3c1ed342c999e430f5ae964c46,0.062,,,
290,2026-08-07,SH600905,0.04318121270582703,EXP_DEnsembleModel_Alpha158_csi300_custom_step0_s_20260808_13,df2d3d3c1ed342c999e430f5ae964c46,0.062,,,
291,2026-08-07,SH600919,0.10376367532895485,EXP_DEnsembleModel_Alpha158_csi300_custom_step0_s_20260808_13,df2d3d3c1ed342c999e430f5ae964c46,0.062,,,
292,2026-08-07,SH601127,-0.10943205262878423,EXP_DEnsembleModel_Alpha158_csi300_custom_step0_s_20260808_13,df2d3d3c1ed342c999e430f5ae964c46,0.062,,,
293,2026-08-07,SH601136,-0.0007300465847725212,EXP_DEnsembleModel_Alpha158_csi300_custom_step0_s_20260808_13,df2d3d3c1ed342c999e430f5ae964c46,0.062,,,
294,2026-08-07,SH601138,-0.1330636486812644,EXP_DEnsembleModel_Alpha158_csi300_custom_step0_s_20260808_13,df2d3d3c1ed342c999e430f5ae964c46,0.062,,,
295,2026-08-07,SH601633,-0.052693079705872295,EXP_DEnsembleModel_Alpha158_csi300_custom_step0_s_20260808_13,df2d3d3c1ed342c999e430f5ae964c46,0.062,,,
296,2026-08-07,SH601658,0.04582129688055751,EXP_DEnsembleModel_Alpha158_csi300_custom_step0_s_20260808_13,df2d3d3c1ed342c999e430f5ae964c46,0.062,,,
297,2026-08-07,SH601668,-0.013127711821261287,EXP_DEnsembleModel_Alpha158_csi300_custom_step0_s_20260808_13,df2d3d3c1ed342c999e430f5ae964c46,0.062,,,
298,2026-08-07,SH601669,0.023643537785323316,EXP_DEnsembleModel_Alpha158_csi300_custom_step0_s_20260808_13,df2d3d3c1ed342c999e430f5ae964c46,0.062,,,
299,2026-08-07,SH601688,-0.015104255886114111,EXP_DEnsembleModel_Alpha158_csi300_custom_step0_s_20260808_13,df2d3d3c1ed342c999e430f5ae964c46,0.062,,,
300,2026-08-07,SH601689,0.16378460057549474,EXP_DEnsembleModel_Alpha158_csi300_custom_step0_s_20260808_13,df2d3d3c1ed342c999e430f5ae964c46,0.062,,,
301,2026-08-07,SH601698,-0.029719676391927463,EXP_DEnsembleModel_Alpha158_csi300_custom_step0_s_20260808_13,df2d3d3c1ed342c999e430f5ae964c46,0.062,,,
302,2026-08-07,SH601727,-0.06883520037882351,EXP_DEnsembleModel_Alpha158_csi300_custom_step0_s_20260808_13,df2d3d3c1ed342c999e430f5ae964c46,0.062,,,
303,2026-08-07,SH601728,-0.05507919230080703,EXP_DEnsembleModel_Alpha158_csi300_custom_step0_s_20260808_13,df2d3d3c1ed342c999e430f5ae964c46,0.062,,,
304,2026-08-07,SH601766,-0.016931997755560493,EXP_DEnsembleModel_Alpha158_csi300_custom_step0_s_20260808_13,df2d3d3c1ed342c999e430f5ae964c46,0.062,,,
305,2026-08-07,SH601788,0.0851979278273962,EXP_DEnsembleModel_Alpha158_csi300_custom_step0_s_20260808_13,df2d3d3c1ed342c999e430f5ae964c46,0.062,,,
306,2026-08-07,SH601800,-0.04974104802380943,EXP_DEnsembleModel_Alpha158_csi300_custom_step0_s_20260808_13,df2d3d3c1ed342c999e430f5ae964c46,0.062,,,
307,2026-08-07,SH601816,0.06473779174164027,EXP_DEnsembleModel_Alpha158_csi300_custom_step0_s_20260808_13,df2d3d3c1ed342c999e430f5ae964c46,0.062,,,
308,2026-08-07,SH601818,0.03770537994573751,EXP_DEnsembleModel_Alpha158_csi300_custom_step0_s_20260808_13,df2d3d3c1ed342c999e430f5ae964c46,0.062,,,
309,2026-08-07,SH601825,-0.05584090190275977,EXP_DEnsembleModel_Alpha158_csi300_custom_step0_s_20260808_13,df2d3d3c1ed342c999e430f5ae964c46,0.062,,,
310,2026-08-07,SH601838,0.08168706611754745,EXP_DEnsembleModel_Alpha158_csi300_custom_step0_s_20260808_13,df2d3d3c1ed342c999e430f5ae964c46,0.062,,,
311,2026-08-07,SH601857,-0.022158969996997065,EXP_DEnsembleModel_Alpha158_csi300_custom_step0_s_20260808_13,df2d3d3c1ed342c999e430f5ae964c46,0.062,,,
312,2026-08-07,SH601628,-0.055844030888463826,EXP_DEnsembleModel_Alpha158_csi300_custom_step0_s_20260808_13,df2d3d3c1ed342c999e430f5ae964c46,0.062,,,
313,2026-08-07,SH601618,-0.012120894502624656,EXP_DEnsembleModel_Alpha158_csi300_custom_step0_s_20260808_13,df2d3d3c1ed342c999e430f5ae964c46,0.062,,,
314,2026-08-07,SH601607,0.0730257550849148,EXP_DEnsembleModel_Alpha158_csi300_custom_step0_s_20260808_13,df2d3d3c1ed342c999e430f5ae964c46,0.062,,,
315,2026-08-07,SH601601,-0.0678593099989978,EXP_DEnsembleModel_Alpha158_csi300_custom_step0_s_20260808_13,df2d3d3c1ed342c999e430f5ae964c46,0.062,,,
316,2026-08-07,SH601166,0.010812500588525504,EXP_DEnsembleModel_Alpha158_csi300_custom_step0_s_20260808_13,df2d3d3c1ed342c999e430f5ae964c46,0.062,,,
317,2026-08-07,SH601169,0.04493086546666852,EXP_DEnsembleModel_Alpha158_csi300_custom_step0_s_20260808_13,df2d3d3c1ed342c999e430f5ae964c46,0.062,,,
318,2026-08-07,SH601186,0.05677680003129015,EXP_DEnsembleModel_Alpha158_csi300_custom_step0_s_20260808_13,df2d3d3c1ed342c999e430f5ae964c46,0.062,,,
319,2026-08-07,SH601211,0.014733129318869172,EXP_DEnsembleModel_Alpha158_csi300_custom_step0_s_20260808_13,df2d3d3c1ed342c999e430f5ae964c46,0.062,,,
320,2026-08-07,SH601225,0.0009241518857336977,EXP_DEnsembleModel_Alpha158_csi300_custom_step0_s_20260808_13,df2d3d3c1ed342c999e430f5ae964c46,0.062,,,
321,2026-08-07,SH601229,0.03275443930755477,EXP_DEnsembleModel_Alpha158_csi300_custom_step0_s_20260808_13,df2d3d3c1ed342c999e430f5ae964c46,0.062,,,
322,2026-08-07,SH601238,-0.0932375130865841,EXP_DEnsembleModel_Alpha158_csi300_custom_step0_s_20260808_13,df2d3d3c1ed342c999e430f5ae964c46,0.062,,,
323,2026-08-07,SH601288,-0.0020413068732923634,EXP_DEnsembleModel_Alpha158_csi300_custom_step0_s_20260808_13,df2d3d3c1ed342c999e430f5ae964c46,0.062,,,
324,2026-08-07,SZ000001,0.05587118694027282,EXP_DEnsembleModel_Alpha158_csi300_custom_step0_s_20260808_13,817c547fac504d9cbcc2c169b9677fdd,0.096,,,
325,2026-08-07,SH601318,-0.02386874969459372,EXP_DEnsembleModel_Alpha158_csi300_custom_step0_s_20260808_13,df2d3d3c1ed342c999e430f5ae964c46,0.062,,,
326,2026-08-07,SH601328,-0.034679833478022004,EXP_DEnsembleModel_Alpha158_csi300_custom_step0_s_20260808_13,df2d3d3c1ed342c999e430f5ae964c46,0.062,,,
327,2026-08-07,SH601336,0.05376217029733547,EXP_DEnsembleModel_Alpha158_csi300_custom_step0_s_20260808_13,df2d3d3c1ed342c999e430f5ae964c46,0.062,,,
328,2026-08-07,SH601360,-0.0771502419532226,EXP_DEnsembleModel_Alpha158_csi300_custom_step0_s_20260808_13,df2d3d3c1ed342c999e430f5ae964c46,0.062,,,
329,2026-08-07,SH601377,0.09873267345091037,EXP_DEnsembleModel_Alpha158_csi300_custom_step0_s_20260808_13,df2d3d3c1ed342c999e430f5ae964c46,0.062,,,
330,2026-08-07,SH601390,-0.05359486314190968,EXP_DEnsembleModel_Alpha158_csi300_custom_step0_s_20260808_13,df2d3d3c1ed342c999e430f5ae964c46,0.062,,,
331,2026-08-07,SH601398,-0.012964460958312033,EXP_DEnsembleModel_Alpha158_csi300_custom_step0_s_20260808_13,df2d3d3c1ed342c999e430f5ae964c46,0.062,,,
332,2026-08-07,SH601456,0.06787025369935028,EXP_DEnsembleModel_Alpha158_csi300_custom_step0_s_20260808_13,df2d3d3c1ed342c999e430f5ae964c46,0.062,,,
333,2026-08-07,SH601600,-0.07451213712060571,EXP_DEnsembleModel_Alpha158_csi300_custom_step0_s_20260808_13,df2d3d3c1ed342c999e430f5ae964c46,0.062,,,
334,2026-08-07,SH601319,0.09222787219513398,EXP_DEnsembleModel_Alpha158_csi300_custom_step0_s_20260808_13,df2d3d3c1ed342c999e430f5ae964c46,0.062,,,
335,2026-08-07,SH688981,0.0972503322755409,EXP_DEnsembleModel_Alpha158_csi300_custom_step0_s_20260808_13,817c547fac504d9cbcc2c169b9677fdd,0.096,,,
336,2026-08-07,SH688521,0.3645140177574892,EXP_DEnsembleModel_Alpha158_csi300_custom_step0_s_20260808_13,817c547fac504d9cbcc2c169b9677fdd,0.096,,,
337,2026-08-07,SH688506,-0.15377796465152946,EXP_DEnsembleModel_Alpha158_csi300_custom_step0_s_20260808_13,817c547fac504d9cbcc2c169b9677fdd,0.096,,,
338,2026-08-07,SZ002709,0.14276396666533514,EXP_DEnsembleModel_Alpha158_csi300_custom_step0_s_20260808_13,0b4bd5e028884aeb9893767e8443a1ac,0.142,,,
339,2026-08-07,SZ002714,-0.11812635742962259,EXP_DEnsembleModel_Alpha158_csi300_custom_step0_s_20260808_13,0b4bd5e028884aeb9893767e8443a1ac,0.142,,,
340,2026-08-07,SZ002736,0.08701611409374738,EXP_DEnsembleModel_Alpha158_csi300_custom_step0_s_20260808_13,0b4bd5e028884aeb9893767e8443a1ac,0.142,,,
341,2026-08-07,SZ002837,0.23702358460098874,EXP_DEnsembleModel_Alpha158_csi300_custom_step0_s_20260808_13,0b4bd5e028884aeb9893767e8443a1ac,0.142,,,
342,2026-08-07,SZ002916,0.1662994100452674,EXP_DEnsembleModel_Alpha158_csi300_custom_step0_s_20260808_13,0b4bd5e028884aeb9893767e8443a1ac,0.142,,,
343,2026-08-07,SZ002920,-0.06061530814850875,EXP_DEnsembleModel_Alpha158_csi300_custom_step0_s_20260808_13,0b4bd5e028884aeb9893767e8443a1ac,0.142,,,
344,2026-08-07,SZ002938,0.024626474013388407,EXP_DEnsembleModel_Alpha158_csi300_custom_step0_s_20260808_13,0b4bd5e028884aeb9893767e8443a1ac,0.142,,,
345,2026-08-07,SZ003816,-0.0270408458620259,EXP_DEnsembleModel_Alpha158_csi300_custom_step0_s_20260808_13,0b4bd5e028884aeb9893767e8443a1ac,0.142,,,
346,2026-08-07,SZ300014,-0.042593854392010654,EXP_DEnsembleModel_Alpha158_csi300_custom_step0_s_20260808_13,0b4bd5e028884aeb9893767e8443a1ac,0.142,,,
347,2026-08-07,SZ300015,-0.10672900120184177,EXP_DEnsembleModel_Alpha158_csi300_custom_step0_s_20260808_13,0b4bd5e028884aeb9893767e8443a1ac,0.142,,,
348,2026-08-07,SZ300033,-0.09027187050028103,EXP_DEnsembleModel_Alpha158_csi300_custom_step0_s_20260808_13,0b4bd5e028884aeb9893767e8443a1ac,0.142,,,
349,2026-08-07,SZ300059,-0.014185980614740069,EXP_DEnsembleModel_Alpha158_csi300_custom_step0_s_20260808_13,0b4bd5e028884aeb9893767e8443a1ac,0.142,,,
350,2026-08-07,SZ300122,-0.09170966984464307,EXP_DEnsembleModel_Alpha158_csi300_custom_step0_s_20260808_13,0b4bd5e028884aeb9893767e8443a1ac,0.142,,,
351,2026-08-07,SZ300124,0.03345697811487922,EXP_DEnsembleModel_Alpha158_csi300_custom_step0_s_20260808_13,0b4bd5e028884aeb9893767e8443a1ac,0.142,,,
352,2026-08-07,SZ300251,-0.13573958502200265,EXP_DEnsembleModel_Alpha158_csi300_custom_step0_s_20260808_13,0b4bd5e028884aeb9893767e8443a1ac,0.142,,,
353,2026-08-07,SZ300274,0.32494395340467985,EXP_DEnsembleModel_Alpha158_csi300_custom_step0_s_20260808_13,0b4bd5e028884aeb9893767e8443a1ac,0.142,,,
354,2026-08-07,SZ300308,0.16650068153126332,EXP_DEnsembleModel_Alpha158_csi300_custom_step0_s_20260808_13,0b4bd5e028884aeb9893767e8443a1ac,0.142,,,
355,2026-08-07,SZ002648,-0.01854871281035114,EXP_DEnsembleModel_Alpha158_csi300_custom_step0_s_20260808_13,0b4bd5e028884aeb9893767e8443a1ac,0.142,,,
356,2026-08-07,SZ300316,0.1830288711657378,EXP_DEnsembleModel_Alpha158_csi300_custom_step0_s_20260808_13,0b4bd5e028884aeb9893767e8443a1ac,0.142,,,
357,2026-08-07,SZ002625,0.07081877859558489,EXP_DEnsembleModel_Alpha158_csi300_custom_step0_s_20260808_13,0b4bd5e028884aeb9893767e8443a1ac,0.142,,,
358,2026-08-07,SZ002600,0.15185228982793525,EXP_DEnsembleModel_Alpha158_csi300_custom_step0_s_20260808_13,0b4bd5e028884aeb9893767e8443a1ac,0.142,,,
359,2026-08-07,SZ002241,-0.06279782999078784,EXP_DEnsembleModel_Alpha158_csi300_custom_step0_s_20260808_13,0b4bd5e028884aeb9893767e8443a1ac,0.142,,,
360,2026-08-07,SZ002304,-0.04482731216291604,EXP_DEnsembleModel_Alpha158_csi300_custom_step0_s_20260808_13,0b4bd5e028884aeb9893767e8443a1ac,0.142,,,
361,2026-08-07,SZ002311,0.0019690970163161064,EXP_DEnsembleModel_Alpha158_csi300_custom_step0_s_20260808_13,0b4bd5e028884aeb9893767e8443a1ac,0.142,,,
362,2026-08-07,SZ002352,0.005605637282241641,EXP_DEnsembleModel_Alpha158_csi300_custom_step0_s_20260808_13,0b4bd5e028884aeb9893767e8443a1ac,0.142,,,
363,2026-08-07,SZ002353,0.023296465986721363,EXP_DEnsembleModel_Alpha158_csi300_custom_step0_s_20260808_13,0b4bd5e028884aeb9893767e8443a1ac,0.142,,,
364,2026-08-07,SZ002371,0.007142184624179876,EXP_DEnsembleModel_Alpha158_csi300_custom_step0_s_20260808_13,0b4bd5e028884aeb9893767e8443a1ac,0.142,,,
365,2026-08-07,SZ002384,0.13363498818894468,EXP_DEnsembleModel_Alpha158_csi300_custom_step0_s_20260808_13,0b4bd5e028884aeb9893767e8443a1ac,0.142,,,
366,2026-08-07,SZ002415,0.06671142349815645,EXP_DEnsembleModel_Alpha158_csi300_custom_step0_s_20260808_13,0b4bd5e028884aeb9893767e8443a1ac,0.142,,,
367,2026-08-07,SZ002422,-0.2261717542840205,EXP_DEnsembleModel_Alpha158_csi300_custom_step0_s_20260808_13,0b4bd5e028884aeb9893767e8443a1ac,0.142,,,
368,2026-08-07,SZ002460,0.15404742369242663,EXP_DEnsembleModel_Alpha158_csi300_custom_step0_s_20260808_13,0b4bd5e028884aeb9893767e8443a1ac,0.142,,,
369,2026-08-07,SZ002463,0.09120624077627344,EXP_DEnsembleModel_Alpha158_csi300_custom_step0_s_20260808_13,0b4bd5e028884aeb9893767e8443a1ac,0.142,,,
370,2026-08-07,SZ002466,0.15969993660336476,EXP_DEnsembleModel_Alpha158_csi300_custom_step0_s_20260808_13,0b4bd5e028884aeb9893767e8443a1ac,0.142,,,
371,2026-08-07,SZ002475,0.04461630121548311,EXP_DEnsembleModel_Alpha158_csi300_custom_step0_s_20260808_13,0b4bd5e028884aeb9893767e8443a1ac,0.142,,,
372,2026-08-07,SZ002493,-0.0889978918461934,EXP_DEnsembleModel_Alpha158_csi300_custom_step0_s_20260808_13,0b4bd5e028884aeb9893767e8443a1ac,0.142,,,
373,2026-08-07,SZ002532,-0.14519683026317282,EXP_DEnsembleModel_Alpha158_csi300_custom_step0_s_20260808_13,0b4bd5e028884aeb9893767e8443a1ac,0.142,,,
374,2026-08-07,SZ002558,-0.015362062820555128,EXP_DEnsembleModel_Alpha158_csi300_custom_step0_s_20260808_13,0b4bd5e028884aeb9893767e8443a1ac,0.142,,,
375,2026-08-07,SZ002594,-0.048220521520408205,EXP_DEnsembleModel_Alpha158_csi300_custom_step0_s_20260808_13,0b4bd5e028884aeb9893767e8443a1ac,0.142,,,
376,2026-08-07,SZ002602,0.04696946415466436,EXP_DEnsembleModel_Alpha158_csi300_custom_step0_s_20260808_13,0b4bd5e028884aeb9893767e8443a1ac,0.142,,,
377,2026-08-07,SZ002236,0.015153635229333004,EXP_DEnsembleModel_Alpha158_csi300_custom_step0_s_20260808_13,0b4bd5e028884aeb9893767e8443a1ac,0.142,,,
378,2026-08-07,SZ300394,0.19401366262339384,EXP_DEnsembleModel_Alpha158_csi300_custom_step0_s_20260808_13,0b4bd5e028884aeb9893767e8443a1ac,0.142,,,
379,2026-08-07,SZ300413,-0.08634816324915559,EXP_DEnsembleModel_Alpha158_csi300_custom_step0_s_20260808_13,0b4bd5e028884aeb9893767e8443a1ac,0.142,,,
380,2026-08-07,SH600000,0.014455153675120307,EXP_DEnsembleModel_Alpha158_csi300_custom_step0_s_20260808_13,817c547fac504d9cbcc2c169b9677fdd,0.096,,,
381,2026-08-07,SH600009,-0.06733388921366278,EXP_DEnsembleModel_Alpha158_csi300_custom_step0_s_20260808_13,817c547fac504d9cbcc2c169b9677fdd,0.096,,,
382,2026-08-07,SH600010,-0.06995397223586704,EXP_DEnsembleModel_Alpha158_csi300_custom_step0_s_20260808_13,817c547fac504d9cbcc2c169b9677fdd,0.096,,,
383,2026-08-07,SH600011,0.04929682650574223,EXP_DEnsembleModel_Alpha158_csi300_custom_step0_s_20260808_13,817c547fac504d9cbcc2c169b9677fdd,0.096,,,
384,2026-08-07,SH600015,0.06403574680776848,EXP_DEnsembleModel_Alpha158_csi300_custom_step0_s_20260808_13,817c547fac504d9cbcc2c169b9677fdd,0.096,,,
385,2026-08-07,SH600016,0.019905264200425623,EXP_DEnsembleModel_Alpha158_csi300_custom_step0_s_20260808_13,817c547fac504d9cbcc2c169b9677fdd,0.096,,,
386,2026-08-07,SH600018,0.07352265139842833,EXP_DEnsembleModel_Alpha158_csi300_custom_step0_s_20260808_13,817c547fac504d9cbcc2c169b9677fdd,0.096,,,
387,2026-08-07,SH600019,-0.05170931961001729,EXP_DEnsembleModel_Alpha158_csi300_custom_step0_s_20260808_13,817c547fac504d9cbcc2c169b9677fdd,0.096,,,
388,2026-08-07,SH600023,0.03490531863873844,EXP_DEnsembleModel_Alpha158_csi300_custom_step0_s_20260808_13,817c547fac504d9cbcc2c169b9677fdd,0.096,,,
389,2026-08-07,SH600025,0.05226375037124425,EXP_DEnsembleModel_Alpha158_csi300_custom_step0_s_20260808_13,817c547fac504d9cbcc2c169b9677fdd,0.096,,,
390,2026-08-07,SH600026,-0.023850258402105043,EXP_DEnsembleModel_Alpha158_csi300_custom_step0_s_20260808_13,817c547fac504d9cbcc2c169b9677fdd,0.096,,,
391,2026-08-07,SH600027,0.03039194479548956,EXP_DEnsembleModel_Alpha158_csi300_custom_step0_s_20260808_13,817c547fac504d9cbcc2c169b9677fdd,0.096,,,
392,2026-08-07,SH600028,-0.03920488483100655,EXP_DEnsembleModel_Alpha158_csi300_custom_step0_s_20260808_13,817c547fac504d9cbcc2c169b9677fdd,0.096,,,
393,2026-08-07,SH600029,0.015247086640788419,EXP_DEnsembleModel_Alpha158_csi300_custom_step0_s_20260808_13,817c547fac504d9cbcc2c169b9677fdd,0.096,,,
394,2026-08-07,SH600030,0.04264015440878599,EXP_DEnsembleModel_Alpha158_csi300_custom_step0_s_20260808_13,817c547fac504d9cbcc2c169b9677fdd,0.096,,,
395,2026-08-07,SH600031,-0.020215745503010092,EXP_DEnsembleModel_Alpha158_csi300_custom_step0_s_20260808_13,817c547fac504d9cbcc2c169b9677fdd,0.096,,,
396,2026-08-07,SH600036,0.030878436514908816,EXP_DEnsembleModel_Alpha158_csi300_custom_step0_s_20260808_13,817c547fac504d9cbcc2c169b9677fdd,0.096,,,
397,2026-08-07,SZ302132,0.009542577315601238,EXP_DEnsembleModel_Alpha158_csi300_custom_step0_s_20260808_13,0b4bd5e028884aeb9893767e8443a1ac,0.142,,,
398,2026-08-07,SZ300408,-0.003591444057088915,EXP_DEnsembleModel_Alpha158_csi300_custom_step0_s_20260808_13,0b4bd5e028884aeb9893767e8443a1ac,0.142,,,
399,2026-08-07,SZ301308,0.24506501020877383,EXP_DEnsembleModel_Alpha158_csi300_custom_step0_s_20260808_13,0b4bd5e028884aeb9893767e8443a1ac,0.142,,,
400,2026-08-07,SZ301236,-0.026367263993593144,EXP_DEnsembleModel_Alpha158_csi300_custom_step0_s_20260808_13,0b4bd5e028884aeb9893767e8443a1ac,0.142,,,
401,2026-08-07,SZ300418,-0.010746527186096168,EXP_DEnsembleModel_Alpha158_csi300_custom_step0_s_20260808_13,0b4bd5e028884aeb9893767e8443a1ac,0.142,,,
402,2026-08-07,SZ300433,0.18633072146145638,EXP_DEnsembleModel_Alpha158_csi300_custom_step0_s_20260808_13,0b4bd5e028884aeb9893767e8443a1ac,0.142,,,
403,2026-08-07,SZ300442,0.19678043593895614,EXP_DEnsembleModel_Alpha158_csi300_custom_step0_s_20260808_13,0b4bd5e028884aeb9893767e8443a1ac,0.142,,,
404,2026-08-07,SZ300450,0.026702983255134295,EXP_DEnsembleModel_Alpha158_csi300_custom_step0_s_20260808_13,0b4bd5e028884aeb9893767e8443a1ac,0.142,,,
405,2026-08-07,SZ300476,0.29547493238786665,EXP_DEnsembleModel_Alpha158_csi300_custom_step0_s_20260808_13,0b4bd5e028884aeb9893767e8443a1ac,0.142,,,
406,2026-08-07,SZ300498,-0.07301146291545256,EXP_DEnsembleModel_Alpha158_csi300_custom_step0_s_20260808_13,0b4bd5e028884aeb9893767e8443a1ac,0.142,,,
407,2026-08-07,SZ300502,0.2295591100296735,EXP_DEnsembleModel_Alpha158_csi300_custom_step0_s_20260808_13,0b4bd5e028884aeb9893767e8443a1ac,0.142,,,
408,2026-08-07,SZ300628,0.05439485043970099,EXP_DEnsembleModel_Alpha158_csi300_custom_step0_s_20260808_13,0b4bd5e028884aeb9893767e8443a1ac,0.142,,,
409,2026-08-07,SZ300661,0.14552242602398202,EXP_DEnsembleModel_Alpha158_csi300_custom_step0_s_20260808_13,0b4bd5e028884aeb9893767e8443a1ac,0.142,,,
410,2026-08-07,SZ300750,0.017814731407078628,EXP_DEnsembleModel_Alpha158_csi300_custom_step0_s_20260808_13,0b4bd5e028884aeb9893767e8443a1ac,0.142,,,
411,2026-08-07,SZ300760,-0.08138057792262768,EXP_DEnsembleModel_Alpha158_csi300_custom_step0_s_20260808_13,0b4bd5e028884aeb9893767e8443a1ac,0.142,,,
412,2026-08-07,SZ300803,-0.06075210399251735,EXP_DEnsembleModel_Alpha158_csi300_custom_step0_s_20260808_13,0b4bd5e028884aeb9893767e8443a1ac,0.142,,,
413,2026-08-07,SZ300832,-0.05475433610360903,EXP_DEnsembleModel_Alpha158_csi300_custom_step0_s_20260808_13,0b4bd5e028884aeb9893767e8443a1ac,0.142,,,
414,2026-08-07,SZ300866,-0.10317860029131516,EXP_DEnsembleModel_Alpha158_csi300_custom_step0_s_20260808_13,0b4bd5e028884aeb9893767e8443a1ac,0.142,,,
415,2026-08-07,SZ300896,-0.14951686462834132,EXP_DEnsembleModel_Alpha158_csi300_custom_step0_s_20260808_13,0b4bd5e028884aeb9893767e8443a1ac,0.142,,,
416,2026-08-07,SZ300999,-0.00036492082265783765,EXP_DEnsembleModel_Alpha158_csi300_custom_step0_s_20260808_13,0b4bd5e028884aeb9893767e8443a1ac,0.142,,,
417,2026-08-07,SZ301165,-0.09966833223229635,EXP_DEnsembleModel_Alpha158_csi300_custom_step0_s_20260808_13,0b4bd5e028884aeb9893767e8443a1ac,0.142,,,
418,2026-08-07,SZ301269,0.14350569911389807,EXP_DEnsembleModel_Alpha158_csi300_custom_step0_s_20260808_13,0b4bd5e028884aeb9893767e8443a1ac,0.142,,,
419,2026-08-07,SZ002230,-0.0588130299822088,EXP_DEnsembleModel_Alpha158_csi300_custom_step0_s_20260808_13,0b4bd5e028884aeb9893767e8443a1ac,0.142,,,
420,2026-08-07,SZ002202,0.09622602284899544,EXP_DEnsembleModel_Alpha158_csi300_custom_step0_s_20260808_13,0b4bd5e028884aeb9893767e8443a1ac,0.142,,,
421,2026-08-07,SZ002179,0.09662444094118323,EXP_DEnsembleModel_Alpha158_csi300_custom_step0_s_20260808_13,0b4bd5e028884aeb9893767e8443a1ac,0.142,,,
422,2026-08-07,SH688041,0.025682719793369592,EXP_DEnsembleModel_Alpha158_csi300_custom_step0_s_20260808_13,0b4bd5e028884aeb9893767e8443a1ac,0.142,,,
423,2026-08-07,SH688047,0.23513687648199852,EXP_DEnsembleModel_Alpha158_csi300_custom_step0_s_20260808_13,0b4bd5e028884aeb9893767e8443a1ac,0.142,,,
424,2026-08-07,SH688072,-0.025922090410556004,EXP_DEnsembleModel_Alpha158_csi300_custom_step0_s_20260808_13,0b4bd5e028884aeb9893767e8443a1ac,0.142,,,
425,2026-08-07,SH688082,0.11120404203677077,EXP_DEnsembleModel_Alpha158_csi300_custom_step0_s_20260808_13,0b4bd5e028884aeb9893767e8443a1ac,0.142,,,
426,2026-08-07,SH688111,0.08593796277626024,EXP_DEnsembleModel_Alpha158_csi300_custom_step0_s_20260808_13,0b4bd5e028884aeb9893767e8443a1ac,0.142,,,
427,2026-08-07,SH688126,0.1454751325806163,EXP_DEnsembleModel_Alpha158_csi300_custom_step0_s_20260808_13,0b4bd5e028884aeb9893767e8443a1ac,0.142,,,
428,2026-08-07,SH688183,0.140710447053054,EXP_DEnsembleModel_Alpha158_csi300_custom_step0_s_20260808_13,0b4bd5e028884aeb9893767e8443a1ac,0.142,,,
429,2026-08-07,SH688223,-0.01166805670224479,EXP_DEnsembleModel_Alpha158_csi300_custom_step0_s_20260808_13,0b4bd5e028884aeb9893767e8443a1ac,0.142,,,
430,2026-08-07,SH688256,0.07665384631470644,EXP_DEnsembleModel_Alpha158_csi300_custom_step0_s_20260808_13,0b4bd5e028884aeb9893767e8443a1ac,0.142,,,
431,2026-08-07,SH688271,-0.07940027419902064,EXP_DEnsembleModel_Alpha158_csi300_custom_step0_s_20260808_13,0b4bd5e028884aeb9893767e8443a1ac,0.142,,,
432,2026-08-07,SH688303,0.06509880286584047,EXP_DEnsembleModel_Alpha158_csi300_custom_step0_s_20260808_13,0b4bd5e028884aeb9893767e8443a1ac,0.142,,,
433,2026-08-07,SH688396,0.14249065823867446,EXP_DEnsembleModel_Alpha158_csi300_custom_step0_s_20260808_13,0b4bd5e028884aeb9893767e8443a1ac,0.142,,,
434,2026-08-07,SH688472,0.01539173445824966,EXP_DEnsembleModel_Alpha158_csi300_custom_step0_s_20260808_13,0b4bd5e028884aeb9893767e8443a1ac,0.142,,,
435,2026-08-07,SH688506,-0.18185044548924914,EXP_DEnsembleModel_Alpha158_csi300_custom_step0_s_20260808_13,0b4bd5e028884aeb9893767e8443a1ac,0.142,,,
436,2026-08-07,SH688521,0.2492885263900009,EXP_DEnsembleModel_Alpha158_csi300_custom_step0_s_20260808_13,0b4bd5e028884aeb9893767e8443a1ac,0.142,,,
437,2026-08-07,SH688981,0.10729389006282533,EXP_DEnsembleModel_Alpha158_csi300_custom_step0_s_20260808_13,0b4bd5e028884aeb9893767e8443a1ac,0.142,,,
438,2026-08-07,SZ000001,0.09051434905841366,EXP_DEnsembleModel_Alpha158_csi300_custom_step0_s_20260808_13,0b4bd5e028884aeb9893767e8443a1ac,0.142,,,
439,2026-08-07,SH688036,-0.020075068057251882,EXP_DEnsembleModel_Alpha158_csi300_custom_step0_s_20260808_13,0b4bd5e028884aeb9893767e8443a1ac,0.142,,,
440,2026-08-07,SZ000002,-0.09631932400988873,EXP_DEnsembleModel_Alpha158_csi300_custom_step0_s_20260808_13,0b4bd5e028884aeb9893767e8443a1ac,0.142,,,
441,2026-08-07,SH688012,0.12744361319136935,EXP_DEnsembleModel_Alpha158_csi300_custom_step0_s_20260808_13,0b4bd5e028884aeb9893767e8443a1ac,0.142,,,
442,2026-08-07,SH688008,0.11863901322252139,EXP_DEnsembleModel_Alpha158_csi300_custom_step0_s_20260808_13,0b4bd5e028884aeb9893767e8443a1ac,0.142,,,
443,2026-08-07,SH601988,0.052583538216347585,EXP_DEnsembleModel_Alpha158_csi300_custom_step0_s_20260808_13,0b4bd5e028884aeb9893767e8443a1ac,0.142,,,
444,2026-08-07,SH601995,-0.0019048827043111301,EXP_DEnsembleModel_Alpha158_csi300_custom_step0_s_20260808_13,0b4bd5e028884aeb9893767e8443a1ac,0.142,,,
445,2026-08-07,SH601998,-0.006170054408203372,EXP_DEnsembleModel_Alpha158_csi300_custom_step0_s_20260808_13,0b4bd5e028884aeb9893767e8443a1ac,0.142,,,
446,2026-08-07,SH603019,-0.06635314064583162,EXP_DEnsembleModel_Alpha158_csi300_custom_step0_s_20260808_13,0b4bd5e028884aeb9893767e8443a1ac,0.142,,,
447,2026-08-07,SH603259,-0.32132223354785433,EXP_DEnsembleModel_Alpha158_csi300_custom_step0_s_20260808_13,0b4bd5e028884aeb9893767e8443a1ac,0.142,,,
448,2026-08-07,SH603260,0.11398287019214176,EXP_DEnsembleModel_Alpha158_csi300_custom_step0_s_20260808_13,0b4bd5e028884aeb9893767e8443a1ac,0.142,,,
449,2026-08-07,SH603288,0.02926194472302526,EXP_DEnsembleModel_Alpha158_csi300_custom_step0_s_20260808_13,0b4bd5e028884aeb9893767e8443a1ac,0.142,,,
450,2026-08-07,SH603296,-0.15024908908449736,EXP_DEnsembleModel_Alpha158_csi300_custom_step0_s_20260808_13,0b4bd5e028884aeb9893767e8443a1ac,0.142,,,
451,2026-08-07,SH603369,-0.06347210106266575,EXP_DEnsembleModel_Alpha158_csi300_custom_step0_s_20260808_13,0b4bd5e028884aeb9893767e8443a1ac,0.142,,,
452,2026-08-07,SH603392,-0.07646519760403603,EXP_DEnsembleModel_Alpha158_csi300_custom_step0_s_20260808_13,0b4bd5e028884aeb9893767e8443a1ac,0.142,,,
453,2026-08-07,SH603501,-0.024091493549747853,EXP_DEnsembleModel_Alpha158_csi300_custom_step0_s_20260808_13,0b4bd5e028884aeb9893767e8443a1ac,0.142,,,
454,2026-08-07,SH603799,-0.03118336257588578,EXP_DEnsembleModel_Alpha158_csi300_custom_step0_s_20260808_13,0b4bd5e028884aeb9893767e8443a1ac,0.142,,,
455,2026-08-07,SH603893,-0.07563386000634677,EXP_DEnsembleModel_Alpha158_csi300_custom_step0_s_20260808_13,0b4bd5e028884aeb9893767e8443a1ac,0.142,,,
456,2026-08-07,SH603986,0.16288461058497042,EXP_DEnsembleModel_Alpha158_csi300_custom_step0_s_20260808_13,0b4bd5e028884aeb9893767e8443a1ac,0.142,,,
457,2026-08-07,SH603993,-0.08775172608379338,EXP_DEnsembleModel_Alpha158_csi300_custom_step0_s_20260808_13,0b4bd5e028884aeb9893767e8443a1ac,0.142,,,
458,2026-08-07,SH605117,0.09872237114583425,EXP_DEnsembleModel_Alpha158_csi300_custom_step0_s_20260808_13,0b4bd5e028884aeb9893767e8443a1ac,0.142,,,
459,2026-08-07,SH605499,-0.07698859051891023,EXP_DEnsembleModel_Alpha158_csi300_custom_step0_s_20260808_13,0b4bd5e028884aeb9893767e8443a1ac,0.142,,,
460,2026-08-07,SH688009,0.028640958168549762,EXP_DEnsembleModel_Alpha158_csi300_custom_step0_s_20260808_13,0b4bd5e028884aeb9893767e8443a1ac,0.142,,,
461,2026-08-07,SZ000063,-0.06960315082613691,EXP_DEnsembleModel_Alpha158_csi300_custom_step0_s_20260808_13,0b4bd5e028884aeb9893767e8443a1ac,0.142,,,
462,2026-08-07,SZ000100,-0.04979109686878875,EXP_DEnsembleModel_Alpha158_csi300_custom_step0_s_20260808_13,0b4bd5e028884aeb9893767e8443a1ac,0.142,,,
463,2026-08-07,SZ000157,0.025342849527649355,EXP_DEnsembleModel_Alpha158_csi300_custom_step0_s_20260808_13,0b4bd5e028884aeb9893767e8443a1ac,0.142,,,
464,2026-08-07,SZ000938,-0.1232013678938862,EXP_DEnsembleModel_Alpha158_csi300_custom_step0_s_20260808_13,0b4bd5e028884aeb9893767e8443a1ac,0.142,,,
465,2026-08-07,SZ000963,-0.06608371427218312,EXP_DEnsembleModel_Alpha158_csi300_custom_step0_s_20260808_13,0b4bd5e028884aeb9893767e8443a1ac,0.142,,,
466,2026-08-07,SZ000975,-0.2401489118779014,EXP_DEnsembleModel_Alpha158_csi300_custom_step0_s_20260808_13,0b4bd5e028884aeb9893767e8443a1ac,0.142,,,
467,2026-08-07,SZ000977,-0.10331590562146183,EXP_DEnsembleModel_Alpha158_csi300_custom_step0_s_20260808_13,0b4bd5e028884aeb9893767e8443a1ac,0.142,,,
468,2026-08-07,SZ000988,0.17919786666013574,EXP_DEnsembleModel_Alpha158_csi300_custom_step0_s_20260808_13,0b4bd5e028884aeb9893767e8443a1ac,0.142,,,
469,2026-08-07,SZ000999,0.02342560235211498,EXP_DEnsembleModel_Alpha158_csi300_custom_step0_s_20260808_13,0b4bd5e028884aeb9893767e8443a1ac,0.142,,,
470,2026-08-07,SZ001280,-0.12166459232170107,EXP_DEnsembleModel_Alpha158_csi300_custom_step0_s_20260808_13,0b4bd5e028884aeb9893767e8443a1ac,0.142,,,
471,2026-08-07,SZ001391,0.05867079318947481,EXP_DEnsembleModel_Alpha158_csi300_custom_step0_s_20260808_13,0b4bd5e028884aeb9893767e8443a1ac,0.142,,,
472,2026-08-07,SZ001965,-0.032698756763586995,EXP_DEnsembleModel_Alpha158_csi300_custom_step0_s_20260808_13,0b4bd5e028884aeb9893767e8443a1ac,0.142,,,
473,2026-08-07,SZ001979,-0.052424439362915264,EXP_DEnsembleModel_Alpha158_csi300_custom_step0_s_20260808_13,0b4bd5e028884aeb9893767e8443a1ac,0.142,,,
474,2026-08-07,SZ002001,-0.05115460440560236,EXP_DEnsembleModel_Alpha158_csi300_custom_step0_s_20260808_13,0b4bd5e028884aeb9893767e8443a1ac,0.142,,,
475,2026-08-07,SZ002027,-0.023261015919253437,EXP_DEnsembleModel_Alpha158_csi300_custom_step0_s_20260808_13,0b4bd5e028884aeb9893767e8443a1ac,0.142,,,
476,2026-08-07,SZ002028,0.04131088674870709,EXP_DEnsembleModel_Alpha158_csi300_custom_step0_s_20260808_13,0b4bd5e028884aeb9893767e8443a1ac,0.142,,,
477,2026-08-07,SZ002049,0.1331729530986715,EXP_DEnsembleModel_Alpha158_csi300_custom_step0_s_20260808_13,0b4bd5e028884aeb9893767e8443a1ac,0.142,,,
478,2026-08-07,SZ002050,0.1036935966198741,EXP_DEnsembleModel_Alpha158_csi300_custom_step0_s_20260808_13,0b4bd5e028884aeb9893767e8443a1ac,0.142,,,
479,2026-08-07,SZ002074,-0.05719950632947418,EXP_DEnsembleModel_Alpha158_csi300_custom_step0_s_20260808_13,0b4bd5e028884aeb9893767e8443a1ac,0.142,,,
480,2026-08-07,SZ002142,0.11418626574191365,EXP_DEnsembleModel_Alpha158_csi300_custom_step0_s_20260808_13,0b4bd5e028884aeb9893767e8443a1ac,0.142,,,
481,2026-08-07,SZ000895,-0.013913529837533812,EXP_DEnsembleModel_Alpha158_csi300_custom_step0_s_20260808_13,0b4bd5e028884aeb9893767e8443a1ac,0.142,,,
482,2026-08-07,SZ000858,-0.07742160939996127,EXP_DEnsembleModel_Alpha158_csi300_custom_step0_s_20260808_13,0b4bd5e028884aeb9893767e8443a1ac,0.142,,,
483,2026-08-07,SZ000807,-0.13862642671606626,EXP_DEnsembleModel_Alpha158_csi300_custom_step0_s_20260808_13,0b4bd5e028884aeb9893767e8443a1ac,0.142,,,
484,2026-08-07,SZ000792,-0.007802121152150694,EXP_DEnsembleModel_Alpha158_csi300_custom_step0_s_20260808_13,0b4bd5e028884aeb9893767e8443a1ac,0.142,,,
485,2026-08-07,SZ000166,0.10747552318408406,EXP_DEnsembleModel_Alpha158_csi300_custom_step0_s_20260808_13,0b4bd5e028884aeb9893767e8443a1ac,0.142,,,
486,2026-08-07,SZ000301,-0.0872543551648572,EXP_DEnsembleModel_Alpha158_csi300_custom_step0_s_20260808_13,0b4bd5e028884aeb9893767e8443a1ac,0.142,,,
487,2026-08-07,SZ000333,0.09507364349346252,EXP_DEnsembleModel_Alpha158_csi300_custom_step0_s_20260808_13,0b4bd5e028884aeb9893767e8443a1ac,0.142,,,
488,2026-08-07,SZ000338,-0.07036163063889773,EXP_DEnsembleModel_Alpha158_csi300_custom_step0_s_20260808_13,0b4bd5e028884aeb9893767e8443a1ac,0.142,,,
489,2026-08-07,SZ000408,-0.13699410032441706,EXP_DEnsembleModel_Alpha158_csi300_custom_step0_s_20260808_13,0b4bd5e028884aeb9893767e8443a1ac,0.142,,,
490,2026-08-07,SZ000425,-0.048994732534240845,EXP_DEnsembleModel_Alpha158_csi300_custom_step0_s_20260808_13,0b4bd5e028884aeb9893767e8443a1ac,0.142,,,
491,2026-08-07,SZ000538,0.03206099176939518,EXP_DEnsembleModel_Alpha158_csi300_custom_step0_s_20260808_13,0b4bd5e028884aeb9893767e8443a1ac,0.142,,,
492,2026-08-07,SZ000568,-0.09896004669268109,EXP_DEnsembleModel_Alpha158_csi300_custom_step0_s_20260808_13,0b4bd5e028884aeb9893767e8443a1ac,0.142,,,
493,2026-08-07,SH600039,-0.006361358399419935,EXP_DEnsembleModel_Alpha158_csi300_custom_step0_s_20260808_13,817c547fac504d9cbcc2c169b9677fdd,0.096,,,
494,2026-08-07,SZ000596,-0.0832926955006014,EXP_DEnsembleModel_Alpha158_csi300_custom_step0_s_20260808_13,0b4bd5e028884aeb9893767e8443a1ac,0.142,,,
495,2026-08-07,SZ000625,-0.03812358230528935,EXP_DEnsembleModel_Alpha158_csi300_custom_step0_s_20260808_13,0b4bd5e028884aeb9893767e8443a1ac,0.142,,,
496,2026-08-07,SZ000630,-0.030578792113120017,EXP_DEnsembleModel_Alpha158_csi300_custom_step0_s_20260808_13,0b4bd5e028884aeb9893767e8443a1ac,0.142,,,
497,2026-08-07,SZ000651,0.03076792827500182,EXP_DEnsembleModel_Alpha158_csi300_custom_step0_s_20260808_13,0b4bd5e028884aeb9893767e8443a1ac,0.142,,,
498,2026-08-07,SZ000657,0.16390501792204973,EXP_DEnsembleModel_Alpha158_csi300_custom_step0_s_20260808_13,0b4bd5e028884aeb9893767e8443a1ac,0.142,,,
499,2026-08-07,SZ000708,0.0031824040541154,EXP_DEnsembleModel_Alpha158_csi300_custom_step0_s_20260808_13,0b4bd5e028884aeb9893767e8443a1ac,0.142,,,
500,2026-08-07,SZ000725,0.02343454054235147,EXP_DEnsembleModel_Alpha158_csi300_custom_step0_s_20260808_13,0b4bd5e028884aeb9893767e8443a1ac,0.142,,,
501,2026-08-07,SZ000768,0.06980446578715814,EXP_DEnsembleModel_Alpha158_csi300_custom_step0_s_20260808_13,0b4bd5e028884aeb9893767e8443a1ac,0.142,,,
502,2026-08-07,SZ000776,-0.11753666790186651,EXP_DEnsembleModel_Alpha158_csi300_custom_step0_s_20260808_13,0b4bd5e028884aeb9893767e8443a1ac,0.142,,,
503,2026-08-07,SZ000617,-0.020462472363326795,EXP_DEnsembleModel_Alpha158_csi300_custom_step0_s_20260808_13,0b4bd5e028884aeb9893767e8443a1ac,0.142,,,
504,2026-08-07,SZ001391,-0.02097821264210459,EXP_DEnsembleModel_Alpha158_csi300_custom_step0_s_20260808_13,df2d3d3c1ed342c999e430f5ae964c46,0.062,,,
505,2026-08-07,SH600048,-0.05566030859169862,EXP_DEnsembleModel_Alpha158_csi300_custom_step0_s_20260808_13,817c547fac504d9cbcc2c169b9677fdd,0.096,,,
506,2026-08-07,SH600061,0.02986612141165394,EXP_DEnsembleModel_Alpha158_csi300_custom_step0_s_20260808_13,817c547fac504d9cbcc2c169b9677fdd,0.096,,,
507,2026-08-07,SH601689,0.1447299030237126,EXP_DEnsembleModel_Alpha158_csi300_custom_step0_s_20260808_13,817c547fac504d9cbcc2c169b9677fdd,0.096,,,
508,2026-08-07,SH601698,0.06287848248766795,EXP_DEnsembleModel_Alpha158_csi300_custom_step0_s_20260808_13,817c547fac504d9cbcc2c169b9677fdd,0.096,,,
509,2026-08-07,SH601727,-0.03771670321339732,EXP_DEnsembleModel_Alpha158_csi300_custom_step0_s_20260808_13,817c547fac504d9cbcc2c169b9677fdd,0.096,,,
510,2026-08-07,SH601728,-0.08125610347491258,EXP_DEnsembleModel_Alpha158_csi300_custom_step0_s_20260808_13,817c547fac504d9cbcc2c169b9677fdd,0.096,,,
511,2026-08-07,SH601766,-0.0031266360927097265,EXP_DEnsembleModel_Alpha158_csi300_custom_step0_s_20260808_13,817c547fac504d9cbcc2c169b9677fdd,0.096,,,
512,2026-08-07,SH601788,0.05975803499998442,EXP_DEnsembleModel_Alpha158_csi300_custom_step0_s_20260808_13,817c547fac504d9cbcc2c169b9677fdd,0.096,,,
513,2026-08-07,SH601800,-0.01831178264081344,EXP_DEnsembleModel_Alpha158_csi300_custom_step0_s_20260808_13,817c547fac504d9cbcc2c169b9677fdd,0.096,,,
514,2026-08-07,SH601816,0.0375342000428707,EXP_DEnsembleModel_Alpha158_csi300_custom_step0_s_20260808_13,817c547fac504d9cbcc2c169b9677fdd,0.096,,,
515,2026-08-07,SH601818,0.033075368873628136,EXP_DEnsembleModel_Alpha158_csi300_custom_step0_s_20260808_13,817c547fac504d9cbcc2c169b9677fdd,0.096,,,
516,2026-08-07,SH601825,-0.05034468355498551,EXP_DEnsembleModel_Alpha158_csi300_custom_step0_s_20260808_13,817c547fac504d9cbcc2c169b9677fdd,0.096,,,
517,2026-08-07,SH601838,0.06320602609850344,EXP_DEnsembleModel_Alpha158_csi300_custom_step0_s_20260808_13,817c547fac504d9cbcc2c169b9677fdd,0.096,,,
518,2026-08-07,SH601857,-0.0803801566954889,EXP_DEnsembleModel_Alpha158_csi300_custom_step0_s_20260808_13,817c547fac504d9cbcc2c169b9677fdd,0.096,,,
519,2026-08-07,SH601868,0.027742756102616277,EXP_DEnsembleModel_Alpha158_csi300_custom_step0_s_20260808_13,817c547fac504d9cbcc2c169b9677fdd,0.096,,,
520,2026-08-07,SH601872,-0.14589631514077342,EXP_DEnsembleModel_Alpha158_csi300_custom_step0_s_20260808_13,817c547fac504d9cbcc2c169b9677fdd,0.096,,,
521,2026-08-07,SH601877,-0.01929582437500789,EXP_DEnsembleModel_Alpha158_csi300_custom_step0_s_20260808_13,817c547fac504d9cbcc2c169b9677fdd,0.096,,,
522,2026-08-07,SH601878,0.04499991258523096,EXP_DEnsembleModel_Alpha158_csi300_custom_step0_s_20260808_13,817c547fac504d9cbcc2c169b9677fdd,0.096,,,
523,2026-08-07,SH601881,0.020616098595799354,EXP_DEnsembleModel_Alpha158_csi300_custom_step0_s_20260808_13,817c547fac504d9cbcc2c169b9677fdd,0.096,,,
524,2026-08-07,SH601688,0.021149160961841863,EXP_DEnsembleModel_Alpha158_csi300_custom_step0_s_20260808_13,817c547fac504d9cbcc2c169b9677fdd,0.096,,,
525,2026-08-07,SH601888,-0.135712127849106,EXP_DEnsembleModel_Alpha158_csi300_custom_step0_s_20260808_13,817c547fac504d9cbcc2c169b9677fdd,0.096,,,
526,2026-08-07,SH601669,0.05962140350450907,EXP_DEnsembleModel_Alpha158_csi300_custom_step0_s_20260808_13,817c547fac504d9cbcc2c169b9677fdd,0.096,,,
527,2026-08-07,SH601658,0.06187036568244795,EXP_DEnsembleModel_Alpha158_csi300_custom_step0_s_20260808_13,817c547fac504d9cbcc2c169b9677fdd,0.096,,,
528,2026-08-07,SH601238,-0.10262833172587434,EXP_DEnsembleModel_Alpha158_csi300_custom_step0_s_20260808_13,817c547fac504d9cbcc2c169b9677fdd,0.096,,,
529,2026-08-07,SH601288,-0.0488481701733655,EXP_DEnsembleModel_Alpha158_csi300_custom_step0_s_20260808_13,817c547fac504d9cbcc2c169b9677fdd,0.096,,,
530,2026-08-07,SH601318,0.0003083766125683561,EXP_DEnsembleModel_Alpha158_csi300_custom_step0_s_20260808_13,817c547fac504d9cbcc2c169b9677fdd,0.096,,,
531,2026-08-07,SH601319,0.062312815863890106,EXP_DEnsembleModel_Alpha158_csi300_custom_step0_s_20260808_13,817c547fac504d9cbcc2c169b9677fdd,0.096,,,
532,2026-08-07,SH601328,0.0022554009741068484,EXP_DEnsembleModel_Alpha158_csi300_custom_step0_s_20260808_13,817c547fac504d9cbcc2c169b9677fdd,0.096,,,
533,2026-08-07,SH601336,-0.018470653079606613,EXP_DEnsembleModel_Alpha158_csi300_custom_step0_s_20260808_13,817c547fac504d9cbcc2c169b9677fdd,0.096,,,
534,2026-08-07,SH601360,-0.023745760901101684,EXP_DEnsembleModel_Alpha158_csi300_custom_step0_s_20260808_13,817c547fac504d9cbcc2c169b9677fdd,0.096,,,
535,2026-08-07,SH601377,0.10237294904888085,EXP_DEnsembleModel_Alpha158_csi300_custom_step0_s_20260808_13,817c547fac504d9cbcc2c169b9677fdd,0.096,,,
536,2026-08-07,SH601390,-0.004076240611930527,EXP_DEnsembleModel_Alpha158_csi300_custom_step0_s_20260808_13,817c547fac504d9cbcc2c169b9677fdd,0.096,,,
537,2026-08-07,SH601398,0.007989793122558693,EXP_DEnsembleModel_Alpha158_csi300_custom_step0_s_20260808_13,817c547fac504d9cbcc2c169b9677fdd,0.096,,,
538,2026-08-07,SH601456,0.06706518026867311,EXP_DEnsembleModel_Alpha158_csi300_custom_step0_s_20260808_13,817c547fac504d9cbcc2c169b9677fdd,0.096,,,
539,2026-08-07,SH601600,-0.051724348854985,EXP_DEnsembleModel_Alpha158_csi300_custom_step0_s_20260808_13,817c547fac504d9cbcc2c169b9677fdd,0.096,,,
540,2026-08-07,SH601601,-0.03202927058929925,EXP_DEnsembleModel_Alpha158_csi300_custom_step0_s_20260808_13,817c547fac504d9cbcc2c169b9677fdd,0.096,,,
541,2026-08-07,SH601607,0.052619507271876094,EXP_DEnsembleModel_Alpha158_csi300_custom_step0_s_20260808_13,817c547fac504d9cbcc2c169b9677fdd,0.096,,,
542,2026-08-07,SH601618,-0.0013075137413741521,EXP_DEnsembleModel_Alpha158_csi300_custom_step0_s_20260808_13,817c547fac504d9cbcc2c169b9677fdd,0.096,,,
543,2026-08-07,SH601628,-0.06769187855580014,EXP_DEnsembleModel_Alpha158_csi300_custom_step0_s_20260808_13,817c547fac504d9cbcc2c169b9677fdd,0.096,,,
544,2026-08-07,SH601633,-0.06455650208509209,EXP_DEnsembleModel_Alpha158_csi300_custom_step0_s_20260808_13,817c547fac504d9cbcc2c169b9677fdd,0.096,,,
545,2026-08-07,SH601668,0.014530953392061839,EXP_DEnsembleModel_Alpha158_csi300_custom_step0_s_20260808_13,817c547fac504d9cbcc2c169b9677fdd,0.096,,,
546,2026-08-07,SH601229,0.05669220562862897,EXP_DEnsembleModel_Alpha158_csi300_custom_step0_s_20260808_13,817c547fac504d9cbcc2c169b9677fdd,0.096,,,
547,2026-08-07,SH601898,-0.12741431614409185,EXP_DEnsembleModel_Alpha158_csi300_custom_step0_s_20260808_13,817c547fac504d9cbcc2c169b9677fdd,0.096,,,
548,2026-08-07,SH601901,0.059801399271077464,EXP_DEnsembleModel_Alpha158_csi300_custom_step0_s_20260808_13,817c547fac504d9cbcc2c169b9677fdd,0.096,,,
549,2026-08-07,SH688008,0.20915391866474048,EXP_DEnsembleModel_Alpha158_csi300_custom_step0_s_20260808_13,817c547fac504d9cbcc2c169b9677fdd,0.096,,,
550,2026-08-07,SH688009,0.01509664701624666,EXP_DEnsembleModel_Alpha158_csi300_custom_step0_s_20260808_13,817c547fac504d9cbcc2c169b9677fdd,0.096,,,
551,2026-08-07,SH688012,0.020094756225921422,EXP_DEnsembleModel_Alpha158_csi300_custom_step0_s_20260808_13,817c547fac504d9cbcc2c169b9677fdd,0.096,,,
552,2026-08-07,SH688036,-0.027597486132276344,EXP_DEnsembleModel_Alpha158_csi300_custom_step0_s_20260808_13,817c547fac504d9cbcc2c169b9677fdd,0.096,,,
553,2026-08-07,SH688041,0.09056169870623458,EXP_DEnsembleModel_Alpha158_csi300_custom_step0_s_20260808_13,817c547fac504d9cbcc2c169b9677fdd,0.096,,,
554,2026-08-07,SH688047,0.30376305791141384,EXP_DEnsembleModel_Alpha158_csi300_custom_step0_s_20260808_13,817c547fac504d9cbcc2c169b9677fdd,0.096,,,
555,2026-08-07,SH688072,0.027663811944130996,EXP_DEnsembleModel_Alpha158_csi300_custom_step0_s_20260808_13,817c547fac504d9cbcc2c169b9677fdd,0.096,,,
556,2026-08-07,SH688082,0.11362689173779943,EXP_DEnsembleModel_Alpha158_csi300_custom_step0_s_20260808_13,817c547fac504d9cbcc2c169b9677fdd,0.096,,,
557,2026-08-07,SH688111,0.07440017421850458,EXP_DEnsembleModel_Alpha158_csi300_custom_step0_s_20260808_13,817c547fac504d9cbcc2c169b9677fdd,0.096,,,
558,2026-08-07,SH688126,0.2083116941919381,EXP_DEnsembleModel_Alpha158_csi300_custom_step0_s_20260808_13,817c547fac504d9cbcc2c169b9677fdd,0.096,,,
559,2026-08-07,SH688183,0.20727053092516481,EXP_DEnsembleModel_Alpha158_csi300_custom_step0_s_20260808_13,817c547fac504d9cbcc2c169b9677fdd,0.096,,,
560,2026-08-07,SH688223,-0.0619047078417304,EXP_DEnsembleModel_Alpha158_csi300_custom_step0_s_20260808_13,817c547fac504d9cbcc2c169b9677fdd,0.096,,,
561,2026-08-07,SH688256,0.08508594595237731,EXP_DEnsembleModel_Alpha158_csi300_custom_step0_s_20260808_13,817c547fac504d9cbcc2c169b9677fdd,0.096,,,
562,2026-08-07,SH688271,-0.09809977277570055,EXP_DEnsembleModel_Alpha158_csi300_custom_step0_s_20260808_13,817c547fac504d9cbcc2c169b9677fdd,0.096,,,
563,2026-08-07,SH688303,0.05972354399092618,EXP_DEnsembleModel_Alpha158_csi300_custom_step0_s_20260808_13,817c547fac504d9cbcc2c169b9677fdd,0.096,,,
564,2026-08-07,SH688396,0.15117751390917517,EXP_DEnsembleModel_Alpha158_csi300_custom_step0_s_20260808_13,817c547fac504d9cbcc2c169b9677fdd,0.096,,,
565,2026-08-07,SH688472,-0.04316173282363055,EXP_DEnsembleModel_Alpha158_csi300_custom_step0_s_20260808_13,817c547fac504d9cbcc2c169b9677fdd,0.096,,,
566,2026-08-07,SH605499,-0.09908133215483156,EXP_DEnsembleModel_Alpha158_csi300_custom_step0_s_20260808_13,817c547fac504d9cbcc2c169b9677fdd,0.096,,,
567,2026-08-07,SH601899,-0.16154296829712825,EXP_DEnsembleModel_Alpha158_csi300_custom_step0_s_20260808_13,817c547fac504d9cbcc2c169b9677fdd,0.096,,,
568,2026-08-07,SH605117,0.007853108055302451,EXP_DEnsembleModel_Alpha158_csi300_custom_step0_s_20260808_13,817c547fac504d9cbcc2c169b9677fdd,0.096,,,
569,2026-08-07,SH603986,0.1816369509563928,EXP_DEnsembleModel_Alpha158_csi300_custom_step0_s_20260808_13,817c547fac504d9cbcc2c169b9677fdd,0.096,,,
570,2026-08-07,SH601916,0.05665711390790534,EXP_DEnsembleModel_Alpha158_csi300_custom_step0_s_20260808_13,817c547fac504d9cbcc2c169b9677fdd,0.096,,,
571,2026-08-07,SH601919,0.04081210553033857,EXP_DEnsembleModel_Alpha158_csi300_custom_step0_s_20260808_13,817c547fac504d9cbcc2c169b9677fdd,0.096,,,
572,2026-08-07,SH601939,0.01605212999733666,EXP_DEnsembleModel_Alpha158_csi300_custom_step0_s_20260808_13,817c547fac504d9cbcc2c169b9677fdd,0.096,,,
573,2026-08-07,SH601985,0.10258018157031698,EXP_DEnsembleModel_Alpha158_csi300_custom_step0_s_20260808_13,817c547fac504d9cbcc2c169b9677fdd,0.096,,,
574,2026-08-07,SH601988,0.07179272014232764,EXP_DEnsembleModel_Alpha158_csi300_custom_step0_s_20260808_13,817c547fac504d9cbcc2c169b9677fdd,0.096,,,
575,2026-08-07,SH601995,0.03338268048635003,EXP_DEnsembleModel_Alpha158_csi300_custom_step0_s_20260808_13,817c547fac504d9cbcc2c169b9677fdd,0.096,,,
576,2026-08-07,SH601998,-0.025997937081066236,EXP_DEnsembleModel_Alpha158_csi300_custom_step0_s_20260808_13,817c547fac504d9cbcc2c169b9677fdd,0.096,,,
577,2026-08-07,SH603019,-0.010342316047839278,EXP_DEnsembleModel_Alpha158_csi300_custom_step0_s_20260808_13,817c547fac504d9cbcc2c169b9677fdd,0.096,,,
578,2026-08-07,SH603259,-0.2948946133389221,EXP_DEnsembleModel_Alpha158_csi300_custom_step0_s_20260808_13,817c547fac504d9cbcc2c169b9677fdd,0.096,,,
579,2026-08-07,SH603260,0.16879597835790613,EXP_DEnsembleModel_Alpha158_csi300_custom_step0_s_20260808_13,817c547fac504d9cbcc2c169b9677fdd,0.096,,,
580,2026-08-07,SH603288,-0.017663782019063472,EXP_DEnsembleModel_Alpha158_csi300_custom_step0_s_20260808_13,817c547fac504d9cbcc2c169b9677fdd,0.096,,,
581,2026-08-07,SH603296,-0.10646901993456043,EXP_DEnsembleModel_Alpha158_csi300_custom_step0_s_20260808_13,817c547fac504d9cbcc2c169b9677fdd,0.096,,,
582,2026-08-07,SH603369,-0.11789018591753972,EXP_DEnsembleModel_Alpha158_csi300_custom_step0_s_20260808_13,817c547fac504d9cbcc2c169b9677fdd,0.096,,,
583,2026-08-07,SH603392,-0.09458559120981469,EXP_DEnsembleModel_Alpha158_csi300_custom_step0_s_20260808_13,817c547fac504d9cbcc2c169b9677fdd,0.096,,,
584,2026-08-07,SH603501,-0.00674263478385865,EXP_DEnsembleModel_Alpha158_csi300_custom_step0_s_20260808_13,817c547fac504d9cbcc2c169b9677fdd,0.096,,,
585,2026-08-07,SH603799,0.04325930146186907,EXP_DEnsembleModel_Alpha158_csi300_custom_step0_s_20260808_13,817c547fac504d9cbcc2c169b9677fdd,0.096,,,
586,2026-08-07,SH603893,-0.026511803190838245,EXP_DEnsembleModel_Alpha158_csi300_custom_step0_s_20260808_13,817c547fac504d9cbcc2c169b9677fdd,0.096,,,
587,2026-08-07,SH603993,-0.0597498019057444,EXP_DEnsembleModel_Alpha158_csi300_custom_step0_s_20260808_13,817c547fac504d9cbcc2c169b9677fdd,0.096,,,
588,2026-08-07,SH601225,-0.01692762459818843,EXP_DEnsembleModel_Alpha158_csi300_custom_step0_s_20260808_13,817c547fac504d9cbcc2c169b9677fdd,0.096,,,
589,2026-08-07,SH601211,0.0028600101156696102,EXP_DEnsembleModel_Alpha158_csi300_custom_step0_s_20260808_13,817c547fac504d9cbcc2c169b9677fdd,0.096,,,
590,2026-08-07,SH601186,0.05217394966080385,EXP_DEnsembleModel_Alpha158_csi300_custom_step0_s_20260808_13,817c547fac504d9cbcc2c169b9677fdd,0.096,,,
591,2026-08-07,SH600406,-0.06356369527424371,EXP_DEnsembleModel_Alpha158_csi300_custom_step0_s_20260808_13,817c547fac504d9cbcc2c169b9677fdd,0.096,,,
592,2026-08-07,SH600415,-0.06293675724622386,EXP_DEnsembleModel_Alpha158_csi300_custom_step0_s_20260808_13,817c547fac504d9cbcc2c169b9677fdd,0.096,,,
593,2026-08-07,SH600426,-0.10164377434726928,EXP_DEnsembleModel_Alpha158_csi300_custom_step0_s_20260808_13,817c547fac504d9cbcc2c169b9677fdd,0.096,,,
594,2026-08-07,SH600436,-0.10619501966856373,EXP_DEnsembleModel_Alpha158_csi300_custom_step0_s_20260808_13,817c547fac504d9cbcc2c169b9677fdd,0.096,,,
595,2026-08-07,SH600438,-0.09545350200592483,EXP_DEnsembleModel_Alpha158_csi300_custom_step0_s_20260808_13,817c547fac504d9cbcc2c169b9677fdd,0.096,,,
596,2026-08-07,SH600460,0.13730651627077417,EXP_DEnsembleModel_Alpha158_csi300_custom_step0_s_20260808_13,817c547fac504d9cbcc2c169b9677fdd,0.096,,,
597,2026-08-07,SH600482,0.03860112614326392,EXP_DEnsembleModel_Alpha158_csi300_custom_step0_s_20260808_13,817c547fac504d9cbcc2c169b9677fdd,0.096,,,
598,2026-08-07,SH600489,-0.14575942884065243,EXP_DEnsembleModel_Alpha158_csi300_custom_step0_s_20260808_13,817c547fac504d9cbcc2c169b9677fdd,0.096,,,
599,2026-08-07,SH600515,-0.04767952647225799,EXP_DEnsembleModel_Alpha158_csi300_custom_step0_s_20260808_13,817c547fac504d9cbcc2c169b9677fdd,0.096,,,
600,2026-08-07,SH600519,-0.06286742166814152,EXP_DEnsembleModel_Alpha158_csi300_custom_step0_s_20260808_13,817c547fac504d9cbcc2c169b9677fdd,0.096,,,
601,2026-08-07,SH600522,0.2462429920542852,EXP_DEnsembleModel_Alpha158_csi300_custom_step0_s_20260808_13,817c547fac504d9cbcc2c169b9677fdd,0.096,,,
602,2026-08-07,SH600547,-0.14712776396495345,EXP_DEnsembleModel_Alpha158_csi300_custom_step0_s_20260808_13,817c547fac504d9cbcc2c169b9677fdd,0.096,,,
603,2026-08-07,SH600549,0.293854240732554,EXP_DEnsembleModel_Alpha158_csi300_custom_step0_s_20260808_13,817c547fac504d9cbcc2c169b9677fdd,0.096,,,
604,2026-08-07,SH600570,-0.06646191596646436,EXP_DEnsembleModel_Alpha158_csi300_custom_step0_s_20260808_13,817c547fac504d9cbcc2c169b9677fdd,0.096,,,
605,2026-08-07,SH600584,0.15357412039353643,EXP_DEnsembleModel_Alpha158_csi300_custom_step0_s_20260808_13,817c547fac504d9cbcc2c169b9677fdd,0.096,,,
606,2026-08-07,SH600585,-0.06840505370473562,EXP_DEnsembleModel_Alpha158_csi300_custom_step0_s_20260808_13,817c547fac504d9cbcc2c169b9677fdd,0.096,,,
607,2026-08-07,SH600588,0.13825832300784938,EXP_DEnsembleModel_Alpha158_csi300_custom_step0_s_20260808_13,817c547fac504d9cbcc2c169b9677fdd,0.096,,,
608,2026-08-07,SH600372,0.038043058618885545,EXP_DEnsembleModel_Alpha158_csi300_custom_step0_s_20260808_13,817c547fac504d9cbcc2c169b9677fdd,0.096,,,
609,2026-08-07,SH600600,-0.10177203299738113,EXP_DEnsembleModel_Alpha158_csi300_custom_step0_s_20260808_13,817c547fac504d9cbcc2c169b9677fdd,0.096,,,
610,2026-08-07,SH600362,-0.021434367391560856,EXP_DEnsembleModel_Alpha158_csi300_custom_step0_s_20260808_13,817c547fac504d9cbcc2c169b9677fdd,0.096,,,
611,2026-08-07,SH600309,-0.04914234242477352,EXP_DEnsembleModel_Alpha158_csi300_custom_step0_s_20260808_13,817c547fac504d9cbcc2c169b9677fdd,0.096,,,
612,2026-08-07,SH600066,-0.009265864206462535,EXP_DEnsembleModel_Alpha158_csi300_custom_step0_s_20260808_13,817c547fac504d9cbcc2c169b9677fdd,0.096,,,
613,2026-08-07,SH600085,-0.055735796369450724,EXP_DEnsembleModel_Alpha158_csi300_custom_step0_s_20260808_13,817c547fac504d9cbcc2c169b9677fdd,0.096,,,
614,2026-08-07,SH600089,-0.027878815947627814,EXP_DEnsembleModel_Alpha158_csi300_custom_step0_s_20260808_13,817c547fac504d9cbcc2c169b9677fdd,0.096,,,
615,2026-08-07,SH600104,-0.08898833254812236,EXP_DEnsembleModel_Alpha158_csi300_custom_step0_s_20260808_13,817c547fac504d9cbcc2c169b9677fdd,0.096,,,
616,2026-08-07,SH600111,0.0957952120215689,EXP_DEnsembleModel_Alpha158_csi300_custom_step0_s_20260808_13,817c547fac504d9cbcc2c169b9677fdd,0.096,,,
617,2026-08-07,SH600115,0.039057486530224506,EXP_DEnsembleModel_Alpha158_csi300_custom_step0_s_20260808_13,817c547fac504d9cbcc2c169b9677fdd,0.096,,,
618,2026-08-07,SH600118,0.31287640049470683,EXP_DEnsembleModel_Alpha158_csi300_custom_step0_s_20260808_13,817c547fac504d9cbcc2c169b9677fdd,0.096,,,
619,2026-08-07,SH600150,-0.10285262052555928,EXP_DEnsembleModel_Alpha158_csi300_custom_step0_s_20260808_13,817c547fac504d9cbcc2c169b9677fdd,0.096,,,
620,2026-08-07,SH600160,0.0911640190596532,EXP_DEnsembleModel_Alpha158_csi300_custom_step0_s_20260808_13,817c547fac504d9cbcc2c169b9677fdd,0.096,,,
621,2026-08-07,SH600176,0.2466328294642816,EXP_DEnsembleModel_Alpha158_csi300_custom_step0_s_20260808_13,817c547fac504d9cbcc2c169b9677fdd,0.096,,,
622,2026-08-07,SH600183,0.049204910264835144,EXP_DEnsembleModel_Alpha158_csi300_custom_step0_s_20260808_13,817c547fac504d9cbcc2c169b9677fdd,0.096,,,
623,2026-08-07,SH600188,-0.009841613914728866,EXP_DEnsembleModel_Alpha158_csi300_custom_step0_s_20260808_13,817c547fac504d9cbcc2c169b9677fdd,0.096,,,
624,2026-08-07,SH600196,-0.06702812211562872,EXP_DEnsembleModel_Alpha158_csi300_custom_step0_s_20260808_13,817c547fac504d9cbcc2c169b9677fdd,0.096,,,
625,2026-08-07,SH600219,-0.08389152168917692,EXP_DEnsembleModel_Alpha158_csi300_custom_step0_s_20260808_13,817c547fac504d9cbcc2c169b9677fdd,0.096,,,
626,2026-08-07,SH600221,0.027439184461436294,EXP_DEnsembleModel_Alpha158_csi300_custom_step0_s_20260808_13,817c547fac504d9cbcc2c169b9677fdd,0.096,,,
627,2026-08-07,SH600233,-0.07364078449536264,EXP_DEnsembleModel_Alpha158_csi300_custom_step0_s_20260808_13,817c547fac504d9cbcc2c169b9677fdd,0.096,,,
628,2026-08-07,SH600276,-0.08573944945175813,EXP_DEnsembleModel_Alpha158_csi300_custom_step0_s_20260808_13,817c547fac504d9cbcc2c169b9677fdd,0.096,,,
629,2026-08-07,SH600346,-0.09324746943114592,EXP_DEnsembleModel_Alpha158_csi300_custom_step0_s_20260808_13,817c547fac504d9cbcc2c169b9677fdd,0.096,,,
630,2026-08-07,SH600660,-0.08677248956466713,EXP_DEnsembleModel_Alpha158_csi300_custom_step0_s_20260808_13,817c547fac504d9cbcc2c169b9677fdd,0.096,,,
631,2026-08-07,SH600674,0.05823947613510561,EXP_DEnsembleModel_Alpha158_csi300_custom_step0_s_20260808_13,817c547fac504d9cbcc2c169b9677fdd,0.096,,,
632,2026-08-07,SH600690,0.006216437263672899,EXP_DEnsembleModel_Alpha158_csi300_custom_step0_s_20260808_13,817c547fac504d9cbcc2c169b9677fdd,0.096,,,
633,2026-08-07,SH601009,0.023659388438906404,EXP_DEnsembleModel_Alpha158_csi300_custom_step0_s_20260808_13,817c547fac504d9cbcc2c169b9677fdd,0.096,,,
634,2026-08-07,SH601012,-0.10160612651132106,EXP_DEnsembleModel_Alpha158_csi300_custom_step0_s_20260808_13,817c547fac504d9cbcc2c169b9677fdd,0.096,,,
635,2026-08-07,SH601018,0.05763854879280029,EXP_DEnsembleModel_Alpha158_csi300_custom_step0_s_20260808_13,817c547fac504d9cbcc2c169b9677fdd,0.096,,,
636,2026-08-07,SH601021,0.10025708279142288,EXP_DEnsembleModel_Alpha158_csi300_custom_step0_s_20260808_13,817c547fac504d9cbcc2c169b9677fdd,0.096,,,
637,2026-08-07,SH601058,0.017843486886888103,EXP_DEnsembleModel_Alpha158_csi300_custom_step0_s_20260808_13,817c547fac504d9cbcc2c169b9677fdd,0.096,,,
638,2026-08-07,SH601059,-0.002618437992481764,EXP_DEnsembleModel_Alpha158_csi300_custom_step0_s_20260808_13,817c547fac504d9cbcc2c169b9677fdd,0.096,,,
639,2026-08-07,SH601066,0.03442498853719635,EXP_DEnsembleModel_Alpha158_csi300_custom_step0_s_20260808_13,817c547fac504d9cbcc2c169b9677fdd,0.096,,,
640,2026-08-07,SH601077,0.04988483310822974,EXP_DEnsembleModel_Alpha158_csi300_custom_step0_s_20260808_13,817c547fac504d9cbcc2c169b9677fdd,0.096,,,
641,2026-08-07,SH601088,-0.045172298730821486,EXP_DEnsembleModel_Alpha158_csi300_custom_step0_s_20260808_13,817c547fac504d9cbcc2c169b9677fdd,0.096,,,
642,2026-08-07,SH601100,0.014018629000428117,EXP_DEnsembleModel_Alpha158_csi300_custom_step0_s_20260808_13,817c547fac504d9cbcc2c169b9677fdd,0.096,,,
643,2026-08-07,SH601111,0.06767958979388161,EXP_DEnsembleModel_Alpha158_csi300_custom_step0_s_20260808_13,817c547fac504d9cbcc2c169b9677fdd,0.096,,,
644,2026-08-07,SH601117,0.04144914291567989,EXP_DEnsembleModel_Alpha158_csi300_custom_step0_s_20260808_13,817c547fac504d9cbcc2c169b9677fdd,0.096,,,
645,2026-08-07,SH601127,-0.10536317026108172,EXP_DEnsembleModel_Alpha158_csi300_custom_step0_s_20260808_13,817c547fac504d9cbcc2c169b9677fdd,0.096,,,
646,2026-08-07,SH601136,-0.06396149816287885,EXP_DEnsembleModel_Alpha158_csi300_custom_step0_s_20260808_13,817c547fac504d9cbcc2c169b9677fdd,0.096,,,
647,2026-08-07,SH601138,-0.1002444879329864,EXP_DEnsembleModel_Alpha158_csi300_custom_step0_s_20260808_13,817c547fac504d9cbcc2c169b9677fdd,0.096,,,
648,2026-08-07,SH601166,0.03833882251720406,EXP_DEnsembleModel_Alpha158_csi300_custom_step0_s_20260808_13,817c547fac504d9cbcc2c169b9677fdd,0.096,,,
649,2026-08-07,SH601169,0.07092846120123275,EXP_DEnsembleModel_Alpha158_csi300_custom_step0_s_20260808_13,817c547fac504d9cbcc2c169b9677fdd,0.096,,,
650,2026-08-07,SH601006,0.0009395806263098652,EXP_DEnsembleModel_Alpha158_csi300_custom_step0_s_20260808_13,817c547fac504d9cbcc2c169b9677fdd,0.096,,,
651,2026-08-07,SH600999,0.028051024634758948,EXP_DEnsembleModel_Alpha158_csi300_custom_step0_s_20260808_13,817c547fac504d9cbcc2c169b9677fdd,0.096,,,
652,2026-08-07,SH600989,-0.03112026461534195,EXP_DEnsembleModel_Alpha158_csi300_custom_step0_s_20260808_13,817c547fac504d9cbcc2c169b9677fdd,0.096,,,
653,2026-08-07,SH600958,0.039030194058232784,EXP_DEnsembleModel_Alpha158_csi300_custom_step0_s_20260808_13,817c547fac504d9cbcc2c169b9677fdd,0.096,,,
654,2026-08-07,SH600741,0.012311284163979848,EXP_DEnsembleModel_Alpha158_csi300_custom_step0_s_20260808_13,817c547fac504d9cbcc2c169b9677fdd,0.096,,,
655,2026-08-07,SH600760,-0.07109270153884231,EXP_DEnsembleModel_Alpha158_csi300_custom_step0_s_20260808_13,817c547fac504d9cbcc2c169b9677fdd,0.096,,,
656,2026-08-07,SH600795,0.06897587680720006,EXP_DEnsembleModel_Alpha158_csi300_custom_step0_s_20260808_13,817c547fac504d9cbcc2c169b9677fdd,0.096,,,
657,2026-08-07,SH600803,-0.06110138548573326,EXP_DEnsembleModel_Alpha158_csi300_custom_step0_s_20260808_13,817c547fac504d9cbcc2c169b9677fdd,0.096,,,
658,2026-08-07,SH600809,-0.14166641951966732,EXP_DEnsembleModel_Alpha158_csi300_custom_step0_s_20260808_13,817c547fac504d9cbcc2c169b9677fdd,0.096,,,
659,2026-08-07,SH600845,-0.1767358075940147,EXP_DEnsembleModel_Alpha158_csi300_custom_step0_s_20260808_13,817c547fac504d9cbcc2c169b9677fdd,0.096,,,
660,2026-08-07,SH600875,-0.05533961955208523,EXP_DEnsembleModel_Alpha158_csi300_custom_step0_s_20260808_13,817c547fac504d9cbcc2c169b9677fdd,0.096,,,
661,2026-08-07,SH600886,0.06013654241493664,EXP_DEnsembleModel_Alpha158_csi300_custom_step0_s_20260808_13,817c547fac504d9cbcc2c169b9677fdd,0.096,,,
662,2026-08-07,SH600050,-0.022815570954302655,EXP_DEnsembleModel_Alpha158_csi300_custom_step0_s_20260808_13,817c547fac504d9cbcc2c169b9677fdd,0.096,,,
663,2026-08-07,SH600887,0.014347748548843147,EXP_DEnsembleModel_Alpha158_csi300_custom_step0_s_20260808_13,817c547fac504d9cbcc2c169b9677fdd,0.096,,,
664,2026-08-07,SH600900,0.046970830216803934,EXP_DEnsembleModel_Alpha158_csi300_custom_step0_s_20260808_13,817c547fac504d9cbcc2c169b9677fdd,0.096,,,
665,2026-08-07,SH600905,0.10695413867990436,EXP_DEnsembleModel_Alpha158_csi300_custom_step0_s_20260808_13,817c547fac504d9cbcc2c169b9677fdd,0.096,,,
666,2026-08-07,SH600918,-0.009974060200887662,EXP_DEnsembleModel_Alpha158_csi300_custom_step0_s_20260808_13,817c547fac504d9cbcc2c169b9677fdd,0.096,,,
667,2026-08-07,SH600919,0.10846560704508366,EXP_DEnsembleModel_Alpha158_csi300_custom_step0_s_20260808_13,817c547fac504d9cbcc2c169b9677fdd,0.096,,,
668,2026-08-07,SH600926,0.07831053961963585,EXP_DEnsembleModel_Alpha158_csi300_custom_step0_s_20260808_13,817c547fac504d9cbcc2c169b9677fdd,0.096,,,
669,2026-08-07,SH600930,0.008164890217923425,EXP_DEnsembleModel_Alpha158_csi300_custom_step0_s_20260808_13,817c547fac504d9cbcc2c169b9677fdd,0.096,,,
670,2026-08-07,SH600938,-0.059974770088318495,EXP_DEnsembleModel_Alpha158_csi300_custom_step0_s_20260808_13,817c547fac504d9cbcc2c169b9677fdd,0.096,,,
671,2026-08-07,SH600941,-0.01918441390312262,EXP_DEnsembleModel_Alpha158_csi300_custom_step0_s_20260808_13,817c547fac504d9cbcc2c169b9677fdd,0.096,,,
672,2026-08-07,SH600893,0.010605163703731548,EXP_DEnsembleModel_Alpha158_csi300_custom_step0_s_20260808_13,817c547fac504d9cbcc2c169b9677fdd,0.096,,,
673,2026-08-07,SH601985,0.10522911179653235,EXP_DEnsembleModel_Alpha158_csi300_custom_step0_s_20260808_13,0b4bd5e028884aeb9893767e8443a1ac,0.142,,,
674,2026-08-07,SZ001965,-0.024187999991578512,EXP_DEnsembleModel_Alpha158_csi300_custom_step0_s_20260808_13,df2d3d3c1ed342c999e430f5ae964c46,0.062,,,
675,2026-08-07,SZ002001,-0.06512988555724676,EXP_DEnsembleModel_Alpha158_csi300_custom_step0_s_20260808_13,df2d3d3c1ed342c999e430f5ae964c46,0.062,,,
676,2026-08-07,SH600886,0.03934671729803085,EXP_LinearModel_Alpha158_csi300_custom_step0_s_20260808_13,36db44d3712c466296cbac8a8913ec55,0.096,,,
677,2026-08-07,SH600887,0.012838641181588173,EXP_LinearModel_Alpha158_csi300_custom_step0_s_20260808_13,36db44d3712c466296cbac8a8913ec55,0.096,,,
678,2026-08-07,SH600893,-0.06905632466077805,EXP_LinearModel_Alpha158_csi300_custom_step0_s_20260808_13,36db44d3712c466296cbac8a8913ec55,0.096,,,
679,2026-08-07,SH600900,0.019186975434422493,EXP_LinearModel_Alpha158_csi300_custom_step0_s_20260808_13,36db44d3712c466296cbac8a8913ec55,0.096,,,
680,2026-08-07,SH600905,0.05995487794280052,EXP_LinearModel_Alpha158_csi300_custom_step0_s_20260808_13,36db44d3712c466296cbac8a8913ec55,0.096,,,
681,2026-08-07,SH600918,-0.035867635160684586,EXP_LinearModel_Alpha158_csi300_custom_step0_s_20260808_13,36db44d3712c466296cbac8a8913ec55,0.096,,,
682,2026-08-07,SH600919,0.03287511691451073,EXP_LinearModel_Alpha158_csi300_custom_step0_s_20260808_13,36db44d3712c466296cbac8a8913ec55,0.096,,,
683,2026-08-07,SH600926,0.019280537962913513,EXP_LinearModel_Alpha158_csi300_custom_step0_s_20260808_13,36db44d3712c466296cbac8a8913ec55,0.096,,,
684,2026-08-07,SH600930,0.015017906203866005,EXP_LinearModel_Alpha158_csi300_custom_step0_s_20260808_13,36db44d3712c466296cbac8a8913ec55,0.096,,,
685,2026-08-07,SH600938,-0.0161441657692194,EXP_LinearModel_Alpha158_csi300_custom_step0_s_20260808_13,36db44d3712c466296cbac8a8913ec55,0.096,,,
686,2026-08-07,SH600941,-0.00468762032687664,EXP_LinearModel_Alpha158_csi300_custom_step0_s_20260808_13,36db44d3712c466296cbac8a8913ec55,0.096,,,
687,2026-08-07,SH600958,-0.014476544223725796,EXP_LinearModel_Alpha158_csi300_custom_step0_s_20260808_13,36db44d3712c466296cbac8a8913ec55,0.096,,,
688,2026-08-07,SH600989,-0.03691311180591583,EXP_LinearModel_Alpha158_csi300_custom_step0_s_20260808_13,36db44d3712c466296cbac8a8913ec55,0.096,,,
689,2026-08-07,SH600999,0.08597654104232788,EXP_LinearModel_Alpha158_csi300_custom_step0_s_20260808_13,36db44d3712c466296cbac8a8913ec55,0.096,,,
690,2026-08-07,SH601006,0.01698877289891243,EXP_LinearModel_Alpha158_csi300_custom_step0_s_20260808_13,36db44d3712c466296cbac8a8913ec55,0.096,,,
691,2026-08-07,SH601009,0.05263752117753029,EXP_LinearModel_Alpha158_csi300_custom_step0_s_20260808_13,36db44d3712c466296cbac8a8913ec55,0.096,,,
692,2026-08-07,SH601012,-0.02929917350411415,EXP_LinearModel_Alpha158_csi300_custom_step0_s_20260808_13,36db44d3712c466296cbac8a8913ec55,0.096,,,
693,2026-08-07,SH600875,-0.09763267636299133,EXP_LinearModel_Alpha158_csi300_custom_step0_s_20260808_13,36db44d3712c466296cbac8a8913ec55,0.096,,,
694,2026-08-07,SH601018,0.04209534823894501,EXP_LinearModel_Alpha158_csi300_custom_step0_s_20260808_13,36db44d3712c466296cbac8a8913ec55,0.096,,,
695,2026-08-07,SH600845,-0.06034332513809204,EXP_LinearModel_Alpha158_csi300_custom_step0_s_20260808_13,36db44d3712c466296cbac8a8913ec55,0.096,,,
696,2026-08-07,SH600803,-0.021200068295001984,EXP_LinearModel_Alpha158_csi300_custom_step0_s_20260808_13,36db44d3712c466296cbac8a8913ec55,0.096,,,
697,2026-08-07,SH600489,-0.1532743275165558,EXP_LinearModel_Alpha158_csi300_custom_step0_s_20260808_13,36db44d3712c466296cbac8a8913ec55,0.096,,,
698,2026-08-07,SH600515,0.0010134079493582249,EXP_LinearModel_Alpha158_csi300_custom_step0_s_20260808_13,36db44d3712c466296cbac8a8913ec55,0.096,,,
699,2026-08-07,SH600519,-0.028213944286108017,EXP_LinearModel_Alpha158_csi300_custom_step0_s_20260808_13,36db44d3712c466296cbac8a8913ec55,0.096,,,
700,2026-08-07,SH600522,0.11217231303453445,EXP_LinearModel_Alpha158_csi300_custom_step0_s_20260808_13,36db44d3712c466296cbac8a8913ec55,0.096,,,
701,2026-08-07,SH600547,-0.11966025829315186,EXP_LinearModel_Alpha158_csi300_custom_step0_s_20260808_13,36db44d3712c466296cbac8a8913ec55,0.096,,,
702,2026-08-07,SH600549,-0.07874688506126404,EXP_LinearModel_Alpha158_csi300_custom_step0_s_20260808_13,36db44d3712c466296cbac8a8913ec55,0.096,,,
703,2026-08-07,SH600570,-0.03402646631002426,EXP_LinearModel_Alpha158_csi300_custom_step0_s_20260808_13,36db44d3712c466296cbac8a8913ec55,0.096,,,
704,2026-08-07,SH600584,-0.010092982091009617,EXP_LinearModel_Alpha158_csi300_custom_step0_s_20260808_13,36db44d3712c466296cbac8a8913ec55,0.096,,,
705,2026-08-07,SH600585,-0.029441723600029945,EXP_LinearModel_Alpha158_csi300_custom_step0_s_20260808_13,36db44d3712c466296cbac8a8913ec55,0.096,,,
706,2026-08-07,SH600588,0.08598078787326813,EXP_LinearModel_Alpha158_csi300_custom_step0_s_20260808_13,36db44d3712c466296cbac8a8913ec55,0.096,,,
707,2026-08-07,SH600600,-0.08894506096839905,EXP_LinearModel_Alpha158_csi300_custom_step0_s_20260808_13,36db44d3712c466296cbac8a8913ec55,0.096,,,
708,2026-08-07,SH600660,-0.0245114266872406,EXP_LinearModel_Alpha158_csi300_custom_step0_s_20260808_13,36db44d3712c466296cbac8a8913ec55,0.096,,,
709,2026-08-07,SH600674,0.03005950339138508,EXP_LinearModel_Alpha158_csi300_custom_step0_s_20260808_13,36db44d3712c466296cbac8a8913ec55,0.096,,,
710,2026-08-07,SH600690,0.013399620540440083,EXP_LinearModel_Alpha158_csi300_custom_step0_s_20260808_13,36db44d3712c466296cbac8a8913ec55,0.096,,,
711,2026-08-07,SH600741,0.05137240141630173,EXP_LinearModel_Alpha158_csi300_custom_step0_s_20260808_13,36db44d3712c466296cbac8a8913ec55,0.096,,,
712,2026-08-07,SH600760,-0.03087593801319599,EXP_LinearModel_Alpha158_csi300_custom_step0_s_20260808_13,36db44d3712c466296cbac8a8913ec55,0.096,,,
713,2026-08-07,SH600795,0.04556775465607643,EXP_LinearModel_Alpha158_csi300_custom_step0_s_20260808_13,36db44d3712c466296cbac8a8913ec55,0.096,,,
714,2026-08-07,SH600809,-0.062407318502664566,EXP_LinearModel_Alpha158_csi300_custom_step0_s_20260808_13,36db44d3712c466296cbac8a8913ec55,0.096,,,
715,2026-08-07,SH600482,-0.06312110275030136,EXP_LinearModel_Alpha158_csi300_custom_step0_s_20260808_13,36db44d3712c466296cbac8a8913ec55,0.096,,,
716,2026-08-07,SH601021,0.00737946480512619,EXP_LinearModel_Alpha158_csi300_custom_step0_s_20260808_13,36db44d3712c466296cbac8a8913ec55,0.096,,,
717,2026-08-07,SH601059,-0.038969166576862335,EXP_LinearModel_Alpha158_csi300_custom_step0_s_20260808_13,36db44d3712c466296cbac8a8913ec55,0.096,,,
718,2026-08-07,SH601360,-0.005273263901472092,EXP_LinearModel_Alpha158_csi300_custom_step0_s_20260808_13,36db44d3712c466296cbac8a8913ec55,0.096,,,
719,2026-08-07,SH601377,0.03906162828207016,EXP_LinearModel_Alpha158_csi300_custom_step0_s_20260808_13,36db44d3712c466296cbac8a8913ec55,0.096,,,
720,2026-08-07,SH601390,0.030604273080825806,EXP_LinearModel_Alpha158_csi300_custom_step0_s_20260808_13,36db44d3712c466296cbac8a8913ec55,0.096,,,
721,2026-08-07,SH601398,0.016310706734657288,EXP_LinearModel_Alpha158_csi300_custom_step0_s_20260808_13,36db44d3712c466296cbac8a8913ec55,0.096,,,
722,2026-08-07,SH601456,0.05501275882124901,EXP_LinearModel_Alpha158_csi300_custom_step0_s_20260808_13,36db44d3712c466296cbac8a8913ec55,0.096,,,
723,2026-08-07,SH601600,-0.05913112685084343,EXP_LinearModel_Alpha158_csi300_custom_step0_s_20260808_13,36db44d3712c466296cbac8a8913ec55,0.096,,,
724,2026-08-07,SH601601,0.005202439147979021,EXP_LinearModel_Alpha158_csi300_custom_step0_s_20260808_13,36db44d3712c466296cbac8a8913ec55,0.096,,,
725,2026-08-07,SH601607,0.0020549045875668526,EXP_LinearModel_Alpha158_csi300_custom_step0_s_20260808_13,36db44d3712c466296cbac8a8913ec55,0.096,,,
726,2026-08-07,SH601618,0.0023702429607510567,EXP_LinearModel_Alpha158_csi300_custom_step0_s_20260808_13,36db44d3712c466296cbac8a8913ec55,0.096,,,
727,2026-08-07,SH601628,-0.03776657208800316,EXP_LinearModel_Alpha158_csi300_custom_step0_s_20260808_13,36db44d3712c466296cbac8a8913ec55,0.096,,,
728,2026-08-07,SH601633,-0.03562546521425247,EXP_LinearModel_Alpha158_csi300_custom_step0_s_20260808_13,36db44d3712c466296cbac8a8913ec55,0.096,,,
729,2026-08-07,SH601658,0.023089800029993057,EXP_LinearModel_Alpha158_csi300_custom_step0_s_20260808_13,36db44d3712c466296cbac8a8913ec55,0.096,,,
730,2026-08-07,SH601668,0.08558650314807892,EXP_LinearModel_Alpha158_csi300_custom_step0_s_20260808_13,36db44d3712c466296cbac8a8913ec55,0.096,,,
731,2026-08-07,SH601669,-0.01874847151339054,EXP_LinearModel_Alpha158_csi300_custom_step0_s_20260808_13,36db44d3712c466296cbac8a8913ec55,0.096,,,
732,2026-08-07,SH601688,-0.022937927395105362,EXP_LinearModel_Alpha158_csi300_custom_step0_s_20260808_13,36db44d3712c466296cbac8a8913ec55,0.096,,,
733,2026-08-07,SH601689,-0.02362891286611557,EXP_LinearModel_Alpha158_csi300_custom_step0_s_20260808_13,36db44d3712c466296cbac8a8913ec55,0.096,,,
734,2026-08-07,SH601698,-0.06425532698631287,EXP_LinearModel_Alpha158_csi300_custom_step0_s_20260808_13,36db44d3712c466296cbac8a8913ec55,0.096,,,
735,2026-08-07,SH601336,-0.012354220263659954,EXP_LinearModel_Alpha158_csi300_custom_step0_s_20260808_13,36db44d3712c466296cbac8a8913ec55,0.096,,,
736,2026-08-07,SH601058,0.0026689604856073856,EXP_LinearModel_Alpha158_csi300_custom_step0_s_20260808_13,36db44d3712c466296cbac8a8913ec55,0.096,,,
737,2026-08-07,SH601328,0.04133303463459015,EXP_LinearModel_Alpha158_csi300_custom_step0_s_20260808_13,36db44d3712c466296cbac8a8913ec55,0.096,,,
738,2026-08-07,SH601318,0.03968697786331177,EXP_LinearModel_Alpha158_csi300_custom_step0_s_20260808_13,36db44d3712c466296cbac8a8913ec55,0.096,,,
739,2026-08-07,SH601066,0.01739969663321972,EXP_LinearModel_Alpha158_csi300_custom_step0_s_20260808_13,36db44d3712c466296cbac8a8913ec55,0.096,,,
740,2026-08-07,SH601077,-0.01523108035326004,EXP_LinearModel_Alpha158_csi300_custom_step0_s_20260808_13,36db44d3712c466296cbac8a8913ec55,0.096,,,
741,2026-08-07,SH601088,-0.04224484786391258,EXP_LinearModel_Alpha158_csi300_custom_step0_s_20260808_13,36db44d3712c466296cbac8a8913ec55,0.096,,,
742,2026-08-07,SH601100,0.05084565281867981,EXP_LinearModel_Alpha158_csi300_custom_step0_s_20260808_13,36db44d3712c466296cbac8a8913ec55,0.096,,,
743,2026-08-07,SH601111,-0.00015136413276195526,EXP_LinearModel_Alpha158_csi300_custom_step0_s_20260808_13,36db44d3712c466296cbac8a8913ec55,0.096,,,
744,2026-08-07,SH601117,-0.004030562937259674,EXP_LinearModel_Alpha158_csi300_custom_step0_s_20260808_13,36db44d3712c466296cbac8a8913ec55,0.096,,,
745,2026-08-07,SH601127,-0.08806173503398895,EXP_LinearModel_Alpha158_csi300_custom_step0_s_20260808_13,36db44d3712c466296cbac8a8913ec55,0.096,,,
746,2026-08-07,SH601136,-0.010304432362318039,EXP_LinearModel_Alpha158_csi300_custom_step0_s_20260808_13,36db44d3712c466296cbac8a8913ec55,0.096,,,
747,2026-08-07,SH601138,-0.14819882810115814,EXP_LinearModel_Alpha158_csi300_custom_step0_s_20260808_13,36db44d3712c466296cbac8a8913ec55,0.096,,,
748,2026-08-07,SH601166,0.033959317952394485,EXP_LinearModel_Alpha158_csi300_custom_step0_s_20260808_13,36db44d3712c466296cbac8a8913ec55,0.096,,,
749,2026-08-07,SH601169,0.07764873653650284,EXP_LinearModel_Alpha158_csi300_custom_step0_s_20260808_13,36db44d3712c466296cbac8a8913ec55,0.096,,,
750,2026-08-07,SH601186,0.026148932054638863,EXP_LinearModel_Alpha158_csi300_custom_step0_s_20260808_13,36db44d3712c466296cbac8a8913ec55,0.096,,,
751,2026-08-07,SH601211,-0.04469567537307739,EXP_LinearModel_Alpha158_csi300_custom_step0_s_20260808_13,36db44d3712c466296cbac8a8913ec55,0.096,,,
752,2026-08-07,SH601225,-0.0022342801094055176,EXP_LinearModel_Alpha158_csi300_custom_step0_s_20260808_13,36db44d3712c466296cbac8a8913ec55,0.096,,,
753,2026-08-07,SH601229,0.023712683469057083,EXP_LinearModel_Alpha158_csi300_custom_step0_s_20260808_13,36db44d3712c466296cbac8a8913ec55,0.096,,,
754,2026-08-07,SH601238,-0.0341532938182354,EXP_LinearModel_Alpha158_csi300_custom_step0_s_20260808_13,36db44d3712c466296cbac8a8913ec55,0.096,,,
755,2026-08-07,SH601288,-0.01652381382882595,EXP_LinearModel_Alpha158_csi300_custom_step0_s_20260808_13,36db44d3712c466296cbac8a8913ec55,0.096,,,
756,2026-08-07,SH601319,0.032070063054561615,EXP_LinearModel_Alpha158_csi300_custom_step0_s_20260808_13,36db44d3712c466296cbac8a8913ec55,0.096,,,
757,2026-08-07,SH601727,0.009809942916035652,EXP_LinearModel_Alpha158_csi300_custom_step0_s_20260808_13,36db44d3712c466296cbac8a8913ec55,0.096,,,
758,2026-08-07,SH600460,0.14520519971847534,EXP_LinearModel_Alpha158_csi300_custom_step0_s_20260808_13,36db44d3712c466296cbac8a8913ec55,0.096,,,
759,2026-08-07,SH600436,-0.05496487393975258,EXP_LinearModel_Alpha158_csi300_custom_step0_s_20260808_13,36db44d3712c466296cbac8a8913ec55,0.096,,,
760,2026-08-07,SZ300628,0.032392192631959915,EXP_LinearModel_Alpha158_csi300_custom_step0_s_20260808_13,ead5c6db497f4b1c8c1b56500001d5b1,0.111,,,
761,2026-08-07,SZ300661,-0.15399686992168427,EXP_LinearModel_Alpha158_csi300_custom_step0_s_20260808_13,ead5c6db497f4b1c8c1b56500001d5b1,0.111,,,
762,2026-08-07,SZ300750,-0.07699236273765564,EXP_LinearModel_Alpha158_csi300_custom_step0_s_20260808_13,ead5c6db497f4b1c8c1b56500001d5b1,0.111,,,
763,2026-08-07,SZ300760,-0.02562372013926506,EXP_LinearModel_Alpha158_csi300_custom_step0_s_20260808_13,ead5c6db497f4b1c8c1b56500001d5b1,0.111,,,
764,2026-08-07,SZ300803,0.0012365516740828753,EXP_LinearModel_Alpha158_csi300_custom_step0_s_20260808_13,ead5c6db497f4b1c8c1b56500001d5b1,0.111,,,
765,2026-08-07,SZ300832,0.027567969635128975,EXP_LinearModel_Alpha158_csi300_custom_step0_s_20260808_13,ead5c6db497f4b1c8c1b56500001d5b1,0.111,,,
766,2026-08-07,SZ300866,-0.05569006875157356,EXP_LinearModel_Alpha158_csi300_custom_step0_s_20260808_13,ead5c6db497f4b1c8c1b56500001d5b1,0.111,,,
767,2026-08-07,SZ300896,-0.026210347190499306,EXP_LinearModel_Alpha158_csi300_custom_step0_s_20260808_13,ead5c6db497f4b1c8c1b56500001d5b1,0.111,,,
768,2026-08-07,SZ300999,0.0015201573260128498,EXP_LinearModel_Alpha158_csi300_custom_step0_s_20260808_13,ead5c6db497f4b1c8c1b56500001d5b1,0.111,,,
769,2026-08-07,SZ301165,-0.11213337630033493,EXP_LinearModel_Alpha158_csi300_custom_step0_s_20260808_13,ead5c6db497f4b1c8c1b56500001d5b1,0.111,,,
770,2026-08-07,SZ301236,-0.05272107198834419,EXP_LinearModel_Alpha158_csi300_custom_step0_s_20260808_13,ead5c6db497f4b1c8c1b56500001d5b1,0.111,,,
771,2026-08-07,SZ301269,-0.03276921436190605,EXP_LinearModel_Alpha158_csi300_custom_step0_s_20260808_13,ead5c6db497f4b1c8c1b56500001d5b1,0.111,,,
772,2026-08-07,SZ301308,0.06151900440454483,EXP_LinearModel_Alpha158_csi300_custom_step0_s_20260808_13,ead5c6db497f4b1c8c1b56500001d5b1,0.111,,,
773,2026-08-07,SZ302132,-0.027460774406790733,EXP_LinearModel_Alpha158_csi300_custom_step0_s_20260808_13,ead5c6db497f4b1c8c1b56500001d5b1,0.111,,,
774,2026-08-07,SH600000,0.017257552593946457,EXP_LinearModel_Alpha158_csi300_custom_step0_s_20260808_13,36db44d3712c466296cbac8a8913ec55,0.096,,,
775,2026-08-07,SH600009,-0.05391761660575867,EXP_LinearModel_Alpha158_csi300_custom_step0_s_20260808_13,36db44d3712c466296cbac8a8913ec55,0.096,,,
776,2026-08-07,SH600010,-0.033682916313409805,EXP_LinearModel_Alpha158_csi300_custom_step0_s_20260808_13,36db44d3712c466296cbac8a8913ec55,0.096,,,
777,2026-08-07,SZ300502,0.00854780524969101,EXP_LinearModel_Alpha158_csi300_custom_step0_s_20260808_13,ead5c6db497f4b1c8c1b56500001d5b1,0.111,,,
778,2026-08-07,SH600011,-0.003531772643327713,EXP_LinearModel_Alpha158_csi300_custom_step0_s_20260808_13,36db44d3712c466296cbac8a8913ec55,0.096,,,
779,2026-08-07,SZ300498,-0.057569120079278946,EXP_LinearModel_Alpha158_csi300_custom_step0_s_20260808_13,ead5c6db497f4b1c8c1b56500001d5b1,0.111,,,
780,2026-08-07,SZ300450,-0.03037690930068493,EXP_LinearModel_Alpha158_csi300_custom_step0_s_20260808_13,ead5c6db497f4b1c8c1b56500001d5b1,0.111,,,
781,2026-08-07,SZ003816,0.021477751433849335,EXP_LinearModel_Alpha158_csi300_custom_step0_s_20260808_13,ead5c6db497f4b1c8c1b56500001d5b1,0.111,,,
782,2026-08-07,SZ300014,-0.013668738305568695,EXP_LinearModel_Alpha158_csi300_custom_step0_s_20260808_13,ead5c6db497f4b1c8c1b56500001d5b1,0.111,,,
783,2026-08-07,SZ300015,-0.0228851567953825,EXP_LinearModel_Alpha158_csi300_custom_step0_s_20260808_13,ead5c6db497f4b1c8c1b56500001d5b1,0.111,,,
784,2026-08-07,SZ300033,-0.009050795808434486,EXP_LinearModel_Alpha158_csi300_custom_step0_s_20260808_13,ead5c6db497f4b1c8c1b56500001d5b1,0.111,,,
785,2026-08-07,SZ300059,-0.02480253577232361,EXP_LinearModel_Alpha158_csi300_custom_step0_s_20260808_13,ead5c6db497f4b1c8c1b56500001d5b1,0.111,,,
786,2026-08-07,SZ300122,-0.05143320560455322,EXP_LinearModel_Alpha158_csi300_custom_step0_s_20260808_13,ead5c6db497f4b1c8c1b56500001d5b1,0.111,,,
787,2026-08-07,SZ300124,-0.007219524588435888,EXP_LinearModel_Alpha158_csi300_custom_step0_s_20260808_13,ead5c6db497f4b1c8c1b56500001d5b1,0.111,,,
788,2026-08-07,SZ300251,-0.07894551753997803,EXP_LinearModel_Alpha158_csi300_custom_step0_s_20260808_13,ead5c6db497f4b1c8c1b56500001d5b1,0.111,,,
789,2026-08-07,SZ300274,0.0872240737080574,EXP_LinearModel_Alpha158_csi300_custom_step0_s_20260808_13,ead5c6db497f4b1c8c1b56500001d5b1,0.111,,,
790,2026-08-07,SZ300308,0.05818445235490799,EXP_LinearModel_Alpha158_csi300_custom_step0_s_20260808_13,ead5c6db497f4b1c8c1b56500001d5b1,0.111,,,
791,2026-08-07,SZ300316,-0.0631469264626503,EXP_LinearModel_Alpha158_csi300_custom_step0_s_20260808_13,ead5c6db497f4b1c8c1b56500001d5b1,0.111,,,
792,2026-08-07,SZ300394,-0.19263455271720886,EXP_LinearModel_Alpha158_csi300_custom_step0_s_20260808_13,ead5c6db497f4b1c8c1b56500001d5b1,0.111,,,
793,2026-08-07,SZ300408,-0.11804564297199249,EXP_LinearModel_Alpha158_csi300_custom_step0_s_20260808_13,ead5c6db497f4b1c8c1b56500001d5b1,0.111,,,
794,2026-08-07,SZ300413,-0.02813313528895378,EXP_LinearModel_Alpha158_csi300_custom_step0_s_20260808_13,ead5c6db497f4b1c8c1b56500001d5b1,0.111,,,
795,2026-08-07,SZ300418,-0.09761633723974228,EXP_LinearModel_Alpha158_csi300_custom_step0_s_20260808_13,ead5c6db497f4b1c8c1b56500001d5b1,0.111,,,
796,2026-08-07,SZ300433,-0.041087303310632706,EXP_LinearModel_Alpha158_csi300_custom_step0_s_20260808_13,ead5c6db497f4b1c8c1b56500001d5b1,0.111,,,
797,2026-08-07,SZ300442,-0.12022000551223755,EXP_LinearModel_Alpha158_csi300_custom_step0_s_20260808_13,ead5c6db497f4b1c8c1b56500001d5b1,0.111,,,
798,2026-08-07,SZ300476,-0.14537672698497772,EXP_LinearModel_Alpha158_csi300_custom_step0_s_20260808_13,ead5c6db497f4b1c8c1b56500001d5b1,0.111,,,
799,2026-08-07,SH600438,-0.10796043276786804,EXP_LinearModel_Alpha158_csi300_custom_step0_s_20260808_13,36db44d3712c466296cbac8a8913ec55,0.096,,,
800,2026-08-07,SH600015,0.05931327864527702,EXP_LinearModel_Alpha158_csi300_custom_step0_s_20260808_13,36db44d3712c466296cbac8a8913ec55,0.096,,,
801,2026-08-07,SH600018,0.0870465561747551,EXP_LinearModel_Alpha158_csi300_custom_step0_s_20260808_13,36db44d3712c466296cbac8a8913ec55,0.096,,,
802,2026-08-07,SH600150,-0.01928606815636158,EXP_LinearModel_Alpha158_csi300_custom_step0_s_20260808_13,36db44d3712c466296cbac8a8913ec55,0.096,,,
803,2026-08-07,SH600160,-0.029202107340097427,EXP_LinearModel_Alpha158_csi300_custom_step0_s_20260808_13,36db44d3712c466296cbac8a8913ec55,0.096,,,
804,2026-08-07,SH600176,0.1635228842496872,EXP_LinearModel_Alpha158_csi300_custom_step0_s_20260808_13,36db44d3712c466296cbac8a8913ec55,0.096,,,
805,2026-08-07,SH600183,-0.13351401686668396,EXP_LinearModel_Alpha158_csi300_custom_step0_s_20260808_13,36db44d3712c466296cbac8a8913ec55,0.096,,,
806,2026-08-07,SH600188,-0.09958041459321976,EXP_LinearModel_Alpha158_csi300_custom_step0_s_20260808_13,36db44d3712c466296cbac8a8913ec55,0.096,,,
807,2026-08-07,SH600196,-0.049019649624824524,EXP_LinearModel_Alpha158_csi300_custom_step0_s_20260808_13,36db44d3712c466296cbac8a8913ec55,0.096,,,
808,2026-08-07,SH600219,-0.01892365887761116,EXP_LinearModel_Alpha158_csi300_custom_step0_s_20260808_13,36db44d3712c466296cbac8a8913ec55,0.096,,,
809,2026-08-07,SH600221,0.10082538425922394,EXP_LinearModel_Alpha158_csi300_custom_step0_s_20260808_13,36db44d3712c466296cbac8a8913ec55,0.096,,,
810,2026-08-07,SH600233,-0.029618242755532265,EXP_LinearModel_Alpha158_csi300_custom_step0_s_20260808_13,36db44d3712c466296cbac8a8913ec55,0.096,,,
811,2026-08-07,SH600276,-0.048937197774648666,EXP_LinearModel_Alpha158_csi300_custom_step0_s_20260808_13,36db44d3712c466296cbac8a8913ec55,0.096,,,
812,2026-08-07,SH600309,-0.052011165767908096,EXP_LinearModel_Alpha158_csi300_custom_step0_s_20260808_13,36db44d3712c466296cbac8a8913ec55,0.096,,,
813,2026-08-07,SH600346,-0.046041782945394516,EXP_LinearModel_Alpha158_csi300_custom_step0_s_20260808_13,36db44d3712c466296cbac8a8913ec55,0.096,,,
814,2026-08-07,SH600362,-0.14842377603054047,EXP_LinearModel_Alpha158_csi300_custom_step0_s_20260808_13,36db44d3712c466296cbac8a8913ec55,0.096,,,
815,2026-08-07,SH600372,-0.043217603117227554,EXP_LinearModel_Alpha158_csi300_custom_step0_s_20260808_13,36db44d3712c466296cbac8a8913ec55,0.096,,,
816,2026-08-07,SH600406,-0.029072709381580353,EXP_LinearModel_Alpha158_csi300_custom_step0_s_20260808_13,36db44d3712c466296cbac8a8913ec55,0.096,,,
817,2026-08-07,SH600415,-0.02799880877137184,EXP_LinearModel_Alpha158_csi300_custom_step0_s_20260808_13,36db44d3712c466296cbac8a8913ec55,0.096,,,
818,2026-08-07,SH600426,-0.06078178808093071,EXP_LinearModel_Alpha158_csi300_custom_step0_s_20260808_13,36db44d3712c466296cbac8a8913ec55,0.096,,,
819,2026-08-07,SH600118,-0.013976788148283958,EXP_LinearModel_Alpha158_csi300_custom_step0_s_20260808_13,36db44d3712c466296cbac8a8913ec55,0.096,,,
820,2026-08-07,SH600016,0.04322115704417229,EXP_LinearModel_Alpha158_csi300_custom_step0_s_20260808_13,36db44d3712c466296cbac8a8913ec55,0.096,,,
821,2026-08-07,SH600115,-0.03581130504608154,EXP_LinearModel_Alpha158_csi300_custom_step0_s_20260808_13,36db44d3712c466296cbac8a8913ec55,0.096,,,
822,2026-08-07,SH600104,-0.061199404299259186,EXP_LinearModel_Alpha158_csi300_custom_step0_s_20260808_13,36db44d3712c466296cbac8a8913ec55,0.096,,,
823,2026-08-07,SH600019,-0.03207426518201828,EXP_LinearModel_Alpha158_csi300_custom_step0_s_20260808_13,36db44d3712c466296cbac8a8913ec55,0.096,,,
824,2026-08-07,SH600023,0.06048966199159622,EXP_LinearModel_Alpha158_csi300_custom_step0_s_20260808_13,36db44d3712c466296cbac8a8913ec55,0.096,,,
825,2026-08-07,SH600025,0.04984443262219429,EXP_LinearModel_Alpha158_csi300_custom_step0_s_20260808_13,36db44d3712c466296cbac8a8913ec55,0.096,,,
826,2026-08-07,SH600026,-0.03985891491174698,EXP_LinearModel_Alpha158_csi300_custom_step0_s_20260808_13,36db44d3712c466296cbac8a8913ec55,0.096,,,
827,2026-08-07,SH600027,0.01203075610101223,EXP_LinearModel_Alpha158_csi300_custom_step0_s_20260808_13,36db44d3712c466296cbac8a8913ec55,0.096,,,
828,2026-08-07,SH600028,0.006437292322516441,EXP_LinearModel_Alpha158_csi300_custom_step0_s_20260808_13,36db44d3712c466296cbac8a8913ec55,0.096,,,
829,2026-08-07,SH600029,0.03158952668309212,EXP_LinearModel_Alpha158_csi300_custom_step0_s_20260808_13,36db44d3712c466296cbac8a8913ec55,0.096,,,
830,2026-08-07,SH600030,-0.05180548131465912,EXP_LinearModel_Alpha158_csi300_custom_step0_s_20260808_13,36db44d3712c466296cbac8a8913ec55,0.096,,,
831,2026-08-07,SH600031,-0.020875927060842514,EXP_LinearModel_Alpha158_csi300_custom_step0_s_20260808_13,36db44d3712c466296cbac8a8913ec55,0.096,,,
832,2026-08-07,SH600036,0.04248007386922836,EXP_LinearModel_Alpha158_csi300_custom_step0_s_20260808_13,36db44d3712c466296cbac8a8913ec55,0.096,,,
833,2026-08-07,SH600039,0.037131618708372116,EXP_LinearModel_Alpha158_csi300_custom_step0_s_20260808_13,36db44d3712c466296cbac8a8913ec55,0.096,,,
834,2026-08-07,SH600048,-0.03374207019805908,EXP_LinearModel_Alpha158_csi300_custom_step0_s_20260808_13,36db44d3712c466296cbac8a8913ec55,0.096,,,
835,2026-08-07,SH600050,0.0233859084546566,EXP_LinearModel_Alpha158_csi300_custom_step0_s_20260808_13,36db44d3712c466296cbac8a8913ec55,0.096,,,
836,2026-08-07,SH600061,0.014587275683879852,EXP_LinearModel_Alpha158_csi300_custom_step0_s_20260808_13,36db44d3712c466296cbac8a8913ec55,0.096,,,
837,2026-08-07,SH600066,-0.036495141685009,EXP_LinearModel_Alpha158_csi300_custom_step0_s_20260808_13,36db44d3712c466296cbac8a8913ec55,0.096,,,
838,2026-08-07,SH600085,-0.027987858280539513,EXP_LinearModel_Alpha158_csi300_custom_step0_s_20260808_13,36db44d3712c466296cbac8a8913ec55,0.096,,,
839,2026-08-07,SH600089,0.0065057603642344475,EXP_LinearModel_Alpha158_csi300_custom_step0_s_20260808_13,36db44d3712c466296cbac8a8913ec55,0.096,,,
840,2026-08-07,SH600111,0.017971865832805634,EXP_LinearModel_Alpha158_csi300_custom_step0_s_20260808_13,36db44d3712c466296cbac8a8913ec55,0.096,,,
841,2026-08-07,SH601728,0.035707078874111176,EXP_LinearModel_Alpha158_csi300_custom_step0_s_20260808_13,36db44d3712c466296cbac8a8913ec55,0.096,,,
842,2026-08-07,SH601766,0.009910676628351212,EXP_LinearModel_Alpha158_csi300_custom_step0_s_20260808_13,36db44d3712c466296cbac8a8913ec55,0.096,,,
843,2026-08-07,SH601788,-0.009132911451160908,EXP_LinearModel_Alpha158_csi300_custom_step0_s_20260808_13,36db44d3712c466296cbac8a8913ec55,0.096,,,
844,2026-08-07,SZ002311,-0.001248887274414301,EXP_LinearModel_Alpha158_csi300_custom_step0_s_20260808_13,36db44d3712c466296cbac8a8913ec55,0.096,,,
845,2026-08-07,SZ002352,-0.043960023671388626,EXP_LinearModel_Alpha158_csi300_custom_step0_s_20260808_13,36db44d3712c466296cbac8a8913ec55,0.096,,,
846,2026-08-07,SZ002353,-0.1976071000099182,EXP_LinearModel_Alpha158_csi300_custom_step0_s_20260808_13,36db44d3712c466296cbac8a8913ec55,0.096,,,
847,2026-08-07,SZ002371,-0.0572783499956131,EXP_LinearModel_Alpha158_csi300_custom_step0_s_20260808_13,36db44d3712c466296cbac8a8913ec55,0.096,,,
848,2026-08-07,SZ002384,-0.012097934260964394,EXP_LinearModel_Alpha158_csi300_custom_step0_s_20260808_13,36db44d3712c466296cbac8a8913ec55,0.096,,,
849,2026-08-07,SZ002415,-0.007108263671398163,EXP_LinearModel_Alpha158_csi300_custom_step0_s_20260808_13,36db44d3712c466296cbac8a8913ec55,0.096,,,
850,2026-08-07,SZ002422,0.011532292701303959,EXP_LinearModel_Alpha158_csi300_custom_step0_s_20260808_13,36db44d3712c466296cbac8a8913ec55,0.096,,,
851,2026-08-07,SZ002460,-0.04204096645116806,EXP_LinearModel_Alpha158_csi300_custom_step0_s_20260808_13,36db44d3712c466296cbac8a8913ec55,0.096,,,
852,2026-08-07,SZ002463,-0.13398616015911102,EXP_LinearModel_Alpha158_csi300_custom_step0_s_20260808_13,36db44d3712c466296cbac8a8913ec55,0.096,,,
853,2026-08-07,SZ002466,-0.05159252509474754,EXP_LinearModel_Alpha158_csi300_custom_step0_s_20260808_13,36db44d3712c466296cbac8a8913ec55,0.096,,,
854,2026-08-07,SZ002475,-0.030239272862672806,EXP_LinearModel_Alpha158_csi300_custom_step0_s_20260808_13,36db44d3712c466296cbac8a8913ec55,0.096,,,
855,2026-08-07,SZ002493,-0.0642232596874237,EXP_LinearModel_Alpha158_csi300_custom_step0_s_20260808_13,36db44d3712c466296cbac8a8913ec55,0.096,,,
856,2026-08-07,SZ002532,-0.07948019355535507,EXP_LinearModel_Alpha158_csi300_custom_step0_s_20260808_13,36db44d3712c466296cbac8a8913ec55,0.096,,,
857,2026-08-07,SZ002558,0.018935518339276314,EXP_LinearModel_Alpha158_csi300_custom_step0_s_20260808_13,36db44d3712c466296cbac8a8913ec55,0.096,,,
858,2026-08-07,SZ002594,-0.04827374964952469,EXP_LinearModel_Alpha158_csi300_custom_step0_s_20260808_13,36db44d3712c466296cbac8a8913ec55,0.096,,,
859,2026-08-07,SZ002600,0.013971121981739998,EXP_LinearModel_Alpha158_csi300_custom_step0_s_20260808_13,36db44d3712c466296cbac8a8913ec55,0.096,,,
860,2026-08-07,SZ002602,-0.01808111183345318,EXP_LinearModel_Alpha158_csi300_custom_step0_s_20260808_13,36db44d3712c466296cbac8a8913ec55,0.096,,,
861,2026-08-07,SZ002304,-0.0739799216389656,EXP_LinearModel_Alpha158_csi300_custom_step0_s_20260808_13,36db44d3712c466296cbac8a8913ec55,0.096,,,
862,2026-08-07,SZ002625,0.01212848536670208,EXP_LinearModel_Alpha158_csi300_custom_step0_s_20260808_13,36db44d3712c466296cbac8a8913ec55,0.096,,,
863,2026-08-07,SZ002241,-0.022365828976035118,EXP_LinearModel_Alpha158_csi300_custom_step0_s_20260808_13,36db44d3712c466296cbac8a8913ec55,0.096,,,
864,2026-08-07,SZ002230,-0.004869954660534859,EXP_LinearModel_Alpha158_csi300_custom_step0_s_20260808_13,36db44d3712c466296cbac8a8913ec55,0.096,,,
865,2026-08-07,SZ000975,-0.17031043767929077,EXP_LinearModel_Alpha158_csi300_custom_step0_s_20260808_13,36db44d3712c466296cbac8a8913ec55,0.096,,,
866,2026-08-07,SZ000977,0.0063058556988835335,EXP_LinearModel_Alpha158_csi300_custom_step0_s_20260808_13,36db44d3712c466296cbac8a8913ec55,0.096,,,
867,2026-08-07,SZ000988,0.35200563073158264,EXP_LinearModel_Alpha158_csi300_custom_step0_s_20260808_13,36db44d3712c466296cbac8a8913ec55,0.096,,,
868,2026-08-07,SZ000999,0.025933442637324333,EXP_LinearModel_Alpha158_csi300_custom_step0_s_20260808_13,36db44d3712c466296cbac8a8913ec55,0.096,,,
869,2026-08-07,SZ001280,-0.020388692617416382,EXP_LinearModel_Alpha158_csi300_custom_step0_s_20260808_13,36db44d3712c466296cbac8a8913ec55,0.096,,,
870,2026-08-07,SZ001391,-0.02768285758793354,EXP_LinearModel_Alpha158_csi300_custom_step0_s_20260808_13,36db44d3712c466296cbac8a8913ec55,0.096,,,
871,2026-08-07,SZ001965,-0.037120796740055084,EXP_LinearModel_Alpha158_csi300_custom_step0_s_20260808_13,36db44d3712c466296cbac8a8913ec55,0.096,,,
872,2026-08-07,SZ001979,0.0019836672581732273,EXP_LinearModel_Alpha158_csi300_custom_step0_s_20260808_13,36db44d3712c466296cbac8a8913ec55,0.096,,,
873,2026-08-07,SZ002001,-0.024246294051408768,EXP_LinearModel_Alpha158_csi300_custom_step0_s_20260808_13,36db44d3712c466296cbac8a8913ec55,0.096,,,
874,2026-08-07,SZ002027,-0.012247370555996895,EXP_LinearModel_Alpha158_csi300_custom_step0_s_20260808_13,36db44d3712c466296cbac8a8913ec55,0.096,,,
875,2026-08-07,SZ002028,-0.03316918760538101,EXP_LinearModel_Alpha158_csi300_custom_step0_s_20260808_13,36db44d3712c466296cbac8a8913ec55,0.096,,,
876,2026-08-07,SZ002049,0.04874676465988159,EXP_LinearModel_Alpha158_csi300_custom_step0_s_20260808_13,36db44d3712c466296cbac8a8913ec55,0.096,,,
877,2026-08-07,SZ002050,0.015505666844546795,EXP_LinearModel_Alpha158_csi300_custom_step0_s_20260808_13,36db44d3712c466296cbac8a8913ec55,0.096,,,
878,2026-08-07,SZ002074,-0.07758034020662308,EXP_LinearModel_Alpha158_csi300_custom_step0_s_20260808_13,36db44d3712c466296cbac8a8913ec55,0.096,,,
879,2026-08-07,SZ002142,0.06100308895111084,EXP_LinearModel_Alpha158_csi300_custom_step0_s_20260808_13,36db44d3712c466296cbac8a8913ec55,0.096,,,
880,2026-08-07,SZ002179,-0.005679977126419544,EXP_LinearModel_Alpha158_csi300_custom_step0_s_20260808_13,36db44d3712c466296cbac8a8913ec55,0.096,,,
881,2026-08-07,SZ002202,-0.048199575394392014,EXP_LinearModel_Alpha158_csi300_custom_step0_s_20260808_13,36db44d3712c466296cbac8a8913ec55,0.096,,,
882,2026-08-07,SZ002236,-0.05312390252947807,EXP_LinearModel_Alpha158_csi300_custom_step0_s_20260808_13,36db44d3712c466296cbac8a8913ec55,0.096,,,
883,2026-08-07,SZ000963,-0.00875296350568533,EXP_LinearModel_Alpha158_csi300_custom_step0_s_20260808_13,36db44d3712c466296cbac8a8913ec55,0.096,,,
884,2026-08-07,SZ002648,0.01656564511358738,EXP_LinearModel_Alpha158_csi300_custom_step0_s_20260808_13,36db44d3712c466296cbac8a8913ec55,0.096,,,
885,2026-08-07,SZ002714,-0.08049904555082321,EXP_LinearModel_Alpha158_csi300_custom_step0_s_20260808_13,36db44d3712c466296cbac8a8913ec55,0.096,,,
886,2026-08-07,SZ300442,-0.09289178997278214,EXP_LinearModel_Alpha158_csi300_custom_step0_s_20260808_13,36db44d3712c466296cbac8a8913ec55,0.096,,,
887,2026-08-07,SZ300450,-0.07002699375152588,EXP_LinearModel_Alpha158_csi300_custom_step0_s_20260808_13,36db44d3712c466296cbac8a8913ec55,0.096,,,
888,2026-08-07,SZ300476,-0.20048047602176666,EXP_LinearModel_Alpha158_csi300_custom_step0_s_20260808_13,36db44d3712c466296cbac8a8913ec55,0.096,,,
889,2026-08-07,SZ300498,-0.06955882906913757,EXP_LinearModel_Alpha158_csi300_custom_step0_s_20260808_13,36db44d3712c466296cbac8a8913ec55,0.096,,,
890,2026-08-07,SZ300502,0.0652395561337471,EXP_LinearModel_Alpha158_csi300_custom_step0_s_20260808_13,36db44d3712c466296cbac8a8913ec55,0.096,,,
891,2026-08-07,SZ300628,-0.006580885965377092,EXP_LinearModel_Alpha158_csi300_custom_step0_s_20260808_13,36db44d3712c466296cbac8a8913ec55,0.096,,,
892,2026-08-07,SZ300661,-0.06396325677633286,EXP_LinearModel_Alpha158_csi300_custom_step0_s_20260808_13,36db44d3712c466296cbac8a8913ec55,0.096,,,
893,2026-08-07,SZ300750,-0.09117648750543594,EXP_LinearModel_Alpha158_csi300_custom_step0_s_20260808_13,36db44d3712c466296cbac8a8913ec55,0.096,,,
894,2026-08-07,SZ300760,-0.03743660822510719,EXP_LinearModel_Alpha158_csi300_custom_step0_s_20260808_13,36db44d3712c466296cbac8a8913ec55,0.096,,,
895,2026-08-07,SZ300803,-0.046078603714704514,EXP_LinearModel_Alpha158_csi300_custom_step0_s_20260808_13,36db44d3712c466296cbac8a8913ec55,0.096,,,
896,2026-08-07,SZ300832,0.010853312909603119,EXP_LinearModel_Alpha158_csi300_custom_step0_s_20260808_13,36db44d3712c466296cbac8a8913ec55,0.096,,,
897,2026-08-07,SZ300866,-0.07573804259300232,EXP_LinearModel_Alpha158_csi300_custom_step0_s_20260808_13,36db44d3712c466296cbac8a8913ec55,0.096,,,
898,2026-08-07,SZ300896,-0.05870172381401062,EXP_LinearModel_Alpha158_csi300_custom_step0_s_20260808_13,36db44d3712c466296cbac8a8913ec55,0.096,,,
899,2026-08-07,SZ300999,-0.03418010473251343,EXP_LinearModel_Alpha158_csi300_custom_step0_s_20260808_13,36db44d3712c466296cbac8a8913ec55,0.096,,,
900,2026-08-07,SZ301165,-0.14582772552967072,EXP_LinearModel_Alpha158_csi300_custom_step0_s_20260808_13,36db44d3712c466296cbac8a8913ec55,0.096,,,
901,2026-08-07,SZ301236,-0.05582669377326965,EXP_LinearModel_Alpha158_csi300_custom_step0_s_20260808_13,36db44d3712c466296cbac8a8913ec55,0.096,,,
902,2026-08-07,SZ301269,0.025586005300283432,EXP_LinearModel_Alpha158_csi300_custom_step0_s_20260808_13,36db44d3712c466296cbac8a8913ec55,0.096,,,
903,2026-08-07,SZ300433,0.06616874784231186,EXP_LinearModel_Alpha158_csi300_custom_step0_s_20260808_13,36db44d3712c466296cbac8a8913ec55,0.096,,,
904,2026-08-07,SZ002709,0.002905926201492548,EXP_LinearModel_Alpha158_csi300_custom_step0_s_20260808_13,36db44d3712c466296cbac8a8913ec55,0.096,,,
905,2026-08-07,SZ300418,-0.056775327771902084,EXP_LinearModel_Alpha158_csi300_custom_step0_s_20260808_13,36db44d3712c466296cbac8a8913ec55,0.096,,,
906,2026-08-07,SZ300408,-0.09974969923496246,EXP_LinearModel_Alpha158_csi300_custom_step0_s_20260808_13,36db44d3712c466296cbac8a8913ec55,0.096,,,
907,2026-08-07,SZ002736,0.032012466341257095,EXP_LinearModel_Alpha158_csi300_custom_step0_s_20260808_13,36db44d3712c466296cbac8a8913ec55,0.096,,,
908,2026-08-07,SZ002837,0.059476736932992935,EXP_LinearModel_Alpha158_csi300_custom_step0_s_20260808_13,36db44d3712c466296cbac8a8913ec55,0.096,,,
909,2026-08-07,SZ002916,-0.08484500646591187,EXP_LinearModel_Alpha158_csi300_custom_step0_s_20260808_13,36db44d3712c466296cbac8a8913ec55,0.096,,,
910,2026-08-07,SZ002920,-0.005433571059256792,EXP_LinearModel_Alpha158_csi300_custom_step0_s_20260808_13,36db44d3712c466296cbac8a8913ec55,0.096,,,
911,2026-08-07,SZ002938,-0.1292019933462143,EXP_LinearModel_Alpha158_csi300_custom_step0_s_20260808_13,36db44d3712c466296cbac8a8913ec55,0.096,,,
912,2026-08-07,SZ003816,0.005750703625380993,EXP_LinearModel_Alpha158_csi300_custom_step0_s_20260808_13,36db44d3712c466296cbac8a8913ec55,0.096,,,
913,2026-08-07,SZ300014,0.0006080684252083302,EXP_LinearModel_Alpha158_csi300_custom_step0_s_20260808_13,36db44d3712c466296cbac8a8913ec55,0.096,,,
914,2026-08-07,SZ300015,-0.02736707031726837,EXP_LinearModel_Alpha158_csi300_custom_step0_s_20260808_13,36db44d3712c466296cbac8a8913ec55,0.096,,,
915,2026-08-07,SZ300033,-0.019277693703770638,EXP_LinearModel_Alpha158_csi300_custom_step0_s_20260808_13,36db44d3712c466296cbac8a8913ec55,0.096,,,
916,2026-08-07,SZ300059,-0.055980294942855835,EXP_LinearModel_Alpha158_csi300_custom_step0_s_20260808_13,36db44d3712c466296cbac8a8913ec55,0.096,,,
917,2026-08-07,SZ300122,-0.05362112075090408,EXP_LinearModel_Alpha158_csi300_custom_step0_s_20260808_13,36db44d3712c466296cbac8a8913ec55,0.096,,,
918,2026-08-07,SZ300124,0.0010886627715080976,EXP_LinearModel_Alpha158_csi300_custom_step0_s_20260808_13,36db44d3712c466296cbac8a8913ec55,0.096,,,
919,2026-08-07,SZ300251,-0.0821530669927597,EXP_LinearModel_Alpha158_csi300_custom_step0_s_20260808_13,36db44d3712c466296cbac8a8913ec55,0.096,,,
920,2026-08-07,SZ300274,0.05647570267319679,EXP_LinearModel_Alpha158_csi300_custom_step0_s_20260808_13,36db44d3712c466296cbac8a8913ec55,0.096,,,
921,2026-08-07,SZ300308,0.1008274257183075,EXP_LinearModel_Alpha158_csi300_custom_step0_s_20260808_13,36db44d3712c466296cbac8a8913ec55,0.096,,,
922,2026-08-07,SZ300316,-0.029234543442726135,EXP_LinearModel_Alpha158_csi300_custom_step0_s_20260808_13,36db44d3712c466296cbac8a8913ec55,0.096,,,
923,2026-08-07,SZ300394,-0.22094888985157013,EXP_LinearModel_Alpha158_csi300_custom_step0_s_20260808_13,36db44d3712c466296cbac8a8913ec55,0.096,,,
924,2026-08-07,SZ300413,-0.04954718053340912,EXP_LinearModel_Alpha158_csi300_custom_step0_s_20260808_13,36db44d3712c466296cbac8a8913ec55,0.096,,,
925,2026-08-07,SZ000938,-0.09279784560203552,EXP_LinearModel_Alpha158_csi300_custom_step0_s_20260808_13,36db44d3712c466296cbac8a8913ec55,0.096,,,
926,2026-08-07,SZ000895,0.023139726370573044,EXP_LinearModel_Alpha158_csi300_custom_step0_s_20260808_13,36db44d3712c466296cbac8a8913ec55,0.096,,,
927,2026-08-07,SZ000858,-0.05424950271844864,EXP_LinearModel_Alpha158_csi300_custom_step0_s_20260808_13,36db44d3712c466296cbac8a8913ec55,0.096,,,
928,2026-08-07,SH601998,0.01686655916273594,EXP_LinearModel_Alpha158_csi300_custom_step0_s_20260808_13,36db44d3712c466296cbac8a8913ec55,0.096,,,
929,2026-08-07,SH603019,0.04323696345090866,EXP_LinearModel_Alpha158_csi300_custom_step0_s_20260808_13,36db44d3712c466296cbac8a8913ec55,0.096,,,
930,2026-08-07,SH603259,-0.16491419076919556,EXP_LinearModel_Alpha158_csi300_custom_step0_s_20260808_13,36db44d3712c466296cbac8a8913ec55,0.096,,,
931,2026-08-07,SH603260,0.03527883440256119,EXP_LinearModel_Alpha158_csi300_custom_step0_s_20260808_13,36db44d3712c466296cbac8a8913ec55,0.096,,,
932,2026-08-07,SH603288,-0.011204034090042114,EXP_LinearModel_Alpha158_csi300_custom_step0_s_20260808_13,36db44d3712c466296cbac8a8913ec55,0.096,,,
933,2026-08-07,SH603296,0.04269850254058838,EXP_LinearModel_Alpha158_csi300_custom_step0_s_20260808_13,36db44d3712c466296cbac8a8913ec55,0.096,,,
934,2026-08-07,SH603369,-0.04694071412086487,EXP_LinearModel_Alpha158_csi300_custom_step0_s_20260808_13,36db44d3712c466296cbac8a8913ec55,0.096,,,
935,2026-08-07,SH603392,-0.10148284584283829,EXP_LinearModel_Alpha158_csi300_custom_step0_s_20260808_13,36db44d3712c466296cbac8a8913ec55,0.096,,,
936,2026-08-07,SH603501,0.010315815918147564,EXP_LinearModel_Alpha158_csi300_custom_step0_s_20260808_13,36db44d3712c466296cbac8a8913ec55,0.096,,,
937,2026-08-07,SH603799,-0.10188297182321548,EXP_LinearModel_Alpha158_csi300_custom_step0_s_20260808_13,36db44d3712c466296cbac8a8913ec55,0.096,,,
938,2026-08-07,SH603893,0.017778266221284866,EXP_LinearModel_Alpha158_csi300_custom_step0_s_20260808_13,36db44d3712c466296cbac8a8913ec55,0.096,,,
939,2026-08-07,SH603986,0.34088411927223206,EXP_LinearModel_Alpha158_csi300_custom_step0_s_20260808_13,36db44d3712c466296cbac8a8913ec55,0.096,,,
940,2026-08-07,SH603993,-0.09323440492153168,EXP_LinearModel_Alpha158_csi300_custom_step0_s_20260808_13,36db44d3712c466296cbac8a8913ec55,0.096,,,
941,2026-08-07,SH605117,0.010453266091644764,EXP_LinearModel_Alpha158_csi300_custom_step0_s_20260808_13,36db44d3712c466296cbac8a8913ec55,0.096,,,
942,2026-08-07,SH605499,-0.1358366757631302,EXP_LinearModel_Alpha158_csi300_custom_step0_s_20260808_13,36db44d3712c466296cbac8a8913ec55,0.096,,,
943,2026-08-07,SH688008,0.06599640846252441,EXP_LinearModel_Alpha158_csi300_custom_step0_s_20260808_13,36db44d3712c466296cbac8a8913ec55,0.096,,,
944,2026-08-07,SH688009,0.043485675007104874,EXP_LinearModel_Alpha158_csi300_custom_step0_s_20260808_13,36db44d3712c466296cbac8a8913ec55,0.096,,,
945,2026-08-07,SH601995,0.019426096230745316,EXP_LinearModel_Alpha158_csi300_custom_step0_s_20260808_13,36db44d3712c466296cbac8a8913ec55,0.096,,,
946,2026-08-07,SH688012,-0.03538640961050987,EXP_LinearModel_Alpha158_csi300_custom_step0_s_20260808_13,36db44d3712c466296cbac8a8913ec55,0.096,,,
947,2026-08-07,SH601988,-0.0073686749674379826,EXP_LinearModel_Alpha158_csi300_custom_step0_s_20260808_13,36db44d3712c466296cbac8a8913ec55,0.096,,,
948,2026-08-07,SH601939,0.00884842686355114,EXP_LinearModel_Alpha158_csi300_custom_step0_s_20260808_13,36db44d3712c466296cbac8a8913ec55,0.096,,,
949,2026-08-07,SH601800,0.006031189113855362,EXP_LinearModel_Alpha158_csi300_custom_step0_s_20260808_13,36db44d3712c466296cbac8a8913ec55,0.096,,,
950,2026-08-07,SH601816,0.0678352490067482,EXP_LinearModel_Alpha158_csi300_custom_step0_s_20260808_13,36db44d3712c466296cbac8a8913ec55,0.096,,,
951,2026-08-07,SH601818,0.04235658794641495,EXP_LinearModel_Alpha158_csi300_custom_step0_s_20260808_13,36db44d3712c466296cbac8a8913ec55,0.096,,,
952,2026-08-07,SH601825,-0.04523144289851189,EXP_LinearModel_Alpha158_csi300_custom_step0_s_20260808_13,36db44d3712c466296cbac8a8913ec55,0.096,,,
953,2026-08-07,SH601838,-0.007081431336700916,EXP_LinearModel_Alpha158_csi300_custom_step0_s_20260808_13,36db44d3712c466296cbac8a8913ec55,0.096,,,
954,2026-08-07,SH601857,0.029165789484977722,EXP_LinearModel_Alpha158_csi300_custom_step0_s_20260808_13,36db44d3712c466296cbac8a8913ec55,0.096,,,
955,2026-08-07,SH601868,-0.027608511969447136,EXP_LinearModel_Alpha158_csi300_custom_step0_s_20260808_13,36db44d3712c466296cbac8a8913ec55,0.096,,,
956,2026-08-07,SH601872,-0.05181821435689926,EXP_LinearModel_Alpha158_csi300_custom_step0_s_20260808_13,36db44d3712c466296cbac8a8913ec55,0.096,,,
957,2026-08-07,SH601877,0.0012454045936465263,EXP_LinearModel_Alpha158_csi300_custom_step0_s_20260808_13,36db44d3712c466296cbac8a8913ec55,0.096,,,
958,2026-08-07,SH601878,0.023287706077098846,EXP_LinearModel_Alpha158_csi300_custom_step0_s_20260808_13,36db44d3712c466296cbac8a8913ec55,0.096,,,
959,2026-08-07,SH601881,-0.01146497018635273,EXP_LinearModel_Alpha158_csi300_custom_step0_s_20260808_13,36db44d3712c466296cbac8a8913ec55,0.096,,,
960,2026-08-07,SH601888,-0.06851568818092346,EXP_LinearModel_Alpha158_csi300_custom_step0_s_20260808_13,36db44d3712c466296cbac8a8913ec55,0.096,,,
961,2026-08-07,SH601898,-0.03634016215801239,EXP_LinearModel_Alpha158_csi300_custom_step0_s_20260808_13,36db44d3712c466296cbac8a8913ec55,0.096,,,
962,2026-08-07,SH601899,-0.11838577687740326,EXP_LinearModel_Alpha158_csi300_custom_step0_s_20260808_13,36db44d3712c466296cbac8a8913ec55,0.096,,,
963,2026-08-07,SH601901,0.004595018457621336,EXP_LinearModel_Alpha158_csi300_custom_step0_s_20260808_13,36db44d3712c466296cbac8a8913ec55,0.096,,,
964,2026-08-07,SH601916,0.03531621769070625,EXP_LinearModel_Alpha158_csi300_custom_step0_s_20260808_13,36db44d3712c466296cbac8a8913ec55,0.096,,,
965,2026-08-07,SH601919,0.025473754853010178,EXP_LinearModel_Alpha158_csi300_custom_step0_s_20260808_13,36db44d3712c466296cbac8a8913ec55,0.096,,,
966,2026-08-07,SH601985,0.033395085483789444,EXP_LinearModel_Alpha158_csi300_custom_step0_s_20260808_13,36db44d3712c466296cbac8a8913ec55,0.096,,,
967,2026-08-07,SH688036,-0.0079220375046134,EXP_LinearModel_Alpha158_csi300_custom_step0_s_20260808_13,36db44d3712c466296cbac8a8913ec55,0.096,,,
968,2026-08-07,SH688041,-0.05433051660656929,EXP_LinearModel_Alpha158_csi300_custom_step0_s_20260808_13,36db44d3712c466296cbac8a8913ec55,0.096,,,
969,2026-08-07,SH688047,0.09275883436203003,EXP_LinearModel_Alpha158_csi300_custom_step0_s_20260808_13,36db44d3712c466296cbac8a8913ec55,0.096,,,
970,2026-08-07,SZ000338,-0.03548695519566536,EXP_LinearModel_Alpha158_csi300_custom_step0_s_20260808_13,36db44d3712c466296cbac8a8913ec55,0.096,,,
971,2026-08-07,SZ000408,-0.1121097281575203,EXP_LinearModel_Alpha158_csi300_custom_step0_s_20260808_13,36db44d3712c466296cbac8a8913ec55,0.096,,,
972,2026-08-07,SZ000425,-0.05014709010720253,EXP_LinearModel_Alpha158_csi300_custom_step0_s_20260808_13,36db44d3712c466296cbac8a8913ec55,0.096,,,
973,2026-08-07,SZ000538,-0.013127325102686882,EXP_LinearModel_Alpha158_csi300_custom_step0_s_20260808_13,36db44d3712c466296cbac8a8913ec55,0.096,,,
974,2026-08-07,SZ000568,-0.05844971165060997,EXP_LinearModel_Alpha158_csi300_custom_step0_s_20260808_13,36db44d3712c466296cbac8a8913ec55,0.096,,,
975,2026-08-07,SZ000596,-0.04699096828699112,EXP_LinearModel_Alpha158_csi300_custom_step0_s_20260808_13,36db44d3712c466296cbac8a8913ec55,0.096,,,
976,2026-08-07,SZ000617,-0.03474567085504532,EXP_LinearModel_Alpha158_csi300_custom_step0_s_20260808_13,36db44d3712c466296cbac8a8913ec55,0.096,,,
977,2026-08-07,SZ000625,-0.059344079345464706,EXP_LinearModel_Alpha158_csi300_custom_step0_s_20260808_13,36db44d3712c466296cbac8a8913ec55,0.096,,,
978,2026-08-07,SZ000630,-0.06143835186958313,EXP_LinearModel_Alpha158_csi300_custom_step0_s_20260808_13,36db44d3712c466296cbac8a8913ec55,0.096,,,
979,2026-08-07,SZ000651,0.023589128628373146,EXP_LinearModel_Alpha158_csi300_custom_step0_s_20260808_13,36db44d3712c466296cbac8a8913ec55,0.096,,,
980,2026-08-07,SZ000657,-0.09427431970834732,EXP_LinearModel_Alpha158_csi300_custom_step0_s_20260808_13,36db44d3712c466296cbac8a8913ec55,0.096,,,
981,2026-08-07,SZ000708,0.010559981688857079,EXP_LinearModel_Alpha158_csi300_custom_step0_s_20260808_13,36db44d3712c466296cbac8a8913ec55,0.096,,,
982,2026-08-07,SZ000725,0.05682805925607681,EXP_LinearModel_Alpha158_csi300_custom_step0_s_20260808_13,36db44d3712c466296cbac8a8913ec55,0.096,,,
983,2026-08-07,SZ000768,0.00556365679949522,EXP_LinearModel_Alpha158_csi300_custom_step0_s_20260808_13,36db44d3712c466296cbac8a8913ec55,0.096,,,
984,2026-08-07,SZ000776,0.0013768746284767985,EXP_LinearModel_Alpha158_csi300_custom_step0_s_20260808_13,36db44d3712c466296cbac8a8913ec55,0.096,,,
985,2026-08-07,SZ000792,-0.036933258175849915,EXP_LinearModel_Alpha158_csi300_custom_step0_s_20260808_13,36db44d3712c466296cbac8a8913ec55,0.096,,,
986,2026-08-07,SZ000807,-0.07990753650665283,EXP_LinearModel_Alpha158_csi300_custom_step0_s_20260808_13,36db44d3712c466296cbac8a8913ec55,0.096,,,
987,2026-08-07,SZ000333,0.014602337963879108,EXP_LinearModel_Alpha158_csi300_custom_step0_s_20260808_13,36db44d3712c466296cbac8a8913ec55,0.096,,,
988,2026-08-07,SZ000301,-0.06061292812228203,EXP_LinearModel_Alpha158_csi300_custom_step0_s_20260808_13,36db44d3712c466296cbac8a8913ec55,0.096,,,
989,2026-08-07,SZ000166,0.0010456042364239693,EXP_LinearModel_Alpha158_csi300_custom_step0_s_20260808_13,36db44d3712c466296cbac8a8913ec55,0.096,,,
990,2026-08-07,SZ000157,-0.02787276916205883,EXP_LinearModel_Alpha158_csi300_custom_step0_s_20260808_13,36db44d3712c466296cbac8a8913ec55,0.096,,,
991,2026-08-07,SH688072,,EXP_LinearModel_Alpha158_csi300_custom_step0_s_20260808_13,36db44d3712c466296cbac8a8913ec55,0.096,,,
992,2026-08-07,SH688082,0.15708744525909424,EXP_LinearModel_Alpha158_csi300_custom_step0_s_20260808_13,36db44d3712c466296cbac8a8913ec55,0.096,,,
993,2026-08-07,SH688111,0.019652370363473892,EXP_LinearModel_Alpha158_csi300_custom_step0_s_20260808_13,36db44d3712c466296cbac8a8913ec55,0.096,,,
994,2026-08-07,SH688126,0.08464808762073517,EXP_LinearModel_Alpha158_csi300_custom_step0_s_20260808_13,36db44d3712c466296cbac8a8913ec55,0.096,,,
995,2026-08-07,SH688183,-0.09394776821136475,EXP_LinearModel_Alpha158_csi300_custom_step0_s_20260808_13,36db44d3712c466296cbac8a8913ec55,0.096,,,
996,2026-08-07,SH688223,-0.05476684495806694,EXP_LinearModel_Alpha158_csi300_custom_step0_s_20260808_13,36db44d3712c466296cbac8a8913ec55,0.096,,,
997,2026-08-07,SH688256,-0.031546976417303085,EXP_LinearModel_Alpha158_csi300_custom_step0_s_20260808_13,36db44d3712c466296cbac8a8913ec55,0.096,,,
998,2026-08-07,SH688271,-0.05590097978711128,EXP_LinearModel_Alpha158_csi300_custom_step0_s_20260808_13,36db44d3712c466296cbac8a8913ec55,0.096,,,
999,2026-08-07,SZ002938,-0.08642460405826569,EXP_LinearModel_Alpha158_csi300_custom_step0_s_20260808_13,ead5c6db497f4b1c8c1b56500001d5b1,0.111,,,
1000,2026-08-07,SH688303,-0.011679279617965221,EXP_LinearModel_Alpha158_csi300_custom_step0_s_20260808_13,36db44d3712c466296cbac8a8913ec55,0.096,,,
1001,2026-08-07,SH688472,-0.011087123304605484,EXP_LinearModel_Alpha158_csi300_custom_step0_s_20260808_13,36db44d3712c466296cbac8a8913ec55,0.096,,,
1002,2026-08-07,SH688506,-0.08973388373851776,EXP_LinearModel_Alpha158_csi300_custom_step0_s_20260808_13,36db44d3712c466296cbac8a8913ec55,0.096,,,
1003,2026-08-07,SH688521,-0.01581672579050064,EXP_LinearModel_Alpha158_csi300_custom_step0_s_20260808_13,36db44d3712c466296cbac8a8913ec55,0.096,,,
1004,2026-08-07,SH688981,0.028471576049923897,EXP_LinearModel_Alpha158_csi300_custom_step0_s_20260808_13,36db44d3712c466296cbac8a8913ec55,0.096,,,
1005,2026-08-07,SZ000001,0.03831123933196068,EXP_LinearModel_Alpha158_csi300_custom_step0_s_20260808_13,36db44d3712c466296cbac8a8913ec55,0.096,,,
1006,2026-08-07,SZ000002,-0.04736294224858284,EXP_LinearModel_Alpha158_csi300_custom_step0_s_20260808_13,36db44d3712c466296cbac8a8913ec55,0.096,,,
1007,2026-08-07,SZ000063,0.018970243632793427,EXP_LinearModel_Alpha158_csi300_custom_step0_s_20260808_13,36db44d3712c466296cbac8a8913ec55,0.096,,,
1008,2026-08-07,SZ000100,0.0281305443495512,EXP_LinearModel_Alpha158_csi300_custom_step0_s_20260808_13,36db44d3712c466296cbac8a8913ec55,0.096,,,
1009,2026-08-07,SH688396,0.08514381945133209,EXP_LinearModel_Alpha158_csi300_custom_step0_s_20260808_13,36db44d3712c466296cbac8a8913ec55,0.096,,,
1010,2026-08-07,SZ002920,0.018410034477710724,EXP_LinearModel_Alpha158_csi300_custom_step0_s_20260808_13,ead5c6db497f4b1c8c1b56500001d5b1,0.111,,,
1011,2026-08-07,SZ002916,-0.123326376080513,EXP_LinearModel_Alpha158_csi300_custom_step0_s_20260808_13,ead5c6db497f4b1c8c1b56500001d5b1,0.111,,,
1012,2026-08-07,SZ002837,0.029616104438900948,EXP_LinearModel_Alpha158_csi300_custom_step0_s_20260808_13,ead5c6db497f4b1c8c1b56500001d5b1,0.111,,,
1013,2026-08-07,SH600196,-0.025997012853622437,EXP_LinearModel_Alpha158_csi300_custom_step0_s_20260808_13,ead5c6db497f4b1c8c1b56500001d5b1,0.111,,,
1014,2026-08-07,SH600219,-0.020619850605726242,EXP_LinearModel_Alpha158_csi300_custom_step0_s_20260808_13,ead5c6db497f4b1c8c1b56500001d5b1,0.111,,,
1015,2026-08-07,SH600221,0.09873015433549881,EXP_LinearModel_Alpha158_csi300_custom_step0_s_20260808_13,ead5c6db497f4b1c8c1b56500001d5b1,0.111,,,
1016,2026-08-07,SH600233,-0.02152055874466896,EXP_LinearModel_Alpha158_csi300_custom_step0_s_20260808_13,ead5c6db497f4b1c8c1b56500001d5b1,0.111,,,
1017,2026-08-07,SH600276,-0.009677223861217499,EXP_LinearModel_Alpha158_csi300_custom_step0_s_20260808_13,ead5c6db497f4b1c8c1b56500001d5b1,0.111,,,
1018,2026-08-07,SH600309,-0.06530164927244186,EXP_LinearModel_Alpha158_csi300_custom_step0_s_20260808_13,ead5c6db497f4b1c8c1b56500001d5b1,0.111,,,
1019,2026-08-07,SH600346,-0.06624197214841843,EXP_LinearModel_Alpha158_csi300_custom_step0_s_20260808_13,ead5c6db497f4b1c8c1b56500001d5b1,0.111,,,
1020,2026-08-07,SH600362,-0.0972338393330574,EXP_LinearModel_Alpha158_csi300_custom_step0_s_20260808_13,ead5c6db497f4b1c8c1b56500001d5b1,0.111,,,
1021,2026-08-07,SH600372,-0.04608435928821564,EXP_LinearModel_Alpha158_csi300_custom_step0_s_20260808_13,ead5c6db497f4b1c8c1b56500001d5b1,0.111,,,
1022,2026-08-07,SH600406,-0.018558835610747337,EXP_LinearModel_Alpha158_csi300_custom_step0_s_20260808_13,ead5c6db497f4b1c8c1b56500001d5b1,0.111,,,
1023,2026-08-07,SH600415,0.020412934944033623,EXP_LinearModel_Alpha158_csi300_custom_step0_s_20260808_13,ead5c6db497f4b1c8c1b56500001d5b1,0.111,,,
1024,2026-08-07,SH600426,-0.06117049604654312,EXP_LinearModel_Alpha158_csi300_custom_step0_s_20260808_13,ead5c6db497f4b1c8c1b56500001d5b1,0.111,,,
1025,2026-08-07,SH600436,-0.03932151943445206,EXP_LinearModel_Alpha158_csi300_custom_step0_s_20260808_13,ead5c6db497f4b1c8c1b56500001d5b1,0.111,,,
1026,2026-08-07,SH600438,-0.10554143041372299,EXP_LinearModel_Alpha158_csi300_custom_step0_s_20260808_13,ead5c6db497f4b1c8c1b56500001d5b1,0.111,,,
1027,2026-08-07,SH600460,-0.02098296768963337,EXP_LinearModel_Alpha158_csi300_custom_step0_s_20260808_13,ead5c6db497f4b1c8c1b56500001d5b1,0.111,,,
1028,2026-08-07,SH600482,-0.09084213525056839,EXP_LinearModel_Alpha158_csi300_custom_step0_s_20260808_13,ead5c6db497f4b1c8c1b56500001d5b1,0.111,,,
1029,2026-08-07,SH600489,-0.11156772822141647,EXP_LinearModel_Alpha158_csi300_custom_step0_s_20260808_13,ead5c6db497f4b1c8c1b56500001d5b1,0.111,,,
1030,2026-08-07,SH600188,-0.07364045828580856,EXP_LinearModel_Alpha158_csi300_custom_step0_s_20260808_13,ead5c6db497f4b1c8c1b56500001d5b1,0.111,,,
1031,2026-08-07,SH600515,-0.012594245374202728,EXP_LinearModel_Alpha158_csi300_custom_step0_s_20260808_13,ead5c6db497f4b1c8c1b56500001d5b1,0.111,,,
1032,2026-08-07,SH600183,-0.11796482652425766,EXP_LinearModel_Alpha158_csi300_custom_step0_s_20260808_13,ead5c6db497f4b1c8c1b56500001d5b1,0.111,,,
1033,2026-08-07,SH600160,-0.08671851456165314,EXP_LinearModel_Alpha158_csi300_custom_step0_s_20260808_13,ead5c6db497f4b1c8c1b56500001d5b1,0.111,,,
1034,2026-08-07,SH600028,-0.021409478038549423,EXP_LinearModel_Alpha158_csi300_custom_step0_s_20260808_13,ead5c6db497f4b1c8c1b56500001d5b1,0.111,,,
1035,2026-08-07,SH600029,0.041136085987091064,EXP_LinearModel_Alpha158_csi300_custom_step0_s_20260808_13,ead5c6db497f4b1c8c1b56500001d5b1,0.111,,,
1036,2026-08-07,SH600030,-0.043053366243839264,EXP_LinearModel_Alpha158_csi300_custom_step0_s_20260808_13,ead5c6db497f4b1c8c1b56500001d5b1,0.111,,,
1037,2026-08-07,SH600031,-0.022559722885489464,EXP_LinearModel_Alpha158_csi300_custom_step0_s_20260808_13,ead5c6db497f4b1c8c1b56500001d5b1,0.111,,,
1038,2026-08-07,SH600036,0.02653254009783268,EXP_LinearModel_Alpha158_csi300_custom_step0_s_20260808_13,ead5c6db497f4b1c8c1b56500001d5b1,0.111,,,
1039,2026-08-07,SH600039,0.05456950515508652,EXP_LinearModel_Alpha158_csi300_custom_step0_s_20260808_13,ead5c6db497f4b1c8c1b56500001d5b1,0.111,,,
1040,2026-08-07,SH600048,-0.044168904423713684,EXP_LinearModel_Alpha158_csi300_custom_step0_s_20260808_13,ead5c6db497f4b1c8c1b56500001d5b1,0.111,,,
1041,2026-08-07,SH600050,0.012742417864501476,EXP_LinearModel_Alpha158_csi300_custom_step0_s_20260808_13,ead5c6db497f4b1c8c1b56500001d5b1,0.111,,,
1042,2026-08-07,SH600061,0.017307192087173462,EXP_LinearModel_Alpha158_csi300_custom_step0_s_20260808_13,ead5c6db497f4b1c8c1b56500001d5b1,0.111,,,
1043,2026-08-07,SH600066,-0.05226197466254234,EXP_LinearModel_Alpha158_csi300_custom_step0_s_20260808_13,ead5c6db497f4b1c8c1b56500001d5b1,0.111,,,
1044,2026-08-07,SH600085,-0.0028321442659944296,EXP_LinearModel_Alpha158_csi300_custom_step0_s_20260808_13,ead5c6db497f4b1c8c1b56500001d5b1,0.111,,,
1045,2026-08-07,SH600089,0.014209405519068241,EXP_LinearModel_Alpha158_csi300_custom_step0_s_20260808_13,ead5c6db497f4b1c8c1b56500001d5b1,0.111,,,
1046,2026-08-07,SH600104,-0.05449213087558746,EXP_LinearModel_Alpha158_csi300_custom_step0_s_20260808_13,ead5c6db497f4b1c8c1b56500001d5b1,0.111,,,
1047,2026-08-07,SH600111,0.0005189173389226198,EXP_LinearModel_Alpha158_csi300_custom_step0_s_20260808_13,ead5c6db497f4b1c8c1b56500001d5b1,0.111,,,
1048,2026-08-07,SH600115,-0.015522200614213943,EXP_LinearModel_Alpha158_csi300_custom_step0_s_20260808_13,ead5c6db497f4b1c8c1b56500001d5b1,0.111,,,
1049,2026-08-07,SH600118,-0.09534920006990433,EXP_LinearModel_Alpha158_csi300_custom_step0_s_20260808_13,ead5c6db497f4b1c8c1b56500001d5b1,0.111,,,
1050,2026-08-07,SH600150,-0.02687065675854683,EXP_LinearModel_Alpha158_csi300_custom_step0_s_20260808_13,ead5c6db497f4b1c8c1b56500001d5b1,0.111,,,
1051,2026-08-07,SH600176,0.03361591696739197,EXP_LinearModel_Alpha158_csi300_custom_step0_s_20260808_13,ead5c6db497f4b1c8c1b56500001d5b1,0.111,,,
1052,2026-08-07,SH600027,0.019772466272115707,EXP_LinearModel_Alpha158_csi300_custom_step0_s_20260808_13,ead5c6db497f4b1c8c1b56500001d5b1,0.111,,,
1053,2026-08-07,SH600519,-0.03077046200633049,EXP_LinearModel_Alpha158_csi300_custom_step0_s_20260808_13,ead5c6db497f4b1c8c1b56500001d5b1,0.111,,,
1054,2026-08-07,SH600547,-0.11065733432769775,EXP_LinearModel_Alpha158_csi300_custom_step0_s_20260808_13,ead5c6db497f4b1c8c1b56500001d5b1,0.111,,,
1055,2026-08-07,SH600918,-0.031806059181690216,EXP_LinearModel_Alpha158_csi300_custom_step0_s_20260808_13,ead5c6db497f4b1c8c1b56500001d5b1,0.111,,,
1056,2026-08-07,SH600919,0.023805061355233192,EXP_LinearModel_Alpha158_csi300_custom_step0_s_20260808_13,ead5c6db497f4b1c8c1b56500001d5b1,0.111,,,
1057,2026-08-07,SH600926,0.03448352962732315,EXP_LinearModel_Alpha158_csi300_custom_step0_s_20260808_13,ead5c6db497f4b1c8c1b56500001d5b1,0.111,,,
1058,2026-08-07,SH600930,0.05415688827633858,EXP_LinearModel_Alpha158_csi300_custom_step0_s_20260808_13,ead5c6db497f4b1c8c1b56500001d5b1,0.111,,,
1059,2026-08-07,SH600938,-0.054039254784584045,EXP_LinearModel_Alpha158_csi300_custom_step0_s_20260808_13,ead5c6db497f4b1c8c1b56500001d5b1,0.111,,,
1060,2026-08-07,SH600941,-0.02694804221391678,EXP_LinearModel_Alpha158_csi300_custom_step0_s_20260808_13,ead5c6db497f4b1c8c1b56500001d5b1,0.111,,,
1061,2026-08-07,SH600958,-0.0022315410897135735,EXP_LinearModel_Alpha158_csi300_custom_step0_s_20260808_13,ead5c6db497f4b1c8c1b56500001d5b1,0.111,,,
1062,2026-08-07,SH600989,-0.06797894835472107,EXP_LinearModel_Alpha158_csi300_custom_step0_s_20260808_13,ead5c6db497f4b1c8c1b56500001d5b1,0.111,,,
1063,2026-08-07,SH600999,0.007007126696407795,EXP_LinearModel_Alpha158_csi300_custom_step0_s_20260808_13,ead5c6db497f4b1c8c1b56500001d5b1,0.111,,,
1064,2026-08-07,SH601006,0.010051888413727283,EXP_LinearModel_Alpha158_csi300_custom_step0_s_20260808_13,ead5c6db497f4b1c8c1b56500001d5b1,0.111,,,
1065,2026-08-07,SH601009,0.046546682715415955,EXP_LinearModel_Alpha158_csi300_custom_step0_s_20260808_13,ead5c6db497f4b1c8c1b56500001d5b1,0.111,,,
1066,2026-08-07,SH601012,-0.02035755291581154,EXP_LinearModel_Alpha158_csi300_custom_step0_s_20260808_13,ead5c6db497f4b1c8c1b56500001d5b1,0.111,,,
1067,2026-08-07,SH601018,0.04778582230210304,EXP_LinearModel_Alpha158_csi300_custom_step0_s_20260808_13,ead5c6db497f4b1c8c1b56500001d5b1,0.111,,,
1068,2026-08-07,SH601021,0.010155726224184036,EXP_LinearModel_Alpha158_csi300_custom_step0_s_20260808_13,ead5c6db497f4b1c8c1b56500001d5b1,0.111,,,
1069,2026-08-07,SH601058,-0.014792247675359249,EXP_LinearModel_Alpha158_csi300_custom_step0_s_20260808_13,ead5c6db497f4b1c8c1b56500001d5b1,0.111,,,
1070,2026-08-07,SH601059,-0.009922647848725319,EXP_LinearModel_Alpha158_csi300_custom_step0_s_20260808_13,ead5c6db497f4b1c8c1b56500001d5b1,0.111,,,
1071,2026-08-07,SH601066,-0.002240522764623165,EXP_LinearModel_Alpha158_csi300_custom_step0_s_20260808_13,ead5c6db497f4b1c8c1b56500001d5b1,0.111,,,
1072,2026-08-07,SH600905,0.05053246021270752,EXP_LinearModel_Alpha158_csi300_custom_step0_s_20260808_13,ead5c6db497f4b1c8c1b56500001d5b1,0.111,,,
1073,2026-08-07,SH600522,0.013770954683423042,EXP_LinearModel_Alpha158_csi300_custom_step0_s_20260808_13,ead5c6db497f4b1c8c1b56500001d5b1,0.111,,,
1074,2026-08-07,SH600900,0.021065818145871162,EXP_LinearModel_Alpha158_csi300_custom_step0_s_20260808_13,ead5c6db497f4b1c8c1b56500001d5b1,0.111,,,
1075,2026-08-07,SH600887,0.009753473103046417,EXP_LinearModel_Alpha158_csi300_custom_step0_s_20260808_13,ead5c6db497f4b1c8c1b56500001d5b1,0.111,,,
1076,2026-08-07,SH600549,-0.11703074723482132,EXP_LinearModel_Alpha158_csi300_custom_step0_s_20260808_13,ead5c6db497f4b1c8c1b56500001d5b1,0.111,,,
1077,2026-08-07,SH600570,-0.004289582371711731,EXP_LinearModel_Alpha158_csi300_custom_step0_s_20260808_13,ead5c6db497f4b1c8c1b56500001d5b1,0.111,,,
1078,2026-08-07,SH600584,-0.05817726254463196,EXP_LinearModel_Alpha158_csi300_custom_step0_s_20260808_13,ead5c6db497f4b1c8c1b56500001d5b1,0.111,,,
1079,2026-08-07,SH600585,-0.02408125251531601,EXP_LinearModel_Alpha158_csi300_custom_step0_s_20260808_13,ead5c6db497f4b1c8c1b56500001d5b1,0.111,,,
1080,2026-08-07,SH600588,0.06956939399242401,EXP_LinearModel_Alpha158_csi300_custom_step0_s_20260808_13,ead5c6db497f4b1c8c1b56500001d5b1,0.111,,,
1081,2026-08-07,SH600600,-0.08057958632707596,EXP_LinearModel_Alpha158_csi300_custom_step0_s_20260808_13,ead5c6db497f4b1c8c1b56500001d5b1,0.111,,,
1082,2026-08-07,SH600660,-0.010364693589508533,EXP_LinearModel_Alpha158_csi300_custom_step0_s_20260808_13,ead5c6db497f4b1c8c1b56500001d5b1,0.111,,,
1083,2026-08-07,SH600674,0.019730795174837112,EXP_LinearModel_Alpha158_csi300_custom_step0_s_20260808_13,ead5c6db497f4b1c8c1b56500001d5b1,0.111,,,
1084,2026-08-07,SH600690,0.012735970318317413,EXP_LinearModel_Alpha158_csi300_custom_step0_s_20260808_13,ead5c6db497f4b1c8c1b56500001d5b1,0.111,,,
1085,2026-08-07,SH600741,0.039530470967292786,EXP_LinearModel_Alpha158_csi300_custom_step0_s_20260808_13,ead5c6db497f4b1c8c1b56500001d5b1,0.111,,,
1086,2026-08-07,SH600760,-0.04917494207620621,EXP_LinearModel_Alpha158_csi300_custom_step0_s_20260808_13,ead5c6db497f4b1c8c1b56500001d5b1,0.111,,,
1087,2026-08-07,SH600795,0.046726636588573456,EXP_LinearModel_Alpha158_csi300_custom_step0_s_20260808_13,ead5c6db497f4b1c8c1b56500001d5b1,0.111,,,
1088,2026-08-07,SH600803,-0.06066334247589111,EXP_LinearModel_Alpha158_csi300_custom_step0_s_20260808_13,ead5c6db497f4b1c8c1b56500001d5b1,0.111,,,
1089,2026-08-07,SH600809,-0.03568118065595627,EXP_LinearModel_Alpha158_csi300_custom_step0_s_20260808_13,ead5c6db497f4b1c8c1b56500001d5b1,0.111,,,
1090,2026-08-07,SH600845,-0.029393965378403664,EXP_LinearModel_Alpha158_csi300_custom_step0_s_20260808_13,ead5c6db497f4b1c8c1b56500001d5b1,0.111,,,
1091,2026-08-07,SH600875,-0.07148769497871399,EXP_LinearModel_Alpha158_csi300_custom_step0_s_20260808_13,ead5c6db497f4b1c8c1b56500001d5b1,0.111,,,
1092,2026-08-07,SH600886,0.03537258878350258,EXP_LinearModel_Alpha158_csi300_custom_step0_s_20260808_13,ead5c6db497f4b1c8c1b56500001d5b1,0.111,,,
1093,2026-08-07,SH600893,-0.07239958643913269,EXP_LinearModel_Alpha158_csi300_custom_step0_s_20260808_13,ead5c6db497f4b1c8c1b56500001d5b1,0.111,,,
1094,2026-08-07,SH600026,0.004483422264456749,EXP_LinearModel_Alpha158_csi300_custom_step0_s_20260808_13,ead5c6db497f4b1c8c1b56500001d5b1,0.111,,,
1095,2026-08-07,SH600025,0.04044831171631813,EXP_LinearModel_Alpha158_csi300_custom_step0_s_20260808_13,ead5c6db497f4b1c8c1b56500001d5b1,0.111,,,
1096,2026-08-07,SH600023,0.1003219410777092,EXP_LinearModel_Alpha158_csi300_custom_step0_s_20260808_13,ead5c6db497f4b1c8c1b56500001d5b1,0.111,,,
1097,2026-08-07,SZ002466,0.12810418138623567,EXP_DEnsembleModel_Alpha158_csi300_custom_step0_s_20260808_13,df2d3d3c1ed342c999e430f5ae964c46,0.062,,,
1098,2026-08-07,SZ002475,-0.15010132173093488,EXP_DEnsembleModel_Alpha158_csi300_custom_step0_s_20260808_13,df2d3d3c1ed342c999e430f5ae964c46,0.062,,,
1099,2026-08-07,SZ002493,0.021051649635374377,EXP_DEnsembleModel_Alpha158_csi300_custom_step0_s_20260808_13,df2d3d3c1ed342c999e430f5ae964c46,0.062,,,
1100,2026-08-07,SZ002532,-0.047899912048686065,EXP_DEnsembleModel_Alpha158_csi300_custom_step0_s_20260808_13,df2d3d3c1ed342c999e430f5ae964c46,0.062,,,
1101,2026-08-07,SZ002558,-0.12318943767183844,EXP_DEnsembleModel_Alpha158_csi300_custom_step0_s_20260808_13,df2d3d3c1ed342c999e430f5ae964c46,0.062,,,
1102,2026-08-07,SZ002594,-0.055743561577068716,EXP_DEnsembleModel_Alpha158_csi300_custom_step0_s_20260808_13,df2d3d3c1ed342c999e430f5ae964c46,0.062,,,
1103,2026-08-07,SZ002600,0.03391600270154199,EXP_DEnsembleModel_Alpha158_csi300_custom_step0_s_20260808_13,df2d3d3c1ed342c999e430f5ae964c46,0.062,,,
1104,2026-08-07,SZ002602,-0.0922998866412015,EXP_DEnsembleModel_Alpha158_csi300_custom_step0_s_20260808_13,df2d3d3c1ed342c999e430f5ae964c46,0.062,,,
1105,2026-08-07,SZ002625,0.04313659627299734,EXP_DEnsembleModel_Alpha158_csi300_custom_step0_s_20260808_13,df2d3d3c1ed342c999e430f5ae964c46,0.062,,,
1106,2026-08-07,SZ002648,0.009221192526074054,EXP_DEnsembleModel_Alpha158_csi300_custom_step0_s_20260808_13,df2d3d3c1ed342c999e430f5ae964c46,0.062,,,
1107,2026-08-07,SZ002709,0.11182381799466488,EXP_DEnsembleModel_Alpha158_csi300_custom_step0_s_20260808_13,df2d3d3c1ed342c999e430f5ae964c46,0.062,,,
1108,2026-08-07,SZ002714,-0.033154027622681055,EXP_DEnsembleModel_Alpha158_csi300_custom_step0_s_20260808_13,df2d3d3c1ed342c999e430f5ae964c46,0.062,,,
1109,2026-08-07,SZ002736,0.06337502487187292,EXP_DEnsembleModel_Alpha158_csi300_custom_step0_s_20260808_13,df2d3d3c1ed342c999e430f5ae964c46,0.062,,,
1110,2026-08-07,SZ002837,0.16964157686794837,EXP_DEnsembleModel_Alpha158_csi300_custom_step0_s_20260808_13,df2d3d3c1ed342c999e430f5ae964c46,0.062,,,
1111,2026-08-07,SZ002916,0.22148685212820293,EXP_DEnsembleModel_Alpha158_csi300_custom_step0_s_20260808_13,df2d3d3c1ed342c999e430f5ae964c46,0.062,,,
1112,2026-08-07,SZ002920,-0.1416260023473786,EXP_DEnsembleModel_Alpha158_csi300_custom_step0_s_20260808_13,df2d3d3c1ed342c999e430f5ae964c46,0.062,,,
1113,2026-08-07,SZ002938,0.034828235186400165,EXP_DEnsembleModel_Alpha158_csi300_custom_step0_s_20260808_13,df2d3d3c1ed342c999e430f5ae964c46,0.062,,,
1114,2026-08-07,SZ002463,0.17852811657838913,EXP_DEnsembleModel_Alpha158_csi300_custom_step0_s_20260808_13,df2d3d3c1ed342c999e430f5ae964c46,0.062,,,
1115,2026-08-07,SZ003816,-0.049920742348466496,EXP_DEnsembleModel_Alpha158_csi300_custom_step0_s_20260808_13,df2d3d3c1ed342c999e430f5ae964c46,0.062,,,
1116,2026-08-07,SZ002460,0.08838998100144338,EXP_DEnsembleModel_Alpha158_csi300_custom_step0_s_20260808_13,df2d3d3c1ed342c999e430f5ae964c46,0.062,,,
1117,2026-08-07,SZ002415,-0.005421478181556084,EXP_DEnsembleModel_Alpha158_csi300_custom_step0_s_20260808_13,df2d3d3c1ed342c999e430f5ae964c46,0.062,,,
1118,2026-08-07,SZ002027,-0.08354407154507218,EXP_DEnsembleModel_Alpha158_csi300_custom_step0_s_20260808_13,df2d3d3c1ed342c999e430f5ae964c46,0.062,,,
1119,2026-08-07,SZ002028,-0.03768632268674848,EXP_DEnsembleModel_Alpha158_csi300_custom_step0_s_20260808_13,df2d3d3c1ed342c999e430f5ae964c46,0.062,,,
1120,2026-08-07,SZ002049,0.10744919625178004,EXP_DEnsembleModel_Alpha158_csi300_custom_step0_s_20260808_13,df2d3d3c1ed342c999e430f5ae964c46,0.062,,,
1121,2026-08-07,SZ002050,0.011405024541530277,EXP_DEnsembleModel_Alpha158_csi300_custom_step0_s_20260808_13,df2d3d3c1ed342c999e430f5ae964c46,0.062,,,
1122,2026-08-07,SZ002074,-0.09436727535452387,EXP_DEnsembleModel_Alpha158_csi300_custom_step0_s_20260808_13,df2d3d3c1ed342c999e430f5ae964c46,0.062,,,
1123,2026-08-07,SZ002142,0.05654482690815025,EXP_DEnsembleModel_Alpha158_csi300_custom_step0_s_20260808_13,df2d3d3c1ed342c999e430f5ae964c46,0.062,,,
1124,2026-08-07,SZ002179,0.11963914248685585,EXP_DEnsembleModel_Alpha158_csi300_custom_step0_s_20260808_13,df2d3d3c1ed342c999e430f5ae964c46,0.062,,,
1125,2026-08-07,SZ002202,0.23973397817928022,EXP_DEnsembleModel_Alpha158_csi300_custom_step0_s_20260808_13,df2d3d3c1ed342c999e430f5ae964c46,0.062,,,
1126,2026-08-07,SZ002230,-0.09035174376428957,EXP_DEnsembleModel_Alpha158_csi300_custom_step0_s_20260808_13,df2d3d3c1ed342c999e430f5ae964c46,0.062,,,
1127,2026-08-07,SZ002236,0.01964288939033937,EXP_DEnsembleModel_Alpha158_csi300_custom_step0_s_20260808_13,df2d3d3c1ed342c999e430f5ae964c46,0.062,,,
1128,2026-08-07,SZ002241,-0.035859028126627085,EXP_DEnsembleModel_Alpha158_csi300_custom_step0_s_20260808_13,df2d3d3c1ed342c999e430f5ae964c46,0.062,,,
1129,2026-08-07,SZ002304,-0.11864642006365064,EXP_DEnsembleModel_Alpha158_csi300_custom_step0_s_20260808_13,df2d3d3c1ed342c999e430f5ae964c46,0.062,,,
1130,2026-08-07,SZ002311,0.022587392962224156,EXP_DEnsembleModel_Alpha158_csi300_custom_step0_s_20260808_13,df2d3d3c1ed342c999e430f5ae964c46,0.062,,,
1131,2026-08-07,SZ002352,-0.04727344349393275,EXP_DEnsembleModel_Alpha158_csi300_custom_step0_s_20260808_13,df2d3d3c1ed342c999e430f5ae964c46,0.062,,,
1132,2026-08-07,SZ002353,0.0694423086429835,EXP_DEnsembleModel_Alpha158_csi300_custom_step0_s_20260808_13,df2d3d3c1ed342c999e430f5ae964c46,0.062,,,
1133,2026-08-07,SZ002371,-0.053201056445688906,EXP_DEnsembleModel_Alpha158_csi300_custom_step0_s_20260808_13,df2d3d3c1ed342c999e430f5ae964c46,0.062,,,
1134,2026-08-07,SZ002384,0.16497208150500303,EXP_DEnsembleModel_Alpha158_csi300_custom_step0_s_20260808_13,df2d3d3c1ed342c999e430f5ae964c46,0.062,,,
1135,2026-08-07,SZ002422,-0.16857192580318228,EXP_DEnsembleModel_Alpha158_csi300_custom_step0_s_20260808_13,df2d3d3c1ed342c999e430f5ae964c46,0.062,,,
1136,2026-08-07,SZ300014,-0.07154095685705082,EXP_DEnsembleModel_Alpha158_csi300_custom_step0_s_20260808_13,df2d3d3c1ed342c999e430f5ae964c46,0.062,,,
1137,2026-08-07,SZ300015,-0.12039666733629652,EXP_DEnsembleModel_Alpha158_csi300_custom_step0_s_20260808_13,df2d3d3c1ed342c999e430f5ae964c46,0.062,,,
1138,2026-08-07,SZ300033,-0.12159211059620173,EXP_DEnsembleModel_Alpha158_csi300_custom_step0_s_20260808_13,df2d3d3c1ed342c999e430f5ae964c46,0.062,,,
1139,2026-08-07,SZ300832,-0.008963143264889777,EXP_DEnsembleModel_Alpha158_csi300_custom_step0_s_20260808_13,df2d3d3c1ed342c999e430f5ae964c46,0.062,,,
1140,2026-08-07,SZ300866,-0.11508983711050468,EXP_DEnsembleModel_Alpha158_csi300_custom_step0_s_20260808_13,df2d3d3c1ed342c999e430f5ae964c46,0.062,,,
1141,2026-08-07,SZ300896,-0.16308689985102412,EXP_DEnsembleModel_Alpha158_csi300_custom_step0_s_20260808_13,df2d3d3c1ed342c999e430f5ae964c46,0.062,,,
1142,2026-08-07,SZ300999,-0.0592697799075944,EXP_DEnsembleModel_Alpha158_csi300_custom_step0_s_20260808_13,df2d3d3c1ed342c999e430f5ae964c46,0.062,,,
1143,2026-08-07,SZ301165,0.1460266902129752,EXP_DEnsembleModel_Alpha158_csi300_custom_step0_s_20260808_13,df2d3d3c1ed342c999e430f5ae964c46,0.062,,,
1144,2026-08-07,SZ301236,-0.1489135128617636,EXP_DEnsembleModel_Alpha158_csi300_custom_step0_s_20260808_13,df2d3d3c1ed342c999e430f5ae964c46,0.062,,,
1145,2026-08-07,SZ301269,0.130736955906709,EXP_DEnsembleModel_Alpha158_csi300_custom_step0_s_20260808_13,df2d3d3c1ed342c999e430f5ae964c46,0.062,,,
1146,2026-08-07,SZ301308,0.2605892513586872,EXP_DEnsembleModel_Alpha158_csi300_custom_step0_s_20260808_13,df2d3d3c1ed342c999e430f5ae964c46,0.062,,,
1147,2026-08-07,SZ302132,-0.01944410311804158,EXP_DEnsembleModel_Alpha158_csi300_custom_step0_s_20260808_13,df2d3d3c1ed342c999e430f5ae964c46,0.062,,,
1148,2026-08-07,SH600000,-0.0016310643404722214,EXP_LinearModel_Alpha158_csi300_custom_step0_s_20260808_13,ead5c6db497f4b1c8c1b56500001d5b1,0.111,,,
1149,2026-08-07,SH600009,-0.02567356266081333,EXP_LinearModel_Alpha158_csi300_custom_step0_s_20260808_13,ead5c6db497f4b1c8c1b56500001d5b1,0.111,,,
1150,2026-08-07,SH600010,-0.014012562111020088,EXP_LinearModel_Alpha158_csi300_custom_step0_s_20260808_13,ead5c6db497f4b1c8c1b56500001d5b1,0.111,,,
1151,2026-08-07,SH600011,0.01669209636747837,EXP_LinearModel_Alpha158_csi300_custom_step0_s_20260808_13,ead5c6db497f4b1c8c1b56500001d5b1,0.111,,,
1152,2026-08-07,SH600015,0.038601815700531006,EXP_LinearModel_Alpha158_csi300_custom_step0_s_20260808_13,ead5c6db497f4b1c8c1b56500001d5b1,0.111,,,
1153,2026-08-07,SH600016,0.05363982170820236,EXP_LinearModel_Alpha158_csi300_custom_step0_s_20260808_13,ead5c6db497f4b1c8c1b56500001d5b1,0.111,,,
1154,2026-08-07,SH600018,0.07373616844415665,EXP_LinearModel_Alpha158_csi300_custom_step0_s_20260808_13,ead5c6db497f4b1c8c1b56500001d5b1,0.111,,,
1155,2026-08-07,SH600019,-0.015449540689587593,EXP_LinearModel_Alpha158_csi300_custom_step0_s_20260808_13,ead5c6db497f4b1c8c1b56500001d5b1,0.111,,,
1156,2026-08-07,SZ300803,-0.14983012676674057,EXP_DEnsembleModel_Alpha158_csi300_custom_step0_s_20260808_13,df2d3d3c1ed342c999e430f5ae964c46,0.062,,,
1157,2026-08-07,SZ300760,-0.08055809319869399,EXP_DEnsembleModel_Alpha158_csi300_custom_step0_s_20260808_13,df2d3d3c1ed342c999e430f5ae964c46,0.062,,,
1158,2026-08-07,SZ300750,-0.0013727043730969379,EXP_DEnsembleModel_Alpha158_csi300_custom_step0_s_20260808_13,df2d3d3c1ed342c999e430f5ae964c46,0.062,,,
1159,2026-08-07,SZ300661,0.17301533293761573,EXP_DEnsembleModel_Alpha158_csi300_custom_step0_s_20260808_13,df2d3d3c1ed342c999e430f5ae964c46,0.062,,,
1160,2026-08-07,SZ300059,0.02896498314466111,EXP_DEnsembleModel_Alpha158_csi300_custom_step0_s_20260808_13,df2d3d3c1ed342c999e430f5ae964c46,0.062,,,
1161,2026-08-07,SZ300122,0.009021581810373436,EXP_DEnsembleModel_Alpha158_csi300_custom_step0_s_20260808_13,df2d3d3c1ed342c999e430f5ae964c46,0.062,,,
1162,2026-08-07,SZ300124,-0.0562693820053059,EXP_DEnsembleModel_Alpha158_csi300_custom_step0_s_20260808_13,df2d3d3c1ed342c999e430f5ae964c46,0.062,,,
1163,2026-08-07,SZ300251,-0.1514994400246006,EXP_DEnsembleModel_Alpha158_csi300_custom_step0_s_20260808_13,df2d3d3c1ed342c999e430f5ae964c46,0.062,,,
1164,2026-08-07,SZ300274,0.324006729176294,EXP_DEnsembleModel_Alpha158_csi300_custom_step0_s_20260808_13,df2d3d3c1ed342c999e430f5ae964c46,0.062,,,
1165,2026-08-07,SZ300308,0.3436759671802685,EXP_DEnsembleModel_Alpha158_csi300_custom_step0_s_20260808_13,df2d3d3c1ed342c999e430f5ae964c46,0.062,,,
1166,2026-08-07,SZ300316,0.14335901288374112,EXP_DEnsembleModel_Alpha158_csi300_custom_step0_s_20260808_13,df2d3d3c1ed342c999e430f5ae964c46,0.062,,,
1167,2026-08-07,SZ300394,0.1071099175814539,EXP_DEnsembleModel_Alpha158_csi300_custom_step0_s_20260808_13,df2d3d3c1ed342c999e430f5ae964c46,0.062,,,
1168,2026-08-07,SH601077,0.008277352899312973,EXP_LinearModel_Alpha158_csi300_custom_step0_s_20260808_13,ead5c6db497f4b1c8c1b56500001d5b1,0.111,,,
1169,2026-08-07,SZ300408,0.11437237497959668,EXP_DEnsembleModel_Alpha158_csi300_custom_step0_s_20260808_13,df2d3d3c1ed342c999e430f5ae964c46,0.062,,,
1170,2026-08-07,SZ300418,-0.0673082232416628,EXP_DEnsembleModel_Alpha158_csi300_custom_step0_s_20260808_13,df2d3d3c1ed342c999e430f5ae964c46,0.062,,,
1171,2026-08-07,SZ300433,0.18627010370762276,EXP_DEnsembleModel_Alpha158_csi300_custom_step0_s_20260808_13,df2d3d3c1ed342c999e430f5ae964c46,0.062,,,
1172,2026-08-07,SZ300442,0.11294419479916355,EXP_DEnsembleModel_Alpha158_csi300_custom_step0_s_20260808_13,df2d3d3c1ed342c999e430f5ae964c46,0.062,,,
1173,2026-08-07,SZ300450,-0.03824598235803638,EXP_DEnsembleModel_Alpha158_csi300_custom_step0_s_20260808_13,df2d3d3c1ed342c999e430f5ae964c46,0.062,,,
1174,2026-08-07,SZ300476,0.34938730649531946,EXP_DEnsembleModel_Alpha158_csi300_custom_step0_s_20260808_13,df2d3d3c1ed342c999e430f5ae964c46,0.062,,,
1175,2026-08-07,SZ300498,-0.05706541108882597,EXP_DEnsembleModel_Alpha158_csi300_custom_step0_s_20260808_13,df2d3d3c1ed342c999e430f5ae964c46,0.062,,,
1176,2026-08-07,SZ300502,0.29070729353015184,EXP_DEnsembleModel_Alpha158_csi300_custom_step0_s_20260808_13,df2d3d3c1ed342c999e430f5ae964c46,0.062,,,
1177,2026-08-07,SZ300628,-0.06695213506862335,EXP_DEnsembleModel_Alpha158_csi300_custom_step0_s_20260808_13,df2d3d3c1ed342c999e430f5ae964c46,0.062,,,
1178,2026-08-07,SZ300413,-0.1501347514242937,EXP_DEnsembleModel_Alpha158_csi300_custom_step0_s_20260808_13,df2d3d3c1ed342c999e430f5ae964c46,0.062,,,
1179,2026-08-07,SZ001979,-0.0651901255713158,EXP_DEnsembleModel_Alpha158_csi300_custom_step0_s_20260808_13,df2d3d3c1ed342c999e430f5ae964c46,0.062,,,
1180,2026-08-07,SH601088,-0.04732333496212959,EXP_LinearModel_Alpha158_csi300_custom_step0_s_20260808_13,ead5c6db497f4b1c8c1b56500001d5b1,0.111,,,
1181,2026-08-07,SH601111,0.009529860690236092,EXP_LinearModel_Alpha158_csi300_custom_step0_s_20260808_13,ead5c6db497f4b1c8c1b56500001d5b1,0.111,,,
1182,2026-08-07,SZ000596,-0.0011936463415622711,EXP_LinearModel_Alpha158_csi300_custom_step0_s_20260808_13,ead5c6db497f4b1c8c1b56500001d5b1,0.111,,,
1183,2026-08-07,SZ000617,-0.013934748247265816,EXP_LinearModel_Alpha158_csi300_custom_step0_s_20260808_13,ead5c6db497f4b1c8c1b56500001d5b1,0.111,,,
1184,2026-08-07,SZ000625,-0.039817288517951965,EXP_LinearModel_Alpha158_csi300_custom_step0_s_20260808_13,ead5c6db497f4b1c8c1b56500001d5b1,0.111,,,
1185,2026-08-07,SZ000630,-0.03938322886824608,EXP_LinearModel_Alpha158_csi300_custom_step0_s_20260808_13,ead5c6db497f4b1c8c1b56500001d5b1,0.111,,,
1186,2026-08-07,SZ000651,0.038181912153959274,EXP_LinearModel_Alpha158_csi300_custom_step0_s_20260808_13,ead5c6db497f4b1c8c1b56500001d5b1,0.111,,,
1187,2026-08-07,SZ000657,-0.10489116609096527,EXP_LinearModel_Alpha158_csi300_custom_step0_s_20260808_13,ead5c6db497f4b1c8c1b56500001d5b1,0.111,,,
1188,2026-08-07,SZ000708,0.006405312567949295,EXP_LinearModel_Alpha158_csi300_custom_step0_s_20260808_13,ead5c6db497f4b1c8c1b56500001d5b1,0.111,,,
1189,2026-08-07,SZ000725,-0.08605512231588364,EXP_LinearModel_Alpha158_csi300_custom_step0_s_20260808_13,ead5c6db497f4b1c8c1b56500001d5b1,0.111,,,
1190,2026-08-07,SZ000768,0.01835806667804718,EXP_LinearModel_Alpha158_csi300_custom_step0_s_20260808_13,ead5c6db497f4b1c8c1b56500001d5b1,0.111,,,
1191,2026-08-07,SZ000776,-0.01733870431780815,EXP_LinearModel_Alpha158_csi300_custom_step0_s_20260808_13,ead5c6db497f4b1c8c1b56500001d5b1,0.111,,,
1192,2026-08-07,SZ000792,-0.0469655767083168,EXP_LinearModel_Alpha158_csi300_custom_step0_s_20260808_13,ead5c6db497f4b1c8c1b56500001d5b1,0.111,,,
1193,2026-08-07,SZ000807,-0.08815073221921921,EXP_LinearModel_Alpha158_csi300_custom_step0_s_20260808_13,ead5c6db497f4b1c8c1b56500001d5b1,0.111,,,
1194,2026-08-07,SZ000858,-0.05553925037384033,EXP_LinearModel_Alpha158_csi300_custom_step0_s_20260808_13,ead5c6db497f4b1c8c1b56500001d5b1,0.111,,,
1195,2026-08-07,SZ000895,0.03411222994327545,EXP_LinearModel_Alpha158_csi300_custom_step0_s_20260808_13,ead5c6db497f4b1c8c1b56500001d5b1,0.111,,,
1196,2026-08-07,SZ000938,-0.08068060874938965,EXP_LinearModel_Alpha158_csi300_custom_step0_s_20260808_13,ead5c6db497f4b1c8c1b56500001d5b1,0.111,,,
1197,2026-08-07,SZ000963,0.0021529346704483032,EXP_LinearModel_Alpha158_csi300_custom_step0_s_20260808_13,ead5c6db497f4b1c8c1b56500001d5b1,0.111,,,
1198,2026-08-07,SZ000975,-0.1625298112630844,EXP_LinearModel_Alpha158_csi300_custom_step0_s_20260808_13,ead5c6db497f4b1c8c1b56500001d5b1,0.111,,,
1199,2026-08-07,SZ000568,-0.0372454933822155,EXP_LinearModel_Alpha158_csi300_custom_step0_s_20260808_13,ead5c6db497f4b1c8c1b56500001d5b1,0.111,,,
1200,2026-08-07,SZ000977,-0.05478367581963539,EXP_LinearModel_Alpha158_csi300_custom_step0_s_20260808_13,ead5c6db497f4b1c8c1b56500001d5b1,0.111,,,
1201,2026-08-07,SZ000538,0.02011553943157196,EXP_LinearModel_Alpha158_csi300_custom_step0_s_20260808_13,ead5c6db497f4b1c8c1b56500001d5b1,0.111,,,
1202,2026-08-07,SZ000408,-0.08862423896789551,EXP_LinearModel_Alpha158_csi300_custom_step0_s_20260808_13,ead5c6db497f4b1c8c1b56500001d5b1,0.111,,,
1203,2026-08-07,SH688256,-0.03541029989719391,EXP_LinearModel_Alpha158_csi300_custom_step0_s_20260808_13,ead5c6db497f4b1c8c1b56500001d5b1,0.111,,,
1204,2026-08-07,SH688271,-0.029311155900359154,EXP_LinearModel_Alpha158_csi300_custom_step0_s_20260808_13,ead5c6db497f4b1c8c1b56500001d5b1,0.111,,,
1205,2026-08-07,SH688303,-0.016805753111839294,EXP_LinearModel_Alpha158_csi300_custom_step0_s_20260808_13,ead5c6db497f4b1c8c1b56500001d5b1,0.111,,,
1206,2026-08-07,SH688396,-0.04618282616138458,EXP_LinearModel_Alpha158_csi300_custom_step0_s_20260808_13,ead5c6db497f4b1c8c1b56500001d5b1,0.111,,,
1207,2026-08-07,SH688472,0.034599319100379944,EXP_LinearModel_Alpha158_csi300_custom_step0_s_20260808_13,ead5c6db497f4b1c8c1b56500001d5b1,0.111,,,
1208,2026-08-07,SH688506,-0.08240164071321487,EXP_LinearModel_Alpha158_csi300_custom_step0_s_20260808_13,ead5c6db497f4b1c8c1b56500001d5b1,0.111,,,
1209,2026-08-07,SH688521,-0.07132591307163239,EXP_LinearModel_Alpha158_csi300_custom_step0_s_20260808_13,ead5c6db497f4b1c8c1b56500001d5b1,0.111,,,
1210,2026-08-07,SH688981,-0.003032241016626358,EXP_LinearModel_Alpha158_csi300_custom_step0_s_20260808_13,ead5c6db497f4b1c8c1b56500001d5b1,0.111,,,
1211,2026-08-07,SZ000001,0.025452321395277977,EXP_LinearModel_Alpha158_csi300_custom_step0_s_20260808_13,ead5c6db497f4b1c8c1b56500001d5b1,0.111,,,
1212,2026-08-07,SZ000002,-0.060297101736068726,EXP_LinearModel_Alpha158_csi300_custom_step0_s_20260808_13,ead5c6db497f4b1c8c1b56500001d5b1,0.111,,,
1213,2026-08-07,SZ000063,-0.018972551450133324,EXP_LinearModel_Alpha158_csi300_custom_step0_s_20260808_13,ead5c6db497f4b1c8c1b56500001d5b1,0.111,,,
1214,2026-08-07,SZ000100,-0.007322762161493301,EXP_LinearModel_Alpha158_csi300_custom_step0_s_20260808_13,ead5c6db497f4b1c8c1b56500001d5b1,0.111,,,
1215,2026-08-07,SZ000157,-0.025116320699453354,EXP_LinearModel_Alpha158_csi300_custom_step0_s_20260808_13,ead5c6db497f4b1c8c1b56500001d5b1,0.111,,,
1216,2026-08-07,SZ000166,0.0034044887870550156,EXP_LinearModel_Alpha158_csi300_custom_step0_s_20260808_13,ead5c6db497f4b1c8c1b56500001d5b1,0.111,,,
1217,2026-08-07,SZ000301,-0.05305616930127144,EXP_LinearModel_Alpha158_csi300_custom_step0_s_20260808_13,ead5c6db497f4b1c8c1b56500001d5b1,0.111,,,
1218,2026-08-07,SZ000333,0.011363065801560879,EXP_LinearModel_Alpha158_csi300_custom_step0_s_20260808_13,ead5c6db497f4b1c8c1b56500001d5b1,0.111,,,
1219,2026-08-07,SZ000338,0.004953719675540924,EXP_LinearModel_Alpha158_csi300_custom_step0_s_20260808_13,ead5c6db497f4b1c8c1b56500001d5b1,0.111,,,
1220,2026-08-07,SZ000425,-0.026027852669358253,EXP_LinearModel_Alpha158_csi300_custom_step0_s_20260808_13,ead5c6db497f4b1c8c1b56500001d5b1,0.111,,,
1221,2026-08-07,SH688223,-0.01508201565593481,EXP_LinearModel_Alpha158_csi300_custom_step0_s_20260808_13,ead5c6db497f4b1c8c1b56500001d5b1,0.111,,,
1222,2026-08-07,SZ000988,0.15820740163326263,EXP_LinearModel_Alpha158_csi300_custom_step0_s_20260808_13,ead5c6db497f4b1c8c1b56500001d5b1,0.111,,,
1223,2026-08-07,SZ001280,-0.0032513588666915894,EXP_LinearModel_Alpha158_csi300_custom_step0_s_20260808_13,ead5c6db497f4b1c8c1b56500001d5b1,0.111,,,
1224,2026-08-07,SZ002415,0.013820907101035118,EXP_LinearModel_Alpha158_csi300_custom_step0_s_20260808_13,ead5c6db497f4b1c8c1b56500001d5b1,0.111,,,
1225,2026-08-07,SZ002422,-0.022365354001522064,EXP_LinearModel_Alpha158_csi300_custom_step0_s_20260808_13,ead5c6db497f4b1c8c1b56500001d5b1,0.111,,,
1226,2026-08-07,SZ002460,-0.06324565410614014,EXP_LinearModel_Alpha158_csi300_custom_step0_s_20260808_13,ead5c6db497f4b1c8c1b56500001d5b1,0.111,,,
1227,2026-08-07,SZ002463,-0.1273811310529709,EXP_LinearModel_Alpha158_csi300_custom_step0_s_20260808_13,ead5c6db497f4b1c8c1b56500001d5b1,0.111,,,
1228,2026-08-07,SZ002466,-0.10762353241443634,EXP_LinearModel_Alpha158_csi300_custom_step0_s_20260808_13,ead5c6db497f4b1c8c1b56500001d5b1,0.111,,,
1229,2026-08-07,SZ002475,-0.015805453062057495,EXP_LinearModel_Alpha158_csi300_custom_step0_s_20260808_13,ead5c6db497f4b1c8c1b56500001d5b1,0.111,,,
1230,2026-08-07,SZ002493,-0.08604127913713455,EXP_LinearModel_Alpha158_csi300_custom_step0_s_20260808_13,ead5c6db497f4b1c8c1b56500001d5b1,0.111,,,
1231,2026-08-07,SZ002532,-0.10436559468507767,EXP_LinearModel_Alpha158_csi300_custom_step0_s_20260808_13,ead5c6db497f4b1c8c1b56500001d5b1,0.111,,,
1232,2026-08-07,SZ002558,0.05680753290653229,EXP_LinearModel_Alpha158_csi300_custom_step0_s_20260808_13,ead5c6db497f4b1c8c1b56500001d5b1,0.111,,,
1233,2026-08-07,SZ002594,-0.03751912713050842,EXP_LinearModel_Alpha158_csi300_custom_step0_s_20260808_13,ead5c6db497f4b1c8c1b56500001d5b1,0.111,,,
1234,2026-08-07,SZ002600,-0.04959391430020332,EXP_LinearModel_Alpha158_csi300_custom_step0_s_20260808_13,ead5c6db497f4b1c8c1b56500001d5b1,0.111,,,
1235,2026-08-07,SZ002602,-0.0068640392273664474,EXP_LinearModel_Alpha158_csi300_custom_step0_s_20260808_13,ead5c6db497f4b1c8c1b56500001d5b1,0.111,,,
1236,2026-08-07,SZ002625,0.02604534849524498,EXP_LinearModel_Alpha158_csi300_custom_step0_s_20260808_13,ead5c6db497f4b1c8c1b56500001d5b1,0.111,,,
1237,2026-08-07,SZ002648,0.01840907707810402,EXP_LinearModel_Alpha158_csi300_custom_step0_s_20260808_13,ead5c6db497f4b1c8c1b56500001d5b1,0.111,,,
1238,2026-08-07,SZ002709,-0.053251713514328,EXP_LinearModel_Alpha158_csi300_custom_step0_s_20260808_13,ead5c6db497f4b1c8c1b56500001d5b1,0.111,,,
1239,2026-08-07,SZ002714,-0.05837751552462578,EXP_LinearModel_Alpha158_csi300_custom_step0_s_20260808_13,ead5c6db497f4b1c8c1b56500001d5b1,0.111,,,
1240,2026-08-07,SZ002736,0.02589958906173706,EXP_LinearModel_Alpha158_csi300_custom_step0_s_20260808_13,ead5c6db497f4b1c8c1b56500001d5b1,0.111,,,
1241,2026-08-07,SZ002384,-0.05889599025249481,EXP_LinearModel_Alpha158_csi300_custom_step0_s_20260808_13,ead5c6db497f4b1c8c1b56500001d5b1,0.111,,,
1242,2026-08-07,SZ000999,0.021619409322738647,EXP_LinearModel_Alpha158_csi300_custom_step0_s_20260808_13,ead5c6db497f4b1c8c1b56500001d5b1,0.111,,,
1243,2026-08-07,SZ002371,-0.0791810154914856,EXP_LinearModel_Alpha158_csi300_custom_step0_s_20260808_13,ead5c6db497f4b1c8c1b56500001d5b1,0.111,,,
1244,2026-08-07,SZ002352,-0.005366547964513302,EXP_LinearModel_Alpha158_csi300_custom_step0_s_20260808_13,ead5c6db497f4b1c8c1b56500001d5b1,0.111,,,
1245,2026-08-07,SZ001391,-0.029221611097455025,EXP_LinearModel_Alpha158_csi300_custom_step0_s_20260808_13,ead5c6db497f4b1c8c1b56500001d5b1,0.111,,,
1246,2026-08-07,SZ001965,-0.004640858620405197,EXP_LinearModel_Alpha158_csi300_custom_step0_s_20260808_13,ead5c6db497f4b1c8c1b56500001d5b1,0.111,,,
1247,2026-08-07,SZ001979,0.00457886653020978,EXP_LinearModel_Alpha158_csi300_custom_step0_s_20260808_13,ead5c6db497f4b1c8c1b56500001d5b1,0.111,,,
1248,2026-08-07,SZ002001,-0.03346933424472809,EXP_LinearModel_Alpha158_csi300_custom_step0_s_20260808_13,ead5c6db497f4b1c8c1b56500001d5b1,0.111,,,
1249,2026-08-07,SZ002027,0.023990176618099213,EXP_LinearModel_Alpha158_csi300_custom_step0_s_20260808_13,ead5c6db497f4b1c8c1b56500001d5b1,0.111,,,
1250,2026-08-07,SZ002028,-0.03666440770030022,EXP_LinearModel_Alpha158_csi300_custom_step0_s_20260808_13,ead5c6db497f4b1c8c1b56500001d5b1,0.111,,,
1251,2026-08-07,SZ002049,-0.01942516304552555,EXP_LinearModel_Alpha158_csi300_custom_step0_s_20260808_13,ead5c6db497f4b1c8c1b56500001d5b1,0.111,,,
1252,2026-08-07,SZ002050,-0.005164763890206814,EXP_LinearModel_Alpha158_csi300_custom_step0_s_20260808_13,ead5c6db497f4b1c8c1b56500001d5b1,0.111,,,
1253,2026-08-07,SZ002074,-0.028248455375432968,EXP_LinearModel_Alpha158_csi300_custom_step0_s_20260808_13,ead5c6db497f4b1c8c1b56500001d5b1,0.111,,,
1254,2026-08-07,SZ002142,0.0371636338531971,EXP_LinearModel_Alpha158_csi300_custom_step0_s_20260808_13,ead5c6db497f4b1c8c1b56500001d5b1,0.111,,,
1255,2026-08-07,SZ002179,-0.0771779865026474,EXP_LinearModel_Alpha158_csi300_custom_step0_s_20260808_13,ead5c6db497f4b1c8c1b56500001d5b1,0.111,,,
1256,2026-08-07,SZ002202,-0.052293721586465836,EXP_LinearModel_Alpha158_csi300_custom_step0_s_20260808_13,ead5c6db497f4b1c8c1b56500001d5b1,0.111,,,
1257,2026-08-07,SZ002230,-0.0007425085641443729,EXP_LinearModel_Alpha158_csi300_custom_step0_s_20260808_13,ead5c6db497f4b1c8c1b56500001d5b1,0.111,,,
1258,2026-08-07,SZ002236,-0.03986073285341263,EXP_LinearModel_Alpha158_csi300_custom_step0_s_20260808_13,ead5c6db497f4b1c8c1b56500001d5b1,0.111,,,
1259,2026-08-07,SZ002241,0.0017544124275445938,EXP_LinearModel_Alpha158_csi300_custom_step0_s_20260808_13,ead5c6db497f4b1c8c1b56500001d5b1,0.111,,,
1260,2026-08-07,SZ002304,-0.04378769174218178,EXP_LinearModel_Alpha158_csi300_custom_step0_s_20260808_13,ead5c6db497f4b1c8c1b56500001d5b1,0.111,,,
1261,2026-08-07,SZ002311,0.02524276077747345,EXP_LinearModel_Alpha158_csi300_custom_step0_s_20260808_13,ead5c6db497f4b1c8c1b56500001d5b1,0.111,,,
1262,2026-08-07,SZ002353,-0.1740541160106659,EXP_LinearModel_Alpha158_csi300_custom_step0_s_20260808_13,ead5c6db497f4b1c8c1b56500001d5b1,0.111,,,
1263,2026-08-07,SH688183,-0.0814315676689148,EXP_LinearModel_Alpha158_csi300_custom_step0_s_20260808_13,ead5c6db497f4b1c8c1b56500001d5b1,0.111,,,
1264,2026-08-07,SH688126,-0.03160211443901062,EXP_LinearModel_Alpha158_csi300_custom_step0_s_20260808_13,ead5c6db497f4b1c8c1b56500001d5b1,0.111,,,
1265,2026-08-07,SH688111,0.024842364713549614,EXP_LinearModel_Alpha158_csi300_custom_step0_s_20260808_13,ead5c6db497f4b1c8c1b56500001d5b1,0.111,,,
1266,2026-08-07,SH601600,-0.0494733601808548,EXP_LinearModel_Alpha158_csi300_custom_step0_s_20260808_13,ead5c6db497f4b1c8c1b56500001d5b1,0.111,,,
1267,2026-08-07,SH601601,-0.028981436043977737,EXP_LinearModel_Alpha158_csi300_custom_step0_s_20260808_13,ead5c6db497f4b1c8c1b56500001d5b1,0.111,,,
1268,2026-08-07,SH601607,0.03289073705673218,EXP_LinearModel_Alpha158_csi300_custom_step0_s_20260808_13,ead5c6db497f4b1c8c1b56500001d5b1,0.111,,,
1269,2026-08-07,SH601618,-0.0010320013388991356,EXP_LinearModel_Alpha158_csi300_custom_step0_s_20260808_13,ead5c6db497f4b1c8c1b56500001d5b1,0.111,,,
1270,2026-08-07,SH601628,-0.033300209790468216,EXP_LinearModel_Alpha158_csi300_custom_step0_s_20260808_13,ead5c6db497f4b1c8c1b56500001d5b1,0.111,,,
1271,2026-08-07,SH601633,-0.03167114406824112,EXP_LinearModel_Alpha158_csi300_custom_step0_s_20260808_13,ead5c6db497f4b1c8c1b56500001d5b1,0.111,,,
1272,2026-08-07,SH601658,0.03303379565477371,EXP_LinearModel_Alpha158_csi300_custom_step0_s_20260808_13,ead5c6db497f4b1c8c1b56500001d5b1,0.111,,,
1273,2026-08-07,SH601668,0.07026191055774689,EXP_LinearModel_Alpha158_csi300_custom_step0_s_20260808_13,ead5c6db497f4b1c8c1b56500001d5b1,0.111,,,
1274,2026-08-07,SH601669,-0.009874345734715462,EXP_LinearModel_Alpha158_csi300_custom_step0_s_20260808_13,ead5c6db497f4b1c8c1b56500001d5b1,0.111,,,
1275,2026-08-07,SH601688,-0.039220891892910004,EXP_LinearModel_Alpha158_csi300_custom_step0_s_20260808_13,ead5c6db497f4b1c8c1b56500001d5b1,0.111,,,
1276,2026-08-07,SH601689,-0.04567863792181015,EXP_LinearModel_Alpha158_csi300_custom_step0_s_20260808_13,ead5c6db497f4b1c8c1b56500001d5b1,0.111,,,
1277,2026-08-07,SH601698,-0.10444153100252151,EXP_LinearModel_Alpha158_csi300_custom_step0_s_20260808_13,ead5c6db497f4b1c8c1b56500001d5b1,0.111,,,
1278,2026-08-07,SH601727,0.03767050802707672,EXP_LinearModel_Alpha158_csi300_custom_step0_s_20260808_13,ead5c6db497f4b1c8c1b56500001d5b1,0.111,,,
1279,2026-08-07,SH601728,0.0019569771829992533,EXP_LinearModel_Alpha158_csi300_custom_step0_s_20260808_13,ead5c6db497f4b1c8c1b56500001d5b1,0.111,,,
1280,2026-08-07,SH601766,-0.002048584632575512,EXP_LinearModel_Alpha158_csi300_custom_step0_s_20260808_13,ead5c6db497f4b1c8c1b56500001d5b1,0.111,,,
1281,2026-08-07,SH601788,-0.0022539454512298107,EXP_LinearModel_Alpha158_csi300_custom_step0_s_20260808_13,ead5c6db497f4b1c8c1b56500001d5b1,0.111,,,
1282,2026-08-07,SH601800,0.00967384036630392,EXP_LinearModel_Alpha158_csi300_custom_step0_s_20260808_13,ead5c6db497f4b1c8c1b56500001d5b1,0.111,,,
1283,2026-08-07,SH601456,0.05459532514214516,EXP_LinearModel_Alpha158_csi300_custom_step0_s_20260808_13,ead5c6db497f4b1c8c1b56500001d5b1,0.111,,,
1284,2026-08-07,SH601816,0.035057686269283295,EXP_LinearModel_Alpha158_csi300_custom_step0_s_20260808_13,ead5c6db497f4b1c8c1b56500001d5b1,0.111,,,
1285,2026-08-07,SH601398,0.0006126505322754383,EXP_LinearModel_Alpha158_csi300_custom_step0_s_20260808_13,ead5c6db497f4b1c8c1b56500001d5b1,0.111,,,
1286,2026-08-07,SH601377,0.043430667370557785,EXP_LinearModel_Alpha158_csi300_custom_step0_s_20260808_13,ead5c6db497f4b1c8c1b56500001d5b1,0.111,,,
1287,2026-08-07,SH601117,0.00599274318665266,EXP_LinearModel_Alpha158_csi300_custom_step0_s_20260808_13,ead5c6db497f4b1c8c1b56500001d5b1,0.111,,,
1288,2026-08-07,SH601127,-0.015229552984237671,EXP_LinearModel_Alpha158_csi300_custom_step0_s_20260808_13,ead5c6db497f4b1c8c1b56500001d5b1,0.111,,,
1289,2026-08-07,SH601136,-0.017343532294034958,EXP_LinearModel_Alpha158_csi300_custom_step0_s_20260808_13,ead5c6db497f4b1c8c1b56500001d5b1,0.111,,,
1290,2026-08-07,SH601138,-0.09506130963563919,EXP_LinearModel_Alpha158_csi300_custom_step0_s_20260808_13,ead5c6db497f4b1c8c1b56500001d5b1,0.111,,,
1291,2026-08-07,SH601166,0.0009842603467404842,EXP_LinearModel_Alpha158_csi300_custom_step0_s_20260808_13,ead5c6db497f4b1c8c1b56500001d5b1,0.111,,,
1292,2026-08-07,SH601169,0.08558297157287598,EXP_LinearModel_Alpha158_csi300_custom_step0_s_20260808_13,ead5c6db497f4b1c8c1b56500001d5b1,0.111,,,
1293,2026-08-07,SH601186,0.02393529936671257,EXP_LinearModel_Alpha158_csi300_custom_step0_s_20260808_13,ead5c6db497f4b1c8c1b56500001d5b1,0.111,,,
1294,2026-08-07,SH601211,-0.07054991275072098,EXP_LinearModel_Alpha158_csi300_custom_step0_s_20260808_13,ead5c6db497f4b1c8c1b56500001d5b1,0.111,,,
1295,2026-08-07,SH601225,-0.013611521571874619,EXP_LinearModel_Alpha158_csi300_custom_step0_s_20260808_13,ead5c6db497f4b1c8c1b56500001d5b1,0.111,,,
1296,2026-08-07,SH601229,0.014841475524008274,EXP_LinearModel_Alpha158_csi300_custom_step0_s_20260808_13,ead5c6db497f4b1c8c1b56500001d5b1,0.111,,,
1297,2026-08-07,SH601238,-0.020679105073213577,EXP_LinearModel_Alpha158_csi300_custom_step0_s_20260808_13,ead5c6db497f4b1c8c1b56500001d5b1,0.111,,,
1298,2026-08-07,SH601288,-0.018910298123955727,EXP_LinearModel_Alpha158_csi300_custom_step0_s_20260808_13,ead5c6db497f4b1c8c1b56500001d5b1,0.111,,,
1299,2026-08-07,SH601318,-0.0051911212503910065,EXP_LinearModel_Alpha158_csi300_custom_step0_s_20260808_13,ead5c6db497f4b1c8c1b56500001d5b1,0.111,,,
1300,2026-08-07,SH601319,0.03540019690990448,EXP_LinearModel_Alpha158_csi300_custom_step0_s_20260808_13,ead5c6db497f4b1c8c1b56500001d5b1,0.111,,,
1301,2026-08-07,SH601328,0.014205989427864552,EXP_LinearModel_Alpha158_csi300_custom_step0_s_20260808_13,ead5c6db497f4b1c8c1b56500001d5b1,0.111,,,
1302,2026-08-07,SH601336,-0.003962500486522913,EXP_LinearModel_Alpha158_csi300_custom_step0_s_20260808_13,ead5c6db497f4b1c8c1b56500001d5b1,0.111,,,
1303,2026-08-07,SH601360,0.005326829385012388,EXP_LinearModel_Alpha158_csi300_custom_step0_s_20260808_13,ead5c6db497f4b1c8c1b56500001d5b1,0.111,,,
1304,2026-08-07,SH601390,0.010643904097378254,EXP_LinearModel_Alpha158_csi300_custom_step0_s_20260808_13,ead5c6db497f4b1c8c1b56500001d5b1,0.111,,,
1305,2026-08-07,SH601818,0.054746951907873154,EXP_LinearModel_Alpha158_csi300_custom_step0_s_20260808_13,ead5c6db497f4b1c8c1b56500001d5b1,0.111,,,
1306,2026-08-07,SH601825,-0.04226354882121086,EXP_LinearModel_Alpha158_csi300_custom_step0_s_20260808_13,ead5c6db497f4b1c8c1b56500001d5b1,0.111,,,
1307,2026-08-07,SH601838,0.017653224989771843,EXP_LinearModel_Alpha158_csi300_custom_step0_s_20260808_13,ead5c6db497f4b1c8c1b56500001d5b1,0.111,,,
1308,2026-08-07,SH603369,-0.030345788225531578,EXP_LinearModel_Alpha158_csi300_custom_step0_s_20260808_13,ead5c6db497f4b1c8c1b56500001d5b1,0.111,,,
1309,2026-08-07,SH603392,-0.07419123500585556,EXP_LinearModel_Alpha158_csi300_custom_step0_s_20260808_13,ead5c6db497f4b1c8c1b56500001d5b1,0.111,,,
1310,2026-08-07,SH603501,-0.04300599917769432,EXP_LinearModel_Alpha158_csi300_custom_step0_s_20260808_13,ead5c6db497f4b1c8c1b56500001d5b1,0.111,,,
1311,2026-08-07,SH603799,-0.07527186721563339,EXP_LinearModel_Alpha158_csi300_custom_step0_s_20260808_13,ead5c6db497f4b1c8c1b56500001d5b1,0.111,,,
1312,2026-08-07,SH603893,-0.015676846727728844,EXP_LinearModel_Alpha158_csi300_custom_step0_s_20260808_13,ead5c6db497f4b1c8c1b56500001d5b1,0.111,,,
1313,2026-08-07,SH603986,0.14689649641513824,EXP_LinearModel_Alpha158_csi300_custom_step0_s_20260808_13,ead5c6db497f4b1c8c1b56500001d5b1,0.111,,,
1314,2026-08-07,SH603993,-0.06657882779836655,EXP_LinearModel_Alpha158_csi300_custom_step0_s_20260808_13,ead5c6db497f4b1c8c1b56500001d5b1,0.111,,,
1315,2026-08-07,SH605117,0.003926428966224194,EXP_LinearModel_Alpha158_csi300_custom_step0_s_20260808_13,ead5c6db497f4b1c8c1b56500001d5b1,0.111,,,
1316,2026-08-07,SH605499,-0.07295427471399307,EXP_LinearModel_Alpha158_csi300_custom_step0_s_20260808_13,ead5c6db497f4b1c8c1b56500001d5b1,0.111,,,
1317,2026-08-07,SH688008,-0.03237375244498253,EXP_LinearModel_Alpha158_csi300_custom_step0_s_20260808_13,ead5c6db497f4b1c8c1b56500001d5b1,0.111,,,
1318,2026-08-07,SH688009,0.05181446298956871,EXP_LinearModel_Alpha158_csi300_custom_step0_s_20260808_13,ead5c6db497f4b1c8c1b56500001d5b1,0.111,,,
1319,2026-08-07,SH688012,-0.04052389785647392,EXP_LinearModel_Alpha158_csi300_custom_step0_s_20260808_13,ead5c6db497f4b1c8c1b56500001d5b1,0.111,,,
1320,2026-08-07,SH688036,-0.0006158024189062417,EXP_LinearModel_Alpha158_csi300_custom_step0_s_20260808_13,ead5c6db497f4b1c8c1b56500001d5b1,0.111,,,
1321,2026-08-07,SH688041,-0.06233000382781029,EXP_LinearModel_Alpha158_csi300_custom_step0_s_20260808_13,ead5c6db497f4b1c8c1b56500001d5b1,0.111,,,
1322,2026-08-07,SH688047,0.0325111523270607,EXP_LinearModel_Alpha158_csi300_custom_step0_s_20260808_13,ead5c6db497f4b1c8c1b56500001d5b1,0.111,,,
1323,2026-08-07,SH688072,,EXP_LinearModel_Alpha158_csi300_custom_step0_s_20260808_13,ead5c6db497f4b1c8c1b56500001d5b1,0.111,,,
1324,2026-08-07,SH688082,-0.016530601307749748,EXP_LinearModel_Alpha158_csi300_custom_step0_s_20260808_13,ead5c6db497f4b1c8c1b56500001d5b1,0.111,,,
1325,2026-08-07,SH603296,0.006583740934729576,EXP_LinearModel_Alpha158_csi300_custom_step0_s_20260808_13,ead5c6db497f4b1c8c1b56500001d5b1,0.111,,,
1326,2026-08-07,SH603288,-0.002026049653068185,EXP_LinearModel_Alpha158_csi300_custom_step0_s_20260808_13,ead5c6db497f4b1c8c1b56500001d5b1,0.111,,,
1327,2026-08-07,SH603260,-0.0495627224445343,EXP_LinearModel_Alpha158_csi300_custom_step0_s_20260808_13,ead5c6db497f4b1c8c1b56500001d5b1,0.111,,,
1328,2026-08-07,SH603259,-0.13129055500030518,EXP_LinearModel_Alpha158_csi300_custom_step0_s_20260808_13,ead5c6db497f4b1c8c1b56500001d5b1,0.111,,,
1329,2026-08-07,SH601857,-0.01789417490363121,EXP_LinearModel_Alpha158_csi300_custom_step0_s_20260808_13,ead5c6db497f4b1c8c1b56500001d5b1,0.111,,,
1330,2026-08-07,SH601868,-0.033970143646001816,EXP_LinearModel_Alpha158_csi300_custom_step0_s_20260808_13,ead5c6db497f4b1c8c1b56500001d5b1,0.111,,,
1331,2026-08-07,SH601872,-0.014723947271704674,EXP_LinearModel_Alpha158_csi300_custom_step0_s_20260808_13,ead5c6db497f4b1c8c1b56500001d5b1,0.111,,,
1332,2026-08-07,SH601877,0.02467484027147293,EXP_LinearModel_Alpha158_csi300_custom_step0_s_20260808_13,ead5c6db497f4b1c8c1b56500001d5b1,0.111,,,
1333,2026-08-07,SH601878,0.038457371294498444,EXP_LinearModel_Alpha158_csi300_custom_step0_s_20260808_13,ead5c6db497f4b1c8c1b56500001d5b1,0.111,,,
1334,2026-08-07,SH601881,-0.025576112791895866,EXP_LinearModel_Alpha158_csi300_custom_step0_s_20260808_13,ead5c6db497f4b1c8c1b56500001d5b1,0.111,,,
1335,2026-08-07,SH601888,-0.03375779092311859,EXP_LinearModel_Alpha158_csi300_custom_step0_s_20260808_13,ead5c6db497f4b1c8c1b56500001d5b1,0.111,,,
1336,2026-08-07,SH601898,0.0043555498123168945,EXP_LinearModel_Alpha158_csi300_custom_step0_s_20260808_13,ead5c6db497f4b1c8c1b56500001d5b1,0.111,,,
1337,2026-08-07,SH601100,0.041751567274332047,EXP_LinearModel_Alpha158_csi300_custom_step0_s_20260808_13,ead5c6db497f4b1c8c1b56500001d5b1,0.111,,,
1338,2026-08-07,SH601899,-0.10315706580877304,EXP_LinearModel_Alpha158_csi300_custom_step0_s_20260808_13,ead5c6db497f4b1c8c1b56500001d5b1,0.111,,,
1339,2026-08-07,SH601916,0.04313599318265915,EXP_LinearModel_Alpha158_csi300_custom_step0_s_20260808_13,ead5c6db497f4b1c8c1b56500001d5b1,0.111,,,
1340,2026-08-07,SH601919,-0.006828767247498035,EXP_LinearModel_Alpha158_csi300_custom_step0_s_20260808_13,ead5c6db497f4b1c8c1b56500001d5b1,0.111,,,
1341,2026-08-07,SH601939,0.026908772066235542,EXP_LinearModel_Alpha158_csi300_custom_step0_s_20260808_13,ead5c6db497f4b1c8c1b56500001d5b1,0.111,,,
1342,2026-08-07,SH601985,0.05557669699192047,EXP_LinearModel_Alpha158_csi300_custom_step0_s_20260808_13,ead5c6db497f4b1c8c1b56500001d5b1,0.111,,,
1343,2026-08-07,SH601988,-0.021121947094798088,EXP_LinearModel_Alpha158_csi300_custom_step0_s_20260808_13,ead5c6db497f4b1c8c1b56500001d5b1,0.111,,,
1344,2026-08-07,SH601995,0.013388113118708134,EXP_LinearModel_Alpha158_csi300_custom_step0_s_20260808_13,ead5c6db497f4b1c8c1b56500001d5b1,0.111,,,
1345,2026-08-07,SH601998,-0.025210557505488396,EXP_LinearModel_Alpha158_csi300_custom_step0_s_20260808_13,ead5c6db497f4b1c8c1b56500001d5b1,0.111,,,
1346,2026-08-07,SH603019,-0.008741156198084354,EXP_LinearModel_Alpha158_csi300_custom_step0_s_20260808_13,ead5c6db497f4b1c8c1b56500001d5b1,0.111,,,
1347,2026-08-07,SH601901,-0.024372775107622147,EXP_LinearModel_Alpha158_csi300_custom_step0_s_20260808_13,ead5c6db497f4b1c8c1b56500001d5b1,0.111,,,
1348,2026-08-07,SH601939,0.0010432726992829985,EXP_DEnsembleModel_Alpha158_csi300_custom_step0_s_20260808_13,0b4bd5e028884aeb9893767e8443a1ac,0.142,,,
1349,2026-08-07,SH601919,0.06330199845294479,EXP_DEnsembleModel_Alpha158_csi300_custom_step0_s_20260808_13,0b4bd5e028884aeb9893767e8443a1ac,0.142,,,
1350,2026-08-07,SH601916,0.06602292915803655,EXP_DEnsembleModel_Alpha158_csi300_custom_step0_s_20260808_13,0b4bd5e028884aeb9893767e8443a1ac,0.142,,,
1351,2026-08-07,SH601888,-0.0037634334042168506,EXP_CatBoostModel_Alpha158_csi300_custom_step0_s_20260808_15,ddaa58a5714240d2881018b2a3fbabca,0.161,,,
1352,2026-08-07,SH601898,-0.006178270300765596,EXP_CatBoostModel_Alpha158_csi300_custom_step0_s_20260808_15,ddaa58a5714240d2881018b2a3fbabca,0.161,,,
1353,2026-08-07,SH601899,-0.004481655818951071,EXP_CatBoostModel_Alpha158_csi300_custom_step0_s_20260808_15,ddaa58a5714240d2881018b2a3fbabca,0.161,,,
1354,2026-08-07,SH601901,0.004966067233364159,EXP_CatBoostModel_Alpha158_csi300_custom_step0_s_20260808_15,ddaa58a5714240d2881018b2a3fbabca,0.161,,,
1355,2026-08-07,SH601916,-0.0024555849734251723,EXP_CatBoostModel_Alpha158_csi300_custom_step0_s_20260808_15,ddaa58a5714240d2881018b2a3fbabca,0.161,,,
1356,2026-08-07,SH601919,0.008432129338841372,EXP_CatBoostModel_Alpha158_csi300_custom_step0_s_20260808_15,ddaa58a5714240d2881018b2a3fbabca,0.161,,,
1357,2026-08-07,SH601939,-0.00148600204918139,EXP_CatBoostModel_Alpha158_csi300_custom_step0_s_20260808_15,ddaa58a5714240d2881018b2a3fbabca,0.161,,,
1358,2026-08-07,SH601985,0.004601580346558362,EXP_CatBoostModel_Alpha158_csi300_custom_step0_s_20260808_15,ddaa58a5714240d2881018b2a3fbabca,0.161,,,
1359,2026-08-07,SH601988,-0.0027938504799730683,EXP_CatBoostModel_Alpha158_csi300_custom_step0_s_20260808_15,ddaa58a5714240d2881018b2a3fbabca,0.161,,,
1360,2026-08-07,SH601995,0.0043026494095978265,EXP_CatBoostModel_Alpha158_csi300_custom_step0_s_20260808_15,ddaa58a5714240d2881018b2a3fbabca,0.161,,,
1361,2026-08-07,SH601998,-0.0037634334042168506,EXP_CatBoostModel_Alpha158_csi300_custom_step0_s_20260808_15,ddaa58a5714240d2881018b2a3fbabca,0.161,,,
1362,2026-08-07,SH603019,-0.007961489843671858,EXP_CatBoostModel_Alpha158_csi300_custom_step0_s_20260808_15,ddaa58a5714240d2881018b2a3fbabca,0.161,,,
1363,2026-08-07,SH603259,-0.00020087289694525358,EXP_CatBoostModel_Alpha158_csi300_custom_step0_s_20260808_15,ddaa58a5714240d2881018b2a3fbabca,0.161,,,
1364,2026-08-07,SH603260,0.007347791558329223,EXP_CatBoostModel_Alpha158_csi300_custom_step0_s_20260808_15,ddaa58a5714240d2881018b2a3fbabca,0.161,,,
1365,2026-08-07,SH603288,-0.0037634334042168506,EXP_CatBoostModel_Alpha158_csi300_custom_step0_s_20260808_15,ddaa58a5714240d2881018b2a3fbabca,0.161,,,
1366,2026-08-07,SH603296,-0.004481655818951071,EXP_CatBoostModel_Alpha158_csi300_custom_step0_s_20260808_15,ddaa58a5714240d2881018b2a3fbabca,0.161,,,
1367,2026-08-07,SH603369,-0.0027938504799730683,EXP_CatBoostModel_Alpha158_csi300_custom_step0_s_20260808_15,ddaa58a5714240d2881018b2a3fbabca,0.161,,,
1368,2026-08-07,SH601881,0.004966067233364159,EXP_CatBoostModel_Alpha158_csi300_custom_step0_s_20260808_15,ddaa58a5714240d2881018b2a3fbabca,0.161,,,
1369,2026-08-07,SH603392,-0.005859135398048758,EXP_CatBoostModel_Alpha158_csi300_custom_step0_s_20260808_15,ddaa58a5714240d2881018b2a3fbabca,0.161,,,
1370,2026-08-07,SH601878,0.004966067233364159,EXP_CatBoostModel_Alpha158_csi300_custom_step0_s_20260808_15,ddaa58a5714240d2881018b2a3fbabca,0.161,,,
1371,2026-08-07,SH601872,-0.010108786578576036,EXP_CatBoostModel_Alpha158_csi300_custom_step0_s_20260808_15,ddaa58a5714240d2881018b2a3fbabca,0.161,,,
1372,2026-08-07,SH601658,-0.0027938504799730683,EXP_CatBoostModel_Alpha158_csi300_custom_step0_s_20260808_15,ddaa58a5714240d2881018b2a3fbabca,0.161,,,
1373,2026-08-07,SH601668,-0.006155065998321412,EXP_CatBoostModel_Alpha158_csi300_custom_step0_s_20260808_15,ddaa58a5714240d2881018b2a3fbabca,0.161,,,
1374,2026-08-07,SH601669,0.006271044681261892,EXP_CatBoostModel_Alpha158_csi300_custom_step0_s_20260808_15,ddaa58a5714240d2881018b2a3fbabca,0.161,,,
1375,2026-08-07,SH601688,-0.0027938504799730683,EXP_CatBoostModel_Alpha158_csi300_custom_step0_s_20260808_15,ddaa58a5714240d2881018b2a3fbabca,0.161,,,
1376,2026-08-07,SH601689,0.0017453004564601123,EXP_CatBoostModel_Alpha158_csi300_custom_step0_s_20260808_15,ddaa58a5714240d2881018b2a3fbabca,0.161,,,
1377,2026-08-07,SH601698,-0.0022662852936380156,EXP_CatBoostModel_Alpha158_csi300_custom_step0_s_20260808_15,ddaa58a5714240d2881018b2a3fbabca,0.161,,,
1378,2026-08-07,SH601727,-0.0046820189839618075,EXP_CatBoostModel_Alpha158_csi300_custom_step0_s_20260808_15,ddaa58a5714240d2881018b2a3fbabca,0.161,,,
1379,2026-08-07,SH601728,-0.0037634334042168506,EXP_CatBoostModel_Alpha158_csi300_custom_step0_s_20260808_15,ddaa58a5714240d2881018b2a3fbabca,0.161,,,
1380,2026-08-07,SH601766,-0.0037634334042168506,EXP_CatBoostModel_Alpha158_csi300_custom_step0_s_20260808_15,ddaa58a5714240d2881018b2a3fbabca,0.161,,,
1381,2026-08-07,SH601788,0.004966067233364159,EXP_CatBoostModel_Alpha158_csi300_custom_step0_s_20260808_15,ddaa58a5714240d2881018b2a3fbabca,0.161,,,
1382,2026-08-07,SH601800,-0.0037634334042168506,EXP_CatBoostModel_Alpha158_csi300_custom_step0_s_20260808_15,ddaa58a5714240d2881018b2a3fbabca,0.161,,,
1383,2026-08-07,SH601816,0.0038114127042548924,EXP_CatBoostModel_Alpha158_csi300_custom_step0_s_20260808_15,ddaa58a5714240d2881018b2a3fbabca,0.161,,,
1384,2026-08-07,SH601818,-0.0024555849734251723,EXP_CatBoostModel_Alpha158_csi300_custom_step0_s_20260808_15,ddaa58a5714240d2881018b2a3fbabca,0.161,,,
1385,2026-08-07,SH601825,-0.0037634334042168506,EXP_CatBoostModel_Alpha158_csi300_custom_step0_s_20260808_15,ddaa58a5714240d2881018b2a3fbabca,0.161,,,
1386,2026-08-07,SH601838,-0.0027938504799730683,EXP_CatBoostModel_Alpha158_csi300_custom_step0_s_20260808_15,ddaa58a5714240d2881018b2a3fbabca,0.161,,,
1387,2026-08-07,SH601857,-0.0054002413986960285,EXP_CatBoostModel_Alpha158_csi300_custom_step0_s_20260808_15,ddaa58a5714240d2881018b2a3fbabca,0.161,,,
1388,2026-08-07,SH601868,0.0037566081132870037,EXP_CatBoostModel_Alpha158_csi300_custom_step0_s_20260808_15,ddaa58a5714240d2881018b2a3fbabca,0.161,,,
1389,2026-08-07,SH601877,-0.00764450680613125,EXP_CatBoostModel_Alpha158_csi300_custom_step0_s_20260808_15,ddaa58a5714240d2881018b2a3fbabca,0.161,,,
1390,2026-08-07,SH601633,-0.006725921226386293,EXP_CatBoostModel_Alpha158_csi300_custom_step0_s_20260808_15,ddaa58a5714240d2881018b2a3fbabca,0.161,,,
1391,2026-08-07,SH603501,-0.0054002413986960285,EXP_CatBoostModel_Alpha158_csi300_custom_step0_s_20260808_15,ddaa58a5714240d2881018b2a3fbabca,0.161,,,
1392,2026-08-07,SH603893,-0.00409239296790435,EXP_CatBoostModel_Alpha158_csi300_custom_step0_s_20260808_15,ddaa58a5714240d2881018b2a3fbabca,0.161,,,
1393,2026-08-07,SH688506,-0.00409239296790435,EXP_CatBoostModel_Alpha158_csi300_custom_step0_s_20260808_15,ddaa58a5714240d2881018b2a3fbabca,0.161,,,
1394,2026-08-07,SH688521,0.042639136602705324,EXP_CatBoostModel_Alpha158_csi300_custom_step0_s_20260808_15,ddaa58a5714240d2881018b2a3fbabca,0.161,,,
1395,2026-08-07,SH688981,0.008527399269397834,EXP_CatBoostModel_Alpha158_csi300_custom_step0_s_20260808_15,ddaa58a5714240d2881018b2a3fbabca,0.161,,,
1396,2026-08-07,SZ000001,-0.0037634334042168506,EXP_CatBoostModel_Alpha158_csi300_custom_step0_s_20260808_15,ddaa58a5714240d2881018b2a3fbabca,0.161,,,
1397,2026-08-07,SZ000002,-0.0037634334042168506,EXP_CatBoostModel_Alpha158_csi300_custom_step0_s_20260808_15,ddaa58a5714240d2881018b2a3fbabca,0.161,,,
1398,2026-08-07,SZ000063,-0.0008700857787681153,EXP_CatBoostModel_Alpha158_csi300_custom_step0_s_20260808_15,ddaa58a5714240d2881018b2a3fbabca,0.161,,,
1399,2026-08-07,SZ000100,-0.007961489843671858,EXP_CatBoostModel_Alpha158_csi300_custom_step0_s_20260808_15,ddaa58a5714240d2881018b2a3fbabca,0.161,,,
1400,2026-08-07,SZ000157,-0.0037634334042168506,EXP_CatBoostModel_Alpha158_csi300_custom_step0_s_20260808_15,ddaa58a5714240d2881018b2a3fbabca,0.161,,,
1401,2026-08-07,SZ000166,0.0031814694490450122,EXP_CatBoostModel_Alpha158_csi300_custom_step0_s_20260808_15,ddaa58a5714240d2881018b2a3fbabca,0.161,,,
1402,2026-08-07,SZ000301,-0.0003025156776114708,EXP_CatBoostModel_Alpha158_csi300_custom_step0_s_20260808_15,ddaa58a5714240d2881018b2a3fbabca,0.161,,,
1403,2026-08-07,SZ000333,-0.0037634334042168506,EXP_CatBoostModel_Alpha158_csi300_custom_step0_s_20260808_15,ddaa58a5714240d2881018b2a3fbabca,0.161,,,
1404,2026-08-07,SZ000338,-0.002908906596334431,EXP_CatBoostModel_Alpha158_csi300_custom_step0_s_20260808_15,ddaa58a5714240d2881018b2a3fbabca,0.161,,,
1405,2026-08-07,SZ000408,0.0028314404274465423,EXP_CatBoostModel_Alpha158_csi300_custom_step0_s_20260808_15,ddaa58a5714240d2881018b2a3fbabca,0.161,,,
1406,2026-08-07,SZ000425,-0.005476707860685066,EXP_CatBoostModel_Alpha158_csi300_custom_step0_s_20260808_15,ddaa58a5714240d2881018b2a3fbabca,0.161,,,
1407,2026-08-07,SZ000538,-0.0018396687030118974,EXP_CatBoostModel_Alpha158_csi300_custom_step0_s_20260808_15,ddaa58a5714240d2881018b2a3fbabca,0.161,,,
1408,2026-08-07,SZ000568,-0.0027938504799730683,EXP_CatBoostModel_Alpha158_csi300_custom_step0_s_20260808_15,ddaa58a5714240d2881018b2a3fbabca,0.161,,,
1409,2026-08-07,SZ000596,-0.00409239296790435,EXP_CatBoostModel_Alpha158_csi300_custom_step0_s_20260808_15,ddaa58a5714240d2881018b2a3fbabca,0.161,,,
1410,2026-08-07,SH688472,-0.0054002413986960285,EXP_CatBoostModel_Alpha158_csi300_custom_step0_s_20260808_15,ddaa58a5714240d2881018b2a3fbabca,0.161,,,
1411,2026-08-07,SH603799,-0.006178270300765596,EXP_CatBoostModel_Alpha158_csi300_custom_step0_s_20260808_15,ddaa58a5714240d2881018b2a3fbabca,0.161,,,
1412,2026-08-07,SH688396,0.0241975214869395,EXP_CatBoostModel_Alpha158_csi300_custom_step0_s_20260808_15,ddaa58a5714240d2881018b2a3fbabca,0.161,,,
1413,2026-08-07,SH688271,-0.0037634334042168506,EXP_CatBoostModel_Alpha158_csi300_custom_step0_s_20260808_15,ddaa58a5714240d2881018b2a3fbabca,0.161,,,
1414,2026-08-07,SH603986,0.0667346275658025,EXP_CatBoostModel_Alpha158_csi300_custom_step0_s_20260808_15,ddaa58a5714240d2881018b2a3fbabca,0.161,,,
1415,2026-08-07,SH603993,-0.0003025156776114708,EXP_CatBoostModel_Alpha158_csi300_custom_step0_s_20260808_15,ddaa58a5714240d2881018b2a3fbabca,0.161,,,
1416,2026-08-07,SH605117,-0.005779016472687544,EXP_CatBoostModel_Alpha158_csi300_custom_step0_s_20260808_15,ddaa58a5714240d2881018b2a3fbabca,0.161,,,
1417,2026-08-07,SH605499,-0.0046820189839618075,EXP_CatBoostModel_Alpha158_csi300_custom_step0_s_20260808_15,ddaa58a5714240d2881018b2a3fbabca,0.161,,,
1418,2026-08-07,SH688008,0.0241975214869395,EXP_CatBoostModel_Alpha158_csi300_custom_step0_s_20260808_15,ddaa58a5714240d2881018b2a3fbabca,0.161,,,
1419,2026-08-07,SH688009,-0.0037634334042168506,EXP_CatBoostModel_Alpha158_csi300_custom_step0_s_20260808_15,ddaa58a5714240d2881018b2a3fbabca,0.161,,,
1420,2026-08-07,SH688012,-7.704672508847092e-05,EXP_CatBoostModel_Alpha158_csi300_custom_step0_s_20260808_15,ddaa58a5714240d2881018b2a3fbabca,0.161,,,
1421,2026-08-07,SH688036,-0.0046820189839618075,EXP_CatBoostModel_Alpha158_csi300_custom_step0_s_20260808_15,ddaa58a5714240d2881018b2a3fbabca,0.161,,,
1422,2026-08-07,SH688041,0.0017453004564601123,EXP_CatBoostModel_Alpha158_csi300_custom_step0_s_20260808_15,ddaa58a5714240d2881018b2a3fbabca,0.161,,,
1423,2026-08-07,SH688047,0.0011721892276194642,EXP_CatBoostModel_Alpha158_csi300_custom_step0_s_20260808_15,ddaa58a5714240d2881018b2a3fbabca,0.161,,,
1424,2026-08-07,SH688072,-0.000815947988515719,EXP_CatBoostModel_Alpha158_csi300_custom_step0_s_20260808_15,ddaa58a5714240d2881018b2a3fbabca,0.161,,,
1425,2026-08-07,SH688082,0.01230392174828851,EXP_CatBoostModel_Alpha158_csi300_custom_step0_s_20260808_15,ddaa58a5714240d2881018b2a3fbabca,0.161,,,
1426,2026-08-07,SH688111,-0.0002402144481121162,EXP_CatBoostModel_Alpha158_csi300_custom_step0_s_20260808_15,ddaa58a5714240d2881018b2a3fbabca,0.161,,,
1427,2026-08-07,SH688126,0.008909214563333637,EXP_CatBoostModel_Alpha158_csi300_custom_step0_s_20260808_15,ddaa58a5714240d2881018b2a3fbabca,0.161,,,
1428,2026-08-07,SH688183,0.011060294353279909,EXP_CatBoostModel_Alpha158_csi300_custom_step0_s_20260808_15,ddaa58a5714240d2881018b2a3fbabca,0.161,,,
1429,2026-08-07,SH688223,-0.0054002413986960285,EXP_CatBoostModel_Alpha158_csi300_custom_step0_s_20260808_15,ddaa58a5714240d2881018b2a3fbabca,0.161,,,
1430,2026-08-07,SH688256,-0.024061877289802466,EXP_CatBoostModel_Alpha158_csi300_custom_step0_s_20260808_15,ddaa58a5714240d2881018b2a3fbabca,0.161,,,
1431,2026-08-07,SH688303,-0.0054002413986960285,EXP_CatBoostModel_Alpha158_csi300_custom_step0_s_20260808_15,ddaa58a5714240d2881018b2a3fbabca,0.161,,,
1432,2026-08-07,SZ000617,-0.008362729220865471,EXP_CatBoostModel_Alpha158_csi300_custom_step0_s_20260808_15,ddaa58a5714240d2881018b2a3fbabca,0.161,,,
1433,2026-08-07,SH601628,-0.0054002413986960285,EXP_CatBoostModel_Alpha158_csi300_custom_step0_s_20260808_15,ddaa58a5714240d2881018b2a3fbabca,0.161,,,
1434,2026-08-07,SH601607,0.004597933033388884,EXP_CatBoostModel_Alpha158_csi300_custom_step0_s_20260808_15,ddaa58a5714240d2881018b2a3fbabca,0.161,,,
1435,2026-08-07,SH600660,-0.006725921226386293,EXP_CatBoostModel_Alpha158_csi300_custom_step0_s_20260808_15,ddaa58a5714240d2881018b2a3fbabca,0.161,,,
1436,2026-08-07,SH600674,-0.0037634334042168506,EXP_CatBoostModel_Alpha158_csi300_custom_step0_s_20260808_15,ddaa58a5714240d2881018b2a3fbabca,0.161,,,
1437,2026-08-07,SH600690,-0.006725921226386293,EXP_CatBoostModel_Alpha158_csi300_custom_step0_s_20260808_15,ddaa58a5714240d2881018b2a3fbabca,0.161,,,
1438,2026-08-07,SH600741,-0.0027938504799730683,EXP_CatBoostModel_Alpha158_csi300_custom_step0_s_20260808_15,ddaa58a5714240d2881018b2a3fbabca,0.161,,,
1439,2026-08-07,SH600760,-0.001670624847111125,EXP_CatBoostModel_Alpha158_csi300_custom_step0_s_20260808_15,ddaa58a5714240d2881018b2a3fbabca,0.161,,,
1440,2026-08-07,SH600795,-0.0027938504799730683,EXP_CatBoostModel_Alpha158_csi300_custom_step0_s_20260808_15,ddaa58a5714240d2881018b2a3fbabca,0.161,,,
1441,2026-08-07,SH600803,-0.0046820189839618075,EXP_CatBoostModel_Alpha158_csi300_custom_step0_s_20260808_15,ddaa58a5714240d2881018b2a3fbabca,0.161,,,
1442,2026-08-07,SH600809,-0.004481655818951071,EXP_CatBoostModel_Alpha158_csi300_custom_step0_s_20260808_15,ddaa58a5714240d2881018b2a3fbabca,0.161,,,
1443,2026-08-07,SH600845,-0.003374170553170129,EXP_CatBoostModel_Alpha158_csi300_custom_step0_s_20260808_15,ddaa58a5714240d2881018b2a3fbabca,0.161,,,
1444,2026-08-07,SH600875,-0.0054002413986960285,EXP_CatBoostModel_Alpha158_csi300_custom_step0_s_20260808_15,ddaa58a5714240d2881018b2a3fbabca,0.161,,,
1445,2026-08-07,SH600886,-0.0037634334042168506,EXP_CatBoostModel_Alpha158_csi300_custom_step0_s_20260808_15,ddaa58a5714240d2881018b2a3fbabca,0.161,,,
1446,2026-08-07,SH600887,-0.0027938504799730683,EXP_CatBoostModel_Alpha158_csi300_custom_step0_s_20260808_15,ddaa58a5714240d2881018b2a3fbabca,0.161,,,
1447,2026-08-07,SH600893,0.000574297401798459,EXP_CatBoostModel_Alpha158_csi300_custom_step0_s_20260808_15,ddaa58a5714240d2881018b2a3fbabca,0.161,,,
1448,2026-08-07,SH600900,-0.0037634334042168506,EXP_CatBoostModel_Alpha158_csi300_custom_step0_s_20260808_15,ddaa58a5714240d2881018b2a3fbabca,0.161,,,
1449,2026-08-07,SH600905,0.001299769516024664,EXP_CatBoostModel_Alpha158_csi300_custom_step0_s_20260808_15,ddaa58a5714240d2881018b2a3fbabca,0.161,,,
1450,2026-08-07,SH600918,0.0043026494095978265,EXP_CatBoostModel_Alpha158_csi300_custom_step0_s_20260808_15,ddaa58a5714240d2881018b2a3fbabca,0.161,,,
1451,2026-08-07,SH600919,0.008432129338841372,EXP_CatBoostModel_Alpha158_csi300_custom_step0_s_20260808_15,ddaa58a5714240d2881018b2a3fbabca,0.161,,,
1452,2026-08-07,SH600600,-0.0037634334042168506,EXP_CatBoostModel_Alpha158_csi300_custom_step0_s_20260808_15,ddaa58a5714240d2881018b2a3fbabca,0.161,,,
1453,2026-08-07,SH600926,0.004780995628498675,EXP_CatBoostModel_Alpha158_csi300_custom_step0_s_20260808_15,ddaa58a5714240d2881018b2a3fbabca,0.161,,,
1454,2026-08-07,SH600588,0.012940195076017211,EXP_CatBoostModel_Alpha158_csi300_custom_step0_s_20260808_15,ddaa58a5714240d2881018b2a3fbabca,0.161,,,
1455,2026-08-07,SH600584,0.018639709117172738,EXP_CatBoostModel_Alpha158_csi300_custom_step0_s_20260808_15,ddaa58a5714240d2881018b2a3fbabca,0.161,,,
1456,2026-08-07,SH600346,0.0002250495087235821,EXP_CatBoostModel_Alpha158_csi300_custom_step0_s_20260808_15,ddaa58a5714240d2881018b2a3fbabca,0.161,,,
1457,2026-08-07,SH600362,-0.0025897716936175924,EXP_CatBoostModel_Alpha158_csi300_custom_step0_s_20260808_15,ddaa58a5714240d2881018b2a3fbabca,0.161,,,
1458,2026-08-07,SH600372,0.008093582602758588,EXP_CatBoostModel_Alpha158_csi300_custom_step0_s_20260808_15,ddaa58a5714240d2881018b2a3fbabca,0.161,,,
1459,2026-08-07,SH600406,-0.0037634334042168506,EXP_CatBoostModel_Alpha158_csi300_custom_step0_s_20260808_15,ddaa58a5714240d2881018b2a3fbabca,0.161,,,
1460,2026-08-07,SH600415,-0.00764450680613125,EXP_CatBoostModel_Alpha158_csi300_custom_step0_s_20260808_15,ddaa58a5714240d2881018b2a3fbabca,0.161,,,
1461,2026-08-07,SH600426,-0.0025578911177461185,EXP_CatBoostModel_Alpha158_csi300_custom_step0_s_20260808_15,ddaa58a5714240d2881018b2a3fbabca,0.161,,,
1462,2026-08-07,SH600436,0.0003895507710380945,EXP_CatBoostModel_Alpha158_csi300_custom_step0_s_20260808_15,ddaa58a5714240d2881018b2a3fbabca,0.161,,,
1463,2026-08-07,SH600438,-0.006178270300765596,EXP_CatBoostModel_Alpha158_csi300_custom_step0_s_20260808_15,ddaa58a5714240d2881018b2a3fbabca,0.161,,,
1464,2026-08-07,SH600460,0.05443120692272885,EXP_CatBoostModel_Alpha158_csi300_custom_step0_s_20260808_15,ddaa58a5714240d2881018b2a3fbabca,0.161,,,
1465,2026-08-07,SH600482,-0.00508110649597919,EXP_CatBoostModel_Alpha158_csi300_custom_step0_s_20260808_15,ddaa58a5714240d2881018b2a3fbabca,0.161,,,
1466,2026-08-07,SH600489,-0.0025897716936175924,EXP_CatBoostModel_Alpha158_csi300_custom_step0_s_20260808_15,ddaa58a5714240d2881018b2a3fbabca,0.161,,,
1467,2026-08-07,SH600515,-0.0037634334042168506,EXP_CatBoostModel_Alpha158_csi300_custom_step0_s_20260808_15,ddaa58a5714240d2881018b2a3fbabca,0.161,,,
1468,2026-08-07,SH600519,-0.0027938504799730683,EXP_CatBoostModel_Alpha158_csi300_custom_step0_s_20260808_15,ddaa58a5714240d2881018b2a3fbabca,0.161,,,
1469,2026-08-07,SH600522,0.0241975214869395,EXP_CatBoostModel_Alpha158_csi300_custom_step0_s_20260808_15,ddaa58a5714240d2881018b2a3fbabca,0.161,,,
1470,2026-08-07,SH600547,0.0002250495087235821,EXP_CatBoostModel_Alpha158_csi300_custom_step0_s_20260808_15,ddaa58a5714240d2881018b2a3fbabca,0.161,,,
1471,2026-08-07,SH600549,0.003762158819567138,EXP_CatBoostModel_Alpha158_csi300_custom_step0_s_20260808_15,ddaa58a5714240d2881018b2a3fbabca,0.161,,,
1472,2026-08-07,SH600570,-0.008362729220865471,EXP_CatBoostModel_Alpha158_csi300_custom_step0_s_20260808_15,ddaa58a5714240d2881018b2a3fbabca,0.161,,,
1473,2026-08-07,SH600585,-0.0027938504799730683,EXP_CatBoostModel_Alpha158_csi300_custom_step0_s_20260808_15,ddaa58a5714240d2881018b2a3fbabca,0.161,,,
1474,2026-08-07,SH601618,-0.0013394713089368937,EXP_CatBoostModel_Alpha158_csi300_custom_step0_s_20260808_15,ddaa58a5714240d2881018b2a3fbabca,0.161,,,
1475,2026-08-07,SH600930,0.002506435256357159,EXP_CatBoostModel_Alpha158_csi300_custom_step0_s_20260808_15,ddaa58a5714240d2881018b2a3fbabca,0.161,,,
1476,2026-08-07,SH600941,0.0021417548035371162,EXP_CatBoostModel_Alpha158_csi300_custom_step0_s_20260808_15,ddaa58a5714240d2881018b2a3fbabca,0.161,,,
1477,2026-08-07,SH601186,-0.0008700857787681153,EXP_CatBoostModel_Alpha158_csi300_custom_step0_s_20260808_15,ddaa58a5714240d2881018b2a3fbabca,0.161,,,
1478,2026-08-07,SH601211,-0.0054002413986960285,EXP_CatBoostModel_Alpha158_csi300_custom_step0_s_20260808_15,ddaa58a5714240d2881018b2a3fbabca,0.161,,,
1479,2026-08-07,SH601225,-0.004481655818951071,EXP_CatBoostModel_Alpha158_csi300_custom_step0_s_20260808_15,ddaa58a5714240d2881018b2a3fbabca,0.161,,,
1480,2026-08-07,SH601229,-0.0018396687030118974,EXP_CatBoostModel_Alpha158_csi300_custom_step0_s_20260808_15,ddaa58a5714240d2881018b2a3fbabca,0.161,,,
1481,2026-08-07,SH601238,-0.00764450680613125,EXP_CatBoostModel_Alpha158_csi300_custom_step0_s_20260808_15,ddaa58a5714240d2881018b2a3fbabca,0.161,,,
1482,2026-08-07,SH601288,-0.0037634334042168506,EXP_CatBoostModel_Alpha158_csi300_custom_step0_s_20260808_15,ddaa58a5714240d2881018b2a3fbabca,0.161,,,
1483,2026-08-07,SH601318,-0.0012303684427924756,EXP_CatBoostModel_Alpha158_csi300_custom_step0_s_20260808_15,ddaa58a5714240d2881018b2a3fbabca,0.161,,,
1484,2026-08-07,SH601319,-0.00575633830214251,EXP_CatBoostModel_Alpha158_csi300_custom_step0_s_20260808_15,ddaa58a5714240d2881018b2a3fbabca,0.161,,,
1485,2026-08-07,SH601328,-0.0037634334042168506,EXP_CatBoostModel_Alpha158_csi300_custom_step0_s_20260808_15,ddaa58a5714240d2881018b2a3fbabca,0.161,,,
1486,2026-08-07,SH601336,0.004597933033388884,EXP_CatBoostModel_Alpha158_csi300_custom_step0_s_20260808_15,ddaa58a5714240d2881018b2a3fbabca,0.161,,,
1487,2026-08-07,SH601360,-0.0009584368628463371,EXP_CatBoostModel_Alpha158_csi300_custom_step0_s_20260808_15,ddaa58a5714240d2881018b2a3fbabca,0.161,,,
1488,2026-08-07,SH601377,0.004966067233364159,EXP_CatBoostModel_Alpha158_csi300_custom_step0_s_20260808_15,ddaa58a5714240d2881018b2a3fbabca,0.161,,,
1489,2026-08-07,SH601390,-0.0008700857787681153,EXP_CatBoostModel_Alpha158_csi300_custom_step0_s_20260808_15,ddaa58a5714240d2881018b2a3fbabca,0.161,,,
1490,2026-08-07,SH601398,-0.0037634334042168506,EXP_CatBoostModel_Alpha158_csi300_custom_step0_s_20260808_15,ddaa58a5714240d2881018b2a3fbabca,0.161,,,
1491,2026-08-07,SH601456,0.004319077572774372,EXP_CatBoostModel_Alpha158_csi300_custom_step0_s_20260808_15,ddaa58a5714240d2881018b2a3fbabca,0.161,,,
1492,2026-08-07,SH601600,-6.655631538452053e-05,EXP_CatBoostModel_Alpha158_csi300_custom_step0_s_20260808_15,ddaa58a5714240d2881018b2a3fbabca,0.161,,,
1493,2026-08-07,SH601601,-0.006725921226386293,EXP_CatBoostModel_Alpha158_csi300_custom_step0_s_20260808_15,ddaa58a5714240d2881018b2a3fbabca,0.161,,,
1494,2026-08-07,SH601169,-0.006725921226386293,EXP_CatBoostModel_Alpha158_csi300_custom_step0_s_20260808_15,ddaa58a5714240d2881018b2a3fbabca,0.161,,,
1495,2026-08-07,SH600938,-0.0054002413986960285,EXP_CatBoostModel_Alpha158_csi300_custom_step0_s_20260808_15,ddaa58a5714240d2881018b2a3fbabca,0.161,,,
1496,2026-08-07,SH601166,-0.0027938504799730683,EXP_CatBoostModel_Alpha158_csi300_custom_step0_s_20260808_15,ddaa58a5714240d2881018b2a3fbabca,0.161,,,
1497,2026-08-07,SH601136,-0.0037634334042168506,EXP_CatBoostModel_Alpha158_csi300_custom_step0_s_20260808_15,ddaa58a5714240d2881018b2a3fbabca,0.161,,,
1498,2026-08-07,SH600958,0.005986104830443378,EXP_CatBoostModel_Alpha158_csi300_custom_step0_s_20260808_15,ddaa58a5714240d2881018b2a3fbabca,0.161,,,
1499,2026-08-07,SH600989,-0.0014734465547446391,EXP_CatBoostModel_Alpha158_csi300_custom_step0_s_20260808_15,ddaa58a5714240d2881018b2a3fbabca,0.161,,,
1500,2026-08-07,SH600999,-0.00511913956272195,EXP_CatBoostModel_Alpha158_csi300_custom_step0_s_20260808_15,ddaa58a5714240d2881018b2a3fbabca,0.161,,,
1501,2026-08-07,SH601006,-0.0037634334042168506,EXP_CatBoostModel_Alpha158_csi300_custom_step0_s_20260808_15,ddaa58a5714240d2881018b2a3fbabca,0.161,,,
1502,2026-08-07,SH601009,-0.0027938504799730683,EXP_CatBoostModel_Alpha158_csi300_custom_step0_s_20260808_15,ddaa58a5714240d2881018b2a3fbabca,0.161,,,
1503,2026-08-07,SH601012,-0.0029366661917376337,EXP_CatBoostModel_Alpha158_csi300_custom_step0_s_20260808_15,ddaa58a5714240d2881018b2a3fbabca,0.161,,,
1504,2026-08-07,SH601018,-0.0018396687030118974,EXP_CatBoostModel_Alpha158_csi300_custom_step0_s_20260808_15,ddaa58a5714240d2881018b2a3fbabca,0.161,,,
1505,2026-08-07,SH601021,0.0022472912491018535,EXP_CatBoostModel_Alpha158_csi300_custom_step0_s_20260808_15,ddaa58a5714240d2881018b2a3fbabca,0.161,,,
1506,2026-08-07,SH601058,-0.0027938504799730683,EXP_CatBoostModel_Alpha158_csi300_custom_step0_s_20260808_15,ddaa58a5714240d2881018b2a3fbabca,0.161,,,
1507,2026-08-07,SH601059,0.004966067233364159,EXP_CatBoostModel_Alpha158_csi300_custom_step0_s_20260808_15,ddaa58a5714240d2881018b2a3fbabca,0.161,,,
1508,2026-08-07,SH601066,0.0043026494095978265,EXP_CatBoostModel_Alpha158_csi300_custom_step0_s_20260808_15,ddaa58a5714240d2881018b2a3fbabca,0.161,,,
1509,2026-08-07,SH601077,-0.00148600204918139,EXP_CatBoostModel_Alpha158_csi300_custom_step0_s_20260808_15,ddaa58a5714240d2881018b2a3fbabca,0.161,,,
1510,2026-08-07,SH601088,-0.004481655818951071,EXP_CatBoostModel_Alpha158_csi300_custom_step0_s_20260808_15,ddaa58a5714240d2881018b2a3fbabca,0.161,,,
1511,2026-08-07,SH601100,-0.0037634334042168506,EXP_CatBoostModel_Alpha158_csi300_custom_step0_s_20260808_15,ddaa58a5714240d2881018b2a3fbabca,0.161,,,
1512,2026-08-07,SH601111,0.006271044681261892,EXP_CatBoostModel_Alpha158_csi300_custom_step0_s_20260808_15,ddaa58a5714240d2881018b2a3fbabca,0.161,,,
1513,2026-08-07,SH601117,0.006271044681261892,EXP_CatBoostModel_Alpha158_csi300_custom_step0_s_20260808_15,ddaa58a5714240d2881018b2a3fbabca,0.161,,,
1514,2026-08-07,SH601127,-0.005060794057953323,EXP_CatBoostModel_Alpha158_csi300_custom_step0_s_20260808_15,ddaa58a5714240d2881018b2a3fbabca,0.161,,,
1515,2026-08-07,SH601138,0.00849839054016752,EXP_CatBoostModel_Alpha158_csi300_custom_step0_s_20260808_15,ddaa58a5714240d2881018b2a3fbabca,0.161,,,
1516,2026-08-07,SZ000625,-0.006725921226386293,EXP_CatBoostModel_Alpha158_csi300_custom_step0_s_20260808_15,ddaa58a5714240d2881018b2a3fbabca,0.161,,,
1517,2026-08-07,SZ000630,-0.0025897716936175924,EXP_CatBoostModel_Alpha158_csi300_custom_step0_s_20260808_15,ddaa58a5714240d2881018b2a3fbabca,0.161,,,
1518,2026-08-07,SZ000651,-0.0027938504799730683,EXP_CatBoostModel_Alpha158_csi300_custom_step0_s_20260808_15,ddaa58a5714240d2881018b2a3fbabca,0.161,,,
1519,2026-08-07,SH600029,0.002964292485879471,EXP_LGBModel_Alpha158_csi300_custom_step0_s_20260808_14,7f1866eb1cb64046aef890ac6897c6b4,0.089,,,
1520,2026-08-07,SH600030,0.002964292485879471,EXP_LGBModel_Alpha158_csi300_custom_step0_s_20260808_14,7f1866eb1cb64046aef890ac6897c6b4,0.089,,,
1521,2026-08-07,SH600031,-0.0017297621254830624,EXP_LGBModel_Alpha158_csi300_custom_step0_s_20260808_14,7f1866eb1cb64046aef890ac6897c6b4,0.089,,,
1522,2026-08-07,SH600036,0.0017832429341256022,EXP_LGBModel_Alpha158_csi300_custom_step0_s_20260808_14,7f1866eb1cb64046aef890ac6897c6b4,0.089,,,
1523,2026-08-07,SH600039,-0.0017297621254830624,EXP_LGBModel_Alpha158_csi300_custom_step0_s_20260808_14,7f1866eb1cb64046aef890ac6897c6b4,0.089,,,
1524,2026-08-07,SH600048,-0.0029411922919376165,EXP_LGBModel_Alpha158_csi300_custom_step0_s_20260808_14,7f1866eb1cb64046aef890ac6897c6b4,0.089,,,
1525,2026-08-07,SH600050,-0.0017297621254830624,EXP_LGBModel_Alpha158_csi300_custom_step0_s_20260808_14,7f1866eb1cb64046aef890ac6897c6b4,0.089,,,
1526,2026-08-07,SH600061,0.002964292485879471,EXP_LGBModel_Alpha158_csi300_custom_step0_s_20260808_14,7f1866eb1cb64046aef890ac6897c6b4,0.089,,,
1527,2026-08-07,SH600066,1.215677688146426e-10,EXP_LGBModel_Alpha158_csi300_custom_step0_s_20260808_14,7f1866eb1cb64046aef890ac6897c6b4,0.089,,,
1528,2026-08-07,SH600085,1.215677688146426e-10,EXP_LGBModel_Alpha158_csi300_custom_step0_s_20260808_14,7f1866eb1cb64046aef890ac6897c6b4,0.089,,,
1529,2026-08-07,SH600089,1.215677688146426e-10,EXP_LGBModel_Alpha158_csi300_custom_step0_s_20260808_14,7f1866eb1cb64046aef890ac6897c6b4,0.089,,,
1530,2026-08-07,SH600104,1.215677688146426e-10,EXP_LGBModel_Alpha158_csi300_custom_step0_s_20260808_14,7f1866eb1cb64046aef890ac6897c6b4,0.089,,,
1531,2026-08-07,SH600111,-0.000520425311171679,EXP_LGBModel_Alpha158_csi300_custom_step0_s_20260808_14,7f1866eb1cb64046aef890ac6897c6b4,0.089,,,
1532,2026-08-07,SH600115,1.215677688146426e-10,EXP_LGBModel_Alpha158_csi300_custom_step0_s_20260808_14,7f1866eb1cb64046aef890ac6897c6b4,0.089,,,
1533,2026-08-07,SH600118,-0.0005834184708033181,EXP_LGBModel_Alpha158_csi300_custom_step0_s_20260808_14,7f1866eb1cb64046aef890ac6897c6b4,0.089,,,
1534,2026-08-07,SH600150,-0.0029411922919376165,EXP_LGBModel_Alpha158_csi300_custom_step0_s_20260808_14,7f1866eb1cb64046aef890ac6897c6b4,0.089,,,
1535,2026-08-07,SH600160,-0.0029411922919376165,EXP_LGBModel_Alpha158_csi300_custom_step0_s_20260808_14,7f1866eb1cb64046aef890ac6897c6b4,0.089,,,
1536,2026-08-07,SH600028,1.215677688146426e-10,EXP_LGBModel_Alpha158_csi300_custom_step0_s_20260808_14,7f1866eb1cb64046aef890ac6897c6b4,0.089,,,
1537,2026-08-07,SH600176,1.215677688146426e-10,EXP_LGBModel_Alpha158_csi300_custom_step0_s_20260808_14,7f1866eb1cb64046aef890ac6897c6b4,0.089,,,
1538,2026-08-07,SH600027,0.0017832429341256022,EXP_LGBModel_Alpha158_csi300_custom_step0_s_20260808_14,7f1866eb1cb64046aef890ac6897c6b4,0.089,,,
1539,2026-08-07,SH600025,1.215677688146426e-10,EXP_LGBModel_Alpha158_csi300_custom_step0_s_20260808_14,7f1866eb1cb64046aef890ac6897c6b4,0.089,,,
1540,2026-08-07,SZ300866,-0.006725921226386293,EXP_CatBoostModel_Alpha158_csi300_custom_step0_s_20260808_15,ddaa58a5714240d2881018b2a3fbabca,0.161,,,
1541,2026-08-07,SZ300896,-0.008362729220865471,EXP_CatBoostModel_Alpha158_csi300_custom_step0_s_20260808_15,ddaa58a5714240d2881018b2a3fbabca,0.161,,,
1542,2026-08-07,SZ300999,0.0021417548035371162,EXP_CatBoostModel_Alpha158_csi300_custom_step0_s_20260808_15,ddaa58a5714240d2881018b2a3fbabca,0.161,,,
1543,2026-08-07,SZ301165,0.012902055954540765,EXP_CatBoostModel_Alpha158_csi300_custom_step0_s_20260808_15,ddaa58a5714240d2881018b2a3fbabca,0.161,,,
1544,2026-08-07,SZ301236,-0.0027938504799730683,EXP_CatBoostModel_Alpha158_csi300_custom_step0_s_20260808_15,ddaa58a5714240d2881018b2a3fbabca,0.161,,,
1545,2026-08-07,SZ301269,0.00516857859238181,EXP_CatBoostModel_Alpha158_csi300_custom_step0_s_20260808_15,ddaa58a5714240d2881018b2a3fbabca,0.161,,,
1546,2026-08-07,SZ301308,0.0357503743575915,EXP_CatBoostModel_Alpha158_csi300_custom_step0_s_20260808_15,ddaa58a5714240d2881018b2a3fbabca,0.161,,,
1547,2026-08-07,SZ302132,0.002239680411703947,EXP_CatBoostModel_Alpha158_csi300_custom_step0_s_20260808_15,ddaa58a5714240d2881018b2a3fbabca,0.161,,,
1548,2026-08-07,SH600000,0.0017832429341256022,EXP_LGBModel_Alpha158_csi300_custom_step0_s_20260808_14,7f1866eb1cb64046aef890ac6897c6b4,0.089,,,
1549,2026-08-07,SH600009,0.0017832429341256022,EXP_LGBModel_Alpha158_csi300_custom_step0_s_20260808_14,7f1866eb1cb64046aef890ac6897c6b4,0.089,,,
1550,2026-08-07,SH600010,1.215677688146426e-10,EXP_LGBModel_Alpha158_csi300_custom_step0_s_20260808_14,7f1866eb1cb64046aef890ac6897c6b4,0.089,,,
1551,2026-08-07,SH600011,0.0017832429341256022,EXP_LGBModel_Alpha158_csi300_custom_step0_s_20260808_14,7f1866eb1cb64046aef890ac6897c6b4,0.089,,,
1552,2026-08-07,SH600015,0.0017832429341256022,EXP_LGBModel_Alpha158_csi300_custom_step0_s_20260808_14,7f1866eb1cb64046aef890ac6897c6b4,0.089,,,
1553,2026-08-07,SH600016,1.215677688146426e-10,EXP_LGBModel_Alpha158_csi300_custom_step0_s_20260808_14,7f1866eb1cb64046aef890ac6897c6b4,0.089,,,
1554,2026-08-07,SH600018,1.215677688146426e-10,EXP_LGBModel_Alpha158_csi300_custom_step0_s_20260808_14,7f1866eb1cb64046aef890ac6897c6b4,0.089,,,
1555,2026-08-07,SH600019,1.215677688146426e-10,EXP_LGBModel_Alpha158_csi300_custom_step0_s_20260808_14,7f1866eb1cb64046aef890ac6897c6b4,0.089,,,
1556,2026-08-07,SH600023,1.215677688146426e-10,EXP_LGBModel_Alpha158_csi300_custom_step0_s_20260808_14,7f1866eb1cb64046aef890ac6897c6b4,0.089,,,
1557,2026-08-07,SH600026,1.215677688146426e-10,EXP_LGBModel_Alpha158_csi300_custom_step0_s_20260808_14,7f1866eb1cb64046aef890ac6897c6b4,0.089,,,
1558,2026-08-07,SZ300832,0.0008367773556393831,EXP_CatBoostModel_Alpha158_csi300_custom_step0_s_20260808_15,ddaa58a5714240d2881018b2a3fbabca,0.161,,,
1559,2026-08-07,SH600183,-0.0005834184708033181,EXP_LGBModel_Alpha158_csi300_custom_step0_s_20260808_14,7f1866eb1cb64046aef890ac6897c6b4,0.089,,,
1560,2026-08-07,SH600196,1.215677688146426e-10,EXP_LGBModel_Alpha158_csi300_custom_step0_s_20260808_14,7f1866eb1cb64046aef890ac6897c6b4,0.089,,,
1561,2026-08-07,SH600570,-0.0017297621254830624,EXP_LGBModel_Alpha158_csi300_custom_step0_s_20260808_14,7f1866eb1cb64046aef890ac6897c6b4,0.089,,,
1562,2026-08-07,SH600584,-0.0005834184708033181,EXP_LGBModel_Alpha158_csi300_custom_step0_s_20260808_14,7f1866eb1cb64046aef890ac6897c6b4,0.089,,,
1563,2026-08-07,SH600585,0.0017832429341256022,EXP_LGBModel_Alpha158_csi300_custom_step0_s_20260808_14,7f1866eb1cb64046aef890ac6897c6b4,0.089,,,
1564,2026-08-07,SH600588,1.215677688146426e-10,EXP_LGBModel_Alpha158_csi300_custom_step0_s_20260808_14,7f1866eb1cb64046aef890ac6897c6b4,0.089,,,
1565,2026-08-07,SH600600,1.215677688146426e-10,EXP_LGBModel_Alpha158_csi300_custom_step0_s_20260808_14,7f1866eb1cb64046aef890ac6897c6b4,0.089,,,
1566,2026-08-07,SH600660,-0.0017297621254830624,EXP_LGBModel_Alpha158_csi300_custom_step0_s_20260808_14,7f1866eb1cb64046aef890ac6897c6b4,0.089,,,
1567,2026-08-07,SH600674,1.215677688146426e-10,EXP_LGBModel_Alpha158_csi300_custom_step0_s_20260808_14,7f1866eb1cb64046aef890ac6897c6b4,0.089,,,
1568,2026-08-07,SH600690,1.215677688146426e-10,EXP_LGBModel_Alpha158_csi300_custom_step0_s_20260808_14,7f1866eb1cb64046aef890ac6897c6b4,0.089,,,
1569,2026-08-07,SH600741,1.215677688146426e-10,EXP_LGBModel_Alpha158_csi300_custom_step0_s_20260808_14,7f1866eb1cb64046aef890ac6897c6b4,0.089,,,
1570,2026-08-07,SH600760,-0.0017297621254830624,EXP_LGBModel_Alpha158_csi300_custom_step0_s_20260808_14,7f1866eb1cb64046aef890ac6897c6b4,0.089,,,
1571,2026-08-07,SH600795,0.0017832429341256022,EXP_LGBModel_Alpha158_csi300_custom_step0_s_20260808_14,7f1866eb1cb64046aef890ac6897c6b4,0.089,,,
1572,2026-08-07,SH600803,1.215677688146426e-10,EXP_LGBModel_Alpha158_csi300_custom_step0_s_20260808_14,7f1866eb1cb64046aef890ac6897c6b4,0.089,,,
1573,2026-08-07,SH600809,-0.0029411922919376165,EXP_LGBModel_Alpha158_csi300_custom_step0_s_20260808_14,7f1866eb1cb64046aef890ac6897c6b4,0.089,,,
1574,2026-08-07,SH600845,-0.0017297621254830624,EXP_LGBModel_Alpha158_csi300_custom_step0_s_20260808_14,7f1866eb1cb64046aef890ac6897c6b4,0.089,,,
1575,2026-08-07,SH600875,1.215677688146426e-10,EXP_LGBModel_Alpha158_csi300_custom_step0_s_20260808_14,7f1866eb1cb64046aef890ac6897c6b4,0.089,,,
1576,2026-08-07,SH600886,1.215677688146426e-10,EXP_LGBModel_Alpha158_csi300_custom_step0_s_20260808_14,7f1866eb1cb64046aef890ac6897c6b4,0.089,,,
1577,2026-08-07,SH600887,0.0017832429341256022,EXP_LGBModel_Alpha158_csi300_custom_step0_s_20260808_14,7f1866eb1cb64046aef890ac6897c6b4,0.089,,,
1578,2026-08-07,SH600549,1.215677688146426e-10,EXP_LGBModel_Alpha158_csi300_custom_step0_s_20260808_14,7f1866eb1cb64046aef890ac6897c6b4,0.089,,,
1579,2026-08-07,SH600188,-0.0029411922919376165,EXP_LGBModel_Alpha158_csi300_custom_step0_s_20260808_14,7f1866eb1cb64046aef890ac6897c6b4,0.089,,,
1580,2026-08-07,SH600547,-0.0029411922919376165,EXP_LGBModel_Alpha158_csi300_custom_step0_s_20260808_14,7f1866eb1cb64046aef890ac6897c6b4,0.089,,,
1581,2026-08-07,SH600519,1.215677688146426e-10,EXP_LGBModel_Alpha158_csi300_custom_step0_s_20260808_14,7f1866eb1cb64046aef890ac6897c6b4,0.089,,,
1582,2026-08-07,SH600219,-0.0029411922919376165,EXP_LGBModel_Alpha158_csi300_custom_step0_s_20260808_14,7f1866eb1cb64046aef890ac6897c6b4,0.089,,,
1583,2026-08-07,SH600221,0.002964292485879471,EXP_LGBModel_Alpha158_csi300_custom_step0_s_20260808_14,7f1866eb1cb64046aef890ac6897c6b4,0.089,,,
1584,2026-08-07,SH600233,0.001991970696514782,EXP_LGBModel_Alpha158_csi300_custom_step0_s_20260808_14,7f1866eb1cb64046aef890ac6897c6b4,0.089,,,
1585,2026-08-07,SH600276,-0.0029411922919376165,EXP_LGBModel_Alpha158_csi300_custom_step0_s_20260808_14,7f1866eb1cb64046aef890ac6897c6b4,0.089,,,
1586,2026-08-07,SH600309,-0.0029411922919376165,EXP_LGBModel_Alpha158_csi300_custom_step0_s_20260808_14,7f1866eb1cb64046aef890ac6897c6b4,0.089,,,
1587,2026-08-07,SH600346,-0.0029411922919376165,EXP_LGBModel_Alpha158_csi300_custom_step0_s_20260808_14,7f1866eb1cb64046aef890ac6897c6b4,0.089,,,
1588,2026-08-07,SH600362,-0.000520425311171679,EXP_LGBModel_Alpha158_csi300_custom_step0_s_20260808_14,7f1866eb1cb64046aef890ac6897c6b4,0.089,,,
1589,2026-08-07,SH600372,0.002964292485879471,EXP_LGBModel_Alpha158_csi300_custom_step0_s_20260808_14,7f1866eb1cb64046aef890ac6897c6b4,0.089,,,
1590,2026-08-07,SH600406,0.0017832429341256022,EXP_LGBModel_Alpha158_csi300_custom_step0_s_20260808_14,7f1866eb1cb64046aef890ac6897c6b4,0.089,,,
1591,2026-08-07,SH600415,0.001991970696514782,EXP_LGBModel_Alpha158_csi300_custom_step0_s_20260808_14,7f1866eb1cb64046aef890ac6897c6b4,0.089,,,
1592,2026-08-07,SH600426,-0.0029411922919376165,EXP_LGBModel_Alpha158_csi300_custom_step0_s_20260808_14,7f1866eb1cb64046aef890ac6897c6b4,0.089,,,
1593,2026-08-07,SH600436,-0.0029411922919376165,EXP_LGBModel_Alpha158_csi300_custom_step0_s_20260808_14,7f1866eb1cb64046aef890ac6897c6b4,0.089,,,
1594,2026-08-07,SH600438,1.215677688146426e-10,EXP_LGBModel_Alpha158_csi300_custom_step0_s_20260808_14,7f1866eb1cb64046aef890ac6897c6b4,0.089,,,
1595,2026-08-07,SH600460,1.215677688146426e-10,EXP_LGBModel_Alpha158_csi300_custom_step0_s_20260808_14,7f1866eb1cb64046aef890ac6897c6b4,0.089,,,
1596,2026-08-07,SH600482,-0.0005834184708033181,EXP_LGBModel_Alpha158_csi300_custom_step0_s_20260808_14,7f1866eb1cb64046aef890ac6897c6b4,0.089,,,
1597,2026-08-07,SH600489,-0.0029411922919376165,EXP_LGBModel_Alpha158_csi300_custom_step0_s_20260808_14,7f1866eb1cb64046aef890ac6897c6b4,0.089,,,
1598,2026-08-07,SH600515,-0.0017297621254830624,EXP_LGBModel_Alpha158_csi300_custom_step0_s_20260808_14,7f1866eb1cb64046aef890ac6897c6b4,0.089,,,
1599,2026-08-07,SH600522,1.215677688146426e-10,EXP_LGBModel_Alpha158_csi300_custom_step0_s_20260808_14,7f1866eb1cb64046aef890ac6897c6b4,0.089,,,
1600,2026-08-07,SZ300803,-0.007733418365430902,EXP_CatBoostModel_Alpha158_csi300_custom_step0_s_20260808_15,ddaa58a5714240d2881018b2a3fbabca,0.161,,,
1601,2026-08-07,SZ300760,-0.0037634334042168506,EXP_CatBoostModel_Alpha158_csi300_custom_step0_s_20260808_15,ddaa58a5714240d2881018b2a3fbabca,0.161,,,
1602,2026-08-07,SZ300750,0.001172171879293334,EXP_CatBoostModel_Alpha158_csi300_custom_step0_s_20260808_15,ddaa58a5714240d2881018b2a3fbabca,0.161,,,
1603,2026-08-07,SZ002028,-0.0054002413986960285,EXP_CatBoostModel_Alpha158_csi300_custom_step0_s_20260808_15,ddaa58a5714240d2881018b2a3fbabca,0.161,,,
1604,2026-08-07,SZ002049,0.04887339455296209,EXP_CatBoostModel_Alpha158_csi300_custom_step0_s_20260808_15,ddaa58a5714240d2881018b2a3fbabca,0.161,,,
1605,2026-08-07,SZ002050,-0.0054002413986960285,EXP_CatBoostModel_Alpha158_csi300_custom_step0_s_20260808_15,ddaa58a5714240d2881018b2a3fbabca,0.161,,,
1606,2026-08-07,SZ002074,-0.005779016472687544,EXP_CatBoostModel_Alpha158_csi300_custom_step0_s_20260808_15,ddaa58a5714240d2881018b2a3fbabca,0.161,,,
1607,2026-08-07,SZ002142,0.004780995628498675,EXP_CatBoostModel_Alpha158_csi300_custom_step0_s_20260808_15,ddaa58a5714240d2881018b2a3fbabca,0.161,,,
1608,2026-08-07,SZ002179,0.007729827037357641,EXP_CatBoostModel_Alpha158_csi300_custom_step0_s_20260808_15,ddaa58a5714240d2881018b2a3fbabca,0.161,,,
1609,2026-08-07,SZ002202,0.007087260663524979,EXP_CatBoostModel_Alpha158_csi300_custom_step0_s_20260808_15,ddaa58a5714240d2881018b2a3fbabca,0.161,,,
1610,2026-08-07,SZ002230,-0.0054002413986960285,EXP_CatBoostModel_Alpha158_csi300_custom_step0_s_20260808_15,ddaa58a5714240d2881018b2a3fbabca,0.161,,,
1611,2026-08-07,SZ002236,-0.0001381814918349649,EXP_CatBoostModel_Alpha158_csi300_custom_step0_s_20260808_15,ddaa58a5714240d2881018b2a3fbabca,0.161,,,
1612,2026-08-07,SZ002241,0.0016945282189358274,EXP_CatBoostModel_Alpha158_csi300_custom_step0_s_20260808_15,ddaa58a5714240d2881018b2a3fbabca,0.161,,,
1613,2026-08-07,SZ002304,-0.0037634334042168506,EXP_CatBoostModel_Alpha158_csi300_custom_step0_s_20260808_15,ddaa58a5714240d2881018b2a3fbabca,0.161,,,
1614,2026-08-07,SZ002311,-0.0037634334042168506,EXP_CatBoostModel_Alpha158_csi300_custom_step0_s_20260808_15,ddaa58a5714240d2881018b2a3fbabca,0.161,,,
1615,2026-08-07,SZ002352,-0.008439195682854507,EXP_CatBoostModel_Alpha158_csi300_custom_step0_s_20260808_15,ddaa58a5714240d2881018b2a3fbabca,0.161,,,
1616,2026-08-07,SZ002353,0.002831307018850871,EXP_CatBoostModel_Alpha158_csi300_custom_step0_s_20260808_15,ddaa58a5714240d2881018b2a3fbabca,0.161,,,
1617,2026-08-07,SZ002371,0.002831307018850871,EXP_CatBoostModel_Alpha158_csi300_custom_step0_s_20260808_15,ddaa58a5714240d2881018b2a3fbabca,0.161,,,
1618,2026-08-07,SZ002384,0.02440244306109576,EXP_CatBoostModel_Alpha158_csi300_custom_step0_s_20260808_15,ddaa58a5714240d2881018b2a3fbabca,0.161,,,
1619,2026-08-07,SZ002415,-0.0037634334042168506,EXP_CatBoostModel_Alpha158_csi300_custom_step0_s_20260808_15,ddaa58a5714240d2881018b2a3fbabca,0.161,,,
1620,2026-08-07,SZ002027,-0.006725921226386293,EXP_CatBoostModel_Alpha158_csi300_custom_step0_s_20260808_15,ddaa58a5714240d2881018b2a3fbabca,0.161,,,
1621,2026-08-07,SZ002422,-0.0037732580651875115,EXP_CatBoostModel_Alpha158_csi300_custom_step0_s_20260808_15,ddaa58a5714240d2881018b2a3fbabca,0.161,,,
1622,2026-08-07,SZ002001,0.0036676679655669774,EXP_CatBoostModel_Alpha158_csi300_custom_step0_s_20260808_15,ddaa58a5714240d2881018b2a3fbabca,0.161,,,
1623,2026-08-07,SZ001965,-0.0037634334042168506,EXP_CatBoostModel_Alpha158_csi300_custom_step0_s_20260808_15,ddaa58a5714240d2881018b2a3fbabca,0.161,,,
1624,2026-08-07,SZ000657,0.07719145098330493,EXP_CatBoostModel_Alpha158_csi300_custom_step0_s_20260808_15,ddaa58a5714240d2881018b2a3fbabca,0.161,,,
1625,2026-08-07,SZ000708,-0.0037634334042168506,EXP_CatBoostModel_Alpha158_csi300_custom_step0_s_20260808_15,ddaa58a5714240d2881018b2a3fbabca,0.161,,,
1626,2026-08-07,SZ000725,0.006696039678593132,EXP_CatBoostModel_Alpha158_csi300_custom_step0_s_20260808_15,ddaa58a5714240d2881018b2a3fbabca,0.161,,,
1627,2026-08-07,SZ000768,0.00560762685749556,EXP_CatBoostModel_Alpha158_csi300_custom_step0_s_20260808_15,ddaa58a5714240d2881018b2a3fbabca,0.161,,,
1628,2026-08-07,SZ000776,-0.0025578911177461185,EXP_CatBoostModel_Alpha158_csi300_custom_step0_s_20260808_15,ddaa58a5714240d2881018b2a3fbabca,0.161,,,
1629,2026-08-07,SZ000792,0.0002250495087235821,EXP_CatBoostModel_Alpha158_csi300_custom_step0_s_20260808_15,ddaa58a5714240d2881018b2a3fbabca,0.161,,,
1630,2026-08-07,SZ000807,-0.0054002413986960285,EXP_CatBoostModel_Alpha158_csi300_custom_step0_s_20260808_15,ddaa58a5714240d2881018b2a3fbabca,0.161,,,
1631,2026-08-07,SZ000858,-0.006725921226386293,EXP_CatBoostModel_Alpha158_csi300_custom_step0_s_20260808_15,ddaa58a5714240d2881018b2a3fbabca,0.161,,,
1632,2026-08-07,SZ000895,-0.0024555849734251723,EXP_CatBoostModel_Alpha158_csi300_custom_step0_s_20260808_15,ddaa58a5714240d2881018b2a3fbabca,0.161,,,
1633,2026-08-07,SZ000938,0.007729827037357641,EXP_CatBoostModel_Alpha158_csi300_custom_step0_s_20260808_15,ddaa58a5714240d2881018b2a3fbabca,0.161,,,
1634,2026-08-07,SZ000963,-0.0020854527262095086,EXP_CatBoostModel_Alpha158_csi300_custom_step0_s_20260808_15,ddaa58a5714240d2881018b2a3fbabca,0.161,,,
1635,2026-08-07,SZ000975,-0.013762052525670618,EXP_CatBoostModel_Alpha158_csi300_custom_step0_s_20260808_15,ddaa58a5714240d2881018b2a3fbabca,0.161,,,
1636,2026-08-07,SZ000977,0.002831307018850871,EXP_CatBoostModel_Alpha158_csi300_custom_step0_s_20260808_15,ddaa58a5714240d2881018b2a3fbabca,0.161,,,
1637,2026-08-07,SZ000988,0.018639709117172738,EXP_CatBoostModel_Alpha158_csi300_custom_step0_s_20260808_15,ddaa58a5714240d2881018b2a3fbabca,0.161,,,
1638,2026-08-07,SZ000999,-0.0037634334042168506,EXP_CatBoostModel_Alpha158_csi300_custom_step0_s_20260808_15,ddaa58a5714240d2881018b2a3fbabca,0.161,,,
1639,2026-08-07,SZ001280,-0.006178270300765596,EXP_CatBoostModel_Alpha158_csi300_custom_step0_s_20260808_15,ddaa58a5714240d2881018b2a3fbabca,0.161,,,
1640,2026-08-07,SZ001391,0.002506435256357159,EXP_CatBoostModel_Alpha158_csi300_custom_step0_s_20260808_15,ddaa58a5714240d2881018b2a3fbabca,0.161,,,
1641,2026-08-07,SZ001979,0.0072277477547697715,EXP_CatBoostModel_Alpha158_csi300_custom_step0_s_20260808_15,ddaa58a5714240d2881018b2a3fbabca,0.161,,,
1642,2026-08-07,SZ002460,0.0022059765863839736,EXP_CatBoostModel_Alpha158_csi300_custom_step0_s_20260808_15,ddaa58a5714240d2881018b2a3fbabca,0.161,,,
1643,2026-08-07,SZ002463,0.01481510049333572,EXP_CatBoostModel_Alpha158_csi300_custom_step0_s_20260808_15,ddaa58a5714240d2881018b2a3fbabca,0.161,,,
1644,2026-08-07,SZ002466,0.009257288123568963,EXP_CatBoostModel_Alpha158_csi300_custom_step0_s_20260808_15,ddaa58a5714240d2881018b2a3fbabca,0.161,,,
1645,2026-08-07,SZ300124,-0.002908906596334431,EXP_CatBoostModel_Alpha158_csi300_custom_step0_s_20260808_15,ddaa58a5714240d2881018b2a3fbabca,0.161,,,
1646,2026-08-07,SZ300251,-0.0037634334042168506,EXP_CatBoostModel_Alpha158_csi300_custom_step0_s_20260808_15,ddaa58a5714240d2881018b2a3fbabca,0.161,,,
1647,2026-08-07,SZ300274,0.042639136602705324,EXP_CatBoostModel_Alpha158_csi300_custom_step0_s_20260808_15,ddaa58a5714240d2881018b2a3fbabca,0.161,,,
1648,2026-08-07,SZ300308,0.03708132423293856,EXP_CatBoostModel_Alpha158_csi300_custom_step0_s_20260808_15,ddaa58a5714240d2881018b2a3fbabca,0.161,,,
1649,2026-08-07,SZ300316,0.03692972511438249,EXP_CatBoostModel_Alpha158_csi300_custom_step0_s_20260808_15,ddaa58a5714240d2881018b2a3fbabca,0.161,,,
1650,2026-08-07,SZ300394,-0.02092792118474445,EXP_CatBoostModel_Alpha158_csi300_custom_step0_s_20260808_15,ddaa58a5714240d2881018b2a3fbabca,0.161,,,
1651,2026-08-07,SZ300408,0.003762158819567138,EXP_CatBoostModel_Alpha158_csi300_custom_step0_s_20260808_15,ddaa58a5714240d2881018b2a3fbabca,0.161,,,
1652,2026-08-07,SZ300413,-0.00764450680613125,EXP_CatBoostModel_Alpha158_csi300_custom_step0_s_20260808_15,ddaa58a5714240d2881018b2a3fbabca,0.161,,,
1653,2026-08-07,SZ300418,0.00849839054016752,EXP_CatBoostModel_Alpha158_csi300_custom_step0_s_20260808_15,ddaa58a5714240d2881018b2a3fbabca,0.161,,,
1654,2026-08-07,SZ300433,0.018639709117172738,EXP_CatBoostModel_Alpha158_csi300_custom_step0_s_20260808_15,ddaa58a5714240d2881018b2a3fbabca,0.161,,,
1655,2026-08-07,SZ300442,0.009257288123568963,EXP_CatBoostModel_Alpha158_csi300_custom_step0_s_20260808_15,ddaa58a5714240d2881018b2a3fbabca,0.161,,,
1656,2026-08-07,SZ300450,-0.006178270300765596,EXP_CatBoostModel_Alpha158_csi300_custom_step0_s_20260808_15,ddaa58a5714240d2881018b2a3fbabca,0.161,,,
1657,2026-08-07,SZ300476,0.01481510049333572,EXP_CatBoostModel_Alpha158_csi300_custom_step0_s_20260808_15,ddaa58a5714240d2881018b2a3fbabca,0.161,,,
1658,2026-08-07,SZ300498,-0.00575633830214251,EXP_CatBoostModel_Alpha158_csi300_custom_step0_s_20260808_15,ddaa58a5714240d2881018b2a3fbabca,0.161,,,
1659,2026-08-07,SZ300502,0.03708132423293856,EXP_CatBoostModel_Alpha158_csi300_custom_step0_s_20260808_15,ddaa58a5714240d2881018b2a3fbabca,0.161,,,
1660,2026-08-07,SZ300628,0.003449603234328795,EXP_CatBoostModel_Alpha158_csi300_custom_step0_s_20260808_15,ddaa58a5714240d2881018b2a3fbabca,0.161,,,
1661,2026-08-07,SZ300661,0.01481510049333572,EXP_CatBoostModel_Alpha158_csi300_custom_step0_s_20260808_15,ddaa58a5714240d2881018b2a3fbabca,0.161,,,
1662,2026-08-07,SZ300122,-0.0025897716936175924,EXP_CatBoostModel_Alpha158_csi300_custom_step0_s_20260808_15,ddaa58a5714240d2881018b2a3fbabca,0.161,,,
1663,2026-08-07,SZ300059,0.0033823335579138305,EXP_CatBoostModel_Alpha158_csi300_custom_step0_s_20260808_15,ddaa58a5714240d2881018b2a3fbabca,0.161,,,
1664,2026-08-07,SZ300033,-0.0027938504799730683,EXP_CatBoostModel_Alpha158_csi300_custom_step0_s_20260808_15,ddaa58a5714240d2881018b2a3fbabca,0.161,,,
1665,2026-08-07,SZ300015,-0.00575633830214251,EXP_CatBoostModel_Alpha158_csi300_custom_step0_s_20260808_15,ddaa58a5714240d2881018b2a3fbabca,0.161,,,
1666,2026-08-07,SZ002475,-0.007961489843671858,EXP_CatBoostModel_Alpha158_csi300_custom_step0_s_20260808_15,ddaa58a5714240d2881018b2a3fbabca,0.161,,,
1667,2026-08-07,SZ002493,-0.0027938504799730683,EXP_CatBoostModel_Alpha158_csi300_custom_step0_s_20260808_15,ddaa58a5714240d2881018b2a3fbabca,0.161,,,
1668,2026-08-07,SZ002532,-0.0022662852936380156,EXP_CatBoostModel_Alpha158_csi300_custom_step0_s_20260808_15,ddaa58a5714240d2881018b2a3fbabca,0.161,,,
1669,2026-08-07,SZ002558,-0.0037634334042168506,EXP_CatBoostModel_Alpha158_csi300_custom_step0_s_20260808_15,ddaa58a5714240d2881018b2a3fbabca,0.161,,,
1670,2026-08-07,SZ002594,-0.0027938504799730683,EXP_CatBoostModel_Alpha158_csi300_custom_step0_s_20260808_15,ddaa58a5714240d2881018b2a3fbabca,0.161,,,
1671,2026-08-07,SZ002600,-0.0009751075072847127,EXP_CatBoostModel_Alpha158_csi300_custom_step0_s_20260808_15,ddaa58a5714240d2881018b2a3fbabca,0.161,,,
1672,2026-08-07,SZ002602,-0.0037634334042168506,EXP_CatBoostModel_Alpha158_csi300_custom_step0_s_20260808_15,ddaa58a5714240d2881018b2a3fbabca,0.161,,,
1673,2026-08-07,SZ002625,0.002239680411703947,EXP_CatBoostModel_Alpha158_csi300_custom_step0_s_20260808_15,ddaa58a5714240d2881018b2a3fbabca,0.161,,,
1674,2026-08-07,SH600309,0.0038654924945760605,EXP_CatBoostModel_Alpha158_csi300_custom_step0_s_20260808_15,ddaa58a5714240d2881018b2a3fbabca,0.161,,,
1675,2026-08-07,SZ002648,0.0033823335579138305,EXP_CatBoostModel_Alpha158_csi300_custom_step0_s_20260808_15,ddaa58a5714240d2881018b2a3fbabca,0.161,,,
1676,2026-08-07,SZ002714,-0.0038325736009375572,EXP_CatBoostModel_Alpha158_csi300_custom_step0_s_20260808_15,ddaa58a5714240d2881018b2a3fbabca,0.161,,,
1677,2026-08-07,SZ002736,0.004966067233364159,EXP_CatBoostModel_Alpha158_csi300_custom_step0_s_20260808_15,ddaa58a5714240d2881018b2a3fbabca,0.161,,,
1678,2026-08-07,SZ002837,0.01867367103596583,EXP_CatBoostModel_Alpha158_csi300_custom_step0_s_20260808_15,ddaa58a5714240d2881018b2a3fbabca,0.161,,,
1679,2026-08-07,SZ002916,0.01481510049333572,EXP_CatBoostModel_Alpha158_csi300_custom_step0_s_20260808_15,ddaa58a5714240d2881018b2a3fbabca,0.161,,,
1680,2026-08-07,SZ002920,-0.0054002413986960285,EXP_CatBoostModel_Alpha158_csi300_custom_step0_s_20260808_15,ddaa58a5714240d2881018b2a3fbabca,0.161,,,
1681,2026-08-07,SZ002938,0.008817525442884357,EXP_CatBoostModel_Alpha158_csi300_custom_step0_s_20260808_15,ddaa58a5714240d2881018b2a3fbabca,0.161,,,
1682,2026-08-07,SZ003816,-0.007690894110993354,EXP_CatBoostModel_Alpha158_csi300_custom_step0_s_20260808_15,ddaa58a5714240d2881018b2a3fbabca,0.161,,,
1683,2026-08-07,SZ300014,0.0030137909675672647,EXP_CatBoostModel_Alpha158_csi300_custom_step0_s_20260808_15,ddaa58a5714240d2881018b2a3fbabca,0.161,,,
1684,2026-08-07,SZ002709,0.04734593346675078,EXP_CatBoostModel_Alpha158_csi300_custom_step0_s_20260808_15,ddaa58a5714240d2881018b2a3fbabca,0.161,,,
1685,2026-08-07,SH600276,0.0034760181806009413,EXP_CatBoostModel_Alpha158_csi300_custom_step0_s_20260808_15,ddaa58a5714240d2881018b2a3fbabca,0.161,,,
1686,2026-08-07,SH600233,-0.0024555849734251723,EXP_CatBoostModel_Alpha158_csi300_custom_step0_s_20260808_15,ddaa58a5714240d2881018b2a3fbabca,0.161,,,
1687,2026-08-07,SH600221,0.005624055020672106,EXP_CatBoostModel_Alpha158_csi300_custom_step0_s_20260808_15,ddaa58a5714240d2881018b2a3fbabca,0.161,,,
1688,2026-08-07,SH601288,-0.000994145605568867,EXP_CatBoostModel_Alpha158_csi300_custom_step0_s_20260808_15,29861ba1b00c411bb7e4f2625c707de7,0.082,,,
1689,2026-08-07,SH601318,0.00047454022608921893,EXP_CatBoostModel_Alpha158_csi300_custom_step0_s_20260808_15,29861ba1b00c411bb7e4f2625c707de7,0.082,,,
1690,2026-08-07,SH601319,0.00047454022608921893,EXP_CatBoostModel_Alpha158_csi300_custom_step0_s_20260808_15,29861ba1b00c411bb7e4f2625c707de7,0.082,,,
1691,2026-08-07,SH601328,-0.000994145605568867,EXP_CatBoostModel_Alpha158_csi300_custom_step0_s_20260808_15,29861ba1b00c411bb7e4f2625c707de7,0.082,,,
1692,2026-08-07,SH601336,0.001892631211450264,EXP_CatBoostModel_Alpha158_csi300_custom_step0_s_20260808_15,29861ba1b00c411bb7e4f2625c707de7,0.082,,,
1693,2026-08-07,SH601360,0.00047454022608921893,EXP_CatBoostModel_Alpha158_csi300_custom_step0_s_20260808_15,29861ba1b00c411bb7e4f2625c707de7,0.082,,,
1694,2026-08-07,SH601377,0.0017503888129605885,EXP_CatBoostModel_Alpha158_csi300_custom_step0_s_20260808_15,29861ba1b00c411bb7e4f2625c707de7,0.082,,,
1695,2026-08-07,SH601390,0.00047454022608921893,EXP_CatBoostModel_Alpha158_csi300_custom_step0_s_20260808_15,29861ba1b00c411bb7e4f2625c707de7,0.082,,,
1696,2026-08-07,SH601398,-0.000994145605568867,EXP_CatBoostModel_Alpha158_csi300_custom_step0_s_20260808_15,29861ba1b00c411bb7e4f2625c707de7,0.082,,,
1697,2026-08-07,SH601456,0.0019807477940957936,EXP_CatBoostModel_Alpha158_csi300_custom_step0_s_20260808_15,29861ba1b00c411bb7e4f2625c707de7,0.082,,,
1698,2026-08-07,SH601600,-0.0035494045109842826,EXP_CatBoostModel_Alpha158_csi300_custom_step0_s_20260808_15,29861ba1b00c411bb7e4f2625c707de7,0.082,,,
1699,2026-08-07,SH601601,-0.000994145605568867,EXP_CatBoostModel_Alpha158_csi300_custom_step0_s_20260808_15,29861ba1b00c411bb7e4f2625c707de7,0.082,,,
1700,2026-08-07,SH601607,-0.0035494045109842826,EXP_CatBoostModel_Alpha158_csi300_custom_step0_s_20260808_15,29861ba1b00c411bb7e4f2625c707de7,0.082,,,
1701,2026-08-07,SH601618,0.00047454022608921893,EXP_CatBoostModel_Alpha158_csi300_custom_step0_s_20260808_15,29861ba1b00c411bb7e4f2625c707de7,0.082,,,
1702,2026-08-07,SH601628,-0.0019341973299112519,EXP_CatBoostModel_Alpha158_csi300_custom_step0_s_20260808_15,29861ba1b00c411bb7e4f2625c707de7,0.082,,,
1703,2026-08-07,SH601633,-0.000994145605568867,EXP_CatBoostModel_Alpha158_csi300_custom_step0_s_20260808_15,29861ba1b00c411bb7e4f2625c707de7,0.082,,,
1704,2026-08-07,SH601658,-0.00043682129995147793,EXP_CatBoostModel_Alpha158_csi300_custom_step0_s_20260808_15,29861ba1b00c411bb7e4f2625c707de7,0.082,,,
1705,2026-08-07,SH601238,-0.000994145605568867,EXP_CatBoostModel_Alpha158_csi300_custom_step0_s_20260808_15,29861ba1b00c411bb7e4f2625c707de7,0.082,,,
1706,2026-08-07,SH601668,-0.000994145605568867,EXP_CatBoostModel_Alpha158_csi300_custom_step0_s_20260808_15,29861ba1b00c411bb7e4f2625c707de7,0.082,,,
1707,2026-08-07,SH601229,0.001892631211450264,EXP_CatBoostModel_Alpha158_csi300_custom_step0_s_20260808_15,29861ba1b00c411bb7e4f2625c707de7,0.082,,,
1708,2026-08-07,SH601211,-0.0012716037454119737,EXP_CatBoostModel_Alpha158_csi300_custom_step0_s_20260808_15,29861ba1b00c411bb7e4f2625c707de7,0.082,,,
1709,2026-08-07,SH601012,-0.0012716037454119737,EXP_CatBoostModel_Alpha158_csi300_custom_step0_s_20260808_15,29861ba1b00c411bb7e4f2625c707de7,0.082,,,
1710,2026-08-07,SH601018,-0.000994145605568867,EXP_CatBoostModel_Alpha158_csi300_custom_step0_s_20260808_15,29861ba1b00c411bb7e4f2625c707de7,0.082,,,
1711,2026-08-07,SH601021,0.0032229527373876126,EXP_CatBoostModel_Alpha158_csi300_custom_step0_s_20260808_15,29861ba1b00c411bb7e4f2625c707de7,0.082,,,
1712,2026-08-07,SH601058,0.00047454022608921893,EXP_CatBoostModel_Alpha158_csi300_custom_step0_s_20260808_15,29861ba1b00c411bb7e4f2625c707de7,0.082,,,
1713,2026-08-07,SH601059,0.0032229527373876126,EXP_CatBoostModel_Alpha158_csi300_custom_step0_s_20260808_15,29861ba1b00c411bb7e4f2625c707de7,0.082,,,
1714,2026-08-07,SH601066,8.199282846193246e-05,EXP_CatBoostModel_Alpha158_csi300_custom_step0_s_20260808_15,29861ba1b00c411bb7e4f2625c707de7,0.082,,,
1715,2026-08-07,SH601077,-0.000994145605568867,EXP_CatBoostModel_Alpha158_csi300_custom_step0_s_20260808_15,29861ba1b00c411bb7e4f2625c707de7,0.082,,,
1716,2026-08-07,SH601088,0.00047454022608921893,EXP_CatBoostModel_Alpha158_csi300_custom_step0_s_20260808_15,29861ba1b00c411bb7e4f2625c707de7,0.082,,,
1717,2026-08-07,SH601100,-0.000994145605568867,EXP_CatBoostModel_Alpha158_csi300_custom_step0_s_20260808_15,29861ba1b00c411bb7e4f2625c707de7,0.082,,,
1718,2026-08-07,SH601111,0.0032229527373876126,EXP_CatBoostModel_Alpha158_csi300_custom_step0_s_20260808_15,29861ba1b00c411bb7e4f2625c707de7,0.082,,,
1719,2026-08-07,SH601117,0.0032229527373876126,EXP_CatBoostModel_Alpha158_csi300_custom_step0_s_20260808_15,29861ba1b00c411bb7e4f2625c707de7,0.082,,,
1720,2026-08-07,SH601127,-0.000994145605568867,EXP_CatBoostModel_Alpha158_csi300_custom_step0_s_20260808_15,29861ba1b00c411bb7e4f2625c707de7,0.082,,,
1721,2026-08-07,SH601136,0.0019807477940957936,EXP_CatBoostModel_Alpha158_csi300_custom_step0_s_20260808_15,29861ba1b00c411bb7e4f2625c707de7,0.082,,,
1722,2026-08-07,SH601138,-0.000994145605568867,EXP_CatBoostModel_Alpha158_csi300_custom_step0_s_20260808_15,29861ba1b00c411bb7e4f2625c707de7,0.082,,,
1723,2026-08-07,SH601166,0.00047454022608921893,EXP_CatBoostModel_Alpha158_csi300_custom_step0_s_20260808_15,29861ba1b00c411bb7e4f2625c707de7,0.082,,,
1724,2026-08-07,SH601169,-0.000994145605568867,EXP_CatBoostModel_Alpha158_csi300_custom_step0_s_20260808_15,29861ba1b00c411bb7e4f2625c707de7,0.082,,,
1725,2026-08-07,SH601186,0.00047454022608921893,EXP_CatBoostModel_Alpha158_csi300_custom_step0_s_20260808_15,29861ba1b00c411bb7e4f2625c707de7,0.082,,,
1726,2026-08-07,SH601225,-0.0019341973299112519,EXP_CatBoostModel_Alpha158_csi300_custom_step0_s_20260808_15,29861ba1b00c411bb7e4f2625c707de7,0.082,,,
1727,2026-08-07,SH601009,0.00047454022608921893,EXP_CatBoostModel_Alpha158_csi300_custom_step0_s_20260808_15,29861ba1b00c411bb7e4f2625c707de7,0.082,,,
1728,2026-08-07,SH601669,0.0032229527373876126,EXP_CatBoostModel_Alpha158_csi300_custom_step0_s_20260808_15,29861ba1b00c411bb7e4f2625c707de7,0.082,,,
1729,2026-08-07,SH601689,8.199282846193246e-05,EXP_CatBoostModel_Alpha158_csi300_custom_step0_s_20260808_15,29861ba1b00c411bb7e4f2625c707de7,0.082,,,
1730,2026-08-07,SH601919,0.00047454022608921893,EXP_CatBoostModel_Alpha158_csi300_custom_step0_s_20260808_15,29861ba1b00c411bb7e4f2625c707de7,0.082,,,
1731,2026-08-07,SH601939,-0.000994145605568867,EXP_CatBoostModel_Alpha158_csi300_custom_step0_s_20260808_15,29861ba1b00c411bb7e4f2625c707de7,0.082,,,
1732,2026-08-07,SH601985,0.001892631211450264,EXP_CatBoostModel_Alpha158_csi300_custom_step0_s_20260808_15,29861ba1b00c411bb7e4f2625c707de7,0.082,,,
1733,2026-08-07,SH601988,-0.000994145605568867,EXP_CatBoostModel_Alpha158_csi300_custom_step0_s_20260808_15,29861ba1b00c411bb7e4f2625c707de7,0.082,,,
1734,2026-08-07,SH601995,0.001892631211450264,EXP_CatBoostModel_Alpha158_csi300_custom_step0_s_20260808_15,29861ba1b00c411bb7e4f2625c707de7,0.082,,,
1735,2026-08-07,SH601998,-0.000994145605568867,EXP_CatBoostModel_Alpha158_csi300_custom_step0_s_20260808_15,29861ba1b00c411bb7e4f2625c707de7,0.082,,,
1736,2026-08-07,SH603019,8.199282846193246e-05,EXP_CatBoostModel_Alpha158_csi300_custom_step0_s_20260808_15,29861ba1b00c411bb7e4f2625c707de7,0.082,,,
1737,2026-08-07,SH603259,-0.0035494045109842826,EXP_CatBoostModel_Alpha158_csi300_custom_step0_s_20260808_15,29861ba1b00c411bb7e4f2625c707de7,0.082,,,
1738,2026-08-07,SH603260,8.199282846193246e-05,EXP_CatBoostModel_Alpha158_csi300_custom_step0_s_20260808_15,29861ba1b00c411bb7e4f2625c707de7,0.082,,,
1739,2026-08-07,SH603288,-0.000994145605568867,EXP_CatBoostModel_Alpha158_csi300_custom_step0_s_20260808_15,29861ba1b00c411bb7e4f2625c707de7,0.082,,,
1740,2026-08-07,SH603296,-0.0019341973299112519,EXP_CatBoostModel_Alpha158_csi300_custom_step0_s_20260808_15,29861ba1b00c411bb7e4f2625c707de7,0.082,,,
1741,2026-08-07,SH603369,-0.0019341973299112519,EXP_CatBoostModel_Alpha158_csi300_custom_step0_s_20260808_15,29861ba1b00c411bb7e4f2625c707de7,0.082,,,
1742,2026-08-07,SH603392,-0.0035494045109842826,EXP_CatBoostModel_Alpha158_csi300_custom_step0_s_20260808_15,29861ba1b00c411bb7e4f2625c707de7,0.082,,,
1743,2026-08-07,SH603501,0.00047454022608921893,EXP_CatBoostModel_Alpha158_csi300_custom_step0_s_20260808_15,29861ba1b00c411bb7e4f2625c707de7,0.082,,,
1744,2026-08-07,SH603799,-0.0012716037454119737,EXP_CatBoostModel_Alpha158_csi300_custom_step0_s_20260808_15,29861ba1b00c411bb7e4f2625c707de7,0.082,,,
1745,2026-08-07,SH603893,-0.0019341973299112519,EXP_CatBoostModel_Alpha158_csi300_custom_step0_s_20260808_15,29861ba1b00c411bb7e4f2625c707de7,0.082,,,
1746,2026-08-07,SH603986,0.018564867315288974,EXP_CatBoostModel_Alpha158_csi300_custom_step0_s_20260808_15,29861ba1b00c411bb7e4f2625c707de7,0.082,,,
1747,2026-08-07,SH601916,-0.000994145605568867,EXP_CatBoostModel_Alpha158_csi300_custom_step0_s_20260808_15,29861ba1b00c411bb7e4f2625c707de7,0.082,,,
1748,2026-08-07,SH601688,0.00047454022608921893,EXP_CatBoostModel_Alpha158_csi300_custom_step0_s_20260808_15,29861ba1b00c411bb7e4f2625c707de7,0.082,,,
1749,2026-08-07,SH601901,0.0032229527373876126,EXP_CatBoostModel_Alpha158_csi300_custom_step0_s_20260808_15,29861ba1b00c411bb7e4f2625c707de7,0.082,,,
1750,2026-08-07,SH601898,-0.000994145605568867,EXP_CatBoostModel_Alpha158_csi300_custom_step0_s_20260808_15,29861ba1b00c411bb7e4f2625c707de7,0.082,,,
1751,2026-08-07,SH601698,8.199282846193246e-05,EXP_CatBoostModel_Alpha158_csi300_custom_step0_s_20260808_15,29861ba1b00c411bb7e4f2625c707de7,0.082,,,
1752,2026-08-07,SH601727,0.00047454022608921893,EXP_CatBoostModel_Alpha158_csi300_custom_step0_s_20260808_15,29861ba1b00c411bb7e4f2625c707de7,0.082,,,
1753,2026-08-07,SH601728,-0.000994145605568867,EXP_CatBoostModel_Alpha158_csi300_custom_step0_s_20260808_15,29861ba1b00c411bb7e4f2625c707de7,0.082,,,
1754,2026-08-07,SH601766,-0.000994145605568867,EXP_CatBoostModel_Alpha158_csi300_custom_step0_s_20260808_15,29861ba1b00c411bb7e4f2625c707de7,0.082,,,
1755,2026-08-07,SH601788,0.0032229527373876126,EXP_CatBoostModel_Alpha158_csi300_custom_step0_s_20260808_15,29861ba1b00c411bb7e4f2625c707de7,0.082,,,
1756,2026-08-07,SH601800,-0.000994145605568867,EXP_CatBoostModel_Alpha158_csi300_custom_step0_s_20260808_15,29861ba1b00c411bb7e4f2625c707de7,0.082,,,
1757,2026-08-07,SH601816,0.00047454022608921893,EXP_CatBoostModel_Alpha158_csi300_custom_step0_s_20260808_15,29861ba1b00c411bb7e4f2625c707de7,0.082,,,
1758,2026-08-07,SH601818,-0.000994145605568867,EXP_CatBoostModel_Alpha158_csi300_custom_step0_s_20260808_15,29861ba1b00c411bb7e4f2625c707de7,0.082,,,
1759,2026-08-07,SH601825,-0.000994145605568867,EXP_CatBoostModel_Alpha158_csi300_custom_step0_s_20260808_15,29861ba1b00c411bb7e4f2625c707de7,0.082,,,
1760,2026-08-07,SH601838,-0.00043682129995147793,EXP_CatBoostModel_Alpha158_csi300_custom_step0_s_20260808_15,29861ba1b00c411bb7e4f2625c707de7,0.082,,,
1761,2026-08-07,SH601857,0.00047454022608921893,EXP_CatBoostModel_Alpha158_csi300_custom_step0_s_20260808_15,29861ba1b00c411bb7e4f2625c707de7,0.082,,,
1762,2026-08-07,SH601868,0.0032229527373876126,EXP_CatBoostModel_Alpha158_csi300_custom_step0_s_20260808_15,29861ba1b00c411bb7e4f2625c707de7,0.082,,,
1763,2026-08-07,SH601872,-0.000994145605568867,EXP_CatBoostModel_Alpha158_csi300_custom_step0_s_20260808_15,29861ba1b00c411bb7e4f2625c707de7,0.082,,,
1764,2026-08-07,SH601877,0.000696986278558744,EXP_CatBoostModel_Alpha158_csi300_custom_step0_s_20260808_15,29861ba1b00c411bb7e4f2625c707de7,0.082,,,
1765,2026-08-07,SH601878,0.0032229527373876126,EXP_CatBoostModel_Alpha158_csi300_custom_step0_s_20260808_15,29861ba1b00c411bb7e4f2625c707de7,0.082,,,
1766,2026-08-07,SH601881,0.0017503888129605885,EXP_CatBoostModel_Alpha158_csi300_custom_step0_s_20260808_15,29861ba1b00c411bb7e4f2625c707de7,0.082,,,
1767,2026-08-07,SH601888,-0.0019341973299112519,EXP_CatBoostModel_Alpha158_csi300_custom_step0_s_20260808_15,29861ba1b00c411bb7e4f2625c707de7,0.082,,,
1768,2026-08-07,SH601899,-0.0019341973299112519,EXP_CatBoostModel_Alpha158_csi300_custom_step0_s_20260808_15,29861ba1b00c411bb7e4f2625c707de7,0.082,,,
1769,2026-08-07,SH601006,0.00047454022608921893,EXP_CatBoostModel_Alpha158_csi300_custom_step0_s_20260808_15,29861ba1b00c411bb7e4f2625c707de7,0.082,,,
1770,2026-08-07,SH600999,8.199282846193246e-05,EXP_CatBoostModel_Alpha158_csi300_custom_step0_s_20260808_15,29861ba1b00c411bb7e4f2625c707de7,0.082,,,
1771,2026-08-07,SH600989,0.00047454022608921893,EXP_CatBoostModel_Alpha158_csi300_custom_step0_s_20260808_15,29861ba1b00c411bb7e4f2625c707de7,0.082,,,
1772,2026-08-07,SH600085,-0.0035494045109842826,EXP_CatBoostModel_Alpha158_csi300_custom_step0_s_20260808_15,29861ba1b00c411bb7e4f2625c707de7,0.082,,,
1773,2026-08-07,SH600089,-0.0012716037454119737,EXP_CatBoostModel_Alpha158_csi300_custom_step0_s_20260808_15,29861ba1b00c411bb7e4f2625c707de7,0.082,,,
1774,2026-08-07,SH600104,-0.000994145605568867,EXP_CatBoostModel_Alpha158_csi300_custom_step0_s_20260808_15,29861ba1b00c411bb7e4f2625c707de7,0.082,,,
1775,2026-08-07,SH600111,8.199282846193246e-05,EXP_CatBoostModel_Alpha158_csi300_custom_step0_s_20260808_15,29861ba1b00c411bb7e4f2625c707de7,0.082,,,
1776,2026-08-07,SH600115,0.00047454022608921893,EXP_CatBoostModel_Alpha158_csi300_custom_step0_s_20260808_15,29861ba1b00c411bb7e4f2625c707de7,0.082,,,
1777,2026-08-07,SH600118,0.06785834313181623,EXP_CatBoostModel_Alpha158_csi300_custom_step0_s_20260808_15,29861ba1b00c411bb7e4f2625c707de7,0.082,,,
1778,2026-08-07,SH600150,0.00047454022608921893,EXP_CatBoostModel_Alpha158_csi300_custom_step0_s_20260808_15,29861ba1b00c411bb7e4f2625c707de7,0.082,,,
1779,2026-08-07,SH600160,-0.000994145605568867,EXP_CatBoostModel_Alpha158_csi300_custom_step0_s_20260808_15,29861ba1b00c411bb7e4f2625c707de7,0.082,,,
1780,2026-08-07,SH600176,0.013852024591619166,EXP_CatBoostModel_Alpha158_csi300_custom_step0_s_20260808_15,29861ba1b00c411bb7e4f2625c707de7,0.082,,,
1781,2026-08-07,SH600183,0.004696121704226958,EXP_CatBoostModel_Alpha158_csi300_custom_step0_s_20260808_15,29861ba1b00c411bb7e4f2625c707de7,0.082,,,
1782,2026-08-07,SH600188,-0.027787404760981578,EXP_CatBoostModel_Alpha158_csi300_custom_step0_s_20260808_15,29861ba1b00c411bb7e4f2625c707de7,0.082,,,
1783,2026-08-07,SH600196,-0.0021391020626068233,EXP_CatBoostModel_Alpha158_csi300_custom_step0_s_20260808_15,29861ba1b00c411bb7e4f2625c707de7,0.082,,,
1784,2026-08-07,SH600219,-0.0035494045109842826,EXP_CatBoostModel_Alpha158_csi300_custom_step0_s_20260808_15,29861ba1b00c411bb7e4f2625c707de7,0.082,,,
1785,2026-08-07,SH600221,0.0019807477940957936,EXP_CatBoostModel_Alpha158_csi300_custom_step0_s_20260808_15,29861ba1b00c411bb7e4f2625c707de7,0.082,,,
1786,2026-08-07,SH600233,0.00047454022608921893,EXP_CatBoostModel_Alpha158_csi300_custom_step0_s_20260808_15,29861ba1b00c411bb7e4f2625c707de7,0.082,,,
1787,2026-08-07,SH600276,-0.0021391020626068233,EXP_CatBoostModel_Alpha158_csi300_custom_step0_s_20260808_15,29861ba1b00c411bb7e4f2625c707de7,0.082,,,
1788,2026-08-07,SH600309,-0.0019341973299112519,EXP_CatBoostModel_Alpha158_csi300_custom_step0_s_20260808_15,29861ba1b00c411bb7e4f2625c707de7,0.082,,,
1789,2026-08-07,SH600066,0.00047454022608921893,EXP_CatBoostModel_Alpha158_csi300_custom_step0_s_20260808_15,29861ba1b00c411bb7e4f2625c707de7,0.082,,,
1790,2026-08-07,SH600346,-0.0012716037454119737,EXP_CatBoostModel_Alpha158_csi300_custom_step0_s_20260808_15,29861ba1b00c411bb7e4f2625c707de7,0.082,,,
1791,2026-08-07,SH600061,0.001892631211450264,EXP_CatBoostModel_Alpha158_csi300_custom_step0_s_20260808_15,29861ba1b00c411bb7e4f2625c707de7,0.082,,,
1792,2026-08-07,SH600048,-0.0019341973299112519,EXP_CatBoostModel_Alpha158_csi300_custom_step0_s_20260808_15,29861ba1b00c411bb7e4f2625c707de7,0.082,,,
1793,2026-08-07,SH600009,0.00047454022608921893,EXP_CatBoostModel_Alpha158_csi300_custom_step0_s_20260808_15,29861ba1b00c411bb7e4f2625c707de7,0.082,,,
1794,2026-08-07,SH600010,0.0019807477940957936,EXP_CatBoostModel_Alpha158_csi300_custom_step0_s_20260808_15,29861ba1b00c411bb7e4f2625c707de7,0.082,,,
1795,2026-08-07,SH600011,-0.000994145605568867,EXP_CatBoostModel_Alpha158_csi300_custom_step0_s_20260808_15,29861ba1b00c411bb7e4f2625c707de7,0.082,,,
1796,2026-08-07,SH600015,0.00047454022608921893,EXP_CatBoostModel_Alpha158_csi300_custom_step0_s_20260808_15,29861ba1b00c411bb7e4f2625c707de7,0.082,,,
1797,2026-08-07,SH600016,-0.0019341973299112519,EXP_CatBoostModel_Alpha158_csi300_custom_step0_s_20260808_15,29861ba1b00c411bb7e4f2625c707de7,0.082,,,
1798,2026-08-07,SH600018,0.00047454022608921893,EXP_CatBoostModel_Alpha158_csi300_custom_step0_s_20260808_15,29861ba1b00c411bb7e4f2625c707de7,0.082,,,
1799,2026-08-07,SH600019,-0.000994145605568867,EXP_CatBoostModel_Alpha158_csi300_custom_step0_s_20260808_15,29861ba1b00c411bb7e4f2625c707de7,0.082,,,
1800,2026-08-07,SH600023,-0.0013215320383270501,EXP_CatBoostModel_Alpha158_csi300_custom_step0_s_20260808_15,29861ba1b00c411bb7e4f2625c707de7,0.082,,,
1801,2026-08-07,SH600025,-0.000994145605568867,EXP_CatBoostModel_Alpha158_csi300_custom_step0_s_20260808_15,29861ba1b00c411bb7e4f2625c707de7,0.082,,,
1802,2026-08-07,SH600026,-0.000994145605568867,EXP_CatBoostModel_Alpha158_csi300_custom_step0_s_20260808_15,29861ba1b00c411bb7e4f2625c707de7,0.082,,,
1803,2026-08-07,SH600027,0.00047454022608921893,EXP_CatBoostModel_Alpha158_csi300_custom_step0_s_20260808_15,29861ba1b00c411bb7e4f2625c707de7,0.082,,,
1804,2026-08-07,SH600028,-0.000994145605568867,EXP_CatBoostModel_Alpha158_csi300_custom_step0_s_20260808_15,29861ba1b00c411bb7e4f2625c707de7,0.082,,,
1805,2026-08-07,SH600029,0.0021700362952742193,EXP_CatBoostModel_Alpha158_csi300_custom_step0_s_20260808_15,29861ba1b00c411bb7e4f2625c707de7,0.082,,,
1806,2026-08-07,SH600030,0.0032229527373876126,EXP_CatBoostModel_Alpha158_csi300_custom_step0_s_20260808_15,29861ba1b00c411bb7e4f2625c707de7,0.082,,,
1807,2026-08-07,SH600031,0.00047454022608921893,EXP_CatBoostModel_Alpha158_csi300_custom_step0_s_20260808_15,29861ba1b00c411bb7e4f2625c707de7,0.082,,,
1808,2026-08-07,SH600036,0.00047454022608921893,EXP_CatBoostModel_Alpha158_csi300_custom_step0_s_20260808_15,29861ba1b00c411bb7e4f2625c707de7,0.082,,,
1809,2026-08-07,SH600039,-0.000994145605568867,EXP_CatBoostModel_Alpha158_csi300_custom_step0_s_20260808_15,29861ba1b00c411bb7e4f2625c707de7,0.082,,,
1810,2026-08-07,SH600050,-0.000994145605568867,EXP_CatBoostModel_Alpha158_csi300_custom_step0_s_20260808_15,29861ba1b00c411bb7e4f2625c707de7,0.082,,,
1811,2026-08-07,SH600362,-0.0019341973299112519,EXP_CatBoostModel_Alpha158_csi300_custom_step0_s_20260808_15,29861ba1b00c411bb7e4f2625c707de7,0.082,,,
1812,2026-08-07,SH600372,0.0032229527373876126,EXP_CatBoostModel_Alpha158_csi300_custom_step0_s_20260808_15,29861ba1b00c411bb7e4f2625c707de7,0.082,,,
1813,2026-08-07,SH600406,-0.000994145605568867,EXP_CatBoostModel_Alpha158_csi300_custom_step0_s_20260808_15,29861ba1b00c411bb7e4f2625c707de7,0.082,,,
1814,2026-08-07,SH600795,0.00047454022608921893,EXP_CatBoostModel_Alpha158_csi300_custom_step0_s_20260808_15,29861ba1b00c411bb7e4f2625c707de7,0.082,,,
1815,2026-08-07,SH600803,-0.000994145605568867,EXP_CatBoostModel_Alpha158_csi300_custom_step0_s_20260808_15,29861ba1b00c411bb7e4f2625c707de7,0.082,,,
1816,2026-08-07,SH600809,-0.0019341973299112519,EXP_CatBoostModel_Alpha158_csi300_custom_step0_s_20260808_15,29861ba1b00c411bb7e4f2625c707de7,0.082,,,
1817,2026-08-07,SH600845,-0.000994145605568867,EXP_CatBoostModel_Alpha158_csi300_custom_step0_s_20260808_15,29861ba1b00c411bb7e4f2625c707de7,0.082,,,
1818,2026-08-07,SH600875,-0.0012716037454119737,EXP_CatBoostModel_Alpha158_csi300_custom_step0_s_20260808_15,29861ba1b00c411bb7e4f2625c707de7,0.082,,,
1819,2026-08-07,SH600886,0.00047454022608921893,EXP_CatBoostModel_Alpha158_csi300_custom_step0_s_20260808_15,29861ba1b00c411bb7e4f2625c707de7,0.082,,,
1820,2026-08-07,SH600887,0.00047454022608921893,EXP_CatBoostModel_Alpha158_csi300_custom_step0_s_20260808_15,29861ba1b00c411bb7e4f2625c707de7,0.082,,,
1821,2026-08-07,SH600893,-0.0012716037454119737,EXP_CatBoostModel_Alpha158_csi300_custom_step0_s_20260808_15,29861ba1b00c411bb7e4f2625c707de7,0.082,,,
1822,2026-08-07,SH600900,-0.000994145605568867,EXP_CatBoostModel_Alpha158_csi300_custom_step0_s_20260808_15,29861ba1b00c411bb7e4f2625c707de7,0.082,,,
1823,2026-08-07,SH600905,0.0017503888129605885,EXP_CatBoostModel_Alpha158_csi300_custom_step0_s_20260808_15,29861ba1b00c411bb7e4f2625c707de7,0.082,,,
1824,2026-08-07,SH600918,0.00047454022608921893,EXP_CatBoostModel_Alpha158_csi300_custom_step0_s_20260808_15,29861ba1b00c411bb7e4f2625c707de7,0.082,,,
1825,2026-08-07,SH600919,0.00047454022608921893,EXP_CatBoostModel_Alpha158_csi300_custom_step0_s_20260808_15,29861ba1b00c411bb7e4f2625c707de7,0.082,,,
1826,2026-08-07,SH600926,0.00047454022608921893,EXP_CatBoostModel_Alpha158_csi300_custom_step0_s_20260808_15,29861ba1b00c411bb7e4f2625c707de7,0.082,,,
1827,2026-08-07,SH600930,0.00047454022608921893,EXP_CatBoostModel_Alpha158_csi300_custom_step0_s_20260808_15,29861ba1b00c411bb7e4f2625c707de7,0.082,,,
1828,2026-08-07,SH600938,0.00047454022608921893,EXP_CatBoostModel_Alpha158_csi300_custom_step0_s_20260808_15,29861ba1b00c411bb7e4f2625c707de7,0.082,,,
1829,2026-08-07,SH600941,0.00047454022608921893,EXP_CatBoostModel_Alpha158_csi300_custom_step0_s_20260808_15,29861ba1b00c411bb7e4f2625c707de7,0.082,,,
1830,2026-08-07,SH600958,0.0032229527373876126,EXP_CatBoostModel_Alpha158_csi300_custom_step0_s_20260808_15,29861ba1b00c411bb7e4f2625c707de7,0.082,,,
1831,2026-08-07,SH600760,0.00047454022608921893,EXP_CatBoostModel_Alpha158_csi300_custom_step0_s_20260808_15,29861ba1b00c411bb7e4f2625c707de7,0.082,,,
1832,2026-08-07,SH600741,0.00047454022608921893,EXP_CatBoostModel_Alpha158_csi300_custom_step0_s_20260808_15,29861ba1b00c411bb7e4f2625c707de7,0.082,,,
1833,2026-08-07,SH600690,0.00047454022608921893,EXP_CatBoostModel_Alpha158_csi300_custom_step0_s_20260808_15,29861ba1b00c411bb7e4f2625c707de7,0.082,,,
1834,2026-08-07,SH600674,-0.000994145605568867,EXP_CatBoostModel_Alpha158_csi300_custom_step0_s_20260808_15,29861ba1b00c411bb7e4f2625c707de7,0.082,,,
1835,2026-08-07,SH600415,0.00047454022608921893,EXP_CatBoostModel_Alpha158_csi300_custom_step0_s_20260808_15,29861ba1b00c411bb7e4f2625c707de7,0.082,,,
1836,2026-08-07,SH600426,0.00047454022608921893,EXP_CatBoostModel_Alpha158_csi300_custom_step0_s_20260808_15,29861ba1b00c411bb7e4f2625c707de7,0.082,,,
1837,2026-08-07,SH600436,-0.0019341973299112519,EXP_CatBoostModel_Alpha158_csi300_custom_step0_s_20260808_15,29861ba1b00c411bb7e4f2625c707de7,0.082,,,
1838,2026-08-07,SH600438,-0.0019341973299112519,EXP_CatBoostModel_Alpha158_csi300_custom_step0_s_20260808_15,29861ba1b00c411bb7e4f2625c707de7,0.082,,,
1839,2026-08-07,SH600460,0.018564867315288974,EXP_CatBoostModel_Alpha158_csi300_custom_step0_s_20260808_15,29861ba1b00c411bb7e4f2625c707de7,0.082,,,
1840,2026-08-07,SH600482,8.199282846193246e-05,EXP_CatBoostModel_Alpha158_csi300_custom_step0_s_20260808_15,29861ba1b00c411bb7e4f2625c707de7,0.082,,,
1841,2026-08-07,SH600489,-0.0035494045109842826,EXP_CatBoostModel_Alpha158_csi300_custom_step0_s_20260808_15,29861ba1b00c411bb7e4f2625c707de7,0.082,,,
1842,2026-08-07,SH600515,0.00047454022608921893,EXP_CatBoostModel_Alpha158_csi300_custom_step0_s_20260808_15,29861ba1b00c411bb7e4f2625c707de7,0.082,,,
1843,2026-08-07,SH603993,-0.0019341973299112519,EXP_CatBoostModel_Alpha158_csi300_custom_step0_s_20260808_15,29861ba1b00c411bb7e4f2625c707de7,0.082,,,
1844,2026-08-07,SH600519,0.00047454022608921893,EXP_CatBoostModel_Alpha158_csi300_custom_step0_s_20260808_15,29861ba1b00c411bb7e4f2625c707de7,0.082,,,
1845,2026-08-07,SH600547,-0.0035494045109842826,EXP_CatBoostModel_Alpha158_csi300_custom_step0_s_20260808_15,29861ba1b00c411bb7e4f2625c707de7,0.082,,,
1846,2026-08-07,SH600549,8.199282846193246e-05,EXP_CatBoostModel_Alpha158_csi300_custom_step0_s_20260808_15,29861ba1b00c411bb7e4f2625c707de7,0.082,,,
1847,2026-08-07,SH600570,0.00047454022608921893,EXP_CatBoostModel_Alpha158_csi300_custom_step0_s_20260808_15,29861ba1b00c411bb7e4f2625c707de7,0.082,,,
1848,2026-08-07,SH600584,0.06785834313181623,EXP_CatBoostModel_Alpha158_csi300_custom_step0_s_20260808_15,29861ba1b00c411bb7e4f2625c707de7,0.082,,,
1849,2026-08-07,SH600585,0.00047454022608921893,EXP_CatBoostModel_Alpha158_csi300_custom_step0_s_20260808_15,29861ba1b00c411bb7e4f2625c707de7,0.082,,,
1850,2026-08-07,SH600588,-0.000994145605568867,EXP_CatBoostModel_Alpha158_csi300_custom_step0_s_20260808_15,29861ba1b00c411bb7e4f2625c707de7,0.082,,,
1851,2026-08-07,SH600600,-0.000994145605568867,EXP_CatBoostModel_Alpha158_csi300_custom_step0_s_20260808_15,29861ba1b00c411bb7e4f2625c707de7,0.082,,,
1852,2026-08-07,SH600660,0.00047454022608921893,EXP_CatBoostModel_Alpha158_csi300_custom_step0_s_20260808_15,29861ba1b00c411bb7e4f2625c707de7,0.082,,,
1853,2026-08-07,SH600522,8.199282846193246e-05,EXP_CatBoostModel_Alpha158_csi300_custom_step0_s_20260808_15,29861ba1b00c411bb7e4f2625c707de7,0.082,,,
1854,2026-08-07,SH600893,1.215677688146426e-10,EXP_LGBModel_Alpha158_csi300_custom_step0_s_20260808_14,7f1866eb1cb64046aef890ac6897c6b4,0.089,,,
1855,2026-08-07,SH605117,8.199282846193246e-05,EXP_CatBoostModel_Alpha158_csi300_custom_step0_s_20260808_15,29861ba1b00c411bb7e4f2625c707de7,0.082,,,
1856,2026-08-07,SH688008,8.199282846193246e-05,EXP_CatBoostModel_Alpha158_csi300_custom_step0_s_20260808_15,29861ba1b00c411bb7e4f2625c707de7,0.082,,,
1857,2026-08-07,SZ300394,-0.000994145605568867,EXP_CatBoostModel_Alpha158_csi300_custom_step0_s_20260808_15,29861ba1b00c411bb7e4f2625c707de7,0.082,,,
1858,2026-08-07,SZ300408,-0.0012716037454119737,EXP_CatBoostModel_Alpha158_csi300_custom_step0_s_20260808_15,29861ba1b00c411bb7e4f2625c707de7,0.082,,,
1859,2026-08-07,SZ300413,0.00047454022608921893,EXP_CatBoostModel_Alpha158_csi300_custom_step0_s_20260808_15,29861ba1b00c411bb7e4f2625c707de7,0.082,,,
1860,2026-08-07,SZ300418,-0.0019341973299112519,EXP_CatBoostModel_Alpha158_csi300_custom_step0_s_20260808_15,29861ba1b00c411bb7e4f2625c707de7,0.082,,,
1861,2026-08-07,SZ300433,8.199282846193246e-05,EXP_CatBoostModel_Alpha158_csi300_custom_step0_s_20260808_15,29861ba1b00c411bb7e4f2625c707de7,0.082,,,
1862,2026-08-07,SZ300442,8.199282846193246e-05,EXP_CatBoostModel_Alpha158_csi300_custom_step0_s_20260808_15,29861ba1b00c411bb7e4f2625c707de7,0.082,,,
1863,2026-08-07,SZ300450,8.199282846193246e-05,EXP_CatBoostModel_Alpha158_csi300_custom_step0_s_20260808_15,29861ba1b00c411bb7e4f2625c707de7,0.082,,,
1864,2026-08-07,SZ300476,0.004696121704226958,EXP_CatBoostModel_Alpha158_csi300_custom_step0_s_20260808_15,29861ba1b00c411bb7e4f2625c707de7,0.082,,,
1865,2026-08-07,SZ300498,-0.0019341973299112519,EXP_CatBoostModel_Alpha158_csi300_custom_step0_s_20260808_15,29861ba1b00c411bb7e4f2625c707de7,0.082,,,
1866,2026-08-07,SZ300502,0.002724221385596586,EXP_CatBoostModel_Alpha158_csi300_custom_step0_s_20260808_15,29861ba1b00c411bb7e4f2625c707de7,0.082,,,
1867,2026-08-07,SZ300628,0.00047454022608921893,EXP_CatBoostModel_Alpha158_csi300_custom_step0_s_20260808_15,29861ba1b00c411bb7e4f2625c707de7,0.082,,,
1868,2026-08-07,SZ300661,8.199282846193246e-05,EXP_CatBoostModel_Alpha158_csi300_custom_step0_s_20260808_15,29861ba1b00c411bb7e4f2625c707de7,0.082,,,
1869,2026-08-07,SZ300750,-0.000994145605568867,EXP_CatBoostModel_Alpha158_csi300_custom_step0_s_20260808_15,29861ba1b00c411bb7e4f2625c707de7,0.082,,,
1870,2026-08-07,SZ300760,-0.0035494045109842826,EXP_CatBoostModel_Alpha158_csi300_custom_step0_s_20260808_15,29861ba1b00c411bb7e4f2625c707de7,0.082,,,
1871,2026-08-07,SZ300803,0.00047454022608921893,EXP_CatBoostModel_Alpha158_csi300_custom_step0_s_20260808_15,29861ba1b00c411bb7e4f2625c707de7,0.082,,,
1872,2026-08-07,SZ300832,-0.0035494045109842826,EXP_CatBoostModel_Alpha158_csi300_custom_step0_s_20260808_15,29861ba1b00c411bb7e4f2625c707de7,0.082,,,
1873,2026-08-07,SZ300866,-0.0019341973299112519,EXP_CatBoostModel_Alpha158_csi300_custom_step0_s_20260808_15,29861ba1b00c411bb7e4f2625c707de7,0.082,,,
1874,2026-08-07,SZ300316,8.199282846193246e-05,EXP_CatBoostModel_Alpha158_csi300_custom_step0_s_20260808_15,29861ba1b00c411bb7e4f2625c707de7,0.082,,,
1875,2026-08-07,SZ300896,-0.0035494045109842826,EXP_CatBoostModel_Alpha158_csi300_custom_step0_s_20260808_15,29861ba1b00c411bb7e4f2625c707de7,0.082,,,
1876,2026-08-07,SZ300308,-0.000994145605568867,EXP_CatBoostModel_Alpha158_csi300_custom_step0_s_20260808_15,29861ba1b00c411bb7e4f2625c707de7,0.082,,,
1877,2026-08-07,SZ300251,-0.000994145605568867,EXP_CatBoostModel_Alpha158_csi300_custom_step0_s_20260808_15,29861ba1b00c411bb7e4f2625c707de7,0.082,,,
1878,2026-08-07,SZ002602,0.00047454022608921893,EXP_CatBoostModel_Alpha158_csi300_custom_step0_s_20260808_15,29861ba1b00c411bb7e4f2625c707de7,0.082,,,
1879,2026-08-07,SZ002625,0.00047454022608921893,EXP_CatBoostModel_Alpha158_csi300_custom_step0_s_20260808_15,29861ba1b00c411bb7e4f2625c707de7,0.082,,,
1880,2026-08-07,SZ002648,-0.0012716037454119737,EXP_CatBoostModel_Alpha158_csi300_custom_step0_s_20260808_15,29861ba1b00c411bb7e4f2625c707de7,0.082,,,
1881,2026-08-07,SZ002709,-0.000994145605568867,EXP_CatBoostModel_Alpha158_csi300_custom_step0_s_20260808_15,29861ba1b00c411bb7e4f2625c707de7,0.082,,,
1882,2026-08-07,SZ002714,-0.0019341973299112519,EXP_CatBoostModel_Alpha158_csi300_custom_step0_s_20260808_15,29861ba1b00c411bb7e4f2625c707de7,0.082,,,
1883,2026-08-07,SZ002736,0.0032229527373876126,EXP_CatBoostModel_Alpha158_csi300_custom_step0_s_20260808_15,29861ba1b00c411bb7e4f2625c707de7,0.082,,,
1884,2026-08-07,SZ002837,8.199282846193246e-05,EXP_CatBoostModel_Alpha158_csi300_custom_step0_s_20260808_15,29861ba1b00c411bb7e4f2625c707de7,0.082,,,
1885,2026-08-07,SZ002916,8.199282846193246e-05,EXP_CatBoostModel_Alpha158_csi300_custom_step0_s_20260808_15,29861ba1b00c411bb7e4f2625c707de7,0.082,,,
1886,2026-08-07,SZ002920,0.00047454022608921893,EXP_CatBoostModel_Alpha158_csi300_custom_step0_s_20260808_15,29861ba1b00c411bb7e4f2625c707de7,0.082,,,
1887,2026-08-07,SZ002938,-0.0012716037454119737,EXP_CatBoostModel_Alpha158_csi300_custom_step0_s_20260808_15,29861ba1b00c411bb7e4f2625c707de7,0.082,,,
1888,2026-08-07,SZ003816,-0.000994145605568867,EXP_CatBoostModel_Alpha158_csi300_custom_step0_s_20260808_15,29861ba1b00c411bb7e4f2625c707de7,0.082,,,
1889,2026-08-07,SZ300014,-0.0012716037454119737,EXP_CatBoostModel_Alpha158_csi300_custom_step0_s_20260808_15,29861ba1b00c411bb7e4f2625c707de7,0.082,,,
1890,2026-08-07,SZ300015,-0.0035494045109842826,EXP_CatBoostModel_Alpha158_csi300_custom_step0_s_20260808_15,29861ba1b00c411bb7e4f2625c707de7,0.082,,,
1891,2026-08-07,SZ300033,-0.0012716037454119737,EXP_CatBoostModel_Alpha158_csi300_custom_step0_s_20260808_15,29861ba1b00c411bb7e4f2625c707de7,0.082,,,
1892,2026-08-07,SZ300059,0.0032229527373876126,EXP_CatBoostModel_Alpha158_csi300_custom_step0_s_20260808_15,29861ba1b00c411bb7e4f2625c707de7,0.082,,,
1893,2026-08-07,SZ300122,-0.0035494045109842826,EXP_CatBoostModel_Alpha158_csi300_custom_step0_s_20260808_15,29861ba1b00c411bb7e4f2625c707de7,0.082,,,
1894,2026-08-07,SZ300124,-0.0012716037454119737,EXP_CatBoostModel_Alpha158_csi300_custom_step0_s_20260808_15,29861ba1b00c411bb7e4f2625c707de7,0.082,,,
1895,2026-08-07,SZ300274,0.004696121704226958,EXP_CatBoostModel_Alpha158_csi300_custom_step0_s_20260808_15,29861ba1b00c411bb7e4f2625c707de7,0.082,,,
1896,2026-08-07,SZ002600,0.00047454022608921893,EXP_CatBoostModel_Alpha158_csi300_custom_step0_s_20260808_15,29861ba1b00c411bb7e4f2625c707de7,0.082,,,
1897,2026-08-07,SZ300999,0.00047454022608921893,EXP_CatBoostModel_Alpha158_csi300_custom_step0_s_20260808_15,29861ba1b00c411bb7e4f2625c707de7,0.082,,,
1898,2026-08-07,SZ301236,-0.000994145605568867,EXP_CatBoostModel_Alpha158_csi300_custom_step0_s_20260808_15,29861ba1b00c411bb7e4f2625c707de7,0.082,,,
1899,2026-08-07,SH600048,-0.006178270300765596,EXP_CatBoostModel_Alpha158_csi300_custom_step0_s_20260808_15,ddaa58a5714240d2881018b2a3fbabca,0.161,,,
1900,2026-08-07,SH600050,-0.002812790616989851,EXP_CatBoostModel_Alpha158_csi300_custom_step0_s_20260808_15,ddaa58a5714240d2881018b2a3fbabca,0.161,,,
1901,2026-08-07,SH600061,0.004966067233364159,EXP_CatBoostModel_Alpha158_csi300_custom_step0_s_20260808_15,ddaa58a5714240d2881018b2a3fbabca,0.161,,,
1902,2026-08-07,SH600066,-0.0054002413986960285,EXP_CatBoostModel_Alpha158_csi300_custom_step0_s_20260808_15,ddaa58a5714240d2881018b2a3fbabca,0.161,,,
1903,2026-08-07,SH600085,-0.0037634334042168506,EXP_CatBoostModel_Alpha158_csi300_custom_step0_s_20260808_15,ddaa58a5714240d2881018b2a3fbabca,0.161,,,
1904,2026-08-07,SH600089,-0.0022662852936380156,EXP_CatBoostModel_Alpha158_csi300_custom_step0_s_20260808_15,ddaa58a5714240d2881018b2a3fbabca,0.161,,,
1905,2026-08-07,SH600104,-0.00764450680613125,EXP_CatBoostModel_Alpha158_csi300_custom_step0_s_20260808_15,ddaa58a5714240d2881018b2a3fbabca,0.161,,,
1906,2026-08-07,SH600111,-0.001947150390921177,EXP_CatBoostModel_Alpha158_csi300_custom_step0_s_20260808_15,ddaa58a5714240d2881018b2a3fbabca,0.161,,,
1907,2026-08-07,SH600115,0.0024127506336700483,EXP_CatBoostModel_Alpha158_csi300_custom_step0_s_20260808_15,ddaa58a5714240d2881018b2a3fbabca,0.161,,,
1908,2026-08-07,SH600118,0.04111167551649401,EXP_CatBoostModel_Alpha158_csi300_custom_step0_s_20260808_15,ddaa58a5714240d2881018b2a3fbabca,0.161,,,
1909,2026-08-07,SH600150,-0.0027938504799730683,EXP_CatBoostModel_Alpha158_csi300_custom_step0_s_20260808_15,ddaa58a5714240d2881018b2a3fbabca,0.161,,,
1910,2026-08-07,SH600160,-0.0063130529911798,EXP_CatBoostModel_Alpha158_csi300_custom_step0_s_20260808_15,ddaa58a5714240d2881018b2a3fbabca,0.161,,,
1911,2026-08-07,SH600176,0.0357503743575915,EXP_CatBoostModel_Alpha158_csi300_custom_step0_s_20260808_15,ddaa58a5714240d2881018b2a3fbabca,0.161,,,
1912,2026-08-07,SH600183,0.0054807656446782885,EXP_CatBoostModel_Alpha158_csi300_custom_step0_s_20260808_15,ddaa58a5714240d2881018b2a3fbabca,0.161,,,
1913,2026-08-07,SH600188,-0.00409239296790435,EXP_CatBoostModel_Alpha158_csi300_custom_step0_s_20260808_15,ddaa58a5714240d2881018b2a3fbabca,0.161,,,
1914,2026-08-07,SH600196,0.0036676679655669774,EXP_CatBoostModel_Alpha158_csi300_custom_step0_s_20260808_15,ddaa58a5714240d2881018b2a3fbabca,0.161,,,
1915,2026-08-07,SH600219,-0.002908906596334431,EXP_CatBoostModel_Alpha158_csi300_custom_step0_s_20260808_15,ddaa58a5714240d2881018b2a3fbabca,0.161,,,
1916,2026-08-07,SH600039,-0.007690894110993354,EXP_CatBoostModel_Alpha158_csi300_custom_step0_s_20260808_15,ddaa58a5714240d2881018b2a3fbabca,0.161,,,
1917,2026-08-07,SZ301165,-0.000994145605568867,EXP_CatBoostModel_Alpha158_csi300_custom_step0_s_20260808_15,29861ba1b00c411bb7e4f2625c707de7,0.082,,,
1918,2026-08-07,SH600036,-0.0008700857787681153,EXP_CatBoostModel_Alpha158_csi300_custom_step0_s_20260808_15,ddaa58a5714240d2881018b2a3fbabca,0.161,,,
1919,2026-08-07,SH600030,0.004966067233364159,EXP_CatBoostModel_Alpha158_csi300_custom_step0_s_20260808_15,ddaa58a5714240d2881018b2a3fbabca,0.161,,,
1920,2026-08-07,SZ301269,8.199282846193246e-05,EXP_CatBoostModel_Alpha158_csi300_custom_step0_s_20260808_15,29861ba1b00c411bb7e4f2625c707de7,0.082,,,
1921,2026-08-07,SZ301308,0.018564867315288974,EXP_CatBoostModel_Alpha158_csi300_custom_step0_s_20260808_15,29861ba1b00c411bb7e4f2625c707de7,0.082,,,
1922,2026-08-07,SZ302132,0.00047454022608921893,EXP_CatBoostModel_Alpha158_csi300_custom_step0_s_20260808_15,29861ba1b00c411bb7e4f2625c707de7,0.082,,,
1923,2026-08-07,SH600000,-0.0037634334042168506,EXP_CatBoostModel_Alpha158_csi300_custom_step0_s_20260808_15,ddaa58a5714240d2881018b2a3fbabca,0.161,,,
1924,2026-08-07,SH600009,-0.00575633830214251,EXP_CatBoostModel_Alpha158_csi300_custom_step0_s_20260808_15,ddaa58a5714240d2881018b2a3fbabca,0.161,,,
1925,2026-08-07,SH600010,0.0004598276801632583,EXP_CatBoostModel_Alpha158_csi300_custom_step0_s_20260808_15,ddaa58a5714240d2881018b2a3fbabca,0.161,,,
1926,2026-08-07,SH600011,-9.889255456017941e-05,EXP_CatBoostModel_Alpha158_csi300_custom_step0_s_20260808_15,ddaa58a5714240d2881018b2a3fbabca,0.161,,,
1927,2026-08-07,SH600015,-0.0037634334042168506,EXP_CatBoostModel_Alpha158_csi300_custom_step0_s_20260808_15,ddaa58a5714240d2881018b2a3fbabca,0.161,,,
1928,2026-08-07,SH600016,0.004780995628498675,EXP_CatBoostModel_Alpha158_csi300_custom_step0_s_20260808_15,ddaa58a5714240d2881018b2a3fbabca,0.161,,,
1929,2026-08-07,SH600018,0.007430164778992256,EXP_CatBoostModel_Alpha158_csi300_custom_step0_s_20260808_15,ddaa58a5714240d2881018b2a3fbabca,0.161,,,
1930,2026-08-07,SH600019,-0.008076757115934557,EXP_CatBoostModel_Alpha158_csi300_custom_step0_s_20260808_15,ddaa58a5714240d2881018b2a3fbabca,0.161,,,
1931,2026-08-07,SH600023,-0.0030801683977848575,EXP_CatBoostModel_Alpha158_csi300_custom_step0_s_20260808_15,ddaa58a5714240d2881018b2a3fbabca,0.161,,,
1932,2026-08-07,SH600025,-0.005476707860685066,EXP_CatBoostModel_Alpha158_csi300_custom_step0_s_20260808_15,ddaa58a5714240d2881018b2a3fbabca,0.161,,,
1933,2026-08-07,SH600026,-0.010886815480645603,EXP_CatBoostModel_Alpha158_csi300_custom_step0_s_20260808_15,ddaa58a5714240d2881018b2a3fbabca,0.161,,,
1934,2026-08-07,SH600027,-0.0018396687030118974,EXP_CatBoostModel_Alpha158_csi300_custom_step0_s_20260808_15,ddaa58a5714240d2881018b2a3fbabca,0.161,,,
1935,2026-08-07,SH600028,-0.0027938504799730683,EXP_CatBoostModel_Alpha158_csi300_custom_step0_s_20260808_15,ddaa58a5714240d2881018b2a3fbabca,0.161,,,
1936,2026-08-07,SH600029,0.005624055020672106,EXP_CatBoostModel_Alpha158_csi300_custom_step0_s_20260808_15,ddaa58a5714240d2881018b2a3fbabca,0.161,,,
1937,2026-08-07,SH600031,-0.0027938504799730683,EXP_CatBoostModel_Alpha158_csi300_custom_step0_s_20260808_15,ddaa58a5714240d2881018b2a3fbabca,0.161,,,
1938,2026-08-07,SZ002594,-0.000994145605568867,EXP_CatBoostModel_Alpha158_csi300_custom_step0_s_20260808_15,29861ba1b00c411bb7e4f2625c707de7,0.082,,,
1939,2026-08-07,SZ002558,0.00047454022608921893,EXP_CatBoostModel_Alpha158_csi300_custom_step0_s_20260808_15,29861ba1b00c411bb7e4f2625c707de7,0.082,,,
1940,2026-08-07,SZ002532,-0.0019341973299112519,EXP_CatBoostModel_Alpha158_csi300_custom_step0_s_20260808_15,29861ba1b00c411bb7e4f2625c707de7,0.082,,,
1941,2026-08-07,SZ000063,0.00047454022608921893,EXP_CatBoostModel_Alpha158_csi300_custom_step0_s_20260808_15,29861ba1b00c411bb7e4f2625c707de7,0.082,,,
1942,2026-08-07,SZ000100,8.199282846193246e-05,EXP_CatBoostModel_Alpha158_csi300_custom_step0_s_20260808_15,29861ba1b00c411bb7e4f2625c707de7,0.082,,,
1943,2026-08-07,SZ000157,0.00047454022608921893,EXP_CatBoostModel_Alpha158_csi300_custom_step0_s_20260808_15,29861ba1b00c411bb7e4f2625c707de7,0.082,,,
1944,2026-08-07,SZ000166,0.001892631211450264,EXP_CatBoostModel_Alpha158_csi300_custom_step0_s_20260808_15,29861ba1b00c411bb7e4f2625c707de7,0.082,,,
1945,2026-08-07,SZ000301,-0.0019341973299112519,EXP_CatBoostModel_Alpha158_csi300_custom_step0_s_20260808_15,29861ba1b00c411bb7e4f2625c707de7,0.082,,,
1946,2026-08-07,SZ000333,0.00047454022608921893,EXP_CatBoostModel_Alpha158_csi300_custom_step0_s_20260808_15,29861ba1b00c411bb7e4f2625c707de7,0.082,,,
1947,2026-08-07,SZ000338,-0.0019341973299112519,EXP_CatBoostModel_Alpha158_csi300_custom_step0_s_20260808_15,29861ba1b00c411bb7e4f2625c707de7,0.082,,,
1948,2026-08-07,SZ000408,-0.0019341973299112519,EXP_CatBoostModel_Alpha158_csi300_custom_step0_s_20260808_15,29861ba1b00c411bb7e4f2625c707de7,0.082,,,
1949,2026-08-07,SZ000425,-0.000994145605568867,EXP_CatBoostModel_Alpha158_csi300_custom_step0_s_20260808_15,29861ba1b00c411bb7e4f2625c707de7,0.082,,,
1950,2026-08-07,SZ000538,0.00047454022608921893,EXP_CatBoostModel_Alpha158_csi300_custom_step0_s_20260808_15,29861ba1b00c411bb7e4f2625c707de7,0.082,,,
1951,2026-08-07,SZ000568,-0.0035494045109842826,EXP_CatBoostModel_Alpha158_csi300_custom_step0_s_20260808_15,29861ba1b00c411bb7e4f2625c707de7,0.082,,,
1952,2026-08-07,SZ000596,-0.0035494045109842826,EXP_CatBoostModel_Alpha158_csi300_custom_step0_s_20260808_15,29861ba1b00c411bb7e4f2625c707de7,0.082,,,
1953,2026-08-07,SZ000617,0.00047454022608921893,EXP_CatBoostModel_Alpha158_csi300_custom_step0_s_20260808_15,29861ba1b00c411bb7e4f2625c707de7,0.082,,,
1954,2026-08-07,SZ000625,-0.000994145605568867,EXP_CatBoostModel_Alpha158_csi300_custom_step0_s_20260808_15,29861ba1b00c411bb7e4f2625c707de7,0.082,,,
1955,2026-08-07,SZ000630,-0.0035494045109842826,EXP_CatBoostModel_Alpha158_csi300_custom_step0_s_20260808_15,29861ba1b00c411bb7e4f2625c707de7,0.082,,,
1956,2026-08-07,SZ000651,0.00047454022608921893,EXP_CatBoostModel_Alpha158_csi300_custom_step0_s_20260808_15,29861ba1b00c411bb7e4f2625c707de7,0.082,,,
1957,2026-08-07,SZ000657,8.199282846193246e-05,EXP_CatBoostModel_Alpha158_csi300_custom_step0_s_20260808_15,29861ba1b00c411bb7e4f2625c707de7,0.082,,,
1958,2026-08-07,SZ000002,0.00047454022608921893,EXP_CatBoostModel_Alpha158_csi300_custom_step0_s_20260808_15,29861ba1b00c411bb7e4f2625c707de7,0.082,,,
1959,2026-08-07,SZ000708,-0.000994145605568867,EXP_CatBoostModel_Alpha158_csi300_custom_step0_s_20260808_15,29861ba1b00c411bb7e4f2625c707de7,0.082,,,
1960,2026-08-07,SZ000001,0.00047454022608921893,EXP_CatBoostModel_Alpha158_csi300_custom_step0_s_20260808_15,29861ba1b00c411bb7e4f2625c707de7,0.082,,,
1961,2026-08-07,SH688521,0.013852024591619166,EXP_CatBoostModel_Alpha158_csi300_custom_step0_s_20260808_15,29861ba1b00c411bb7e4f2625c707de7,0.082,,,
1962,2026-08-07,SH688009,0.00047454022608921893,EXP_CatBoostModel_Alpha158_csi300_custom_step0_s_20260808_15,29861ba1b00c411bb7e4f2625c707de7,0.082,,,
1963,2026-08-07,SH688012,8.199282846193246e-05,EXP_CatBoostModel_Alpha158_csi300_custom_step0_s_20260808_15,29861ba1b00c411bb7e4f2625c707de7,0.082,,,
1964,2026-08-07,SH688036,-0.000994145605568867,EXP_CatBoostModel_Alpha158_csi300_custom_step0_s_20260808_15,29861ba1b00c411bb7e4f2625c707de7,0.082,,,
1965,2026-08-07,SH688041,8.199282846193246e-05,EXP_CatBoostModel_Alpha158_csi300_custom_step0_s_20260808_15,29861ba1b00c411bb7e4f2625c707de7,0.082,,,
1966,2026-08-07,SH688047,0.00047454022608921893,EXP_CatBoostModel_Alpha158_csi300_custom_step0_s_20260808_15,29861ba1b00c411bb7e4f2625c707de7,0.082,,,
1967,2026-08-07,SH688072,0.002724221385596586,EXP_CatBoostModel_Alpha158_csi300_custom_step0_s_20260808_15,29861ba1b00c411bb7e4f2625c707de7,0.082,,,
1968,2026-08-07,SH688082,0.002724221385596586,EXP_CatBoostModel_Alpha158_csi300_custom_step0_s_20260808_15,29861ba1b00c411bb7e4f2625c707de7,0.082,,,
1969,2026-08-07,SH688111,-0.000994145605568867,EXP_CatBoostModel_Alpha158_csi300_custom_step0_s_20260808_15,29861ba1b00c411bb7e4f2625c707de7,0.082,,,
1970,2026-08-07,SH688126,0.002724221385596586,EXP_CatBoostModel_Alpha158_csi300_custom_step0_s_20260808_15,29861ba1b00c411bb7e4f2625c707de7,0.082,,,
1971,2026-08-07,SH688183,0.004696121704226958,EXP_CatBoostModel_Alpha158_csi300_custom_step0_s_20260808_15,29861ba1b00c411bb7e4f2625c707de7,0.082,,,
1972,2026-08-07,SH688223,-0.0012716037454119737,EXP_CatBoostModel_Alpha158_csi300_custom_step0_s_20260808_15,29861ba1b00c411bb7e4f2625c707de7,0.082,,,
1973,2026-08-07,SH688256,8.199282846193246e-05,EXP_CatBoostModel_Alpha158_csi300_custom_step0_s_20260808_15,29861ba1b00c411bb7e4f2625c707de7,0.082,,,
1974,2026-08-07,SH688271,-0.0035494045109842826,EXP_CatBoostModel_Alpha158_csi300_custom_step0_s_20260808_15,29861ba1b00c411bb7e4f2625c707de7,0.082,,,
1975,2026-08-07,SH688303,-0.000994145605568867,EXP_CatBoostModel_Alpha158_csi300_custom_step0_s_20260808_15,29861ba1b00c411bb7e4f2625c707de7,0.082,,,
1976,2026-08-07,SH688396,8.199282846193246e-05,EXP_CatBoostModel_Alpha158_csi300_custom_step0_s_20260808_15,29861ba1b00c411bb7e4f2625c707de7,0.082,,,
1977,2026-08-07,SH688472,-0.0012716037454119737,EXP_CatBoostModel_Alpha158_csi300_custom_step0_s_20260808_15,29861ba1b00c411bb7e4f2625c707de7,0.082,,,
1978,2026-08-07,SH688506,-0.0019341973299112519,EXP_CatBoostModel_Alpha158_csi300_custom_step0_s_20260808_15,29861ba1b00c411bb7e4f2625c707de7,0.082,,,
1979,2026-08-07,SH688981,8.199282846193246e-05,EXP_CatBoostModel_Alpha158_csi300_custom_step0_s_20260808_15,29861ba1b00c411bb7e4f2625c707de7,0.082,,,
1980,2026-08-07,SZ000725,8.199282846193246e-05,EXP_CatBoostModel_Alpha158_csi300_custom_step0_s_20260808_15,29861ba1b00c411bb7e4f2625c707de7,0.082,,,
1981,2026-08-07,SZ000768,0.0032229527373876126,EXP_CatBoostModel_Alpha158_csi300_custom_step0_s_20260808_15,29861ba1b00c411bb7e4f2625c707de7,0.082,,,
1982,2026-08-07,SZ000776,8.199282846193246e-05,EXP_CatBoostModel_Alpha158_csi300_custom_step0_s_20260808_15,29861ba1b00c411bb7e4f2625c707de7,0.082,,,
1983,2026-08-07,SZ002202,-0.0012716037454119737,EXP_CatBoostModel_Alpha158_csi300_custom_step0_s_20260808_15,29861ba1b00c411bb7e4f2625c707de7,0.082,,,
1984,2026-08-07,SZ002230,0.00047454022608921893,EXP_CatBoostModel_Alpha158_csi300_custom_step0_s_20260808_15,29861ba1b00c411bb7e4f2625c707de7,0.082,,,
1985,2026-08-07,SZ002236,0.0019807477940957936,EXP_CatBoostModel_Alpha158_csi300_custom_step0_s_20260808_15,29861ba1b00c411bb7e4f2625c707de7,0.082,,,
1986,2026-08-07,SZ002241,0.00047454022608921893,EXP_CatBoostModel_Alpha158_csi300_custom_step0_s_20260808_15,29861ba1b00c411bb7e4f2625c707de7,0.082,,,
1987,2026-08-07,SZ002304,-0.000994145605568867,EXP_CatBoostModel_Alpha158_csi300_custom_step0_s_20260808_15,29861ba1b00c411bb7e4f2625c707de7,0.082,,,
1988,2026-08-07,SZ002311,-0.000994145605568867,EXP_CatBoostModel_Alpha158_csi300_custom_step0_s_20260808_15,29861ba1b00c411bb7e4f2625c707de7,0.082,,,
1989,2026-08-07,SZ002352,-0.000994145605568867,EXP_CatBoostModel_Alpha158_csi300_custom_step0_s_20260808_15,29861ba1b00c411bb7e4f2625c707de7,0.082,,,
1990,2026-08-07,SZ002353,-0.000994145605568867,EXP_CatBoostModel_Alpha158_csi300_custom_step0_s_20260808_15,29861ba1b00c411bb7e4f2625c707de7,0.082,,,
1991,2026-08-07,SZ002371,8.199282846193246e-05,EXP_CatBoostModel_Alpha158_csi300_custom_step0_s_20260808_15,29861ba1b00c411bb7e4f2625c707de7,0.082,,,
1992,2026-08-07,SZ002384,0.08695578473582141,EXP_CatBoostModel_Alpha158_csi300_custom_step0_s_20260808_15,29861ba1b00c411bb7e4f2625c707de7,0.082,,,
1993,2026-08-07,SZ002415,0.00047454022608921893,EXP_CatBoostModel_Alpha158_csi300_custom_step0_s_20260808_15,29861ba1b00c411bb7e4f2625c707de7,0.082,,,
1994,2026-08-07,SZ002422,-0.0035494045109842826,EXP_CatBoostModel_Alpha158_csi300_custom_step0_s_20260808_15,29861ba1b00c411bb7e4f2625c707de7,0.082,,,
1995,2026-08-07,SZ002460,8.199282846193246e-05,EXP_CatBoostModel_Alpha158_csi300_custom_step0_s_20260808_15,29861ba1b00c411bb7e4f2625c707de7,0.082,,,
1996,2026-08-07,SZ002463,8.199282846193246e-05,EXP_CatBoostModel_Alpha158_csi300_custom_step0_s_20260808_15,29861ba1b00c411bb7e4f2625c707de7,0.082,,,
1997,2026-08-07,SZ002466,-0.000994145605568867,EXP_CatBoostModel_Alpha158_csi300_custom_step0_s_20260808_15,29861ba1b00c411bb7e4f2625c707de7,0.082,,,
1998,2026-08-07,SZ002475,8.199282846193246e-05,EXP_CatBoostModel_Alpha158_csi300_custom_step0_s_20260808_15,29861ba1b00c411bb7e4f2625c707de7,0.082,,,
1999,2026-08-07,SZ002493,-0.0019341973299112519,EXP_CatBoostModel_Alpha158_csi300_custom_step0_s_20260808_15,29861ba1b00c411bb7e4f2625c707de7,0.082,,,
2000,2026-08-07,SZ002179,8.199282846193246e-05,EXP_CatBoostModel_Alpha158_csi300_custom_step0_s_20260808_15,29861ba1b00c411bb7e4f2625c707de7,0.082,,,
2001,2026-08-07,SZ002142,0.00047454022608921893,EXP_CatBoostModel_Alpha158_csi300_custom_step0_s_20260808_15,29861ba1b00c411bb7e4f2625c707de7,0.082,,,
2002,2026-08-07,SZ002074,0.00047454022608921893,EXP_CatBoostModel_Alpha158_csi300_custom_step0_s_20260808_15,29861ba1b00c411bb7e4f2625c707de7,0.082,,,
2003,2026-08-07,SZ002050,8.199282846193246e-05,EXP_CatBoostModel_Alpha158_csi300_custom_step0_s_20260808_15,29861ba1b00c411bb7e4f2625c707de7,0.082,,,
2004,2026-08-07,SZ000792,-0.0012716037454119737,EXP_CatBoostModel_Alpha158_csi300_custom_step0_s_20260808_15,29861ba1b00c411bb7e4f2625c707de7,0.082,,,
2005,2026-08-07,SZ000807,-0.0019341973299112519,EXP_CatBoostModel_Alpha158_csi300_custom_step0_s_20260808_15,29861ba1b00c411bb7e4f2625c707de7,0.082,,,
2006,2026-08-07,SZ000858,-0.000994145605568867,EXP_CatBoostModel_Alpha158_csi300_custom_step0_s_20260808_15,29861ba1b00c411bb7e4f2625c707de7,0.082,,,
2007,2026-08-07,SZ000895,-0.000994145605568867,EXP_CatBoostModel_Alpha158_csi300_custom_step0_s_20260808_15,29861ba1b00c411bb7e4f2625c707de7,0.082,,,
2008,2026-08-07,SZ000938,-0.0019341973299112519,EXP_CatBoostModel_Alpha158_csi300_custom_step0_s_20260808_15,29861ba1b00c411bb7e4f2625c707de7,0.082,,,
2009,2026-08-07,SZ000963,-0.0035494045109842826,EXP_CatBoostModel_Alpha158_csi300_custom_step0_s_20260808_15,29861ba1b00c411bb7e4f2625c707de7,0.082,,,
2010,2026-08-07,SZ000975,-0.0035494045109842826,EXP_CatBoostModel_Alpha158_csi300_custom_step0_s_20260808_15,29861ba1b00c411bb7e4f2625c707de7,0.082,,,
2011,2026-08-07,SZ000977,-0.0019341973299112519,EXP_CatBoostModel_Alpha158_csi300_custom_step0_s_20260808_15,29861ba1b00c411bb7e4f2625c707de7,0.082,,,
2012,2026-08-07,SH605499,-0.0019341973299112519,EXP_CatBoostModel_Alpha158_csi300_custom_step0_s_20260808_15,29861ba1b00c411bb7e4f2625c707de7,0.082,,,
2013,2026-08-07,SZ000988,0.08695578473582141,EXP_CatBoostModel_Alpha158_csi300_custom_step0_s_20260808_15,29861ba1b00c411bb7e4f2625c707de7,0.082,,,
2014,2026-08-07,SZ001280,-0.0012716037454119737,EXP_CatBoostModel_Alpha158_csi300_custom_step0_s_20260808_15,29861ba1b00c411bb7e4f2625c707de7,0.082,,,
2015,2026-08-07,SZ001391,0.001892631211450264,EXP_CatBoostModel_Alpha158_csi300_custom_step0_s_20260808_15,29861ba1b00c411bb7e4f2625c707de7,0.082,,,
2016,2026-08-07,SZ001965,-0.000994145605568867,EXP_CatBoostModel_Alpha158_csi300_custom_step0_s_20260808_15,29861ba1b00c411bb7e4f2625c707de7,0.082,,,
2017,2026-08-07,SZ001979,-0.0019341973299112519,EXP_CatBoostModel_Alpha158_csi300_custom_step0_s_20260808_15,29861ba1b00c411bb7e4f2625c707de7,0.082,,,
2018,2026-08-07,SZ002001,-0.0012716037454119737,EXP_CatBoostModel_Alpha158_csi300_custom_step0_s_20260808_15,29861ba1b00c411bb7e4f2625c707de7,0.082,,,
2019,2026-08-07,SZ002027,-0.0019341973299112519,EXP_CatBoostModel_Alpha158_csi300_custom_step0_s_20260808_15,29861ba1b00c411bb7e4f2625c707de7,0.082,,,
2020,2026-08-07,SZ002028,-0.0012716037454119737,EXP_CatBoostModel_Alpha158_csi300_custom_step0_s_20260808_15,29861ba1b00c411bb7e4f2625c707de7,0.082,,,
2021,2026-08-07,SZ002049,8.199282846193246e-05,EXP_CatBoostModel_Alpha158_csi300_custom_step0_s_20260808_15,29861ba1b00c411bb7e4f2625c707de7,0.082,,,
2022,2026-08-07,SZ000999,-0.0019341973299112519,EXP_CatBoostModel_Alpha158_csi300_custom_step0_s_20260808_15,29861ba1b00c411bb7e4f2625c707de7,0.082,,,
2023,2026-08-07,SH600900,1.215677688146426e-10,EXP_LGBModel_Alpha158_csi300_custom_step0_s_20260808_14,7f1866eb1cb64046aef890ac6897c6b4,0.089,,,
2024,2026-08-07,SH600905,0.0017832429341256022,EXP_LGBModel_Alpha158_csi300_custom_step0_s_20260808_14,7f1866eb1cb64046aef890ac6897c6b4,0.089,,,
2025,2026-08-07,SH600918,1.215677688146426e-10,EXP_LGBModel_Alpha158_csi300_custom_step0_s_20260808_14,7f1866eb1cb64046aef890ac6897c6b4,0.089,,,
2026,2026-08-07,SZ000988,0.004450979487149005,EXP_LGBModel_Alpha158_csi300_custom_step0_s_20260808_14,60e65baeeac045d49538dc55b66568f6,0.16,,,
2027,2026-08-07,SZ000999,0.0010946508436319399,EXP_LGBModel_Alpha158_csi300_custom_step0_s_20260808_14,60e65baeeac045d49538dc55b66568f6,0.16,,,
2028,2026-08-07,SZ001280,-0.0063181018993093575,EXP_LGBModel_Alpha158_csi300_custom_step0_s_20260808_14,60e65baeeac045d49538dc55b66568f6,0.16,,,
2029,2026-08-07,SZ001391,-1.8693429972699314e-10,EXP_LGBModel_Alpha158_csi300_custom_step0_s_20260808_14,60e65baeeac045d49538dc55b66568f6,0.16,,,
2030,2026-08-07,SZ001965,-0.0031140595128186887,EXP_LGBModel_Alpha158_csi300_custom_step0_s_20260808_14,60e65baeeac045d49538dc55b66568f6,0.16,,,
2031,2026-08-07,SZ001979,-1.8693429972699314e-10,EXP_LGBModel_Alpha158_csi300_custom_step0_s_20260808_14,60e65baeeac045d49538dc55b66568f6,0.16,,,
2032,2026-08-07,SZ002001,-0.0022623729428700645,EXP_LGBModel_Alpha158_csi300_custom_step0_s_20260808_14,60e65baeeac045d49538dc55b66568f6,0.16,,,
2033,2026-08-07,SZ002027,-0.007614543724536068,EXP_LGBModel_Alpha158_csi300_custom_step0_s_20260808_14,60e65baeeac045d49538dc55b66568f6,0.16,,,
2034,2026-08-07,SZ002028,-0.003625394025180687,EXP_LGBModel_Alpha158_csi300_custom_step0_s_20260808_14,60e65baeeac045d49538dc55b66568f6,0.16,,,
2035,2026-08-07,SZ002049,0.005026982450037913,EXP_LGBModel_Alpha158_csi300_custom_step0_s_20260808_14,60e65baeeac045d49538dc55b66568f6,0.16,,,
2036,2026-08-07,SZ002050,-0.0009826948249716915,EXP_LGBModel_Alpha158_csi300_custom_step0_s_20260808_14,60e65baeeac045d49538dc55b66568f6,0.16,,,
2037,2026-08-07,SZ002074,-0.004608088663218079,EXP_LGBModel_Alpha158_csi300_custom_step0_s_20260808_14,60e65baeeac045d49538dc55b66568f6,0.16,,,
2038,2026-08-07,SZ002142,0.007373217711482957,EXP_LGBModel_Alpha158_csi300_custom_step0_s_20260808_14,60e65baeeac045d49538dc55b66568f6,0.16,,,
2039,2026-08-07,SZ002179,0.014320984720906454,EXP_LGBModel_Alpha158_csi300_custom_step0_s_20260808_14,60e65baeeac045d49538dc55b66568f6,0.16,,,
2040,2026-08-07,SZ002202,0.004450979487149005,EXP_LGBModel_Alpha158_csi300_custom_step0_s_20260808_14,60e65baeeac045d49538dc55b66568f6,0.16,,,
2041,2026-08-07,SZ002230,-0.001780794618371385,EXP_LGBModel_Alpha158_csi300_custom_step0_s_20260808_14,60e65baeeac045d49538dc55b66568f6,0.16,,,
2042,2026-08-07,SZ002236,-0.0008844123150005302,EXP_LGBModel_Alpha158_csi300_custom_step0_s_20260808_14,60e65baeeac045d49538dc55b66568f6,0.16,,,
2043,2026-08-07,SZ000977,0.005026982450037913,EXP_LGBModel_Alpha158_csi300_custom_step0_s_20260808_14,60e65baeeac045d49538dc55b66568f6,0.16,,,
2044,2026-08-07,SZ002241,-0.0009826948249716915,EXP_LGBModel_Alpha158_csi300_custom_step0_s_20260808_14,60e65baeeac045d49538dc55b66568f6,0.16,,,
2045,2026-08-07,SZ000975,-0.0004286289336359613,EXP_LGBModel_Alpha158_csi300_custom_step0_s_20260808_14,60e65baeeac045d49538dc55b66568f6,0.16,,,
2046,2026-08-07,SZ000938,0.014320984720906454,EXP_LGBModel_Alpha158_csi300_custom_step0_s_20260808_14,60e65baeeac045d49538dc55b66568f6,0.16,,,
2047,2026-08-07,SZ000425,-0.008449466587156354,EXP_LGBModel_Alpha158_csi300_custom_step0_s_20260808_14,60e65baeeac045d49538dc55b66568f6,0.16,,,
2048,2026-08-07,SZ000538,0.002643817911332112,EXP_LGBModel_Alpha158_csi300_custom_step0_s_20260808_14,60e65baeeac045d49538dc55b66568f6,0.16,,,
2049,2026-08-07,SZ000568,-0.0057906031692027075,EXP_LGBModel_Alpha158_csi300_custom_step0_s_20260808_14,60e65baeeac045d49538dc55b66568f6,0.16,,,
2050,2026-08-07,SZ000596,-0.0057906031692027075,EXP_LGBModel_Alpha158_csi300_custom_step0_s_20260808_14,60e65baeeac045d49538dc55b66568f6,0.16,,,
2051,2026-08-07,SZ000617,-0.0025022829728446197,EXP_LGBModel_Alpha158_csi300_custom_step0_s_20260808_14,60e65baeeac045d49538dc55b66568f6,0.16,,,
2052,2026-08-07,SZ000625,-0.006739453351065076,EXP_LGBModel_Alpha158_csi300_custom_step0_s_20260808_14,60e65baeeac045d49538dc55b66568f6,0.16,,,
2053,2026-08-07,SZ000630,-1.8693429972699314e-10,EXP_LGBModel_Alpha158_csi300_custom_step0_s_20260808_14,60e65baeeac045d49538dc55b66568f6,0.16,,,
2054,2026-08-07,SZ000651,-0.0009826948249716915,EXP_LGBModel_Alpha158_csi300_custom_step0_s_20260808_14,60e65baeeac045d49538dc55b66568f6,0.16,,,
2055,2026-08-07,SZ000657,-0.0004286289336359613,EXP_LGBModel_Alpha158_csi300_custom_step0_s_20260808_14,60e65baeeac045d49538dc55b66568f6,0.16,,,
2056,2026-08-07,SZ000708,0.0018445992198750025,EXP_LGBModel_Alpha158_csi300_custom_step0_s_20260808_14,60e65baeeac045d49538dc55b66568f6,0.16,,,
2057,2026-08-07,SZ000725,0.005026982450037913,EXP_LGBModel_Alpha158_csi300_custom_step0_s_20260808_14,60e65baeeac045d49538dc55b66568f6,0.16,,,
2058,2026-08-07,SZ000768,0.0001154642197375177,EXP_LGBModel_Alpha158_csi300_custom_step0_s_20260808_14,60e65baeeac045d49538dc55b66568f6,0.16,,,
2059,2026-08-07,SZ000776,-0.004608088663218079,EXP_LGBModel_Alpha158_csi300_custom_step0_s_20260808_14,60e65baeeac045d49538dc55b66568f6,0.16,,,
2060,2026-08-07,SZ000792,-0.0031140595128186887,EXP_LGBModel_Alpha158_csi300_custom_step0_s_20260808_14,60e65baeeac045d49538dc55b66568f6,0.16,,,
2061,2026-08-07,SZ000807,0.0018445992198750025,EXP_LGBModel_Alpha158_csi300_custom_step0_s_20260808_14,60e65baeeac045d49538dc55b66568f6,0.16,,,
2062,2026-08-07,SZ000858,-0.006739453351065076,EXP_LGBModel_Alpha158_csi300_custom_step0_s_20260808_14,60e65baeeac045d49538dc55b66568f6,0.16,,,
2063,2026-08-07,SZ000895,0.002384622705393297,EXP_LGBModel_Alpha158_csi300_custom_step0_s_20260808_14,60e65baeeac045d49538dc55b66568f6,0.16,,,
2064,2026-08-07,SZ000963,-0.0034908078544626632,EXP_LGBModel_Alpha158_csi300_custom_step0_s_20260808_14,60e65baeeac045d49538dc55b66568f6,0.16,,,
2065,2026-08-07,SZ000408,0.006302868364925844,EXP_LGBModel_Alpha158_csi300_custom_step0_s_20260808_14,60e65baeeac045d49538dc55b66568f6,0.16,,,
2066,2026-08-07,SZ002304,-0.005887766781116452,EXP_LGBModel_Alpha158_csi300_custom_step0_s_20260808_14,60e65baeeac045d49538dc55b66568f6,0.16,,,
2067,2026-08-07,SZ002352,0.002179132494852438,EXP_LGBModel_Alpha158_csi300_custom_step0_s_20260808_14,60e65baeeac045d49538dc55b66568f6,0.16,,,
2068,2026-08-07,SZ002916,-0.0004286289336359613,EXP_LGBModel_Alpha158_csi300_custom_step0_s_20260808_14,60e65baeeac045d49538dc55b66568f6,0.16,,,
2069,2026-08-07,SZ002920,-0.0025022829728446197,EXP_LGBModel_Alpha158_csi300_custom_step0_s_20260808_14,60e65baeeac045d49538dc55b66568f6,0.16,,,
2070,2026-08-07,SZ002938,-0.008449466587156354,EXP_LGBModel_Alpha158_csi300_custom_step0_s_20260808_14,60e65baeeac045d49538dc55b66568f6,0.16,,,
2071,2026-08-07,SZ003816,-0.0034908078544626632,EXP_LGBModel_Alpha158_csi300_custom_step0_s_20260808_14,60e65baeeac045d49538dc55b66568f6,0.16,,,
2072,2026-08-07,SZ300014,-0.00025652235277401727,EXP_LGBModel_Alpha158_csi300_custom_step0_s_20260808_14,60e65baeeac045d49538dc55b66568f6,0.16,,,
2073,2026-08-07,SZ300015,-0.00759778001720773,EXP_LGBModel_Alpha158_csi300_custom_step0_s_20260808_14,60e65baeeac045d49538dc55b66568f6,0.16,,,
2074,2026-08-07,SZ300033,-0.006739453351065076,EXP_LGBModel_Alpha158_csi300_custom_step0_s_20260808_14,60e65baeeac045d49538dc55b66568f6,0.16,,,
2075,2026-08-07,SZ300059,0.007373217711482957,EXP_LGBModel_Alpha158_csi300_custom_step0_s_20260808_14,60e65baeeac045d49538dc55b66568f6,0.16,,,
2076,2026-08-07,SZ300122,0.0018445992198750025,EXP_LGBModel_Alpha158_csi300_custom_step0_s_20260808_14,60e65baeeac045d49538dc55b66568f6,0.16,,,
2077,2026-08-07,SZ300124,-0.00759778001720773,EXP_LGBModel_Alpha158_csi300_custom_step0_s_20260808_14,60e65baeeac045d49538dc55b66568f6,0.16,,,
2078,2026-08-07,SZ300251,-0.004608088663218079,EXP_LGBModel_Alpha158_csi300_custom_step0_s_20260808_14,60e65baeeac045d49538dc55b66568f6,0.16,,,
2079,2026-08-07,SZ300274,0.009906590870822879,EXP_LGBModel_Alpha158_csi300_custom_step0_s_20260808_14,60e65baeeac045d49538dc55b66568f6,0.16,,,
2080,2026-08-07,SZ300308,0.014320984720906454,EXP_LGBModel_Alpha158_csi300_custom_step0_s_20260808_14,60e65baeeac045d49538dc55b66568f6,0.16,,,
2081,2026-08-07,SZ300316,-1.8693429972699314e-10,EXP_LGBModel_Alpha158_csi300_custom_step0_s_20260808_14,60e65baeeac045d49538dc55b66568f6,0.16,,,
2082,2026-08-07,SZ300394,0.004879608233850667,EXP_LGBModel_Alpha158_csi300_custom_step0_s_20260808_14,60e65baeeac045d49538dc55b66568f6,0.16,,,
2083,2026-08-07,SZ300408,0.004450979487149005,EXP_LGBModel_Alpha158_csi300_custom_step0_s_20260808_14,60e65baeeac045d49538dc55b66568f6,0.16,,,
2084,2026-08-07,SZ300413,-0.003625394025180687,EXP_LGBModel_Alpha158_csi300_custom_step0_s_20260808_14,60e65baeeac045d49538dc55b66568f6,0.16,,,
2085,2026-08-07,SZ002837,-0.0004286289336359613,EXP_LGBModel_Alpha158_csi300_custom_step0_s_20260808_14,60e65baeeac045d49538dc55b66568f6,0.16,,,
2086,2026-08-07,SZ002311,-1.8693429972699314e-10,EXP_LGBModel_Alpha158_csi300_custom_step0_s_20260808_14,60e65baeeac045d49538dc55b66568f6,0.16,,,
2087,2026-08-07,SZ002736,0.002643817911332112,EXP_LGBModel_Alpha158_csi300_custom_step0_s_20260808_14,60e65baeeac045d49538dc55b66568f6,0.16,,,
2088,2026-08-07,SZ002709,0.014320984720906454,EXP_LGBModel_Alpha158_csi300_custom_step0_s_20260808_14,60e65baeeac045d49538dc55b66568f6,0.16,,,
2089,2026-08-07,SZ002353,0.004414393663149276,EXP_LGBModel_Alpha158_csi300_custom_step0_s_20260808_14,60e65baeeac045d49538dc55b66568f6,0.16,,,
2090,2026-08-07,SZ002371,0.009294002083934242,EXP_LGBModel_Alpha158_csi300_custom_step0_s_20260808_14,60e65baeeac045d49538dc55b66568f6,0.16,,,
2091,2026-08-07,SZ002384,0.004450979487149005,EXP_LGBModel_Alpha158_csi300_custom_step0_s_20260808_14,60e65baeeac045d49538dc55b66568f6,0.16,,,
2092,2026-08-07,SZ002415,-0.0024051193609308744,EXP_LGBModel_Alpha158_csi300_custom_step0_s_20260808_14,60e65baeeac045d49538dc55b66568f6,0.16,,,
2093,2026-08-07,SZ002422,-0.008449466587156354,EXP_LGBModel_Alpha158_csi300_custom_step0_s_20260808_14,60e65baeeac045d49538dc55b66568f6,0.16,,,
2094,2026-08-07,SZ002460,0.014320984720906454,EXP_LGBModel_Alpha158_csi300_custom_step0_s_20260808_14,60e65baeeac045d49538dc55b66568f6,0.16,,,
2095,2026-08-07,SZ002463,-0.0004286289336359613,EXP_LGBModel_Alpha158_csi300_custom_step0_s_20260808_14,60e65baeeac045d49538dc55b66568f6,0.16,,,
2096,2026-08-07,SZ002466,0.014320984720906454,EXP_LGBModel_Alpha158_csi300_custom_step0_s_20260808_14,60e65baeeac045d49538dc55b66568f6,0.16,,,
2097,2026-08-07,SZ002475,-0.0031140595128186887,EXP_LGBModel_Alpha158_csi300_custom_step0_s_20260808_14,60e65baeeac045d49538dc55b66568f6,0.16,,,
2098,2026-08-07,SZ002493,-0.0016836310064576396,EXP_LGBModel_Alpha158_csi300_custom_step0_s_20260808_14,60e65baeeac045d49538dc55b66568f6,0.16,,,
2099,2026-08-07,SZ002532,-1.8693429972699314e-10,EXP_LGBModel_Alpha158_csi300_custom_step0_s_20260808_14,60e65baeeac045d49538dc55b66568f6,0.16,,,
2100,2026-08-07,SZ002558,-1.8693429972699314e-10,EXP_LGBModel_Alpha158_csi300_custom_step0_s_20260808_14,60e65baeeac045d49538dc55b66568f6,0.16,,,
2101,2026-08-07,SZ002594,-0.006739453351065076,EXP_LGBModel_Alpha158_csi300_custom_step0_s_20260808_14,60e65baeeac045d49538dc55b66568f6,0.16,,,
2102,2026-08-07,SZ002600,-1.8693429972699314e-10,EXP_LGBModel_Alpha158_csi300_custom_step0_s_20260808_14,60e65baeeac045d49538dc55b66568f6,0.16,,,
2103,2026-08-07,SZ002602,-0.0063181018993093575,EXP_LGBModel_Alpha158_csi300_custom_step0_s_20260808_14,60e65baeeac045d49538dc55b66568f6,0.16,,,
2104,2026-08-07,SZ002625,-1.8693429972699314e-10,EXP_LGBModel_Alpha158_csi300_custom_step0_s_20260808_14,60e65baeeac045d49538dc55b66568f6,0.16,,,
2105,2026-08-07,SZ002648,-0.0022623729428700645,EXP_LGBModel_Alpha158_csi300_custom_step0_s_20260808_14,60e65baeeac045d49538dc55b66568f6,0.16,,,
2106,2026-08-07,SZ002714,-3.883185602943833e-05,EXP_LGBModel_Alpha158_csi300_custom_step0_s_20260808_14,60e65baeeac045d49538dc55b66568f6,0.16,,,
2107,2026-08-07,SZ000338,-0.0031140595128186887,EXP_LGBModel_Alpha158_csi300_custom_step0_s_20260808_14,60e65baeeac045d49538dc55b66568f6,0.16,,,
2108,2026-08-07,SZ000333,0.0018445992198750025,EXP_LGBModel_Alpha158_csi300_custom_step0_s_20260808_14,60e65baeeac045d49538dc55b66568f6,0.16,,,
2109,2026-08-07,SZ000301,-0.004319850272182494,EXP_LGBModel_Alpha158_csi300_custom_step0_s_20260808_14,60e65baeeac045d49538dc55b66568f6,0.16,,,
2110,2026-08-07,SH601818,0.002643817911332112,EXP_LGBModel_Alpha158_csi300_custom_step0_s_20260808_14,60e65baeeac045d49538dc55b66568f6,0.16,,,
2111,2026-08-07,SH601825,-0.006642289739151331,EXP_LGBModel_Alpha158_csi300_custom_step0_s_20260808_14,60e65baeeac045d49538dc55b66568f6,0.16,,,
2112,2026-08-07,SH601838,0.002643817911332112,EXP_LGBModel_Alpha158_csi300_custom_step0_s_20260808_14,60e65baeeac045d49538dc55b66568f6,0.16,,,
2113,2026-08-07,SH601857,-0.00346816370223387,EXP_LGBModel_Alpha158_csi300_custom_step0_s_20260808_14,60e65baeeac045d49538dc55b66568f6,0.16,,,
2114,2026-08-07,SH601868,0.0007261722852633745,EXP_LGBModel_Alpha158_csi300_custom_step0_s_20260808_14,60e65baeeac045d49538dc55b66568f6,0.16,,,
2115,2026-08-07,SH601872,-0.0031140595128186887,EXP_LGBModel_Alpha158_csi300_custom_step0_s_20260808_14,60e65baeeac045d49538dc55b66568f6,0.16,,,
2116,2026-08-07,SH601877,0.0011231108654017677,EXP_LGBModel_Alpha158_csi300_custom_step0_s_20260808_14,60e65baeeac045d49538dc55b66568f6,0.16,,,
2117,2026-08-07,SH601878,0.007373217711482957,EXP_LGBModel_Alpha158_csi300_custom_step0_s_20260808_14,60e65baeeac045d49538dc55b66568f6,0.16,,,
2118,2026-08-07,SH601881,0.007373217711482957,EXP_LGBModel_Alpha158_csi300_custom_step0_s_20260808_14,60e65baeeac045d49538dc55b66568f6,0.16,,,
2119,2026-08-07,SH601888,-0.0057906031692027075,EXP_LGBModel_Alpha158_csi300_custom_step0_s_20260808_14,60e65baeeac045d49538dc55b66568f6,0.16,,,
2120,2026-08-07,SH601898,-0.003625394025180687,EXP_LGBModel_Alpha158_csi300_custom_step0_s_20260808_14,60e65baeeac045d49538dc55b66568f6,0.16,,,
2121,2026-08-07,SH601899,0.0013442096322321523,EXP_LGBModel_Alpha158_csi300_custom_step0_s_20260808_14,60e65baeeac045d49538dc55b66568f6,0.16,,,
2122,2026-08-07,SH601901,0.004729399613216545,EXP_LGBModel_Alpha158_csi300_custom_step0_s_20260808_14,60e65baeeac045d49538dc55b66568f6,0.16,,,
2123,2026-08-07,SH601916,-0.0016836310064576396,EXP_LGBModel_Alpha158_csi300_custom_step0_s_20260808_14,60e65baeeac045d49538dc55b66568f6,0.16,,,
2124,2026-08-07,SH601919,0.00246702685728078,EXP_LGBModel_Alpha158_csi300_custom_step0_s_20260808_14,60e65baeeac045d49538dc55b66568f6,0.16,,,
2125,2026-08-07,SH601939,0.0018445992198750025,EXP_LGBModel_Alpha158_csi300_custom_step0_s_20260808_14,60e65baeeac045d49538dc55b66568f6,0.16,,,
2126,2026-08-07,SH601985,0.007373217711482957,EXP_LGBModel_Alpha158_csi300_custom_step0_s_20260808_14,60e65baeeac045d49538dc55b66568f6,0.16,,,
2127,2026-08-07,SH601816,0.00246702685728078,EXP_LGBModel_Alpha158_csi300_custom_step0_s_20260808_14,60e65baeeac045d49538dc55b66568f6,0.16,,,
2128,2026-08-07,SH601988,0.002643817911332112,EXP_LGBModel_Alpha158_csi300_custom_step0_s_20260808_14,60e65baeeac045d49538dc55b66568f6,0.16,,,
2129,2026-08-07,SH601800,-0.004945022710231615,EXP_LGBModel_Alpha158_csi300_custom_step0_s_20260808_14,60e65baeeac045d49538dc55b66568f6,0.16,,,
2130,2026-08-07,SH601766,-0.0031140595128186887,EXP_LGBModel_Alpha158_csi300_custom_step0_s_20260808_14,60e65baeeac045d49538dc55b66568f6,0.16,,,
2131,2026-08-07,SH601390,-0.004945022710231615,EXP_LGBModel_Alpha158_csi300_custom_step0_s_20260808_14,60e65baeeac045d49538dc55b66568f6,0.16,,,
2132,2026-08-07,SH601398,-0.0031140595128186887,EXP_LGBModel_Alpha158_csi300_custom_step0_s_20260808_14,60e65baeeac045d49538dc55b66568f6,0.16,,,
2133,2026-08-07,SH601456,0.004729399613216545,EXP_LGBModel_Alpha158_csi300_custom_step0_s_20260808_14,60e65baeeac045d49538dc55b66568f6,0.16,,,
2134,2026-08-07,SH601600,-0.0022623729428700645,EXP_LGBModel_Alpha158_csi300_custom_step0_s_20260808_14,60e65baeeac045d49538dc55b66568f6,0.16,,,
2135,2026-08-07,SH601601,-0.006642289739151331,EXP_LGBModel_Alpha158_csi300_custom_step0_s_20260808_14,60e65baeeac045d49538dc55b66568f6,0.16,,,
2136,2026-08-07,SH601607,0.007373217711482957,EXP_LGBModel_Alpha158_csi300_custom_step0_s_20260808_14,60e65baeeac045d49538dc55b66568f6,0.16,,,
2137,2026-08-07,SH601618,0.0023778369756732825,EXP_LGBModel_Alpha158_csi300_custom_step0_s_20260808_14,60e65baeeac045d49538dc55b66568f6,0.16,,,
2138,2026-08-07,SH601628,-0.0022623729428700645,EXP_LGBModel_Alpha158_csi300_custom_step0_s_20260808_14,60e65baeeac045d49538dc55b66568f6,0.16,,,
2139,2026-08-07,SH601633,-0.008449466587156354,EXP_LGBModel_Alpha158_csi300_custom_step0_s_20260808_14,60e65baeeac045d49538dc55b66568f6,0.16,,,
2140,2026-08-07,SH601658,0.002643817911332112,EXP_LGBModel_Alpha158_csi300_custom_step0_s_20260808_14,60e65baeeac045d49538dc55b66568f6,0.16,,,
2141,2026-08-07,SH601668,0.0013442096322321523,EXP_LGBModel_Alpha158_csi300_custom_step0_s_20260808_14,60e65baeeac045d49538dc55b66568f6,0.16,,,
2142,2026-08-07,SH601669,0.002643817911332112,EXP_LGBModel_Alpha158_csi300_custom_step0_s_20260808_14,60e65baeeac045d49538dc55b66568f6,0.16,,,
2143,2026-08-07,SH601688,-0.002983857716126734,EXP_LGBModel_Alpha158_csi300_custom_step0_s_20260808_14,60e65baeeac045d49538dc55b66568f6,0.16,,,
2144,2026-08-07,SH601689,0.014320984720906454,EXP_LGBModel_Alpha158_csi300_custom_step0_s_20260808_14,60e65baeeac045d49538dc55b66568f6,0.16,,,
2145,2026-08-07,SH601698,-0.0031140595128186887,EXP_LGBModel_Alpha158_csi300_custom_step0_s_20260808_14,60e65baeeac045d49538dc55b66568f6,0.16,,,
2146,2026-08-07,SH601727,-0.004212296208935898,EXP_LGBModel_Alpha158_csi300_custom_step0_s_20260808_14,60e65baeeac045d49538dc55b66568f6,0.16,,,
2147,2026-08-07,SH601728,-0.004212296208935898,EXP_LGBModel_Alpha158_csi300_custom_step0_s_20260808_14,60e65baeeac045d49538dc55b66568f6,0.16,,,
2148,2026-08-07,SH601788,0.007373217711482957,EXP_LGBModel_Alpha158_csi300_custom_step0_s_20260808_14,60e65baeeac045d49538dc55b66568f6,0.16,,,
2149,2026-08-07,SH601995,0.0023515624506089627,EXP_LGBModel_Alpha158_csi300_custom_step0_s_20260808_14,60e65baeeac045d49538dc55b66568f6,0.16,,,
2150,2026-08-07,SH601998,-0.0031140595128186887,EXP_LGBModel_Alpha158_csi300_custom_step0_s_20260808_14,60e65baeeac045d49538dc55b66568f6,0.16,,,
2151,2026-08-07,SH603019,-0.008449466587156354,EXP_LGBModel_Alpha158_csi300_custom_step0_s_20260808_14,60e65baeeac045d49538dc55b66568f6,0.16,,,
2152,2026-08-07,SH688126,-0.0004286289336359613,EXP_LGBModel_Alpha158_csi300_custom_step0_s_20260808_14,60e65baeeac045d49538dc55b66568f6,0.16,,,
2153,2026-08-07,SH688183,0.004450979487149005,EXP_LGBModel_Alpha158_csi300_custom_step0_s_20260808_14,60e65baeeac045d49538dc55b66568f6,0.16,,,
2154,2026-08-07,SH688223,-0.005887766781116452,EXP_LGBModel_Alpha158_csi300_custom_step0_s_20260808_14,60e65baeeac045d49538dc55b66568f6,0.16,,,
2155,2026-08-07,SH688256,0.004879608233850667,EXP_LGBModel_Alpha158_csi300_custom_step0_s_20260808_14,60e65baeeac045d49538dc55b66568f6,0.16,,,
2156,2026-08-07,SH688271,-0.00759778001720773,EXP_LGBModel_Alpha158_csi300_custom_step0_s_20260808_14,60e65baeeac045d49538dc55b66568f6,0.16,,,
2157,2026-08-07,SH688303,-0.005335407261271965,EXP_LGBModel_Alpha158_csi300_custom_step0_s_20260808_14,60e65baeeac045d49538dc55b66568f6,0.16,,,
2158,2026-08-07,SH688396,0.004450979487149005,EXP_LGBModel_Alpha158_csi300_custom_step0_s_20260808_14,60e65baeeac045d49538dc55b66568f6,0.16,,,
2159,2026-08-07,SH688472,-0.0034908078544626632,EXP_LGBModel_Alpha158_csi300_custom_step0_s_20260808_14,60e65baeeac045d49538dc55b66568f6,0.16,,,
2160,2026-08-07,SH688506,-0.006739453351065076,EXP_LGBModel_Alpha158_csi300_custom_step0_s_20260808_14,60e65baeeac045d49538dc55b66568f6,0.16,,,
2161,2026-08-07,SH688521,0.004450979487149005,EXP_LGBModel_Alpha158_csi300_custom_step0_s_20260808_14,60e65baeeac045d49538dc55b66568f6,0.16,,,
2162,2026-08-07,SH688981,0.014320984720906454,EXP_LGBModel_Alpha158_csi300_custom_step0_s_20260808_14,60e65baeeac045d49538dc55b66568f6,0.16,,,
2163,2026-08-07,SZ000001,-0.0057906031692027075,EXP_LGBModel_Alpha158_csi300_custom_step0_s_20260808_14,60e65baeeac045d49538dc55b66568f6,0.16,,,
2164,2026-08-07,SZ000002,-0.004608088663218079,EXP_LGBModel_Alpha158_csi300_custom_step0_s_20260808_14,60e65baeeac045d49538dc55b66568f6,0.16,,,
2165,2026-08-07,SZ000063,-0.0036653445923332416,EXP_LGBModel_Alpha158_csi300_custom_step0_s_20260808_14,60e65baeeac045d49538dc55b66568f6,0.16,,,
2166,2026-08-07,SZ000100,-0.0063181018993093575,EXP_LGBModel_Alpha158_csi300_custom_step0_s_20260808_14,60e65baeeac045d49538dc55b66568f6,0.16,,,
2167,2026-08-07,SZ000157,-0.0022623729428700645,EXP_LGBModel_Alpha158_csi300_custom_step0_s_20260808_14,60e65baeeac045d49538dc55b66568f6,0.16,,,
2168,2026-08-07,SZ000166,0.007373217711482957,EXP_LGBModel_Alpha158_csi300_custom_step0_s_20260808_14,60e65baeeac045d49538dc55b66568f6,0.16,,,
2169,2026-08-07,SH688111,0.00029543215217483045,EXP_LGBModel_Alpha158_csi300_custom_step0_s_20260808_14,60e65baeeac045d49538dc55b66568f6,0.16,,,
2170,2026-08-07,SH688082,0.005026982450037913,EXP_LGBModel_Alpha158_csi300_custom_step0_s_20260808_14,60e65baeeac045d49538dc55b66568f6,0.16,,,
2171,2026-08-07,SH688072,0.014320984720906454,EXP_LGBModel_Alpha158_csi300_custom_step0_s_20260808_14,60e65baeeac045d49538dc55b66568f6,0.16,,,
2172,2026-08-07,SH688047,0.014320984720906454,EXP_LGBModel_Alpha158_csi300_custom_step0_s_20260808_14,60e65baeeac045d49538dc55b66568f6,0.16,,,
2173,2026-08-07,SH603259,-0.0016836310064576396,EXP_LGBModel_Alpha158_csi300_custom_step0_s_20260808_14,60e65baeeac045d49538dc55b66568f6,0.16,,,
2174,2026-08-07,SH603260,0.014320984720906454,EXP_LGBModel_Alpha158_csi300_custom_step0_s_20260808_14,60e65baeeac045d49538dc55b66568f6,0.16,,,
2175,2026-08-07,SH603288,-0.0057906031692027075,EXP_LGBModel_Alpha158_csi300_custom_step0_s_20260808_14,60e65baeeac045d49538dc55b66568f6,0.16,,,
2176,2026-08-07,SH603296,-0.004899138758759885,EXP_LGBModel_Alpha158_csi300_custom_step0_s_20260808_14,60e65baeeac045d49538dc55b66568f6,0.16,,,
2177,2026-08-07,SH603369,-0.005887766781116452,EXP_LGBModel_Alpha158_csi300_custom_step0_s_20260808_14,60e65baeeac045d49538dc55b66568f6,0.16,,,
2178,2026-08-07,SH603392,-0.002279136650198403,EXP_LGBModel_Alpha158_csi300_custom_step0_s_20260808_14,60e65baeeac045d49538dc55b66568f6,0.16,,,
2179,2026-08-07,SH603501,0.0006195527548692898,EXP_LGBModel_Alpha158_csi300_custom_step0_s_20260808_14,60e65baeeac045d49538dc55b66568f6,0.16,,,
2180,2026-08-07,SH603799,-1.8693429972699314e-10,EXP_LGBModel_Alpha158_csi300_custom_step0_s_20260808_14,60e65baeeac045d49538dc55b66568f6,0.16,,,
2181,2026-08-07,SZ300418,-1.8693429972699314e-10,EXP_LGBModel_Alpha158_csi300_custom_step0_s_20260808_14,60e65baeeac045d49538dc55b66568f6,0.16,,,
2182,2026-08-07,SH603893,-0.004899138758759885,EXP_LGBModel_Alpha158_csi300_custom_step0_s_20260808_14,60e65baeeac045d49538dc55b66568f6,0.16,,,
2183,2026-08-07,SH603993,-0.006642289739151331,EXP_LGBModel_Alpha158_csi300_custom_step0_s_20260808_14,60e65baeeac045d49538dc55b66568f6,0.16,,,
2184,2026-08-07,SH605117,-0.005335407261271965,EXP_LGBModel_Alpha158_csi300_custom_step0_s_20260808_14,60e65baeeac045d49538dc55b66568f6,0.16,,,
2185,2026-08-07,SH605499,-0.0034908078544626632,EXP_LGBModel_Alpha158_csi300_custom_step0_s_20260808_14,60e65baeeac045d49538dc55b66568f6,0.16,,,
2186,2026-08-07,SH688008,0.009906590870822879,EXP_LGBModel_Alpha158_csi300_custom_step0_s_20260808_14,60e65baeeac045d49538dc55b66568f6,0.16,,,
2187,2026-08-07,SH688009,-0.0022623729428700645,EXP_LGBModel_Alpha158_csi300_custom_step0_s_20260808_14,60e65baeeac045d49538dc55b66568f6,0.16,,,
2188,2026-08-07,SH688012,0.014320984720906454,EXP_LGBModel_Alpha158_csi300_custom_step0_s_20260808_14,60e65baeeac045d49538dc55b66568f6,0.16,,,
2189,2026-08-07,SH688036,-0.008449466587156354,EXP_LGBModel_Alpha158_csi300_custom_step0_s_20260808_14,60e65baeeac045d49538dc55b66568f6,0.16,,,
2190,2026-08-07,SH688041,0.014320984720906454,EXP_LGBModel_Alpha158_csi300_custom_step0_s_20260808_14,60e65baeeac045d49538dc55b66568f6,0.16,,,
2191,2026-08-07,SH603986,-0.0004286289336359613,EXP_LGBModel_Alpha158_csi300_custom_step0_s_20260808_14,60e65baeeac045d49538dc55b66568f6,0.16,,,
2192,2026-08-07,SH601377,0.007373217711482957,EXP_LGBModel_Alpha158_csi300_custom_step0_s_20260808_14,60e65baeeac045d49538dc55b66568f6,0.16,,,
2193,2026-08-07,SZ300433,0.004450979487149005,EXP_LGBModel_Alpha158_csi300_custom_step0_s_20260808_14,60e65baeeac045d49538dc55b66568f6,0.16,,,
2194,2026-08-07,SZ300450,-0.002983857716126734,EXP_LGBModel_Alpha158_csi300_custom_step0_s_20260808_14,60e65baeeac045d49538dc55b66568f6,0.16,,,
2195,2026-08-07,SH601058,0.040649635509333204,EXP_DEnsembleModel_Alpha158_csi300_custom_step0_s_20260808_13,0b4bd5e028884aeb9893767e8443a1ac,0.142,,,
2196,2026-08-07,SH601059,0.05142541540077752,EXP_DEnsembleModel_Alpha158_csi300_custom_step0_s_20260808_13,0b4bd5e028884aeb9893767e8443a1ac,0.142,,,
2197,2026-08-07,SH601066,-0.03738805631273583,EXP_DEnsembleModel_Alpha158_csi300_custom_step0_s_20260808_13,0b4bd5e028884aeb9893767e8443a1ac,0.142,,,
2198,2026-08-07,SH601077,0.05716546964034219,EXP_DEnsembleModel_Alpha158_csi300_custom_step0_s_20260808_13,0b4bd5e028884aeb9893767e8443a1ac,0.142,,,
2199,2026-08-07,SH601088,-0.0670431166030503,EXP_DEnsembleModel_Alpha158_csi300_custom_step0_s_20260808_13,0b4bd5e028884aeb9893767e8443a1ac,0.142,,,
2200,2026-08-07,SH601100,-0.01608182864220497,EXP_DEnsembleModel_Alpha158_csi300_custom_step0_s_20260808_13,0b4bd5e028884aeb9893767e8443a1ac,0.142,,,
2201,2026-08-07,SH601111,0.10854613934268974,EXP_DEnsembleModel_Alpha158_csi300_custom_step0_s_20260808_13,0b4bd5e028884aeb9893767e8443a1ac,0.142,,,
2202,2026-08-07,SH601117,0.05327149034633587,EXP_DEnsembleModel_Alpha158_csi300_custom_step0_s_20260808_13,0b4bd5e028884aeb9893767e8443a1ac,0.142,,,
2203,2026-08-07,SH601127,0.09611194813652281,EXP_DEnsembleModel_Alpha158_csi300_custom_step0_s_20260808_13,0b4bd5e028884aeb9893767e8443a1ac,0.142,,,
2204,2026-08-07,SH601136,-0.003573465313295108,EXP_DEnsembleModel_Alpha158_csi300_custom_step0_s_20260808_13,0b4bd5e028884aeb9893767e8443a1ac,0.142,,,
2205,2026-08-07,SH601138,0.014353581925959744,EXP_DEnsembleModel_Alpha158_csi300_custom_step0_s_20260808_13,0b4bd5e028884aeb9893767e8443a1ac,0.142,,,
2206,2026-08-07,SH601166,0.0841681235536834,EXP_DEnsembleModel_Alpha158_csi300_custom_step0_s_20260808_13,0b4bd5e028884aeb9893767e8443a1ac,0.142,,,
2207,2026-08-07,SH601169,0.09594039412684872,EXP_DEnsembleModel_Alpha158_csi300_custom_step0_s_20260808_13,0b4bd5e028884aeb9893767e8443a1ac,0.142,,,
2208,2026-08-07,SH601186,0.05414221429898226,EXP_DEnsembleModel_Alpha158_csi300_custom_step0_s_20260808_13,0b4bd5e028884aeb9893767e8443a1ac,0.142,,,
2209,2026-08-07,SH601211,0.025205638586891132,EXP_DEnsembleModel_Alpha158_csi300_custom_step0_s_20260808_13,0b4bd5e028884aeb9893767e8443a1ac,0.142,,,
2210,2026-08-07,SH601225,-0.03267946628984372,EXP_DEnsembleModel_Alpha158_csi300_custom_step0_s_20260808_13,0b4bd5e028884aeb9893767e8443a1ac,0.142,,,
2211,2026-08-07,SH601229,0.07534918238191896,EXP_DEnsembleModel_Alpha158_csi300_custom_step0_s_20260808_13,0b4bd5e028884aeb9893767e8443a1ac,0.142,,,
2212,2026-08-07,SH601021,0.11000009337816771,EXP_DEnsembleModel_Alpha158_csi300_custom_step0_s_20260808_13,0b4bd5e028884aeb9893767e8443a1ac,0.142,,,
2213,2026-08-07,SH601238,-0.021726102978006267,EXP_DEnsembleModel_Alpha158_csi300_custom_step0_s_20260808_13,0b4bd5e028884aeb9893767e8443a1ac,0.142,,,
2214,2026-08-07,SH601018,0.05415825587332142,EXP_DEnsembleModel_Alpha158_csi300_custom_step0_s_20260808_13,0b4bd5e028884aeb9893767e8443a1ac,0.142,,,
2215,2026-08-07,SH601009,0.057362540926431206,EXP_DEnsembleModel_Alpha158_csi300_custom_step0_s_20260808_13,0b4bd5e028884aeb9893767e8443a1ac,0.142,,,
2216,2026-08-07,SH600845,-0.074584744482917,EXP_DEnsembleModel_Alpha158_csi300_custom_step0_s_20260808_13,0b4bd5e028884aeb9893767e8443a1ac,0.142,,,
2217,2026-08-07,SH600875,-0.054793824526132184,EXP_DEnsembleModel_Alpha158_csi300_custom_step0_s_20260808_13,0b4bd5e028884aeb9893767e8443a1ac,0.142,,,
2218,2026-08-07,SH600886,0.0668209672208751,EXP_DEnsembleModel_Alpha158_csi300_custom_step0_s_20260808_13,0b4bd5e028884aeb9893767e8443a1ac,0.142,,,
2219,2026-08-07,SH600887,0.03481913407111576,EXP_DEnsembleModel_Alpha158_csi300_custom_step0_s_20260808_13,0b4bd5e028884aeb9893767e8443a1ac,0.142,,,
2220,2026-08-07,SH600893,-0.024517461570757865,EXP_DEnsembleModel_Alpha158_csi300_custom_step0_s_20260808_13,0b4bd5e028884aeb9893767e8443a1ac,0.142,,,
2221,2026-08-07,SH600900,0.07622345907429706,EXP_DEnsembleModel_Alpha158_csi300_custom_step0_s_20260808_13,0b4bd5e028884aeb9893767e8443a1ac,0.142,,,
2222,2026-08-07,SH600905,0.1261734913658808,EXP_DEnsembleModel_Alpha158_csi300_custom_step0_s_20260808_13,0b4bd5e028884aeb9893767e8443a1ac,0.142,,,
2223,2026-08-07,SH600918,0.013006222414236943,EXP_DEnsembleModel_Alpha158_csi300_custom_step0_s_20260808_13,0b4bd5e028884aeb9893767e8443a1ac,0.142,,,
2224,2026-08-07,SH600919,0.10537939912668141,EXP_DEnsembleModel_Alpha158_csi300_custom_step0_s_20260808_13,0b4bd5e028884aeb9893767e8443a1ac,0.142,,,
2225,2026-08-07,SH600926,0.10260710432762361,EXP_DEnsembleModel_Alpha158_csi300_custom_step0_s_20260808_13,0b4bd5e028884aeb9893767e8443a1ac,0.142,,,
2226,2026-08-07,SH600930,0.06351074253610361,EXP_DEnsembleModel_Alpha158_csi300_custom_step0_s_20260808_13,0b4bd5e028884aeb9893767e8443a1ac,0.142,,,
2227,2026-08-07,SH600938,-0.061319100953737896,EXP_DEnsembleModel_Alpha158_csi300_custom_step0_s_20260808_13,0b4bd5e028884aeb9893767e8443a1ac,0.142,,,
2228,2026-08-07,SH600941,0.03073480887216928,EXP_DEnsembleModel_Alpha158_csi300_custom_step0_s_20260808_13,0b4bd5e028884aeb9893767e8443a1ac,0.142,,,
2229,2026-08-07,SH600958,0.06702308028416137,EXP_DEnsembleModel_Alpha158_csi300_custom_step0_s_20260808_13,0b4bd5e028884aeb9893767e8443a1ac,0.142,,,
2230,2026-08-07,SH600989,-0.0441789263418189,EXP_DEnsembleModel_Alpha158_csi300_custom_step0_s_20260808_13,0b4bd5e028884aeb9893767e8443a1ac,0.142,,,
2231,2026-08-07,SH600999,-0.04732535179537382,EXP_DEnsembleModel_Alpha158_csi300_custom_step0_s_20260808_13,0b4bd5e028884aeb9893767e8443a1ac,0.142,,,
2232,2026-08-07,SH601006,0.03974784938614143,EXP_DEnsembleModel_Alpha158_csi300_custom_step0_s_20260808_13,0b4bd5e028884aeb9893767e8443a1ac,0.142,,,
2233,2026-08-07,SH601012,-0.06804832195700539,EXP_DEnsembleModel_Alpha158_csi300_custom_step0_s_20260808_13,0b4bd5e028884aeb9893767e8443a1ac,0.142,,,
2234,2026-08-07,SH600809,-0.057262395437329534,EXP_DEnsembleModel_Alpha158_csi300_custom_step0_s_20260808_13,0b4bd5e028884aeb9893767e8443a1ac,0.142,,,
2235,2026-08-07,SH601288,-0.03484838169809458,EXP_DEnsembleModel_Alpha158_csi300_custom_step0_s_20260808_13,0b4bd5e028884aeb9893767e8443a1ac,0.142,,,
2236,2026-08-07,SH601319,0.08068374595334904,EXP_DEnsembleModel_Alpha158_csi300_custom_step0_s_20260808_13,0b4bd5e028884aeb9893767e8443a1ac,0.142,,,
2237,2026-08-07,SH601766,0.012404482457198999,EXP_DEnsembleModel_Alpha158_csi300_custom_step0_s_20260808_13,0b4bd5e028884aeb9893767e8443a1ac,0.142,,,
2238,2026-08-07,SH601788,0.04619598446245281,EXP_DEnsembleModel_Alpha158_csi300_custom_step0_s_20260808_13,0b4bd5e028884aeb9893767e8443a1ac,0.142,,,
2239,2026-08-07,SH601800,0.03623154773863768,EXP_DEnsembleModel_Alpha158_csi300_custom_step0_s_20260808_13,0b4bd5e028884aeb9893767e8443a1ac,0.142,,,
2240,2026-08-07,SH601816,0.06841523967305264,EXP_DEnsembleModel_Alpha158_csi300_custom_step0_s_20260808_13,0b4bd5e028884aeb9893767e8443a1ac,0.142,,,
2241,2026-08-07,SH601818,0.057474167579117406,EXP_DEnsembleModel_Alpha158_csi300_custom_step0_s_20260808_13,0b4bd5e028884aeb9893767e8443a1ac,0.142,,,
2242,2026-08-07,SH601825,0.019961580306688806,EXP_DEnsembleModel_Alpha158_csi300_custom_step0_s_20260808_13,0b4bd5e028884aeb9893767e8443a1ac,0.142,,,
2243,2026-08-07,SH601838,0.06439259989925322,EXP_DEnsembleModel_Alpha158_csi300_custom_step0_s_20260808_13,0b4bd5e028884aeb9893767e8443a1ac,0.142,,,
2244,2026-08-07,SH601857,-0.07009816675598349,EXP_DEnsembleModel_Alpha158_csi300_custom_step0_s_20260808_13,0b4bd5e028884aeb9893767e8443a1ac,0.142,,,
2245,2026-08-07,SH601868,0.07603696235319114,EXP_DEnsembleModel_Alpha158_csi300_custom_step0_s_20260808_13,0b4bd5e028884aeb9893767e8443a1ac,0.142,,,
2246,2026-08-07,SH601872,-0.07211905782981984,EXP_DEnsembleModel_Alpha158_csi300_custom_step0_s_20260808_13,0b4bd5e028884aeb9893767e8443a1ac,0.142,,,
2247,2026-08-07,SH601877,0.01675860920697822,EXP_DEnsembleModel_Alpha158_csi300_custom_step0_s_20260808_13,0b4bd5e028884aeb9893767e8443a1ac,0.142,,,
2248,2026-08-07,SH601878,0.0656869375163581,EXP_DEnsembleModel_Alpha158_csi300_custom_step0_s_20260808_13,0b4bd5e028884aeb9893767e8443a1ac,0.142,,,
2249,2026-08-07,SH601881,0.0011910293353086714,EXP_DEnsembleModel_Alpha158_csi300_custom_step0_s_20260808_13,0b4bd5e028884aeb9893767e8443a1ac,0.142,,,
2250,2026-08-07,SH601888,-0.04203909535467906,EXP_DEnsembleModel_Alpha158_csi300_custom_step0_s_20260808_13,0b4bd5e028884aeb9893767e8443a1ac,0.142,,,
2251,2026-08-07,SH601898,-0.0753130321848198,EXP_DEnsembleModel_Alpha158_csi300_custom_step0_s_20260808_13,0b4bd5e028884aeb9893767e8443a1ac,0.142,,,
2252,2026-08-07,SH601899,-0.1642912669410442,EXP_DEnsembleModel_Alpha158_csi300_custom_step0_s_20260808_13,0b4bd5e028884aeb9893767e8443a1ac,0.142,,,
2253,2026-08-07,SH601901,0.04937753197237565,EXP_DEnsembleModel_Alpha158_csi300_custom_step0_s_20260808_13,0b4bd5e028884aeb9893767e8443a1ac,0.142,,,
2254,2026-08-07,SH601728,-0.019236432548239223,EXP_DEnsembleModel_Alpha158_csi300_custom_step0_s_20260808_13,0b4bd5e028884aeb9893767e8443a1ac,0.142,,,
2255,2026-08-07,SH601318,0.05499979582003634,EXP_DEnsembleModel_Alpha158_csi300_custom_step0_s_20260808_13,0b4bd5e028884aeb9893767e8443a1ac,0.142,,,
2256,2026-08-07,SH601727,0.028964441070041026,EXP_DEnsembleModel_Alpha158_csi300_custom_step0_s_20260808_13,0b4bd5e028884aeb9893767e8443a1ac,0.142,,,
2257,2026-08-07,SH601689,0.21301805535318027,EXP_DEnsembleModel_Alpha158_csi300_custom_step0_s_20260808_13,0b4bd5e028884aeb9893767e8443a1ac,0.142,,,
2258,2026-08-07,SH601328,0.010106730878160393,EXP_DEnsembleModel_Alpha158_csi300_custom_step0_s_20260808_13,0b4bd5e028884aeb9893767e8443a1ac,0.142,,,
2259,2026-08-07,SH601336,-0.012629848327814988,EXP_DEnsembleModel_Alpha158_csi300_custom_step0_s_20260808_13,0b4bd5e028884aeb9893767e8443a1ac,0.142,,,
2260,2026-08-07,SH601360,-0.09232753120649421,EXP_DEnsembleModel_Alpha158_csi300_custom_step0_s_20260808_13,0b4bd5e028884aeb9893767e8443a1ac,0.142,,,
2261,2026-08-07,SH601377,0.10548757526910947,EXP_DEnsembleModel_Alpha158_csi300_custom_step0_s_20260808_13,0b4bd5e028884aeb9893767e8443a1ac,0.142,,,
2262,2026-08-07,SH601390,0.0441445139700992,EXP_DEnsembleModel_Alpha158_csi300_custom_step0_s_20260808_13,0b4bd5e028884aeb9893767e8443a1ac,0.142,,,
2263,2026-08-07,SH601398,0.02056426987216866,EXP_DEnsembleModel_Alpha158_csi300_custom_step0_s_20260808_13,0b4bd5e028884aeb9893767e8443a1ac,0.142,,,
2264,2026-08-07,SH601456,0.04190116941414326,EXP_DEnsembleModel_Alpha158_csi300_custom_step0_s_20260808_13,0b4bd5e028884aeb9893767e8443a1ac,0.142,,,
2265,2026-08-07,SH601600,-0.11363510539378696,EXP_DEnsembleModel_Alpha158_csi300_custom_step0_s_20260808_13,0b4bd5e028884aeb9893767e8443a1ac,0.142,,,
2266,2026-08-07,SH601601,-0.0012212112987222128,EXP_DEnsembleModel_Alpha158_csi300_custom_step0_s_20260808_13,0b4bd5e028884aeb9893767e8443a1ac,0.142,,,
2267,2026-08-07,SH601607,0.04502153169600051,EXP_DEnsembleModel_Alpha158_csi300_custom_step0_s_20260808_13,0b4bd5e028884aeb9893767e8443a1ac,0.142,,,
2268,2026-08-07,SH601618,0.02858011735988718,EXP_DEnsembleModel_Alpha158_csi300_custom_step0_s_20260808_13,0b4bd5e028884aeb9893767e8443a1ac,0.142,,,
2269,2026-08-07,SH601628,-0.06557548350387721,EXP_DEnsembleModel_Alpha158_csi300_custom_step0_s_20260808_13,0b4bd5e028884aeb9893767e8443a1ac,0.142,,,
2270,2026-08-07,SH601633,0.013330352258480812,EXP_DEnsembleModel_Alpha158_csi300_custom_step0_s_20260808_13,0b4bd5e028884aeb9893767e8443a1ac,0.142,,,
2271,2026-08-07,SH601658,0.07491809357638904,EXP_DEnsembleModel_Alpha158_csi300_custom_step0_s_20260808_13,0b4bd5e028884aeb9893767e8443a1ac,0.142,,,
2272,2026-08-07,SH601668,0.021331565138091816,EXP_DEnsembleModel_Alpha158_csi300_custom_step0_s_20260808_13,0b4bd5e028884aeb9893767e8443a1ac,0.142,,,
2273,2026-08-07,SH601669,0.07647750355199782,EXP_DEnsembleModel_Alpha158_csi300_custom_step0_s_20260808_13,0b4bd5e028884aeb9893767e8443a1ac,0.142,,,
2274,2026-08-07,SH601688,0.023511323714920748,EXP_DEnsembleModel_Alpha158_csi300_custom_step0_s_20260808_13,0b4bd5e028884aeb9893767e8443a1ac,0.142,,,
2275,2026-08-07,SH601698,0.0034217091575653694,EXP_DEnsembleModel_Alpha158_csi300_custom_step0_s_20260808_13,0b4bd5e028884aeb9893767e8443a1ac,0.142,,,
2276,2026-08-07,SH600803,-0.010722169098155447,EXP_DEnsembleModel_Alpha158_csi300_custom_step0_s_20260808_13,0b4bd5e028884aeb9893767e8443a1ac,0.142,,,
2277,2026-08-07,SH600795,0.08497484651017427,EXP_DEnsembleModel_Alpha158_csi300_custom_step0_s_20260808_13,0b4bd5e028884aeb9893767e8443a1ac,0.142,,,
2278,2026-08-07,SH600760,-0.026715534939568252,EXP_DEnsembleModel_Alpha158_csi300_custom_step0_s_20260808_13,0b4bd5e028884aeb9893767e8443a1ac,0.142,,,
2279,2026-08-07,SH600015,0.07115321669733635,EXP_DEnsembleModel_Alpha158_csi300_custom_step0_s_20260808_13,0b4bd5e028884aeb9893767e8443a1ac,0.142,,,
2280,2026-08-07,SH600016,0.031282013708074735,EXP_DEnsembleModel_Alpha158_csi300_custom_step0_s_20260808_13,0b4bd5e028884aeb9893767e8443a1ac,0.142,,,
2281,2026-08-07,SH600018,0.10202082534260025,EXP_DEnsembleModel_Alpha158_csi300_custom_step0_s_20260808_13,0b4bd5e028884aeb9893767e8443a1ac,0.142,,,
2282,2026-08-07,SH600019,-0.04108727403097637,EXP_DEnsembleModel_Alpha158_csi300_custom_step0_s_20260808_13,0b4bd5e028884aeb9893767e8443a1ac,0.142,,,
2283,2026-08-07,SH600023,0.08379886462793834,EXP_DEnsembleModel_Alpha158_csi300_custom_step0_s_20260808_13,0b4bd5e028884aeb9893767e8443a1ac,0.142,,,
2284,2026-08-07,SH600025,0.05967922343778631,EXP_DEnsembleModel_Alpha158_csi300_custom_step0_s_20260808_13,0b4bd5e028884aeb9893767e8443a1ac,0.142,,,
2285,2026-08-07,SH600026,-0.026009469555005434,EXP_DEnsembleModel_Alpha158_csi300_custom_step0_s_20260808_13,0b4bd5e028884aeb9893767e8443a1ac,0.142,,,
2286,2026-08-07,SH600027,0.07494858692122496,EXP_DEnsembleModel_Alpha158_csi300_custom_step0_s_20260808_13,0b4bd5e028884aeb9893767e8443a1ac,0.142,,,
2287,2026-08-07,SH600028,0.004297980038705852,EXP_DEnsembleModel_Alpha158_csi300_custom_step0_s_20260808_13,0b4bd5e028884aeb9893767e8443a1ac,0.142,,,
2288,2026-08-07,SH600029,0.03741322330322619,EXP_DEnsembleModel_Alpha158_csi300_custom_step0_s_20260808_13,0b4bd5e028884aeb9893767e8443a1ac,0.142,,,
2289,2026-08-07,SH600030,0.039251625990963455,EXP_DEnsembleModel_Alpha158_csi300_custom_step0_s_20260808_13,0b4bd5e028884aeb9893767e8443a1ac,0.142,,,
2290,2026-08-07,SH600031,-0.02737033533949263,EXP_DEnsembleModel_Alpha158_csi300_custom_step0_s_20260808_13,0b4bd5e028884aeb9893767e8443a1ac,0.142,,,
2291,2026-08-07,SH600036,0.06707246781646992,EXP_DEnsembleModel_Alpha158_csi300_custom_step0_s_20260808_13,0b4bd5e028884aeb9893767e8443a1ac,0.142,,,
2292,2026-08-07,SH600039,-0.0341058974229556,EXP_DEnsembleModel_Alpha158_csi300_custom_step0_s_20260808_13,0b4bd5e028884aeb9893767e8443a1ac,0.142,,,
2293,2026-08-07,SH600048,-0.11588738368842405,EXP_DEnsembleModel_Alpha158_csi300_custom_step0_s_20260808_13,0b4bd5e028884aeb9893767e8443a1ac,0.142,,,
2294,2026-08-07,SH600050,-0.004453368169285501,EXP_DEnsembleModel_Alpha158_csi300_custom_step0_s_20260808_13,0b4bd5e028884aeb9893767e8443a1ac,0.142,,,
2295,2026-08-07,SH600061,0.04587899778323245,EXP_DEnsembleModel_Alpha158_csi300_custom_step0_s_20260808_13,0b4bd5e028884aeb9893767e8443a1ac,0.142,,,
2296,2026-08-07,SH600011,0.07108677278844228,EXP_DEnsembleModel_Alpha158_csi300_custom_step0_s_20260808_13,0b4bd5e028884aeb9893767e8443a1ac,0.142,,,
2297,2026-08-07,SH600066,0.019820793437725845,EXP_DEnsembleModel_Alpha158_csi300_custom_step0_s_20260808_13,0b4bd5e028884aeb9893767e8443a1ac,0.142,,,
2298,2026-08-07,SH600010,0.01138350149712573,EXP_DEnsembleModel_Alpha158_csi300_custom_step0_s_20260808_13,0b4bd5e028884aeb9893767e8443a1ac,0.142,,,
2299,2026-08-07,SH600000,0.04403858894576841,EXP_DEnsembleModel_Alpha158_csi300_custom_step0_s_20260808_13,0b4bd5e028884aeb9893767e8443a1ac,0.142,,,
2300,2026-08-07,SZ300476,-0.0004286289336359613,EXP_LGBModel_Alpha158_csi300_custom_step0_s_20260808_14,60e65baeeac045d49538dc55b66568f6,0.16,,,
2301,2026-08-07,SZ300498,-0.005887766781116452,EXP_LGBModel_Alpha158_csi300_custom_step0_s_20260808_14,60e65baeeac045d49538dc55b66568f6,0.16,,,
2302,2026-08-07,SZ300502,0.014320984720906454,EXP_LGBModel_Alpha158_csi300_custom_step0_s_20260808_14,60e65baeeac045d49538dc55b66568f6,0.16,,,
2303,2026-08-07,SZ300628,0.0018445992198750025,EXP_LGBModel_Alpha158_csi300_custom_step0_s_20260808_14,60e65baeeac045d49538dc55b66568f6,0.16,,,
2304,2026-08-07,SZ300661,0.004450979487149005,EXP_LGBModel_Alpha158_csi300_custom_step0_s_20260808_14,60e65baeeac045d49538dc55b66568f6,0.16,,,
2305,2026-08-07,SZ300750,0.004729399613216545,EXP_LGBModel_Alpha158_csi300_custom_step0_s_20260808_14,60e65baeeac045d49538dc55b66568f6,0.16,,,
2306,2026-08-07,SZ300760,0.006302868364925844,EXP_LGBModel_Alpha158_csi300_custom_step0_s_20260808_14,60e65baeeac045d49538dc55b66568f6,0.16,,,
2307,2026-08-07,SZ300803,-0.004608088663218079,EXP_LGBModel_Alpha158_csi300_custom_step0_s_20260808_14,60e65baeeac045d49538dc55b66568f6,0.16,,,
2308,2026-08-07,SZ300832,8.91896946731978e-05,EXP_LGBModel_Alpha158_csi300_custom_step0_s_20260808_14,60e65baeeac045d49538dc55b66568f6,0.16,,,
2309,2026-08-07,SZ300866,-0.008449466587156354,EXP_LGBModel_Alpha158_csi300_custom_step0_s_20260808_14,60e65baeeac045d49538dc55b66568f6,0.16,,,
2310,2026-08-07,SZ300896,-0.004945022710231615,EXP_LGBModel_Alpha158_csi300_custom_step0_s_20260808_14,60e65baeeac045d49538dc55b66568f6,0.16,,,
2311,2026-08-07,SZ300999,0.0001154642197375177,EXP_LGBModel_Alpha158_csi300_custom_step0_s_20260808_14,60e65baeeac045d49538dc55b66568f6,0.16,,,
2312,2026-08-07,SZ301165,0.014320984720906454,EXP_LGBModel_Alpha158_csi300_custom_step0_s_20260808_14,60e65baeeac045d49538dc55b66568f6,0.16,,,
2313,2026-08-07,SZ301236,-1.8693429972699314e-10,EXP_LGBModel_Alpha158_csi300_custom_step0_s_20260808_14,60e65baeeac045d49538dc55b66568f6,0.16,,,
2314,2026-08-07,SZ301269,-1.8693429972699314e-10,EXP_LGBModel_Alpha158_csi300_custom_step0_s_20260808_14,60e65baeeac045d49538dc55b66568f6,0.16,,,
2315,2026-08-07,SZ301308,-0.0004286289336359613,EXP_LGBModel_Alpha158_csi300_custom_step0_s_20260808_14,60e65baeeac045d49538dc55b66568f6,0.16,,,
2316,2026-08-07,SZ302132,-1.8693429972699314e-10,EXP_LGBModel_Alpha158_csi300_custom_step0_s_20260808_14,60e65baeeac045d49538dc55b66568f6,0.16,,,
2317,2026-08-07,SH600009,-0.0010085400150892229,EXP_DEnsembleModel_Alpha158_csi300_custom_step0_s_20260808_13,0b4bd5e028884aeb9893767e8443a1ac,0.142,,,
2318,2026-08-07,SH600085,-0.03662017685829975,EXP_DEnsembleModel_Alpha158_csi300_custom_step0_s_20260808_13,0b4bd5e028884aeb9893767e8443a1ac,0.142,,,
2319,2026-08-07,SH600089,0.00026867413983300807,EXP_DEnsembleModel_Alpha158_csi300_custom_step0_s_20260808_13,0b4bd5e028884aeb9893767e8443a1ac,0.142,,,
2320,2026-08-07,SH600104,-0.03768008340171897,EXP_DEnsembleModel_Alpha158_csi300_custom_step0_s_20260808_13,0b4bd5e028884aeb9893767e8443a1ac,0.142,,,
2321,2026-08-07,SH600460,0.1430230241024142,EXP_DEnsembleModel_Alpha158_csi300_custom_step0_s_20260808_13,0b4bd5e028884aeb9893767e8443a1ac,0.142,,,
2322,2026-08-07,SH600482,0.08035511498235667,EXP_DEnsembleModel_Alpha158_csi300_custom_step0_s_20260808_13,0b4bd5e028884aeb9893767e8443a1ac,0.142,,,
2323,2026-08-07,SH600489,-0.23225562176167386,EXP_DEnsembleModel_Alpha158_csi300_custom_step0_s_20260808_13,0b4bd5e028884aeb9893767e8443a1ac,0.142,,,
2324,2026-08-07,SH600515,-0.0461941885990259,EXP_DEnsembleModel_Alpha158_csi300_custom_step0_s_20260808_13,0b4bd5e028884aeb9893767e8443a1ac,0.142,,,
2325,2026-08-07,SH600519,-0.014990365062466107,EXP_DEnsembleModel_Alpha158_csi300_custom_step0_s_20260808_13,0b4bd5e028884aeb9893767e8443a1ac,0.142,,,
2326,2026-08-07,SH600522,0.23484172900804798,EXP_DEnsembleModel_Alpha158_csi300_custom_step0_s_20260808_13,0b4bd5e028884aeb9893767e8443a1ac,0.142,,,
2327,2026-08-07,SH600547,-0.206158671839605,EXP_DEnsembleModel_Alpha158_csi300_custom_step0_s_20260808_13,0b4bd5e028884aeb9893767e8443a1ac,0.142,,,
2328,2026-08-07,SH600549,0.17874708794963381,EXP_DEnsembleModel_Alpha158_csi300_custom_step0_s_20260808_13,0b4bd5e028884aeb9893767e8443a1ac,0.142,,,
2329,2026-08-07,SH600570,-0.018727525894880623,EXP_DEnsembleModel_Alpha158_csi300_custom_step0_s_20260808_13,0b4bd5e028884aeb9893767e8443a1ac,0.142,,,
2330,2026-08-07,SH600584,0.09591642906912949,EXP_DEnsembleModel_Alpha158_csi300_custom_step0_s_20260808_13,0b4bd5e028884aeb9893767e8443a1ac,0.142,,,
2331,2026-08-07,SH600585,-0.0024441216543578514,EXP_DEnsembleModel_Alpha158_csi300_custom_step0_s_20260808_13,0b4bd5e028884aeb9893767e8443a1ac,0.142,,,
2332,2026-08-07,SH600588,0.08405703012812907,EXP_DEnsembleModel_Alpha158_csi300_custom_step0_s_20260808_13,0b4bd5e028884aeb9893767e8443a1ac,0.142,,,
2333,2026-08-07,SH600600,-0.06093162631254955,EXP_DEnsembleModel_Alpha158_csi300_custom_step0_s_20260808_13,0b4bd5e028884aeb9893767e8443a1ac,0.142,,,
2334,2026-08-07,SH600660,-0.011555764136878087,EXP_DEnsembleModel_Alpha158_csi300_custom_step0_s_20260808_13,0b4bd5e028884aeb9893767e8443a1ac,0.142,,,
2335,2026-08-07,SH600674,0.06857653691832102,EXP_DEnsembleModel_Alpha158_csi300_custom_step0_s_20260808_13,0b4bd5e028884aeb9893767e8443a1ac,0.142,,,
2336,2026-08-07,SH600690,0.04295462452022563,EXP_DEnsembleModel_Alpha158_csi300_custom_step0_s_20260808_13,0b4bd5e028884aeb9893767e8443a1ac,0.142,,,
2337,2026-08-07,SH600741,0.019543655440490748,EXP_DEnsembleModel_Alpha158_csi300_custom_step0_s_20260808_13,0b4bd5e028884aeb9893767e8443a1ac,0.142,,,
2338,2026-08-07,SH600438,-0.08135884808498628,EXP_DEnsembleModel_Alpha158_csi300_custom_step0_s_20260808_13,0b4bd5e028884aeb9893767e8443a1ac,0.142,,,
2339,2026-08-07,SH600436,-0.04050696084697772,EXP_DEnsembleModel_Alpha158_csi300_custom_step0_s_20260808_13,0b4bd5e028884aeb9893767e8443a1ac,0.142,,,
2340,2026-08-07,SH600426,-0.05698216452105725,EXP_DEnsembleModel_Alpha158_csi300_custom_step0_s_20260808_13,0b4bd5e028884aeb9893767e8443a1ac,0.142,,,
2341,2026-08-07,SH600415,-0.020029229563589736,EXP_DEnsembleModel_Alpha158_csi300_custom_step0_s_20260808_13,0b4bd5e028884aeb9893767e8443a1ac,0.142,,,
2342,2026-08-07,SH600111,0.07238491525084595,EXP_DEnsembleModel_Alpha158_csi300_custom_step0_s_20260808_13,0b4bd5e028884aeb9893767e8443a1ac,0.142,,,
2343,2026-08-07,SH600115,0.0646276736913221,EXP_DEnsembleModel_Alpha158_csi300_custom_step0_s_20260808_13,0b4bd5e028884aeb9893767e8443a1ac,0.142,,,
2344,2026-08-07,SH600118,0.18830854177546902,EXP_DEnsembleModel_Alpha158_csi300_custom_step0_s_20260808_13,0b4bd5e028884aeb9893767e8443a1ac,0.142,,,
2345,2026-08-07,SH600150,-0.0825946273878453,EXP_DEnsembleModel_Alpha158_csi300_custom_step0_s_20260808_13,0b4bd5e028884aeb9893767e8443a1ac,0.142,,,
2346,2026-08-07,SH600160,0.009767414240679922,EXP_DEnsembleModel_Alpha158_csi300_custom_step0_s_20260808_13,0b4bd5e028884aeb9893767e8443a1ac,0.142,,,
2347,2026-08-07,SH600176,0.1565954972147513,EXP_DEnsembleModel_Alpha158_csi300_custom_step0_s_20260808_13,0b4bd5e028884aeb9893767e8443a1ac,0.142,,,
2348,2026-08-07,SH600183,0.02365836611814323,EXP_DEnsembleModel_Alpha158_csi300_custom_step0_s_20260808_13,0b4bd5e028884aeb9893767e8443a1ac,0.142,,,
2349,2026-08-07,SH600188,-0.11749105818597448,EXP_DEnsembleModel_Alpha158_csi300_custom_step0_s_20260808_13,0b4bd5e028884aeb9893767e8443a1ac,0.142,,,
2350,2026-08-07,SZ300442,0.004450979487149005,EXP_LGBModel_Alpha158_csi300_custom_step0_s_20260808_14,60e65baeeac045d49538dc55b66568f6,0.16,,,
2351,2026-08-07,SH600196,-0.05938877686672144,EXP_DEnsembleModel_Alpha158_csi300_custom_step0_s_20260808_13,0b4bd5e028884aeb9893767e8443a1ac,0.142,,,
2352,2026-08-07,SH600221,0.0745143284177277,EXP_DEnsembleModel_Alpha158_csi300_custom_step0_s_20260808_13,0b4bd5e028884aeb9893767e8443a1ac,0.142,,,
2353,2026-08-07,SH600233,-0.037950466892951853,EXP_DEnsembleModel_Alpha158_csi300_custom_step0_s_20260808_13,0b4bd5e028884aeb9893767e8443a1ac,0.142,,,
2354,2026-08-07,SH600276,-0.15393741153202278,EXP_DEnsembleModel_Alpha158_csi300_custom_step0_s_20260808_13,0b4bd5e028884aeb9893767e8443a1ac,0.142,,,
2355,2026-08-07,SH600309,-0.04334954525467695,EXP_DEnsembleModel_Alpha158_csi300_custom_step0_s_20260808_13,0b4bd5e028884aeb9893767e8443a1ac,0.142,,,
2356,2026-08-07,SH600346,-0.03555542755930694,EXP_DEnsembleModel_Alpha158_csi300_custom_step0_s_20260808_13,0b4bd5e028884aeb9893767e8443a1ac,0.142,,,
2357,2026-08-07,SH600362,-0.07788049178955005,EXP_DEnsembleModel_Alpha158_csi300_custom_step0_s_20260808_13,0b4bd5e028884aeb9893767e8443a1ac,0.142,,,
2358,2026-08-07,SH600372,0.05784218433066902,EXP_DEnsembleModel_Alpha158_csi300_custom_step0_s_20260808_13,0b4bd5e028884aeb9893767e8443a1ac,0.142,,,
2359,2026-08-07,SH600406,-0.0034168196222543693,EXP_DEnsembleModel_Alpha158_csi300_custom_step0_s_20260808_13,0b4bd5e028884aeb9893767e8443a1ac,0.142,,,
2360,2026-08-07,SH600219,-0.10215554696271172,EXP_DEnsembleModel_Alpha158_csi300_custom_step0_s_20260808_13,0b4bd5e028884aeb9893767e8443a1ac,0.142,,,
2361,2026-08-07,SZ301308,0.2560807466506958,EXP_LinearModel_Alpha158_csi300_custom_step0_s_20260808_13,36db44d3712c466296cbac8a8913ec55,0.096,,,
2362,2026-08-07,SH601360,-0.001780794618371385,EXP_LGBModel_Alpha158_csi300_custom_step0_s_20260808_14,60e65baeeac045d49538dc55b66568f6,0.16,,,
2363,2026-08-07,SH601328,-0.0031140595128186887,EXP_LGBModel_Alpha158_csi300_custom_step0_s_20260808_14,60e65baeeac045d49538dc55b66568f6,0.16,,,
2364,2026-08-07,SH688271,-0.0029411922919376165,EXP_LGBModel_Alpha158_csi300_custom_step0_s_20260808_14,7f1866eb1cb64046aef890ac6897c6b4,0.089,,,
2365,2026-08-07,SH688303,1.215677688146426e-10,EXP_LGBModel_Alpha158_csi300_custom_step0_s_20260808_14,7f1866eb1cb64046aef890ac6897c6b4,0.089,,,
2366,2026-08-07,SH688396,1.215677688146426e-10,EXP_LGBModel_Alpha158_csi300_custom_step0_s_20260808_14,7f1866eb1cb64046aef890ac6897c6b4,0.089,,,
2367,2026-08-07,SH688472,-0.0005834184708033181,EXP_LGBModel_Alpha158_csi300_custom_step0_s_20260808_14,7f1866eb1cb64046aef890ac6897c6b4,0.089,,,
2368,2026-08-07,SH688506,-0.0029411922919376165,EXP_LGBModel_Alpha158_csi300_custom_step0_s_20260808_14,7f1866eb1cb64046aef890ac6897c6b4,0.089,,,
2369,2026-08-07,SH688521,1.215677688146426e-10,EXP_LGBModel_Alpha158_csi300_custom_step0_s_20260808_14,7f1866eb1cb64046aef890ac6897c6b4,0.089,,,
2370,2026-08-07,SH688981,-0.0005834184708033181,EXP_LGBModel_Alpha158_csi300_custom_step0_s_20260808_14,7f1866eb1cb64046aef890ac6897c6b4,0.089,,,
2371,2026-08-07,SZ000001,0.0017832429341256022,EXP_LGBModel_Alpha158_csi300_custom_step0_s_20260808_14,7f1866eb1cb64046aef890ac6897c6b4,0.089,,,
2372,2026-08-07,SZ000002,-0.0017297621254830624,EXP_LGBModel_Alpha158_csi300_custom_step0_s_20260808_14,7f1866eb1cb64046aef890ac6897c6b4,0.089,,,
2373,2026-08-07,SZ000063,-0.0029411922919376165,EXP_LGBModel_Alpha158_csi300_custom_step0_s_20260808_14,7f1866eb1cb64046aef890ac6897c6b4,0.089,,,
2374,2026-08-07,SZ000100,-0.0029411922919376165,EXP_LGBModel_Alpha158_csi300_custom_step0_s_20260808_14,7f1866eb1cb64046aef890ac6897c6b4,0.089,,,
2375,2026-08-07,SZ000157,1.215677688146426e-10,EXP_LGBModel_Alpha158_csi300_custom_step0_s_20260808_14,7f1866eb1cb64046aef890ac6897c6b4,0.089,,,
2376,2026-08-07,SZ000166,0.002964292485879471,EXP_LGBModel_Alpha158_csi300_custom_step0_s_20260808_14,7f1866eb1cb64046aef890ac6897c6b4,0.089,,,
2377,2026-08-07,SZ000301,1.215677688146426e-10,EXP_LGBModel_Alpha158_csi300_custom_step0_s_20260808_14,7f1866eb1cb64046aef890ac6897c6b4,0.089,,,
2378,2026-08-07,SZ000333,0.001991970696514782,EXP_LGBModel_Alpha158_csi300_custom_step0_s_20260808_14,7f1866eb1cb64046aef890ac6897c6b4,0.089,,,
2379,2026-08-07,SZ000338,-0.0029411922919376165,EXP_LGBModel_Alpha158_csi300_custom_step0_s_20260808_14,7f1866eb1cb64046aef890ac6897c6b4,0.089,,,
2380,2026-08-07,SZ000408,-0.0029411922919376165,EXP_LGBModel_Alpha158_csi300_custom_step0_s_20260808_14,7f1866eb1cb64046aef890ac6897c6b4,0.089,,,
2381,2026-08-07,SH688256,-0.0005834184708033181,EXP_LGBModel_Alpha158_csi300_custom_step0_s_20260808_14,7f1866eb1cb64046aef890ac6897c6b4,0.089,,,
2382,2026-08-07,SZ000425,1.215677688146426e-10,EXP_LGBModel_Alpha158_csi300_custom_step0_s_20260808_14,7f1866eb1cb64046aef890ac6897c6b4,0.089,,,
2383,2026-08-07,SH688223,0.0036242158330089657,EXP_LGBModel_Alpha158_csi300_custom_step0_s_20260808_14,7f1866eb1cb64046aef890ac6897c6b4,0.089,,,
2384,2026-08-07,SH688126,1.215677688146426e-10,EXP_LGBModel_Alpha158_csi300_custom_step0_s_20260808_14,7f1866eb1cb64046aef890ac6897c6b4,0.089,,,
2385,2026-08-07,SH603392,1.215677688146426e-10,EXP_LGBModel_Alpha158_csi300_custom_step0_s_20260808_14,7f1866eb1cb64046aef890ac6897c6b4,0.089,,,
2386,2026-08-07,SH603501,-0.0015440909263035485,EXP_LGBModel_Alpha158_csi300_custom_step0_s_20260808_14,7f1866eb1cb64046aef890ac6897c6b4,0.089,,,
2387,2026-08-07,SH603799,-0.000520425311171679,EXP_LGBModel_Alpha158_csi300_custom_step0_s_20260808_14,7f1866eb1cb64046aef890ac6897c6b4,0.089,,,
2388,2026-08-07,SH603893,-0.0029411922919376165,EXP_LGBModel_Alpha158_csi300_custom_step0_s_20260808_14,7f1866eb1cb64046aef890ac6897c6b4,0.089,,,
2389,2026-08-07,SH603986,1.215677688146426e-10,EXP_LGBModel_Alpha158_csi300_custom_step0_s_20260808_14,7f1866eb1cb64046aef890ac6897c6b4,0.089,,,
2390,2026-08-07,SH603993,-0.0029411922919376165,EXP_LGBModel_Alpha158_csi300_custom_step0_s_20260808_14,7f1866eb1cb64046aef890ac6897c6b4,0.089,,,
2391,2026-08-07,SH605117,1.215677688146426e-10,EXP_LGBModel_Alpha158_csi300_custom_step0_s_20260808_14,7f1866eb1cb64046aef890ac6897c6b4,0.089,,,
2392,2026-08-07,SH605499,-0.0005834184708033181,EXP_LGBModel_Alpha158_csi300_custom_step0_s_20260808_14,7f1866eb1cb64046aef890ac6897c6b4,0.089,,,
2393,2026-08-07,SH688008,-0.0005834184708033181,EXP_LGBModel_Alpha158_csi300_custom_step0_s_20260808_14,7f1866eb1cb64046aef890ac6897c6b4,0.089,,,
2394,2026-08-07,SH688009,0.0017832429341256022,EXP_LGBModel_Alpha158_csi300_custom_step0_s_20260808_14,7f1866eb1cb64046aef890ac6897c6b4,0.089,,,
2395,2026-08-07,SH688012,-0.0005834184708033181,EXP_LGBModel_Alpha158_csi300_custom_step0_s_20260808_14,7f1866eb1cb64046aef890ac6897c6b4,0.089,,,
2396,2026-08-07,SH688036,-0.0017297621254830624,EXP_LGBModel_Alpha158_csi300_custom_step0_s_20260808_14,7f1866eb1cb64046aef890ac6897c6b4,0.089,,,
2397,2026-08-07,SH688041,-0.0005834184708033181,EXP_LGBModel_Alpha158_csi300_custom_step0_s_20260808_14,7f1866eb1cb64046aef890ac6897c6b4,0.089,,,
2398,2026-08-07,SH688047,1.215677688146426e-10,EXP_LGBModel_Alpha158_csi300_custom_step0_s_20260808_14,7f1866eb1cb64046aef890ac6897c6b4,0.089,,,
2399,2026-08-07,SH688072,-0.0005834184708033181,EXP_LGBModel_Alpha158_csi300_custom_step0_s_20260808_14,7f1866eb1cb64046aef890ac6897c6b4,0.089,,,
2400,2026-08-07,SH688082,1.215677688146426e-10,EXP_LGBModel_Alpha158_csi300_custom_step0_s_20260808_14,7f1866eb1cb64046aef890ac6897c6b4,0.089,,,
2401,2026-08-07,SH688111,0.001991970696514782,EXP_LGBModel_Alpha158_csi300_custom_step0_s_20260808_14,7f1866eb1cb64046aef890ac6897c6b4,0.089,,,
2402,2026-08-07,SH688183,-0.0005834184708033181,EXP_LGBModel_Alpha158_csi300_custom_step0_s_20260808_14,7f1866eb1cb64046aef890ac6897c6b4,0.089,,,
2403,2026-08-07,SH603369,-0.0029411922919376165,EXP_LGBModel_Alpha158_csi300_custom_step0_s_20260808_14,7f1866eb1cb64046aef890ac6897c6b4,0.089,,,
2404,2026-08-07,SZ000538,0.0017832429341256022,EXP_LGBModel_Alpha158_csi300_custom_step0_s_20260808_14,7f1866eb1cb64046aef890ac6897c6b4,0.089,,,
2405,2026-08-07,SZ000596,-0.0029411922919376165,EXP_LGBModel_Alpha158_csi300_custom_step0_s_20260808_14,7f1866eb1cb64046aef890ac6897c6b4,0.089,,,
2406,2026-08-07,SZ001965,1.215677688146426e-10,EXP_LGBModel_Alpha158_csi300_custom_step0_s_20260808_14,7f1866eb1cb64046aef890ac6897c6b4,0.089,,,
2407,2026-08-07,SZ001979,-0.0005834184708033181,EXP_LGBModel_Alpha158_csi300_custom_step0_s_20260808_14,7f1866eb1cb64046aef890ac6897c6b4,0.089,,,
2408,2026-08-07,SZ002001,1.215677688146426e-10,EXP_LGBModel_Alpha158_csi300_custom_step0_s_20260808_14,7f1866eb1cb64046aef890ac6897c6b4,0.089,,,
2409,2026-08-07,SZ002027,1.215677688146426e-10,EXP_LGBModel_Alpha158_csi300_custom_step0_s_20260808_14,7f1866eb1cb64046aef890ac6897c6b4,0.089,,,
2410,2026-08-07,SZ002028,-0.0005834184708033181,EXP_LGBModel_Alpha158_csi300_custom_step0_s_20260808_14,7f1866eb1cb64046aef890ac6897c6b4,0.089,,,
2411,2026-08-07,SZ002049,-0.0005834184708033181,EXP_LGBModel_Alpha158_csi300_custom_step0_s_20260808_14,7f1866eb1cb64046aef890ac6897c6b4,0.089,,,
2412,2026-08-07,SZ002050,-0.0005834184708033181,EXP_LGBModel_Alpha158_csi300_custom_step0_s_20260808_14,7f1866eb1cb64046aef890ac6897c6b4,0.089,,,
2413,2026-08-07,SZ002074,-0.0017297621254830624,EXP_LGBModel_Alpha158_csi300_custom_step0_s_20260808_14,7f1866eb1cb64046aef890ac6897c6b4,0.089,,,
2414,2026-08-07,SZ002142,0.0017832429341256022,EXP_LGBModel_Alpha158_csi300_custom_step0_s_20260808_14,7f1866eb1cb64046aef890ac6897c6b4,0.089,,,
2415,2026-08-07,SZ002179,-0.0005834184708033181,EXP_LGBModel_Alpha158_csi300_custom_step0_s_20260808_14,7f1866eb1cb64046aef890ac6897c6b4,0.089,,,
2416,2026-08-07,SZ002202,-0.0029411922919376165,EXP_LGBModel_Alpha158_csi300_custom_step0_s_20260808_14,7f1866eb1cb64046aef890ac6897c6b4,0.089,,,
2417,2026-08-07,SZ002230,-0.0029411922919376165,EXP_LGBModel_Alpha158_csi300_custom_step0_s_20260808_14,7f1866eb1cb64046aef890ac6897c6b4,0.089,,,
2418,2026-08-07,SZ002236,0.002964292485879471,EXP_LGBModel_Alpha158_csi300_custom_step0_s_20260808_14,7f1866eb1cb64046aef890ac6897c6b4,0.089,,,
2419,2026-08-07,SZ002241,-0.0029411922919376165,EXP_LGBModel_Alpha158_csi300_custom_step0_s_20260808_14,7f1866eb1cb64046aef890ac6897c6b4,0.089,,,
2420,2026-08-07,SZ002304,1.215677688146426e-10,EXP_LGBModel_Alpha158_csi300_custom_step0_s_20260808_14,7f1866eb1cb64046aef890ac6897c6b4,0.089,,,
2421,2026-08-07,SZ002311,1.215677688146426e-10,EXP_LGBModel_Alpha158_csi300_custom_step0_s_20260808_14,7f1866eb1cb64046aef890ac6897c6b4,0.089,,,
2422,2026-08-07,SZ002352,1.215677688146426e-10,EXP_LGBModel_Alpha158_csi300_custom_step0_s_20260808_14,7f1866eb1cb64046aef890ac6897c6b4,0.089,,,
2423,2026-08-07,SZ001391,1.215677688146426e-10,EXP_LGBModel_Alpha158_csi300_custom_step0_s_20260808_14,7f1866eb1cb64046aef890ac6897c6b4,0.089,,,
2424,2026-08-07,SZ000568,-0.0029411922919376165,EXP_LGBModel_Alpha158_csi300_custom_step0_s_20260808_14,7f1866eb1cb64046aef890ac6897c6b4,0.089,,,
2425,2026-08-07,SZ001280,-0.0005834184708033181,EXP_LGBModel_Alpha158_csi300_custom_step0_s_20260808_14,7f1866eb1cb64046aef890ac6897c6b4,0.089,,,
2426,2026-08-07,SZ000988,1.215677688146426e-10,EXP_LGBModel_Alpha158_csi300_custom_step0_s_20260808_14,7f1866eb1cb64046aef890ac6897c6b4,0.089,,,
2427,2026-08-07,SZ000617,-0.0017297621254830624,EXP_LGBModel_Alpha158_csi300_custom_step0_s_20260808_14,7f1866eb1cb64046aef890ac6897c6b4,0.089,,,
2428,2026-08-07,SZ000625,1.215677688146426e-10,EXP_LGBModel_Alpha158_csi300_custom_step0_s_20260808_14,7f1866eb1cb64046aef890ac6897c6b4,0.089,,,
2429,2026-08-07,SZ000630,-0.000520425311171679,EXP_LGBModel_Alpha158_csi300_custom_step0_s_20260808_14,7f1866eb1cb64046aef890ac6897c6b4,0.089,,,
2430,2026-08-07,SZ000651,1.215677688146426e-10,EXP_LGBModel_Alpha158_csi300_custom_step0_s_20260808_14,7f1866eb1cb64046aef890ac6897c6b4,0.089,,,
2431,2026-08-07,SZ000657,1.215677688146426e-10,EXP_LGBModel_Alpha158_csi300_custom_step0_s_20260808_14,7f1866eb1cb64046aef890ac6897c6b4,0.089,,,
2432,2026-08-07,SZ000708,-0.0017297621254830624,EXP_LGBModel_Alpha158_csi300_custom_step0_s_20260808_14,7f1866eb1cb64046aef890ac6897c6b4,0.089,,,
2433,2026-08-07,SZ000725,-0.0005834184708033181,EXP_LGBModel_Alpha158_csi300_custom_step0_s_20260808_14,7f1866eb1cb64046aef890ac6897c6b4,0.089,,,
2434,2026-08-07,SZ000768,1.215677688146426e-10,EXP_LGBModel_Alpha158_csi300_custom_step0_s_20260808_14,7f1866eb1cb64046aef890ac6897c6b4,0.089,,,
2435,2026-08-07,SZ000776,-0.0029411922919376165,EXP_LGBModel_Alpha158_csi300_custom_step0_s_20260808_14,7f1866eb1cb64046aef890ac6897c6b4,0.089,,,
2436,2026-08-07,SZ000792,1.215677688146426e-10,EXP_LGBModel_Alpha158_csi300_custom_step0_s_20260808_14,7f1866eb1cb64046aef890ac6897c6b4,0.089,,,
2437,2026-08-07,SZ000807,-0.0029411922919376165,EXP_LGBModel_Alpha158_csi300_custom_step0_s_20260808_14,7f1866eb1cb64046aef890ac6897c6b4,0.089,,,
2438,2026-08-07,SZ000858,1.215677688146426e-10,EXP_LGBModel_Alpha158_csi300_custom_step0_s_20260808_14,7f1866eb1cb64046aef890ac6897c6b4,0.089,,,
2439,2026-08-07,SZ000895,1.215677688146426e-10,EXP_LGBModel_Alpha158_csi300_custom_step0_s_20260808_14,7f1866eb1cb64046aef890ac6897c6b4,0.089,,,
2440,2026-08-07,SZ000938,-0.0029411922919376165,EXP_LGBModel_Alpha158_csi300_custom_step0_s_20260808_14,7f1866eb1cb64046aef890ac6897c6b4,0.089,,,
2441,2026-08-07,SZ000963,1.215677688146426e-10,EXP_LGBModel_Alpha158_csi300_custom_step0_s_20260808_14,7f1866eb1cb64046aef890ac6897c6b4,0.089,,,
2442,2026-08-07,SZ000975,-0.0029411922919376165,EXP_LGBModel_Alpha158_csi300_custom_step0_s_20260808_14,7f1866eb1cb64046aef890ac6897c6b4,0.089,,,
2443,2026-08-07,SZ000977,-0.0029411922919376165,EXP_LGBModel_Alpha158_csi300_custom_step0_s_20260808_14,7f1866eb1cb64046aef890ac6897c6b4,0.089,,,
2444,2026-08-07,SZ000999,1.215677688146426e-10,EXP_LGBModel_Alpha158_csi300_custom_step0_s_20260808_14,7f1866eb1cb64046aef890ac6897c6b4,0.089,,,
2445,2026-08-07,SH603296,-0.0029411922919376165,EXP_LGBModel_Alpha158_csi300_custom_step0_s_20260808_14,7f1866eb1cb64046aef890ac6897c6b4,0.089,,,
2446,2026-08-07,SH603288,1.215677688146426e-10,EXP_LGBModel_Alpha158_csi300_custom_step0_s_20260808_14,7f1866eb1cb64046aef890ac6897c6b4,0.089,,,
2447,2026-08-07,SH603260,0.0036242158330089657,EXP_LGBModel_Alpha158_csi300_custom_step0_s_20260808_14,7f1866eb1cb64046aef890ac6897c6b4,0.089,,,
2448,2026-08-07,SH601127,1.215677688146426e-10,EXP_LGBModel_Alpha158_csi300_custom_step0_s_20260808_14,7f1866eb1cb64046aef890ac6897c6b4,0.089,,,
2449,2026-08-07,SH601136,0.0017832429341256022,EXP_LGBModel_Alpha158_csi300_custom_step0_s_20260808_14,7f1866eb1cb64046aef890ac6897c6b4,0.089,,,
2450,2026-08-07,SH601138,-0.0029411922919376165,EXP_LGBModel_Alpha158_csi300_custom_step0_s_20260808_14,7f1866eb1cb64046aef890ac6897c6b4,0.089,,,
2451,2026-08-07,SH601166,0.0017832429341256022,EXP_LGBModel_Alpha158_csi300_custom_step0_s_20260808_14,7f1866eb1cb64046aef890ac6897c6b4,0.089,,,
2452,2026-08-07,SH601169,1.215677688146426e-10,EXP_LGBModel_Alpha158_csi300_custom_step0_s_20260808_14,7f1866eb1cb64046aef890ac6897c6b4,0.089,,,
2453,2026-08-07,SH601186,0.0017832429341256022,EXP_LGBModel_Alpha158_csi300_custom_step0_s_20260808_14,7f1866eb1cb64046aef890ac6897c6b4,0.089,,,
2454,2026-08-07,SH601211,1.215677688146426e-10,EXP_LGBModel_Alpha158_csi300_custom_step0_s_20260808_14,7f1866eb1cb64046aef890ac6897c6b4,0.089,,,
2455,2026-08-07,SH601225,-0.0029411922919376165,EXP_LGBModel_Alpha158_csi300_custom_step0_s_20260808_14,7f1866eb1cb64046aef890ac6897c6b4,0.089,,,
2456,2026-08-07,SH601229,0.0017832429341256022,EXP_LGBModel_Alpha158_csi300_custom_step0_s_20260808_14,7f1866eb1cb64046aef890ac6897c6b4,0.089,,,
2457,2026-08-07,SH601238,1.215677688146426e-10,EXP_LGBModel_Alpha158_csi300_custom_step0_s_20260808_14,7f1866eb1cb64046aef890ac6897c6b4,0.089,,,
2458,2026-08-07,SH601288,1.215677688146426e-10,EXP_LGBModel_Alpha158_csi300_custom_step0_s_20260808_14,7f1866eb1cb64046aef890ac6897c6b4,0.089,,,
2459,2026-08-07,SH601318,1.215677688146426e-10,EXP_LGBModel_Alpha158_csi300_custom_step0_s_20260808_14,7f1866eb1cb64046aef890ac6897c6b4,0.089,,,
2460,2026-08-07,SH601319,0.0017832429341256022,EXP_LGBModel_Alpha158_csi300_custom_step0_s_20260808_14,7f1866eb1cb64046aef890ac6897c6b4,0.089,,,
2461,2026-08-07,SH601328,1.215677688146426e-10,EXP_LGBModel_Alpha158_csi300_custom_step0_s_20260808_14,7f1866eb1cb64046aef890ac6897c6b4,0.089,,,
2462,2026-08-07,SH601336,0.0017832429341256022,EXP_LGBModel_Alpha158_csi300_custom_step0_s_20260808_14,7f1866eb1cb64046aef890ac6897c6b4,0.089,,,
2463,2026-08-07,SH601360,-0.0029411922919376165,EXP_LGBModel_Alpha158_csi300_custom_step0_s_20260808_14,7f1866eb1cb64046aef890ac6897c6b4,0.089,,,
2464,2026-08-07,SH601377,0.002964292485879471,EXP_LGBModel_Alpha158_csi300_custom_step0_s_20260808_14,7f1866eb1cb64046aef890ac6897c6b4,0.089,,,
2465,2026-08-07,SH601117,0.002964292485879471,EXP_LGBModel_Alpha158_csi300_custom_step0_s_20260808_14,7f1866eb1cb64046aef890ac6897c6b4,0.089,,,
2466,2026-08-07,SH601390,0.0017832429341256022,EXP_LGBModel_Alpha158_csi300_custom_step0_s_20260808_14,7f1866eb1cb64046aef890ac6897c6b4,0.089,,,
2467,2026-08-07,SH601111,0.002964292485879471,EXP_LGBModel_Alpha158_csi300_custom_step0_s_20260808_14,7f1866eb1cb64046aef890ac6897c6b4,0.089,,,
2468,2026-08-07,SH601088,-0.0029411922919376165,EXP_LGBModel_Alpha158_csi300_custom_step0_s_20260808_14,7f1866eb1cb64046aef890ac6897c6b4,0.089,,,
2469,2026-08-07,SH600919,0.0017832429341256022,EXP_LGBModel_Alpha158_csi300_custom_step0_s_20260808_14,7f1866eb1cb64046aef890ac6897c6b4,0.089,,,
2470,2026-08-07,SH600926,0.0017832429341256022,EXP_LGBModel_Alpha158_csi300_custom_step0_s_20260808_14,7f1866eb1cb64046aef890ac6897c6b4,0.089,,,
2471,2026-08-07,SH600930,1.215677688146426e-10,EXP_LGBModel_Alpha158_csi300_custom_step0_s_20260808_14,7f1866eb1cb64046aef890ac6897c6b4,0.089,,,
2472,2026-08-07,SH600938,1.215677688146426e-10,EXP_LGBModel_Alpha158_csi300_custom_step0_s_20260808_14,7f1866eb1cb64046aef890ac6897c6b4,0.089,,,
2473,2026-08-07,SH600941,0.0017832429341256022,EXP_LGBModel_Alpha158_csi300_custom_step0_s_20260808_14,7f1866eb1cb64046aef890ac6897c6b4,0.089,,,
2474,2026-08-07,SH600958,0.002964292485879471,EXP_LGBModel_Alpha158_csi300_custom_step0_s_20260808_14,7f1866eb1cb64046aef890ac6897c6b4,0.089,,,
2475,2026-08-07,SH600989,1.215677688146426e-10,EXP_LGBModel_Alpha158_csi300_custom_step0_s_20260808_14,7f1866eb1cb64046aef890ac6897c6b4,0.089,,,
2476,2026-08-07,SH600999,-0.0005834184708033181,EXP_LGBModel_Alpha158_csi300_custom_step0_s_20260808_14,7f1866eb1cb64046aef890ac6897c6b4,0.089,,,
2477,2026-08-07,SH601006,0.0017832429341256022,EXP_LGBModel_Alpha158_csi300_custom_step0_s_20260808_14,7f1866eb1cb64046aef890ac6897c6b4,0.089,,,
2478,2026-08-07,SH601009,1.215677688146426e-10,EXP_LGBModel_Alpha158_csi300_custom_step0_s_20260808_14,7f1866eb1cb64046aef890ac6897c6b4,0.089,,,
2479,2026-08-07,SH601012,-0.0029411922919376165,EXP_LGBModel_Alpha158_csi300_custom_step0_s_20260808_14,7f1866eb1cb64046aef890ac6897c6b4,0.089,,,
2480,2026-08-07,SH601018,0.0017832429341256022,EXP_LGBModel_Alpha158_csi300_custom_step0_s_20260808_14,7f1866eb1cb64046aef890ac6897c6b4,0.089,,,
2481,2026-08-07,SH601021,0.002964292485879471,EXP_LGBModel_Alpha158_csi300_custom_step0_s_20260808_14,7f1866eb1cb64046aef890ac6897c6b4,0.089,,,
2482,2026-08-07,SH601058,1.215677688146426e-10,EXP_LGBModel_Alpha158_csi300_custom_step0_s_20260808_14,7f1866eb1cb64046aef890ac6897c6b4,0.089,,,
2483,2026-08-07,SH601059,0.002964292485879471,EXP_LGBModel_Alpha158_csi300_custom_step0_s_20260808_14,7f1866eb1cb64046aef890ac6897c6b4,0.089,,,
2484,2026-08-07,SH601066,-0.0015440909263035485,EXP_LGBModel_Alpha158_csi300_custom_step0_s_20260808_14,7f1866eb1cb64046aef890ac6897c6b4,0.089,,,
2485,2026-08-07,SH601077,1.215677688146426e-10,EXP_LGBModel_Alpha158_csi300_custom_step0_s_20260808_14,7f1866eb1cb64046aef890ac6897c6b4,0.089,,,
2486,2026-08-07,SH601100,1.215677688146426e-10,EXP_LGBModel_Alpha158_csi300_custom_step0_s_20260808_14,7f1866eb1cb64046aef890ac6897c6b4,0.089,,,
2487,2026-08-07,SH601398,1.215677688146426e-10,EXP_LGBModel_Alpha158_csi300_custom_step0_s_20260808_14,7f1866eb1cb64046aef890ac6897c6b4,0.089,,,
2488,2026-08-07,SH601456,0.002964292485879471,EXP_LGBModel_Alpha158_csi300_custom_step0_s_20260808_14,7f1866eb1cb64046aef890ac6897c6b4,0.089,,,
2489,2026-08-07,SH601600,-0.0005834184708033181,EXP_LGBModel_Alpha158_csi300_custom_step0_s_20260808_14,7f1866eb1cb64046aef890ac6897c6b4,0.089,,,
2490,2026-08-07,SH601872,-0.0029411922919376165,EXP_LGBModel_Alpha158_csi300_custom_step0_s_20260808_14,7f1866eb1cb64046aef890ac6897c6b4,0.089,,,
2491,2026-08-07,SH601877,1.215677688146426e-10,EXP_LGBModel_Alpha158_csi300_custom_step0_s_20260808_14,7f1866eb1cb64046aef890ac6897c6b4,0.089,,,
2492,2026-08-07,SH601878,0.002964292485879471,EXP_LGBModel_Alpha158_csi300_custom_step0_s_20260808_14,7f1866eb1cb64046aef890ac6897c6b4,0.089,,,
2493,2026-08-07,SH601881,0.002964292485879471,EXP_LGBModel_Alpha158_csi300_custom_step0_s_20260808_14,7f1866eb1cb64046aef890ac6897c6b4,0.089,,,
2494,2026-08-07,SH601888,1.215677688146426e-10,EXP_LGBModel_Alpha158_csi300_custom_step0_s_20260808_14,7f1866eb1cb64046aef890ac6897c6b4,0.089,,,
2495,2026-08-07,SH601898,-0.0005834184708033181,EXP_LGBModel_Alpha158_csi300_custom_step0_s_20260808_14,7f1866eb1cb64046aef890ac6897c6b4,0.089,,,
2496,2026-08-07,SH601899,-0.0029411922919376165,EXP_LGBModel_Alpha158_csi300_custom_step0_s_20260808_14,7f1866eb1cb64046aef890ac6897c6b4,0.089,,,
2497,2026-08-07,SH601901,0.002964292485879471,EXP_LGBModel_Alpha158_csi300_custom_step0_s_20260808_14,7f1866eb1cb64046aef890ac6897c6b4,0.089,,,
2498,2026-08-07,SH601916,1.215677688146426e-10,EXP_LGBModel_Alpha158_csi300_custom_step0_s_20260808_14,7f1866eb1cb64046aef890ac6897c6b4,0.089,,,
2499,2026-08-07,SH601919,1.215677688146426e-10,EXP_LGBModel_Alpha158_csi300_custom_step0_s_20260808_14,7f1866eb1cb64046aef890ac6897c6b4,0.089,,,
2500,2026-08-07,SH601939,1.215677688146426e-10,EXP_LGBModel_Alpha158_csi300_custom_step0_s_20260808_14,7f1866eb1cb64046aef890ac6897c6b4,0.089,,,
2501,2026-08-07,SH601985,1.215677688146426e-10,EXP_LGBModel_Alpha158_csi300_custom_step0_s_20260808_14,7f1866eb1cb64046aef890ac6897c6b4,0.089,,,
2502,2026-08-07,SH601988,1.215677688146426e-10,EXP_LGBModel_Alpha158_csi300_custom_step0_s_20260808_14,7f1866eb1cb64046aef890ac6897c6b4,0.089,,,
2503,2026-08-07,SH601995,0.0017832429341256022,EXP_LGBModel_Alpha158_csi300_custom_step0_s_20260808_14,7f1866eb1cb64046aef890ac6897c6b4,0.089,,,
2504,2026-08-07,SH601998,1.215677688146426e-10,EXP_LGBModel_Alpha158_csi300_custom_step0_s_20260808_14,7f1866eb1cb64046aef890ac6897c6b4,0.089,,,
2505,2026-08-07,SH603019,-0.0005834184708033181,EXP_LGBModel_Alpha158_csi300_custom_step0_s_20260808_14,7f1866eb1cb64046aef890ac6897c6b4,0.089,,,
2506,2026-08-07,SH603259,-0.0029411922919376165,EXP_LGBModel_Alpha158_csi300_custom_step0_s_20260808_14,7f1866eb1cb64046aef890ac6897c6b4,0.089,,,
2507,2026-08-07,SH601868,0.002964292485879471,EXP_LGBModel_Alpha158_csi300_custom_step0_s_20260808_14,7f1866eb1cb64046aef890ac6897c6b4,0.089,,,
2508,2026-08-07,SH601857,1.215677688146426e-10,EXP_LGBModel_Alpha158_csi300_custom_step0_s_20260808_14,7f1866eb1cb64046aef890ac6897c6b4,0.089,,,
2509,2026-08-07,SH601838,0.0017832429341256022,EXP_LGBModel_Alpha158_csi300_custom_step0_s_20260808_14,7f1866eb1cb64046aef890ac6897c6b4,0.089,,,
2510,2026-08-07,SH601825,0.0017832429341256022,EXP_LGBModel_Alpha158_csi300_custom_step0_s_20260808_14,7f1866eb1cb64046aef890ac6897c6b4,0.089,,,
2511,2026-08-07,SH601601,1.215677688146426e-10,EXP_LGBModel_Alpha158_csi300_custom_step0_s_20260808_14,7f1866eb1cb64046aef890ac6897c6b4,0.089,,,
2512,2026-08-07,SH601607,0.0012590834871020137,EXP_LGBModel_Alpha158_csi300_custom_step0_s_20260808_14,7f1866eb1cb64046aef890ac6897c6b4,0.089,,,
2513,2026-08-07,SH601618,0.0017832429341256022,EXP_LGBModel_Alpha158_csi300_custom_step0_s_20260808_14,7f1866eb1cb64046aef890ac6897c6b4,0.089,,,
2514,2026-08-07,SH601628,-0.0029411922919376165,EXP_LGBModel_Alpha158_csi300_custom_step0_s_20260808_14,7f1866eb1cb64046aef890ac6897c6b4,0.089,,,
2515,2026-08-07,SH601633,1.215677688146426e-10,EXP_LGBModel_Alpha158_csi300_custom_step0_s_20260808_14,7f1866eb1cb64046aef890ac6897c6b4,0.089,,,
2516,2026-08-07,SH601658,1.215677688146426e-10,EXP_LGBModel_Alpha158_csi300_custom_step0_s_20260808_14,7f1866eb1cb64046aef890ac6897c6b4,0.089,,,
2517,2026-08-07,SH601668,1.215677688146426e-10,EXP_LGBModel_Alpha158_csi300_custom_step0_s_20260808_14,7f1866eb1cb64046aef890ac6897c6b4,0.089,,,
2518,2026-08-07,SH601669,0.002964292485879471,EXP_LGBModel_Alpha158_csi300_custom_step0_s_20260808_14,7f1866eb1cb64046aef890ac6897c6b4,0.089,,,
2519,2026-08-07,SZ002353,-0.0029411922919376165,EXP_LGBModel_Alpha158_csi300_custom_step0_s_20260808_14,7f1866eb1cb64046aef890ac6897c6b4,0.089,,,
2520,2026-08-07,SH601688,1.215677688146426e-10,EXP_LGBModel_Alpha158_csi300_custom_step0_s_20260808_14,7f1866eb1cb64046aef890ac6897c6b4,0.089,,,
2521,2026-08-07,SH601698,-0.0005834184708033181,EXP_LGBModel_Alpha158_csi300_custom_step0_s_20260808_14,7f1866eb1cb64046aef890ac6897c6b4,0.089,,,
2522,2026-08-07,SH601727,1.215677688146426e-10,EXP_LGBModel_Alpha158_csi300_custom_step0_s_20260808_14,7f1866eb1cb64046aef890ac6897c6b4,0.089,,,
2523,2026-08-07,SH601728,-0.0017297621254830624,EXP_LGBModel_Alpha158_csi300_custom_step0_s_20260808_14,7f1866eb1cb64046aef890ac6897c6b4,0.089,,,
2524,2026-08-07,SH601766,1.215677688146426e-10,EXP_LGBModel_Alpha158_csi300_custom_step0_s_20260808_14,7f1866eb1cb64046aef890ac6897c6b4,0.089,,,
2525,2026-08-07,SH601788,0.002964292485879471,EXP_LGBModel_Alpha158_csi300_custom_step0_s_20260808_14,7f1866eb1cb64046aef890ac6897c6b4,0.089,,,
2526,2026-08-07,SH601800,1.215677688146426e-10,EXP_LGBModel_Alpha158_csi300_custom_step0_s_20260808_14,7f1866eb1cb64046aef890ac6897c6b4,0.089,,,
2527,2026-08-07,SH601816,0.0017832429341256022,EXP_LGBModel_Alpha158_csi300_custom_step0_s_20260808_14,7f1866eb1cb64046aef890ac6897c6b4,0.089,,,
2528,2026-08-07,SH601818,1.215677688146426e-10,EXP_LGBModel_Alpha158_csi300_custom_step0_s_20260808_14,7f1866eb1cb64046aef890ac6897c6b4,0.089,,,
2529,2026-08-07,SH601689,0.0036242158330089657,EXP_LGBModel_Alpha158_csi300_custom_step0_s_20260808_14,7f1866eb1cb64046aef890ac6897c6b4,0.089,,,
2530,2026-08-07,SH601336,0.002643817911332112,EXP_LGBModel_Alpha158_csi300_custom_step0_s_20260808_14,60e65baeeac045d49538dc55b66568f6,0.16,,,
2531,2026-08-07,SZ002371,-0.0029411922919376165,EXP_LGBModel_Alpha158_csi300_custom_step0_s_20260808_14,7f1866eb1cb64046aef890ac6897c6b4,0.089,,,
2532,2026-08-07,SZ002415,1.215677688146426e-10,EXP_LGBModel_Alpha158_csi300_custom_step0_s_20260808_14,7f1866eb1cb64046aef890ac6897c6b4,0.089,,,
2533,2026-08-07,SH600519,-0.0038115400105702365,EXP_LGBModel_Alpha158_csi300_custom_step0_s_20260808_14,60e65baeeac045d49538dc55b66568f6,0.16,,,
2534,2026-08-07,SH600522,-0.0004286289336359613,EXP_LGBModel_Alpha158_csi300_custom_step0_s_20260808_14,60e65baeeac045d49538dc55b66568f6,0.16,,,
2535,2026-08-07,SH600547,0.00029543215217483045,EXP_LGBModel_Alpha158_csi300_custom_step0_s_20260808_14,60e65baeeac045d49538dc55b66568f6,0.16,,,
2536,2026-08-07,SH600549,-1.8693429972699314e-10,EXP_LGBModel_Alpha158_csi300_custom_step0_s_20260808_14,60e65baeeac045d49538dc55b66568f6,0.16,,,
2537,2026-08-07,SH600570,-0.003625394025180687,EXP_LGBModel_Alpha158_csi300_custom_step0_s_20260808_14,60e65baeeac045d49538dc55b66568f6,0.16,,,
2538,2026-08-07,SH600584,-0.0004286289336359613,EXP_LGBModel_Alpha158_csi300_custom_step0_s_20260808_14,60e65baeeac045d49538dc55b66568f6,0.16,,,
2539,2026-08-07,SH600585,-0.00759778001720773,EXP_LGBModel_Alpha158_csi300_custom_step0_s_20260808_14,60e65baeeac045d49538dc55b66568f6,0.16,,,
2540,2026-08-07,SH600588,-1.8693429972699314e-10,EXP_LGBModel_Alpha158_csi300_custom_step0_s_20260808_14,60e65baeeac045d49538dc55b66568f6,0.16,,,
2541,2026-08-07,SH600600,-0.008449466587156354,EXP_LGBModel_Alpha158_csi300_custom_step0_s_20260808_14,60e65baeeac045d49538dc55b66568f6,0.16,,,
2542,2026-08-07,SH600660,0.0034755743200791493,EXP_LGBModel_Alpha158_csi300_custom_step0_s_20260808_14,60e65baeeac045d49538dc55b66568f6,0.16,,,
2543,2026-08-07,SH600674,-0.0031140595128186887,EXP_LGBModel_Alpha158_csi300_custom_step0_s_20260808_14,60e65baeeac045d49538dc55b66568f6,0.16,,,
2544,2026-08-07,SH600690,-0.0021493989394084216,EXP_LGBModel_Alpha158_csi300_custom_step0_s_20260808_14,60e65baeeac045d49538dc55b66568f6,0.16,,,
2545,2026-08-07,SH600741,-0.0022623729428700645,EXP_LGBModel_Alpha158_csi300_custom_step0_s_20260808_14,60e65baeeac045d49538dc55b66568f6,0.16,,,
2546,2026-08-07,SH600760,0.00246702685728078,EXP_LGBModel_Alpha158_csi300_custom_step0_s_20260808_14,60e65baeeac045d49538dc55b66568f6,0.16,,,
2547,2026-08-07,SH600795,-0.0012057909462981047,EXP_LGBModel_Alpha158_csi300_custom_step0_s_20260808_14,60e65baeeac045d49538dc55b66568f6,0.16,,,
2548,2026-08-07,SH600803,-0.008449466587156354,EXP_LGBModel_Alpha158_csi300_custom_step0_s_20260808_14,60e65baeeac045d49538dc55b66568f6,0.16,,,
2549,2026-08-07,SH600809,-0.0057906031692027075,EXP_LGBModel_Alpha158_csi300_custom_step0_s_20260808_14,60e65baeeac045d49538dc55b66568f6,0.16,,,
2550,2026-08-07,SH600515,0.002491819874053565,EXP_LGBModel_Alpha158_csi300_custom_step0_s_20260808_14,60e65baeeac045d49538dc55b66568f6,0.16,,,
2551,2026-08-07,SH600845,-1.8693429972699314e-10,EXP_LGBModel_Alpha158_csi300_custom_step0_s_20260808_14,60e65baeeac045d49538dc55b66568f6,0.16,,,
2552,2026-08-07,SH600489,0.0044582689581165414,EXP_LGBModel_Alpha158_csi300_custom_step0_s_20260808_14,60e65baeeac045d49538dc55b66568f6,0.16,,,
2553,2026-08-07,SH600460,-0.0004286289336359613,EXP_LGBModel_Alpha158_csi300_custom_step0_s_20260808_14,60e65baeeac045d49538dc55b66568f6,0.16,,,
2554,2026-08-07,SH600176,-0.0004286289336359613,EXP_LGBModel_Alpha158_csi300_custom_step0_s_20260808_14,60e65baeeac045d49538dc55b66568f6,0.16,,,
2555,2026-08-07,SH600183,-0.0004286289336359613,EXP_LGBModel_Alpha158_csi300_custom_step0_s_20260808_14,60e65baeeac045d49538dc55b66568f6,0.16,,,
2556,2026-08-07,SH600188,0.0018445992198750025,EXP_LGBModel_Alpha158_csi300_custom_step0_s_20260808_14,60e65baeeac045d49538dc55b66568f6,0.16,,,
2557,2026-08-07,SH600196,0.004222436382482585,EXP_LGBModel_Alpha158_csi300_custom_step0_s_20260808_14,60e65baeeac045d49538dc55b66568f6,0.16,,,
2558,2026-08-07,SH600219,-0.0022623729428700645,EXP_LGBModel_Alpha158_csi300_custom_step0_s_20260808_14,60e65baeeac045d49538dc55b66568f6,0.16,,,
2559,2026-08-07,SH600221,0.0023778369756732825,EXP_LGBModel_Alpha158_csi300_custom_step0_s_20260808_14,60e65baeeac045d49538dc55b66568f6,0.16,,,
2560,2026-08-07,SH600233,-0.0035282304132669418,EXP_LGBModel_Alpha158_csi300_custom_step0_s_20260808_14,60e65baeeac045d49538dc55b66568f6,0.16,,,
2561,2026-08-07,SH600276,0.0023515624506089627,EXP_LGBModel_Alpha158_csi300_custom_step0_s_20260808_14,60e65baeeac045d49538dc55b66568f6,0.16,,,
2562,2026-08-07,SH600309,0.004196161857418265,EXP_LGBModel_Alpha158_csi300_custom_step0_s_20260808_14,60e65baeeac045d49538dc55b66568f6,0.16,,,
2563,2026-08-07,SH600346,0.0018445992198750025,EXP_LGBModel_Alpha158_csi300_custom_step0_s_20260808_14,60e65baeeac045d49538dc55b66568f6,0.16,,,
2564,2026-08-07,SH600362,0.006302868364925844,EXP_LGBModel_Alpha158_csi300_custom_step0_s_20260808_14,60e65baeeac045d49538dc55b66568f6,0.16,,,
2565,2026-08-07,SH600372,0.0023778369756732825,EXP_LGBModel_Alpha158_csi300_custom_step0_s_20260808_14,60e65baeeac045d49538dc55b66568f6,0.16,,,
2566,2026-08-07,SH600406,-0.00759778001720773,EXP_LGBModel_Alpha158_csi300_custom_step0_s_20260808_14,60e65baeeac045d49538dc55b66568f6,0.16,,,
2567,2026-08-07,SH600415,-0.0025022829728446197,EXP_LGBModel_Alpha158_csi300_custom_step0_s_20260808_14,60e65baeeac045d49538dc55b66568f6,0.16,,,
2568,2026-08-07,SH600426,-0.0022623729428700645,EXP_LGBModel_Alpha158_csi300_custom_step0_s_20260808_14,60e65baeeac045d49538dc55b66568f6,0.16,,,
2569,2026-08-07,SH600436,-0.0022623729428700645,EXP_LGBModel_Alpha158_csi300_custom_step0_s_20260808_14,60e65baeeac045d49538dc55b66568f6,0.16,,,
2570,2026-08-07,SH600438,-0.003625394025180687,EXP_LGBModel_Alpha158_csi300_custom_step0_s_20260808_14,60e65baeeac045d49538dc55b66568f6,0.16,,,
2571,2026-08-07,SH600482,-0.008449466587156354,EXP_LGBModel_Alpha158_csi300_custom_step0_s_20260808_14,60e65baeeac045d49538dc55b66568f6,0.16,,,
2572,2026-08-07,SH600160,-1.8693429972699314e-10,EXP_LGBModel_Alpha158_csi300_custom_step0_s_20260808_14,60e65baeeac045d49538dc55b66568f6,0.16,,,
2573,2026-08-07,SH600875,-0.005335407261271965,EXP_LGBModel_Alpha158_csi300_custom_step0_s_20260808_14,60e65baeeac045d49538dc55b66568f6,0.16,,,
2574,2026-08-07,SH600887,-0.0038115400105702365,EXP_LGBModel_Alpha158_csi300_custom_step0_s_20260808_14,60e65baeeac045d49538dc55b66568f6,0.16,,,
2575,2026-08-07,SH601088,-0.005887766781116452,EXP_LGBModel_Alpha158_csi300_custom_step0_s_20260808_14,60e65baeeac045d49538dc55b66568f6,0.16,,,
2576,2026-08-07,SH601100,-0.008449466587156354,EXP_LGBModel_Alpha158_csi300_custom_step0_s_20260808_14,60e65baeeac045d49538dc55b66568f6,0.16,,,
2577,2026-08-07,SH601111,0.004227120500207024,EXP_LGBModel_Alpha158_csi300_custom_step0_s_20260808_14,60e65baeeac045d49538dc55b66568f6,0.16,,,
2578,2026-08-07,SH601117,0.007373217711482957,EXP_LGBModel_Alpha158_csi300_custom_step0_s_20260808_14,60e65baeeac045d49538dc55b66568f6,0.16,,,
2579,2026-08-07,SH601127,-0.006739453351065076,EXP_LGBModel_Alpha158_csi300_custom_step0_s_20260808_14,60e65baeeac045d49538dc55b66568f6,0.16,,,
2580,2026-08-07,SH601136,-0.0009826948249716915,EXP_LGBModel_Alpha158_csi300_custom_step0_s_20260808_14,60e65baeeac045d49538dc55b66568f6,0.16,,,
2581,2026-08-07,SH601138,-0.008449466587156354,EXP_LGBModel_Alpha158_csi300_custom_step0_s_20260808_14,60e65baeeac045d49538dc55b66568f6,0.16,,,
2582,2026-08-07,SH601166,-0.0038115400105702365,EXP_LGBModel_Alpha158_csi300_custom_step0_s_20260808_14,60e65baeeac045d49538dc55b66568f6,0.16,,,
2583,2026-08-07,SH601169,0.002643817911332112,EXP_LGBModel_Alpha158_csi300_custom_step0_s_20260808_14,60e65baeeac045d49538dc55b66568f6,0.16,,,
2584,2026-08-07,SH601186,-0.0022623729428700645,EXP_LGBModel_Alpha158_csi300_custom_step0_s_20260808_14,60e65baeeac045d49538dc55b66568f6,0.16,,,
2585,2026-08-07,SH601211,-0.00759778001720773,EXP_LGBModel_Alpha158_csi300_custom_step0_s_20260808_14,60e65baeeac045d49538dc55b66568f6,0.16,,,
2586,2026-08-07,SH601225,0.002643817911332112,EXP_LGBModel_Alpha158_csi300_custom_step0_s_20260808_14,60e65baeeac045d49538dc55b66568f6,0.16,,,
2587,2026-08-07,SH601229,0.0006647547526996418,EXP_LGBModel_Alpha158_csi300_custom_step0_s_20260808_14,60e65baeeac045d49538dc55b66568f6,0.16,,,
2588,2026-08-07,SH601238,-0.003625394025180687,EXP_LGBModel_Alpha158_csi300_custom_step0_s_20260808_14,60e65baeeac045d49538dc55b66568f6,0.16,,,
2589,2026-08-07,SH601288,-0.0034908078544626632,EXP_LGBModel_Alpha158_csi300_custom_step0_s_20260808_14,60e65baeeac045d49538dc55b66568f6,0.16,,,
2590,2026-08-07,SH601318,-0.00346816370223387,EXP_LGBModel_Alpha158_csi300_custom_step0_s_20260808_14,60e65baeeac045d49538dc55b66568f6,0.16,,,
2591,2026-08-07,SH601319,0.002643817911332112,EXP_LGBModel_Alpha158_csi300_custom_step0_s_20260808_14,60e65baeeac045d49538dc55b66568f6,0.16,,,
2592,2026-08-07,SH601077,0.007102087056382954,EXP_LGBModel_Alpha158_csi300_custom_step0_s_20260808_14,60e65baeeac045d49538dc55b66568f6,0.16,,,
2593,2026-08-07,SH600886,-0.0009826948249716915,EXP_LGBModel_Alpha158_csi300_custom_step0_s_20260808_14,60e65baeeac045d49538dc55b66568f6,0.16,,,
2594,2026-08-07,SH601066,-1.8693429972699314e-10,EXP_LGBModel_Alpha158_csi300_custom_step0_s_20260808_14,60e65baeeac045d49538dc55b66568f6,0.16,,,
2595,2026-08-07,SH601058,-0.0035282304132669418,EXP_LGBModel_Alpha158_csi300_custom_step0_s_20260808_14,60e65baeeac045d49538dc55b66568f6,0.16,,,
2596,2026-08-07,SH600893,-1.8693429972699314e-10,EXP_LGBModel_Alpha158_csi300_custom_step0_s_20260808_14,60e65baeeac045d49538dc55b66568f6,0.16,,,
2597,2026-08-07,SH600900,-0.0031140595128186887,EXP_LGBModel_Alpha158_csi300_custom_step0_s_20260808_14,60e65baeeac045d49538dc55b66568f6,0.16,,,
2598,2026-08-07,SH600905,0.0001154642197375177,EXP_LGBModel_Alpha158_csi300_custom_step0_s_20260808_14,60e65baeeac045d49538dc55b66568f6,0.16,,,
2599,2026-08-07,SH600918,0.002643817911332112,EXP_LGBModel_Alpha158_csi300_custom_step0_s_20260808_14,60e65baeeac045d49538dc55b66568f6,0.16,,,
2600,2026-08-07,SH600919,0.007373217711482957,EXP_LGBModel_Alpha158_csi300_custom_step0_s_20260808_14,60e65baeeac045d49538dc55b66568f6,0.16,,,
2601,2026-08-07,SH600926,0.007373217711482957,EXP_LGBModel_Alpha158_csi300_custom_step0_s_20260808_14,60e65baeeac045d49538dc55b66568f6,0.16,,,
2602,2026-08-07,SH600930,-1.8693429972699314e-10,EXP_LGBModel_Alpha158_csi300_custom_step0_s_20260808_14,60e65baeeac045d49538dc55b66568f6,0.16,,,
2603,2026-08-07,SH600938,-0.00759778001720773,EXP_LGBModel_Alpha158_csi300_custom_step0_s_20260808_14,60e65baeeac045d49538dc55b66568f6,0.16,,,
2604,2026-08-07,SH600941,0.00246702685728078,EXP_LGBModel_Alpha158_csi300_custom_step0_s_20260808_14,60e65baeeac045d49538dc55b66568f6,0.16,,,
2605,2026-08-07,SH600958,0.007373217711482957,EXP_LGBModel_Alpha158_csi300_custom_step0_s_20260808_14,60e65baeeac045d49538dc55b66568f6,0.16,,,
2606,2026-08-07,SH600989,-1.8693429972699314e-10,EXP_LGBModel_Alpha158_csi300_custom_step0_s_20260808_14,60e65baeeac045d49538dc55b66568f6,0.16,,,
2607,2026-08-07,SH600999,-0.00268264995429585,EXP_LGBModel_Alpha158_csi300_custom_step0_s_20260808_14,60e65baeeac045d49538dc55b66568f6,0.16,,,
2608,2026-08-07,SH601006,-0.004945022710231615,EXP_LGBModel_Alpha158_csi300_custom_step0_s_20260808_14,60e65baeeac045d49538dc55b66568f6,0.16,,,
2609,2026-08-07,SH601009,0.002643817911332112,EXP_LGBModel_Alpha158_csi300_custom_step0_s_20260808_14,60e65baeeac045d49538dc55b66568f6,0.16,,,
2610,2026-08-07,SH601012,-0.004961786417559953,EXP_LGBModel_Alpha158_csi300_custom_step0_s_20260808_14,60e65baeeac045d49538dc55b66568f6,0.16,,,
2611,2026-08-07,SH601018,0.002643817911332112,EXP_LGBModel_Alpha158_csi300_custom_step0_s_20260808_14,60e65baeeac045d49538dc55b66568f6,0.16,,,
2612,2026-08-07,SH601021,0.002643817911332112,EXP_LGBModel_Alpha158_csi300_custom_step0_s_20260808_14,60e65baeeac045d49538dc55b66568f6,0.16,,,
2613,2026-08-07,SH601059,0.004995380548875375,EXP_LGBModel_Alpha158_csi300_custom_step0_s_20260808_14,60e65baeeac045d49538dc55b66568f6,0.16,,,
2614,2026-08-07,SH600150,-1.8693429972699314e-10,EXP_LGBModel_Alpha158_csi300_custom_step0_s_20260808_14,60e65baeeac045d49538dc55b66568f6,0.16,,,
2615,2026-08-07,SH600118,0.004450979487149005,EXP_LGBModel_Alpha158_csi300_custom_step0_s_20260808_14,60e65baeeac045d49538dc55b66568f6,0.16,,,
2616,2026-08-07,SH600115,0.0007261722852633745,EXP_LGBModel_Alpha158_csi300_custom_step0_s_20260808_14,60e65baeeac045d49538dc55b66568f6,0.16,,,
2617,2026-08-07,SZ300014,-0.0005834184708033181,EXP_LGBModel_Alpha158_csi300_custom_step0_s_20260808_14,7f1866eb1cb64046aef890ac6897c6b4,0.089,,,
2618,2026-08-07,SZ300015,-0.0029411922919376165,EXP_LGBModel_Alpha158_csi300_custom_step0_s_20260808_14,7f1866eb1cb64046aef890ac6897c6b4,0.089,,,
2619,2026-08-07,SZ300033,-0.0029411922919376165,EXP_LGBModel_Alpha158_csi300_custom_step0_s_20260808_14,7f1866eb1cb64046aef890ac6897c6b4,0.089,,,
2620,2026-08-07,SZ300059,0.0017832429341256022,EXP_LGBModel_Alpha158_csi300_custom_step0_s_20260808_14,7f1866eb1cb64046aef890ac6897c6b4,0.089,,,
2621,2026-08-07,SZ300122,1.215677688146426e-10,EXP_LGBModel_Alpha158_csi300_custom_step0_s_20260808_14,7f1866eb1cb64046aef890ac6897c6b4,0.089,,,
2622,2026-08-07,SZ300124,-0.0005834184708033181,EXP_LGBModel_Alpha158_csi300_custom_step0_s_20260808_14,7f1866eb1cb64046aef890ac6897c6b4,0.089,,,
2623,2026-08-07,SZ300251,-0.0017297621254830624,EXP_LGBModel_Alpha158_csi300_custom_step0_s_20260808_14,7f1866eb1cb64046aef890ac6897c6b4,0.089,,,
2624,2026-08-07,SZ300274,1.215677688146426e-10,EXP_LGBModel_Alpha158_csi300_custom_step0_s_20260808_14,7f1866eb1cb64046aef890ac6897c6b4,0.089,,,
2625,2026-08-07,SZ300308,0.0036242158330089657,EXP_LGBModel_Alpha158_csi300_custom_step0_s_20260808_14,7f1866eb1cb64046aef890ac6897c6b4,0.089,,,
2626,2026-08-07,SZ300316,1.215677688146426e-10,EXP_LGBModel_Alpha158_csi300_custom_step0_s_20260808_14,7f1866eb1cb64046aef890ac6897c6b4,0.089,,,
2627,2026-08-07,SZ300394,1.215677688146426e-10,EXP_LGBModel_Alpha158_csi300_custom_step0_s_20260808_14,7f1866eb1cb64046aef890ac6897c6b4,0.089,,,
2628,2026-08-07,SZ300408,-0.0005834184708033181,EXP_LGBModel_Alpha158_csi300_custom_step0_s_20260808_14,7f1866eb1cb64046aef890ac6897c6b4,0.089,,,
2629,2026-08-07,SZ300413,-0.0017297621254830624,EXP_LGBModel_Alpha158_csi300_custom_step0_s_20260808_14,7f1866eb1cb64046aef890ac6897c6b4,0.089,,,
2630,2026-08-07,SZ300418,-0.0029411922919376165,EXP_LGBModel_Alpha158_csi300_custom_step0_s_20260808_14,7f1866eb1cb64046aef890ac6897c6b4,0.089,,,
2631,2026-08-07,SZ300433,1.215677688146426e-10,EXP_LGBModel_Alpha158_csi300_custom_step0_s_20260808_14,7f1866eb1cb64046aef890ac6897c6b4,0.089,,,
2632,2026-08-07,SZ300442,-0.0005834184708033181,EXP_LGBModel_Alpha158_csi300_custom_step0_s_20260808_14,7f1866eb1cb64046aef890ac6897c6b4,0.089,,,
2633,2026-08-07,SZ300450,1.215677688146426e-10,EXP_LGBModel_Alpha158_csi300_custom_step0_s_20260808_14,7f1866eb1cb64046aef890ac6897c6b4,0.089,,,
2634,2026-08-07,SZ003816,1.215677688146426e-10,EXP_LGBModel_Alpha158_csi300_custom_step0_s_20260808_14,7f1866eb1cb64046aef890ac6897c6b4,0.089,,,
2635,2026-08-07,SZ300476,1.215677688146426e-10,EXP_LGBModel_Alpha158_csi300_custom_step0_s_20260808_14,7f1866eb1cb64046aef890ac6897c6b4,0.089,,,
2636,2026-08-07,SZ002938,-0.0029411922919376165,EXP_LGBModel_Alpha158_csi300_custom_step0_s_20260808_14,7f1866eb1cb64046aef890ac6897c6b4,0.089,,,
2637,2026-08-07,SZ002916,-0.0005834184708033181,EXP_LGBModel_Alpha158_csi300_custom_step0_s_20260808_14,7f1866eb1cb64046aef890ac6897c6b4,0.089,,,
2638,2026-08-07,SZ002422,-0.0029411922919376165,EXP_LGBModel_Alpha158_csi300_custom_step0_s_20260808_14,7f1866eb1cb64046aef890ac6897c6b4,0.089,,,
2639,2026-08-07,SZ002460,1.215677688146426e-10,EXP_LGBModel_Alpha158_csi300_custom_step0_s_20260808_14,7f1866eb1cb64046aef890ac6897c6b4,0.089,,,
2640,2026-08-07,SZ002463,-0.0005834184708033181,EXP_LGBModel_Alpha158_csi300_custom_step0_s_20260808_14,7f1866eb1cb64046aef890ac6897c6b4,0.089,,,
2641,2026-08-07,SZ002466,1.215677688146426e-10,EXP_LGBModel_Alpha158_csi300_custom_step0_s_20260808_14,7f1866eb1cb64046aef890ac6897c6b4,0.089,,,
2642,2026-08-07,SZ002475,0.0036242158330089657,EXP_LGBModel_Alpha158_csi300_custom_step0_s_20260808_14,7f1866eb1cb64046aef890ac6897c6b4,0.089,,,
2643,2026-08-07,SZ002493,-0.0029411922919376165,EXP_LGBModel_Alpha158_csi300_custom_step0_s_20260808_14,7f1866eb1cb64046aef890ac6897c6b4,0.089,,,
2644,2026-08-07,SZ002532,-0.0005834184708033181,EXP_LGBModel_Alpha158_csi300_custom_step0_s_20260808_14,7f1866eb1cb64046aef890ac6897c6b4,0.089,,,
2645,2026-08-07,SZ002558,-0.0029411922919376165,EXP_LGBModel_Alpha158_csi300_custom_step0_s_20260808_14,7f1866eb1cb64046aef890ac6897c6b4,0.089,,,
2646,2026-08-07,SZ002594,1.215677688146426e-10,EXP_LGBModel_Alpha158_csi300_custom_step0_s_20260808_14,7f1866eb1cb64046aef890ac6897c6b4,0.089,,,
2647,2026-08-07,SZ002600,1.215677688146426e-10,EXP_LGBModel_Alpha158_csi300_custom_step0_s_20260808_14,7f1866eb1cb64046aef890ac6897c6b4,0.089,,,
2648,2026-08-07,SZ002602,1.215677688146426e-10,EXP_LGBModel_Alpha158_csi300_custom_step0_s_20260808_14,7f1866eb1cb64046aef890ac6897c6b4,0.089,,,
2649,2026-08-07,SZ002625,0.0036242158330089657,EXP_LGBModel_Alpha158_csi300_custom_step0_s_20260808_14,7f1866eb1cb64046aef890ac6897c6b4,0.089,,,
2650,2026-08-07,SZ002648,-0.0029411922919376165,EXP_LGBModel_Alpha158_csi300_custom_step0_s_20260808_14,7f1866eb1cb64046aef890ac6897c6b4,0.089,,,
2651,2026-08-07,SZ002709,1.215677688146426e-10,EXP_LGBModel_Alpha158_csi300_custom_step0_s_20260808_14,7f1866eb1cb64046aef890ac6897c6b4,0.089,,,
2652,2026-08-07,SZ002714,-0.0029411922919376165,EXP_LGBModel_Alpha158_csi300_custom_step0_s_20260808_14,7f1866eb1cb64046aef890ac6897c6b4,0.089,,,
2653,2026-08-07,SZ002736,0.002964292485879471,EXP_LGBModel_Alpha158_csi300_custom_step0_s_20260808_14,7f1866eb1cb64046aef890ac6897c6b4,0.089,,,
2654,2026-08-07,SZ002837,1.215677688146426e-10,EXP_LGBModel_Alpha158_csi300_custom_step0_s_20260808_14,7f1866eb1cb64046aef890ac6897c6b4,0.089,,,
2655,2026-08-07,SZ002920,-0.0017297621254830624,EXP_LGBModel_Alpha158_csi300_custom_step0_s_20260808_14,7f1866eb1cb64046aef890ac6897c6b4,0.089,,,
2656,2026-08-07,SZ300498,-0.0029411922919376165,EXP_LGBModel_Alpha158_csi300_custom_step0_s_20260808_14,7f1866eb1cb64046aef890ac6897c6b4,0.089,,,
2657,2026-08-07,SZ300502,1.215677688146426e-10,EXP_LGBModel_Alpha158_csi300_custom_step0_s_20260808_14,7f1866eb1cb64046aef890ac6897c6b4,0.089,,,
2658,2026-08-07,SZ300628,0.001991970696514782,EXP_LGBModel_Alpha158_csi300_custom_step0_s_20260808_14,7f1866eb1cb64046aef890ac6897c6b4,0.089,,,
2659,2026-08-07,SH600025,0.0017002099182217949,EXP_LGBModel_Alpha158_csi300_custom_step0_s_20260808_14,60e65baeeac045d49538dc55b66568f6,0.16,,,
2660,2026-08-07,SH600026,-0.0031140595128186887,EXP_LGBModel_Alpha158_csi300_custom_step0_s_20260808_14,60e65baeeac045d49538dc55b66568f6,0.16,,,
2661,2026-08-07,SH600027,-0.00268264995429585,EXP_LGBModel_Alpha158_csi300_custom_step0_s_20260808_14,60e65baeeac045d49538dc55b66568f6,0.16,,,
2662,2026-08-07,SH600028,-0.004057667505929005,EXP_LGBModel_Alpha158_csi300_custom_step0_s_20260808_14,60e65baeeac045d49538dc55b66568f6,0.16,,,
2663,2026-08-07,SH600029,0.002643817911332112,EXP_LGBModel_Alpha158_csi300_custom_step0_s_20260808_14,60e65baeeac045d49538dc55b66568f6,0.16,,,
2664,2026-08-07,SH600030,0.007373217711482957,EXP_LGBModel_Alpha158_csi300_custom_step0_s_20260808_14,60e65baeeac045d49538dc55b66568f6,0.16,,,
2665,2026-08-07,SH600031,-0.0057906031692027075,EXP_LGBModel_Alpha158_csi300_custom_step0_s_20260808_14,60e65baeeac045d49538dc55b66568f6,0.16,,,
2666,2026-08-07,SH600036,0.0018445992198750025,EXP_LGBModel_Alpha158_csi300_custom_step0_s_20260808_14,60e65baeeac045d49538dc55b66568f6,0.16,,,
2667,2026-08-07,SH600039,-0.005263458265292811,EXP_LGBModel_Alpha158_csi300_custom_step0_s_20260808_14,60e65baeeac045d49538dc55b66568f6,0.16,,,
2668,2026-08-07,SH600048,-0.005904530488444791,EXP_LGBModel_Alpha158_csi300_custom_step0_s_20260808_14,60e65baeeac045d49538dc55b66568f6,0.16,,,
2669,2026-08-07,SH600050,-0.0007362223502111066,EXP_LGBModel_Alpha158_csi300_custom_step0_s_20260808_14,60e65baeeac045d49538dc55b66568f6,0.16,,,
2670,2026-08-07,SH600061,0.007373217711482957,EXP_LGBModel_Alpha158_csi300_custom_step0_s_20260808_14,60e65baeeac045d49538dc55b66568f6,0.16,,,
2671,2026-08-07,SH600066,-1.8693429972699314e-10,EXP_LGBModel_Alpha158_csi300_custom_step0_s_20260808_14,60e65baeeac045d49538dc55b66568f6,0.16,,,
2672,2026-08-07,SH600085,-0.0031140595128186887,EXP_LGBModel_Alpha158_csi300_custom_step0_s_20260808_14,60e65baeeac045d49538dc55b66568f6,0.16,,,
2673,2026-08-07,SH600089,-0.004212296208935898,EXP_LGBModel_Alpha158_csi300_custom_step0_s_20260808_14,60e65baeeac045d49538dc55b66568f6,0.16,,,
2674,2026-08-07,SH600104,-0.008449466587156354,EXP_LGBModel_Alpha158_csi300_custom_step0_s_20260808_14,60e65baeeac045d49538dc55b66568f6,0.16,,,
2675,2026-08-07,SH600111,-0.0034908078544626632,EXP_LGBModel_Alpha158_csi300_custom_step0_s_20260808_14,60e65baeeac045d49538dc55b66568f6,0.16,,,
2676,2026-08-07,SH600023,-1.8693429972699314e-10,EXP_LGBModel_Alpha158_csi300_custom_step0_s_20260808_14,60e65baeeac045d49538dc55b66568f6,0.16,,,
2677,2026-08-07,SH600019,0.0013442096322321523,EXP_LGBModel_Alpha158_csi300_custom_step0_s_20260808_14,60e65baeeac045d49538dc55b66568f6,0.16,,,
2678,2026-08-07,SH600018,0.007373217711482957,EXP_LGBModel_Alpha158_csi300_custom_step0_s_20260808_14,60e65baeeac045d49538dc55b66568f6,0.16,,,
2679,2026-08-07,SH600016,0.007373217711482957,EXP_LGBModel_Alpha158_csi300_custom_step0_s_20260808_14,60e65baeeac045d49538dc55b66568f6,0.16,,,
2680,2026-08-07,SZ300661,-0.0005834184708033181,EXP_LGBModel_Alpha158_csi300_custom_step0_s_20260808_14,7f1866eb1cb64046aef890ac6897c6b4,0.089,,,
2681,2026-08-07,SZ300750,0.0017832429341256022,EXP_LGBModel_Alpha158_csi300_custom_step0_s_20260808_14,7f1866eb1cb64046aef890ac6897c6b4,0.089,,,
2682,2026-08-07,SZ300760,1.215677688146426e-10,EXP_LGBModel_Alpha158_csi300_custom_step0_s_20260808_14,7f1866eb1cb64046aef890ac6897c6b4,0.089,,,
2683,2026-08-07,SZ300803,-0.0005834184708033181,EXP_LGBModel_Alpha158_csi300_custom_step0_s_20260808_14,7f1866eb1cb64046aef890ac6897c6b4,0.089,,,
2684,2026-08-07,SZ300832,-0.0029411922919376165,EXP_LGBModel_Alpha158_csi300_custom_step0_s_20260808_14,7f1866eb1cb64046aef890ac6897c6b4,0.089,,,
2685,2026-08-07,SZ300866,-0.0029411922919376165,EXP_LGBModel_Alpha158_csi300_custom_step0_s_20260808_14,7f1866eb1cb64046aef890ac6897c6b4,0.089,,,
2686,2026-08-07,SZ300896,-0.0029411922919376165,EXP_LGBModel_Alpha158_csi300_custom_step0_s_20260808_14,7f1866eb1cb64046aef890ac6897c6b4,0.089,,,
2687,2026-08-07,SZ300999,1.215677688146426e-10,EXP_LGBModel_Alpha158_csi300_custom_step0_s_20260808_14,7f1866eb1cb64046aef890ac6897c6b4,0.089,,,
2688,2026-08-07,SZ002384,1.215677688146426e-10,EXP_LGBModel_Alpha158_csi300_custom_step0_s_20260808_14,7f1866eb1cb64046aef890ac6897c6b4,0.089,,,
2689,2026-08-07,SZ301165,-0.0029411922919376165,EXP_LGBModel_Alpha158_csi300_custom_step0_s_20260808_14,7f1866eb1cb64046aef890ac6897c6b4,0.089,,,
2690,2026-08-07,SZ301269,-0.0005834184708033181,EXP_LGBModel_Alpha158_csi300_custom_step0_s_20260808_14,7f1866eb1cb64046aef890ac6897c6b4,0.089,,,
2691,2026-08-07,SZ301308,1.215677688146426e-10,EXP_LGBModel_Alpha158_csi300_custom_step0_s_20260808_14,7f1866eb1cb64046aef890ac6897c6b4,0.089,,,
2692,2026-08-07,SZ302132,-0.0017297621254830624,EXP_LGBModel_Alpha158_csi300_custom_step0_s_20260808_14,7f1866eb1cb64046aef890ac6897c6b4,0.089,,,
2693,2026-08-07,SH600000,-0.0038115400105702365,EXP_LGBModel_Alpha158_csi300_custom_step0_s_20260808_14,60e65baeeac045d49538dc55b66568f6,0.16,,,
2694,2026-08-07,SH600009,-0.004945022710231615,EXP_LGBModel_Alpha158_csi300_custom_step0_s_20260808_14,60e65baeeac045d49538dc55b66568f6,0.16,,,
2695,2026-08-07,SH600010,-1.8693429972699314e-10,EXP_LGBModel_Alpha158_csi300_custom_step0_s_20260808_14,60e65baeeac045d49538dc55b66568f6,0.16,,,
2696,2026-08-07,SH600011,0.0001154642197375177,EXP_LGBModel_Alpha158_csi300_custom_step0_s_20260808_14,60e65baeeac045d49538dc55b66568f6,0.16,,,
2697,2026-08-07,SH600015,-0.0016836310064576396,EXP_LGBModel_Alpha158_csi300_custom_step0_s_20260808_14,60e65baeeac045d49538dc55b66568f6,0.16,,,
2698,2026-08-07,SZ301236,-0.0029411922919376165,EXP_LGBModel_Alpha158_csi300_custom_step0_s_20260808_14,7f1866eb1cb64046aef890ac6897c6b4,0.089,,,
2699,2026-08-07,SZ302132,-0.04988904669880867,EXP_LinearModel_Alpha158_csi300_custom_step0_s_20260808_13,36db44d3712c466296cbac8a8913ec55,0.096,,,
